Reporter Name,Partner Name,Trade Flow,Indicator,2000,2001,2002,2003,2004,2005,2006,2007,2008,2009,2010,2011,2012,2013,2014,2015,2016,2017
China,Afghanistan,Export,Export Share in Total Products (%),3.3972,3.0676,5.1666,9.0411,8.9391,11.2142,10.1938,14.8709,16.0117,16.0863,19.1738,17.3531,20.435,18.8786,17.9806,22.8062,27.779,30.3017
China,Albania,Export,Export Share in Total Products (%),8.2118,9.5785,9.2788,12.9821,15.0676,18.339,17.5864,22.6848,27.4646,30.8245,31.3875,32.6131,34.0961,35.7902,37.2713,36.7697,39.3253,39.8276
China,Algeria,Export,Export Share in Total Products (%),20.9254,25.1461,29.5234,32.2866,39.1378,43.086,47.2831,48.9092,53.6043,50.0786,50.5164,49.8762,52.0163,54.1714,55.6585,55.2899,55.8297,56.6115
China,Andorra,Export,Export Share in Total Products (%),0.3543,0.2922,0.6959,1.0116,1.5004,2.8246,1.7481,1.5361,1.7741,2.4938,1.8635,1.8006,4.3725,1.4696,2.9139,3.2709,4.2789,4.3547
China,Angola,Export,Export Share in Total Products (%),7.8366,10.4967,14.1291,17.7871,19.9915,26.855,35.2148,37.7783,43.1395,44.6866,44.0054,45.9374,49.5469,51.5487,54.9808,52.1317,46.638,50.0567
China,Antigua and Barbuda,Export,Export Share in Total Products (%),0.8128,1.419,2.7204,1.7071,2.5571,4.1315,5.3286,5.6545,6.0409,8.0881,8.9582,7.9451,8.541,10.9654,13.2595,11.2339,10.5501,13.1776
China,Argentina,Export,Export Share in Total Products (%),36.4735,36.7487,27.3513,36.9442,42.0752,45.8685,50.2106,55.9216,58.6122,58.4588,61.4504,63.0655,61.0331,60.7506,61.4412,62.0573,63.3235,64.9127
China,Armenia,Export,Export Share in Total Products (%),2.2301,2.2955,2.0034,3.1191,5.3466,7.7361,10.6992,13.5797,16.7977,20.1752,23.8437,24.623,24.3543,24.5761,28.778,27.0923,27.1451,32.1615
China,Aruba,Export,Export Share in Total Products (%),4.9604,3.9441,3.1843,4.8683,3.5926,3.8786,,5.276,6.1307,7.4365,7.8132,10.4434,10.4214,11.4402,11.4299,14.753,13.5386,14.6065
China,Australia,Export,Export Share in Total Products (%),60.9629,63.0426,66.5542,67.9663,71.1327,72.6602,74.8315,77.0036,77.1839,77.3759,77.2115,78.5055,78.9533,79.5162,80.2801,80.2391,80.7109,80.6532
China,Austria,Export,Export Share in Total Products (%),24.0934,26.7321,28.4057,31.9494,33.8335,36.6568,39.0059,42.0303,43.2293,43.6756,43.1971,45.2172,45.1744,44.7434,45.855,45.9734,47.0002,47.7206
China,Azerbaijan,Export,Export Share in Total Products (%),2.3135,2.4833,2.1932,5.7323,6.4455,10.3921,13.4162,16.7409,20.9971,21.9501,23.6417,29.282,34.164,33.3936,31.85,30.5662,30.36,33.8399
China,"Bahamas, The",Export,Export Share in Total Products (%),2.1676,2.7755,3.3108,4.2782,4.5647,7.0826,10.1938,11.5316,12.733,13.233,13.5384,14.9223,16.8781,16.8212,17.1222,18.5427,16.278,22.7943
China,Bahrain,Export,Export Share in Total Products (%),13.9016,15.9015,18.0304,19.7682,22.8022,26.075,28.2224,32.8584,36.5821,38.4408,39.4701,39.6804,40.4395,42.8216,44.4093,44.5748,44.0797,44.3411
China,Bangladesh,Export,Export Share in Total Products (%),40.5586,42.717,43.9688,48.1981,51.6484,54.3845,54.9495,56.5004,59.3083,60.5482,62.2811,63.2005,64.7712,65.7698,67.8112,69.6594,70.7041,71.4901
China,Barbados,Export,Export Share in Total Products (%),3.7099,4.7788,6.8536,7.5237,7.2697,9.7597,11.6259,13.0899,12.8902,13.2779,13.1567,14.1121,15.9946,14.5376,16.7156,18.3397,23.7265,19.5056
China,Belarus,Export,Export Share in Total Products (%),2.9387,2.5876,6.5373,9.5469,11.2215,16.2099,21.8408,26.7364,30.7433,30.5325,35.4064,35.6516,36.9053,40.1311,40.8855,40.6046,41.2044,43.6834
China,Belgium,Export,Export Share in Total Products (%),43.5807,46.0768,48.8402,51.7808,55.4311,59.4646,62.7001,65.9394,67.011,65.7156,66.053,67.2519,66.8328,66.9455,67.6079,67.7194,67.6704,67.4076
China,Belize,Export,Export Share in Total Products (%),3.0221,4.904,6.0945,8.0927,8.3686,8.1788,8.5931,11.7097,12.4186,12.5365,11.2483,11.7488,11.2596,13.882,14.9537,16.3997,18.2477,19.9592
China,Benin,Export,Export Share in Total Products (%),16.0275,19.0526,17.3134,19.1149,21.8512,24.8314,29.8652,33.1923,32.989,33.6329,33.2735,34.7513,33.643,37.7798,37.452,38.9578,38.0122,35.9492
China,Bermuda,Export,Export Share in Total Products (%),1.3547,0.9808,1.1388,2.0653,2.7261,2.1501,1.7902,2.3598,4.5587,3.5722,3.9964,3.5787,3.874,4.4766,3.4561,5.3688,6.1127,7.3032
China,Bhutan,Export,Export Share in Total Products (%),0.0208,0.1252,0.4007,0.4215,0.2536,0.6745,0.3159,0.8014,1.1678,1.7524,2.4921,5.8744,5.5505,5.0418,6.0763,5.0981,7.3806,7.2352
China,Bolivia,Export,Export Share in Total Products (%),5.4398,5.2588,7.9081,8.7671,11.1792,11.6779,14.5956,18.3437,22.4568,23.7475,27.8401,29.8222,32.3516,34.6823,36.6162,38.5743,40.0724,42.0957
China,Bonaire,Export,Export Share in Total Products (%),,,,,,,,,,,,0.1801,0.2266,0.3617,0.2711,1.2181,2.1508,3.5609
China,Bosnia and Herzegovina,Export,Export Share in Total Products (%),1.7507,1.6486,2.6149,4.9104,6.3398,9.844,11.5206,14.8041,14.4846,12.896,14.5038,14.5622,15.7227,16.8438,19.8103,19.7158,21.6663,23.7922
China,Botswana,Export,Export Share in Total Products (%),6.7528,6.1144,7.4652,8.4932,11.1792,10.9191,12.2999,16.496,19.6272,22.3321,25.4378,29.0569,25.9855,25.1187,27.2193,27.6788,28.6393,29.281
China,Brazil,Export,Export Share in Total Products (%),37.9116,40.0668,41.1641,44.1728,48.6898,53.8997,59.3302,64.203,67.0559,67.9398,70.1841,71.5733,71.8623,72.123,71.8771,70.9226,70.2287,71.286
China,British Virgin Islands,Export,Export Share in Total Products (%),0.1042,0.1252,0.2741,0.4847,0.3381,0.6745,1.1794,1.5806,1.3474,1.011,2.2452,2.3858,2.3335,2.6905,2.8913,4.2184,5.6373,5.1939
China,Brunei,Export,Export Share in Total Products (%),11.3797,11.4357,14.0025,14.3098,16.082,17.1796,19.4398,23.13,24.927,26.9153,31.0956,32.8157,34.5039,36.6267,40.5466,40.7399,38.1481,41.6421
China,Bulgaria,Export,Export Share in Total Products (%),17.4448,18.3222,21.6786,26.2171,31.3398,35.2656,41.112,44.0784,46.4181,44.2148,44.1401,46.14,45.9221,47.8182,48.9722,49.0638,49.4453,50.4876
China,Burkina Faso,Export,Export Share in Total Products (%),2.0842,2.9215,3.7115,4.6365,5.5156,5.8811,6.5501,9.3945,10.1055,9.3462,11.2932,11.2086,13.3439,17.3412,16.0831,15.5425,18.0213,18.6664
China,Burundi,Export,Export Share in Total Products (%),2.7095,1.2104,2.636,3.6459,2.8318,3.7732,4.6757,5.6322,4.4015,6.2907,6.9376,10.1058,11.1917,13.7011,16.0605,15.0237,14.4895,14.7879
China,Cambodia,Export,Export Share in Total Products (%),25.9483,28.4641,27.7098,26.47,28.1065,31.1341,32.3505,36.0196,37.9295,36.3289,41.1091,44.677,47.8478,51.2096,54.8227,57.4554,59.1125,61.692
China,Cameroon,Export,Export Share in Total Products (%),11.9425,11.1227,13.5386,15.1949,17.2866,19.7723,23.3151,27.0036,29.7552,33.3858,34.5757,38.2849,41.0512,42.0303,45.2677,46.1087,45.755,45.9968
China,Canada,Export,Export Share in Total Products (%),54.2518,57.0326,59.8482,62.6976,66.399,68.1914,71.1036,73.1968,72.0638,71.7816,72.811,73.4414,74.1731,74.1804,74.9492,75.7726,77.0885,77.2964
China,Cape Verde,Export,Export Share in Total Products (%),4.7728,3.5267,2.8258,3.6881,3.6137,4.1737,4.2755,5.8326,8.6009,10.2898,12.1464,13.4819,13.7744,15.3516,18.4549,16.7832,19.5608,21.7283
China,Cayman Islands,Export,Export Share in Total Products (%),0.2918,0.5217,0.7803,0.6955,1.6906,1.3491,6.171,2.5601,2.1558,2.696,2.3125,1.8006,2.5827,2.7583,3.7045,4.9402,5.5241,5.9424
China,Central African Republic,Export,Export Share in Total Products (%),1.7924,2.8172,1.7081,2.1075,2.9163,2.8668,1.2848,2.382,6.6921,9.0766,9.7216,8.3502,8.1559,3.4818,3.4109,4.6244,8.6484,9.0724
China,Chad,Export,Export Share in Total Products (%),0.396,0.1669,0.3585,0.4426,1.7963,1.8761,3.2435,5.8549,7.6128,16.8726,21.0597,17.9158,20.6162,27.47,25.3445,21.5655,19.4249,21.9778
China,Chile,Export,Export Share in Total Products (%),37.5782,39.1277,42.1974,44.9315,48.3728,50.8853,55.5813,59.5948,61.1498,62.9072,64.9753,65.9464,66.3344,66.5159,67.5401,67.0652,68.2816,69.4035
China,Colombia,Export,Export Share in Total Products (%),21.8424,26.4816,31.0418,35.8693,40.2578,45.0464,49.1997,55.4987,56.5237,56.5042,58.5541,61.1974,62.1205,62.6272,63.6097,63.9296,64.8404,66.2509
China,Comoros,Export,Export Share in Total Products (%),0.7503,1.0851,1.3496,2.0443,2.5359,2.382,3.2435,3.6287,4.8731,3.3026,6.9151,6.7522,9.2207,9.4732,14.4793,13.5574,15.9158,15.99
China,"Congo, Dem. Rep.",Export,Export Share in Total Products (%),6.732,6.5943,7.887,9.0411,10.4396,12.4368,14.0691,15.8949,24.9495,32.914,35.6758,39.4553,40.5981,43.5903,46.1938,45.4094,45.0758,46.0422
China,"Congo, Rep.",Export,Export Share in Total Products (%),6.461,11.3105,12.927,17.2813,21.3652,24.4309,29.5703,33.0365,33.5504,29.6113,29.5914,32.0954,34.7304,38.2546,40.0497,39.5443,38.5556,37.242
China,Cook Islands,Export,Export Share in Total Products (%),0.4585,0.313,0.2531,2.0021,1.8597,1.5599,1.1163,1.87,2.358,2.9207,2.5595,3.4661,4.1459,4.3636,5.9634,5.3914,5.66,9.3899
China,Costa Rica,Export,Export Share in Total Products (%),15.4648,19.9082,21.6364,23.7092,27.4514,30.7968,33.8248,37.1327,38.7604,41.1818,42.6358,43.1015,44.0417,44.9243,45.6291,48.7255,48.8114,50.0113
China,Cote d'Ivoire,Export,Export Share in Total Products (%),12.3593,15.0459,16.3011,15.0263,18.7658,19.4351,22.3041,27.9608,29.4857,32.8466,33.6551,31.3302,36.9959,39.4529,41.6761,44.259,45.2117,45.8834
China,Croatia,Export,Export Share in Total Products (%),12.2759,14.4407,18.5365,21.6649,26.9653,31.8086,36.2468,41.3179,43.4988,42.6646,42.9502,44.767,44.4042,43.9069,45.1547,45.1387,45.0758,46.3144
China,Cuba,Export,Export Share in Total Products (%),19.5081,21.7654,20.9616,22.7819,24.4505,27.2766,30.0126,32.3909,35.7512,35.5201,38.0332,36.7319,37.8568,38.6842,39.9142,43.7627,43.8986,40.4627
China,Curaçao,Export,Export Share in Total Products (%),,,,,,,,,,,,16.1603,17.1726,17.6125,17.5288,20.3023,21.0777,21.5242
China,Cyprus,Export,Export Share in Total Products (%),21.4464,23.8105,26.3391,29.3572,30.2832,31.7032,34.1196,37.9564,39.4341,38.4857,38.4149,38.6226,37.6982,38.0059,38.1748,37.6269,39.3253,39.0565
China,Czech Republic,Export,Export Share in Total Products (%),24.4894,26.9616,30.852,36.5227,38.0811,40.4511,42.3336,47.9964,48.7986,47.0905,48.6978,50.0113,50.3851,51.3678,53.1059,52.6731,52.7507,53.3001
China,Denmark,Export,Export Share in Total Products (%),31.1588,33.8481,36.6934,39.6207,42.7303,46.9435,48.8837,51.5361,52.5713,51.9659,52.4248,52.7121,52.6507,52.6113,53.8514,53.8236,53.7922,54.1393
China,Djibouti,Export,Export Share in Total Products (%),8.837,10.2462,12.9692,13.1928,17.1809,19.9621,22.7043,25.3339,27.7566,31.184,33.4531,35.0439,38.7857,41.1485,42.173,46.2215,46.7059,48.7412
China,Dominica,Export,Export Share in Total Products (%),13.3806,18.0509,14.825,14.9631,16.5258,17.0953,19.6083,20.7035,20.1886,12.177,14.0997,14.7423,14.0236,14.9898,18.5227,16.4448,18.6552,16.1034
China,Dominican Republic,Export,Export Share in Total Products (%),15.2772,13.9816,21.0881,22.7187,27.8318,30.5228,34.0564,37.2217,39.1871,40.0359,42.9951,43.3941,44.2003,45.286,47.7524,48.3645,50.2604,50.9413
China,East Timor,Export,Export Share in Total Products (%),,,,4.0042,2.4303,2.1501,3.4962,8.0588,8.3988,12.0647,15.6938,15.5976,16.2211,16.4594,20.6912,23.8213,26.9866,27.3305
China,Ecuador,Export,Export Share in Total Products (%),18.6953,24.7705,29.2071,30.3688,33.5799,37.1627,40.7329,45.4141,46.9347,48.124,50.0898,52.217,53.8061,55.3697,56.4717,55.7861,56.0109,58.6981
China,"Egypt, Arab Rep.",Export,Export Share in Total Products (%),41.3089,41.5484,43.9055,46.6386,50.8453,54.7639,58.8458,63.1567,64.3162,64.727,65.7836,63.8533,64.522,64.4359,65.7782,66.614,66.4025,66.7952
China,El Salvador,Export,Export Share in Total Products (%),12.1509,16.3189,17.9882,20.9273,22.2527,24.7049,28.433,32.5245,32.5623,33.3633,34.5083,36.8895,37.1998,39.2268,40.637,41.8001,43.2873,44.4318
China,Equatorial Guinea,Export,Export Share in Total Products (%),3.1888,2.7755,3.7115,5.3319,8.2629,8.6847,11.2047,15.2493,19.2005,23.5453,25.0561,26.3561,27.6393,28.2161,31.1724,29.8895,26.3074,26.8995
China,Eritrea,Export,Export Share in Total Products (%),2.7095,4.3823,4.6183,2.6976,4.2054,3.1408,4.5703,5.1425,8.7806,9.8405,9.8788,15.395,13.1853,15.7811,20.6009,15.2042,16.8214,16.489
China,Estonia,Export,Export Share in Total Products (%),8.3576,11.0601,15.1835,19.3678,22.5909,27.4663,31.0236,35.1736,36.38,36.0144,37.5393,39.7479,40.8246,40.5155,41.9697,40.5143,41.4535,43.2298
China,Ethiopia(excludes Eritrea),Export,Export Share in Total Products (%),17.0696,21.8489,24.8208,26.9336,27.7473,30.6071,32.3505,39.1585,38.2439,37.4073,39.9192,40.3106,40.802,43.4773,48.159,49.1541,50.9169,53.9125
China,Faeroe Islands,Export,Export Share in Total Products (%),,,,,,,0.0632,0.4675,0.6288,0.5617,0.6511,0.3601,0.6797,0.6104,2.3492,2.6167,3.5544,3.5155
China,Fiji,Export,Export Share in Total Products (%),12.6094,15.505,15.9848,17.2813,19.3576,21.9224,22.957,23.8424,26.9257,30.1955,31.6569,32.253,35.7046,36.9659,39.5753,41.2813,44.5778,44.4772
China,Finland,Export,Export Share in Total Products (%),28.9912,32.3038,35.5546,38.8409,42.7303,46.5008,47.8728,51.6251,51.8527,52.1456,52.0656,53.815,53.4662,52.8148,52.7445,52.2896,51.2791,51.4856
China,Fm Sudan,Export,Export Share in Total Products (%),19.5915,23.0593,26.5289,29.1886,31.5934,35.6872,39.5956,44.5904,44.4419,45.3606,46.3628,47.2654,,,,,,
China,France,Export,Export Share in Total Products (%),50.2084,52.7755,54.0911,56.9652,59.7633,63.1535,65.3749,69.39,69.7956,70.2089,70.5209,70.4254,70.299,70.4047,71.1091,70.3812,71.4965,71.853
China,French Polynesia,Export,Export Share in Total Products (%),2.7928,4.0275,4.3442,7.1654,9.869,10.3499,12.4263,16.3624,16.7528,18.1308,18.9717,19.4688,20.2764,21.8178,22.6338,22.0844,23.2511,24.1098
China,Gabon,Export,Export Share in Total Products (%),5.3356,6.49,5.272,8.451,9.3829,12.2049,16.7018,18.4105,22.7936,22.1973,26.044,27.549,30.5392,32.6475,33.7926,34.3109,32.6466,34.3389
China,"Gambia, The",Export,Export Share in Total Products (%),6.3151,6.4065,6.938,8.5564,9.721,10.7083,11.4364,14.6483,15.0236,14.9629,14.863,16.4303,16.8328,18.9238,21.143,21.746,22.5492,25.584
China,Georgia,Export,Export Share in Total Products (%),2.8345,3.7354,3.5639,7.882,11.0101,15.5354,20.6192,29.163,30.5861,31.7232,33.7449,39.5904,41.9121,43.2738,44.2512,44.7327,45.3249,47.5618
China,Germany,Export,Export Share in Total Products (%),60.7753,61.7696,64.6984,67.2708,70.5833,74.2201,75.5897,78.7845,78.419,78.1397,79.075,79.4958,79.565,79.064,79.2184,79.3594,80.0317,79.7233
China,Ghana,Export,Export Share in Total Products (%),20.7586,23.6018,24.7364,28.2192,32.5232,35.1813,38.7953,44.4346,45.475,46.2368,46.767,49.8537,52.1976,52.2496,53.9869,55.1996,56.758,56.4981
China,Gibraltar,Export,Export Share in Total Products (%),0.8754,0.7095,0.717,0.9484,0.7819,0.7589,0.8635,1.2244,1.5495,1.4154,1.2348,2.0032,1.5179,1.2435,3.4561,3.4288,3.5092,4.0599
China,Greece,Export,Export Share in Total Products (%),35.2855,37.813,42.0076,44.8261,47.9713,50.7167,53.4751,57.057,56.7483,54.3249,53.7045,54.1976,53.0358,54.5557,55.9521,55.0643,57.9805,57.2692
China,Greenland,Export,Export Share in Total Products (%),0.4585,0.3756,0.1687,0.6533,0.5072,0.3794,0.6108,0.4007,0.3593,0.1573,0.4266,0.6302,0.5211,0.927,1.3101,1.0602,2.3545,2.5629
China,Grenada,Export,Export Share in Total Products (%),0.9379,0.313,0.8646,1.2434,1.2257,2.8035,4.781,4.5859,6.737,6.1559,6.7131,6.5046,8.3598,8.4332,15.1344,9.5872,12.882,14.4477
China,Guatemala,Export,Export Share in Total Products (%),18.3201,20.6594,24.7786,28.5985,32.1851,35.3078,39.2165,42.4533,43.9479,43.1588,45.5995,46.7252,48.5048,48.5869,50.7341,51.7031,52.7507,53.3681
China,Guinea,Export,Export Share in Total Products (%),8.316,9.0985,10.3121,12.8346,13.5461,16.4418,20.5771,24.3989,25.5109,23.7924,26.7625,27.594,31.3548,32.6927,34.4025,34.8071,37.4462,40.8029
China,Guinea-Bissau,Export,Export Share in Total Products (%),2.4385,2.0868,1.8136,2.9294,3.5292,3.9629,4.6335,6.634,4.6036,6.8749,6.1742,7.9676,12.8455,8.1167,10.052,7.6246,10.3917,8.8455
China,Guyana,Export,Export Share in Total Products (%),8.045,9.182,10.5863,9.9473,11.7498,13.3642,16.0278,19.4123,18.7289,20.1977,21.7557,24.0828,26.5292,28.6683,30.1107,29.1225,30.9486,32.411
China,Haiti,Export,Export Share in Total Products (%),3.96,4.9875,6.6006,7.0601,7.6289,8.9376,11.5838,13.6242,16.9549,19.8832,20.5658,22.9575,23.4481,25.5031,26.6998,27.0471,28.1413,30.1656
China,Holy See,Export,Export Share in Total Products (%),,,,,0.0423,,,0.0668,0.0449,0.0225,0.0225,,0.0227,,0.0904,0.0451,0.2943,0.6351
China,Honduras,Export,Export Share in Total Products (%),13.5473,13.8982,15.542,19.0095,21.2806,22.4073,26.8745,30.4319,31.417,29.4765,31.9264,35.3365,38.1513,38.232,37.6327,40.6722,42.0874,43.8648
China,"Hong Kong, China",Export,Export Share in Total Products (%),86.8904,86.4775,87.1784,87.2076,87.5951,87.6897,87.8475,88.2235,87.2895,86.2053,86.5514,86.4506,86.2483,86.3215,86.763,87.2547,86.6425,86.6863
China,Hungary,Export,Export Share in Total Products (%),27.7407,26.2312,29.9663,34.8156,36.8555,38.4275,41.7439,44.2787,45.4076,45.1359,44.7463,45.8699,44.9252,45.6025,47.3232,47.3945,48.1322,52.5289
China,Iceland,Export,Export Share in Total Products (%),4.9396,5.9891,7.6972,10.411,12.2992,14.8398,16.1963,18.4105,17.943,17.2321,20.1617,20.3241,20.435,21.0491,22.2724,24.5658,25.9226,25.2892
China,India,Export,Export Share in Total Products (%),45.9983,51.3356,55.8414,60.9905,65.1099,69.4351,72.1356,75.4007,76.1958,76.5895,77.7952,78.483,78.4776,78.3405,78.9925,78.8405,79.6468,80.8347
China,Indonesia,Export,Export Share in Total Products (%),60.1084,62.2496,64.9726,67.7766,70.6044,71.5852,73.0834,76.024,75.7691,75.8257,77.885,78.9332,79.0666,79.3127,80.1672,79.788,79.7374,80.5398
China,"Iran, Islamic Rep.",Export,Export Share in Total Products (%),29.8875,35.0793,42.6824,46.2592,51.2257,55.9233,59.8989,63.1567,63.8221,66.0975,66.996,68.8274,66.425,66.4707,69.8215,68.2833,69.2552,69.3581
China,Iraq,Export,Export Share in Total Products (%),5.0229,6.7404,6.7482,5.9431,10.0169,20.6155,25.5265,32.0347,35.2122,38.7553,44.4095,43.6867,47.1001,50.6896,51.1859,51.8159,52.23,54.1393
China,Ireland,Export,Export Share in Total Products (%),20.0917,21.7863,25.4534,28.8303,32.5866,35.7504,37.9949,41.919,42.4433,41.0919,41.0642,40.9408,41.1645,42.166,44.9288,44.9357,46.1626,45.2937
China,Israel,Export,Export Share in Total Products (%),39.975,42.4666,45.5926,48.725,53.339,55.059,58.6352,61.732,62.8116,62.3006,63.4037,63.6282,64.0689,64.8655,65.8008,66.975,67.5345,67.5437
China,Italy,Export,Export Share in Total Products (%),54.3143,57.4082,60.8182,63.5195,66.7371,69.9199,72.1356,74.5993,74.1298,73.4666,73.8662,74.8368,74.2864,74.1578,75.0621,74.9831,75.2547,75.8902
China,Jamaica,Export,Export Share in Total Products (%),11.3589,13.4391,14.9304,16.2698,19.3364,20.1728,22.9992,27.4711,27.8015,28.2633,29.4118,32.8832,34.2546,36.7624,37.8134,37.2434,38.5329,39.2152
China,Japan,Export,Export Share in Total Products (%),81.534,83.0134,83.6567,85.353,86.0313,86.2774,87.2157,87.1772,87.1323,86.4525,86.529,87.0583,87.4037,87.0902,86.379,86.8712,86.9821,86.4142
China,Jordan,Export,Export Share in Total Products (%),31.6173,33.9107,36.1451,37.3656,40.8495,43.3811,45.8509,49.7329,52.7285,54.4147,52.9187,55.0754,54.9388,57.3366,57.1041,55.9892,56.3957,56.4981
China,Kazakhstan,Export,Export Share in Total Products (%),18.4869,14.9624,22.6698,26.5121,31.0651,41.231,44.6293,51.0018,52.0773,52.0782,54.8496,55.458,56.6833,58.2184,59.9051,58.4706,58.1843,61.2611
China,Kenya,Export,Export Share in Total Products (%),22.03,25.1461,27.1194,31.4015,35.1648,37.0784,41.3648,46.26,47.4512,49.7192,51.7961,54.2651,55.7091,56.8392,59.4308,60.5233,60.9011,61.3291
China,Kiribati,Export,Export Share in Total Products (%),1.2505,0.48,0.6326,1.6017,2.3035,2.7403,2.9275,3.5841,3.0766,3.5722,4.3781,5.4243,5.6185,5.2001,7.7479,7.8051,10.6181,9.8435
China,"Korea, Dem. Rep.",Export,Export Share in Total Products (%),40.6211,45.1377,47.6592,49.5258,54.0152,60.5185,60.6571,60.886,60.9926,62.0759,67.198,66.2165,66.1985,64.3002,64.1066,63.4785,64.2518,64.958
China,"Korea, Rep.",Export,Export Share in Total Products (%),75.3856,77.212,79.5656,81.1591,82.5444,84.2538,85.6782,86.9101,86.0094,85.1494,85.2492,85.1227,85.4554,85.5076,86.3113,85.9012,86.552,85.7564
China,Kuwait,Export,Export Share in Total Products (%),25.2814,28.4641,31.1261,33.7619,35.989,39.5025,42.4179,47.5735,46.2834,48.5958,49.8204,49.7862,49.7281,50.8478,53.6255,53.0566,53.5431,53.6176
China,Kyrgyz Republic,Export,Export Share in Total Products (%),8.3993,8.6185,15.2678,18.7355,19.5689,25.8432,27.7591,31.5672,30.9454,34.8461,33.0938,35.0214,37.7889,39.9503,41.8116,42.9055,44.7815,45.7247
China,Lao PDR,Export,Export Share in Total Products (%),9.4831,11.1018,9.5108,11.6333,15.0042,15.3879,15.2064,18.5218,20.3458,24.062,27.5483,28.4267,33.3937,31.8788,33.5893,34.3109,35.703,41.6648
China,Latvia,Export,Export Share in Total Products (%),11.8174,14.3155,18.8317,23.2455,26.6061,30.9865,34.5619,39.4479,40.1752,37.632,42.1643,44.497,45.0838,46.0321,46.9618,45.3643,46.7285,46.7907
China,Lebanon,Export,Export Share in Total Products (%),29.0746,32.8464,34.8587,38.6512,41.1031,42.6433,43.9764,48.3526,50.7074,52.2355,53.6372,52.9822,53.1038,55.6862,55.8618,55.8989,56.5542,56.4981
China,Lesotho,Export,Export Share in Total Products (%),1.2922,2.0451,2.4462,3.372,3.191,3.204,4.0227,5.8103,9.0052,8.8519,8.1724,9.7007,13.9783,15.7359,18.6582,14.5274,13.3575,13.0415
China,Liberia,Export,Export Share in Total Products (%),4.2518,6.4065,4.4918,5.4373,8.9814,11.2142,13.3951,17.2752,20.256,20.1528,20.8801,24.3079,27.6846,31.1101,28.4843,30.3632,30.5185,31.4811
China,Libya,Export,Export Share in Total Products (%),8.1284,11.4983,17.9249,19.1359,22.2105,27.1922,30.7919,34.2609,40.2201,43.1364,44.8361,32.2305,40.6661,43.9069,43.2347,38.5292,35.8841,34.5203
China,Lithuania,Export,Export Share in Total Products (%),11.0671,15.6302,19.865,25.4373,29.142,32.8415,36.3732,41.0508,44.5991,43.406,46.1608,48.9309,50.725,51.2548,52.3379,49.921,50.9396,51.4402
China,Luxembourg,Export,Export Share in Total Products (%),3.7724,4.1528,4.7448,6.1328,7.1851,9.3803,11.0362,11.9546,12.194,12.1995,13.2465,14.1346,14.2728,13.4976,14.276,15.7004,16.8893,18.3035
China,Macao,Export,Export Share in Total Products (%),38.1826,40.8806,41.8811,45.6691,47.4429,49.0093,49.3892,50.1558,48.2371,47.0456,48.1141,48.3682,49.0485,50.3957,53.761,51.9062,52.9771,54.2753
China,"Macedonia, FYR",Export,Export Share in Total Products (%),3.2305,3.2346,4.3652,6.7018,8.0093,8.769,10.5097,14.3366,16.2362,14.918,14.7957,16.3853,17.8296,17.929,20.646,21.4302,23.0473,23.6335
China,Madagascar,Export,Export Share in Total Products (%),19.3831,21.7028,16.5542,23.3509,25.0211,27.1079,28.4962,32.9029,37.2558,37.6545,37.3821,37.8573,39.1708,41.1712,43.7994,43.4243,44.623,46.9494
China,Malawi,Export,Export Share in Total Products (%),3.5015,3.1511,4.9768,6.6386,7.8614,9.1695,12.0051,12.7783,16.7078,19.7933,19.4207,23.3851,24.4223,26.8822,28.9135,29.7767,30.2468,30.279
China,Malaysia,Export,Export Share in Total Products (%),63.2347,65.4007,67.8827,70.8114,72.8656,74.747,76.8324,79.5191,78.5987,78.9935,79.2546,80.2836,80.879,81.5284,81.8839,82.2468,81.8882,82.4223
China,Maldives,Export,Export Share in Total Products (%),2.2093,2.8589,5.5462,6.491,8.6855,10.1391,11.8997,14.7373,17.898,20.2876,22.0251,23.025,24.1504,25.8874,29.1168,33.9499,36.9255,38.807
China,Mali,Export,Export Share in Total Products (%),5.3981,5.5301,4.2598,6.2803,10.5875,13.6804,13.4162,13.2235,16.2138,20.2651,19.6228,23.9703,19.4382,21.5465,22.679,22.6709,25.4698,27.8294
China,Malta,Export,Export Share in Total Products (%),14.9646,16.1728,18.8528,19.726,21.4074,22.618,24.305,26.9145,28.6998,30.8245,30.9834,31.1726,32.0118,34.1623,33.4538,34.3109,33.8465,34.8378
China,Marshall Islands,Export,Export Share in Total Products (%),4.2518,3.9858,1.8979,4.8683,4.776,5.8179,4.6125,7.992,8.4213,6.0661,6.062,6.7522,5.9357,7.0993,7.9512,9.0458,11.2293,12.2477
China,Mauritania,Export,Export Share in Total Products (%),5.3356,6.2604,6.9802,9.2097,9.6365,10.2867,13.8585,15.5387,19.8967,20.3999,23.4621,25.7484,28.6815,30.7484,32.9343,32.2355,33.5975,35.8812
China,Mauritius,Export,Export Share in Total Products (%),24.01,23.727,27.8153,29.1675,31.8047,33.9587,37.0472,40.2271,41.6349,42.4399,44.5442,45.6898,47.5759,47.0947,49.1077,49.8985,51.0528,51.599
China,Mayotte,Export,Export Share in Total Products (%),,,,0.4215,0.7819,1.1594,1.2426,1.6696,3.1889,4.2238,4.9394,5.9869,7.0231,8.9532,,,,
China,Mexico,Export,Export Share in Total Products (%),37.1822,40.6928,45.6769,48.3667,51.4793,52.7192,57.8138,61.7542,63.3955,63.5588,65.559,67.6795,68.5773,69.5682,71.6061,71.1031,71.4286,72.0572
China,"Micronesia, Fed. Sts.",Export,Export Share in Total Products (%),2.5636,4.0067,1.434,3.8145,3.3178,3.7732,5.2654,4.2297,5.7265,5.1898,4.872,3.6912,4.9615,4.3409,10.0068,7.7825,8.422,13.0415
China,Moldova,Export,Export Share in Total Products (%),0.6253,1.6694,1.5183,1.8967,5.0085,6.9351,10.3623,15.2939,17.0222,16.0189,19.982,20.7517,24.6715,26.3622,28.0777,27.8818,26.0811,27.8748
China,Mongolia,Export,Export Share in Total Products (%),24.7603,26.7321,27.9629,30.98,33.0516,36.7411,38.353,40.3161,41.0285,41.9456,45.0831,48.4357,48.0743,48.2704,48.2946,50.1241,47.9285,51.2588
China,Montenegro,Export,Export Share in Total Products (%),,,,,,,,14.3143,19.4251,18.333,18.59,18.6135,20.2537,20.009,20.1717,24.1146,25.2207,25.4026
China,Montserrat,Export,Export Share in Total Products (%),,0.0417,0.0633,0.0421,0.0845,0.1897,0.1474,0.0668,0.2919,0.0674,0.0225,0.0675,0.0453,0.0904,0.4066,0.2481,0.6566,0.3402
China,Morocco,Export,Export Share in Total Products (%),26.907,28.5267,32.2438,34.6681,37.5528,41.0835,44.7978,47.3954,49.2926,49.2698,51.0103,51.9694,52.1296,52.4305,53.2867,53.1694,54.9015,55.9764
China,Mozambique,Export,Export Share in Total Products (%),9.108,12.3331,12.0202,13.5933,18.6602,21.9646,22.5569,27.5378,29.8001,35.8796,38.9088,37.3396,42.1613,44.3816,47.0522,47.5299,47.4077,47.3123
China,Myanmar,Export,Export Share in Total Products (%),35.7232,39.3573,42.9987,42.9294,44.2308,44.9199,44.9031,51.0908,48.0126,53.1341,53.7719,54.3327,57.3403,59.0549,60.9894,62.1701,62.7349,64.2776
China,Namibia,Export,Export Share in Total Products (%),6.4402,5.8013,7.4863,8.9568,11.3905,12.3735,12.321,17.008,19.5598,22.6017,23.7315,25.3883,27.4807,29.8214,33.4312,34.4462,32.4655,33.7038
China,Nauru,Export,Export Share in Total Products (%),0.5627,0.4174,0.2741,0.0421,0.1479,0.0211,,0.3562,0.0225,0.0674,0.0898,0.3826,0.6117,0.7913,2.6429,2.7521,2.5583,2.3815
China,Nepal,Export,Export Share in Total Products (%),15.9858,14.7955,16.2379,19.3256,19.6957,21.8381,22.9149,25.5343,25.9376,26.421,27.8177,32.208,33.0992,33.7102,37.1809,35.3936,38.1254,42.8895
China,Netherlands,Export,Export Share in Total Products (%),50.6669,52.6503,54.6816,58.3983,61.0735,64.7555,66.8913,70.5476,71.7045,70.8605,71.0373,71.4157,71.6357,72.1456,73.5713,72.637,73.6246,74.2118
China,Netherlands Antilles,Export,Export Share in Total Products (%),5.1897,4.7162,5.1877,6.6175,7.6289,9.1484,10.5518,11.398,13.6986,14.2665,14.7957,,,,,,,
China,New Caledonia,Export,Export Share in Total Products (%),4.2518,4.2362,4.9557,6.765,7.9459,10.3921,12.5527,15.5387,17.4489,18.8722,22.2946,23.7902,24.4903,25.4578,25.7059,26.0997,26.9414,26.3779
China,New Zealand,Export,Export Share in Total Products (%),40.0167,43.0718,47.617,51.2118,54.459,57.5464,59.0986,61.9991,62.4298,62.2332,63.9874,65.5863,65.3602,66.6968,68.6921,67.8096,68.4854,68.9499
China,Nicaragua,Export,Export Share in Total Products (%),7.2739,7.5751,10.1012,14.2466,15.0465,17.9595,20.535,22.7961,24.8372,23.725,25.6174,27.3689,29.7463,30.1379,32.618,34.5139,36.2463,37.6956
China,Niger,Export,Export Share in Total Products (%),1.9383,2.379,3.353,3.8988,5.5156,6.387,7.0977,8.5708,12.6656,21.2761,21.3067,23.5652,20.9107,23.4004,27.5582,23.5958,20.3532,18.6437
China,Nigeria,Export,Export Share in Total Products (%),31.1588,36.3314,40.1518,43.2455,43.3855,46.1214,47.8939,52.2262,53.8289,54.2575,56.2191,58.3165,58.2238,60.2984,62.1866,61.3354,60.969,61.9415
China,Norfolk Island,Export,Export Share in Total Products (%),0.1876,0.1878,0.1687,0.295,0.3593,0.1686,0.5265,1.2244,0.8534,0.4493,0.3592,0.2251,,,,,,0.998
China,Norway,Export,Export Share in Total Products (%),26.5527,28.1511,30.2404,33.5722,36.1158,38.6383,40.7119,44.6572,45.183,45.3381,45.5995,46.2525,45.99,45.2634,47.3007,46.9885,47.4983,47.2443
China,Occ.Pal.Terr,Export,Export Share in Total Products (%),4.7311,3.9858,3.9857,5.058,5.9383,6.5767,7.7928,11.0641,10.7568,12.0872,10.8666,11.5913,10.8971,17.0925,15.6088,17.2569,17.7496,21.0479
China,Oman,Export,Export Share in Total Products (%),10.0667,12.4583,13.8549,15.5743,18.7236,23.3558,26.1373,32.5022,34.2241,36.4637,38.6394,39.5003,40.9379,42.3468,44.3641,45.4997,47.1813,48.7639
China,"Other Asia, nes",Export,Export Share in Total Products (%),65.6107,67.0701,72.1004,73.4879,74.9789,75.8432,75.8425,77.9163,77.7004,77.8252,79.2771,79.6309,80.3126,80.4884,81.5225,80.6903,81.9108,82.1955
China,Pakistan,Export,Export Share in Total Products (%),41.4548,42.8005,50.4429,54.3941,57.7134,60.371,63.9006,65.9617,65.3717,66.2548,66.2101,67.3869,67.8523,68.7316,71.222,72.3438,73.3982,73.7129
China,Palau,Export,Export Share in Total Products (%),2.1259,2.8172,2.4673,2.6133,2.1555,2.6349,2.3799,2.3375,3.9524,2.5612,1.9758,2.5658,3.5795,4.5896,6.7088,9.6323,9.0559,9.6847
China,Panama,Export,Export Share in Total Products (%),29.7624,30.1753,34.0784,35.785,37.8276,38.8491,41.8703,47.2173,48.5515,47.787,49.5734,51.5192,52.3788,52.3174,51.7054,53.2596,53.8601,53.4588
China,Papua New Guinea,Export,Export Share in Total Products (%),14.9646,14.2321,15.078,15.5111,18.1741,20.2993,22.7254,27.0926,29.9349,32.4646,35.0022,34.9314,37.7662,39.5659,41.2243,42.319,42.4723,41.9823
China,Paraguay,Export,Export Share in Total Products (%),13.9642,13.9399,13.391,15.6164,19.5055,21.6273,25.1053,28.9181,33.483,32.8241,37.1801,39.1177,40.2583,42.0303,44.1157,45.3418,44.7815,46.2236
China,Peru,Export,Export Share in Total Products (%),25.5106,28.0885,33.7621,35.8483,37.7219,42.3904,47.7675,51.6696,55.3559,56.5266,58.7337,59.0367,61.0784,61.9037,62.1188,62.8017,63.3688,65.0941
China,Philippines,Export,Export Share in Total Products (%),53.4389,55.3631,59.0257,61.0116,63.0811,64.7976,66.6596,69.9688,71.7269,71.9389,72.811,73.9815,73.7653,74.9717,75.8527,76.2689,75.8207,76.6614
China,Poland,Export,Export Share in Total Products (%),30.7628,34.6202,37.7267,42.2972,46.2384,50.3162,54.0227,59.0383,59.5329,58.3689,60.3278,61.4675,62.2338,62.3106,63.6323,63.4108,65.2253,65.8426
China,Portugal,Export,Export Share in Total Products (%),26.0525,27.8172,29.9873,32.7503,36.1581,41.3364,44.3976,47.5067,48.7536,49.0901,49.8204,50.3264,49.5696,51.3,53.8514,53.7334,54.5619,55.2506
China,Qatar,Export,Export Share in Total Products (%),11.7132,12.7713,13.6229,16.4384,20.6255,25.0843,30.5181,34.862,37.6375,39.7663,41.3336,42.1562,42.9089,44.1782,46.3293,45.5673,46.7965,49.0814
China,Romania,Export,Export Share in Total Products (%),24.2601,26.4816,28.237,31.2329,37.7853,41.9477,47.3463,49.2654,52.0997,49.8989,50.0449,51.6993,51.2234,52.7018,54.5968,54.2296,54.3582,55.364
China,Russian Federation,Export,Export Share in Total Products (%),45.6232,48.6018,53.585,59.2202,61.1369,66.0202,69.3555,74.0427,74.8933,73.0622,75.0561,76.3673,77.4807,77.617,78.4956,77.8028,78.8544,79.1336
China,Rwanda,Export,Export Share in Total Products (%),2.5427,3.2137,3.5428,5.1633,4.3322,6.5556,7.0767,11.4871,11.0487,13.0982,14.9079,16.6329,19.0983,23.1291,24.3054,22.3099,23.6586,27.8521
China,Saint Pierre and Miquelon,Export,Export Share in Total Products (%),,,,,,0.0422,0.0632,0.089,,,,0.045,0.0227,0.0226,0.0678,0.2933,0.4981,0.8165
China,Samoa,Export,Export Share in Total Products (%),3.0846,2.9633,3.9646,4.1939,4.6069,5.6492,7.3505,9.2609,10.3526,11.9524,14.8181,14.7873,16.3344,16.6629,18.6131,20.0541,22.4134,21.1613
China,San Marino,Export,Export Share in Total Products (%),0.1876,0.3548,0.4007,0.4636,0.6551,,,0.9795,0.9656,1.0335,1.2124,1.1254,1.314,1.5148,2.8462,3.0228,2.6036,3.0392
China,Sao Tome and Principe,Export,Export Share in Total Products (%),0.1251,0.2087,0.3585,0.4215,0.5495,1.328,1.3269,1.7142,2.0211,2.2916,2.4023,2.8584,3.7834,4.3409,6.4604,6.1132,6.7467,9.6167
China,Saudi Arabia,Export,Export Share in Total Products (%),39.308,43.0509,46.4994,49.1465,50.7396,55.1433,58.9511,63.0232,64.3611,65.2662,65.1998,66.4641,67.1726,67.4881,67.9015,67.9675,68.3722,68.3829
China,Senegal,Export,Export Share in Total Products (%),9.3789,9.9958,11.493,12.9189,16.885,20.1096,23.9259,28.0499,30.631,31.6558,35.7656,37.9473,37.3811,39.0911,42.2408,44.3266,45.5966,46.269
China,"Serbia, FR(Serbia/Montenegro)",Export,Export Share in Total Products (%),13.6098,15.6302,18.5787,19.6417,23.3516,28.0143,31.7607,33.8825,36.7617,34.5091,35.2941,35.8091,37.1545,38.1189,39.6431,39.8376,41.5893,43.3432
China,Seychelles,Export,Export Share in Total Products (%),5.9817,6.177,4.8925,4.6154,3.6982,5.0801,7.2241,8.1033,9.9483,13.4801,14.0548,16.813,15.4282,15.8264,19.4488,20.4827,21.9832,22.2273
China,Sierra Leone,Export,Export Share in Total Products (%),5.4189,6.2813,8.0768,11.6333,16.4624,14.0177,14.385,14.8486,17.2243,17.4568,18.1859,21.5845,25.2832,25.1187,27.4904,28.3555,33.0088,32.1388
China,Singapore,Export,Export Share in Total Products (%),66.4027,67.6544,70.2446,71.844,74.1336,75.1054,76.8534,79.2965,77.678,78.0948,78.7158,78.438,78.5682,78.4988,79.3088,79.7203,79.2846,79.4284
China,Slovak Republic,Export,Export Share in Total Products (%),9.7749,11.0392,14.7195,19.4731,21.2595,23.672,26.6428,30.3428,32.9665,33.1836,33.8123,36.6194,35.3874,35.7224,37.0906,38.2134,37.7858,39.1018
China,Slovenia,Export,Export Share in Total Products (%),14.6311,16.0058,19.5065,23.0348,27.0076,31.4713,35.1095,39.8931,42.1514,41.4738,43.3543,46.005,46.126,47.2756,47.4588,48.545,50.5547,51.8485
China,Solomon Islands,Export,Export Share in Total Products (%),3.3139,5.6135,3.6904,5.4795,6.6145,8.7057,7.3083,9.2386,9.0501,11.7951,10.6646,11.7938,13.2533,13.9046,17.2803,21.0016,23.9076,25.2438
China,Somalia,Export,Export Share in Total Products (%),0.1876,0.3965,0.6326,1.3277,2.1344,3.0987,3.9806,5.3428,6.2205,7.9757,9.048,10.7585,12.5283,16.7986,20.1491,23.1446,26.4206,27.9655
China,South Africa,Export,Export Share in Total Products (%),46.5611,48.727,51.9823,57.5342,60.9045,62.9427,66.4912,68.2547,68.9423,69.1081,71.0822,71.6858,71.8623,71.8517,72.6225,72.7949,72.2436,72.919
China,South Sudan,Export,Export Share in Total Products (%),,,,,,,,,,,,,14.0236,16.369,15.6765,18.9488,16.844,18.122
China,Spain,Export,Export Share in Total Products (%),47.7282,50.48,53.2265,56.2276,59.869,64.629,67.123,69.9243,70.7388,69.1305,70.0269,71.1681,70.0045,70.269,71.3576,71.7573,72.0172,71.8757
China,Sri Lanka,Export,Export Share in Total Products (%),34.2434,36.8114,40.4682,43.2455,45.224,49.5784,51.4743,55.1425,55.6479,56.6165,60.0808,61.5125,62.0526,62.8533,64.1292,64.6515,64.9083,66.5003
China,St. Kitts and Nevis,Export,Export Share in Total Products (%),0.1667,0.2295,0.4429,0.4215,0.3804,1.075,1.4111,2.6046,2.2681,2.1344,2.6718,1.8681,3.1491,3.7079,4.5403,7.6021,6.6108,8.3919
China,St. Lucia,Export,Export Share in Total Products (%),1.8133,2.5042,2.7625,2.4025,2.6839,4.4899,4.9073,6.1888,7.1413,7.6612,8.0826,9.7907,10.2401,10.8976,12.2205,12.0009,13.6292,13.8807
China,St. Vincent and the Grenadines,Export,Export Share in Total Products (%),0.5419,1.0225,1.6027,1.4963,2.388,2.5084,3.4751,5.8103,3.9973,4.5608,6.2191,5.2667,5.6185,6.7375,6.9573,7.1509,8.3541,9.526
China,Sudan,Export,Export Share in Total Products (%),,,,,,,,,,,,,47.2814,48.8356,47.2555,48.0713,49.151,49.8526
China,Suriname,Export,Export Share in Total Products (%),12.9846,14.8998,13.4121,15.0263,16.2511,17.8331,18.2182,21.4604,23.8715,24.1294,25.1235,25.7934,27.5714,28.6457,28.8683,30.5888,27.8922,30.0068
China,Swaziland,Export,Export Share in Total Products (%),0.917,0.5217,1.0122,1.9389,2.5359,2.4663,2.3589,2.8272,3.9973,4.4709,6.3089,6.2795,5.7771,7.0766,8.403,9.6323,9.6898,10.8868
China,Sweden,Export,Export Share in Total Products (%),32.8679,34.015,36.356,40.0843,42.4768,45.8052,49.3682,52.894,53.8513,54.4147,53.974,54.3327,54.6896,55.234,55.4552,56.6885,56.3278,57.4733
China,Switzerland,Export,Export Share in Total Products (%),30.5127,31.6569,34.3948,37.2603,42.35,42.7277,45.9141,48.6643,50.0337,48.9553,50.3592,52.0369,51.6312,51.6844,52.3379,52.2896,52.6828,53.3908
China,Syrian Arab Republic,Export,Export Share in Total Products (%),22.2384,26.106,31.4003,34.3519,38.7151,41.9477,47.8307,51.7587,52.4366,54.3698,54.8271,50.9341,44.6987,37.2372,44.3415,44.5748,43.242,46.6092
China,Tajikistan,Export,Export Share in Total Products (%),2.1884,2.2538,2.4673,2.824,5.5368,12.3946,13.7953,18.4996,22.9508,25.2752,26.2236,28.7869,30.4486,33.258,37.0228,36.8825,38.9857,37.8544
China,Tanzania,Export,Export Share in Total Products (%),17.7366,19.929,21.763,25.9642,28.5714,32.9258,33.7826,38.5797,41.3429,43.8553,45.2627,46.9728,47.7798,51.7296,54.0547,53.7108,53.4073,54.298
China,Thailand,Export,Export Share in Total Products (%),58.3576,61.3105,65.7528,67.2919,70.8369,73.4823,75.1264,77.9831,78.5987,78.8137,80.1751,81.2514,81.604,81.3023,81.9291,82.2017,82.839,83.7378
China,Togo,Export,Export Share in Total Products (%),9.233,10.2671,11.1767,15.0474,18.6391,19.6037,21.6933,27.9831,29.598,31.1391,32.0611,32.9057,36.4069,37.7572,38.604,37.0855,36.6086,37.4235
China,Tonga,Export,Export Share in Total Products (%),5.5648,3.9441,4.555,5.3109,5.6847,5.0379,5.8972,7.146,11.0038,9.9978,10.5074,12.6266,12.0752,12.2993,15.8347,15.5651,17.9307,18.2354
China,Trinidad and Tobago,Export,Export Share in Total Products (%),11.2338,13.919,16.4066,19.9579,19.8436,22.5548,25.5265,29.163,31.8212,30.6448,32.3978,31.6228,32.4422,34.1171,36.3,38.7097,37.6047,37.5822
China,Tunisia,Export,Export Share in Total Products (%),19.4456,20.9516,23.1337,24.9947,28.1488,32.0616,34.5619,37.9564,41.3205,43.024,44.4769,44.9246,46.2619,47.3208,47.6847,48.6804,49.151,50.1928
China,Turkey,Export,Export Share in Total Products (%),38.1617,35.5801,43.3783,49.0622,53.4235,58.0944,63.5004,67.8762,67.8194,67.5803,69.6453,71.0331,70.5029,71.3091,72.0126,71.6896,71.4286,72.6695
China,Turkmenistan,Export,Export Share in Total Products (%),3.3556,2.7129,3.5428,5.2898,5.3466,5.4384,8.1087,12.1104,22.5691,29.7012,28.0422,25.9059,31.536,31.1327,33.2957,34.9425,29.8166,29.9388
China,Turks and Caicos Isl.,Export,Export Share in Total Products (%),0.1459,0.0209,,0.0421,0.0211,0.0843,0.5476,1.6251,0.9207,1.1009,1.4818,0.9903,0.6343,0.9496,1.1068,1.2633,2.7394,3.4475
China,Tuvalu,Export,Export Share in Total Products (%),,,0.0211,0.1475,0.2959,0.9064,1.032,1.4248,1.3474,1.2806,1.7737,4.3889,3.7381,1.8539,2.6203,3.4739,3.4186,4.3094
China,Uganda,Export,Export Share in Total Products (%),6.8153,6.4482,9.5951,11.844,13.3347,14.2074,16.5122,21.3045,23.1978,26.5109,28.0198,30.1823,31.0603,32.4667,34.9447,36.5215,39.0989,39.7823
China,Ukraine,Export,Export Share in Total Products (%),18.5077,22.1828,30.6411,35.49,41.4835,48.7142,54.1281,59.3722,60.7007,56.3918,59.6318,60.8823,61.5315,62.2202,60.8313,59.8466,61.9878,63.3023
China,United Arab Emirates,Export,Export Share in Total Products (%),48.7703,52.1285,55.4407,58.6934,62.426,65.2403,67.2494,70.2582,70.7164,70.5459,71.1495,71.7758,71.8396,73.0047,74.6103,73.5394,73.5341,73.1458
China,United Kingdom,Export,Export Share in Total Products (%),56.8362,59.0568,61.9359,63.7724,66.3779,69.3297,71.6512,73.7311,73.4786,73.0173,74.0907,74.0491,75.2832,75.6726,76.2819,76.4719,77.2244,77.183
China,United States,Export,Export Share in Total Products (%),76.5944,77.5042,79.8819,80.8008,82.7557,84.317,85.952,86.1086,85.5154,85.5313,85.5635,86.2705,86.8373,86.2989,86.8308,87.4351,88.1367,88.0925
China,Unspecified,Export,Export Share in Total Products (%),8.2326,6.8447,6.1788,8.4299,9.721,8.9798,9.941,11.9323,11.161,6.785,6.8029,5.8969,6.9098,7.0088,8.4933,8.3465,9.1238,6.6682
China,Uruguay,Export,Export Share in Total Products (%),24.1767,26.0017,23.5344,25.4162,29.3111,33.2841,37.321,41.3847,44.1725,46.0346,47.8671,50.5964,51.6991,52.9279,53.4899,54.0266,53.2941,54.1166
China,Uzbekistan,Export,Export Share in Total Products (%),8.3993,5.6553,9.2577,13.509,17.2443,21.6273,25.9056,32.8807,34.4038,39.2721,41.9847,42.4488,43.7698,48.6322,51.9765,51.658,52.547,57.5187
China,Vanuatu,Export,Export Share in Total Products (%),6.0025,5.3631,5.9258,4.9104,5.4945,7.5885,8.214,11.4648,11.4754,10.9414,14.4365,13.7295,15.6321,18.0194,19.4037,22.9416,26.9414,27.9428
China,Venezuela,Export,Export Share in Total Products (%),27.5531,32.2204,31.5268,28.6828,35.4607,40.5776,44.524,46.8388,48.4393,48.7531,50.2021,54.2426,56.2075,54.827,53.2867,51.2294,48.8114,45.9288
China,Vietnam,Export,Export Share in Total Products (%),50.0208,55.0501,63.6651,66.1749,68.3855,70.7209,72.4094,75.6456,76.8022,77.7129,78.6035,78.3029,78.908,79.7875,80.6867,81.7279,82.6806,83.579
China,Wallis and Futura Isl.,Export,Export Share in Total Products (%),,,,,,0.253,0.695,0.8014,1.3923,0.3145,0.2919,0.7202,0.2039,1.2435,2.6203,1.4212,0.566,1.0433
China,Western Sahara,Export,Export Share in Total Products (%),0.0208,0.2087,0.0633,0.0843,0.1479,0.1265,0.0421,0.2226,0.4716,0.0899,0.0449,0.1576,0.4531,0.1583,0.3614,0.2707,0.6566,0.7258
China,Yemen,Export,Export Share in Total Products (%),22.8429,24.1861,27.4146,28.8936,30.41,34.7808,36.5628,39.7596,40.9162,42.6196,44.0727,38.6901,42.0707,45.806,46.4423,37.7397,40.0724,42.1638
China,Zambia,Export,Export Share in Total Products (%),8.6911,10.3088,13.2012,11.8019,14.6027,16.7159,21.1457,26.2689,29.7103,29.1395,34.7104,37.3171,36.0897,37.9154,39.5753,38.9127,36.835,41.7328
China,Zimbabwe,Export,Export Share in Total Products (%),13.8599,11.8948,11.957,13.235,16.1665,17.6855,18.6394,22.195,21.4238,26.2862,32.6448,35.8542,37.1772,37.5085,37.9489,39.3187,38.3518,39.1699