Variable Name;.;.;.;Net personal wealth | equal-split adults | Average | Adults | constant 2015 local currency;Pre-tax national income  | equal-split adults | Average | Adults | constant 2015 local currency;Net private wealth | individuals | Average | Adults | constant 2015 local currency;Population | individuals | Population | Adults | population;National income price index | individuals | Indices | All Ages | population;PPP conversion factor, LCU per EUR | individuals | Exchange rates | All Ages | local currency per foreign currency;Market exchange rate, LCU per EUR | individuals | Exchange rates | All Ages | local currency per foreign currency;PPP conversion factor, LCU per USD | individuals | Exchange rates | All Ages | local currency per foreign currency;Market exchange rate, LCU per USD | individuals | Exchange rates | All Ages | local currency per foreign currency;PPP conversion factor, LCU per CNY | individuals | Exchange rates | All Ages | local currency per foreign currency;Market exchange rate, LCU per CNY | individuals | Exchange rates | All Ages | local currency per foreign currency
Variable Category;.;.;.;Average & total wealth;Average & total income;Average & total wealth;Other macro;Other macro;Other macro;Other macro;Other macro;Other macro;Other macro;Other macro
Variable Description;.;.;.;Average Net personal wealth. Net personal wealth is  the total value of non-financial and financial assets (housing, land, deposits, bonds, equities, etc.) held by households, minus their debts. . The personal or household sector - in the national accounts sense - includes all households and private individuals (including those living in institutions), as well as unincorporated enterprises whose accounts are not separated from those of the households who own them. The population is comprised of individuals over age 20.;Average Pre-tax national income . Pre-tax national income  is the sum of all pre-tax personal income flows accruing to the owners of the production factors, labor and capital, before taking into account the operation of the tax/transfer system, but after taking into account the operation of pension system. The central difference between personal factor income and pre-tax income is the treatment of pensions, which are counted on a contribution basis by factor income and on a distribution basis by pre-tax income. The population is comprised of individuals over age 20.;Average Net private wealth. Net private wealth is  the total value of non-financial and financial assets (housing, land, deposits, bonds, equities of corporations, etc.) held by private owners (households and foundations), minus their debts.  The private sector - in the national accounts sense - includes the personal sector (households) and the non-profit sector (foundations, religious organizations, etc.). In certain countries, availables sources do not allow to decompose the wealth owned by each of these two sub-sectors, and we only provide total net private wealth. The population is comprised of individuals over age 20.;Number of individuals in a group. The population is comprised of individuals over age 20. The base unit is the individual (rather than the household). This is equivalent to assuming no sharing of resources within couples.;Current national income adjusted by CPI, divided by national income of the base year adjusted by CPI. It measures the changes in the purchasing power of national income.;PPP conversion factor of curent local currency to current PPP EUR.;Official exchange rate of the local currency to EUR.;PPP conversion factor of current local currency to current USD.;Official exchange rate of the local currency to USD.;PPP conversion factor of current local currency to current PPP CNY.;Official exchange rate of the local currency to CNY.
Variable Decomposition;.;.;.;[Net personal wealth]=[Personal non-financial assets]+[Personal financial assets]-[Personal debt];Pre-tax national income =Pre-tax labor income [total pre-tax income ranking]+Pre-tax capital income [total pre-tax income ranking];[Net private wealth]=[Private non-financial assets]+[Private financial assets]-[Private debt];;;;;;;;
Variable Unit;.;.;.;"CNY; Chinese yuan | local currency | market";"CNY; Chinese yuan | local currency | market";"CNY; Chinese yuan | local currency | market";population;;local currency per foreign currency;local currency per foreign currency;local currency per foreign currency;local currency per foreign currency;local currency per foreign currency;local currency per foreign currency
Methodological Notes;.;.;.;;;;;From 1952 to 1979, we used the GDP deflator from Maddison & Wu (2017). From 1980 to 2015, we use the price index provided by the researchers (see source). In 2016, we carry the last inflation value forward.;Using the evolution of the price index relative to the reference country, we extrapolate the PPP from the 2011 ICP.;;Using the evolution of the price index relative to the reference country, we extrapolate the PPP from the 2011 ICP.;;Using the evolution of the price index relative to the reference country, we extrapolate the PPP from the 2011 ICP.;
Sources;.;.;.;"http://wid.world/document/t-piketty-l-yang-and-g-zucman-capital-accumulation-private-property-and-inequality-in-china-1978-2015-2016/ (Piketty, Thomas; Yang, Li and Zucman, Gabriel (2016). Capital Accumulation, Private Property and Rising Inequality in China, 1978-2015)";"http://wid.world/document/t-piketty-l-yang-and-g-zucman-capital-accumulation-private-property-and-inequality-in-china-1978-2015-2016/ (Piketty, Thomas; Yang, Li and Zucman, Gabriel (2016). Capital Accumulation, Private Property and Rising Inequality in China, 1978-2015)";"http://wid.world/document/t-piketty-l-yang-and-g-zucman-capital-accumulation-private-property-and-inequality-in-china-1978-2015-2016/ (Piketty, Thomas; Yang, Li and Zucman, Gabriel (2016). Capital Accumulation, Private Property and Rising Inequality in China, 1978-2015)";"WID.world computations using:  http://wid.world/document/t-piketty-l-yang-and-g-zucman-capital-accumulation-private-property-and-inequality-in-china-1978-2015-2016/ (Piketty, Thomas; Yang, Li and Zucman, Gabriel (2016). Capital Accumulation, Private Property and Rising Inequality in China, 1978-2015);  https://esa.un.org/unpd/wpp/ (UN World Population Prospects (2015).)";"WID.world computations using:  http://wid.world/document/t-piketty-l-yang-and-g-zucman-capital-accumulation-private-property-and-inequality-in-china-1978-2015-2016/ (Piketty, Thomas; Yang, Li and Zucman, Gabriel (2016). Capital Accumulation, Private Property and Rising Inequality in China, 1978-2015);  http://www.ggdc.net/maddison/articles/China_Maddison_Wu_22_Feb_07.pdf (Maddison, Angus and Wu, Harry. China�s Economic Performance: How Fast Has GDP Grown; How Big is it Compared to the USA? (2007). Series updated by Prof. Harry Wu.)";WID.world computations using:  http://stats.oecd.org/Index.aspx?DataSetCode=PPP2011 (OECD);;WID.world computations using:  http://stats.oecd.org/Index.aspx?DataSetCode=PPP2011 (OECD);WID.world computations;WID.world computations using:  http://stats.oecd.org/Index.aspx?DataSetCode=PPP2011 (OECD);WID.world computations
Variable Code;country;year;perc;ahweal992j;aptinc992j;apweal992i;npopul992i;inyixx999i;xlceup999i;xlceux999i;xlcusp999i;xlcusx999i;xlcyup999i;xlcyux999i
;CN-RU;2016;p0p100;;;;;1.0;4.37114143372;7.33943080902;3.33677434921;;1.0;
;CN-RU;2015;p0p100;116530.726692;23911.320455;116530.72221;4707366.01335;1.00611805916;4.43789720535;;3.40135169029;6.2284;1.0;1.0
;CN-RU;2014;p0p100;107675.733922;22897.0631703;107675.772511;4810364.5568;1.01227390766;4.51554965973;;3.45866775513;6.1428;1.0;1.0
;CN-RU;2013;p0p100;99452.5090749;21107.4082343;99452.5400887;4876293.6555;1.0076174736;4.53360891342;;3.50461483002;6.1932;1.0;1.0
;CN-RU;2012;p0p100;91891.2570809;19857.9414381;91891.2558645;4942941.37202;0.988504946232;4.50256299973;;3.49358963966;6.3125;1.0;1.0
;CN-RU;2011;p0p100;85064.9192895;18506.5786561;85064.9513761;5023521.6922;0.973927021027;4.49360847473;;3.50553607941;6.4588;1.0;1.0
;CN-RU;2010;p0p100;79780.3810263;17067.7261107;79780.4070337;5093854.96917;0.90118265152;4.20368671417;;3.31064081192;6.7695;1.0;1.0
;CN-RU;2009;p0p100;68851.7835394;15554.5339299;68851.802076;5236705.84144;0.842923879623;3.95777916908;;3.13458251953;6.831;1.0;1.0
;CN-RU;2008;p0p100;63544.7716346;14881.8263321;63544.7727721;5266629.4733;0.855151414871;4.05413818359;;3.20511698723;6.9451;1.0;1.0
;CN-RU;2007;p0p100;60253.4339656;14155.6486726;60253.4360142;5276751.34003;0.793243467808;3.83819484711;;3.03044581413;7.604;1.0;1.0
;CN-RU;2006;p0p100;53670.8579528;12752.0015457;53670.8558155;5320540.45978;0.737773180008;3.65890622139;;2.89368271828;7.9718;1.0;1.0
;CN-RU;2005;p0p100;49146.4394764;11656.7871657;49146.4558993;5363438.32614;0.713561117649;3.60788559914;;2.88473272324;8.1917;1.0;1.0
;CN-RU;2004;p0p100;43794.8811035;10922.6191105;43794.8813463;5449148.10485;0.684496998787;3.52725815773;;2.85625815392;8.2768;1.0;1.0
;CN-RU;2003;p0p100;40471.8186212;10259.0035413;40471.8186612;5483761.95266;0.641917347908;3.37159991264;;2.75217556953;8.277;1.0;1.0
;CN-RU;2002;p0p100;37707.7991676;9998.96300454;37707.8117583;5529181.64432;0.620499432087;3.33070135117;;2.71337270737;8.277;1.0;1.0
;CN-RU;2001;p0p100;35983.8158834;9930.57829381;35983.8253313;5557831.06306;0.620179414749;3.41105341911;;2.75358223915;8.277;1.0;1.0
;CN-RU;2000;p0p100;34931.9238932;9738.53249541;34931.936716;5562471.99775;0.609266459942;3.43243312836;;2.76673650742;8.2784;1.0;1.0
;CN-RU;1999;p0p100;33278.5448187;9975.22609756;33278.5475584;5645467.20788;0.57066488266;3.2607114315;;2.65051198006;8.2783;1.0;1.0
;CN-RU;1998;p0p100;31374.0415523;10139.4323277;31374.0450139;5678724.66267;0.564217746258;3.27647829056;;2.6580824852;8.2791;1.0;1.0
;CN-RU;1997;p0p100;28203.3820952;10091.9307035;28203.3763382;5693906.73271;0.560170769691;3.28721475601;;2.66764163971;8.2898;1.0;1.0
;CN-RU;1996;p0p100;24667.5636542;9951.46069147;24667.5710798;5696647.69632;0.526049256325;3.08041191101;;2.54825663567;8.3142;1.0;1.0
;CN-RU;1995;p0p100;21872.1859177;9403.41190478;21872.1850298;5662639.42946;0.476309329271;2.86168980598;;2.34935951233;8.351;1.0;1.0
;CN-RU;1994;p0p100;20632.1960507;9137.10530932;20632.198506;5563611.236;0.397725343704;;;2.00271081924;8.6187;1.0;1.0
;CN-RU;1993;p0p100;20333.8387872;8871.56073596;20333.837382;5514366.89754;0.31393289566;;;1.61435782909;5.762;1.0;1.0
;CN-RU;1992;p0p100;19199.1103564;9271.22965785;19199.1143035;5409027.51273;0.24741576612;;;1.30261838436;5.5146;1.0;1.0
;CN-RU;1991;p0p100;16988.077452;8777.63372502;16988.0806948;5320289.39074;0.225857704878;;;1.21623778343;5.3233;1.0;1.0
;CN-RU;1990;p0p100;16249.9921444;8442.29832976;16249.9924533;5190014.39437;0.21780307591;;;1.21174824238;4.7832;1.0;1.0
;CN-RU;1989;p0p100;15899.8673891;8911.06077112;15899.8699293;4987345.08;0.192226737738;;;1.10916388035;3.7651;1.0;1.0
;CN-RU;1988;p0p100;16123.7206507;9813.40062514;16123.7236613;4909556.30286;0.162185832858;;;0.972211003304;3.7221;1.0;1.0
;CN-RU;1987;p0p100;15569.4209909;9352.98427959;15569.4202885;4835901.77768;0.140287548304;;;0.870422244072;3.7221;1.0;1.0
;CN-RU;1986;p0p100;14805.6516006;8998.50123467;14805.6534625;4720736.42803;0.131122991443;;;0.833459854126;3.4528;1.0;1.0
;CN-RU;1985;p0p100;14018.9724509;9119.40108264;14018.9724183;4612372.86209;0.12426148355;;;0.805865645409;2.9367;1.0;1.0
;CN-RU;1984;p0p100;12273.4437981;7802.86932751;12273.4448035;4502977.75527;0.121412403882;;;0.812570154667;2.327;1.0;1.0
;CN-RU;1983;p0p100;10709.4988684;6639.95883271;10709.4998609;4439062.89819;0.122993156314;;;0.852389097214;1.9757;1.0;1.0
;CN-RU;1982;p0p100;8777.11998448;6039.53779428;8777.1203898;4322870.31043;0.121665604413;;;0.876410543919;1.8926;1.0;1.0
;CN-RU;1981;p0p100;7355.13416604;5803.50288013;7355.1344294;4308150.53102;0.119999222457;;;0.917097687721;1.7051;1.0;1.0
;CN-RU;1980;p0p100;6638.68344908;5540.92745996;6638.68499664;4290033.87943;0.118319042027;;;0.989193558693;1.4983999729;1.0;
;CN-RU;1979;p0p100;6242.49395219;5360.3799893;6242.49372161;4262104.04157;0.111236691475;;;1.01411151886;1.5549999475;1.0;
;CN-RU;1978;p0p100;5902.18167976;5142.78291033;5902.18200836;4260324.72757;0.106132820249;;;1.04744243622;1.6835999489;1.0;
;CN-RU;1977;p0p100;;;;;0.10364356637;;;1.09466183186;1.8578238487;1.0;
;CN-RU;1976;p0p100;;;;;0.10231667012;;;1.14752614498;1.9414000511;1.0;
;CN-RU;1975;p0p100;;;;;0.0982347279787;;;1.16224622726;1.8597999811;1.0;
;CN-RU;1974;p0p100;;;;;0.0970627889037;;;1.25503325462;1.9611999989;1.0;
;CN-RU;1973;p0p100;;;;;0.0962822958827;;;1.35643720627;1.9894160032;1.0;
;CN-RU;1972;p0p100;;;;;0.0944701060653;;;1.40326011181;2.2450668812;1.0;
;CN-RU;1971;p0p100;;;;;0.0942314565182;;;1.46032130718;2.4618093967;1.0;
;CN-RU;1970;p0p100;;;;;0.0912785157561;;;1.48641455173;2.4618093967;1.0;
;CN-RU;1969;p0p100;;;;;0.0894161686301;;;1.53294968605;2.4618093967;1.0;
;CN-RU;1968;p0p100;;;;;0.0897425562143;;;1.61422944069;2.4618093967;1.0;
;CN-RU;1967;p0p100;;;;;0.0888384133577;;;1.66589474678;2.4618093967;1.0;
;CN-RU;1966;p0p100;;;;;0.0864890292287;;;1.6689684391;2.4618093967;1.0;
;CN-RU;1965;p0p100;;;;;0.0857431814075;;;1.70109546185;2.4618093967;1.0;
;CN-RU;1964;p0p100;;;;;0.0802258774638;;;1.6207754612;2.4618093967;1.0;
;CN-RU;1963;p0p100;;;;;0.0780563950539;;;1.60112798214;2.4618093967;1.0;
;CN-RU;1962;p0p100;;;;;0.0832939445972;;;1.72781467438;2.4618093967;1.0;
;CN-RU;1961;p0p100;;;;;0.0940511375666;;;1.97497403622;2.4618093967;1.0;
;CN-RU;1960;p0p100;;;;;0.0762882083654;;;1.61962258816;2.4618093967;1.0;
