Variable Name;.;.;.;Fiscal income  | tax unit | Average | Adults | constant 2015 local currency;Fiscal income  | tax unit | Threshold | Adults | constant 2015 local currency;Fiscal income  | tax unit | Total | Adults | constant 2015 local currency;Fiscal income  | tax unit | Share | Adults | share of total (ratio);Pre-tax national income  | tax unit | Share | Adults | share of total (ratio)
Variable Category;.;.;.;Income inequality;Income inequality;Income inequality;Income inequality;Income inequality
Variable Description;.;.;.;Average Fiscal income within a given percentile group. Fiscal income is defined as the sum of all income items reported on income tax returns, before any deduction. It includes labour income, capital income and mixed income. The concept of fiscal income varies with national tax legislations, so in order to make international comparisons it is preferable to use the concept of national income. The population is comprised of individuals over age 20. The base unit is the tax unit defined by national fiscal administrations to measure personal income taxes.;Fiscal income threshold value at a given percentile.  Fiscal income is defined as the sum of all income items reported on income tax returns, before any deduction. It includes labour income, capital income and mixed income. The concept of fiscal income varies with national tax legislations, so in order to make international comparisons it is preferable to use the concept of national income. The population is comprised of individuals over age 20. The base unit is the tax unit defined by national fiscal administrations to measure personal income taxes.;Total Fiscal income  within a given percentile group. Fiscal income is defined as the sum of all income items reported on income tax returns, before any deduction. It includes labour income, capital income and mixed income. The concept of fiscal income varies with national tax legislations, so in order to make international comparisons it is preferable to use the concept of national income. The population is comprised of individuals over age 20.;Fiscal income share held by a given percentile group. Fiscal income is defined as the sum of all income items reported on income tax returns, before any deduction. It includes labour income, capital income and mixed income. The concept of fiscal income varies with national tax legislations, so in order to make international comparisons it is preferable to use the concept of national income. The population is comprised of individuals over age 20. The base unit is the tax unit defined by national fiscal administrations to measure personal income taxes.;Pre-tax national income share held by a given percentile group. Pre-tax national income  is the sum of all pre-tax personal income flows accruing to the owners of the production factors, labor and capital, before taking into account the operation of the tax/transfer system, but after taking into account the operation of pension system. The central difference between personal factor income and pre-tax income is the treatment of pensions, which are counted on a contribution basis by factor income and on a distribution basis by pre-tax income. The population is comprised of individuals over age 20. The base unit is the tax unit defined by national fiscal administrations to measure personal income taxes.
Variable Decomposition;.;.;.;[Fiscal income ]=[Fiscal labour income ]+[Fiscal capital income ];[Fiscal income ]=[Fiscal labour income ]+[Fiscal capital income ];[Fiscal income ]=[Fiscal labour income ]+[Fiscal capital income ];[Fiscal income ]=[Fiscal labour income ]+[Fiscal capital income ];Pre-tax national income =Pre-tax labor income [total pre-tax income ranking]+Pre-tax capital income [total pre-tax income ranking]
Variable Unit;.;.;.;"USD; United States dollar | local currency | market";"USD; United States dollar | local currency | market";"USD; United States dollar | local currency | market";share;share
Methodological Notes;.;.;.;;;;;Assuming the same distribution as fiscal income.
Sources;.;.;.;Frank, Sommeiller, Price & Saez (2015);Frank, Sommeiller, Price & Saez (2015);Frank, Sommeiller, Price & Saez (2015);Frank, Sommeiller, Price & Saez (2015);WID.world computations using: Frank, Sommeiller, Price & Saez (2015)
Variable Code;country;year;perc;afiinc992t;tfiinc992t;mfiinc992t;sfiinc992t;sptinc992t
;US-NY;2014;p0p100;69204.953125;;7.56075462656e+11;;
;US-NY;2014;p99p100;;548793.875;;0.3236083388;0.3236083388
;US-NY;2014;p99.9p100;;3145199.5;;0.1842981577;0.1842981577
;US-NY;2014;p99.99p100;;17984934.0;;0.1017263904;0.1017263904
;US-NY;2014;p90p100;;137055.90625;;0.6003220677;0.6003220677
;US-NY;2014;p90p91;420860.3125;;;;
;US-NY;2014;p95p96;684215.4375;;;;
;US-NY;2014;p90p95;157505.1875;137055.90625;;0.1111385822;0.1111385822
;US-NY;2014;p95p99;289133.625;191036.703125;;0.1658798605;0.1658798605
;US-NY;2014;p99.5p99.9;1548298.0;929706.125;;0.0892008319;0.0892008319
;US-NY;2014;p99.9p99.99;6164390.5;3145199.5;;0.0816258788;0.0816258788
;US-NY;2014;p99p99.5;699025.625;548793.875;;0.0499058105;0.0499058105
;US-NY;2014;p95p100;;191036.703125;;0.4896608591;0.4896608591
;US-NY;2014;p0p90;30132.1386719;;;0.4005226493;0.4005226493
;US-NY;2014;p0p99;47029.828125;;;0.6763916612;0.6763916612
;US-NY;2014;p99.5p100;;929706.125;;0.2737171948;0.2737171948
;US-NY;2014;p99.5p99.6;3830059.75;;;;
;US-NY;2014;p99.99p99.991;74091552.0;;;;
;US-NY;2014;p99.9p99.91;12957107.0;;;;
;US-NY;2014;p99p99.1;2264542.75;;;;
;US-NY;2013;p0p100;67391.0859375;;7.22816663552e+11;;
;US-NY;2013;p99p100;;540121.5;;0.306419462;0.306419462
;US-NY;2013;p99.9p100;;2973911.75;;0.1695674807;0.1695674807
;US-NY;2013;p99.99p100;;16477321.0;;0.0927172899;0.0927172899
;US-NY;2013;p90p100;;138490.296875;;0.5873522162;0.5873522162
;US-NY;2013;p90p91;404279.8125;;;;
;US-NY;2013;p95p96;649115.1875;;;;
;US-NY;2013;p90p95;159444.46875;138490.296875;;0.1139928401;0.1139928401
;US-NY;2013;p95p99;287865.03125;190393.53125;;0.1678350568;0.1678350568
;US-NY;2013;p99.5p99.9;1481299.5;898675.625;;0.0864655226;0.0864655226
;US-NY;2013;p99.9p99.99;5746079.0;2973911.75;;0.076532498;0.076532498
;US-NY;2013;p99p99.5;683823.0;540121.5;;0.0503184311;0.0503184311
;US-NY;2013;p95p100;;190393.53125;;0.4740761518;0.4740761518
;US-NY;2013;p0p90;29959.0078125;;;0.4121383727;0.4121383727
;US-NY;2013;p0p99;46919.125;;;0.6935805678;0.6935805678
;US-NY;2013;p99.5p100;;898675.625;;0.2559995949;0.2559995949
;US-NY;2013;p99.5p99.6;3504408.5;;;;
;US-NY;2013;p99.99p99.991;64253732.0;;;;
;US-NY;2013;p99.9p99.91;11596844.0;;;;
;US-NY;2013;p99p99.1;2094115.75;;;;
;US-NY;2012;p0p100;68756.703125;;7.22996559872e+11;;
;US-NY;2012;p99p100;2190508.0;;;0.3185882866;0.3185882866
;US-NY;2012;p99.9p100;12298781.0;;;0.1788739264;0.1788739264
;US-NY;2012;p99.99p100;65389860.0;;;0.095103249;0.095103249
;US-NY;2012;p90p100;;;;0.5902161598;0.5902161598
;US-NY;2012;p90p91;405813.15625;;;;
;US-NY;2012;p95p96;662304.625;;;;
;US-NY;2012;p95p100;;;;0.481629163;0.481629163
;US-NY;2012;p99.5p100;3696089.0;;;0.2687802613;0.2687802613
;US-NY;2011;p0p100;65008.8320312;;6.87909044224e+11;;
;US-NY;2011;p99p100;1877023.375;;;0.2887336016;0.2887336016
;US-NY;2011;p99.9p100;10055322.0;;;0.1546762437;0.1546762437
;US-NY;2011;p99.99p100;52237564.0;;;0.0803545639;0.0803545639
;US-NY;2011;p90p100;;;;0.566155076;0.566155076
;US-NY;2011;p90p91;368050.8125;;;;
;US-NY;2011;p95p96;590036.6875;;;;
;US-NY;2011;p95p100;;;;0.4538127482;0.4538127482
;US-NY;2011;p99.5p100;3115459.25;;;0.2396181673;0.2396181673
;US-NY;2010;p0p100;64598.1757812;;6.8184408064e+11;;
;US-NY;2010;p99p100;1878331.75;;;0.2907716334;0.2907716334
;US-NY;2010;p99.9p100;10265051.0;;;0.1589062065;0.1589062065
;US-NY;2010;p99.99p100;55822804.0;;;0.0864154473;0.0864154473
;US-NY;2010;p90p100;;;;0.564960897;0.564960897
;US-NY;2010;p90p91;364954.4375;;;;
;US-NY;2010;p95p96;585992.4375;;;;
;US-NY;2010;p95p100;;;;0.4535673261;0.4535673261
;US-NY;2010;p99.5p100;3130134.0;;;0.2422772795;0.2422772795
;US-NY;2009;p0p100;62738.7929688;;6.43508207616e+11;;
;US-NY;2009;p99p100;1693629.375;;;0.269949317;0.269949317
;US-NY;2009;p99.9p100;9658675.0;;;0.1539505869;0.1539505869
;US-NY;2009;p99.99p100;56482512.0;;;0.0900280476;0.0900280476
;US-NY;2009;p90p100;;;;0.5496913791;0.5496913791
;US-NY;2009;p90p91;344869.75;;;;
;US-NY;2009;p95p96;546941.0625;;;;
;US-NY;2009;p95p100;;;;0.4358873963;0.4358873963
;US-NY;2009;p99.5p100;2826541.25;;;0.2252626419;0.2252626419
;US-NY;2008;p0p100;69249.359375;;6.99185758208e+11;;
;US-NY;2008;p99p100;2089846.0;;;0.3017856479;0.3017856479
;US-NY;2008;p99.9p100;12456431.0;;;0.1798779368;0.1798779368
;US-NY;2008;p99.99p100;72380344.0;;;0.1045213193;0.1045213193
;US-NY;2008;p90p100;;;;0.5709874034;0.5709874034
;US-NY;2008;p90p91;395405.125;;;;
;US-NY;2008;p95p96;641376.0;;;;
;US-NY;2008;p95p100;;;;0.4630917013;0.4630917013
;US-NY;2008;p99.5p100;3556042.0;;;0.2567563355;0.2567563355
;US-NY;2007;p0p100;75478.8125;;7.57468758016e+11;;
;US-NY;2007;p99p100;2662566.0;;;0.3527567685;0.3527567685
;US-NY;2007;p99.9p100;16879002.0;;;0.2236256897;0.2236256897
;US-NY;2007;p99.99p100;100744792.0;;;0.1334742755;0.1334742755
;US-NY;2007;p90p100;;;;0.6073347926;0.6073347926
;US-NY;2007;p90p91;458409.09375;;;;
;US-NY;2007;p95p96;765141.5;;;;
;US-NY;2007;p95p100;;;;0.5068584681;0.5068584681
;US-NY;2007;p99.5p100;4638851.0;;;0.3072949052;0.3072949052
;US-NY;2006;p0p100;70586.1328125;;6.98881081344e+11;;
;US-NY;2006;p99p100;2270483.5;;;0.3216614127;0.3216614127
;US-NY;2006;p99.9p100;13549967.0;;;0.1919635832;0.1919635832
;US-NY;2006;p99.99p100;75042368.0;;;0.1063131914;0.1063131914
;US-NY;2006;p90p100;;;;0.5846328735;0.5846328735
;US-NY;2006;p90p91;412669.71875;;;;
;US-NY;2006;p95p96;676784.125;;;;
;US-NY;2006;p95p100;;;;0.4794030488;0.4794030488
;US-NY;2006;p99.5p100;3888357.25;;;0.2754335403;0.2754335403
;US-NY;2005;p0p100;67120.90625;;6.63147773952e+11;;
;US-NY;2005;p99p100;2028933.75;;;0.3022804558;0.3022804558
;US-NY;2005;p99.9p100;11819761.0;;;0.1760965884;0.1760965884
;US-NY;2005;p99.99p100;64141316.0;;;0.0955608562;0.0955608562
;US-NY;2005;p90p100;;;;0.566949904;0.566949904
;US-NY;2005;p90p91;380541.90625;;;;
;US-NY;2005;p95p96;619339.5;;;;
;US-NY;2005;p95p100;;;;0.4613610804;0.4613610804
;US-NY;2005;p99.5p100;3442851.0;;;0.2564663887;0.2564663887
;US-NY;2004;p0p100;62688.5898438;;6.1833150464e+11;;
;US-NY;2004;p99p100;1790633.625;;;0.2856394649;0.2856394649
;US-NY;2004;p99.9p100;10136673.0;;;0.1616988331;0.1616988331
;US-NY;2004;p99.99p100;54937100.0;;;0.0876349285;0.0876349285
;US-NY;2004;p90p100;;;;0.5602815747;0.5602815747
;US-NY;2004;p90p91;351232.59375;;;;
;US-NY;2004;p95p96;563955.25;;;;
;US-NY;2004;p95p100;;;;0.4498068988;0.4498068988
;US-NY;2004;p99.5p100;3000948.0;;;0.2393536121;0.2393536121
;US-NY;2003;p0p100;57627.046875;;5.80952653824e+11;;
;US-NY;2003;p99p100;1445626.125;;;0.2508589625;0.2508589625
;US-NY;2003;p99.9p100;7607519.5;;;0.132013008;0.132013008
;US-NY;2003;p99.99p100;39593008.0;;;0.068705596;0.068705596
;US-NY;2003;p90p100;;;;0.536185503;0.536185503
;US-NY;2003;p90p91;308987.90625;;;;
;US-NY;2003;p95p96;475501.0625;;;;
;US-NY;2003;p95p100;;;;0.4125675857;0.4125675857
;US-NY;2003;p99.5p100;2365691.75;;;0.2052588016;0.2052588016
;US-NY;2002;p0p100;60022.7421875;;5.80137844736e+11;;
;US-NY;2002;p99p100;1439984.5;;;0.23990646;0.23990646
;US-NY;2002;p99.9p100;7341551.0;;;0.122312814;0.122312814
;US-NY;2002;p99.99p100;36804412.0;;;0.0613174438;0.0613174438
;US-NY;2002;p90p100;;;;0.5223719478;0.5223719478
;US-NY;2002;p90p91;313541.96875;;;;
;US-NY;2002;p95p96;481445.9375;;;;
;US-NY;2002;p95p100;;;;0.4010529518;0.4010529518
;US-NY;2002;p99.5p100;2334971.0;;;0.1945071816;0.1945071816
;US-NY;2001;p0p100;64114.3515625;;6.16285274112e+11;;
;US-NY;2001;p99p100;1843335.5;;;0.2875074744;0.2875074744
;US-NY;2001;p99.9p100;9724755.0;;;0.1516782939;0.1516782939
;US-NY;2001;p99.99p100;48822724.0;;;0.0761494413;0.0761494413
;US-NY;2001;p90p100;;;;0.5616614223;0.5616614223
;US-NY;2001;p90p91;360105.625;;;;
;US-NY;2001;p95p96;576665.5;;;;
;US-NY;2001;p95p100;;;;0.4497163892;0.4497163892
;US-NY;2001;p99.5p100;3043011.75;;;0.2373112738;0.2373112738
;US-NY;2000;p0p100;67308.4921875;;6.4256278528e+11;;
;US-NY;2000;p99p100;1859464.125;;;0.2762599885;0.2762599885
;US-NY;2000;p99.9p100;9803529.0;;;0.1456506997;0.1456506997
;US-NY;2000;p99.99p100;47347368.0;;;0.0703438297;0.0703438297
;US-NY;2000;p90p100;;;;0.5415002108;0.5415002108
;US-NY;2000;p90p91;364475.5625;;;;
;US-NY;2000;p95p96;584049.75;;;;
;US-NY;2000;p95p100;;;;0.4338603914;0.4338603914
;US-NY;2000;p99.5p100;3073240.25;;;0.2282951474;0.2282951474
;US-NY;1999;p0p100;67593.5546875;;6.17657008128e+11;;
;US-NY;1999;p99p100;1816640.125;;;0.2687593699;0.2687593699
;US-NY;1999;p99.9p100;9336718.0;;;0.1381303072;0.1381303072
;US-NY;1999;p99.99p100;43497680.0;;;0.064351812;0.064351812
;US-NY;1999;p90p100;;;;0.5357599854;0.5357599854
;US-NY;1999;p90p91;362139.25;;;;
;US-NY;1999;p95p96;577286.25;;;;
;US-NY;1999;p95p100;;;;0.4270276129;0.4270276129
;US-NY;1999;p99.5p100;2983871.25;;;0.2207215726;0.2207215726
;US-NY;1998;p0p100;64199.2148438;;5.82479511552e+11;;
;US-NY;1998;p99p100;1611856.5;;;0.2510710657;0.2510710657
;US-NY;1998;p99.9p100;8135589.0;;;0.1267241091;0.1267241091
;US-NY;1998;p99.99p100;37667192.0;;;0.0586723574;0.0586723574
;US-NY;1998;p90p100;;;;0.512945652;0.512945652
;US-NY;1998;p90p91;329307.0625;;;;
;US-NY;1998;p95p96;518018.1875;;;;
;US-NY;1998;p95p100;;;;0.4034458995;0.4034458995
;US-NY;1998;p99.5p100;2630688.0;;;0.2048847526;0.2048847526
;US-NY;1997;p0p100;60907.828125;;5.54476634112e+11;;
;US-NY;1997;p99p100;1435257.0;;;0.2356440872;0.2356440872
;US-NY;1997;p99.9p100;7059277.5;;;0.1159009859;0.1159009859
;US-NY;1997;p99.99p100;32533078.0;;;0.0534136221;0.0534136221
;US-NY;1997;p90p100;;;;0.4978893101;0.4978893101
;US-NY;1997;p90p91;303253.5625;;;;
;US-NY;1997;p95p96;472542.53125;;;;
;US-NY;1997;p95p100;;;;0.3879160583;0.3879160583
;US-NY;1997;p99.5p100;2325600.0;;;0.1909114122;0.1909114122
;US-NY;1996;p0p100;56843.6210938;;5.14964324352e+11;;
;US-NY;1996;p99p100;1249390.625;;;0.2197943479;0.2197943479
;US-NY;1996;p99.9p100;6226098.0;;;0.1095302999;0.1095302999
;US-NY;1996;p99.99p100;30204548.0;;;0.0531362183;0.0531362183
;US-NY;1996;p90p100;;;;0.487621218;0.487621218
;US-NY;1996;p90p91;277181.53125;;;;
;US-NY;1996;p95p96;425361.75;;;;
;US-NY;1996;p95p100;;;;0.3741508424;0.3741508424
;US-NY;1996;p99.5p100;2015043.75;;;0.1772444993;0.1772444993
;US-NY;1995;p0p100;53803.1328125;;4.8874635264e+11;;
;US-NY;1995;p99p100;1027377.6875;;;0.1909512728;0.1909512728
;US-NY;1995;p99.9p100;4660068.0;;;0.0866133198;0.0866133198
;US-NY;1995;p99.99p100;20592506.0;;;0.0382738039;0.0382738039
;US-NY;1995;p90p100;;;;0.4615427852;0.4615427852
;US-NY;1995;p90p91;248324.484375;;;;
;US-NY;1995;p95p96;371909.1875;;;;
;US-NY;1995;p95p100;;;;0.345620364;0.345620364
;US-NY;1995;p99.5p100;1611858.375;;;0.1497922391;0.1497922391
;US-NY;1994;p0p100;51276.8554688;;4.67579437056e+11;;
;US-NY;1994;p99p100;916814.9375;;;0.1787970364;0.1787970364
;US-NY;1994;p99.9p100;4082243.75;;;0.0796118155;0.0796118155
;US-NY;1994;p99.99p100;18245488.0;;;0.0355823077;0.0355823077
;US-NY;1994;p90p100;;;;0.447971493;0.447971493
;US-NY;1994;p90p91;229705.6875;;;;
;US-NY;1994;p95p96;339589.0;;;;
;US-NY;1994;p95p100;;;;0.3311328292;0.3311328292
;US-NY;1994;p99.5p100;1427501.75;;;0.1391955316;0.1391955316
;US-NY;1993;p0p100;51460.7109375;;4.6737096704e+11;;
;US-NY;1993;p99p100;951428.875;;;0.1848845184;0.1848845184
;US-NY;1993;p99.9p100;4390244.0;;;0.0853125453;0.0853125453
;US-NY;1993;p99.99p100;20357330.0;;;0.0395589732;0.0395589732
;US-NY;1993;p90p100;;;;0.4495278895;0.4495278895
;US-NY;1993;p90p91;231330.25;;;;
;US-NY;1993;p95p96;344807.40625;;;;
;US-NY;1993;p95p100;;;;0.3350200355;0.3350200355
;US-NY;1993;p99.5p100;1500840.125;;;0.145823881;0.145823881
;US-NY;1992;p0p100;52427.5859375;;4.7624192e+11;;
;US-NY;1992;p99p100;1002904.3125;;;0.1912932545;0.1912932545
;US-NY;1992;p99.9p100;4742742.5;;;0.0904627293;0.0904627293
;US-NY;1992;p99.99p100;22278312.0;;;0.0424934886;0.0424934886
;US-NY;1992;p90p100;;;;0.45144701;0.45144701
;US-NY;1992;p90p91;236682.765625;;;;
;US-NY;1992;p95p96;353209.4375;;;;
;US-NY;1992;p95p100;;;;0.3368545771;0.3368545771
;US-NY;1992;p99.5p100;1597049.5;;;0.1523100287;0.1523100287
;US-NY;1991;p0p100;51948.5976562;;4.72115838976e+11;;
;US-NY;1991;p99p100;854559.8125;;;0.1645010263;0.1645010263
;US-NY;1991;p99.9p100;3668218.5;;;0.0706124604;0.0706124604
;US-NY;1991;p99.99p100;15688288.0;;;0.0301996376;0.0301996376
;US-NY;1991;p90p100;;;;0.4261021018;0.4261021018
;US-NY;1991;p90p91;221354.09375;;;;
;US-NY;1991;p95p96;321161.5625;;;;
;US-NY;1991;p95p100;;;;0.3091147244;0.3091147244
;US-NY;1991;p99.5p100;1321539.125;;;0.1271968037;0.1271968037
;US-NY;1990;p0p100;55144.8789062;;5.00431323136e+11;;
;US-NY;1990;p99p100;966982.8125;;;0.1753531545;0.1753531545
;US-NY;1990;p99.9p100;4380300.0;;;0.0794325843;0.0794325843
;US-NY;1990;p99.99p100;19557688.0;;;0.0354660079;0.0354660079
;US-NY;1990;p90p100;;;;0.4240353405;0.4240353405
;US-NY;1990;p90p91;233833.78125;;;;
;US-NY;1990;p95p96;346755.59375;;;;
;US-NY;1990;p95p100;;;;0.3144041896;0.3144041896
;US-NY;1990;p99.5p100;1526043.875;;;0.1383667886;0.1383667886
;US-NY;1989;p0p100;55479.5195312;;4.90774560768e+11;;
;US-NY;1989;p99p100;1008491.5625;;;0.1817772686;0.1817772686
;US-NY;1989;p99.9p100;4820738.0;;;0.0868922025;0.0868922025
;US-NY;1989;p99.99p100;22766558.0;;;0.0410359651;0.0410359651
;US-NY;1989;p90p100;;;;0.4357714057;0.4357714057
;US-NY;1989;p90p91;241763.890625;;;;
;US-NY;1989;p95p96;359559.65625;;;;
;US-NY;1989;p95p100;;;;0.3240472078;0.3240472078
;US-NY;1989;p99.5p100;1610611.125;;;0.1451536715;0.1451536715
;US-NY;1988;p0p100;55032.9296875;;4.86194741248e+11;;
;US-NY;1988;p99p100;1084586.625;;;0.197079584;0.197079584
;US-NY;1988;p99.9p100;5508715.5;;;0.1000985429;0.1000985429
;US-NY;1988;p99.99p100;26843776.0;;;0.0487776659;0.0487776659
;US-NY;1988;p90p100;;;;0.4465250373;0.4465250373
;US-NY;1988;p90p91;245735.796875;;;;
;US-NY;1988;p95p96;370242.28125;;;;
;US-NY;1988;p95p100;;;;0.3363825083;0.3363825083
;US-NY;1988;p99.5p100;1769043.875;;;0.1607259512;0.1607259512
;US-NY;1987;p0p100;50731.0898438;;4.45449076736e+11;;
;US-NY;1987;p99p100;823634.8125;;;0.1623530835;0.1623530835
;US-NY;1987;p99.9p100;3687974.25;;;0.0726965293;0.0726965293
;US-NY;1987;p99.99p100;16621167.0;;;0.0327632762;0.0327632762
;US-NY;1987;p90p100;;;;0.4237265289;0.4237265289
;US-NY;1987;p90p91;214961.078125;;;;
;US-NY;1987;p95p96;311738.03125;;;;
;US-NY;1987;p95p100;;;;0.3072455525;0.3072455525
;US-NY;1987;p99.5p100;1284447.625;;;0.1265937537;0.1265937537
;US-NY;1986;p0p100;51788.6835938;;4.5196214272e+11;;
;US-NY;1986;p99p100;1082015.875;;;0.2089290172;0.2089290172
;US-NY;1986;p99.9p100;5764150.5;;;0.1113013551;0.1113013551
;US-NY;1986;p99.99p100;29951356.0;;;0.0578337908;0.0578337908
;US-NY;1986;p90p100;;;;0.4612145424;0.4612145424
;US-NY;1986;p90p91;238856.9375;;;;
;US-NY;1986;p95p96;362571.875;;;;
;US-NY;1986;p95p100;;;;0.3500493467;0.3500493467
;US-NY;1986;p99.5p100;1789845.875;;;0.1728028059;0.1728028059
;US-NY;1985;p0p100;48433.296875;;4.15242092544e+11;;
;US-NY;1985;p99p100;854672.5625;;;0.1764638424;0.1764638424
;US-NY;1985;p99.9p100;4383343.5;;;0.0905026868;0.0905026868
;US-NY;1985;p99.99p100;22643016.0;;;0.0467509255;0.0467509255
;US-NY;1985;p90p100;;;;0.4303191602;0.4303191602
;US-NY;1985;p90p91;208417.765625;;;;
;US-NY;1985;p95p96;306431.875;;;;
;US-NY;1985;p95p100;;;;0.3163442314;0.3163442314
;US-NY;1985;p99.5p100;1383584.25;;;0.1428339928;0.1428339928
;US-NY;1984;p0p100;47022.9179688;;3.96235866112e+11;;
;US-NY;1984;p99p100;685157.5625;;;0.1457071602;0.1457071602
;US-NY;1984;p99.9p100;3293345.0;;;0.0700370148;0.0700370148
;US-NY;1984;p99.99p100;16166310.0;;;0.0343796387;0.0343796387
;US-NY;1984;p90p100;;;;0.3996841609;0.3996841609
;US-NY;1984;p90p91;187943.15625;;;;
;US-NY;1984;p95p96;267640.96875;;;;
;US-NY;1984;p95p100;;;;0.2845856547;0.2845856547
;US-NY;1984;p99.5p100;1097210.375;;;0.1166676208;0.1166676208
;US-NY;1983;p0p100;45198.2109375;;3.74430498816e+11;;
;US-NY;1983;p99p100;532358.0625;;;0.1177829951;0.1177829951
;US-NY;1983;p99.9p100;2230003.0;;;0.0493382961;0.0493382961
;US-NY;1983;p99.99p100;9103407.0;;;0.0201410763;0.0201410763
;US-NY;1983;p90p100;;;;0.3743543029;0.3743543029
;US-NY;1983;p90p91;169201.453125;;;;
;US-NY;1983;p95p96;232122.84375;;;;
;US-NY;1983;p95p100;;;;0.2567832172;0.2567832172
;US-NY;1983;p99.5p100;834131.8125;;;0.0922748744;0.0922748744
;US-NY;1982;p0p100;43387.6367188;;3.58261751808e+11;;
;US-NY;1982;p99p100;503509.1875;;;0.1160489991;0.1160489991
;US-NY;1982;p99.9p100;1947552.5;;;0.0448872708;0.0448872708
;US-NY;1982;p99.99p100;8086300.5;;;0.0186373387;0.0186373387
;US-NY;1982;p90p100;;;;0.3619618416;0.3619618416
;US-NY;1982;p90p91;157046.703125;;;;
;US-NY;1982;p95p96;213966.828125;;;;
;US-NY;1982;p95p100;;;;0.2465758175;0.2465758175
;US-NY;1982;p99.5p100;742968.625;;;0.0856198519;0.0856198519
;US-NY;1981;p0p100;42403.2148438;;3.5158605824e+11;;
;US-NY;1981;p99p100;527215.1875;;;0.1243337691;0.1243337691
;US-NY;1981;p99.9p100;2163091.5;;;0.0510124378;0.0510124378
;US-NY;1981;p99.99p100;9098984.0;;;0.0214582384;0.0214582384
;US-NY;1981;p90p100;;;;0.3788511753;0.3788511753
;US-NY;1981;p90p91;160645.09375;;;;
;US-NY;1981;p95p96;222168.0;;;;
;US-NY;1981;p95p100;;;;0.2619706988;0.2619706988
;US-NY;1981;p99.5p100;795116.3125;;;0.0937565938;0.0937565938
;US-NY;1980;p0p100;42590.3203125;;3.5051831296e+11;;
;US-NY;1980;p99p100;511813.125;;;0.1201712191;0.1201712191
;US-NY;1980;p99.9p100;1975572.0;;;0.0463854671;0.0463854671
;US-NY;1980;p99.99p100;8033605.0;;;0.0188625138;0.0188625138
;US-NY;1980;p90p100;;;;0.373488456;0.373488456
;US-NY;1980;p90p91;159069.9375;;;;
;US-NY;1980;p95p96;219707.296875;;;;
;US-NY;1980;p95p100;;;;0.257930994;0.257930994
;US-NY;1980;p99.5p100;756161.4375;;;0.0887715071;0.0887715071
;US-NY;1979;p0p100;42165.5039062;;3.46742521856e+11;;
;US-NY;1979;p99p100;487943.3125;;;0.115720965;0.115720965
;US-NY;1979;p99.9p100;1820640.5;;;0.0431784317;0.0431784317
;US-NY;1979;p99.99p100;7273142.0;;;0.017249031;0.017249031
;US-NY;1979;p90p100;;;;0.3679272234;0.3679272234
;US-NY;1979;p90p91;155138.375;;;;
;US-NY;1979;p95p96;213528.125;;;;
;US-NY;1979;p95p100;;;;0.2532023787;0.2532023787
;US-NY;1979;p99.5p100;714218.75;;;0.0846922994;0.0846922994
;US-NY;1978;p0p100;41702.796875;;3.37506009088e+11;;
;US-NY;1978;p99p100;424627.71875;;;0.1018223614;0.1018223614
;US-NY;1978;p99.9p100;1396224.0;;;0.0334803462;0.0334803462
;US-NY;1978;p99.99p100;4888357.5;;;0.0117218932;0.0117218932
;US-NY;1978;p90p100;;;;0.354057014;0.354057014
;US-NY;1978;p90p91;147651.6875;;;;
;US-NY;1978;p95p96;198583.28125;;;;
;US-NY;1978;p95p100;;;;0.2380934656;0.2380934656
;US-NY;1978;p99.5p100;602248.1875;;;0.0722071677;0.0722071677
;US-NY;1977;p0p100;41496.6054688;;3.32174819328e+11;;
;US-NY;1977;p99p100;415328.71875;;;0.1000874043;0.1000874043
;US-NY;1977;p99.9p100;1386023.125;;;0.033400882;0.033400882
;US-NY;1977;p99.99p100;5174459.0;;;0.0124695962;0.0124695962
;US-NY;1977;p90p100;;;;0.3516351879;0.3516351879
;US-NY;1977;p90p91;145916.65625;;;;
;US-NY;1977;p95p96;195732.421875;;;;
;US-NY;1977;p95p100;;;;0.2358415127;0.2358415127
;US-NY;1977;p99.5p100;590184.0625;;;0.0711123422;0.0711123422
;US-NY;1976;p0p100;41446.921875;;3.2836091904e+11;;
;US-NY;1976;p99p100;415537.53125;;;0.1002577543;0.1002577543
;US-NY;1976;p99.9p100;1321613.375;;;0.0318868905;0.0318868905
;US-NY;1976;p99.99p100;4669178.0;;;0.0112654399;0.0112654399
;US-NY;1976;p90p100;;;;0.3513480723;0.3513480723
;US-NY;1976;p90p91;145622.953125;;;;
;US-NY;1976;p95p96;194490.125;;;;
;US-NY;1976;p95p100;;;;0.2346255481;0.2346255481
;US-NY;1976;p99.5p100;580227.125;;;0.0699964091;0.0699964091
;US-NY;1975;p0p100;41151.9648438;;3.22872475648e+11;;
;US-NY;1975;p99p100;403883.90625;;;0.0981445014;0.0981445014
;US-NY;1975;p99.9p100;1289714.125;;;0.0313402824;0.0313402824
;US-NY;1975;p99.99p100;4569772.5;;;0.0111046275;0.0111046275
;US-NY;1975;p90p100;;;;0.3508865535;0.3508865535
;US-NY;1975;p90p91;144396.703125;;;;
;US-NY;1975;p95p96;193072.1875;;;;
;US-NY;1975;p95p100;;;;0.2345844209;0.2345844209
;US-NY;1975;p99.5p100;566417.0625;;;0.0688201711;0.0688201711
;US-NY;1974;p0p100;44035.1328125;;3.42056763392e+11;;
;US-NY;1974;p99p100;447846.6875;;;0.1017021462;0.1017021462
;US-NY;1974;p99.9p100;1420218.625;;;0.0322519466;0.0322519466
;US-NY;1974;p99.99p100;4839733.5;;;0.0109906197;0.0109906197
;US-NY;1974;p90p100;;;;0.3500467241;0.3500467241
;US-NY;1974;p90p91;154143.515625;;;;
;US-NY;1974;p95p96;208373.65625;;;;
;US-NY;1974;p95p100;;;;0.236599341;0.236599341
;US-NY;1974;p99.5p100;630264.375;;;0.0715638176;0.0715638176
;US-NY;1973;p0p100;45531.8632812;;3.50444355584e+11;;
;US-NY;1973;p99p100;469639.40625;;;0.1031452268;0.1031452268
;US-NY;1973;p99.9p100;1549888.0;;;0.0340396352;0.0340396352
;US-NY;1973;p99.99p100;5718241.5;;;0.0125587685;0.0125587685
;US-NY;1973;p90p100;;;;0.3522408903;0.3522408903
;US-NY;1973;p90p91;160381.84375;;;;
;US-NY;1973;p95p96;218225.96875;;;;
;US-NY;1973;p95p100;;;;0.2396409363;0.2396409363
;US-NY;1973;p99.5p100;668671.4375;;;0.0734289512;0.0734289512
;US-NY;1972;p0p100;46155.6640625;;3.51874449408e+11;;
;US-NY;1972;p99p100;509581.4375;;;0.1104049608;0.1104049608
;US-NY;1972;p99.9p100;1816192.0;;;0.0393492728;0.0393492728
;US-NY;1972;p99.99p100;7238171.0;;;0.0156820845;0.0156820845
;US-NY;1972;p90p100;;;;0.3538463116;0.3538463116
;US-NY;1972;p90p91;163320.125;;;;
;US-NY;1972;p95p96;224995.28125;;;;
;US-NY;1972;p95p100;;;;0.2437352687;0.2437352687
;US-NY;1972;p99.5p100;733180.5625;;;0.0794247612;0.0794247612
;US-NY;1971;p0p100;45434.9140625;;3.427172352e+11;;
;US-NY;1971;p99p100;500748.25;;;0.1102122143;0.1102122143
;US-NY;1971;p99.9p100;1796349.25;;;0.0395367593;0.0395367593
;US-NY;1971;p99.99p100;7039788.0;;;0.0154942246;0.0154942246
;US-NY;1971;p90p100;;;;0.3524098098;0.3524098098
;US-NY;1971;p90p91;160117.09375;;;;
;US-NY;1971;p95p96;221482.109375;;;;
;US-NY;1971;p95p100;;;;0.2437355667;0.2437355667
;US-NY;1971;p99.5p100;716704.3125;;;0.0788715407;0.0788715407
;US-NY;1970;p0p100;45654.671875;;3.40097662976e+11;;
;US-NY;1970;p99p100;486919.9375;;;0.1066528261;0.1066528261
;US-NY;1970;p99.9p100;1689621.875;;;0.03700874;0.03700874
;US-NY;1970;p99.99p100;6676495.0;;;0.0146239037;0.0146239037
;US-NY;1970;p90p100;;;;0.3447515666;0.3447515666
;US-NY;1970;p90p91;157395.203125;;;;
;US-NY;1970;p95p96;217053.578125;;;;
;US-NY;1970;p95p100;;;;0.2377123386;0.2377123386
;US-NY;1970;p99.5p100;694355.6875;;;0.0760443211;0.0760443211
;US-NY;1969;p0p100;45894.6875;;3.39175047168e+11;;
;US-NY;1969;p99p100;596423.6875;;;0.1299548298;0.1299548298
;US-NY;1969;p99.9p100;2390519.25;;;0.0520870537;0.0520870537
;US-NY;1969;p99.99p100;10004142.0;;;0.021798037;0.021798037
;US-NY;1969;p90p100;;;;0.3713912666;0.3713912666
;US-NY;1969;p90p91;170448.875;;;;
;US-NY;1969;p95p96;243448.09375;;;;
;US-NY;1969;p95p100;;;;0.2652246654;0.2652246654
;US-NY;1969;p99.5p100;886880.1875;;;0.0966212228;0.0966212228
;US-NY;1968;p0p100;47345.140625;;3.47759509504e+11;;
;US-NY;1968;p99p100;697979.1875;;;0.1474236101;0.1474236101
;US-NY;1968;p99.9p100;2876682.0;;;0.0607598126;0.0607598126
;US-NY;1968;p99.99p100;11785192.0;;;0.0248920824;0.0248920824
;US-NY;1968;p90p100;;;;0.3872273564;0.3872273564
;US-NY;1968;p90p91;183333.34375;;;;
;US-NY;1968;p95p96;269925.8125;;;;
;US-NY;1968;p95p100;;;;0.2850618064;0.2850618064
;US-NY;1968;p99.5p100;1056263.0;;;0.1115492508;0.1115492508
;US-NY;1967;p0p100;45147.4101562;;3.2951058432e+11;;
;US-NY;1967;p99p100;633119.0;;;0.1402337402;0.1402337402
;US-NY;1967;p99.9p100;2500935.25;;;0.0553948805;0.0553948805
;US-NY;1967;p99.99p100;9962218.0;;;0.0220659804;0.0220659804
;US-NY;1967;p90p100;;;;0.3830397129;0.3830397129
;US-NY;1967;p90p91;172932.5;;;;
;US-NY;1967;p95p96;251552.890625;;;;
;US-NY;1967;p95p100;;;;0.2785906196;0.2785906196
;US-NY;1967;p99.5p100;946308.1875;;;0.1048020422;0.1048020422
;US-NY;1966;p0p100;43140.9882812;;3.12572379136e+11;;
;US-NY;1966;p99p100;550466.875;;;0.127597183;0.127597183
;US-NY;1966;p99.9p100;2133710.0;;;0.0494589955;0.0494589955
;US-NY;1966;p99.99p100;8618257.0;;;0.0199769568;0.0199769568
;US-NY;1966;p90p100;;;;0.3664738536;0.3664738536
;US-NY;1966;p90p91;158100.4375;;;;
;US-NY;1966;p95p96;224868.640625;;;;
;US-NY;1966;p95p100;;;;0.2606206238;0.2606206238
;US-NY;1966;p99.5p100;818196.125;;;0.0948281661;0.0948281661
;US-NY;1965;p0p100;41887.7460938;;3.01069402112e+11;;
;US-NY;1965;p99p100;564316.625;;;0.1347211748;0.1347211748
;US-NY;1965;p99.9p100;2143811.25;;;0.0511799194;0.0511799194
;US-NY;1965;p99.99p100;9014384.0;;;0.021520339;0.021520339
;US-NY;1965;p90p100;;;;0.3715921938;0.3715921938
;US-NY;1965;p90p91;155651.59375;;;;
;US-NY;1965;p95p96;225810.640625;;;;
;US-NY;1965;p95p100;;;;0.2695426345;0.2695426345
;US-NY;1965;p99.5p100;829897.6875;;;0.0990621224;0.0990621224
;US-NY;1964;p0p100;40561.0195312;;2.88919945216e+11;;
;US-NY;1964;p99p100;508957.375;;;0.1254794449;0.1254794449
;US-NY;1964;p99.9p100;1818442.5;;;0.0448322743;0.0448322743
;US-NY;1964;p99.99p100;7199417.5;;;0.0177495982;0.0177495982
;US-NY;1964;p90p100;;;;0.3613339663;0.3613339663
;US-NY;1964;p90p91;146560.734375;;;;
;US-NY;1964;p95p96;210519.3125;;;;
;US-NY;1964;p95p100;;;;0.2595094144;0.2595094144
;US-NY;1964;p99.5p100;735693.8125;;;0.0906897634;0.0906897634
;US-NY;1963;p0p100;38520.8789062;;2.7154046976e+11;;
;US-NY;1963;p99p100;462529.84375;;;0.1200725064;0.1200725064
;US-NY;1963;p99.9p100;1642354.5;;;0.0426354334;0.0426354334
;US-NY;1963;p99.99p100;6265872.5;;;0.0162661709;0.0162661709
;US-NY;1963;p90p100;;;;0.3590558469;0.3590558469
;US-NY;1963;p90p91;138311.46875;;;;
;US-NY;1963;p95p96;195968.265625;;;;
;US-NY;1963;p95p100;;;;0.2543662786;0.2543662786
;US-NY;1963;p99.5p100;671087.0;;;0.0871069133;0.0871069133
;US-NY;1962;p0p100;37640.5703125;;2.6243989504e+11;;
;US-NY;1962;p99p100;453027.5;;;0.1203561649;0.1203561649
;US-NY;1962;p99.9p100;1602487.0;;;0.0425733961;0.0425733961
;US-NY;1962;p99.99p100;5827376.0;;;0.015481635;0.015481635
;US-NY;1962;p90p100;;;;0.3580664396;0.3580664396
;US-NY;1962;p90p91;134778.25;;;;
;US-NY;1962;p95p96;191571.71875;;;;
;US-NY;1962;p95p100;;;;0.2544750273;0.2544750273
;US-NY;1962;p99.5p100;657411.4375;;;0.0873275027;0.0873275027
;US-NY;1961;p0p100;37006.8632812;;2.54945542144e+11;;
;US-NY;1961;p99p100;506789.75;;;0.1369448006;0.1369448006
;US-NY;1961;p99.9p100;2001595.75;;;0.0540871471;0.0540871471
;US-NY;1961;p99.99p100;7777345.5;;;0.0210159533;0.0210159533
;US-NY;1961;p90p100;;;;0.3733510077;0.3733510077
;US-NY;1961;p90p91;138165.5;;;;
;US-NY;1961;p95p96;201056.546875;;;;
;US-NY;1961;p95p100;;;;0.2716476321;0.2716476321
;US-NY;1961;p99.5p100;764413.375;;;0.1032799408;0.1032799408
;US-NY;1960;p0p100;35958.46875;;2.4446623744e+11;;
;US-NY;1960;p99p100;438618.1875;;;0.1219791099;0.1219791099
;US-NY;1960;p99.9p100;1621100.375;;;0.0450825803;0.0450825803
;US-NY;1960;p99.99p100;6085871.0;;;0.016924724;0.016924724
;US-NY;1960;p90p100;;;;0.3562484384;0.3562484384
;US-NY;1960;p90p91;128101.46875;;;;
;US-NY;1960;p95p96;183131.046875;;;;
;US-NY;1960;p95p100;;;;0.2546424568;0.2546424568
;US-NY;1960;p99.5p100;643741.0625;;;0.0895117521;0.0895117521
;US-NY;1959;p0p100;35524.9453125;;2.40174514176e+11;;
;US-NY;1959;p99p100;490906.75;;;0.1381864846;0.1381864846
;US-NY;1959;p99.9p100;1760860.0;;;0.0495668612;0.0495668612
;US-NY;1959;p99.99p100;6626364.5;;;0.0186527092;0.0186527092
;US-NY;1959;p90p100;;;;0.3742789328;0.3742789328
;US-NY;1959;p90p91;132962.390625;;;;
;US-NY;1959;p95p96;194846.625;;;;
;US-NY;1959;p95p100;;;;0.2742391825;0.2742391825
;US-NY;1959;p99.5p100;723295.0625;;;0.101801008;0.101801008
;US-NY;1958;p0p100;33469.4765625;;2.24771260416e+11;;
;US-NY;1958;p99p100;423201.84375;;;0.1264441013;0.1264441013
;US-NY;1958;p99.9p100;1493685.5;;;0.0446282886;0.0446282886
;US-NY;1958;p99.99p100;5339245.0;;;0.0159525778;0.0159525778
;US-NY;1958;p90p100;;;;0.3597497344;0.3597497344
;US-NY;1958;p90p91;120406.359375;;;;
;US-NY;1958;p95p96;173586.359375;;;;
;US-NY;1958;p95p100;;;;0.2593203783;0.2593203783
;US-NY;1958;p99.5p100;620613.25;;;0.0927133039;0.0927133039
;US-NY;1957;p0p100;33655.6210938;;2.24465534976e+11;;
;US-NY;1957;p99p100;413425.125;;;0.1228398383;0.1228398383
;US-NY;1957;p99.9p100;1450361.875;;;0.0430941917;0.0430941917
;US-NY;1957;p99.99p100;5030505.0;;;0.0149469972;0.0149469972
;US-NY;1957;p90p100;;;;0.3535391986;0.3535391986
;US-NY;1957;p90p91;118985.820312;;;;
;US-NY;1957;p95p96;170832.53125;;;;
;US-NY;1957;p95p100;;;;0.2537949085;0.2537949085
;US-NY;1957;p99.5p100;604465.8125;;;0.0898016021;0.0898016021
;US-NY;1956;p0p100;33498.0117188;;2.2152249344e+11;;
;US-NY;1956;p99p100;442185.5;;;0.132003516;0.132003516
;US-NY;1956;p99.9p100;1628361.25;;;0.0486106873;0.0486106873
;US-NY;1956;p99.99p100;5764066.0;;;0.0172071885;0.0172071885
;US-NY;1956;p90p100;;;;0.3702082932;0.3702082932
;US-NY;1956;p90p91;124012.414062;;;;
;US-NY;1956;p95p96;177195.9375;;;;
;US-NY;1956;p95p100;;;;0.2644872367;0.2644872367
;US-NY;1956;p99.5p100;657063.5625;;;0.0980750099;0.0980750099
;US-NY;1955;p0p100;32924.8476562;;2.15910547456e+11;;
;US-NY;1955;p99p100;474678.375;;;0.1441702545;0.1441702545
;US-NY;1955;p99.9p100;1807211.625;;;0.0548889898;0.0548889898
;US-NY;1955;p99.99p100;6994762.0;;;0.0212446302;0.0212446302
;US-NY;1955;p90p100;;;;0.384390533;0.384390533
;US-NY;1955;p90p91;126560.0;;;;
;US-NY;1955;p95p96;183939.84375;;;;
;US-NY;1955;p95p100;;;;0.2793328762;0.2793328762
;US-NY;1955;p99.5p100;711887.3125;;;0.1081079096;0.1081079096
;US-NY;1954;p0p100;31308.3710938;;2.0356562944e+11;;
;US-NY;1954;p99p100;419645.375;;;0.1340361536;0.1340361536
;US-NY;1954;p99.9p100;1492776.375;;;0.0476797856;0.0476797856
;US-NY;1954;p99.99p100;5470477.0;;;0.0174728893;0.0174728893
;US-NY;1954;p90p100;;;;0.3783328235;0.3783328235
;US-NY;1954;p90p91;118449.84375;;;;
;US-NY;1954;p95p96;169586.421875;;;;
;US-NY;1954;p95p100;;;;0.2708323896;0.2708323896
;US-NY;1954;p99.5p100;616053.3125;;;0.0983847603;0.0983847603
;US-NY;1953;p0p100;30708.6230469;;1.97942706176e+11;;
;US-NY;1953;p99p100;377807.46875;;;0.123029761;0.123029761
;US-NY;1953;p99.9p100;1268240.0;;;0.0412991457;0.0412991457
;US-NY;1953;p99.99p100;4634897.5;;;0.0150931478;0.0150931478
;US-NY;1953;p90p100;;;;0.3645730913;0.3645730913
;US-NY;1953;p90p91;111955.375;;;;
;US-NY;1953;p95p96;157236.484375;;;;
;US-NY;1953;p95p100;;;;0.2560135424;0.2560135424
;US-NY;1953;p99.5p100;546451.8125;;;0.0889736712;0.0889736712
;US-NY;1952;p0p100;29534.9863281;;1.8888720384e+11;;
;US-NY;1952;p99p100;385801.5625;;;0.1306252629;0.1306252629
;US-NY;1952;p99.9p100;1324301.25;;;0.0448383875;0.0448383875
;US-NY;1952;p99.99p100;4637576.5;;;0.0157019757;0.0157019757
;US-NY;1952;p90p100;;;;0.3740091324;0.3740091324
;US-NY;1952;p90p91;110463.554688;;;;
;US-NY;1952;p95p96;157023.34375;;;;
;US-NY;1952;p95p100;;;;0.2658259869;0.2658259869
;US-NY;1952;p99.5p100;563782.4375;;;0.0954431519;0.0954431519
;US-NY;1951;p0p100;29269.421875;;1.8558107648e+11;;
;US-NY;1951;p99p100;429242.40625;;;0.1466521472;0.1466521472
;US-NY;1951;p99.9p100;1551746.875;;;0.0530159697;0.0530159697
;US-NY;1951;p99.99p100;5649243.5;;;0.0193008371;0.0193008371
;US-NY;1951;p90p100;;;;0.3762111664;0.3762111664
;US-NY;1951;p90p91;110114.835938;;;;
;US-NY;1951;p95p96;167326.578125;;;;
;US-NY;1951;p95p100;;;;0.2858385444;0.2858385444
;US-NY;1951;p99.5p100;636616.25;;;0.1087510809;0.1087510809
;US-NY;1950;p0p100;29443.8476562;;1.8507382784e+11;;
;US-NY;1950;p99p100;457967.5625;;;0.1555393189;0.1555393189
;US-NY;1950;p99.9p100;1685655.375;;;0.0572498366;0.0572498366
;US-NY;1950;p99.99p100;5047629.5;;;0.0171432421;0.0171432421
;US-NY;1950;p90p100;;;;0.3822247088;0.3822247088
;US-NY;1950;p90p91;112541.664062;;;;
;US-NY;1950;p95p96;172443.203125;;;;
;US-NY;1950;p95p100;;;;0.2928340137;0.2928340137
;US-NY;1950;p99.5p100;683239.5;;;0.1160241589;0.1160241589
;US-NY;1949;p0p100;27565.4042969;;1.71496964096e+11;;
;US-NY;1949;p99p100;378047.21875;;;0.1371455491;0.1371455491
;US-NY;1949;p99.9p100;1337044.5;;;0.048504442;0.048504442
;US-NY;1949;p99.99p100;4796666.5;;;0.0174010377;0.0174010377
;US-NY;1949;p90p100;;;;0.3672782779;0.3672782779
;US-NY;1949;p90p91;101241.742188;;;;
;US-NY;1949;p95p96;151243.0625;;;;
;US-NY;1949;p95p100;;;;0.2743349075;0.2743349075
;US-NY;1949;p99.5p100;556621.1875;;;0.1009637192;0.1009637192
;US-NY;1948;p0p100;27613.0605469;;1.70540662784e+11;;
;US-NY;1948;p99p100;403363.9375;;;0.1460772306;0.1460772306
;US-NY;1948;p99.9p100;1411653.625;;;0.0511226803;0.0511226803
;US-NY;1948;p99.99p100;4997629.0;;;0.0180987865;0.0180987865
;US-NY;1948;p90p100;;;;0.3768107295;0.3768107295
;US-NY;1948;p90p91;104048.984375;;;;
;US-NY;1948;p95p96;156108.421875;;;;
;US-NY;1948;p95p100;;;;0.2826713324;0.2826713324
;US-NY;1948;p99.5p100;595090.1875;;;0.1077551991;0.1077551991
;US-NY;1947;p0p100;27726.4160156;;1.69964109824e+11;;
;US-NY;1947;p99p100;392897.3125;;;0.1417050511;0.1417050511
;US-NY;1947;p99.9p100;1391623.625;;;0.0501912534;0.0501912534
;US-NY;1947;p99.99p100;5224921.5;;;0.0188445598;0.0188445598
;US-NY;1947;p90p100;;;;0.3734307885;0.3734307885
;US-NY;1947;p90p91;103538.976562;;;;
;US-NY;1947;p95p96;155843.015625;;;;
;US-NY;1947;p95p100;;;;0.2810370922;0.2810370922
;US-NY;1947;p99.5p100;576718.0;;;0.104001537;0.104001537
;US-NY;1946;p0p100;28649.7265625;;1.73939245056e+11;;
;US-NY;1946;p99p100;461479.65625;;;0.1610764563;0.1610764563
;US-NY;1946;p99.9p100;1599257.75;;;0.0558210425;0.0558210425
;US-NY;1946;p99.99p100;5716196.0;;;0.0199520104;0.0199520104
;US-NY;1946;p90p100;;;;0.4131854177;0.4131854177
;US-NY;1946;p90p91;118376.492188;;;;
;US-NY;1946;p95p96;181839.40625;;;;
;US-NY;1946;p95p100;;;;0.3173492551;0.3173492551
;US-NY;1946;p99.5p100;675035.3125;;;0.1178083345;0.1178083345
;US-NY;1945;p0p100;28107.7871094;;1.70469277696e+11;;
;US-NY;1945;p99p100;458149.4375;;;0.1629973352;0.1629973352
;US-NY;1945;p99.9p100;1584931.125;;;0.0563876182;0.0563876182
;US-NY;1945;p99.99p100;5235979.0;;;0.0186282154;0.0186282154
;US-NY;1945;p90p100;;;;0.3975411355;0.3975411355
;US-NY;1945;p90p91;111740.015625;;;;
;US-NY;1945;p95p96;171057.984375;;;;
;US-NY;1945;p95p100;;;;0.304289341;0.304289341
;US-NY;1945;p99.5p100;675770.6875;;;0.1202105805;0.1202105805
;US-NY;1944;p0p100;27310.2148438;;1.653219328e+11;;
;US-NY;1944;p99p100;288243.4375;;;0.1055441946;0.1055441946
;US-NY;1944;p99.9p100;973061.0625;;;0.0356299356;0.0356299356
;US-NY;1944;p99.99p100;3179585.0;;;0.0116424765;0.0116424765
;US-NY;1944;p90p100;;;;0.2975330651;0.2975330651
;US-NY;1944;p90p91;81256.90625;;;;
;US-NY;1944;p95p96;115232.976562;;;;
;US-NY;1944;p95p100;;;;0.210970521;0.210970521
;US-NY;1944;p99.5p100;420665.875;;;0.0770162269;0.0770162269
;US-NY;1943;p0p100;27145.9023438;;1.63814539264e+11;;
;US-NY;1943;p99p100;414385.625;;;0.1526512802;0.1526512802
;US-NY;1943;p99.9p100;1457495.375;;;0.0536911748;0.0536911748
;US-NY;1943;p99.99p100;4512716.0;;;0.0166239291;0.0166239291
;US-NY;1943;p90p100;;;;0.3710934818;0.3710934818
;US-NY;1943;p90p91;100736.671875;;;;
;US-NY;1943;p95p96;152468.40625;;;;
;US-NY;1943;p95p100;;;;0.280831337;0.280831337
;US-NY;1943;p99.5p100;618402.625;;;0.1139034927;0.1139034927
;US-NY;1942;p0p100;23795.9238281;;1.42866890752e+11;;
;US-NY;1942;p99p100;377773.65625;;;0.1587556154;0.1587556154
;US-NY;1942;p99.9p100;1350207.25;;;0.056741111;0.056741111
;US-NY;1942;p99.99p100;4394071.0;;;0.0184656456;0.0184656456
;US-NY;1942;p90p100;;;;0.3836579025;0.3836579025
;US-NY;1942;p90p91;91294.9453125;;;;
;US-NY;1942;p95p96;136801.90625;;;;
;US-NY;1942;p95p100;;;;0.2874481678;0.2874481678
;US-NY;1942;p99.5p100;566944.875;;;0.1191264689;0.1191264689
;US-NY;1941;p0p100;22310.4414062;;1.33637824512e+11;;
;US-NY;1941;p99p100;390677.125;;;0.1751095504;0.1751095504
;US-NY;1941;p99.9p100;1497189.125;;;0.0671071038;0.0671071038
;US-NY;1941;p99.99p100;5375515.0;;;0.0240941681;0.0240941681
;US-NY;1941;p90p100;;;;0.4168947637;0.4168947637
;US-NY;1941;p90p91;93011.0546875;;;;
;US-NY;1941;p95p96;139183.21875;;;;
;US-NY;1941;p95p100;;;;0.3119239509;0.3119239509
;US-NY;1941;p99.5p100;593219.5;;;0.1329466105;0.1329466105
;US-NY;1940;p0p100;20942.1582031;;1.25280862208e+11;;
;US-NY;1940;p99p100;372170.40625;;;0.1777134985;0.1777134985
;US-NY;1940;p99.9p100;1414977.25;;;0.0675659701;0.0675659701
;US-NY;1940;p99.99p100;5143577.0;;;0.0245608743;0.0245608743
;US-NY;1940;p90p100;;;;0.4273345768;0.4273345768
;US-NY;1940;p90p91;89493.0859375;;;;
;US-NY;1940;p95p96;133430.390625;;;;
;US-NY;1940;p95p100;;;;0.3185688555;0.3185688555
;US-NY;1940;p99.5p100;564012.4375;;;0.1346595734;0.1346595734
;US-NY;1939;p0p100;20531.7128906;;1.20876703744e+11;;
;US-NY;1939;p99p100;360238.375;;;0.1754546165;0.1754546165
;US-NY;1939;p99.9p100;1377608.375;;;0.0670966133;0.0670966133
;US-NY;1939;p99.99p100;5001298.0;;;0.0243588947;0.0243588947
;US-NY;1939;p90p100;;;;0.4446375072;0.4446375072
;US-NY;1939;p90p91;91291.6953125;;;;
;US-NY;1939;p95p96;130400.671875;;;;
;US-NY;1939;p95p100;;;;0.3175591826;0.3175591826
;US-NY;1939;p99.5p100;546488.3125;;;0.1330839694;0.1330839694
;US-NY;1938;p0p100;19687.0957031;;1.1422502912e+11;;
;US-NY;1938;p99p100;332159.90625;;;0.1687196046;0.1687196046
;US-NY;1938;p99.9p100;1310172.5;;;0.0665498152;0.0665498152
;US-NY;1938;p99.99p100;5284335.5;;;0.0268416237;0.0268416237
;US-NY;1938;p90p100;;;;0.4378296435;0.4378296435
;US-NY;1938;p90p91;86195.9375;;;;
;US-NY;1938;p95p96;120027.757812;;;;
;US-NY;1938;p95p100;;;;0.3048386872;0.3048386872
;US-NY;1938;p99.5p100;505817.125;;;0.1284641325;0.1284641325
;US-NY;1937;p0p100;20880.0097656;;1.19438860288e+11;;
;US-NY;1937;p99p100;413984.875;;;0.1982685328;0.1982685328
;US-NY;1937;p99.9p100;1670907.5;;;0.0800242722;0.0800242722
;US-NY;1937;p99.99p100;6176287.0;;;0.0295799058;0.0295799058
;US-NY;1937;p90p100;;;;0.4620348215;0.4620348215
;US-NY;1937;p90p91;96472.9140625;;;;
;US-NY;1937;p95p96;140894.59375;;;;
;US-NY;1937;p95p100;;;;0.3373911381;0.3373911381
;US-NY;1937;p99.5p100;641480.5625;;;0.1536111832;0.1536111832
;US-NY;1936;p0p100;21319.65625;;1.2044722176e+11;;
;US-NY;1936;p99p100;495983.78125;;;0.2326415628;0.2326415628
;US-NY;1936;p99.9p100;2012852.875;;;0.0944130123;0.0944130123
;US-NY;1936;p99.99p100;7120938.0;;;0.033400815;0.033400815
;US-NY;1936;p90p100;;;;0.5132681727;0.5132681727
;US-NY;1936;p90p91;109427.0;;;;
;US-NY;1936;p95p96;161000.75;;;;
;US-NY;1936;p95p100;;;;0.3775876164;0.3775876164
;US-NY;1936;p99.5p100;777394.6875;;;0.1823187768;0.1823187768
;US-NY;1935;p0p100;19247.6835938;;1.07371913216e+11;;
;US-NY;1935;p99p100;394676.9375;;;0.2050516605;0.2050516605
;US-NY;1935;p99.9p100;1579108.0;;;0.0820414573;0.0820414573
;US-NY;1935;p99.99p100;5638974.0;;;0.0292968955;0.0292968955
;US-NY;1935;p90p100;;;;0.4981899261;0.4981899261
;US-NY;1935;p90p91;95890.0234375;;;;
;US-NY;1935;p95p96;135570.109375;;;;
;US-NY;1935;p95p100;;;;0.3521725237;0.3521725237
;US-NY;1935;p99.5p100;613868.5;;;0.1594655365;0.1594655365
;US-NY;1934;p0p100;18381.6132812;;1.01190033408e+11;;
;US-NY;1934;p99p100;356228.625;;;0.1937961727;0.1937961727
;US-NY;1934;p99.9p100;1409431.25;;;0.0766761452;0.0766761452
;US-NY;1934;p99.99p100;5200329.5;;;0.0282909311;0.0282909311
;US-NY;1934;p90p100;;;;0.5040014982;0.5040014982
;US-NY;1934;p90p91;92643.6171875;;;;
;US-NY;1934;p95p96;131612.4375;;;;
;US-NY;1934;p95p100;;;;0.3580002189;0.3580002189
;US-NY;1934;p99.5p100;550068.25;;;0.1496245861;0.1496245861
;US-NY;1933;p0p100;17944.375;;97544044544.0;;
;US-NY;1933;p99p100;369342.875;;;0.2058265358;0.2058265358
;US-NY;1933;p99.9p100;1558684.125;;;0.0868619904;0.0868619904
;US-NY;1933;p99.99p100;5692231.5;;;0.0317215361;0.0317215361
;US-NY;1933;p90p100;;;;0.5075936913;0.5075936913
;US-NY;1933;p90p91;91084.515625;;;;
;US-NY;1933;p95p96;128899.914062;;;;
;US-NY;1933;p95p100;;;;0.3591652215;0.3591652215
;US-NY;1933;p99.5p100;584496.0625;;;0.1628633142;0.1628633142
;US-NY;1932;p0p100;18755.0292969;;1.00717191168e+11;;
;US-NY;1932;p99p100;341809.40625;;;0.1822494715;0.1822494715
;US-NY;1932;p99.9p100;1357485.625;;;0.07237982;0.07237982
;US-NY;1932;p99.99p100;4647102.0;;;0.0247778967;0.0247778967
;US-NY;1932;p90p100;;;;0.5068400502;0.5068400502
;US-NY;1932;p90p91;95058.0;;;;
;US-NY;1932;p95p96;126732.171875;;;;
;US-NY;1932;p95p100;;;;0.337861836;0.337861836
;US-NY;1932;p99.5p100;530852.5;;;0.1415227056;0.1415227056
;US-NY;1931;p0p100;21831.5292969;;1.15761512448e+11;;
;US-NY;1931;p99p100;378302.1875;;;0.1732824892;0.1732824892
;US-NY;1931;p99.9p100;1588805.75;;;0.0727757439;0.0727757439
;US-NY;1931;p99.99p100;6562898.0;;;0.0300615598;0.0300615598
;US-NY;1931;p90p100;;;;0.5035499334;0.5035499334
;US-NY;1931;p90p91;109932.65625;;;;
;US-NY;1931;p95p96;143694.171875;;;;
;US-NY;1931;p95p100;;;;0.3290978074;0.3290978074
;US-NY;1931;p99.5p100;583363.9375;;;0.1336058229;0.1336058229
;US-NY;1930;p0p100;23759.8457031;;1.2423458816e+11;;
;US-NY;1930;p99p100;504930.9375;;;0.2125144005;0.2125144005
;US-NY;1930;p99.9p100;2326727.75;;;0.0979268923;0.0979268923
;US-NY;1930;p99.99p100;10730565.0;;;0.0451626033;0.0451626033
;US-NY;1930;p90p100;;;;0.5171521902;0.5171521902
;US-NY;1930;p90p91;122874.570312;;;;
;US-NY;1930;p95p96;171384.671875;;;;
;US-NY;1930;p95p100;;;;0.3606603146;0.3606603146
;US-NY;1930;p99.5p100;803952.875;;;0.1691831052;0.1691831052
;US-NY;1929;p0p100;26146.2578125;;1.3428191232e+11;;
;US-NY;1929;p99p100;904797.375;;;0.3460523486;0.3460523486
;US-NY;1929;p99.9p100;4926760.5;;;0.1884308308;0.1884308308
;US-NY;1929;p99.99p100;22212140.0;;;0.0849534273;0.0849534273
;US-NY;1929;p90p100;;;;0.6489688158;0.6489688158
;US-NY;1929;p90p91;169681.046875;;;;
;US-NY;1929;p95p96;261697.453125;;;;
;US-NY;1929;p95p100;;;;0.5004492402;0.5004492402
;US-NY;1929;p99.5p100;1527169.5;;;0.2920436263;0.2920436263
;US-NY;1928;p0p100;31288.7929688;;1.57868081152e+11;;
;US-NY;1928;p99p100;944304.75;;;0.3018028438;0.3018028438
;US-NY;1928;p99.9p100;4797429.0;;;0.1533273906;0.1533273906
;US-NY;1928;p99.99p100;19915542.0;;;0.0636507198;0.0636507198
;US-NY;1928;p90p100;;;;0.5646005273;0.5646005273
;US-NY;1928;p90p91;176656.703125;;;;
;US-NY;1928;p95p96;274376.84375;;;;
;US-NY;1928;p95p100;;;;0.4384586513;0.4384586513
;US-NY;1928;p99.5p100;1570678.375;;;0.2509969473;0.2509969473
;US-NY;1927;p0p100;27828.5722656;;1.37661464576e+11;;
;US-NY;1927;p99p100;729517.125;;;0.2621468008;0.2621468008
;US-NY;1927;p99.9p100;3445818.75;;;0.1238230541;0.1238230541
;US-NY;1927;p99.99p100;14487262.0;;;0.0520589501;0.0520589501
;US-NY;1927;p90p100;;;;0.5336804986;0.5336804986
;US-NY;1927;p90p91;148515.65625;;;;
;US-NY;1927;p95p96;224968.359375;;;;
;US-NY;1927;p95p100;;;;0.4042039514;0.4042039514
;US-NY;1927;p99.5p100;1181717.5;;;0.2123209089;0.2123209089
;US-NY;1926;p0p100;25917.9960938;;1.25493133312e+11;;
;US-NY;1926;p99p100;633542.6875;;;0.2444412112;0.2444412112
;US-NY;1926;p99.9p100;2871291.0;;;0.1107836738;0.1107836738
;US-NY;1926;p99.99p100;11748989.0;;;0.045331385;0.045331385
;US-NY;1926;p90p100;;;;0.5227503777;0.5227503777
;US-NY;1926;p90p91;135486.4375;;;;
;US-NY;1926;p95p96;201272.671875;;;;
;US-NY;1926;p95p100;;;;0.3882874548;0.3882874548
;US-NY;1926;p99.5p100;1012319.5;;;0.1952927709;0.1952927709
;US-NY;1925;p0p100;25453.1621094;;1.2066746368e+11;;
;US-NY;1925;p99p100;656823.8125;;;0.2580519319;0.2580519319
;US-NY;1925;p99.9p100;2972136.25;;;0.1167688221;0.1167688221
;US-NY;1925;p99.99p100;11849650.0;;;0.0465547219;0.0465547219
;US-NY;1925;p90p100;;;;0.5347488523;0.5347488523
;US-NY;1925;p90p91;136110.515625;;;;
;US-NY;1925;p95p96;204960.5625;;;;
;US-NY;1925;p95p100;;;;0.4026229382;0.4026229382
;US-NY;1925;p99.5p100;1052164.625;;;0.2066864073;0.2066864073
;US-NY;1924;p0p100;21687.1894531;;1.00503117824e+11;;
;US-NY;1924;p99p100;511529.625;;;0.2358672023;0.2358672023
;US-NY;1924;p99.9p100;2088378.5;;;0.0962954909;0.0962954909
;US-NY;1924;p99.99p100;7652037.0;;;0.0352836736;0.0352836736
;US-NY;1924;p90p100;;;;0.5003605485;0.5003605485
;US-NY;1924;p90p91;108514.140625;;;;
;US-NY;1924;p95p96;166410.21875;;;;
;US-NY;1924;p95p100;;;;0.3836602271;0.3836602271
;US-NY;1924;p99.5p100;798558.0;;;0.1841082275;0.1841082275
;US-NY;1923;p0p100;19860.625;;89586671616.0;;
;US-NY;1923;p99p100;430037.53125;;;0.2165276855;0.2165276855
;US-NY;1923;p99.9p100;1699397.25;;;0.0855661556;0.0855661556
;US-NY;1923;p99.99p100;6459480.5;;;0.0325240567;0.0325240567
;US-NY;1923;p90p100;;;;0.4740416706;0.4740416706
;US-NY;1923;p90p91;94147.6328125;;;;
;US-NY;1923;p95p96;144281.234375;;;;
;US-NY;1923;p95p100;;;;0.3632343709;0.3632343709
;US-NY;1923;p99.5p100;663025.9375;;;0.1669197083;0.1669197083
;US-NY;1922;p0p100;19030.2871094;;83715997696.0;;
;US-NY;1922;p99p100;447685.4375;;;0.2352489233;0.2352489233
;US-NY;1922;p99.9p100;1794424.625;;;0.0942931026;0.0942931026
;US-NY;1922;p99.99p100;6685686.5;;;0.0351318233;0.0351318233
;US-NY;1922;p90p100;;;;0.500335753;0.500335753
;US-NY;1922;p90p91;95215.3203125;;;;
;US-NY;1922;p95p96;148850.53125;;;;
;US-NY;1922;p95p100;;;;0.3910885453;0.3910885453
;US-NY;1922;p99.5p100;695424.0625;;;0.1827150881;0.1827150881
;US-NY;1921;p0p100;15902.1259766;;68440166400.0;;
;US-NY;1921;p99p100;335677.59375;;;0.2110897601;0.2110897601
;US-NY;1921;p99.9p100;1217585.75;;;0.0765674785;0.0765674785
;US-NY;1921;p99.99p100;4032478.0;;;0.0253581051;0.0253581051
;US-NY;1921;p90p100;;;;0.4848693311;0.4848693311
;US-NY;1921;p90p91;77104.53125;;;;
;US-NY;1921;p95p96;118002.1875;;;;
;US-NY;1921;p95p100;;;;0.3710264266;0.3710264266
;US-NY;1921;p99.5p100;508408.40625;;;0.1598554701;0.1598554701
;US-NY;1920;p0p100;15999.3125;;66991812608.0;;
;US-NY;1920;p99p100;343296.65625;;;0.2145696431;0.2145696431
;US-NY;1920;p99.9p100;1287789.375;;;0.0804902986;0.0804902986
;US-NY;1920;p99.99p100;4481205.0;;;0.0280087367;0.0280087367
;US-NY;1920;p90p100;;;;0.4790456593;0.4790456593
;US-NY;1920;p90p91;76644.0078125;;;;
;US-NY;1920;p95p96;117522.539062;;;;
;US-NY;1920;p95p100;;;;0.3672737181;0.3672737181
;US-NY;1920;p99.5p100;524460.3125;;;0.1639008969;0.1639008969
;US-NY;1919;p0p100;18041.9785156;;74083614720.0;;
;US-NY;1919;p99p100;489690.0625;;;0.2714170814;0.2714170814
;US-NY;1919;p99.9p100;2058419.5;;;0.1140905768;0.1140905768
;US-NY;1919;p99.99p100;7209542.0;;;0.0399598219;0.0399598219
;US-NY;1919;p90p100;;;;0.5283907652;0.5283907652
;US-NY;1919;p90p91;95332.1328125;;;;
;US-NY;1919;p95p96;153302.71875;;;;
;US-NY;1919;p95p100;;;;0.424850136;0.424850136
;US-NY;1919;p99.5p100;776340.0625;;;0.2151482999;0.2151482999
;US-NY;1918;p0p100;17924.7070312;;72600043520.0;;
;US-NY;1918;p99p100;474823.4375;;;0.2648988664;0.2648988664
;US-NY;1918;p99.9p100;2173147.0;;;0.1212375164;0.1212375164
;US-NY;1918;p99.99p100;8859473.0;;;0.0494260453;0.0494260453
;US-NY;1918;p90p100;;;;0.5212718844;0.5212718844
;US-NY;1918;p90p91;93436.4609375;;;;
;US-NY;1918;p95p96;146939.078125;;;;
;US-NY;1918;p95p100;;;;0.4098786414;0.4098786414
;US-NY;1918;p99.5p100;769484.125;;;0.2146434486;0.2146434486
;US-NY;1917;p0p100;22749.3359375;;92084928512.0;;
