Variable Name;.;.;.;Fiscal income  | tax unit | Average | Adults | constant 2015 local currency;Fiscal income  | tax unit | Threshold | Adults | constant 2015 local currency;Fiscal income  | tax unit | Total | Adults | constant 2015 local currency;Fiscal income  | tax unit | Share | Adults | share of total (ratio);Pre-tax national income  | tax unit | Share | Adults | share of total (ratio)
Variable Category;.;.;.;Income inequality;Income inequality;Income inequality;Income inequality;Income inequality
Variable Description;.;.;.;Average Fiscal income within a given percentile group. Fiscal income is defined as the sum of all income items reported on income tax returns, before any deduction. It includes labour income, capital income and mixed income. The concept of fiscal income varies with national tax legislations, so in order to make international comparisons it is preferable to use the concept of national income. The population is comprised of individuals over age 20. The base unit is the tax unit defined by national fiscal administrations to measure personal income taxes.;Fiscal income threshold value at a given percentile.  Fiscal income is defined as the sum of all income items reported on income tax returns, before any deduction. It includes labour income, capital income and mixed income. The concept of fiscal income varies with national tax legislations, so in order to make international comparisons it is preferable to use the concept of national income. The population is comprised of individuals over age 20. The base unit is the tax unit defined by national fiscal administrations to measure personal income taxes.;Total Fiscal income  within a given percentile group. Fiscal income is defined as the sum of all income items reported on income tax returns, before any deduction. It includes labour income, capital income and mixed income. The concept of fiscal income varies with national tax legislations, so in order to make international comparisons it is preferable to use the concept of national income. The population is comprised of individuals over age 20.;Fiscal income share held by a given percentile group. Fiscal income is defined as the sum of all income items reported on income tax returns, before any deduction. It includes labour income, capital income and mixed income. The concept of fiscal income varies with national tax legislations, so in order to make international comparisons it is preferable to use the concept of national income. The population is comprised of individuals over age 20. The base unit is the tax unit defined by national fiscal administrations to measure personal income taxes.;Pre-tax national income share held by a given percentile group. Pre-tax national income  is the sum of all pre-tax personal income flows accruing to the owners of the production factors, labor and capital, before taking into account the operation of the tax/transfer system, but after taking into account the operation of pension system. The central difference between personal factor income and pre-tax income is the treatment of pensions, which are counted on a contribution basis by factor income and on a distribution basis by pre-tax income. The population is comprised of individuals over age 20. The base unit is the tax unit defined by national fiscal administrations to measure personal income taxes.
Variable Decomposition;.;.;.;[Fiscal income ]=[Fiscal labour income ]+[Fiscal capital income ];[Fiscal income ]=[Fiscal labour income ]+[Fiscal capital income ];[Fiscal income ]=[Fiscal labour income ]+[Fiscal capital income ];[Fiscal income ]=[Fiscal labour income ]+[Fiscal capital income ];Pre-tax national income =Pre-tax labor income [total pre-tax income ranking]+Pre-tax capital income [total pre-tax income ranking]
Variable Unit;.;.;.;"USD; United States dollar | local currency | market";"USD; United States dollar | local currency | market";"USD; United States dollar | local currency | market";share;share
Methodological Notes;.;.;.;;;;;Assuming the same distribution as fiscal income.
Sources;.;.;.;Frank, Sommeiller, Price & Saez (2015);Frank, Sommeiller, Price & Saez (2015);Frank, Sommeiller, Price & Saez (2015);Frank, Sommeiller, Price & Saez (2015);WID.world computations using: Frank, Sommeiller, Price & Saez (2015)
Variable Code;country;year;perc;afiinc992t;tfiinc992t;mfiinc992t;sfiinc992t;sptinc992t
;US-MD;2014;p0p100;71806.59375;;2.26222391296e+11;;
;US-MD;2014;p99p100;;439719.71875;;0.1547515392;0.1547515392
;US-MD;2014;p99.9p100;;1762157.125;;0.0639989302;0.0639989302
;US-MD;2014;p99.99p100;;7389177.0;;0.0259045549;0.0259045549
;US-MD;2014;p90p100;;145147.46875;;0.4253697097;0.4253697097
;US-MD;2014;p90p91;309419.25;;;;
;US-MD;2014;p95p96;447059.4375;;;;
;US-MD;2014;p90p95;171779.109375;145147.46875;;0.1168189198;0.1168189198
;US-MD;2014;p95p99;277917.03125;209713.96875;;0.1536678821;0.1536678821
;US-MD;2014;p99.5p99.9;974547.25;670503.6875;;0.0541115701;0.0541115701
;US-MD;2014;p99.9p99.99;3012152.75;1762157.125;;0.0384403765;0.0384403765
;US-MD;2014;p99p99.5;533899.6875;439719.71875;;0.0367358923;0.0367358923
;US-MD;2014;p95p100;;209713.96875;;0.3083476722;0.3083476722
;US-MD;2014;p0p90;45405.1835938;;;0.5743207932;0.5743207932
;US-MD;2014;p0p99;61182.125;;;0.8452484608;0.8452484608
;US-MD;2014;p99.5p100;;670503.6875;;0.1180096641;0.1180096641
;US-MD;2014;p99.5p99.6;1713358.25;;;;
;US-MD;2014;p99.99p99.991;19576648.0;;;;
;US-MD;2014;p99.9p99.91;4668602.0;;;;
;US-MD;2014;p99p99.1;1123629.0;;;;
;US-MD;2013;p0p100;71800.9375;;2.2048964608e+11;;
;US-MD;2013;p99p100;;439550.625;;0.1467802078;0.1467802078
;US-MD;2013;p99.9p100;;1671848.625;;0.0583012402;0.0583012402
;US-MD;2013;p99.99p100;;6755415.5;;0.0232483726;0.0232483726
;US-MD;2013;p90p100;;148132.515625;;0.4175229967;0.4175229967
;US-MD;2013;p90p91;306190.3125;;;;
;US-MD;2013;p95p96;437910.59375;;;;
;US-MD;2013;p90p95;174470.03125;148132.515625;;0.1170742363;0.1170742363
;US-MD;2013;p95p99;280198.71875;211857.765625;;0.1533318162;0.1533318162
;US-MD;2013;p99.5p99.9;947113.875;661048.9375;;0.0518889241;0.0518889241
;US-MD;2013;p99.9p99.99;2812914.0;1671848.625;;0.0351643898;0.0351643898
;US-MD;2013;p99p99.5;530189.6875;439550.625;;0.0366173647;0.0366173647
;US-MD;2013;p95p100;;211857.765625;;0.3001816869;0.3001816869
;US-MD;2013;p0p90;45757.671875;;;0.5826749206;0.5826749206
;US-MD;2013;p0p99;61730.6601562;;;0.8532198071;0.8532198071
;US-MD;2013;p99.5p100;;661048.9375;;0.11020495;0.11020495
;US-MD;2013;p99.5p99.6;1607326.625;;;;
;US-MD;2013;p99.99p99.991;17165552.0;;;;
;US-MD;2013;p99.9p99.91;4248178.0;;;;
;US-MD;2013;p99p99.1;1068758.125;;;;
;US-MD;2012;p0p100;76804.5859375;;2.32589328384e+11;;
;US-MD;2012;p99p100;1192654.375;;;0.1552842855;0.1552842855
;US-MD;2012;p99.9p100;5154565.5;;;0.0671127364;0.0671127364
;US-MD;2012;p99.99p100;21270316.0;;;0.0276940726;0.0276940726
;US-MD;2012;p90p100;;;;0.4052312672;0.4052312672
;US-MD;2012;p90p91;311236.1875;;;;
;US-MD;2012;p95p96;459286.28125;;;;
;US-MD;2012;p95p100;;;;0.2989966869;0.2989966869
;US-MD;2012;p99.5p100;1848853.25;;;0.1203608736;0.1203608736
;US-MD;2011;p0p100;73888.125;;2.2080897024e+11;;
;US-MD;2011;p99p100;1080984.25;;;0.1463001519;0.1463001519
;US-MD;2011;p99.9p100;4547655.5;;;0.0615478531;0.0615478531
;US-MD;2011;p99.99p100;18876868.0;;;0.0255479068;0.0255479068
;US-MD;2011;p90p100;;;;0.4032403529;0.4032403529
;US-MD;2011;p90p91;297946.71875;;;;
;US-MD;2011;p95p96;433872.90625;;;;
;US-MD;2011;p95p100;;;;0.2936012447;0.2936012447
;US-MD;2011;p99.5p100;1652234.25;;;0.1118064821;0.1118064821
;US-MD;2010;p0p100;73943.53125;;2.1932941312e+11;;
;US-MD;2010;p99p100;1070822.375;;;0.1448162496;0.1448162496
;US-MD;2010;p99.9p100;4517125.0;;;0.0610888526;0.0610888526
;US-MD;2010;p99.99p100;19189616.0;;;0.0259517208;0.0259517208
;US-MD;2010;p90p100;;;;0.398722738;0.398722738
;US-MD;2010;p90p91;294829.65625;;;;
;US-MD;2010;p95p96;430788.15625;;;;
;US-MD;2010;p95p100;;;;0.2912953794;0.2912953794
;US-MD;2010;p99.5p100;1637070.5;;;0.1106973514;0.1106973514
;US-MD;2009;p0p100;72476.9453125;;2.1044535296e+11;;
;US-MD;2009;p99p100;971205.3125;;;0.1340019554;0.1340019554
;US-MD;2009;p99.9p100;3706003.5;;;0.051133547;0.051133547
;US-MD;2009;p99.99p100;14501001.0;;;0.0200077426;0.0200077426
;US-MD;2009;p90p100;;;;0.3939838409;0.3939838409
;US-MD;2009;p90p91;285547.4375;;;;
;US-MD;2009;p95p96;415342.5625;;;;
;US-MD;2009;p95p100;;;;0.2865342498;0.2865342498
;US-MD;2009;p99.5p100;1436206.625;;;0.0990802422;0.0990802422
;US-MD;2008;p0p100;77105.734375;;2.21454843904e+11;;
;US-MD;2008;p99p100;1160504.75;;;0.1505082399;0.1505082399
;US-MD;2008;p99.9p100;4774681.0;;;0.0619238205;0.0619238205
;US-MD;2008;p99.99p100;19150916.0;;;0.0248372126;0.0248372126
;US-MD;2008;p90p100;;;;0.402869463;0.402869463
;US-MD;2008;p90p91;310635.4375;;;;
;US-MD;2008;p95p96;461494.8125;;;;
;US-MD;2008;p95p100;;;;0.2992610335;0.2992610335
;US-MD;2008;p99.5p100;1766197.125;;;0.1145308539;0.1145308539
;US-MD;2007;p0p100;82377.1171875;;2.36419465216e+11;;
;US-MD;2007;p99p100;1508938.0;;;0.1831744015;0.1831744015
;US-MD;2007;p99.9p100;6904016.0;;;0.083809875;0.083809875
;US-MD;2007;p99.99p100;29741420.0;;;0.0361039825;0.0361039825
;US-MD;2007;p90p100;;;;0.4281814098;0.4281814098
;US-MD;2007;p90p91;352723.53125;;;;
;US-MD;2007;p95p96;544625.625;;;;
;US-MD;2007;p95p100;;;;0.3305685222;0.3305685222
;US-MD;2007;p99.5p100;2383146.75;;;0.1446485817;0.1446485817
;US-MD;2006;p0p100;80371.75;;2.27540697088e+11;;
;US-MD;2006;p99p100;1422612.0;;;0.1770039946;0.1770039946
;US-MD;2006;p99.9p100;6367488.5;;;0.0792254508;0.0792254508
;US-MD;2006;p99.99p100;26448328.0;;;0.0329074934;0.0329074934
;US-MD;2006;p90p100;;;;0.4288441539;0.4288441539
;US-MD;2006;p90p91;344669.5625;;;;
;US-MD;2006;p95p96;518497.15625;;;;
;US-MD;2006;p95p100;;;;0.3225618303;0.3225618303
;US-MD;2006;p99.5p100;2234211.0;;;0.1389923096;0.1389923096
;US-MD;2005;p0p100;77992.3359375;;2.18822017024e+11;;
;US-MD;2005;p99p100;1351113.875;;;0.1732367575;0.1732367575
;US-MD;2005;p99.9p100;6022894.5;;;0.0772241876;0.0772241876
;US-MD;2005;p99.99p100;25009606.0;;;0.0320667475;0.0320667475
;US-MD;2005;p90p100;;;;0.4246049821;0.4246049821
;US-MD;2005;p90p91;331159.3125;;;;
;US-MD;2005;p95p96;497270.15625;;;;
;US-MD;2005;p95p100;;;;0.3187942505;0.3187942505
;US-MD;2005;p99.5p100;2115214.0;;;0.1356039792;0.1356039792
;US-MD;2004;p0p100;75685.484375;;2.06821425152e+11;;
;US-MD;2004;p99p100;1233879.75;;;0.1630272418;0.1630272418
;US-MD;2004;p99.9p100;5373150.5;;;0.0709931403;0.0709931403
;US-MD;2004;p99.99p100;22400972.0;;;0.0295974463;0.0295974463
;US-MD;2004;p90p100;;;;0.4161870778;0.4161870778
;US-MD;2004;p90p91;314993.21875;;;;
;US-MD;2004;p95p96;466816.375;;;;
;US-MD;2004;p95p100;;;;0.3083922565;0.3083922565
;US-MD;2004;p99.5p100;1910853.875;;;0.1262364686;0.1262364686
;US-MD;2003;p0p100;70199.8984375;;1.90769037312e+11;;
;US-MD;2003;p99p100;1019737.0625;;;0.1452618986;0.1452618986
;US-MD;2003;p99.9p100;4118038.0;;;0.0586615913;0.0586615913
;US-MD;2003;p99.99p100;16446776.0;;;0.0234284885;0.0234284885
;US-MD;2003;p90p100;;;;0.4052266777;0.4052266777
;US-MD;2003;p90p91;284468.71875;;;;
;US-MD;2003;p95p96;403603.34375;;;;
;US-MD;2003;p95p100;;;;0.2874671817;0.2874671817
;US-MD;2003;p99.5p100;1540907.25;;;0.109751381;0.109751381
;US-MD;2002;p0p100;70651.609375;;1.86648838144e+11;;
;US-MD;2002;p99p100;977346.75;;;0.138333261;0.138333261
;US-MD;2002;p99.9p100;3823768.0;;;0.0541214533;0.0541214533
;US-MD;2002;p99.99p100;14710127.0;;;0.0208206549;0.0208206549
;US-MD;2002;p90p100;;;;0.3963598013;0.3963598013
;US-MD;2002;p90p91;280034.59375;;;;
;US-MD;2002;p95p96;393197.75;;;;
;US-MD;2002;p95p100;;;;0.2782652378;0.2782652378
;US-MD;2002;p99.5p100;1463382.125;;;0.1035632566;0.1035632566
;US-MD;2001;p0p100;71090.1796875;;1.87667546112e+11;;
;US-MD;2001;p99p100;1060481.5;;;0.149174124;0.149174124
;US-MD;2001;p99.9p100;4528100.0;;;0.0636951551;0.0636951551
;US-MD;2001;p99.99p100;18829298.0;;;0.0264864992;0.0264864992
;US-MD;2001;p90p100;;;;0.4063341022;0.4063341022
;US-MD;2001;p90p91;288863.625;;;;
;US-MD;2001;p95p96;417092.21875;;;;
;US-MD;2001;p95p100;;;;0.2933543026;0.2933543026
;US-MD;2001;p99.5p100;1628619.125;;;0.1145460084;0.1145460084
;US-MD;2000;p0p100;73345.375;;1.91295619072e+11;;
;US-MD;2000;p99p100;1322303.0;;;0.1802844256;0.1802844256
;US-MD;2000;p99.9p100;6390442.5;;;0.0871280879;0.0871280879
;US-MD;2000;p99.99p100;28885014.0;;;0.0393821858;0.0393821858
;US-MD;2000;p90p100;;;;0.4373043478;0.4373043478
;US-MD;2000;p90p91;320742.53125;;;;
;US-MD;2000;p95p96;478412.09375;;;;
;US-MD;2000;p95p100;;;;0.3261364996;0.3261364996
;US-MD;2000;p99.5p100;2107911.75;;;0.1436976492;0.1436976492
;US-MD;1999;p0p100;69759.703125;;1.80572520448e+11;;
;US-MD;1999;p99p100;1155666.125;;;0.1656638682;0.1656638682
;US-MD;1999;p99.9p100;5200960.0;;;0.0745553672;0.0745553672
;US-MD;1999;p99.99p100;21460276.0;;;0.0307631418;0.0307631418
;US-MD;1999;p90p100;;;;0.4281579554;0.4281579554
;US-MD;1999;p90p91;298681.71875;;;;
;US-MD;1999;p95p96;436950.21875;;;;
;US-MD;1999;p95p100;;;;0.3131823838;0.3131823838
;US-MD;1999;p99.5p100;1812272.25;;;0.1298939139;0.1298939139
;US-MD;1998;p0p100;64916.9492188;;1.68769716224e+11;;
;US-MD;1998;p99p100;1041338.125;;;0.1604108363;0.1604108363
;US-MD;1998;p99.9p100;4618569.5;;;0.0711458251;0.0711458251
;US-MD;1998;p99.99p100;19064502.0;;;0.0293675289;0.0293675289
;US-MD;1998;p90p100;;;;0.4253914058;0.4253914058
;US-MD;1998;p90p91;276151.09375;;;;
;US-MD;1998;p95p96;399311.46875;;;;
;US-MD;1998;p95p100;;;;0.3075556755;0.3075556755
;US-MD;1998;p99.5p100;1625004.125;;;0.1251602322;0.1251602322
;US-MD;1997;p0p100;62527.2617188;;1.5797510144e+11;;
;US-MD;1997;p99p100;950547.0625;;;0.1520212144;0.1520212144
;US-MD;1997;p99.9p100;4024743.75;;;0.0643678233;0.0643678233
;US-MD;1997;p99.99p100;16463689.0;;;0.026330417;0.026330417
;US-MD;1997;p90p100;;;;0.4261879027;0.4261879027
;US-MD;1997;p90p91;266483.625;;;;
;US-MD;1997;p95p96;378106.15625;;;;
;US-MD;1997;p95p100;;;;0.3023529947;0.3023529947
;US-MD;1997;p99.5p100;1460592.125;;;0.116796419;0.116796419
;US-MD;1996;p0p100;58961.1953125;;1.4774386688e+11;;
;US-MD;1996;p99p100;789117.5;;;0.1338367611;0.1338367611
;US-MD;1996;p99.9p100;2944723.5;;;0.0499434173;0.0499434173
;US-MD;1996;p99.99p100;10697591.0;;;0.0181434434;0.0181434434
;US-MD;1996;p90p100;;;;0.4040572941;0.4040572941
;US-MD;1996;p90p91;238237.0;;;;
;US-MD;1996;p95p96;329579.34375;;;;
;US-MD;1996;p95p100;;;;0.2794883549;0.2794883549
;US-MD;1996;p99.5p100;1166578.75;;;0.0989276692;0.0989276692
;US-MD;1995;p0p100;57385.7539062;;1.41621395456e+11;;
;US-MD;1995;p99p100;702294.0;;;0.1223812401;0.1223812401
;US-MD;1995;p99.9p100;2507162.25;;;0.0436896272;0.0436896272
;US-MD;1995;p99.99p100;8719684.0;;;0.0151948575;0.0151948575
;US-MD;1995;p90p100;;;;0.3873232603;0.3873232603
;US-MD;1995;p90p91;222268.390625;;;;
;US-MD;1995;p95p96;306532.4375;;;;
;US-MD;1995;p95p100;;;;0.267080605;0.267080605
;US-MD;1995;p99.5p100;1025201.0;;;0.0893253908;0.0893253908
;US-MD;1994;p0p100;55927.7617188;;1.36864382976e+11;;
;US-MD;1994;p99p100;643918.3125;;;0.1151339337;0.1151339337
;US-MD;1994;p99.9p100;2263358.0;;;0.0404693149;0.0404693149
;US-MD;1994;p99.99p100;7985739.5;;;0.0142786698;0.0142786698
;US-MD;1994;p90p100;;;;0.3761306405;0.3761306405
;US-MD;1994;p90p91;210361.421875;;;;
;US-MD;1994;p95p96;287326.03125;;;;
;US-MD;1994;p95p100;;;;0.2568724751;0.2568724751
;US-MD;1994;p99.5p100;933708.9375;;;0.0834745541;0.0834745541
;US-MD;1993;p0p100;55243.8203125;;1.34156623872e+11;;
;US-MD;1993;p99p100;628772.125;;;0.1138176471;0.1138176471
;US-MD;1993;p99.9p100;2190572.0;;;0.0396528021;0.0396528021
;US-MD;1993;p99.99p100;7669051.0;;;0.0138821881;0.0138821881
;US-MD;1993;p90p100;;;;0.3739907742;0.3739907742
;US-MD;1993;p90p91;206606.796875;;;;
;US-MD;1993;p95p96;282177.53125;;;;
;US-MD;1993;p95p100;;;;0.2553928494;0.2553928494
;US-MD;1993;p99.5p100;911404.6875;;;0.0824892893;0.0824892893
;US-MD;1992;p0p100;55188.3125;;1.3372821504e+11;;
;US-MD;1992;p99p100;640193.125;;;0.1160015836;0.1160015836
;US-MD;1992;p99.9p100;2242215.75;;;0.0406284519;0.0406284519
;US-MD;1992;p99.99p100;7800571.5;;;0.0141344629;0.0141344629
;US-MD;1992;p90p100;;;;0.3758104146;0.3758104146
;US-MD;1992;p90p91;207403.40625;;;;
;US-MD;1992;p95p96;282391.0;;;;
;US-MD;1992;p95p100;;;;0.2558431327;0.2558431327
;US-MD;1992;p99.5p100;931353.25;;;0.0843795761;0.0843795761
;US-MD;1991;p0p100;55657.0820312;;1.32329283584e+11;;
;US-MD;1991;p99p100;607973.6875;;;0.109235622;0.109235622
;US-MD;1991;p99.9p100;2062092.375;;;0.0370499566;0.0370499566
;US-MD;1991;p99.99p100;6968498.0;;;0.0125204157;0.0125204157
;US-MD;1991;p90p100;;;;0.3664499223;0.3664499223
;US-MD;1991;p90p91;203955.34375;;;;
;US-MD;1991;p95p96;274174.28125;;;;
;US-MD;1991;p95p100;;;;0.2463067323;0.2463067323
;US-MD;1991;p99.5p100;875850.9375;;;0.0786827877;0.0786827877
;US-MD;1990;p0p100;57591.9023438;;1.34145335296e+11;;
;US-MD;1990;p99p100;681266.1875;;;0.1182920039;0.1182920039
;US-MD;1990;p99.9p100;2432753.25;;;0.0422412381;0.0422412381
;US-MD;1990;p99.99p100;8562642.0;;;0.0148677882;0.0148677882
;US-MD;1990;p90p100;;;;0.3684962094;0.3684962094
;US-MD;1990;p90p91;212223.96875;;;;
;US-MD;1990;p95p96;291097.5625;;;;
;US-MD;1990;p95p100;;;;0.2527243793;0.2527243793
;US-MD;1990;p99.5p100;1000846.5;;;0.0868912563;0.0868912563
;US-MD;1989;p0p100;58236.8164062;;1.32787355648e+11;;
;US-MD;1989;p99p100;745101.25;;;0.127943337;0.127943337
;US-MD;1989;p99.9p100;2912097.0;;;0.050004404;0.050004404
;US-MD;1989;p99.99p100;11244472.0;;;0.0193081852;0.0193081852
;US-MD;1989;p90p100;;;;0.3751349449;0.3751349449
;US-MD;1989;p90p91;218466.625;;;;
;US-MD;1989;p95p96;305801.34375;;;;
;US-MD;1989;p95p100;;;;0.2625498474;0.2625498474
;US-MD;1989;p99.5p100;1119975.375;;;0.096156992;0.096156992
;US-MD;1988;p0p100;59362.8671875;;1.3082120192e+11;;
;US-MD;1988;p99p100;786761.8125;;;0.1325343251;0.1325343251
;US-MD;1988;p99.9p100;3207555.75;;;0.0540330335;0.0540330335
;US-MD;1988;p99.99p100;12546202.0;;;0.021134764;0.021134764
;US-MD;1988;p90p100;;;;0.3741000295;0.3741000295
;US-MD;1988;p90p91;222076.515625;;;;
;US-MD;1988;p95p96;313173.75;;;;
;US-MD;1988;p95p100;;;;0.2637791634;0.2637791634
;US-MD;1988;p99.5p100;1201110.0;;;0.1011667699;0.1011667699
;US-MD;1987;p0p100;55739.7382812;;1.20212938752e+11;;
;US-MD;1987;p99p100;615294.0;;;0.1103869602;0.1103869602
;US-MD;1987;p99.9p100;2227307.75;;;0.0399590619;0.0399590619
;US-MD;1987;p99.99p100;8115181.0;;;0.0145590585;0.0145590585
;US-MD;1987;p90p100;;;;0.3563678861;0.3563678861
;US-MD;1987;p90p91;198638.53125;;;;
;US-MD;1987;p95p96;270203.9375;;;;
;US-MD;1987;p95p100;;;;0.2423799634;0.2423799634
;US-MD;1987;p99.5p100;900041.6875;;;0.0807360858;0.0807360858
;US-MD;1986;p0p100;58059.1601562;;1.20448516096e+11;;
;US-MD;1986;p99p100;778311.5625;;;0.1340549141;0.1340549141
;US-MD;1986;p99.9p100;3331898.25;;;0.0573879853;0.0573879853
;US-MD;1986;p99.99p100;13857867.0;;;0.0238685291;0.0238685291
;US-MD;1986;p90p100;;;;0.3734605014;0.3734605014
;US-MD;1986;p90p91;216828.046875;;;;
;US-MD;1986;p95p96;306392.03125;;;;
;US-MD;1986;p95p100;;;;0.2638619244;0.2638619244
;US-MD;1986;p99.5p100;1203440.125;;;0.1036391184;0.1036391184
;US-MD;1985;p0p100;54297.5117188;;1.10662565888e+11;;
;US-MD;1985;p99p100;558949.6875;;;0.1029420495;0.1029420495
;US-MD;1985;p99.9p100;1986708.5;;;0.0365893133;0.0365893133
;US-MD;1985;p99.99p100;6942297.5;;;0.0127856648;0.0127856648
;US-MD;1985;p90p100;;;;0.3519233465;0.3519233465
;US-MD;1985;p90p91;191085.59375;;;;
;US-MD;1985;p95p96;249938.8125;;;;
;US-MD;1985;p95p100;;;;0.2301568091;0.2301568091
;US-MD;1985;p99.5p100;800022.75;;;0.0736703053;0.0736703053
;US-MD;1984;p0p100;52716.3632812;;1.05597386752e+11;;
;US-MD;1984;p99p100;550587.3125;;;0.104443334;0.104443334
;US-MD;1984;p99.9p100;2107553.25;;;0.039979104;0.039979104
;US-MD;1984;p99.99p100;8492274.0;;;0.0161093678;0.0161093678
;US-MD;1984;p90p100;;;;0.360791713;0.360791713
;US-MD;1984;p90p91;190196.28125;;;;
;US-MD;1984;p95p96;250804.046875;;;;
;US-MD;1984;p95p100;;;;0.2378806323;0.2378806323
;US-MD;1984;p99.5p100;803084.9375;;;0.0761703625;0.0761703625
;US-MD;1983;p0p100;50670.7265625;;99786219520.0;;
;US-MD;1983;p99p100;547716.4375;;;0.1080932841;0.1080932841
;US-MD;1983;p99.9p100;2185724.25;;;0.0431358367;0.0431358367
;US-MD;1983;p99.99p100;8900716.0;;;0.0175657962;0.0175657962
;US-MD;1983;p90p100;;;;0.3713297844;0.3713297844
;US-MD;1983;p90p91;188155.484375;;;;
;US-MD;1983;p95p96;252908.3125;;;;
;US-MD;1983;p95p100;;;;0.2495606095;0.2495606095
;US-MD;1983;p99.5p100;815231.625;;;0.0804440454;0.0804440454
;US-MD;1982;p0p100;47494.7929688;;92041142272.0;;
;US-MD;1982;p99p100;475012.125;;;0.1000135168;0.1000135168
;US-MD;1982;p99.9p100;1837327.0;;;0.0386848114;0.0386848114
;US-MD;1982;p99.99p100;7628641.0;;;0.0160620585;0.0160620585
;US-MD;1982;p90p100;;;;0.363029778;0.363029778
;US-MD;1982;p90p91;172420.234375;;;;
;US-MD;1982;p95p96;227360.59375;;;;
;US-MD;1982;p95p100;;;;0.2393531799;0.2393531799
;US-MD;1982;p99.5p100;700918.875;;;0.0737890303;0.0737890303
;US-MD;1981;p0p100;47575.0585938;;90617389056.0;;
;US-MD;1981;p99p100;405884.625;;;0.0853145719;0.0853145719
;US-MD;1981;p99.9p100;1338545.5;;;0.0281354431;0.0281354431
;US-MD;1981;p99.99p100;4794372.0;;;0.0100774895;0.0100774895
;US-MD;1981;p90p100;;;;0.3340468407;0.3340468407
;US-MD;1981;p90p91;158923.0;;;;
;US-MD;1981;p95p96;203238.3125;;;;
;US-MD;1981;p95p100;;;;0.2135975063;0.2135975063
;US-MD;1981;p99.5p100;571769.9375;;;0.0600913465;0.0600913465
;US-MD;1980;p0p100;48855.65625;;90621476864.0;;
;US-MD;1980;p99p100;401499.625;;;0.0821807981;0.0821807981
;US-MD;1980;p99.9p100;1276840.5;;;0.0261349585;0.0261349585
;US-MD;1980;p99.99p100;4411169.0;;;0.0090289842;0.0090289842
;US-MD;1980;p90p100;;;;0.3212966621;0.3212966621
;US-MD;1980;p90p91;156971.578125;;;;
;US-MD;1980;p95p96;205394.875;;;;
;US-MD;1980;p95p100;;;;0.210205853;0.210205853
;US-MD;1980;p99.5p100;553895.5625;;;0.056686949;0.056686949
;US-MD;1979;p0p100;48914.5625;;89252757504.0;;
;US-MD;1979;p99p100;416599.96875;;;0.0851688907;0.0851688907
;US-MD;1979;p99.9p100;1365218.875;;;0.0279102735;0.0279102735
;US-MD;1979;p99.99p100;5333875.0;;;0.0109044714;0.0109044714
;US-MD;1979;p90p100;;;;0.32915622;0.32915622
;US-MD;1979;p90p91;161005.34375;;;;
;US-MD;1979;p95p96;209600.265625;;;;
;US-MD;1979;p95p100;;;;0.2142513692;0.2142513692
;US-MD;1979;p99.5p100;589059.875;;;0.0602131337;0.0602131337
;US-MD;1978;p0p100;48589.2304688;;86422798336.0;;
;US-MD;1978;p99p100;365202.5;;;0.0751611963;0.0751611963
;US-MD;1978;p99.9p100;1001770.8125;;;0.0206171367;0.0206171367
;US-MD;1978;p99.99p100;3120379.5;;;0.0064219562;0.0064219562
;US-MD;1978;p90p100;;;;0.3198483586;0.3198483586
;US-MD;1978;p90p91;155411.875;;;;
;US-MD;1978;p95p96;200025.34375;;;;
;US-MD;1978;p95p100;;;;0.2058329731;0.2058329731
;US-MD;1978;p99.5p100;492418.59375;;;0.0506715737;0.0506715737
;US-MD;1977;p0p100;48403.8984375;;84088037376.0;;
;US-MD;1977;p99p100;363314.5625;;;0.0750589445;0.0750589445
;US-MD;1977;p99.9p100;952158.0;;;0.0196711011;0.0196711011
;US-MD;1977;p99.99p100;2651101.5;;;0.0054770415;0.0054770415
;US-MD;1977;p90p100;;;;0.3191735744;0.3191735744
;US-MD;1977;p90p91;154492.453125;;;;
;US-MD;1977;p95p96;193308.359375;;;;
;US-MD;1977;p95p100;;;;0.1996826231;0.1996826231
;US-MD;1977;p99.5p100;483337.375;;;0.0499275252;0.0499275252
;US-MD;1976;p0p100;48705.4179688;;82692079616.0;;
;US-MD;1976;p99p100;351233.21875;;;0.0721137896;0.0721137896
;US-MD;1976;p99.9p100;925855.5625;;;0.0190092921;0.0190092921
;US-MD;1976;p99.99p100;2631683.25;;;0.0054032649;0.0054032649
;US-MD;1976;p90p100;;;;0.3051570058;0.3051570058
;US-MD;1976;p90p91;148628.0;;;;
;US-MD;1976;p95p96;189143.078125;;;;
;US-MD;1976;p95p100;;;;0.1941704452;0.1941704452
;US-MD;1976;p99.5p100;465183.4375;;;0.0477547944;0.0477547944
;US-MD;1975;p0p100;47610.1796875;;79048818688.0;;
;US-MD;1975;p99p100;344799.375;;;0.0724213645;0.0724213645
;US-MD;1975;p99.9p100;893794.5625;;;0.0187731832;0.0187731832
;US-MD;1975;p99.99p100;2583786.5;;;0.0054269629;0.0054269629
;US-MD;1975;p90p100;;;;0.3097476661;0.3097476661
;US-MD;1975;p90p91;147471.40625;;;;
;US-MD;1975;p95p96;186665.765625;;;;
;US-MD;1975;p95p100;;;;0.1960355788;0.1960355788
;US-MD;1975;p99.5p100;459965.5;;;0.0483053774;0.0483053774
;US-MD;1974;p0p100;50231.7421875;;81537982464.0;;
;US-MD;1974;p99p100;461688.84375;;;0.0919117779;0.0919117779
;US-MD;1974;p99.9p100;1423097.5;;;0.0283306446;0.0283306446
;US-MD;1974;p99.99p100;4719066.5;;;0.0093945917;0.0093945917
;US-MD;1974;p90p100;;;;0.3255376816;0.3255376816
;US-MD;1974;p90p91;163523.234375;;;;
;US-MD;1974;p95p96;219161.109375;;;;
;US-MD;1974;p95p100;;;;0.2181500345;0.2181500345
;US-MD;1974;p99.5p100;644212.0;;;0.0641239956;0.0641239956
;US-MD;1973;p0p100;51075.5664062;;81119903744.0;;
;US-MD;1973;p99p100;399757.5;;;0.07826785;0.07826785
;US-MD;1973;p99.9p100;1124470.75;;;0.0220158249;0.0220158249
;US-MD;1973;p99.99p100;3454739.25;;;0.0067639756;0.0067639756
;US-MD;1973;p90p100;;;;0.3203796446;0.3203796446
;US-MD;1973;p90p91;163635.734375;;;;
;US-MD;1973;p95p96;212023.4375;;;;
;US-MD;1973;p95p100;;;;0.2075585574;0.2075585574
;US-MD;1973;p99.5p100;543225.1875;;;0.0531785712;0.0531785712
;US-MD;1972;p0p100;50587.5351562;;78585880576.0;;
;US-MD;1972;p99p100;409582.4375;;;0.0809650868;0.0809650868
;US-MD;1972;p99.9p100;1200481.375;;;0.0237307735;0.0237307735
;US-MD;1972;p99.99p100;3908515.0;;;0.0077262404;0.0077262404
;US-MD;1972;p90p100;;;;0.3154302835;0.3154302835
;US-MD;1972;p90p91;159568.40625;;;;
;US-MD;1972;p95p96;207478.53125;;;;
;US-MD;1972;p95p100;;;;0.2050688267;0.2050688267
;US-MD;1972;p99.5p100;552453.0625;;;0.0546036698;0.0546036698
;US-MD;1971;p0p100;49011.9609375;;74389954560.0;;
;US-MD;1971;p99p100;379105.84375;;;0.0773496628;0.0773496628
;US-MD;1971;p99.9p100;1072084.25;;;0.0218739305;0.0218739305
;US-MD;1971;p99.99p100;3339000.25;;;0.0068126237;0.0068126237
;US-MD;1971;p90p100;;;;0.3111225665;0.3111225665
;US-MD;1971;p90p91;152487.265625;;;;
;US-MD;1971;p95p96;196943.0625;;;;
;US-MD;1971;p95p100;;;;0.2009132653;0.2009132653
;US-MD;1971;p99.5p100;511868.15625;;;0.0522187017;0.0522187017
;US-MD;1970;p0p100;48295.0039062;;71484907520.0;;
;US-MD;1970;p99p100;361394.84375;;;0.074830696;0.074830696
;US-MD;1970;p99.9p100;983071.6875;;;0.020355558;0.020355558
;US-MD;1970;p99.99p100;2966215.25;;;0.006141868;0.006141868
;US-MD;1970;p90p100;;;;0.3046015799;0.3046015799
;US-MD;1970;p90p91;147107.34375;;;;
;US-MD;1970;p95p96;189458.6875;;;;
;US-MD;1970;p95p100;;;;0.1961472929;0.1961472929
;US-MD;1970;p99.5p100;484254.34375;;;0.0501350388;0.0501350388
;US-MD;1969;p0p100;47980.8242188;;69135220736.0;;
;US-MD;1969;p99p100;443144.59375;;;0.092358686;0.092358686
;US-MD;1969;p99.9p100;1430923.25;;;0.0298228171;0.0298228171
;US-MD;1969;p99.99p100;5907807.5;;;0.0123128518;0.0123128518
;US-MD;1969;p90p100;;;;0.326949656;0.326949656
;US-MD;1969;p90p91;156873.125;;;;
;US-MD;1969;p95p96;208092.109375;;;;
;US-MD;1969;p95p100;;;;0.2168492526;0.2168492526
;US-MD;1969;p99.5p100;622730.625;;;0.0648937002;0.0648937002
;US-MD;1968;p0p100;46665.2734375;;65575878656.0;;
;US-MD;1968;p99p100;454824.71875;;;0.0974653661;0.0974653661
;US-MD;1968;p99.9p100;1464152.25;;;0.031375628;0.031375628
;US-MD;1968;p99.99p100;5178645.5;;;0.0110974303;0.0110974303
;US-MD;1968;p90p100;;;;0.339466393;0.339466393
;US-MD;1968;p90p91;158412.921875;;;;
;US-MD;1968;p95p96;213054.84375;;;;
;US-MD;1968;p95p100;;;;0.2282798737;0.2282798737
;US-MD;1968;p99.5p100;640680.875;;;0.0686464384;0.0686464384
;US-MD;1967;p0p100;44863.6054688;;61468684288.0;;
;US-MD;1967;p99p100;403511.8125;;;0.0899419114;0.0899419114
;US-MD;1967;p99.9p100;1230740.375;;;0.0274329372;0.0274329372
;US-MD;1967;p99.99p100;4253830.0;;;0.0094816945;0.0094816945
;US-MD;1967;p90p100;;;;0.3304763436;0.3304763436
;US-MD;1967;p90p91;148263.59375;;;;
;US-MD;1967;p95p96;196424.640625;;;;
;US-MD;1967;p95p100;;;;0.218913123;0.218913123
;US-MD;1967;p99.5p100;555156.0;;;0.0618715361;0.0618715361
;US-MD;1966;p0p100;42963.0898438;;57339744256.0;;
;US-MD;1966;p99p100;380456.5625;;;0.088554278;0.088554278
;US-MD;1966;p99.9p100;1116992.5;;;0.0259988867;0.0259988867
;US-MD;1966;p99.99p100;3739525.75;;;0.0087040421;0.0087040421
;US-MD;1966;p90p100;;;;0.3329003751;0.3329003751
;US-MD;1966;p90p91;143024.28125;;;;
;US-MD;1966;p95p96;186915.96875;;;;
;US-MD;1966;p95p100;;;;0.2175308764;0.2175308764
;US-MD;1966;p99.5p100;519232.53125;;;0.0604277477;0.0604277477
;US-MD;1965;p0p100;41127.4257812;;53430272000.0;;
;US-MD;1965;p99p100;402600.78125;;;0.0978910625;0.0978910625
;US-MD;1965;p99.9p100;1237988.0;;;0.0301012751;0.0301012751
;US-MD;1965;p99.99p100;5150889.5;;;0.0125242192;0.0125242192
;US-MD;1965;p90p100;;;;0.3451975286;0.3451975286
;US-MD;1965;p90p91;141970.875;;;;
;US-MD;1965;p95p96;189159.25;;;;
;US-MD;1965;p95p100;;;;0.2299672663;0.2299672663
;US-MD;1965;p99.5p100;555401.8125;;;0.0675220713;0.0675220713
;US-MD;1964;p0p100;39366.9492188;;49733971968.0;;
;US-MD;1964;p99p100;372986.53125;;;0.0947461128;0.0947461128
;US-MD;1964;p99.9p100;1089459.875;;;0.0276744794;0.0276744794
;US-MD;1964;p99.99p100;4069379.5;;;0.0103370445;0.0103370445
;US-MD;1964;p90p100;;;;0.3370587528;0.3370587528
;US-MD;1964;p90p91;132689.765625;;;;
;US-MD;1964;p95p96;176266.359375;;;;
;US-MD;1964;p95p100;;;;0.2238760591;0.2238760591
;US-MD;1964;p99.5p100;513588.90625;;;0.0652309731;0.0652309731
;US-MD;1963;p0p100;37284.1601562;;45739552768.0;;
;US-MD;1963;p99p100;310809.75;;;0.0833624229;0.0833624229
;US-MD;1963;p99.9p100;869144.0625;;;0.0233113505;0.0233113505
;US-MD;1963;p99.99p100;2546306.25;;;0.0068294592;0.0068294592
;US-MD;1963;p90p100;;;;0.324989289;0.324989289
;US-MD;1963;p90p91;121169.53125;;;;
;US-MD;1963;p95p96;158617.171875;;;;
;US-MD;1963;p95p100;;;;0.2127139121;0.2127139121
;US-MD;1963;p99.5p100;429671.03125;;;0.0576211251;0.0576211251
;US-MD;1962;p0p100;35938.8398438;;42790113280.0;;
;US-MD;1962;p99p100;311487.59375;;;0.0866715759;0.0866715759
;US-MD;1962;p99.9p100;930310.4375;;;0.025885934;0.025885934
;US-MD;1962;p99.99p100;2831913.0;;;0.0078798123;0.0078798123
;US-MD;1962;p90p100;;;;0.3268767893;0.3268767893
;US-MD;1962;p90p91;117475.726562;;;;
;US-MD;1962;p95p96;155213.578125;;;;
;US-MD;1962;p95p100;;;;0.2159412652;0.2159412652
;US-MD;1962;p99.5p100;431253.34375;;;0.0599982329;0.0599982329
;US-MD;1961;p0p100;35170.359375;;40599830528.0;;
;US-MD;1961;p99p100;326605.84375;;;0.0928639472;0.0928639472
;US-MD;1961;p99.9p100;992044.25;;;0.0282068234;0.0282068234
;US-MD;1961;p99.99p100;3226337.25;;;0.0091734547;0.0091734547
;US-MD;1961;p90p100;;;;0.3435445428;0.3435445428
;US-MD;1961;p90p91;120825.859375;;;;
;US-MD;1961;p95p96;160356.640625;;;;
;US-MD;1961;p95p100;;;;0.2279712707;0.2279712707
;US-MD;1961;p99.5p100;456503.96875;;;0.0648989603;0.0648989603
;US-MD;1960;p0p100;34089.2109375;;38106005504.0;;
;US-MD;1960;p99p100;291364.8125;;;0.085471265;0.085471265
;US-MD;1960;p99.9p100;855547.6875;;;0.0250973161;0.0250973161
;US-MD;1960;p99.99p100;2800322.0;;;0.008214687;0.008214687
;US-MD;1960;p90p100;;;;0.3213115335;0.3213115335
;US-MD;1960;p90p91;109532.578125;;;;
;US-MD;1960;p95p96;144638.515625;;;;
;US-MD;1960;p95p100;;;;0.2121470273;0.2121470273
;US-MD;1960;p99.5p100;395195.71875;;;0.0579649247;0.0579649247
;US-MD;1959;p0p100;33819.0976562;;37206532096.0;;
;US-MD;1959;p99p100;335930.5;;;0.0993315876;0.0993315876
;US-MD;1959;p99.9p100;890969.0;;;0.0263451431;0.0263451431
;US-MD;1959;p99.99p100;2820564.0;;;0.008340151;0.008340151
;US-MD;1959;p90p100;;;;0.337711364;0.337711364
;US-MD;1959;p90p91;114210.9375;;;;
;US-MD;1959;p95p96;154658.953125;;;;
;US-MD;1959;p95p100;;;;0.2286562324;0.2286562324
;US-MD;1959;p99.5p100;479749.9375;;;0.0709288418;0.0709288418
;US-MD;1958;p0p100;32356.4433594;;34996232192.0;;
;US-MD;1958;p99p100;267100.09375;;;0.082549274;0.082549274
;US-MD;1958;p99.9p100;746734.375;;;0.0230783839;0.0230783839
;US-MD;1958;p99.99p100;2000936.25;;;0.0061840429;0.0061840429
;US-MD;1958;p90p100;;;;0.3113332391;0.3113332391
;US-MD;1958;p90p91;100736.367188;;;;
;US-MD;1958;p95p96;130710.492188;;;;
;US-MD;1958;p95p100;;;;0.2019852698;0.2019852698
;US-MD;1958;p99.5p100;364981.28125;;;0.0564000979;0.0564000979
;US-MD;1957;p0p100;33825.1171875;;35958779904.0;;
;US-MD;1957;p99p100;279550.1875;;;0.0826457366;0.0826457366
;US-MD;1957;p99.9p100;760696.75;;;0.0224891081;0.0224891081
;US-MD;1957;p99.99p100;2140744.75;;;0.0063288617;0.0063288617
;US-MD;1957;p90p100;;;;0.2992519736;0.2992519736
;US-MD;1957;p90p91;101222.328125;;;;
;US-MD;1957;p95p96;134487.359375;;;;
;US-MD;1957;p95p100;;;;0.1987980604;0.1987980604
;US-MD;1957;p99.5p100;381448.5;;;0.0563853905;0.0563853905
;US-MD;1956;p0p100;34051.8476562;;35523690496.0;;
;US-MD;1956;p99p100;291628.90625;;;0.0856426135;0.0856426135
;US-MD;1956;p99.9p100;857257.25;;;0.0251750592;0.0251750592
;US-MD;1956;p99.99p100;2362538.5;;;0.0069380631;0.0069380631
;US-MD;1956;p90p100;;;;0.3033900261;0.3033900261
;US-MD;1956;p90p91;103309.90625;;;;
;US-MD;1956;p95p96;136461.421875;;;;
;US-MD;1956;p95p100;;;;0.2003730237;0.2003730237
;US-MD;1956;p99.5p100;404268.6875;;;0.0593607612;0.0593607612
;US-MD;1955;p0p100;32802.09375;;33584214016.0;;
;US-MD;1955;p99p100;296473.15625;;;0.0903823897;0.0903823897
;US-MD;1955;p99.9p100;883352.5625;;;0.0269297622;0.0269297622
;US-MD;1955;p99.99p100;2456849.5;;;0.0074899164;0.0074899164
;US-MD;1955;p90p100;;;;0.3106568456;0.3106568456
;US-MD;1955;p90p91;101901.953125;;;;
;US-MD;1955;p95p96;135211.9375;;;;
;US-MD;1955;p95p100;;;;0.2061026245;0.2061026245
;US-MD;1955;p99.5p100;420508.84375;;;0.0640978664;0.0640978664
;US-MD;1954;p0p100;31059.8808594;;31205578752.0;;
;US-MD;1954;p99p100;287375.375;;;0.092523016;0.092523016
;US-MD;1954;p99.9p100;858683.3125;;;0.0276460592;0.0276460592
;US-MD;1954;p99.99p100;2498746.0;;;0.0080449311;0.0080449311
;US-MD;1954;p90p100;;;;0.3186977506;0.3186977506
;US-MD;1954;p90p91;98987.140625;;;;
;US-MD;1954;p95p96;132464.9375;;;;
;US-MD;1954;p95p100;;;;0.2132412344;0.2132412344
;US-MD;1954;p99.5p100;405125.96875;;;0.0652169213;0.0652169213
;US-MD;1953;p0p100;31739.6464844;;31287775232.0;;
;US-MD;1953;p99p100;268642.3125;;;0.0846393555;0.0846393555
;US-MD;1953;p99.9p100;719936.6875;;;0.0226825681;0.0226825681
;US-MD;1953;p99.99p100;1865583.75;;;0.0058777714;0.0058777714
;US-MD;1953;p90p100;;;;0.3113913536;0.3113913536
;US-MD;1953;p90p91;98834.5078125;;;;
;US-MD;1953;p95p96;129632.5;;;;
;US-MD;1953;p95p100;;;;0.2042122483;0.2042122483
;US-MD;1953;p99.5p100;362713.46875;;;0.057138864;0.057138864
;US-MD;1952;p0p100;30796.1308594;;29809887232.0;;
;US-MD;1952;p99p100;293335.65625;;;0.0952508226;0.0952508226
;US-MD;1952;p99.9p100;829845.8125;;;0.026946431;0.026946431
;US-MD;1952;p99.99p100;2250051.0;;;0.0073062787;0.0073062787
;US-MD;1952;p90p100;;;;0.3326426148;0.3326426148
;US-MD;1952;p90p91;102441.054688;;;;
;US-MD;1952;p95p96;136440.671875;;;;
;US-MD;1952;p95p100;;;;0.2215224355;0.2215224355
;US-MD;1952;p99.5p100;401500.21875;;;0.0651867986;0.0651867986
;US-MD;1951;p0p100;29456.2871094;;27976984576.0;;
;US-MD;1951;p99p100;304225.28125;;;0.1032802612;0.1032802612
;US-MD;1951;p99.9p100;866373.0625;;;0.0294121634;0.0294121634
;US-MD;1951;p99.99p100;2275691.25;;;0.007725656;0.007725656
;US-MD;1951;p90p100;;;;0.3244328201;0.3244328201
;US-MD;1951;p90p91;95565.8515625;;;;
;US-MD;1951;p95p96;136273.921875;;;;
;US-MD;1951;p95p100;;;;0.2313155234;0.2313155234
;US-MD;1951;p99.5p100;422424.1875;;;0.0717035756;0.0717035756
;US-MD;1950;p0p100;28098.7851562;;26184626176.0;;
;US-MD;1950;p99p100;316547.5;;;0.112655215;0.112655215
;US-MD;1950;p99.9p100;959466.0625;;;0.0341461748;0.0341461748
;US-MD;1950;p99.99p100;2190880.5;;;0.0077970638;0.0077970638
;US-MD;1950;p90p100;;;;0.3341806233;0.3341806233
;US-MD;1950;p90p91;93900.6953125;;;;
;US-MD;1950;p95p96;135817.859375;;;;
;US-MD;1950;p95p100;;;;0.2416792214;0.2416792214
;US-MD;1950;p99.5p100;447385.75;;;0.0796094462;0.0796094462
;US-MD;1949;p0p100;25858.0859375;;23487232000.0;;
;US-MD;1949;p99p100;268553.84375;;;0.1038568169;0.1038568169
;US-MD;1949;p99.9p100;760619.3125;;;0.0294151437;0.0294151437
;US-MD;1949;p99.99p100;1906737.5;;;0.0073738545;0.0073738545
;US-MD;1949;p90p100;;;;0.341712743;0.341712743
;US-MD;1949;p90p91;88360.3671875;;;;
;US-MD;1949;p95p96;122429.710938;;;;
;US-MD;1949;p95p100;;;;0.2367338985;0.2367338985
;US-MD;1949;p99.5p100;373370.03125;;;0.0721959993;0.0721959993
;US-MD;1948;p0p100;26055.9589844;;23136561152.0;;
;US-MD;1948;p99p100;287892.03125;;;0.1104899123;0.1104899123
;US-MD;1948;p99.9p100;863044.1875;;;0.0331227221;0.0331227221
;US-MD;1948;p99.99p100;2317651.0;;;0.0088948989;0.0088948989
;US-MD;1948;p90p100;;;;0.3355694711;0.3355694711
;US-MD;1948;p90p91;87435.8359375;;;;
;US-MD;1948;p95p96;123312.773438;;;;
;US-MD;1948;p95p100;;;;0.2366306782;0.2366306782
;US-MD;1948;p99.5p100;407892.875;;;0.0782724768;0.0782724768
;US-MD;1947;p0p100;24906.2128906;;21616463872.0;;
;US-MD;1947;p99p100;281766.5625;;;0.1131310388;0.1131310388
;US-MD;1947;p99.9p100;853373.8125;;;0.0342634916;0.0342634916
;US-MD;1947;p99.99p100;2532404.0;;;0.0101677608;0.0101677608
;US-MD;1947;p90p100;;;;0.3477108479;0.3477108479
;US-MD;1947;p90p91;86601.609375;;;;
;US-MD;1947;p95p96;122899.96875;;;;
;US-MD;1947;p95p100;;;;0.2467255145;0.2467255145
;US-MD;1947;p99.5p100;396797.40625;;;0.079658322;0.079658322
;US-MD;1946;p0p100;26470.7832031;;22407444480.0;;
;US-MD;1946;p99p100;324566.3125;;;0.12261305;0.12261305
;US-MD;1946;p99.9p100;993893.5;;;0.0375468135;0.0375468135
;US-MD;1946;p99.99p100;2880426.25;;;0.0108815301;0.0108815301
;US-MD;1946;p90p100;;;;0.3510738015;0.3510738015
;US-MD;1946;p90p91;92931.9765625;;;;
;US-MD;1946;p95p96;135361.375;;;;
;US-MD;1946;p95p100;;;;0.2556807399;0.2556807399
;US-MD;1946;p99.5p100;462431.125;;;0.0873474628;0.0873474628
;US-MD;1945;p0p100;28072.5019531;;23376748544.0;;
;US-MD;1945;p99p100;319877.21875;;;0.1139468178;0.1139468178
;US-MD;1945;p99.9p100;1018495.9375;;;0.0362809114;0.0362809114
;US-MD;1945;p99.99p100;2829882.0;;;0.0100806206;0.0100806206
;US-MD;1945;p90p100;;;;0.3153848648;0.3153848648
;US-MD;1945;p90p91;88536.421875;;;;
;US-MD;1945;p95p96;127669.09375;;;;
;US-MD;1945;p95p100;;;;0.2273917347;0.2273917347
;US-MD;1945;p99.5p100;466460.625;;;0.0830814093;0.0830814093
;US-MD;1944;p0p100;29701.2265625;;24310749184.0;;
;US-MD;1944;p99p100;305133.53125;;;0.1027343124;0.1027343124
;US-MD;1944;p99.9p100;982705.0;;;0.0330863409;0.0330863409
;US-MD;1944;p99.99p100;2896104.0;;;0.0097507881;0.0097507881
;US-MD;1944;p90p100;;;;0.2893715501;0.2893715501
;US-MD;1944;p90p91;85946.8984375;;;;
;US-MD;1944;p95p96;122799.585938;;;;
;US-MD;1944;p95p100;;;;0.2067247629;0.2067247629
;US-MD;1944;p99.5p100;440549.375;;;0.074163489;0.074163489
;US-MD;1943;p0p100;31082.4765625;;24975679488.0;;
;US-MD;1943;p99p100;353568.75;;;0.1137517989;0.1137517989
;US-MD;1943;p99.9p100;1171218.875;;;0.0376810096;0.0376810096
;US-MD;1943;p99.99p100;3109283.5;;;0.0100033339;0.0100033339
;US-MD;1943;p90p100;;;;0.3110030293;0.3110030293
;US-MD;1943;p90p91;96667.4296875;;;;
;US-MD;1943;p95p96;139208.859375;;;;
;US-MD;1943;p95p100;;;;0.2239346653;0.2239346653
;US-MD;1943;p99.5p100;519910.625;;;0.0836340487;0.0836340487
;US-MD;1942;p0p100;27099.5761719;;21334382592.0;;
;US-MD;1942;p99p100;332810.8125;;;0.1228103489;0.1228103489
;US-MD;1942;p99.9p100;1065377.625;;;0.039313443;0.039313443
;US-MD;1942;p99.99p100;2830088.5;;;0.0104432944;0.0104432944
;US-MD;1942;p90p100;;;;0.332372874;0.332372874
;US-MD;1942;p90p91;90071.625;;;;
;US-MD;1942;p95p96;130390.65625;;;;
;US-MD;1942;p95p100;;;;0.2405769527;0.2405769527
;US-MD;1942;p99.5p100;487882.875;;;0.0900167003;0.0900167003
;US-MD;1941;p0p100;22043.6074219;;17050122240.0;;
;US-MD;1941;p99p100;340602.09375;;;0.1545128673;0.1545128673
;US-MD;1941;p99.9p100;1155005.625;;;0.0523964055;0.0523964055
;US-MD;1941;p99.99p100;3421823.75;;;0.0155229773;0.0155229773
;US-MD;1941;p90p100;;;;0.4138221443;0.4138221443
;US-MD;1941;p90p91;91221.3203125;;;;
;US-MD;1941;p95p96;131375.84375;;;;
;US-MD;1941;p95p100;;;;0.2979908288;0.2979908288
;US-MD;1941;p99.5p100;504803.6875;;;0.1145011708;0.1145011708
;US-MD;1940;p0p100;18563.671875;;14121661440.0;;
;US-MD;1940;p99p100;306588.15625;;;0.1651549041;0.1651549041
;US-MD;1940;p99.9p100;1056965.25;;;0.0569372922;0.0569372922
;US-MD;1940;p99.99p100;3240874.75;;;0.0174581558;0.0174581558
;US-MD;1940;p90p100;;;;0.4494635761;0.4494635761
;US-MD;1940;p90p91;83436.9453125;;;;
;US-MD;1940;p95p96;121529.054688;;;;
;US-MD;1940;p95p100;;;;0.3273303211;0.3273303211
;US-MD;1940;p99.5p100;453612.15625;;;0.1221773773;0.1221773773
;US-MD;1939;p0p100;17436.9238281;;13001762816.0;;
;US-MD;1939;p99p100;293896.0;;;0.1685480773;0.1685480773
;US-MD;1939;p99.9p100;1018904.0625;;;0.0584337004;0.0584337004
;US-MD;1939;p99.99p100;3167119.0;;;0.0181632899;0.0181632899
;US-MD;1939;p90p100;;;;0.4950959384;0.4950959384
;US-MD;1939;p90p91;86329.5078125;;;;
;US-MD;1939;p95p96;119673.039062;;;;
;US-MD;1939;p95p100;;;;0.3431598544;0.3431598544
;US-MD;1939;p99.5p100;435167.5;;;0.1247833297;0.1247833297
;US-MD;1938;p0p100;16490.1367188;;12069106688.0;;
;US-MD;1938;p99p100;273035.6875;;;0.1655751318;0.1655751318
;US-MD;1938;p99.9p100;956479.375;;;0.0580031201;0.0580031201
;US-MD;1938;p99.99p100;3271736.25;;;0.0198405646;0.0198405646
;US-MD;1938;p90p100;;;;0.4999609292;0.4999609292
;US-MD;1938;p90p91;82444.2421875;;;;
;US-MD;1938;p95p96;110202.851562;;;;
;US-MD;1938;p95p100;;;;0.3341477811;0.3341477811
;US-MD;1938;p99.5p100;403336.15625;;;0.1222961694;0.1222961694
;US-MD;1937;p0p100;17259.515625;;12404265984.0;;
;US-MD;1937;p99p100;313367.03125;;;0.1815619022;0.1815619022
;US-MD;1937;p99.9p100;1113979.625;;;0.0645429268;0.0645429268
;US-MD;1937;p99.99p100;3438112.25;;;0.0199200958;0.0199200958
;US-MD;1937;p90p100;;;;0.5096395016;0.5096395016
;US-MD;1937;p90p91;87961.3125;;;;
;US-MD;1937;p95p96;121172.023438;;;;
;US-MD;1937;p95p100;;;;0.3510296345;0.3510296345
;US-MD;1937;p99.5p100;468266.46875;;;0.1356545836;0.1356545836
;US-MD;1936;p0p100;16936.7246094;;11973740544.0;;
;US-MD;1936;p99p100;337951.9375;;;0.1995379478;0.1995379478
;US-MD;1936;p99.9p100;1222133.5;;;0.0721587911;0.0721587911
;US-MD;1936;p99.99p100;3601299.5;;;0.0212632585;0.0212632585
;US-MD;1936;p90p100;;;;0.5318220854;0.5318220854
;US-MD;1936;p90p91;90073.2421875;;;;
;US-MD;1936;p95p96;126201.25;;;;
;US-MD;1936;p95p100;;;;0.3725668788;0.3725668788
;US-MD;1936;p99.5p100;509199.3125;;;0.1503240168;0.1503240168
;US-MD;1935;p0p100;15280.8857422;;10624313344.0;;
;US-MD;1935;p99p100;272107.5;;;0.1780705005;0.1780705005
;US-MD;1935;p99.9p100;953772.4375;;;0.0624160431;0.0624160431
;US-MD;1935;p99.99p100;2932118.75;;;0.019188147;0.019188147
;US-MD;1935;p90p100;;;;0.524923861;0.524923861
;US-MD;1935;p90p91;80213.015625;;;;
;US-MD;1935;p95p96;108750.070312;;;;
;US-MD;1935;p95p100;;;;0.3558369577;0.3558369577
;US-MD;1935;p99.5p100;404257.3125;;;0.132275492;0.132275492
;US-MD;1934;p0p100;14759.6259766;;10086159360.0;;
;US-MD;1934;p99p100;253899.5;;;0.1720229983;0.1720229983
;US-MD;1934;p99.9p100;909215.5;;;0.061601527;0.061601527
;US-MD;1934;p99.99p100;3058808.0;;;0.0207241569;0.0207241569
;US-MD;1934;p90p100;;;;0.5285534859;0.5285534859
;US-MD;1934;p90p91;78012.515625;;;;
;US-MD;1934;p95p96;107116.085938;;;;
;US-MD;1934;p95p100;;;;0.3628685772;0.3628685772
;US-MD;1934;p99.5p100;377335.5625;;;0.1278269291;0.1278269291
;US-MD;1933;p0p100;14053.8837891;;9445424128.0;;
;US-MD;1933;p99p100;239997.578125;;;0.1707695574;0.1707695574
;US-MD;1933;p99.9p100;944806.1875;;;0.0672274008;0.0672274008
;US-MD;1933;p99.99p100;3575604.5;;;0.0254421085;0.0254421085
;US-MD;1933;p90p100;;;;0.514954865;0.514954865
;US-MD;1933;p90p91;72371.1640625;;;;
;US-MD;1933;p95p96;99909.015625;;;;
;US-MD;1933;p95p100;;;;0.3554498255;0.3554498255
;US-MD;1933;p99.5p100;362648.375;;;0.1290206909;0.1290206909
;US-MD;1932;p0p100;14983.4785156;;9908490240.0;;
;US-MD;1932;p99p100;240260.75;;;0.1603504568;0.1603504568
;US-MD;1932;p99.9p100;886517.9375;;;0.0591663718;0.0591663718
;US-MD;1932;p99.99p100;2860866.75;;;0.0190934781;0.0190934781
;US-MD;1932;p90p100;;;;0.5211355686;0.5211355686
;US-MD;1932;p90p91;78084.2265625;;;;
;US-MD;1932;p95p96;102334.554688;;;;
;US-MD;1932;p95p100;;;;0.3414913416;0.3414913416
;US-MD;1932;p99.5p100;356561.46875;;;0.1189848855;0.1189848855
;US-MD;1931;p0p100;16615.4511719;;10805813248.0;;
;US-MD;1931;p99p100;277473.09375;;;0.1669970453;0.1669970453
;US-MD;1931;p99.9p100;1042038.9375;;;0.062715061;0.062715061
;US-MD;1931;p99.99p100;4116709.25;;;0.0247763935;0.0247763935
;US-MD;1931;p90p100;;;;0.5117473602;0.5117473602
;US-MD;1931;p90p91;85029.1171875;;;;
;US-MD;1931;p95p96;114443.453125;;;;
;US-MD;1931;p95p100;;;;0.344388634;0.344388634
;US-MD;1931;p99.5p100;411956.59375;;;0.1239679232;0.1239679232
;US-MD;1930;p0p100;17344.1074219;;11078282240.0;;
;US-MD;1930;p99p100;330893.65625;;;0.1907816082;0.1907816082
;US-MD;1930;p99.9p100;1341011.875;;;0.0773180127;0.0773180127
;US-MD;1930;p99.99p100;5687428.0;;;0.0327917039;0.0327917039
;US-MD;1930;p90p100;;;;0.5206776261;0.5206776261
;US-MD;1930;p90p91;90306.8828125;;;;
;US-MD;1930;p95p96;124558.617188;;;;
;US-MD;1930;p95p100;;;;0.3590805531;0.3590805531
;US-MD;1930;p99.5p100;502990.65625;;;0.1450033337;0.1450033337
;US-MD;1929;p0p100;18869.4238281;;11939630080.0;;
;US-MD;1929;p99p100;443010.46875;;;0.2347768843;0.2347768843
;US-MD;1929;p99.9p100;1962608.25;;;0.1040099636;0.1040099636
;US-MD;1929;p99.99p100;8402737.0;;;0.0445309691;0.0445309691
;US-MD;1929;p90p100;;;;0.524971962;0.524971962
;US-MD;1929;p90p91;99059.1875;;;;
;US-MD;1929;p95p96;148787.96875;;;;
;US-MD;1929;p95p100;;;;0.3942567706;0.3942567706
;US-MD;1929;p99.5p100;696685.0625;;;0.184606865;0.184606865
;US-MD;1928;p0p100;15647.9726562;;9810486272.0;;
;US-MD;1928;p99p100;423294.625;;;0.2705108523;0.2705108523
;US-MD;1928;p99.9p100;1745124.375;;;0.1115239859;0.1115239859
;US-MD;1928;p99.99p100;6706064.0;;;0.0428557992;0.0428557992
;US-MD;1928;p90p100;;;;0.6162486672;0.6162486672
;US-MD;1928;p90p91;96430.421875;;;;
;US-MD;1928;p95p96;144242.71875;;;;
;US-MD;1928;p95p100;;;;0.4608990252;0.4608990252
;US-MD;1928;p99.5p100;658755.3125;;;0.2104922235;0.2104922235
;US-MD;1927;p0p100;15753.8320312;;9766463488.0;;
;US-MD;1927;p99p100;398943.4375;;;0.2532357872;0.2532357872
;US-MD;1927;p99.9p100;1676803.375;;;0.1064377949;0.1064377949
;US-MD;1927;p99.99p100;7403769.5;;;0.0469966196;0.0469966196
;US-MD;1927;p90p100;;;;0.5881296992;0.5881296992
;US-MD;1927;p90p91;92652.9765625;;;;
;US-MD;1927;p95p96;136564.078125;;;;
;US-MD;1927;p95p100;;;;0.4334312379;0.4334312379
;US-MD;1927;p99.5p100;618847.875;;;0.1964118332;0.1964118332
;US-MD;1926;p0p100;15115.5478516;;9250703360.0;;
;US-MD;1926;p99p100;351642.375;;;0.2326362133;0.2326362133
;US-MD;1926;p99.9p100;1387347.75;;;0.0917828381;0.0917828381
;US-MD;1926;p99.99p100;5317838.5;;;0.0351812504;0.0351812504
;US-MD;1926;p90p100;;;;0.5800014138;0.5800014138
;US-MD;1926;p90p91;87670.390625;;;;
;US-MD;1926;p95p96;127085.992188;;;;
;US-MD;1926;p95p100;;;;0.420381695;0.420381695
;US-MD;1926;p99.5p100;536054.5625;;;0.1773189306;0.1773189306
;US-MD;1925;p0p100;14470.9570312;;8745419776.0;;
;US-MD;1925;p99p100;355507.96875;;;0.2456699759;0.2456699759
;US-MD;1925;p99.9p100;1406381.125;;;0.0971864685;0.0971864685
;US-MD;1925;p99.99p100;5172868.5;;;0.0357465521;0.0357465521
;US-MD;1925;p90p100;;;;0.5918275118;0.5918275118
;US-MD;1925;p90p91;85643.109375;;;;
;US-MD;1925;p95p96;123456.9375;;;;
;US-MD;1925;p95p100;;;;0.4265679717;0.4265679717
;US-MD;1925;p99.5p100;548131.8125;;;0.1893903017;0.1893903017
;US-MD;1924;p0p100;15017.9052734;;8947945472.0;;
;US-MD;1924;p99p100;301432.375;;;0.2007153034;0.2007153034
;US-MD;1924;p99.9p100;1053130.125;;;0.0701249614;0.0701249614
;US-MD;1924;p99.99p100;3188838.0;;;0.0212335717;0.0212335717
;US-MD;1924;p90p100;;;;0.5253224969;0.5253224969
;US-MD;1924;p90p91;78892.4375;;;;
;US-MD;1924;p95p96;112417.492188;;;;
;US-MD;1924;p95p100;;;;0.3742781878;0.3742781878
;US-MD;1924;p99.5p100;453492.78125;;;0.1509840339;0.1509840339
;US-MD;1923;p0p100;13197.4453125;;7719350272.0;;
;US-MD;1923;p99p100;274202.375;;;0.2077692896;0.2077692896
;US-MD;1923;p99.9p100;903589.9375;;;0.0684670359;0.0684670359
;US-MD;1923;p99.99p100;2732868.5;;;0.0207075588;0.0207075588
;US-MD;1923;p90p100;;;;0.5285518169;0.5285518169
;US-MD;1923;p90p91;69755.328125;;;;
;US-MD;1923;p95p96;103844.109375;;;;
;US-MD;1923;p95p100;;;;0.3934250772;0.3934250772
;US-MD;1923;p99.5p100;406683.4375;;;0.1540765911;0.1540765911
;US-MD;1922;p0p100;13424.5986328;;7723382272.0;;
;US-MD;1922;p99p100;275606.71875;;;0.2052997649;0.2052997649
;US-MD;1922;p99.9p100;939757.0;;;0.0700026155;0.0700026155
;US-MD;1922;p99.99p100;2831394.75;;;0.0210910942;0.0210910942
;US-MD;1922;p90p100;;;;0.5445135832;0.5445135832
;US-MD;1922;p90p91;73098.765625;;;;
;US-MD;1922;p95p96;106545.164062;;;;
;US-MD;1922;p95p100;;;;0.3968281448;0.3968281448
;US-MD;1922;p99.5p100;409100.09375;;;0.1523695737;0.1523695737
;US-MD;1921;p0p100;12045.2363281;;6837809664.0;;
;US-MD;1921;p99p100;229007.0625;;;0.1901224852;0.1901224852
;US-MD;1921;p99.9p100;751265.625;;;0.062370345;0.062370345
;US-MD;1921;p99.99p100;2097280.0;;;0.0174116939;0.0174116939
;US-MD;1921;p90p100;;;;0.5374187827;0.5374187827
;US-MD;1921;p90p91;64733.3710938;;;;
;US-MD;1921;p95p96;93584.2265625;;;;
;US-MD;1921;p95p100;;;;0.3884698451;0.3884698451
;US-MD;1921;p99.5p100;334763.78125;;;0.1389610618;0.1389610618
;US-MD;1920;p0p100;14105.4326172;;7856973312.0;;
;US-MD;1920;p99p100;243863.984375;;;0.1728865504;0.1728865504
;US-MD;1920;p99.9p100;801037.3125;;;0.0567892715;0.0567892715
;US-MD;1920;p99.99p100;2090036.875;;;0.0148172462;0.0148172462
;US-MD;1920;p90p100;;;;0.4465623796;0.4465623796
;US-MD;1920;p90p91;62989.5585938;;;;
;US-MD;1920;p95p96;91959.9609375;;;;
;US-MD;1920;p95p100;;;;0.3259735405;0.3259735405
;US-MD;1920;p99.5p100;359802.09375;;;0.1275402606;0.1275402606
;US-MD;1919;p0p100;15411.1943359;;8426066944.0;;
;US-MD;1919;p99p100;292422.5;;;0.1897467971;0.1897467971
;US-MD;1919;p99.9p100;1069276.375;;;0.0693830922;0.0693830922
;US-MD;1919;p99.99p100;3268326.0;;;0.0212074798;0.0212074798
;US-MD;1919;p90p100;;;;0.4596014023;0.4596014023
;US-MD;1919;p90p91;70830.0703125;;;;
;US-MD;1919;p95p96;105098.445312;;;;
;US-MD;1919;p95p100;;;;0.3409808278;0.3409808278
;US-MD;1919;p99.5p100;440569.15625;;;0.1429380327;0.1429380327
;US-MD;1918;p0p100;14709.7275391;;7940396032.0;;
;US-MD;1918;p99p100;275234.78125;;;0.1871107221;0.1871107221
;US-MD;1918;p99.9p100;1055462.125;;;0.0717526674;0.0717526674
;US-MD;1918;p99.99p100;3612665.5;;;0.0245597046;0.0245597046
;US-MD;1918;p90p100;;;;0.4747197926;0.4747197926
;US-MD;1918;p90p91;69829.984375;;;;
;US-MD;1918;p95p96;100261.054688;;;;
;US-MD;1918;p95p100;;;;0.3407984674;0.3407984674
;US-MD;1918;p99.5p100;421610.34375;;;0.1433100402;0.1433100402
;US-MD;1917;p0p100;15273.8417969;;8247510528.0;;
