Variable Name;.;.;.;Fiscal income  | tax unit | Average | Adults | constant 2015 local currency;Fiscal income  | tax unit | Threshold | Adults | constant 2015 local currency;Fiscal income  | tax unit | Total | Adults | constant 2015 local currency;Fiscal income  | tax unit | Share | Adults | share of total (ratio);Pre-tax national income  | tax unit | Share | Adults | share of total (ratio)
Variable Category;.;.;.;Income inequality;Income inequality;Income inequality;Income inequality;Income inequality
Variable Description;.;.;.;Average Fiscal income within a given percentile group. Fiscal income is defined as the sum of all income items reported on income tax returns, before any deduction. It includes labour income, capital income and mixed income. The concept of fiscal income varies with national tax legislations, so in order to make international comparisons it is preferable to use the concept of national income. The population is comprised of individuals over age 20. The base unit is the tax unit defined by national fiscal administrations to measure personal income taxes.;Fiscal income threshold value at a given percentile.  Fiscal income is defined as the sum of all income items reported on income tax returns, before any deduction. It includes labour income, capital income and mixed income. The concept of fiscal income varies with national tax legislations, so in order to make international comparisons it is preferable to use the concept of national income. The population is comprised of individuals over age 20. The base unit is the tax unit defined by national fiscal administrations to measure personal income taxes.;Total Fiscal income  within a given percentile group. Fiscal income is defined as the sum of all income items reported on income tax returns, before any deduction. It includes labour income, capital income and mixed income. The concept of fiscal income varies with national tax legislations, so in order to make international comparisons it is preferable to use the concept of national income. The population is comprised of individuals over age 20.;Fiscal income share held by a given percentile group. Fiscal income is defined as the sum of all income items reported on income tax returns, before any deduction. It includes labour income, capital income and mixed income. The concept of fiscal income varies with national tax legislations, so in order to make international comparisons it is preferable to use the concept of national income. The population is comprised of individuals over age 20. The base unit is the tax unit defined by national fiscal administrations to measure personal income taxes.;Pre-tax national income share held by a given percentile group. Pre-tax national income  is the sum of all pre-tax personal income flows accruing to the owners of the production factors, labor and capital, before taking into account the operation of the tax/transfer system, but after taking into account the operation of pension system. The central difference between personal factor income and pre-tax income is the treatment of pensions, which are counted on a contribution basis by factor income and on a distribution basis by pre-tax income. The population is comprised of individuals over age 20. The base unit is the tax unit defined by national fiscal administrations to measure personal income taxes.
Variable Decomposition;.;.;.;[Fiscal income ]=[Fiscal labour income ]+[Fiscal capital income ];[Fiscal income ]=[Fiscal labour income ]+[Fiscal capital income ];[Fiscal income ]=[Fiscal labour income ]+[Fiscal capital income ];[Fiscal income ]=[Fiscal labour income ]+[Fiscal capital income ];Pre-tax national income =Pre-tax labor income [total pre-tax income ranking]+Pre-tax capital income [total pre-tax income ranking]
Variable Unit;.;.;.;"USD; United States dollar | local currency | market";"USD; United States dollar | local currency | market";"USD; United States dollar | local currency | market";share;share
Methodological Notes;.;.;.;;;;;Assuming the same distribution as fiscal income.
Sources;.;.;.;Frank, Sommeiller, Price & Saez (2015);Frank, Sommeiller, Price & Saez (2015);Frank, Sommeiller, Price & Saez (2015);Frank, Sommeiller, Price & Saez (2015);WID.world computations using: Frank, Sommeiller, Price & Saez (2015)
Variable Code;country;year;perc;afiinc992t;tfiinc992t;mfiinc992t;sfiinc992t;sptinc992t
;US-FL;2014;p0p100;51544.46875;;5.5508992e+11;;
;US-FL;2014;p99p100;;416503.6875;;0.2831378877;0.2831378877
;US-FL;2014;p99.9p100;;2163671.75;;0.1480449289;0.1480449289
;US-FL;2014;p99.99p100;;11378564.0;;0.0751521811;0.0751521811
;US-FL;2014;p90p100;;111650.976562;;0.58790344;0.58790344
;US-FL;2014;p90p91;306976.09375;;;;
;US-FL;2014;p95p96;480118.5;;;;
;US-FL;2014;p90p95;133833.703125;111650.976562;;0.1267916262;0.1267916262
;US-FL;2014;p95p99;231218.34375;151052.859375;;0.1781035066;0.1781035066
;US-FL;2014;p99.5p99.9;1098989.375;678120.1875;;0.0850086212;0.0850086212
;US-FL;2014;p99.9p99.99;4083765.25;2163671.75;;0.0726028457;0.0726028457
;US-FL;2014;p99p99.5;521804.90625;416503.6875;;0.0500174239;0.0500174239
;US-FL;2014;p95p100;;151052.859375;;0.4613240361;0.4613240361
;US-FL;2014;p0p90;23163.1777344;;;0.4123238027;0.4123238027
;US-FL;2014;p0p99;37158.8671875;;;0.7168620825;0.7168620825
;US-FL;2014;p99.5p100;;678120.1875;;0.2331268787;0.2331268787
;US-FL;2014;p99.5p99.6;2429633.25;;;;
;US-FL;2014;p99.99p99.991;40768200.0;;;;
;US-FL;2014;p99.9p99.91;7752208.5;;;;
;US-FL;2014;p99p99.1;1475719.125;;;;
;US-FL;2013;p0p100;50513.390625;;5.2058210304e+11;;
;US-FL;2013;p99p100;;402212.71875;;0.2578698993;0.2578698993
;US-FL;2013;p99.9p100;;1995453.625;;0.1282044202;0.1282044202
;US-FL;2013;p99.99p100;;9917832.0;;0.0628836527;0.0628836527
;US-FL;2013;p90p100;;112221.617188;;0.5629720688;0.5629720688
;US-FL;2013;p90p91;290451.96875;;;;
;US-FL;2013;p95p96;445939.71875;;;;
;US-FL;2013;p90p95;134964.1875;112221.617188;;0.1287308484;0.1287308484
;US-FL;2013;p95p99;227185.125;149574.0625;;0.1767134517;0.1767134517
;US-FL;2013;p99.5p99.9;1031025.9375;651368.125;;0.080290772;0.080290772
;US-FL;2013;p99.9p99.99;3672918.0;1995453.625;;0.0652651712;0.0652651712
;US-FL;2013;p99p99.5;502675.0625;402212.71875;;0.0493476763;0.0493476763
;US-FL;2013;p95p100;;149574.0625;;0.4345086813;0.4345086813
;US-FL;2013;p0p90;23853.5507812;;;0.4367684126;0.4367684126
;US-FL;2013;p0p99;37680.6171875;;;0.7421301007;0.7421301007
;US-FL;2013;p99.5p100;;651368.125;;0.208487615;0.208487615
;US-FL;2013;p99.5p99.6;2139241.0;;;;
;US-FL;2013;p99.99p99.991;32664756.0;;;;
;US-FL;2013;p99.9p99.91;6572102.0;;;;
;US-FL;2013;p99p99.1;1320958.125;;;;
;US-FL;2012;p0p100;51821.796875;;5.35720624128e+11;;
;US-FL;2012;p99p100;1530114.25;;;0.2952645719;0.2952645719
;US-FL;2012;p99.9p100;8302092.0;;;0.1602046341;0.1602046341
;US-FL;2012;p99.99p100;42572124.0;;;0.0821509883;0.0821509883
;US-FL;2012;p90p100;;;;0.5852922797;0.5852922797
;US-FL;2012;p90p91;303309.0;;;;
;US-FL;2012;p95p96;479568.15625;;;;
;US-FL;2012;p95p100;;;;0.4627088904;0.4627088904
;US-FL;2012;p99.5p100;2554154.0;;;0.2464362532;0.2464362532
;US-FL;2011;p0p100;50108.3242188;;5.04216420352e+11;;
;US-FL;2011;p99p100;1224442.5;;;0.2443591058;0.2443591058
;US-FL;2011;p99.9p100;6243966.0;;;0.1246093586;0.1246093586
;US-FL;2011;p99.99p100;31144656.0;;;0.0621546581;0.0621546581
;US-FL;2011;p90p100;;;;0.5337153673;0.5337153673
;US-FL;2011;p90p91;267435.84375;;;;
;US-FL;2011;p95p96;409866.375;;;;
;US-FL;2011;p95p100;;;;0.4089803398;0.4089803398
;US-FL;2011;p99.5p100;1991930.0;;;0.198762387;0.198762387
;US-FL;2010;p0p100;51076.1914062;;5.03107059712e+11;;
;US-FL;2010;p99p100;1199272.0;;;0.234800607;0.234800607
;US-FL;2010;p99.9p100;6049459.5;;;0.1184399202;0.1184399202
;US-FL;2010;p99.99p100;30623316.0;;;0.0599561483;0.0599561483
;US-FL;2010;p90p100;;;;0.5173746347;0.5173746347
;US-FL;2010;p90p91;264255.28125;;;;
;US-FL;2010;p95p96;403132.09375;;;;
;US-FL;2010;p95p100;;;;0.3946379721;0.3946379721
;US-FL;2010;p99.5p100;1940969.0;;;0.1900072247;0.1900072247
;US-FL;2009;p0p100;49262.9414062;;4.77142581248e+11;;
;US-FL;2009;p99p100;1119806.5;;;0.2273121476;0.2273121476
;US-FL;2009;p99.9p100;5894451.5;;;0.1196528524;0.1196528524
;US-FL;2009;p99.99p100;31815680.0;;;0.0645833984;0.0645833984
;US-FL;2009;p90p100;;;;0.5148142576;0.5148142576
;US-FL;2009;p90p91;253612.65625;;;;
;US-FL;2009;p95p96;382462.0625;;;;
;US-FL;2009;p95p100;;;;0.3881843388;0.3881843388
;US-FL;2009;p99.5p100;1824334.5;;;0.1851629764;0.1851629764
;US-FL;2008;p0p100;56356.7226562;;5.40836724736e+11;;
;US-FL;2008;p99p100;1447617.25;;;0.2568667829;0.2568667829
;US-FL;2008;p99.9p100;8139408.0;;;0.1444265544;0.1444265544
;US-FL;2008;p99.99p100;44614860.0;;;0.0791651011;0.0791651011
;US-FL;2008;p90p100;;;;0.5262057185;0.5262057185
;US-FL;2008;p90p91;296552.28125;;;;
;US-FL;2008;p95p96;462768.96875;;;;
;US-FL;2008;p95p100;;;;0.4105711877;0.4105711877
;US-FL;2008;p99.5p100;2420350.0;;;0.2147347778;0.2147347778
;US-FL;2007;p0p100;63226.5625;;6.01834913792e+11;;
;US-FL;2007;p99p100;1919193.875;;;0.3035423458;0.3035423458
;US-FL;2007;p99.9p100;11383565.0;;;0.1800440252;0.1800440252
;US-FL;2007;p99.99p100;63572200.0;;;0.1005466655;0.1005466655
;US-FL;2007;p90p100;;;;0.5644218922;0.5644218922
;US-FL;2007;p90p91;356864.5625;;;;
;US-FL;2007;p95p96;577765.125;;;;
;US-FL;2007;p95p100;;;;0.4569005966;0.4569005966
;US-FL;2007;p99.5p100;3277427.25;;;0.2591812015;0.2591812015
;US-FL;2006;p0p100;61924.265625;;5.81863931904e+11;;
;US-FL;2006;p99p100;1935327.625;;;0.3125313818;0.3125313818
;US-FL;2006;p99.9p100;11310472.0;;;0.1826500744;0.1826500744
;US-FL;2006;p99.99p100;61341636.0;;;0.0990591273;0.0990591273
;US-FL;2006;p90p100;;;;0.5809770823;0.5809770823
;US-FL;2006;p90p91;359765.78125;;;;
;US-FL;2006;p95p96;585386.25;;;;
;US-FL;2006;p95p100;;;;0.4726630151;0.4726630151
;US-FL;2006;p99.5p100;3293554.5;;;0.2659340799;0.2659340799
;US-FL;2005;p0p100;60063.6367188;;5.48146413568e+11;;
;US-FL;2005;p99p100;1907219.25;;;0.3175331056;0.3175331056
;US-FL;2005;p99.9p100;11061799.0;;;0.184167996;0.184167996
;US-FL;2005;p99.99p100;59763936.0;;;0.0995010287;0.0995010287
;US-FL;2005;p90p100;;;;0.5947950482;0.5947950482
;US-FL;2005;p90p91;357255.5;;;;
;US-FL;2005;p95p96;583983.4375;;;;
;US-FL;2005;p95p100;;;;0.4861373007;0.4861373007
;US-FL;2005;p99.5p100;3232021.75;;;0.2690498233;0.2690498233
;US-FL;2004;p0p100;56666.9335938;;4.98840764416e+11;;
;US-FL;2004;p99p100;1504754.375;;;0.2655436695;0.2655436695
;US-FL;2004;p99.9p100;8182889.5;;;0.1444032639;0.1444032639
;US-FL;2004;p99.99p100;42601944.0;;;0.0751795545;0.0751795545
;US-FL;2004;p90p100;;;;0.5413686633;0.5413686633
;US-FL;2004;p90p91;306776.96875;;;;
;US-FL;2004;p95p96;487414.96875;;;;
;US-FL;2004;p95p100;;;;0.4300700724;0.4300700724
;US-FL;2004;p99.5p100;2491524.25;;;0.2198393643;0.2198393643
;US-FL;2003;p0p100;53777.3789062;;4.5265321984e+11;;
;US-FL;2003;p99p100;1113141.0;;;0.2069905698;0.2069905698
;US-FL;2003;p99.9p100;5501048.5;;;0.1022929847;0.1022929847
;US-FL;2003;p99.99p100;26886178.0;;;0.049995333;0.049995333
;US-FL;2003;p90p100;;;;0.475220263;0.475220263
;US-FL;2003;p90p91;255561.0;;;;
;US-FL;2003;p95p96;389048.40625;;;;
;US-FL;2003;p95p100;;;;0.3617212474;0.3617212474
;US-FL;2003;p99.5p100;1787461.625;;;0.1661908478;0.1661908478
;US-FL;2002;p0p100;53210.9375;;4.43211350016e+11;;
;US-FL;2002;p99p100;1110619.875;;;0.2087202221;0.2087202221
;US-FL;2002;p99.9p100;5407287.5;;;0.1016198546;0.1016198546
;US-FL;2002;p99.99p100;25886636.0;;;0.0486490875;0.0486490875
;US-FL;2002;p90p100;;;;0.4814736843;0.4814736843
;US-FL;2002;p90p91;256196.640625;;;;
;US-FL;2002;p95p96;389840.375;;;;
;US-FL;2002;p95p100;;;;0.3663160205;0.3663160205
;US-FL;2002;p99.5p100;1776084.875;;;0.1668909639;0.1668909639
;US-FL;2001;p0p100;54287.4335938;;4.4887506944e+11;;
;US-FL;2001;p99p100;1178939.0;;;0.217166096;0.217166096
;US-FL;2001;p99.9p100;5628709.0;;;0.1036834717;0.1036834717
;US-FL;2001;p99.99p100;25795966.0;;;0.0475173779;0.0475173779
;US-FL;2001;p90p100;;;;0.4896687269;0.4896687269
;US-FL;2001;p90p91;265828.5625;;;;
;US-FL;2001;p95p96;407707.9375;;;;
;US-FL;2001;p95p100;;;;0.3755086064;0.3755086064
;US-FL;2001;p99.5p100;1877590.125;;;0.1729304641;0.1729304641
;US-FL;2000;p0p100;56840.7382812;;4.5972045824e+11;;
;US-FL;2000;p99p100;1439687.875;;;0.2532845438;0.2532845438
;US-FL;2000;p99.9p100;7271611.5;;;0.1279295832;0.1279295832
;US-FL;2000;p99.99p100;33748904.0;;;0.0593745001;0.0593745001
;US-FL;2000;p90p100;;;;0.5295077562;0.5295077562
;US-FL;2000;p90p91;300976.125;;;;
;US-FL;2000;p95p96;472631.09375;;;;
;US-FL;2000;p95p100;;;;0.4157503247;0.4157503247
;US-FL;2000;p99.5p100;2338967.75;;;0.2057474703;0.2057474703
;US-FL;1999;p0p100;57363.0625;;4.35968671744e+11;;
;US-FL;1999;p99p100;1385082.375;;;0.2414589226;0.2414589226
;US-FL;1999;p99.9p100;6803357.0;;;0.1186017022;0.1186017022
;US-FL;1999;p99.99p100;30442908.0;;;0.053070575;0.053070575
;US-FL;1999;p90p100;;;;0.5183429718;0.5183429718
;US-FL;1999;p90p91;297337.40625;;;;
;US-FL;1999;p95p96;464532.5;;;;
;US-FL;1999;p95p100;;;;0.4049055874;0.4049055874
;US-FL;1999;p99.5p100;2234359.5;;;0.1947559416;0.1947559416
;US-FL;1998;p0p100;54447.3828125;;4.09117589504e+11;;
;US-FL;1998;p99p100;1325252.625;;;0.2434006184;0.2434006184
;US-FL;1998;p99.9p100;6610167.0;;;0.1214046925;0.1214046925
;US-FL;1998;p99.99p100;30223730.0;;;0.0555099808;0.0555099808
;US-FL;1998;p90p100;;;;0.5179440975;0.5179440975
;US-FL;1998;p90p91;282007.0;;;;
;US-FL;1998;p95p96;440062.15625;;;;
;US-FL;1998;p95p100;;;;0.4041169286;0.4041169286
;US-FL;1998;p99.5p100;2150311.5;;;0.1974669397;0.1974669397
;US-FL;1997;p0p100;50603.640625;;3.75699963904e+11;;
;US-FL;1997;p99p100;1191885.875;;;0.23553361;0.23553361
;US-FL;1997;p99.9p100;5824617.5;;;0.1151027381;0.1151027381
;US-FL;1997;p99.99p100;26591306.0;;;0.0525482073;0.0525482073
;US-FL;1997;p90p100;;;;0.5152046084;0.5152046084
;US-FL;1997;p90p91;260712.28125;;;;
;US-FL;1997;p95p96;403566.84375;;;;
;US-FL;1997;p95p100;;;;0.398752749;0.398752749
;US-FL;1997;p99.5p100;1924679.0;;;0.1901720017;0.1901720017
;US-FL;1996;p0p100;48433.25;;3.50476959744e+11;;
;US-FL;1996;p99p100;1025681.625;;;0.2117721885;0.2117721885
;US-FL;1996;p99.9p100;4905075.0;;;0.1012749374;0.1012749374
;US-FL;1996;p99.99p100;22835856.0;;;0.0471491292;0.0471491292
;US-FL;1996;p90p100;;;;0.4882664979;0.4882664979
;US-FL;1996;p90p91;236483.34375;;;;
;US-FL;1996;p95p96;359741.375;;;;
;US-FL;1996;p95p100;;;;0.3713785112;0.3713785112
;US-FL;1996;p99.5p100;1633860.5;;;0.1686713547;0.1686713547
;US-FL;1995;p0p100;45925.2382812;;3.28690761728e+11;;
;US-FL;1995;p99p100;872036.0;;;0.1898816377;0.1898816377
;US-FL;1995;p99.9p100;3917723.25;;;0.0853065401;0.0853065401
;US-FL;1995;p99.99p100;17146990.0;;;0.0373367481;0.0373367481
;US-FL;1995;p90p100;;;;0.4640027881;0.4640027881
;US-FL;1995;p90p91;213094.375;;;;
;US-FL;1995;p95p96;318274.875;;;;
;US-FL;1995;p95p100;;;;0.3465141356;0.3465141356
;US-FL;1995;p99.5p100;1364200.0;;;0.1485240012;0.1485240012
;US-FL;1994;p0p100;44198.8984375;;3.089997824e+11;;
;US-FL;1994;p99p100;795119.75;;;0.1798958331;0.1798958331
;US-FL;1994;p99.9p100;3530023.0;;;0.0798667669;0.0798667669
;US-FL;1994;p99.99p100;15731203.0;;;0.0355918445;0.0355918445
;US-FL;1994;p90p100;;;;0.4504585564;0.4504585564
;US-FL;1994;p90p91;199097.703125;;;;
;US-FL;1994;p95p96;295654.78125;;;;
;US-FL;1994;p95p100;;;;0.3344594538;0.3344594538
;US-FL;1994;p99.5p100;1236928.25;;;0.1399275064;0.1399275064
;US-FL;1993;p0p100;43633.171875;;3.0145511424e+11;;
;US-FL;1993;p99p100;773421.25;;;0.1772553176;0.1772553176
;US-FL;1993;p99.9p100;3390912.5;;;0.077714093;0.077714093
;US-FL;1993;p99.99p100;14939527.0;;;0.0342389196;0.0342389196
;US-FL;1993;p90p100;;;;0.4491093159;0.4491093159
;US-FL;1993;p90p91;195960.65625;;;;
;US-FL;1993;p95p96;289537.375;;;;
;US-FL;1993;p95p100;;;;0.3317858279;0.3317858279
;US-FL;1993;p99.5p100;1201400.375;;;0.137670517;0.137670517
;US-FL;1992;p0p100;43563.703125;;2.96147124224e+11;;
;US-FL;1992;p99p100;819520.9375;;;0.1881201267;0.1881201267
;US-FL;1992;p99.9p100;3691571.0;;;0.0847396106;0.0847396106
;US-FL;1992;p99.99p100;16517530.0;;;0.0379158109;0.0379158109
;US-FL;1992;p90p100;;;;0.4604694247;0.4604694247
;US-FL;1992;p90p91;200597.53125;;;;
;US-FL;1992;p95p96;297236.3125;;;;
;US-FL;1992;p95p100;;;;0.3411513269;0.3411513269
;US-FL;1992;p99.5p100;1286060.75;;;0.1476069093;0.1476069093
;US-FL;1991;p0p100;44101.453125;;2.92481138688e+11;;
;US-FL;1991;p99p100;726020.1875;;;0.1646250039;0.1646250039
;US-FL;1991;p99.9p100;3027074.25;;;0.0686388761;0.0686388761
;US-FL;1991;p99.99p100;12574915.0;;;0.0285136085;0.0285136085
;US-FL;1991;p90p100;;;;0.431537658;0.431537658
;US-FL;1991;p90p91;190314.375;;;;
;US-FL;1991;p95p96;275927.0625;;;;
;US-FL;1991;p95p100;;;;0.3128321767;0.3128321767
;US-FL;1991;p99.5p100;1112965.625;;;0.126182422;0.126182422
;US-FL;1990;p0p100;45863.171875;;2.96914747392e+11;;
;US-FL;1990;p99p100;826425.0625;;;0.1801936179;0.1801936179
;US-FL;1990;p99.9p100;3659723.5;;;0.0797965527;0.0797965527
;US-FL;1990;p99.99p100;15974288.0;;;0.0348303132;0.0348303132
;US-FL;1990;p90p100;;;;0.441073209;0.441073209
;US-FL;1990;p90p91;202290.171875;;;;
;US-FL;1990;p95p96;299759.5;;;;
;US-FL;1990;p95p100;;;;0.3267976046;0.3267976046
;US-FL;1990;p99.5p100;1295357.125;;;0.1412197351;0.1412197351
;US-FL;1989;p0p100;46348.6289062;;2.91174219776e+11;;
;US-FL;1989;p99p100;883942.125;;;0.190715909;0.190715909
;US-FL;1989;p99.9p100;4282597.0;;;0.0923996419;0.0923996419
;US-FL;1989;p99.99p100;20499026.0;;;0.0442278981;0.0442278981
;US-FL;1989;p90p100;;;;0.4510907531;0.4510907531
;US-FL;1989;p90p91;209074.390625;;;;
;US-FL;1989;p95p96;312204.4375;;;;
;US-FL;1989;p95p100;;;;0.3368000388;0.3368000388
;US-FL;1989;p99.5p100;1417427.875;;;0.1529093534;0.1529093534
;US-FL;1988;p0p100;45851.8125;;2.78080749568e+11;;
;US-FL;1988;p99p100;979807.125;;;0.213689968;0.213689968
;US-FL;1988;p99.9p100;5117335.0;;;0.1116059646;0.1116059646
;US-FL;1988;p99.99p100;25642138.0;;;0.0559239425;0.0559239425
;US-FL;1988;p90p100;;;;0.4708376527;0.4708376527
;US-FL;1988;p90p91;215887.578125;;;;
;US-FL;1988;p95p96;328014.375;;;;
;US-FL;1988;p95p100;;;;0.3576896787;0.3576896787
;US-FL;1988;p99.5p100;1611619.75;;;0.1757422239;0.1757422239
;US-FL;1987;p0p100;43355.296875;;2.56138067968e+11;;
;US-FL;1987;p99p100;724356.5625;;;0.1670745313;0.1670745313
;US-FL;1987;p99.9p100;3271565.5;;;0.0754594207;0.0754594207
;US-FL;1987;p99.99p100;14872341.0;;;0.0343034007;0.0343034007
;US-FL;1987;p90p100;;;;0.4323000908;0.4323000908
;US-FL;1987;p90p91;187424.984375;;;;
;US-FL;1987;p95p96;272512.4375;;;;
;US-FL;1987;p95p100;;;;0.3142781258;0.3142781258
;US-FL;1987;p99.5p100;1132564.75;;;0.1306143403;0.1306143403
;US-FL;1986;p0p100;44792.7890625;;2.5692454912e+11;;
;US-FL;1986;p99p100;1032373.0;;;0.2304775268;0.2304775268
;US-FL;1986;p99.9p100;5788210.0;;;0.1292219311;0.1292219311
;US-FL;1986;p99.99p100;31698000.0;;;0.0707658604;0.0707658604
;US-FL;1986;p90p100;;;;0.4818379879;0.4818379879
;US-FL;1986;p90p91;215828.671875;;;;
;US-FL;1986;p95p96;333165.21875;;;;
;US-FL;1986;p95p100;;;;0.3718960881;0.3718960881
;US-FL;1986;p99.5p100;1734862.0;;;0.1936541796;0.1936541796
;US-FL;1985;p0p100;41890.6679688;;2.3605051392e+11;;
;US-FL;1985;p99p100;823215.0625;;;0.1965151578;0.1965151578
;US-FL;1985;p99.9p100;4541922.5;;;0.1084232554;0.1084232554
;US-FL;1985;p99.99p100;25001604.0;;;0.0596829951;0.0596829951
;US-FL;1985;p90p100;;;;0.4464619458;0.4464619458
;US-FL;1985;p90p91;187025.875;;;;
;US-FL;1985;p95p96;283340.90625;;;;
;US-FL;1985;p95p100;;;;0.3381909728;0.3381909728
;US-FL;1985;p99.5p100;1371377.75;;;0.1636853665;0.1636853665
;US-FL;1984;p0p100;40670.8085938;;2.25246117888e+11;;
;US-FL;1984;p99p100;663399.9375;;;0.1631145179;0.1631145179
;US-FL;1984;p99.9p100;3299970.5;;;0.0811385512;0.0811385512
;US-FL;1984;p99.99p100;16973852.0;;;0.0417347252;0.0417347252
;US-FL;1984;p90p100;;;;0.4117254019;0.4117254019
;US-FL;1984;p90p91;167452.0625;;;;
;US-FL;1984;p95p96;245933.71875;;;;
;US-FL;1984;p95p100;;;;0.3023467064;0.3023467064
;US-FL;1984;p99.5p100;1067019.875;;;0.1311776191;0.1311776191
;US-FL;1983;p0p100;39092.59375;;2.12850540544e+11;;
;US-FL;1983;p99p100;519858.28125;;;0.1329812706;0.1329812706
;US-FL;1983;p99.9p100;2096176.125;;;0.0536207967;0.0536207967
;US-FL;1983;p99.99p100;8568778.0;;;0.0219191853;0.0219191853
;US-FL;1983;p90p100;;;;0.3853725791;0.3853725791
;US-FL;1983;p90p91;150652.15625;;;;
;US-FL;1983;p95p96;211458.578125;;;;
;US-FL;1983;p95p100;;;;0.2704586089;0.2704586089
;US-FL;1983;p99.5p100;785319.375;;;0.1004434973;0.1004434973
;US-FL;1982;p0p100;38075.4101562;;1.87675000832e+11;;
;US-FL;1982;p99p100;484017.40625;;;0.1271207333;0.1271207333
;US-FL;1982;p99.9p100;1872159.125;;;0.0491697714;0.0491697714
;US-FL;1982;p99.99p100;7773265.0;;;0.0204154458;0.0204154458
;US-FL;1982;p90p100;;;;0.3774891496;0.3774891496
;US-FL;1982;p90p91;143730.546875;;;;
;US-FL;1982;p95p96;198183.421875;;;;
;US-FL;1982;p95p100;;;;0.2602511942;0.2602511942
;US-FL;1982;p99.5p100;714206.875;;;0.0937884748;0.0937884748
;US-FL;1981;p0p100;42330.5585938;;1.86554875904e+11;;
;US-FL;1981;p99p100;496199.03125;;;0.1172200516;0.1172200516
;US-FL;1981;p99.9p100;1862566.875;;;0.0440005288;0.0440005288
;US-FL;1981;p99.99p100;7219973.5;;;0.0170561746;0.0170561746
;US-FL;1981;p90p100;;;;0.3671942651;0.3671942651
;US-FL;1981;p90p91;155435.375;;;;
;US-FL;1981;p95p96;213114.546875;;;;
;US-FL;1981;p95p100;;;;0.2517265975;0.2517265975
;US-FL;1981;p99.5p100;731971.375;;;0.086458981;0.086458981
;US-FL;1980;p0p100;42246.4296875;;1.78986827776e+11;;
;US-FL;1980;p99p100;506419.28125;;;0.1198726743;0.1198726743
;US-FL;1980;p99.9p100;1752675.625;;;0.0414869487;0.0414869487
;US-FL;1980;p99.99p100;6379637.0;;;0.0151010072;0.0151010072
;US-FL;1980;p90p100;;;;0.3686169684;0.3686169684
;US-FL;1980;p90p91;155727.515625;;;;
;US-FL;1980;p95p96;216259.390625;;;;
;US-FL;1980;p95p100;;;;0.2559498847;0.2559498847
;US-FL;1980;p99.5p100;734071.5;;;0.0868797004;0.0868797004
;US-FL;1979;p0p100;40829.7929688;;1.66484639744e+11;;
;US-FL;1979;p99p100;502100.0625;;;0.1229739413;0.1229739413
;US-FL;1979;p99.9p100;1814084.75;;;0.0444304124;0.0444304124
;US-FL;1979;p99.99p100;7228492.5;;;0.0177039634;0.0177039634
;US-FL;1979;p90p100;;;;0.369397074;0.369397074
;US-FL;1979;p90p91;150824.078125;;;;
;US-FL;1979;p95p96;211248.4375;;;;
;US-FL;1979;p95p100;;;;0.2586939633;0.2586939633
;US-FL;1979;p99.5p100;727598.8125;;;0.0891014561;0.0891014561
;US-FL;1978;p0p100;39218.7890625;;1.54280230912e+11;;
;US-FL;1978;p99p100;420635.09375;;;0.1072534695;0.1072534695
;US-FL;1978;p99.9p100;1305488.5;;;0.033287324;0.033287324
;US-FL;1978;p99.99p100;4248495.0;;;0.0108328052;0.0108328052
;US-FL;1978;p90p100;;;;0.3601560593;0.3601560593
;US-FL;1978;p90p91;141248.84375;;;;
;US-FL;1978;p95p96;195100.9375;;;;
;US-FL;1978;p95p100;;;;0.248734042;0.248734042
;US-FL;1978;p99.5p100;588796.625;;;0.0750656351;0.0750656351
;US-FL;1977;p0p100;37904.0507812;;1.43309160448e+11;;
;US-FL;1977;p99p100;400521.71875;;;0.1056672633;0.1056672633
;US-FL;1977;p99.9p100;1256552.25;;;0.0331508704;0.0331508704
;US-FL;1977;p99.99p100;4249390.5;;;0.0112109138;0.0112109138
;US-FL;1977;p90p100;;;;0.3580684364;0.3580684364
;US-FL;1977;p90p91;135722.4375;;;;
;US-FL;1977;p95p96;185052.046875;;;;
;US-FL;1977;p95p100;;;;0.2441059053;0.2441059053
;US-FL;1977;p99.5p100;560876.625;;;0.0739863664;0.0739863664
;US-FL;1976;p0p100;37671.390625;;1.3697437696e+11;;
;US-FL;1976;p99p100;384794.65625;;;0.1021450609;0.1021450609
;US-FL;1976;p99.9p100;1182307.875;;;0.0313847698;0.0313847698
;US-FL;1976;p99.99p100;3900755.0;;;0.0103546875;0.0103546875
;US-FL;1976;p90p100;;;;0.3561619222;0.3561619222
;US-FL;1976;p90p91;134171.15625;;;;
;US-FL;1976;p95p96;180388.609375;;;;
;US-FL;1976;p95p100;;;;0.239423871;0.239423871
;US-FL;1976;p99.5p100;536170.25;;;0.0711641163;0.0711641163
;US-FL;1975;p0p100;37567.78125;;1.31449462784e+11;;
;US-FL;1975;p99p100;389844.1875;;;0.1037708819;0.1037708819
;US-FL;1975;p99.9p100;1229034.75;;;0.0327151269;0.0327151269
;US-FL;1975;p99.99p100;4560573.0;;;0.0121395858;0.0121395858
;US-FL;1975;p90p100;;;;0.3563315272;0.3563315272
;US-FL;1975;p90p91;133865.84375;;;;
;US-FL;1975;p95p96;181334.375;;;;
;US-FL;1975;p95p100;;;;0.2413429469;0.2413429469
;US-FL;1975;p99.5p100;544306.625;;;0.0724432766;0.0724432766
;US-FL;1974;p0p100;41014.234375;;1.38060873728e+11;;
;US-FL;1974;p99p100;421139.09375;;;0.1026811972;0.1026811972
;US-FL;1974;p99.9p100;1359435.0;;;0.0331454426;0.0331454426
;US-FL;1974;p99.99p100;4712171.5;;;0.0114891119;0.0114891119
;US-FL;1974;p90p100;;;;0.3471525013;0.3471525013
;US-FL;1974;p90p91;142381.9375;;;;
;US-FL;1974;p95p96;193510.453125;;;;
;US-FL;1974;p95p100;;;;0.2359064519;0.2359064519
;US-FL;1974;p99.5p100;595852.375;;;0.0726397112;0.0726397112
;US-FL;1973;p0p100;41789.5703125;;1.35438770176e+11;;
;US-FL;1973;p99p100;485909.40625;;;0.1162752882;0.1162752882
;US-FL;1973;p99.9p100;1600714.875;;;0.0383041725;0.0383041725
;US-FL;1973;p99.99p100;5805792.0;;;0.0138929207;0.0138929207
;US-FL;1973;p90p100;;;;0.3720032275;0.3720032275
;US-FL;1973;p90p91;155458.546875;;;;
;US-FL;1973;p95p96;217044.484375;;;;
;US-FL;1973;p95p100;;;;0.2596873939;0.2596873939
;US-FL;1973;p99.5p100;695630.875;;;0.0832302049;0.0832302049
;US-FL;1972;p0p100;39798.1132812;;1.2414550016e+11;;
;US-FL;1972;p99p100;482028.6875;;;0.1211184561;0.1211184561
;US-FL;1972;p99.9p100;1634316.875;;;0.0410651825;0.0410651825
;US-FL;1972;p99.99p100;5823253.0;;;0.014631981;0.014631981
;US-FL;1972;p90p100;;;;0.375298202;0.375298202
;US-FL;1972;p90p91;149361.625;;;;
;US-FL;1972;p95p96;209905.21875;;;;
;US-FL;1972;p95p100;;;;0.2637124956;0.2637124956
;US-FL;1972;p99.5p100;687392.75;;;0.0863599554;0.0863599554
;US-FL;1971;p0p100;37330.4960938;;1.1195670528e+11;;
;US-FL;1971;p99p100;430187.75;;;0.115237616;0.115237616
;US-FL;1971;p99.9p100;1437603.125;;;0.0385101475;0.0385101475
;US-FL;1971;p99.99p100;5593257.0;;;0.0149830766;0.0149830766
;US-FL;1971;p90p100;;;;0.3666262627;0.3666262627
;US-FL;1971;p90p91;136863.421875;;;;
;US-FL;1971;p95p96;189564.203125;;;;
;US-FL;1971;p95p100;;;;0.2538999021;0.2538999021
;US-FL;1971;p99.5p100;612067.1875;;;0.0819795057;0.0819795057
;US-FL;1970;p0p100;36499.0429688;;1.05044738048e+11;;
;US-FL;1970;p99p100;388986.6875;;;0.1065744981;0.1065744981
;US-FL;1970;p99.9p100;1240737.5;;;0.0339937024;0.0339937024
;US-FL;1970;p99.99p100;4753639.5;;;0.0130240126;0.0130240126
;US-FL;1970;p90p100;;;;0.3575318754;0.3575318754
;US-FL;1970;p90p91;130495.695312;;;;
;US-FL;1970;p95p96;178223.234375;;;;
;US-FL;1970;p95p100;;;;0.2441478521;0.2441478521
;US-FL;1970;p99.5p100;545102.1875;;;0.0746734962;0.0746734962
;US-FL;1969;p0p100;35922.921875;;99850346496.0;;
;US-FL;1969;p99p100;443684.78125;;;0.1235102192;0.1235102192
;US-FL;1969;p99.9p100;1630173.75;;;0.0453797653;0.0453797653
;US-FL;1969;p99.99p100;6980465.0;;;0.0194317847;0.0194317847
;US-FL;1969;p90p100;;;;0.378764987;0.378764987
;US-FL;1969;p90p91;136063.453125;;;;
;US-FL;1969;p95p96;189821.640625;;;;
;US-FL;1969;p95p100;;;;0.2642068267;0.2642068267
;US-FL;1969;p99.5p100;645577.25;;;0.089855887;0.089855887
;US-FL;1968;p0p100;34171.4335938;;91902083072.0;;
;US-FL;1968;p99p100;461942.5625;;;0.135183841;0.135183841
;US-FL;1968;p99.9p100;1699755.5;;;0.0497420058;0.0497420058
;US-FL;1968;p99.99p100;7148851.5;;;0.0209205486;0.0209205486
;US-FL;1968;p90p100;;;;0.3946123719;0.3946123719
;US-FL;1968;p90p91;134844.703125;;;;
;US-FL;1968;p95p96;191909.140625;;;;
;US-FL;1968;p95p100;;;;0.2808034718;0.2808034718
;US-FL;1968;p99.5p100;673602.5625;;;0.0985622481;0.0985622481
;US-FL;1967;p0p100;31863.5136719;;82895470592.0;;
;US-FL;1967;p99p100;396225.34375;;;0.1243507937;0.1243507937
;US-FL;1967;p99.9p100;1365659.375;;;0.0428596586;0.0428596586
;US-FL;1967;p99.99p100;5437203.0;;;0.0170640405;0.0170640405
;US-FL;1967;p90p100;;;;0.3893356621;0.3893356621
;US-FL;1967;p90p91;124056.023438;;;;
;US-FL;1967;p95p96;171755.921875;;;;
;US-FL;1967;p95p100;;;;0.2695181668;0.2695181668
;US-FL;1967;p99.5p100;568779.75;;;0.0892525092;0.0892525092
;US-FL;1966;p0p100;30363.9804688;;76341714944.0;;
;US-FL;1966;p99p100;354711.875;;;0.1168199554;0.1168199554
;US-FL;1966;p99.9p100;1206747.75;;;0.039742738;0.039742738
;US-FL;1966;p99.99p100;4823575.5;;;0.0158858467;0.0158858467
;US-FL;1966;p90p100;;;;0.3798531294;0.3798531294
;US-FL;1966;p90p91;115338.53125;;;;
;US-FL;1966;p95p96;157150.234375;;;;
;US-FL;1966;p95p100;;;;0.25877738;0.25877738
;US-FL;1966;p99.5p100;507981.5625;;;0.0836487114;0.0836487114
;US-FL;1965;p0p100;29431.8339844;;71463075840.0;;
;US-FL;1965;p99p100;375036.75;;;0.1274255514;0.1274255514
;US-FL;1965;p99.9p100;1282841.375;;;0.0435868688;0.0435868688
;US-FL;1965;p99.99p100;5351798.5;;;0.0181837063;0.0181837063
;US-FL;1965;p90p100;;;;0.3919661641;0.3919661641
;US-FL;1965;p90p91;115362.828125;;;;
;US-FL;1965;p95p96;160288.453125;;;;
;US-FL;1965;p95p100;;;;0.2723045647;0.2723045647
;US-FL;1965;p99.5p100;535461.9375;;;0.0909664631;0.0909664631
;US-FL;1964;p0p100;28373.5488281;;66467471360.0;;
;US-FL;1964;p99p100;353585.1875;;;0.1246178895;0.1246178895
;US-FL;1964;p99.9p100;1177674.0;;;0.041506052;0.041506052
;US-FL;1964;p99.99p100;5065896.5;;;0.0178542919;0.0178542919
;US-FL;1964;p90p100;;;;0.3847851455;0.3847851455
;US-FL;1964;p90p91;109177.203125;;;;
;US-FL;1964;p95p96;151369.640625;;;;
;US-FL;1964;p95p100;;;;0.266744256;0.266744256
;US-FL;1964;p99.5p100;495454.875;;;0.0873092934;0.0873092934
;US-FL;1963;p0p100;26886.125;;60678582272.0;;
;US-FL;1963;p99p100;304993.125;;;0.1134388521;0.1134388521
;US-FL;1963;p99.9p100;989260.8125;;;0.0367944725;0.0367944725
;US-FL;1963;p99.99p100;3864479.75;;;0.0143735092;0.0143735092
;US-FL;1963;p90p100;;;;0.3732898533;0.3732898533
;US-FL;1963;p90p91;100363.171875;;;;
;US-FL;1963;p95p96;137888.015625;;;;
;US-FL;1963;p95p100;;;;0.2564296722;0.2564296722
;US-FL;1963;p99.5p100;434762.8125;;;0.0808526352;0.0808526352
;US-FL;1962;p0p100;26118.8613281;;56759533568.0;;
;US-FL;1962;p99p100;296347.8125;;;0.1134612411;0.1134612411
;US-FL;1962;p99.9p100;931909.25;;;0.0356795527;0.0356795527
;US-FL;1962;p99.99p100;3607537.0;;;0.0138120009;0.0138120009
;US-FL;1962;p90p100;;;;0.3779631257;0.3779631257
;US-FL;1962;p90p91;98719.6640625;;;;
;US-FL;1962;p95p96;135526.59375;;;;
;US-FL;1962;p95p100;;;;0.2594420016;0.2594420016
;US-FL;1962;p99.5p100;417770.9375;;;0.0799749494;0.0799749494
;US-FL;1961;p0p100;25891.953125;;54123139072.0;;
;US-FL;1961;p99p100;311095.15625;;;0.1201512888;0.1201512888
;US-FL;1961;p99.9p100;1061071.25;;;0.0409807339;0.0409807339
;US-FL;1961;p99.99p100;4356291.5;;;0.0168248862;0.0168248862
;US-FL;1961;p90p100;;;;0.3782377541;0.3782377541
;US-FL;1961;p90p91;97933.1484375;;;;
;US-FL;1961;p95p96;135963.71875;;;;
;US-FL;1961;p95p100;;;;0.2625598013;0.2625598013
;US-FL;1961;p99.5p100;449568.46875;;;0.0868162513;0.0868162513
;US-FL;1960;p0p100;25511.6835938;;51233255424.0;;
;US-FL;1960;p99p100;290734.03125;;;0.1139611229;0.1139611229
;US-FL;1960;p99.9p100;970679.0;;;0.0380484089;0.0380484089
;US-FL;1960;p99.99p100;3608434.25;;;0.0141442409;0.0141442409
;US-FL;1960;p90p100;;;;0.3667436838;0.3667436838
;US-FL;1960;p90p91;93562.484375;;;;
;US-FL;1960;p95p96;129369.523438;;;;
;US-FL;1960;p95p100;;;;0.2535495758;0.2535495758
;US-FL;1960;p99.5p100;417492.46875;;;0.0818237737;0.0818237737
;US-FL;1959;p0p100;26358.0566406;;50364354560.0;;
;US-FL;1959;p99p100;324533.90625;;;0.1231251284;0.1231251284
;US-FL;1959;p99.9p100;1068018.375;;;0.0405196138;0.0405196138
;US-FL;1959;p99.99p100;3897500.75;;;0.0147867529;0.0147867529
;US-FL;1959;p90p100;;;;0.3723562956;0.3723562956
;US-FL;1959;p90p91;98145.8828125;;;;
;US-FL;1959;p95p96;138906.015625;;;;
;US-FL;1959;p95p100;;;;0.2634982169;0.2634982169
;US-FL;1959;p99.5p100;457609.5;;;0.0868063793;0.0868063793
;US-FL;1958;p0p100;24990.3144531;;45383843840.0;;
;US-FL;1958;p99p100;288305.78125;;;0.1153670028;0.1153670028
;US-FL;1958;p99.9p100;936081.375;;;0.0374577679;0.0374577679
;US-FL;1958;p99.99p100;3324328.0;;;0.0133024659;0.0133024659
;US-FL;1958;p90p100;;;;0.3637395799;0.3637395799
;US-FL;1958;p90p91;90899.6640625;;;;
;US-FL;1958;p95p96;127320.554688;;;;
;US-FL;1958;p95p100;;;;0.2547397912;0.2547397912
;US-FL;1958;p99.5p100;413671.6875;;;0.0827663988;0.0827663988
;US-FL;1957;p0p100;25040.2226562;;43210489856.0;;
;US-FL;1957;p99p100;305403.3125;;;0.1219651029;0.1219651029
;US-FL;1957;p99.9p100;975111.625;;;0.0389418118;0.0389418118
;US-FL;1957;p99.99p100;3694812.25;;;0.0147555089;0.0147555089
;US-FL;1957;p90p100;;;;0.3734138608;0.3734138608
;US-FL;1957;p90p91;93503.65625;;;;
;US-FL;1957;p95p96;130677.554688;;;;
;US-FL;1957;p95p100;;;;0.2609352767;0.2609352767
;US-FL;1957;p99.5p100;436666.875;;;0.0871930867;0.0871930867
;US-FL;1956;p0p100;25022.3085938;;40964386816.0;;
;US-FL;1956;p99p100;342649.75;;;0.1369377077;0.1369377077
;US-FL;1956;p99.9p100;1285840.25;;;0.0513877571;0.0513877571
;US-FL;1956;p99.99p100;5265740.5;;;0.0210441817;0.0210441817
;US-FL;1956;p90p100;;;;0.3849860132;0.3849860132
;US-FL;1956;p90p91;96332.3828125;;;;
;US-FL;1956;p95p96;139316.890625;;;;
;US-FL;1956;p95p100;;;;0.2783853412;0.2783853412
;US-FL;1956;p99.5p100;507609.71875;;;0.1014314294;0.1014314294
;US-FL;1955;p0p100;23547.484375;;36575997952.0;;
;US-FL;1955;p99p100;312287.21875;;;0.1326202154;0.1326202154
;US-FL;1955;p99.9p100;1083144.5;;;0.0459983088;0.0459983088
;US-FL;1955;p99.99p100;4444176.5;;;0.0188732538;0.0188732538
;US-FL;1955;p90p100;;;;0.3842383623;0.3842383623
;US-FL;1955;p90p91;90478.4609375;;;;
;US-FL;1955;p95p96;129199.578125;;;;
;US-FL;1955;p95p100;;;;0.2743383944;0.2743383944
;US-FL;1955;p99.5p100;448167.4375;;;0.0951624885;0.0951624885
;US-FL;1954;p0p100;21777.4042969;;32090236928.0;;
;US-FL;1954;p99p100;275304.75;;;0.126417622;0.126417622
;US-FL;1954;p99.9p100;952598.3125;;;0.0437425114;0.0437425114
;US-FL;1954;p99.99p100;3810237.0;;;0.017496286;0.017496286
;US-FL;1954;p90p100;;;;0.3968896568;0.3968896568
;US-FL;1954;p90p91;86432.2578125;;;;
;US-FL;1954;p95p96;117016.546875;;;;
;US-FL;1954;p95p100;;;;0.2686650455;0.2686650455
;US-FL;1954;p99.5p100;396958.96875;;;0.0911401063;0.0911401063
;US-FL;1953;p0p100;21837.7148438;;30523230208.0;;
;US-FL;1953;p99p100;255152.171875;;;0.1168401465;0.1168401465
;US-FL;1953;p99.9p100;890358.875;;;0.040771611;0.040771611
;US-FL;1953;p99.99p100;3706472.25;;;0.0169728026;0.0169728026
;US-FL;1953;p90p100;;;;0.3759545982;0.3759545982
;US-FL;1953;p90p91;82099.890625;;;;
;US-FL;1953;p95p96;109425.429688;;;;
;US-FL;1953;p95p100;;;;0.2505422831;0.2505422831
;US-FL;1953;p99.5p100;370127.03125;;;0.0847449154;0.0847449154
;US-FL;1952;p0p100;20981.2128906;;27839520768.0;;
;US-FL;1952;p99p100;259549.203125;;;0.1237055361;0.1237055361
;US-FL;1952;p99.9p100;853279.4375;;;0.0406687409;0.0406687409
;US-FL;1952;p99.99p100;3181125.25;;;0.0151617806;0.0151617806
;US-FL;1952;p90p100;;;;0.3900472522;0.3900472522
;US-FL;1952;p90p91;81836.640625;;;;
;US-FL;1952;p95p96;110965.679688;;;;
;US-FL;1952;p95p100;;;;0.2644405961;0.2644405961
;US-FL;1952;p99.5p100;369678.65625;;;0.0880975425;0.0880975425
;US-FL;1951;p0p100;20141.0097656;;25350557696.0;;
;US-FL;1951;p99p100;277655.53125;;;0.137855798;0.137855798
;US-FL;1951;p99.9p100;963111.75;;;0.0478184372;0.0478184372
;US-FL;1951;p99.99p100;3832091.75;;;0.0190263111;0.0190263111
;US-FL;1951;p90p100;;;;0.3906375766;0.3906375766
;US-FL;1951;p90p91;78678.359375;;;;
;US-FL;1951;p95p96;113536.007812;;;;
;US-FL;1951;p95p100;;;;0.2818527818;0.2818527818
;US-FL;1951;p99.5p100;403544.5;;;0.1001797989;0.1001797989
;US-FL;1950;p0p100;20190.4941406;;24104906752.0;;
;US-FL;1950;p99p100;294737.03125;;;0.145978108;0.145978108
;US-FL;1950;p99.9p100;1023626.8125;;;0.0506984517;0.0506984517
;US-FL;1950;p99.99p100;3102990.0;;;0.0153685678;0.0153685678
;US-FL;1950;p90p100;;;;0.3888198435;0.3888198435
;US-FL;1950;p90p91;78504.6484375;;;;
;US-FL;1950;p95p96;116335.78125;;;;
;US-FL;1950;p95p100;;;;0.2880954146;0.2880954146
;US-FL;1950;p99.5p100;431532.75;;;0.1068653241;0.1068653241
;US-FL;1949;p0p100;18451.6621094;;21178370048.0;;
;US-FL;1949;p99p100;240466.203125;;;0.1303222477;0.1303222477
;US-FL;1949;p99.9p100;830756.3125;;;0.0450233854;0.0450233854
;US-FL;1949;p99.99p100;3064388.25;;;0.0166076552;0.0166076552
;US-FL;1949;p90p100;;;;0.3729971945;0.3729971945
;US-FL;1949;p90p91;68824.1796875;;;;
;US-FL;1949;p95p96;98205.6640625;;;;
;US-FL;1949;p95p100;;;;0.2661160231;0.2661160231
;US-FL;1949;p99.5p100;352104.09375;;;0.0954125598;0.0954125598
;US-FL;1948;p0p100;18403.125;;20366989312.0;;
;US-FL;1948;p99p100;253350.65625;;;0.137667194;0.137667194
;US-FL;1948;p99.9p100;867363.25;;;0.0471313037;0.0471313037
;US-FL;1948;p99.99p100;3131167.0;;;0.0170143228;0.0170143228
;US-FL;1948;p90p100;;;;0.3882211447;0.3882211447
;US-FL;1948;p90p91;71444.8203125;;;;
;US-FL;1948;p95p96;102979.054688;;;;
;US-FL;1948;p95p100;;;;0.2797868848;0.2797868848
;US-FL;1948;p99.5p100;368071.15625;;;0.1000023559;0.1000023559
;US-FL;1947;p0p100;19185.1035156;;20469463040.0;;
;US-FL;1947;p99p100;259665.53125;;;0.1353474557;0.1353474557
;US-FL;1947;p99.9p100;926380.4375;;;0.048286438;0.048286438
;US-FL;1947;p99.99p100;3858282.5;;;0.0201108214;0.0201108214
;US-FL;1947;p90p100;;;;0.3732872605;0.3732872605
;US-FL;1947;p90p91;71615.5546875;;;;
;US-FL;1947;p95p96;104354.304688;;;;
;US-FL;1947;p95p100;;;;0.271966964;0.271966964
;US-FL;1947;p99.5p100;378914.03125;;;0.0987521261;0.0987521261
;US-FL;1946;p0p100;21385.0566406;;21949429760.0;;
;US-FL;1946;p99p100;324352.28125;;;0.1516723931;0.1516723931
;US-FL;1946;p99.9p100;1134834.125;;;0.0530666821;0.0530666821
;US-FL;1946;p99.99p100;4746850.0;;;0.0221970417;0.0221970417
;US-FL;1946;p90p100;;;;0.4089130461;0.4089130461
;US-FL;1946;p90p91;87446.296875;;;;
;US-FL;1946;p95p96;129498.539062;;;;
;US-FL;1946;p95p100;;;;0.3027780652;0.3027780652
;US-FL;1946;p99.5p100;473671.6875;;;0.1107482761;0.1107482761
;US-FL;1945;p0p100;24551.3632812;;24450496512.0;;
;US-FL;1945;p99p100;319868.34375;;;0.1302853823;0.1302853823
;US-FL;1945;p99.9p100;1168632.5;;;0.0475995019;0.0475995019
;US-FL;1945;p99.99p100;4791974.0;;;0.0195181612;0.0195181612
;US-FL;1945;p90p100;;;;0.3384686708;0.3384686708
;US-FL;1945;p90p91;83098.65625;;;;
;US-FL;1945;p95p96;123045.796875;;;;
;US-FL;1945;p95p100;;;;0.2505885661;0.2505885661
;US-FL;1945;p99.5p100;473120.8125;;;0.0963532776;0.0963532776
;US-FL;1944;p0p100;24896.8574219;;24038066176.0;;
;US-FL;1944;p99p100;231850.015625;;;0.0931241959;0.0931241959
;US-FL;1944;p99.9p100;784401.6875;;;0.0315060504;0.0315060504
;US-FL;1944;p99.99p100;2427936.75;;;0.0097519802;0.0097519802
;US-FL;1944;p90p100;;;;0.2760031521;0.2760031521
;US-FL;1944;p90p91;68716.1171875;;;;
;US-FL;1944;p95p96;95007.328125;;;;
;US-FL;1944;p95p100;;;;0.190801844;0.190801844
;US-FL;1944;p99.5p100;341302.96875;;;0.068543382;0.068543382
;US-FL;1943;p0p100;24886.7226562;;23266033664.0;;
;US-FL;1943;p99p100;323174.09375;;;0.1298580468;0.1298580468
;US-FL;1943;p99.9p100;1122323.375;;;0.0450972728;0.0450972728
;US-FL;1943;p99.99p100;3486461.5;;;0.0140093239;0.0140093239
;US-FL;1943;p90p100;;;;0.3226697445;0.3226697445
;US-FL;1943;p90p91;80301.921875;;;;
;US-FL;1943;p95p96;119098.078125;;;;
;US-FL;1943;p95p100;;;;0.239280358;0.239280358
;US-FL;1943;p99.5p100;484883.15625;;;0.0974180475;0.0974180475
;US-FL;1942;p0p100;17979.9628906;;16243559424.0;;
;US-FL;1942;p99p100;265987.71875;;;0.1479356438;0.1479356438
;US-FL;1942;p99.9p100;996037.375;;;0.0553970784;0.0553970784
;US-FL;1942;p99.99p100;3517751.0;;;0.0195648391;0.0195648391
;US-FL;1942;p90p100;;;;0.3660264909;0.3660264909
;US-FL;1942;p90p91;65811.421875;;;;
;US-FL;1942;p95p96;97834.9375;;;;
;US-FL;1942;p95p100;;;;0.2720665634;0.2720665634
;US-FL;1942;p99.5p100;402939.8125;;;0.112052463;0.112052463
;US-FL;1941;p0p100;14274.3457031;;12496769024.0;;
;US-FL;1941;p99p100;276253.71875;;;0.1935316175;0.1935316175
;US-FL;1941;p99.9p100;1098108.25;;;0.0769287944;0.0769287944
;US-FL;1941;p99.99p100;4561060.0;;;0.0319528505;0.0319528505
;US-FL;1941;p90p100;;;;0.473706305;0.473706305
;US-FL;1941;p90p91;67618.4765625;;;;
;US-FL;1941;p95p96;99693.2265625;;;;
;US-FL;1941;p95p100;;;;0.3492041826;0.3492041826
;US-FL;1941;p99.5p100;421902.03125;;;0.1477833241;0.1477833241
;US-FL;1940;p0p100;12625.828125;;10722607104.0;;
;US-FL;1940;p99p100;276876.875;;;0.2192940116;0.2192940116
;US-FL;1940;p99.9p100;1139650.75;;;0.0902634412;0.0902634412
;US-FL;1940;p99.99p100;4798725.0;;;0.0380072109;0.0380072109
;US-FL;1940;p90p100;;;;0.5246244669;0.5246244669
;US-FL;1940;p90p91;66238.1875;;;;
;US-FL;1940;p95p96;99034.9765625;;;;
;US-FL;1940;p95p100;;;;0.3921919763;0.3921919763
;US-FL;1940;p99.5p100;425924.5;;;0.1686718911;0.1686718911
;US-FL;1939;p0p100;12031.7988281;;9883478016.0;;
;US-FL;1939;p99p100;250376.59375;;;0.2080957294;0.2080957294
;US-FL;1939;p99.9p100;998546.625;;;0.0829922929;0.0829922929
;US-FL;1939;p99.99p100;3917255.75;;;0.0325575247;0.0325575247
;US-FL;1939;p90p100;;;;0.4769593775;0.4769593775
;US-FL;1939;p90p91;57386.796875;;;;
;US-FL;1939;p95p96;91586.8984375;;;;
;US-FL;1939;p95p100;;;;0.3806035221;0.3806035221
;US-FL;1939;p99.5p100;382539.0;;;0.1589699984;0.1589699984
;US-FL;1938;p0p100;11074.1621094;;8811236352.0;;
;US-FL;1938;p99p100;241786.0;;;0.2183334678;0.2183334678
;US-FL;1938;p99.9p100;1076584.5;;;0.0972158909;0.0972158909
;US-FL;1938;p99.99p100;5072777.0;;;0.0458073243;0.0458073243
;US-FL;1938;p90p100;;;;0.4865106344;0.4865106344
;US-FL;1938;p90p91;53876.9726562;;;;
;US-FL;1938;p95p96;85070.203125;;;;
;US-FL;1938;p95p100;;;;0.384093225;0.384093225
;US-FL;1938;p99.5p100;378888.90625;;;0.1710688919;0.1710688919
;US-FL;1937;p0p100;11416.3662109;;8801846272.0;;
;US-FL;1937;p99p100;273674.3125;;;0.2397210449;0.2397210449
;US-FL;1937;p99.9p100;1154793.625;;;0.1011524573;0.1011524573
;US-FL;1937;p99.99p100;4471912.0;;;0.0391710587;0.0391710587
;US-FL;1937;p90p100;;;;0.5001245737;0.5001245737
;US-FL;1937;p90p91;57096.0585938;;;;
;US-FL;1937;p95p96;93003.4765625;;;;
;US-FL;1937;p95p100;;;;0.4073252082;0.4073252082
;US-FL;1937;p99.5p100;427793.75;;;0.1873598546;0.1873598546
;US-FL;1936;p0p100;10931.0107422;;8180736512.0;;
;US-FL;1936;p99p100;269441.5625;;;0.2464928329;0.2464928329
;US-FL;1936;p99.9p100;1157586.375;;;0.1058992967;0.1058992967
;US-FL;1936;p99.99p100;4581193.5;;;0.0419100635;0.0419100635
;US-FL;1936;p90p100;;;;0.501842618;0.501842618
;US-FL;1936;p90p91;54856.4726562;;;;
;US-FL;1936;p95p96;88346.5234375;;;;
;US-FL;1936;p95p100;;;;0.4041095674;0.4041095674
;US-FL;1936;p99.5p100;421775.40625;;;0.192926079;0.192926079
;US-FL;1935;p0p100;9322.03710938;;6770536448.0;;
;US-FL;1935;p99p100;194169.296875;;;0.2082906216;0.2082906216
;US-FL;1935;p99.9p100;821825.5625;;;0.0881594345;0.0881594345
;US-FL;1935;p99.99p100;3351688.25;;;0.0359544605;0.0359544605
;US-FL;1935;p90p100;;;;0.484521389;0.484521389
;US-FL;1935;p90p91;45167.2695312;;;;
;US-FL;1935;p95p96;69227.703125;;;;
;US-FL;1935;p95p100;;;;0.3713120818;0.3713120818
;US-FL;1935;p99.5p100;300466.8125;;;0.1611593962;0.1611593962
;US-FL;1934;p0p100;8756.953125;;6168671232.0;;
;US-FL;1934;p99p100;157930.546875;;;0.1803487539;0.1803487539
;US-FL;1934;p99.9p100;626276.0625;;;0.0715175718;0.0715175718
;US-FL;1934;p99.99p100;2530483.0;;;0.028896844;0.028896844
;US-FL;1934;p90p100;;;;0.450371027;0.450371027
;US-FL;1934;p90p91;39438.78125;;;;
;US-FL;1934;p95p96;60152.140625;;;;
;US-FL;1934;p95p100;;;;0.3434535861;0.3434535861
;US-FL;1934;p99.5p100;238408.34375;;;0.1361251622;0.1361251622
;US-FL;1933;p0p100;7705.86865234;;5268211200.0;;
;US-FL;1933;p99p100;126164.554688;;;0.1637252718;0.1637252718
;US-FL;1933;p99.9p100;490434.4375;;;0.0636442751;0.0636442751
;US-FL;1933;p99.99p100;1930830.25;;;0.0250566173;0.0250566173
;US-FL;1933;p90p100;;;;0.4355869889;0.4355869889
;US-FL;1933;p90p91;33565.765625;;;;
;US-FL;1933;p95p96;49073.453125;;;;
;US-FL;1933;p95p100;;;;0.3184160888;0.3184160888
;US-FL;1933;p99.5p100;187493.796875;;;0.1216564924;0.1216564924
;US-FL;1932;p0p100;8223.30957031;;5458661888.0;;
;US-FL;1932;p99p100;127086.773438;;;0.1545445472;0.1545445472
;US-FL;1932;p99.9p100;498513.8125;;;0.0606220365;0.0606220365
;US-FL;1932;p99.99p100;1996564.875;;;0.0242793337;0.0242793337
;US-FL;1932;p90p100;;;;0.4323504269;0.4323504269
;US-FL;1932;p90p91;35553.515625;;;;
;US-FL;1932;p95p96;50831.8359375;;;;
;US-FL;1932;p95p100;;;;0.3090716302;0.3090716302
;US-FL;1932;p99.5p100;188001.390625;;;0.114310056;0.114310056
;US-FL;1931;p0p100;9234.80957031;;5949030912.0;;
;US-FL;1931;p99p100;154221.28125;;;0.166999951;0.166999951
;US-FL;1931;p99.9p100;628078.5625;;;0.0680120736;0.0680120736
;US-FL;1931;p99.99p100;2962267.75;;;0.0320771933;0.0320771933
;US-FL;1931;p90p100;;;;0.4305015802;0.4305015802
;US-FL;1931;p90p91;39756.0039062;;;;
;US-FL;1931;p95p96;56673.3125;;;;
;US-FL;1931;p95p100;;;;0.306846112;0.306846112
;US-FL;1931;p99.5p100;232564.0;;;0.1259170324;0.1259170324
;US-FL;1930;p0p100;10389.8623047;;6486814720.0;;
;US-FL;1930;p99p100;164642.421875;;;0.1584644765;0.1584644765
;US-FL;1930;p99.9p100;651844.0;;;0.0627384633;0.0627384633
;US-FL;1930;p99.99p100;2421696.25;;;0.0233082604;0.0233082604
;US-FL;1930;p90p100;;;;0.3836731017;0.3836731017
;US-FL;1930;p90p91;39863.109375;;;;
;US-FL;1930;p95p96;59885.5429688;;;;
;US-FL;1930;p95p100;;;;0.2881921828;0.2881921828
;US-FL;1930;p99.5p100;248183.8125;;;0.1194355562;0.1194355562
;US-FL;1929;p0p100;11883.5429688;;7129543168.0;;
;US-FL;1929;p99p100;225626.390625;;;0.1898645759;0.1898645759
;US-FL;1929;p99.9p100;1090185.375;;;0.0917390734;0.0917390734
;US-FL;1929;p99.99p100;5258411.0;;;0.044249516;0.044249516
;US-FL;1929;p90p100;;;;0.3886577189;0.3886577189
;US-FL;1929;p90p91;46186.3125;;;;
;US-FL;1929;p95p96;74472.234375;;;;
;US-FL;1929;p95p100;;;;0.313341856;0.313341856
;US-FL;1929;p99.5p100;360462.53125;;;0.1516645849;0.1516645849
;US-FL;1928;p0p100;11233.21875;;6477426176.0;;
;US-FL;1928;p99p100;255546.65625;;;0.227491945;0.227491945
;US-FL;1928;p99.9p100;1307432.75;;;0.1163898557;0.1163898557
;US-FL;1928;p99.99p100;6584306.5;;;0.0586146079;0.0586146079
;US-FL;1928;p90p100;;;;0.4558857977;0.4558857977
;US-FL;1928;p90p91;51210.6484375;;;;
;US-FL;1928;p95p96;83023.03125;;;;
;US-FL;1928;p95p100;;;;0.3695425093;0.3695425093
;US-FL;1928;p99.5p100;415284.65625;;;0.1848466843;0.1848466843
;US-FL;1927;p0p100;14134.4970703;;7817710080.0;;
;US-FL;1927;p99p100;253837.1875;;;0.1795870066;0.1795870066
;US-FL;1927;p99.9p100;1070239.0;;;0.075718224;0.075718224
;US-FL;1927;p99.99p100;4132328.0;;;0.0292357635;0.0292357635
;US-FL;1927;p90p100;;;;0.417244494;0.417244494
;US-FL;1927;p90p91;58975.4101562;;;;
;US-FL;1927;p95p96;91087.53125;;;;
;US-FL;1927;p95p100;;;;0.3222171068;0.3222171068
;US-FL;1927;p99.5p100;394432.03125;;;0.1395281404;0.1395281404
;US-FL;1926;p0p100;22722.8828125;;12034960384.0;;
;US-FL;1926;p99p100;358725.0625;;;0.1578695178;0.1578695178
;US-FL;1926;p99.9p100;1380608.125;;;0.0607584938;0.0607584938
;US-FL;1926;p99.99p100;5380769.0;;;0.0236799568;0.0236799568
;US-FL;1926;p90p100;;;;0.3849812746;0.3849812746
;US-FL;1926;p90p91;87478.8515625;;;;
;US-FL;1926;p95p96;128376.523438;;;;
;US-FL;1926;p95p100;;;;0.2824829221;0.2824829221
;US-FL;1926;p99.5p100;541772.8125;;;0.1192130297;0.1192130297
;US-FL;1925;p0p100;46710.9648438;;23698178048.0;;
;US-FL;1925;p99p100;646355.875;;;0.1383734792;0.1383734792
;US-FL;1925;p99.9p100;2033673.75;;;0.0435373932;0.0435373932
;US-FL;1925;p99.99p100;6896029.5;;;0.0147631923;0.0147631923
;US-FL;1925;p90p100;;;;0.3634483516;0.3634483516
;US-FL;1925;p90p91;169770.25;;;;
;US-FL;1925;p95p96;251221.375;;;;
;US-FL;1925;p95p100;;;;0.2689104974;0.2689104974
;US-FL;1925;p99.5p100;920051.5625;;;0.0984834731;0.0984834731
;US-FL;1924;p0p100;14971.1298828;;7263793664.0;;
;US-FL;1924;p99p100;266991.03125;;;0.1783372611;0.1783372611
;US-FL;1924;p99.9p100;915107.0625;;;0.0611247867;0.0611247867
;US-FL;1924;p99.99p100;2851187.5;;;0.0190445725;0.0190445725
;US-FL;1924;p90p100;;;;0.4321993887;0.4321993887
;US-FL;1924;p90p91;64705.1289062;;;;
;US-FL;1924;p95p96;96156.140625;;;;
;US-FL;1924;p95p100;;;;0.3211385608;0.3211385608
;US-FL;1924;p99.5p100;402263.1875;;;0.1343463063;0.1343463063
;US-FL;1923;p0p100;9848.23339844;;4550158336.0;;
;US-FL;1923;p99p100;164534.765625;;;0.1670703292;0.1670703292
;US-FL;1923;p99.9p100;611731.8125;;;0.0621159002;0.0621159002
;US-FL;1923;p99.99p100;2082563.875;;;0.0211465731;0.0211465731
;US-FL;1923;p90p100;;;;0.4508393705;0.4508393705
;US-FL;1923;p90p91;44399.7109375;;;;
;US-FL;1923;p95p96;66096.9375;;;;
;US-FL;1923;p95p100;;;;0.3355776668;0.3355776668
;US-FL;1923;p99.5p100;253661.703125;;;0.1287853867;0.1287853867
;US-FL;1922;p0p100;9038.70117188;;3984481536.0;;
;US-FL;1922;p99p100;155117.78125;;;0.1716151237;0.1716151237
;US-FL;1922;p99.9p100;537443.4375;;;0.0594602525;0.0594602525
;US-FL;1922;p99.99p100;1777795.5;;;0.0196687058;0.0196687058
;US-FL;1922;p90p100;;;;0.4658213854;0.4658213854
;US-FL;1922;p90p91;42104.203125;;;;
;US-FL;1922;p95p96;63669.8867188;;;;
;US-FL;1922;p95p100;;;;0.3522070646;0.3522070646
;US-FL;1922;p99.5p100;227247.8125;;;0.1257082224;0.1257082224
;US-FL;1921;p0p100;7942.24169922;;3351094272.0;;
;US-FL;1921;p99p100;122220.242188;;;0.1538863182;0.1538863182
;US-FL;1921;p99.9p100;369468.8125;;;0.0465194583;0.0465194583
;US-FL;1921;p99.99p100;917462.6875;;;0.0115516838;0.0115516838
;US-FL;1921;p90p100;;;;0.4613584578;0.4613584578
;US-FL;1921;p90p91;36642.2070312;;;;
;US-FL;1921;p95p96;53774.4023438;;;;
;US-FL;1921;p95p100;;;;0.3385341465;0.3385341465
;US-FL;1921;p99.5p100;173698.1875;;;0.1093508452;0.1093508452
;US-FL;1920;p0p100;8652.42871094;;3474810112.0;;
;US-FL;1920;p99p100;135820.828125;;;0.1569742262;0.1569742262
;US-FL;1920;p99.9p100;435599.34375;;;0.0503441654;0.0503441654
;US-FL;1920;p99.99p100;1279538.875;;;0.0147882057;0.0147882057
;US-FL;1920;p90p100;;;;0.4427304566;0.4427304566
;US-FL;1920;p90p91;38306.9375;;;;
;US-FL;1920;p95p96;55887.0078125;;;;
;US-FL;1920;p95p100;;;;0.3229556084;0.3229556084
;US-FL;1920;p99.5p100;196616.03125;;;0.1136189848;0.1136189848
;US-FL;1919;p0p100;8826.68066406;;3429406720.0;;
;US-FL;1919;p99p100;140746.328125;;;0.1594555378;0.1594555378
;US-FL;1919;p99.9p100;474177.28125;;;0.0537209027;0.0537209027
;US-FL;1919;p99.99p100;1473724.625;;;0.0166962501;0.0166962501
;US-FL;1919;p90p100;;;;0.4296479225;0.4296479225
;US-FL;1919;p90p91;37923.6523438;;;;
;US-FL;1919;p95p96;58601.0742188;;;;
;US-FL;1919;p95p100;;;;0.3319541812;0.3319541812
;US-FL;1919;p99.5p100;206083.140625;;;0.1167387515;0.1167387515
;US-FL;1918;p0p100;6661.71191406;;2518634496.0;;
;US-FL;1918;p99p100;121649.984375;;;0.1826107055;0.1826107055
;US-FL;1918;p99.9p100;376253.34375;;;0.0564799793;0.0564799793
;US-FL;1918;p99.99p100;920108.4375;;;0.0138118919;0.0138118919
;US-FL;1918;p90p100;;;;0.4641907215;0.4641907215
;US-FL;1918;p90p91;30923.0488281;;;;
;US-FL;1918;p95p96;48837.8359375;;;;
;US-FL;1918;p95p100;;;;0.3665561974;0.3665561974
;US-FL;1918;p99.5p100;173382.609375;;;0.1301336735;0.1301336735
;US-FL;1917;p0p100;7174.92578125;;2674499584.0;;
