Variable Name;.;.;.;Fiscal income  | tax unit | Average | Adults | constant 2015 local currency;Fiscal income  | tax unit | Threshold | Adults | constant 2015 local currency;Fiscal income  | tax unit | Total | Adults | constant 2015 local currency;Fiscal income  | tax unit | Share | Adults | share of total (ratio);Pre-tax national income  | tax unit | Share | Adults | share of total (ratio)
Variable Category;.;.;.;Income inequality;Income inequality;Income inequality;Income inequality;Income inequality
Variable Description;.;.;.;Average Fiscal income within a given percentile group. Fiscal income is defined as the sum of all income items reported on income tax returns, before any deduction. It includes labour income, capital income and mixed income. The concept of fiscal income varies with national tax legislations, so in order to make international comparisons it is preferable to use the concept of national income. The population is comprised of individuals over age 20. The base unit is the tax unit defined by national fiscal administrations to measure personal income taxes.;Fiscal income threshold value at a given percentile.  Fiscal income is defined as the sum of all income items reported on income tax returns, before any deduction. It includes labour income, capital income and mixed income. The concept of fiscal income varies with national tax legislations, so in order to make international comparisons it is preferable to use the concept of national income. The population is comprised of individuals over age 20. The base unit is the tax unit defined by national fiscal administrations to measure personal income taxes.;Total Fiscal income  within a given percentile group. Fiscal income is defined as the sum of all income items reported on income tax returns, before any deduction. It includes labour income, capital income and mixed income. The concept of fiscal income varies with national tax legislations, so in order to make international comparisons it is preferable to use the concept of national income. The population is comprised of individuals over age 20.;Fiscal income share held by a given percentile group. Fiscal income is defined as the sum of all income items reported on income tax returns, before any deduction. It includes labour income, capital income and mixed income. The concept of fiscal income varies with national tax legislations, so in order to make international comparisons it is preferable to use the concept of national income. The population is comprised of individuals over age 20. The base unit is the tax unit defined by national fiscal administrations to measure personal income taxes.;Pre-tax national income share held by a given percentile group. Pre-tax national income  is the sum of all pre-tax personal income flows accruing to the owners of the production factors, labor and capital, before taking into account the operation of the tax/transfer system, but after taking into account the operation of pension system. The central difference between personal factor income and pre-tax income is the treatment of pensions, which are counted on a contribution basis by factor income and on a distribution basis by pre-tax income. The population is comprised of individuals over age 20. The base unit is the tax unit defined by national fiscal administrations to measure personal income taxes.
Variable Decomposition;.;.;.;[Fiscal income ]=[Fiscal labour income ]+[Fiscal capital income ];[Fiscal income ]=[Fiscal labour income ]+[Fiscal capital income ];[Fiscal income ]=[Fiscal labour income ]+[Fiscal capital income ];[Fiscal income ]=[Fiscal labour income ]+[Fiscal capital income ];Pre-tax national income =Pre-tax labor income [total pre-tax income ranking]+Pre-tax capital income [total pre-tax income ranking]
Variable Unit;.;.;.;"USD; United States dollar | local currency | market";"USD; United States dollar | local currency | market";"USD; United States dollar | local currency | market";share;share
Methodological Notes;.;.;.;;;;;Assuming the same distribution as fiscal income.
Sources;.;.;.;Frank, Sommeiller, Price & Saez (2015);Frank, Sommeiller, Price & Saez (2015);Frank, Sommeiller, Price & Saez (2015);Frank, Sommeiller, Price & Saez (2015);WID.world computations using: Frank, Sommeiller, Price & Saez (2015)
Variable Code;country;year;perc;afiinc992t;tfiinc992t;mfiinc992t;sfiinc992t;sptinc992t
;US-TN;2014;p0p100;50723.4765625;;1.70141171712e+11;;
;US-TN;2014;p99p100;;325352.9375;;0.1864691526;0.1864691526
;US-TN;2014;p99.9p100;;1407412.125;;0.0872501209;0.0872501209
;US-TN;2014;p99.99p100;;6845162.5;;0.0409619361;0.0409619361
;US-TN;2014;p90p100;;106138.921875;;0.4671656191;0.4671656191
;US-TN;2014;p90p91;240047.03125;;;;
;US-TN;2014;p95p96;353175.6875;;;;
;US-TN;2014;p90p95;126918.398438;106138.921875;;0.1221863627;0.1221863627
;US-TN;2014;p95p99;202369.5625;136553.453125;;0.158404842;0.158404842
;US-TN;2014;p99.5p99.9;764750.5;514018.625;;0.0601121597;0.0601121597
;US-TN;2014;p99.9p99.99;2565883.0;1407412.125;;0.046355661;0.046355661
;US-TN;2014;p99p99.5;401802.78125;325352.9375;;0.0391380489;0.0391380489
;US-TN;2014;p95p100;;136553.453125;;0.3448430598;0.3448430598
;US-TN;2014;p0p90;29687.5253906;;;0.5328409672;0.5328409672
;US-TN;2014;p0p99;41575.2265625;;;0.8135308623;0.8135308623
;US-TN;2014;p99.5p100;;514018.625;;0.1473290771;0.1473290771
;US-TN;2014;p99.5p99.6;1510997.5;;;;
;US-TN;2014;p99.99p99.991;21866908.0;;;;
;US-TN;2014;p99.9p99.91;4495985.5;;;;
;US-TN;2014;p99p99.1;956400.125;;;;
;US-TN;2013;p0p100;49379.3515625;;1.62152448e+11;;
;US-TN;2013;p99p100;;322298.8125;;0.1709688604;0.1709688604
;US-TN;2013;p99.9p100;;1287474.5;;0.0735176653;0.0735176653
;US-TN;2013;p99.99p100;;5757993.0;;0.0324476957;0.0324476957
;US-TN;2013;p90p100;;106499.3125;;0.4552707672;0.4552707672
;US-TN;2013;p90p91;229612.796875;;;;
;US-TN;2013;p95p96;331738.65625;;;;
;US-TN;2013;p90p95;127486.9375;106499.3125;;0.1243915558;0.1243915558
;US-TN;2013;p95p99;200638.578125;137333.625;;0.1596486717;0.1596486717
;US-TN;2013;p99.5p99.9;727742.5;496551.25;;0.057974223;0.057974223
;US-TN;2013;p99.9p99.99;2262729.0;1287474.5;;0.0411304943;0.0411304943
;US-TN;2013;p99p99.5;393263.15625;322298.8125;;0.0394933298;0.0394933298
;US-TN;2013;p95p100;;137333.625;;0.3306583762;0.3306583762
;US-TN;2013;p0p90;29353.4121094;;;0.5449140072;0.5449140072
;US-TN;2013;p0p99;41230.265625;;;0.8290311098;0.8290311098
;US-TN;2013;p99.5p100;;496551.25;;0.1315016896;0.1315016896
;US-TN;2013;p99.5p99.6;1319014.75;;;;
;US-TN;2013;p99.99p99.991;16476478.0;;;;
;US-TN;2013;p99.9p99.91;3684103.75;;;;
;US-TN;2013;p99p99.1;856138.9375;;;;
;US-TN;2012;p0p100;50635.9453125;;1.67154122752e+11;;
;US-TN;2012;p99p100;951437.4375;;;0.1878976375;0.1878976375
;US-TN;2012;p99.9p100;4429029.0;;;0.0874680802;0.0874680802
;US-TN;2012;p99.99p100;19863342.0;;;0.0392277502;0.0392277502
;US-TN;2012;p90p100;;;;0.4603232145;0.4603232145
;US-TN;2012;p90p91;233089.0;;;;
;US-TN;2012;p95p96;344284.5625;;;;
;US-TN;2012;p95p100;;;;0.3399606645;0.3399606645
;US-TN;2012;p99.5p100;1507370.625;;;0.1488439292;0.1488439292
;US-TN;2011;p0p100;47450.8671875;;1.548337152e+11;;
;US-TN;2011;p99p100;787771.25;;;0.1660183072;0.1660183072
;US-TN;2011;p99.9p100;3327504.75;;;0.0701252669;0.0701252669
;US-TN;2011;p99.99p100;14071796.0;;;0.0296555087;0.0296555087
;US-TN;2011;p90p100;;;;0.448833406;0.448833406
;US-TN;2011;p90p91;212975.34375;;;;
;US-TN;2011;p95p96;306699.34375;;;;
;US-TN;2011;p95p100;;;;0.3231756985;0.3231756985
;US-TN;2011;p99.5p100;1206163.625;;;0.1270960569;0.1270960569
;US-TN;2010;p0p100;47787.2226562;;1.53239355392e+11;;
;US-TN;2010;p99p100;820074.9375;;;0.1716096699;0.1716096699
;US-TN;2010;p99.9p100;3746437.25;;;0.0783983022;0.0783983022
;US-TN;2010;p99.99p100;17856058.0;;;0.0373657607;0.0373657607
;US-TN;2010;p90p100;;;;0.4503496587;0.4503496587
;US-TN;2010;p90p91;215209.609375;;;;
;US-TN;2010;p95p96;310618.34375;;;;
;US-TN;2010;p95p100;;;;0.3250014782;0.3250014782
;US-TN;2010;p99.5p100;1282592.5;;;0.1341982633;0.1341982633
;US-TN;2009;p0p100;46438.265625;;1.46177572864e+11;;
;US-TN;2009;p99p100;740258.25;;;0.1594069451;0.1594069451
;US-TN;2009;p99.9p100;3220939.75;;;0.0693596005;0.0693596005
;US-TN;2009;p99.99p100;14370748.0;;;0.0309459157;0.0309459157
;US-TN;2009;p90p100;;;;0.437995404;0.437995404
;US-TN;2009;p90p91;203397.484375;;;;
;US-TN;2009;p95p96;294564.875;;;;
;US-TN;2009;p95p100;;;;0.3171574473;0.3171574473
;US-TN;2009;p99.5p100;1138804.75;;;0.1226148978;0.1226148978
;US-TN;2008;p0p100;50335.78125;;1.56714958848e+11;;
;US-TN;2008;p99p100;899138.375;;;0.178628087;0.178628087
;US-TN;2008;p99.9p100;4159906.0;;;0.0826431215;0.0826431215
;US-TN;2008;p99.99p100;18762388.0;;;0.0372744575;0.0372744575
;US-TN;2008;p90p100;;;;0.449978739;0.449978739
;US-TN;2008;p90p91;226500.3125;;;;
;US-TN;2008;p95p96;329402.8125;;;;
;US-TN;2008;p95p100;;;;0.3272054493;0.3272054493
;US-TN;2008;p99.5p100;1417617.75;;;0.1408161074;0.1408161074
;US-TN;2007;p0p100;54998.4648438;;1.679183872e+11;;
;US-TN;2007;p99p100;1172111.0;;;0.2131170332;0.2131170332
;US-TN;2007;p99.9p100;5920691.0;;;0.1076519266;0.1076519266
;US-TN;2007;p99.99p100;28158244.0;;;0.0511982366;0.0511982366
;US-TN;2007;p90p100;;;;0.4744784832;0.4744784832
;US-TN;2007;p90p91;260955.90625;;;;
;US-TN;2007;p95p96;394782.96875;;;;
;US-TN;2007;p95p100;;;;0.3589036167;0.3589036167
;US-TN;2007;p99.5p100;1907148.0;;;0.1733819097;0.1733819097
;US-TN;2006;p0p100;53273.8476562;;1.62425847808e+11;;
;US-TN;2006;p99p100;1106017.625;;;0.2076098621;0.2076098621
;US-TN;2006;p99.9p100;5436089.0;;;0.1020404696;0.1020404696
;US-TN;2006;p99.99p100;24794732.0;;;0.0465420298;0.0465420298
;US-TN;2006;p90p100;;;;0.4705459774;0.4705459774
;US-TN;2006;p90p91;250677.96875;;;;
;US-TN;2006;p95p96;381774.375;;;;
;US-TN;2006;p95p100;;;;0.3583130836;0.3583130836
;US-TN;2006;p99.5p100;1786629.375;;;0.167683512;0.167683512
;US-TN;2005;p0p100;53650.25;;1.57099507712e+11;;
;US-TN;2005;p99p100;1005579.3125;;;0.1874323636;0.1874323636
;US-TN;2005;p99.9p100;4757998.0;;;0.0886854753;0.0886854753
;US-TN;2005;p99.99p100;20971062.0;;;0.039088469;0.039088469
;US-TN;2005;p90p100;;;;0.4423516393;0.4423516393
;US-TN;2005;p90p91;237322.75;;;;
;US-TN;2005;p95p96;360310.875;;;;
;US-TN;2005;p95p100;;;;0.335796088;0.335796088
;US-TN;2005;p99.5p100;1602779.375;;;0.1493729651;0.1493729651
;US-TN;2004;p0p100;51923.0507812;;1.51281844224e+11;;
;US-TN;2004;p99p100;915855.25;;;0.1763870418;0.1763870418
;US-TN;2004;p99.9p100;4273956.5;;;0.0823132843;0.0823132843
;US-TN;2004;p99.99p100;19094794.0;;;0.0367751792;0.0367751792
;US-TN;2004;p90p100;;;;0.4337585568;0.4337585568
;US-TN;2004;p90p91;225220.65625;;;;
;US-TN;2004;p95p96;338581.125;;;;
;US-TN;2004;p95p100;;;;0.3260412514;0.3260412514
;US-TN;2004;p99.5p100;1448193.5;;;0.1394557357;0.1394557357
;US-TN;2003;p0p100;49759.6953125;;1.4214995968e+11;;
;US-TN;2003;p99p100;779338.1875;;;0.1566203535;0.1566203535
;US-TN;2003;p99.9p100;3377695.5;;;0.0678801462;0.0678801462
;US-TN;2003;p99.99p100;14477825.0;;;0.0290954858;0.0290954858
;US-TN;2003;p90p100;;;;0.4181465209;0.4181465209
;US-TN;2003;p90p91;208068.4375;;;;
;US-TN;2003;p95p96;302662.96875;;;;
;US-TN;2003;p95p100;;;;0.3041246235;0.3041246235
;US-TN;2003;p99.5p100;1202966.5;;;0.1208776012;0.1208776012
;US-TN;2002;p0p100;50362.7890625;;1.4034771968e+11;;
;US-TN;2002;p99p100;731619.0625;;;0.1452697814;0.1452697814
;US-TN;2002;p99.9p100;2996595.75;;;0.0595001951;0.0595001951
;US-TN;2002;p99.99p100;12068502.0;;;0.023963131;0.023963131
;US-TN;2002;p90p100;;;;0.4039818645;0.4039818645
;US-TN;2002;p90p91;203456.546875;;;;
;US-TN;2002;p95p96;292880.34375;;;;
;US-TN;2002;p95p100;;;;0.2907705605;0.2907705605
;US-TN;2002;p99.5p100;1110669.125;;;0.1102668419;0.1102668419
;US-TN;2001;p0p100;51879.4648438;;1.43817261056e+11;;
;US-TN;2001;p99p100;789331.0625;;;0.1521471292;0.1521471292
;US-TN;2001;p99.9p100;3289704.75;;;0.0634105429;0.0634105429
;US-TN;2001;p99.99p100;13372728.0;;;0.0257765334;0.0257765334
;US-TN;2001;p90p100;;;;0.406577915;0.406577915
;US-TN;2001;p90p91;210930.4375;;;;
;US-TN;2001;p95p96;307153.46875;;;;
;US-TN;2001;p95p100;;;;0.2960260808;0.2960260808
;US-TN;2001;p99.5p100;1197444.75;;;0.1154064313;0.1154064313
;US-TN;2000;p0p100;54624.2109375;;1.48809875456e+11;;
;US-TN;2000;p99p100;910227.6875;;;0.1666344702;0.1666344702
;US-TN;2000;p99.9p100;4056807.25;;;0.0742675588;0.0742675588
;US-TN;2000;p99.99p100;17049928.0;;;0.0312131308;0.0312131308
;US-TN;2000;p90p100;;;;0.4172659218;0.4172659218
;US-TN;2000;p90p91;227928.234375;;;;
;US-TN;2000;p95p96;338546.90625;;;;
;US-TN;2000;p95p100;;;;0.3098872304;0.3098872304
;US-TN;2000;p99.5p100;1415133.875;;;0.129533574;0.129533574
;US-TN;1999;p0p100;54885.8632812;;1.44592699392e+11;;
;US-TN;1999;p99p100;925814.5625;;;0.1686799824;0.1686799824
;US-TN;1999;p99.9p100;4037796.0;;;0.0735671446;0.0735671446
;US-TN;1999;p99.99p100;16251518.0;;;0.0296096615;0.0296096615
;US-TN;1999;p90p100;;;;0.4227407575;0.4227407575
;US-TN;1999;p90p91;232024.890625;;;;
;US-TN;1999;p95p96;344745.0625;;;;
;US-TN;1999;p95p100;;;;0.3140563667;0.3140563667
;US-TN;1999;p99.5p100;1434936.375;;;0.1307200491;0.1307200491
;US-TN;1998;p0p100;51897.6523438;;1.36034000896e+11;;
;US-TN;1998;p99p100;890124.625;;;0.1715154052;0.1715154052
;US-TN;1998;p99.9p100;3862140.25;;;0.0744184032;0.0744184032
;US-TN;1998;p99.99p100;15372271.0;;;0.0296203606;0.0296203606
;US-TN;1998;p90p100;;;;0.4278667271;0.4278667271
;US-TN;1998;p90p91;222052.765625;;;;
;US-TN;1998;p95p96;329313.9375;;;;
;US-TN;1998;p95p100;;;;0.3172724843;0.3172724843
;US-TN;1998;p99.5p100;1381010.75;;;0.1330513805;0.1330513805
;US-TN;1997;p0p100;48116.3789062;;1.26307188736e+11;;
;US-TN;1997;p99p100;822970.5;;;0.1710374951;0.1710374951
;US-TN;1997;p99.9p100;3571863.75;;;0.0742338449;0.0742338449
;US-TN;1997;p99.99p100;14767576.0;;;0.0306913704;0.0306913704
;US-TN;1997;p90p100;;;;0.4344176352;0.4344176352
;US-TN;1997;p90p91;209026.03125;;;;
;US-TN;1997;p95p96;307785.6875;;;;
;US-TN;1997;p95p100;;;;0.3198346198;0.3198346198
;US-TN;1997;p99.5p100;1271242.25;;;0.1321007907;0.1321007907
;US-TN;1996;p0p100;45823.796875;;1.18293520384e+11;;
;US-TN;1996;p99p100;747620.625;;;0.1631511748;0.1631511748
;US-TN;1996;p99.9p100;3193386.0;;;0.0696883723;0.0696883723
;US-TN;1996;p99.99p100;13278839.0;;;0.0289780404;0.0289780404
;US-TN;1996;p90p100;;;;0.4297820628;0.4297820628
;US-TN;1996;p90p91;196942.46875;;;;
;US-TN;1996;p95p96;286136.59375;;;;
;US-TN;1996;p95p100;;;;0.3122139573;0.3122139573
;US-TN;1996;p99.5p100;1151103.25;;;0.1256010383;0.1256010383
;US-TN;1995;p0p100;44733.5;;1.12451878912e+11;;
;US-TN;1995;p99p100;665212.875;;;0.1487057507;0.1487057507
;US-TN;1995;p99.9p100;2654357.5;;;0.0593371354;0.0593371354
;US-TN;1995;p99.99p100;10318417.0;;;0.0230664201;0.0230664201
;US-TN;1995;p90p100;;;;0.4125195146;0.4125195146
;US-TN;1995;p90p91;184534.40625;;;;
;US-TN;1995;p95p96;265090.1875;;;;
;US-TN;1995;p95p100;;;;0.2962994277;0.2962994277
;US-TN;1995;p99.5p100;1004155.6875;;;0.1122375578;0.1122375578
;US-TN;1994;p0p100;41850.7734375;;1.06086006784e+11;;
;US-TN;1994;p99p100;590759.875;;;0.1411586404;0.1411586404
;US-TN;1994;p99.9p100;2343798.5;;;0.0560037047;0.0560037047
;US-TN;1994;p99.99p100;9334023.0;;;0.0223031081;0.0223031081
;US-TN;1994;p90p100;;;;0.4082281888;0.4082281888
;US-TN;1994;p90p91;170846.65625;;;;
;US-TN;1994;p95p96;241551.640625;;;;
;US-TN;1994;p95p100;;;;0.2885868251;0.2885868251
;US-TN;1994;p99.5p100;888427.375;;;0.1061422825;0.1061422825
;US-TN;1993;p0p100;41240.2695312;;1.01906776064e+11;;
;US-TN;1993;p99p100;584031.625;;;0.1416168213;0.1416168213
;US-TN;1993;p99.9p100;2355403.25;;;0.0571141504;0.0571141504
;US-TN;1993;p99.99p100;9545835.0;;;0.0231468771;0.0231468771
;US-TN;1993;p90p100;;;;0.4062179625;0.4062179625
;US-TN;1993;p90p91;167525.390625;;;;
;US-TN;1993;p95p96;237151.296875;;;;
;US-TN;1993;p95p100;;;;0.2875238955;0.2875238955
;US-TN;1993;p99.5p100;884686.0;;;0.1072599664;0.1072599664
;US-TN;1992;p0p100;41209.5625;;99554238464.0;;
;US-TN;1992;p99p100;610065.375;;;0.1480397433;0.1480397433
;US-TN;1992;p99.9p100;2560753.25;;;0.0621397756;0.0621397756
;US-TN;1992;p99.99p100;10676815.0;;;0.0259085856;0.0259085856
;US-TN;1992;p90p100;;;;0.4108032882;0.4108032882
;US-TN;1992;p90p91;169290.25;;;;
;US-TN;1992;p95p96;239761.671875;;;;
;US-TN;1992;p95p100;;;;0.2909053862;0.2909053862
;US-TN;1992;p99.5p100;937234.5625;;;0.1137156561;0.1137156561
;US-TN;1991;p0p100;39588.7148438;;94229209088.0;;
;US-TN;1991;p99p100;513591.625;;;0.129731819;0.129731819
;US-TN;1991;p99.9p100;1932831.375;;;0.0488227867;0.0488227867
;US-TN;1991;p99.99p100;7247324.0;;;0.0183065385;0.0183065385
;US-TN;1991;p90p100;;;;0.3973541856;0.3973541856
;US-TN;1991;p90p91;157307.421875;;;;
;US-TN;1991;p95p96;216218.9375;;;;
;US-TN;1991;p95p100;;;;0.2730815411;0.2730815411
;US-TN;1991;p99.5p100;763406.125;;;0.0964171439;0.0964171439
;US-TN;1990;p0p100;41090.8125;;94602256384.0;;
;US-TN;1990;p99p100;531445.8125;;;0.1293344498;0.1293344498
;US-TN;1990;p99.9p100;1995994.0;;;0.048575189;0.048575189
;US-TN;1990;p99.99p100;7389040.5;;;0.0179822184;0.0179822184
;US-TN;1990;p90p100;;;;0.3879055381;0.3879055381
;US-TN;1990;p90p91;159393.546875;;;;
;US-TN;1990;p95p96;220417.453125;;;;
;US-TN;1990;p95p100;;;;0.2682076991;0.2682076991
;US-TN;1990;p99.5p100;792698.3125;;;0.0964568779;0.0964568779
;US-TN;1989;p0p100;40105.078125;;93624172544.0;;
;US-TN;1989;p99p100;561163.0;;;0.1399231702;0.1399231702
;US-TN;1989;p99.9p100;2249876.75;;;0.0560995489;0.0560995489
;US-TN;1989;p99.99p100;8911916.0;;;0.0222214162;0.0222214162
;US-TN;1989;p90p100;;;;0.3999266326;0.3999266326
;US-TN;1989;p90p91;160390.890625;;;;
;US-TN;1989;p95p96;226239.84375;;;;
;US-TN;1989;p95p100;;;;0.2820588648;0.2820588648
;US-TN;1989;p99.5p100;849996.9375;;;0.1059712395;0.1059712395
;US-TN;1988;p0p100;40785.2695312;;93165461504.0;;
;US-TN;1988;p99p100;621251.875;;;0.1523226202;0.1523226202
;US-TN;1988;p99.9p100;2690298.75;;;0.0659625158;0.0659625158
;US-TN;1988;p99.99p100;11177391.0;;;0.0274054613;0.0274054613
;US-TN;1988;p90p100;;;;0.4047826529;0.4047826529
;US-TN;1988;p90p91;165091.6875;;;;
;US-TN;1988;p95p96;237080.3125;;;;
;US-TN;1988;p95p100;;;;0.2906445265;0.2906445265
;US-TN;1988;p99.5p100;965816.75;;;0.1184026524;0.1184026524
;US-TN;1987;p0p100;38666.8515625;;86632488960.0;;
;US-TN;1987;p99p100;472636.9375;;;0.1222331002;0.1222331002
;US-TN;1987;p99.9p100;1770769.5;;;0.0457955413;0.0457955413
;US-TN;1987;p99.99p100;6677546.0;;;0.0172694325;0.0172694325
;US-TN;1987;p90p100;;;;0.3812701106;0.3812701106
;US-TN;1987;p90p91;147425.140625;;;;
;US-TN;1987;p95p96;202626.453125;;;;
;US-TN;1987;p95p100;;;;0.2620157003;0.2620157003
;US-TN;1987;p99.5p100;698560.4375;;;0.0903306603;0.0903306603
;US-TN;1986;p0p100;39608.0859375;;87304085504.0;;
;US-TN;1986;p99p100;643639.375;;;0.1625020206;0.1625020206
;US-TN;1986;p99.9p100;3013399.0;;;0.0760803968;0.0760803968
;US-TN;1986;p99.99p100;13724727.0;;;0.0346513279;0.0346513279
;US-TN;1986;p90p100;;;;0.4115910828;0.4115910828
;US-TN;1986;p90p91;163023.34375;;;;
;US-TN;1986;p95p96;237201.3125;;;;
;US-TN;1986;p95p100;;;;0.2994354665;0.2994354665
;US-TN;1986;p99.5p100;1023096.875;;;0.1291525215;0.1291525215
;US-TN;1985;p0p100;37041.8789062;;80210984960.0;;
;US-TN;1985;p99p100;480837.65625;;;0.1298092008;0.1298092008
;US-TN;1985;p99.9p100;2047739.0;;;0.0552817285;0.0552817285
;US-TN;1985;p99.99p100;8730201.0;;;0.0235684644;0.0235684644
;US-TN;1985;p90p100;;;;0.3784115613;0.3784115613
;US-TN;1985;p90p91;140170.75;;;;
;US-TN;1985;p95p96;196863.03125;;;;
;US-TN;1985;p95p100;;;;0.2657303512;0.2657303512
;US-TN;1985;p99.5p100;734790.125;;;0.0991837084;0.0991837084
;US-TN;1984;p0p100;35963.21875;;76539617280.0;;
;US-TN;1984;p99p100;453476.8125;;;0.1260946244;0.1260946244
;US-TN;1984;p99.9p100;1860520.25;;;0.0517339781;0.0517339781
;US-TN;1984;p99.99p100;8092031.0;;;0.022500854;0.022500854
;US-TN;1984;p90p100;;;;0.3622866273;0.3622866273
;US-TN;1984;p90p91;130289.921875;;;;
;US-TN;1984;p95p96;184158.0;;;;
;US-TN;1984;p95p100;;;;0.2560366094;0.2560366094
;US-TN;1984;p99.5p100;672666.5;;;0.0935214609;0.0935214609
;US-TN;1983;p0p100;34567.6796875;;72327536640.0;;
;US-TN;1983;p99p100;432681.0;;;0.1251692325;0.1251692325
;US-TN;1983;p99.9p100;1657630.125;;;0.0479531772;0.0479531772
;US-TN;1983;p99.99p100;6763502.0;;;0.0195659697;0.0195659697
;US-TN;1983;p90p100;;;;0.3523166478;0.3523166478
;US-TN;1983;p90p91;121787.703125;;;;
;US-TN;1983;p95p96;173045.140625;;;;
;US-TN;1983;p95p100;;;;0.2502990365;0.2502990365
;US-TN;1983;p99.5p100;619679.875;;;0.089632839;0.089632839
;US-TN;1982;p0p100;33570.75;;69305155584.0;;
;US-TN;1982;p99p100;377563.5;;;0.1124679819;0.1124679819
;US-TN;1982;p99.9p100;1460399.875;;;0.0435021482;0.0435021482
;US-TN;1982;p99.99p100;6063627.5;;;0.0180622321;0.0180622321
;US-TN;1982;p90p100;;;;0.3521349728;0.3521349728
;US-TN;1982;p90p91;118214.359375;;;;
;US-TN;1982;p95p96;161201.125;;;;
;US-TN;1982;p95p100;;;;0.2400916219;0.2400916219
;US-TN;1982;p99.5p100;557125.5625;;;0.0829778165;0.0829778165
;US-TN;1981;p0p100;34346.1132812;;69569339392.0;;
;US-TN;1981;p99p100;349474.90625;;;0.1017509401;0.1017509401
;US-TN;1981;p99.9p100;1131985.125;;;0.0329581723;0.0329581723
;US-TN;1981;p99.99p100;4005423.25;;;0.0116619403;0.0116619403
;US-TN;1981;p90p100;;;;0.3628208339;0.3628208339
;US-TN;1981;p90p91;124614.851562;;;;
;US-TN;1981;p95p96;159143.21875;;;;
;US-TN;1981;p95p100;;;;0.2316757441;0.2316757441
;US-TN;1981;p99.5p100;496624.25;;;0.0722970143;0.0722970143
;US-TN;1980;p0p100;35448.0507812;;69465948160.0;;
;US-TN;1980;p99p100;357483.65625;;;0.1008471847;0.1008471847
;US-TN;1980;p99.9p100;1103770.0;;;0.0311376732;0.0311376732
;US-TN;1980;p99.99p100;3362664.0;;;0.0094861733;0.0094861733
;US-TN;1980;p90p100;;;;0.3544043899;0.3544043899
;US-TN;1980;p90p91;125629.460938;;;;
;US-TN;1980;p95p96;162633.140625;;;;
;US-TN;1980;p95p100;;;;0.2293964177;0.2293964177
;US-TN;1980;p99.5p100;503060.59375;;;0.0709574297;0.0709574297
;US-TN;1979;p0p100;36431.5664062;;69844951040.0;;
;US-TN;1979;p99p100;351553.40625;;;0.0964969322;0.0964969322
;US-TN;1979;p99.9p100;1059466.125;;;0.0290809982;0.0290809982
;US-TN;1979;p99.99p100;3500836.0;;;0.0096093491;0.0096093491
;US-TN;1979;p90p100;;;;0.347664237;0.347664237
;US-TN;1979;p90p91;126659.523438;;;;
;US-TN;1979;p95p96;169414.421875;;;;
;US-TN;1979;p95p100;;;;0.2325105071;0.2325105071
;US-TN;1979;p99.5p100;491281.3125;;;0.0674252361;0.0674252361
;US-TN;1978;p0p100;35902.4726562;;67154612224.0;;
;US-TN;1978;p99p100;337989.03125;;;0.0941408798;0.0941408798
;US-TN;1978;p99.9p100;909767.5;;;0.0253399666;0.0253399666
;US-TN;1978;p99.99p100;2611963.0;;;0.0072751618;0.0072751618
;US-TN;1978;p90p100;;;;0.3479992449;0.3479992449
;US-TN;1978;p90p91;124940.335938;;;;
;US-TN;1978;p95p96;167540.515625;;;;
;US-TN;1978;p95p100;;;;0.2333272547;0.2333272547
;US-TN;1978;p99.5p100;453126.875;;;0.0631052405;0.0631052405
;US-TN;1977;p0p100;34619.5820312;;63101374464.0;;
;US-TN;1977;p99p100;324854.84375;;;0.0938355699;0.0938355699
;US-TN;1977;p99.9p100;916389.0625;;;0.0264702514;0.0264702514
;US-TN;1977;p99.99p100;2626129.5;;;0.0075856769;0.0075856769
;US-TN;1977;p90p100;;;;0.345659107;0.345659107
;US-TN;1977;p90p91;119665.742188;;;;
;US-TN;1977;p95p96;159727.046875;;;;
;US-TN;1977;p95p100;;;;0.23068887;0.23068887
;US-TN;1977;p99.5p100;446169.625;;;0.0644389093;0.0644389093
;US-TN;1976;p0p100;34058.2929688;;60530262016.0;;
;US-TN;1976;p99p100;322806.1875;;;0.0947805047;0.0947805047
;US-TN;1976;p99.9p100;912233.625;;;0.0267844815;0.0267844815
;US-TN;1976;p99.99p100;3040243.75;;;0.008926589;0.008926589
;US-TN;1976;p90p100;;;;0.3458964229;0.3458964229
;US-TN;1976;p90p91;117806.414062;;;;
;US-TN;1976;p95p96;154322.515625;;;;
;US-TN;1976;p95p100;;;;0.2265564501;0.2265564501
;US-TN;1976;p99.5p100;451293.65625;;;0.0662531257;0.0662531257
;US-TN;1975;p0p100;32409.5878906;;56199462912.0;;
;US-TN;1975;p99p100;311749.40625;;;0.0961904973;0.0961904973
;US-TN;1975;p99.9p100;892057.5625;;;0.0275244974;0.0275244974
;US-TN;1975;p99.99p100;2735360.75;;;0.0084399739;0.0084399739
;US-TN;1975;p90p100;;;;0.3559714556;0.3559714556
;US-TN;1975;p90p91;115368.875;;;;
;US-TN;1975;p95p96;152019.03125;;;;
;US-TN;1975;p95p100;;;;0.2345279008;0.2345279008
;US-TN;1975;p99.5p100;428579.84375;;;0.0661192983;0.0661192983
;US-TN;1974;p0p100;34764.5;;58800472064.0;;
;US-TN;1974;p99p100;322952.8125;;;0.0928972885;0.0928972885
;US-TN;1974;p99.9p100;951060.5;;;0.02735723;0.02735723
;US-TN;1974;p99.99p100;3018639.75;;;0.0086831097;0.0086831097
;US-TN;1974;p90p100;;;;0.3445131183;0.3445131183
;US-TN;1974;p90p91;119768.273438;;;;
;US-TN;1974;p95p96;158317.09375;;;;
;US-TN;1974;p95p100;;;;0.2276993692;0.2276993692
;US-TN;1974;p99.5p100;444482.5;;;0.0639276356;0.0639276356
;US-TN;1973;p0p100;35480.5664062;;58582482944.0;;
;US-TN;1973;p99p100;356640.875;;;0.1005172431;0.1005172431
;US-TN;1973;p99.9p100;1027403.875;;;0.0289568044;0.0289568044
;US-TN;1973;p99.99p100;3378780.75;;;0.0095229056;0.0095229056
;US-TN;1973;p90p100;;;;0.3593021631;0.3593021631
;US-TN;1973;p90p91;127482.4375;;;;
;US-TN;1973;p95p96;172791.40625;;;;
;US-TN;1973;p95p100;;;;0.2435014844;0.2435014844
;US-TN;1973;p99.5p100;496775.625;;;0.0700067207;0.0700067207
;US-TN;1972;p0p100;34176.234375;;55066587136.0;;
;US-TN;1972;p99p100;366261.125;;;0.107168369;0.107168369
;US-TN;1972;p99.9p100;1138737.375;;;0.0333195664;0.0333195664
;US-TN;1972;p99.99p100;4068687.25;;;0.0119050182;0.0119050182
;US-TN;1972;p90p100;;;;0.3582995236;0.3582995236
;US-TN;1972;p90p91;122453.296875;;;;
;US-TN;1972;p95p96;165316.484375;;;;
;US-TN;1972;p95p100;;;;0.24185884;0.24185884
;US-TN;1972;p99.5p100;513890.375;;;0.0751824081;0.0751824081
;US-TN;1971;p0p100;32148.1484375;;50492997632.0;;
;US-TN;1971;p99p100;341185.21875;;;0.1061290279;0.1061290279
;US-TN;1971;p99.9p100;1041757.9375;;;0.0324049108;0.0324049108
;US-TN;1971;p99.99p100;3629223.0;;;0.0112890573;0.0112890573
;US-TN;1971;p90p100;;;;0.3674426675;0.3674426675
;US-TN;1971;p90p91;118126.015625;;;;
;US-TN;1971;p95p96;159631.515625;;;;
;US-TN;1971;p95p100;;;;0.248274833;0.248274833
;US-TN;1971;p99.5p100;473128.90625;;;0.0735857189;0.0735857189
;US-TN;1970;p0p100;31440.0214844;;48046067712.0;;
;US-TN;1970;p99p100;305654.625;;;0.0972183198;0.0972183198
;US-TN;1970;p99.9p100;871843.8125;;;0.027730383;0.027730383
;US-TN;1970;p99.99p100;2713945.0;;;0.0086321346;0.0086321346
;US-TN;1970;p90p100;;;;0.3518977463;0.3518977463
;US-TN;1970;p90p91;110636.726562;;;;
;US-TN;1970;p95p96;145946.984375;;;;
;US-TN;1970;p95p100;;;;0.2321038395;0.2321038395
;US-TN;1970;p99.5p100;423597.78125;;;0.0673660114;0.0673660114
;US-TN;1969;p0p100;31659.2109375;;47659597824.0;;
;US-TN;1969;p99p100;343279.40625;;;0.1084295511;0.1084295511
;US-TN;1969;p99.9p100;1117316.125;;;0.0352919772;0.0352919772
;US-TN;1969;p99.99p100;4212411.0;;;0.0133054834;0.0133054834
;US-TN;1969;p90p100;;;;0.3576810956;0.3576810956
;US-TN;1969;p90p91;113239.015625;;;;
;US-TN;1969;p95p96;154803.15625;;;;
;US-TN;1969;p95p100;;;;0.2444835901;0.2444835901
;US-TN;1969;p99.5p100;487344.75;;;0.0769672915;0.0769672915
;US-TN;1968;p0p100;32088.1875;;47672713216.0;;
;US-TN;1968;p99p100;356944.53125;;;0.1112385914;0.1112385914
;US-TN;1968;p99.9p100;1140359.5;;;0.0355382934;0.0355382934
;US-TN;1968;p99.99p100;4193627.75;;;0.0130690699;0.0130690699
;US-TN;1968;p90p100;;;;0.3574944139;0.3574944139
;US-TN;1968;p90p91;114713.484375;;;;
;US-TN;1968;p95p96;158699.375;;;;
;US-TN;1968;p95p100;;;;0.247286275;0.247286275
;US-TN;1968;p99.5p100;508093.15625;;;0.079171367;0.079171367
;US-TN;1967;p0p100;30241.6328125;;44329721856.0;;
;US-TN;1967;p99p100;341031.46875;;;0.1127688736;0.1127688736
;US-TN;1967;p99.9p100;1017087.875;;;0.0336320437;0.0336320437
;US-TN;1967;p99.99p100;3499603.0;;;0.0115721375;0.0115721375
;US-TN;1967;p90p100;;;;0.3629564345;0.3629564345
;US-TN;1967;p90p91;109763.9375;;;;
;US-TN;1967;p95p96;149680.484375;;;;
;US-TN;1967;p95p100;;;;0.2474742383;0.2474742383
;US-TN;1967;p99.5p100;469542.71875;;;0.0776318461;0.0776318461
;US-TN;1966;p0p100;29185.9511719;;42171576320.0;;
;US-TN;1966;p99p100;324756.65625;;;0.1112715676;0.1112715676
;US-TN;1966;p99.9p100;1000913.625;;;0.0342943631;0.0342943631
;US-TN;1966;p99.99p100;3759879.5;;;0.0128824981;0.0128824981
;US-TN;1966;p90p100;;;;0.371931076;0.371931076
;US-TN;1966;p90p91;108551.625;;;;
;US-TN;1966;p95p96;146529.25;;;;
;US-TN;1966;p95p100;;;;0.2510270178;0.2510270178
;US-TN;1966;p99.5p100;451971.09375;;;0.0774295554;0.0774295554
;US-TN;1965;p0p100;27648.1503906;;39351689216.0;;
;US-TN;1965;p99p100;313180.90625;;;0.1132737249;0.1132737249
;US-TN;1965;p99.9p100;936228.3125;;;0.0338622406;0.0338622406
;US-TN;1965;p99.99p100;2956921.5;;;0.010694826;0.010694826
;US-TN;1965;p90p100;;;;0.3724475801;0.3724475801
;US-TN;1965;p90p91;102974.875;;;;
;US-TN;1965;p95p96;138378.171875;;;;
;US-TN;1965;p95p100;;;;0.2502485216;0.2502485216
;US-TN;1965;p99.5p100;438695.75;;;0.0793354586;0.0793354586
;US-TN;1964;p0p100;26208.6230469;;36708167680.0;;
;US-TN;1964;p99p100;290728.75;;;0.1109286547;0.1109286547
;US-TN;1964;p99.9p100;877733.0;;;0.0334902368;0.0334902368
;US-TN;1964;p99.99p100;3323448.75;;;0.0126807448;0.0126807448
;US-TN;1964;p90p100;;;;0.3662774563;0.3662774563
;US-TN;1964;p90p91;95996.28125;;;;
;US-TN;1964;p95p96;130061.414062;;;;
;US-TN;1964;p95p100;;;;0.2481271178;0.2481271178
;US-TN;1964;p99.5p100;412652.59375;;;0.0787245855;0.0787245855
;US-TN;1963;p0p100;24877.1445312;;34238988288.0;;
;US-TN;1963;p99p100;270188.625;;;0.1086091846;0.1086091846
;US-TN;1963;p99.9p100;786417.875;;;0.0316120647;0.0316120647
;US-TN;1963;p99.99p100;2451309.5;;;0.009853662;0.009853662
;US-TN;1963;p90p100;;;;0.3662559986;0.3662559986
;US-TN;1963;p90p91;91114.03125;;;;
;US-TN;1963;p95p96;123673.03125;;;;
;US-TN;1963;p95p100;;;;0.2485675663;0.2485675663
;US-TN;1963;p99.5p100;379958.5625;;;0.0763669983;0.0763669983
;US-TN;1962;p0p100;23964.2734375;;32393076736.0;;
;US-TN;1962;p99p100;261537.140625;;;0.109136261;0.109136261
;US-TN;1962;p99.9p100;749265.8125;;;0.031265948;0.031265948
;US-TN;1962;p99.99p100;2146572.25;;;0.0089573851;0.0089573851
;US-TN;1962;p90p100;;;;0.3755940795;0.3755940795
;US-TN;1962;p90p91;90008.40625;;;;
;US-TN;1962;p95p96;121171.351562;;;;
;US-TN;1962;p95p100;;;;0.2528166473;0.2528166473
;US-TN;1962;p99.5p100;363855.84375;;;0.0759163052;0.0759163052
;US-TN;1961;p0p100;23578.6875;;31270242304.0;;
;US-TN;1961;p99p100;252368.734375;;;0.1070325598;0.1070325598
;US-TN;1961;p99.9p100;794671.6875;;;0.0337029621;0.0337029621
;US-TN;1961;p99.99p100;2586766.0;;;0.0109707797;0.0109707797
;US-TN;1961;p90p100;;;;0.3629163206;0.3629163206
;US-TN;1961;p90p91;85570.9140625;;;;
;US-TN;1961;p95p96;115957.265625;;;;
;US-TN;1961;p95p100;;;;0.2458942235;0.2458942235
;US-TN;1961;p99.5p100;358196.40625;;;0.0759576634;0.0759576634
;US-TN;1960;p0p100;22718.6289062;;29524228096.0;;
;US-TN;1960;p99p100;246813.59375;;;0.1086392924;0.1086392924
;US-TN;1960;p99.9p100;752552.9375;;;0.03312492;0.03312492
;US-TN;1960;p99.99p100;2430766.25;;;0.0106994389;0.0106994389
;US-TN;1960;p90p100;;;;0.3647479713;0.3647479713
;US-TN;1960;p90p91;82865.75;;;;
;US-TN;1960;p95p96;112971.945312;;;;
;US-TN;1960;p95p100;;;;0.2486328036;0.2486328036
;US-TN;1960;p99.5p100;345403.34375;;;0.0760176405;0.0760176405
;US-TN;1959;p0p100;22758.9570312;;29567332352.0;;
;US-TN;1959;p99p100;243762.671875;;;0.1071062535;0.1071062535
;US-TN;1959;p99.9p100;775005.4375;;;0.0340527631;0.0340527631
;US-TN;1959;p99.99p100;2552960.25;;;0.0112173865;0.0112173865
;US-TN;1959;p90p100;;;;0.3565660119;0.3565660119
;US-TN;1959;p90p91;81150.7109375;;;;
;US-TN;1959;p95p96;110907.515625;;;;
;US-TN;1959;p95p100;;;;0.2436568439;0.2436568439
;US-TN;1959;p99.5p100;348537.1875;;;0.0765714273;0.0765714273
;US-TN;1958;p0p100;21084.4238281;;27353153536.0;;
;US-TN;1958;p99p100;234048.6875;;;0.1110054851;0.1110054851
;US-TN;1958;p99.9p100;710016.4375;;;0.0336749256;0.0336749256
;US-TN;1958;p99.99p100;2036598.75;;;0.0096592568;0.0096592568
;US-TN;1958;p90p100;;;;0.3638912737;0.3638912737
;US-TN;1958;p90p91;76724.3828125;;;;
;US-TN;1958;p95p96;104384.15625;;;;
;US-TN;1958;p95p100;;;;0.2475385517;0.2475385517
;US-TN;1958;p99.5p100;332980.71875;;;0.0789636746;0.0789636746
;US-TN;1957;p0p100;20964.3105469;;27152760832.0;;
;US-TN;1957;p99p100;220298.640625;;;0.1050827056;0.1050827056
;US-TN;1957;p99.9p100;639925.0625;;;0.0305245016;0.0305245016
;US-TN;1957;p99.99p100;1790363.5;;;0.0085400548;0.0085400548
;US-TN;1957;p90p100;;;;0.355448544;0.355448544
;US-TN;1957;p90p91;74517.3359375;;;;
;US-TN;1957;p95p96;100567.085938;;;;
;US-TN;1957;p95p100;;;;0.239853099;0.239853099
;US-TN;1957;p99.5p100;309647.96875;;;0.0738512278;0.0738512278
;US-TN;1956;p0p100;21120.140625;;27266195456.0;;
;US-TN;1956;p99p100;227271.453125;;;0.1076088771;0.1076088771
;US-TN;1956;p99.9p100;649534.375;;;0.0307542663;0.0307542663
;US-TN;1956;p99.99p100;1804859.125;;;0.0085456772;0.0085456772
;US-TN;1956;p90p100;;;;0.3520172238;0.3520172238
;US-TN;1956;p90p91;74346.5234375;;;;
;US-TN;1956;p95p96;102591.851562;;;;
;US-TN;1956;p95p100;;;;0.2428768277;0.2428768277
;US-TN;1956;p99.5p100;318614.96875;;;0.0754291788;0.0754291788
;US-TN;1955;p0p100;20408.2636719;;26264713216.0;;
;US-TN;1955;p99p100;225692.875;;;0.1105889603;0.1105889603
;US-TN;1955;p99.9p100;706938.875;;;0.0346398354;0.0346398354
;US-TN;1955;p99.99p100;2005714.375;;;0.0098279519;0.0098279519
;US-TN;1955;p90p100;;;;0.3713640571;0.3713640571
;US-TN;1955;p90p91;75788.953125;;;;
;US-TN;1955;p95p96;97974.125;;;;
;US-TN;1955;p95p100;;;;0.2400354296;0.2400354296
;US-TN;1955;p99.5p100;322982.625;;;0.0791303515;0.0791303515
;US-TN;1954;p0p100;19389.6835938;;24872460288.0;;
;US-TN;1954;p99p100;201529.640625;;;0.1039365306;0.1039365306
;US-TN;1954;p99.9p100;616264.25;;;0.0317831002;0.0317831002
;US-TN;1954;p99.99p100;1604266.75;;;0.0082738167;0.0082738167
;US-TN;1954;p90p100;;;;0.3678703904;0.3678703904
;US-TN;1954;p90p91;71328.90625;;;;
;US-TN;1954;p95p96;89489.6875;;;;
;US-TN;1954;p95p100;;;;0.2307662368;0.2307662368
;US-TN;1954;p99.5p100;285053.25;;;0.0735064372;0.0735064372
;US-TN;1953;p0p100;19440.4375;;24852887552.0;;
;US-TN;1953;p99p100;192059.09375;;;0.098793596;0.098793596
;US-TN;1953;p99.9p100;563533.75;;;0.0289877076;0.0289877076
;US-TN;1953;p99.99p100;1506729.625;;;0.0077504921;0.0077504921
;US-TN;1953;p90p100;;;;0.3607021272;0.3607021272
;US-TN;1953;p90p91;70122.0703125;;;;
;US-TN;1953;p95p96;86325.953125;;;;
;US-TN;1953;p95p100;;;;0.2220267653;0.2220267653
;US-TN;1953;p99.5p100;270847.84375;;;0.0696609393;0.0696609393
;US-TN;1952;p0p100;18423.8554688;;23492298752.0;;
;US-TN;1952;p99p100;203854.125;;;0.1106468216;0.1106468216
;US-TN;1952;p99.9p100;621506.9375;;;0.033733815;0.033733815
;US-TN;1952;p99.99p100;1736389.125;;;0.0094246771;0.0094246771
;US-TN;1952;p90p100;;;;0.3743507266;0.3743507266
;US-TN;1952;p90p91;68969.84375;;;;
;US-TN;1952;p95p96;89318.6171875;;;;
;US-TN;1952;p95p100;;;;0.2423993498;0.2423993498
;US-TN;1952;p99.5p100;289484.5;;;0.0785624012;0.0785624012
;US-TN;1951;p0p100;18130.9570312;;23041304576.0;;
;US-TN;1951;p99p100;216808.765625;;;0.1195793152;0.1195793152
;US-TN;1951;p99.9p100;700776.875;;;0.038650848;0.038650848
;US-TN;1951;p99.99p100;2033937.25;;;0.0112180356;0.0112180356
;US-TN;1951;p90p100;;;;0.3664969206;0.3664969206
;US-TN;1951;p90p91;66449.40625;;;;
;US-TN;1951;p95p96;89169.5625;;;;
;US-TN;1951;p95p100;;;;0.2459041774;0.2459041774
;US-TN;1951;p99.5p100;316217.78125;;;0.0872038156;0.0872038156
;US-TN;1950;p0p100;17411.34375;;22051446784.0;;
;US-TN;1950;p99p100;235208.71875;;;0.1350893527;0.1350893527
;US-TN;1950;p99.9p100;754991.5625;;;0.0433620475;0.0433620475
;US-TN;1950;p99.99p100;1801699.75;;;0.0103478497;0.0103478497
;US-TN;1950;p90p100;;;;0.3871981502;0.3871981502
;US-TN;1950;p90p91;67416.40625;;;;
;US-TN;1950;p95p96;95881.1796875;;;;
;US-TN;1950;p95p100;;;;0.2753411233;0.2753411233
;US-TN;1950;p99.5p100;339396.0;;;0.0974640399;0.0974640399
;US-TN;1949;p0p100;15859.5166016;;19818098688.0;;
;US-TN;1949;p99p100;191643.71875;;;0.1208382919;0.1208382919
;US-TN;1949;p99.9p100;605463.5;;;0.0381766632;0.0381766632
;US-TN;1949;p99.99p100;1771946.125;;;0.0111727612;0.0111727612
;US-TN;1949;p90p100;;;;0.3760820031;0.3760820031
;US-TN;1949;p90p91;59644.7929688;;;;
;US-TN;1949;p95p96;83569.96875;;;;
;US-TN;1949;p95p100;;;;0.2634694278;0.2634694278
;US-TN;1949;p99.5p100;276215.90625;;;0.0870820582;0.0870820582
;US-TN;1948;p0p100;16278.2050781;;20129144832.0;;
;US-TN;1948;p99p100;190098.078125;;;0.116780743;0.116780743
;US-TN;1948;p99.9p100;630484.4375;;;0.0387318172;0.0387318172
;US-TN;1948;p99.99p100;1880929.25;;;0.011554894;0.011554894
;US-TN;1948;p90p100;;;;0.3614954054;0.3614954054
;US-TN;1948;p90p91;58844.9570312;;;;
;US-TN;1948;p95p96;81492.96875;;;;
;US-TN;1948;p95p100;;;;0.2503131628;0.2503131628
;US-TN;1948;p99.5p100;278149.9375;;;0.0854363143;0.0854363143
;US-TN;1947;p0p100;15714.984375;;19226865664.0;;
;US-TN;1947;p99p100;205680.84375;;;0.1308819801;0.1308819801
;US-TN;1947;p99.9p100;669207.3125;;;0.0425840281;0.0425840281
;US-TN;1947;p99.99p100;2017865.375;;;0.0128403902;0.0128403902
;US-TN;1947;p90p100;;;;0.369595021;0.369595021
;US-TN;1947;p90p91;58081.8007812;;;;
;US-TN;1947;p95p96;83173.4375;;;;
;US-TN;1947;p95p100;;;;0.2646309733;0.2646309733
;US-TN;1947;p99.5p100;298889.375;;;0.0950969383;0.0950969383
;US-TN;1946;p0p100;16421.8222656;;19836043264.0;;
;US-TN;1946;p99p100;236206.125;;;0.1438367367;0.1438367367
;US-TN;1946;p99.9p100;789810.0;;;0.0480951481;0.0480951481
;US-TN;1946;p99.99p100;2537245.0;;;0.0154504459;0.0154504459
;US-TN;1946;p90p100;;;;0.3857631981;0.3857631981
;US-TN;1946;p90p91;63349.3476562;;;;
;US-TN;1946;p95p96;91623.8515625;;;;
;US-TN;1946;p95p100;;;;0.2789697945;0.2789697945
;US-TN;1946;p99.5p100;348333.28125;;;0.1060580388;0.1060580388
;US-TN;1945;p0p100;17891.0;;21519699968.0;;
;US-TN;1945;p99p100;209109.65625;;;0.1168798134;0.1168798134
;US-TN;1945;p99.9p100;697127.8125;;;0.0389652811;0.0389652811
;US-TN;1945;p99.99p100;1907829.625;;;0.0106636286;0.0106636286
;US-TN;1945;p90p100;;;;0.3256705701;0.3256705701
;US-TN;1945;p90p91;58265.7148438;;;;
;US-TN;1945;p95p96;82259.6328125;;;;
;US-TN;1945;p95p100;;;;0.2298911065;0.2298911065
;US-TN;1945;p99.5p100;310553.09375;;;0.0867903158;0.0867903158
;US-TN;1944;p0p100;17556.5097656;;21011220480.0;;
;US-TN;1944;p99p100;218334.5625;;;0.1243610308;0.1243610308
;US-TN;1944;p99.9p100;744474.1875;;;0.0424044505;0.0424044505
;US-TN;1944;p99.99p100;2254927.0;;;0.0128438221;0.0128438221
;US-TN;1944;p90p100;;;;0.3743652701;0.3743652701
;US-TN;1944;p90p91;65725.4765625;;;;
;US-TN;1944;p95p96;90223.734375;;;;
;US-TN;1944;p95p100;;;;0.2569523752;0.2569523752
;US-TN;1944;p99.5p100;321989.0625;;;0.0917007551;0.0917007551
;US-TN;1943;p0p100;16534.0996094;;19663552512.0;;
;US-TN;1943;p99p100;213827.796875;;;0.1293253601;0.1293253601
;US-TN;1943;p99.9p100;786405.0;;;0.0475626215;0.0475626215
;US-TN;1943;p99.99p100;2191365.0;;;0.0132536106;0.0132536106
;US-TN;1943;p90p100;;;;0.3562390804;0.3562390804
;US-TN;1943;p90p91;58900.9179688;;;;
;US-TN;1943;p95p96;83764.125;;;;
;US-TN;1943;p95p100;;;;0.2533072233;0.2533072233
;US-TN;1943;p99.5p100;325073.375;;;0.0983039439;0.0983039439
;US-TN;1942;p0p100;13198.6992188;;15567503360.0;;
;US-TN;1942;p99p100;195399.453125;;;0.148044467;0.148044467
;US-TN;1942;p99.9p100;714127.375;;;0.0541058816;0.0541058816
;US-TN;1942;p99.99p100;2214341.5;;;0.0167769659;0.0167769659
;US-TN;1942;p90p100;;;;0.4030114412;0.4030114412
;US-TN;1942;p90p91;53192.2734375;;;;
;US-TN;1942;p95p96;76907.03125;;;;
;US-TN;1942;p95p100;;;;0.2913431823;0.2913431823
;US-TN;1942;p99.5p100;296112.59375;;;0.1121748984;0.1121748984
;US-TN;1941;p0p100;11169.7822266;;13102384128.0;;
;US-TN;1941;p99p100;196140.5;;;0.1755992174;0.1755992174
;US-TN;1941;p99.9p100;734173.625;;;0.0657285452;0.0657285452
;US-TN;1941;p99.99p100;2366159.5;;;0.0211835764;0.0211835764
;US-TN;1941;p90p100;;;;0.4674060345;0.4674060345
;US-TN;1941;p90p91;52208.234375;;;;
;US-TN;1941;p95p96;76464.1796875;;;;
;US-TN;1941;p95p100;;;;0.342281431;0.342281431
;US-TN;1941;p99.5p100;296415.09375;;;0.132686168;0.132686168
;US-TN;1940;p0p100;9062.40722656;;10583194624.0;;
;US-TN;1940;p99p100;163752.359375;;;0.1806941181;0.1806941181
;US-TN;1940;p99.9p100;586372.5;;;0.064703837;0.064703837
;US-TN;1940;p99.99p100;1797179.0;;;0.0198311433;0.0198311433
;US-TN;1940;p90p100;;;;0.5207126737;0.5207126737
;US-TN;1940;p90p91;47189.1015625;;;;
;US-TN;1940;p95p96;68470.9375;;;;
;US-TN;1940;p95p100;;;;0.3777745366;0.3777745366
;US-TN;1940;p99.5p100;243298.28125;;;0.1342349201;0.1342349201
;US-TN;1939;p0p100;8389.55761719;;9618374656.0;;
;US-TN;1939;p99p100;150021.859375;;;0.1788197309;0.1788197309
;US-TN;1939;p99.9p100;512211.375;;;0.06105344;0.06105344
;US-TN;1939;p99.99p100;1441694.5;;;0.0171843916;0.0171843916
;US-TN;1939;p90p100;;;;0.4701529443;0.4701529443
;US-TN;1939;p90p91;39443.7539062;;;;
;US-TN;1939;p95p96;62731.59375;;;;
;US-TN;1939;p95p100;;;;0.3738671243;0.3738671243
;US-TN;1939;p99.5p100;217848.328125;;;0.1298330128;0.1298330128
;US-TN;1938;p0p100;7962.95654297;;8974998528.0;;
;US-TN;1938;p99p100;136003.578125;;;0.1707953215;0.1707953215
;US-TN;1938;p99.9p100;467358.75;;;0.0586916171;0.0586916171
;US-TN;1938;p99.99p100;1450198.625;;;0.0182118136;0.0182118136
;US-TN;1938;p90p100;;;;0.4493823647;0.4493823647
;US-TN;1938;p90p91;35784.1210938;;;;
;US-TN;1938;p95p96;54507.9492188;;;;
;US-TN;1938;p95p100;;;;0.3422594965;0.3422594965
;US-TN;1938;p99.5p100;197085.40625;;;0.1237514019;0.1237514019
;US-TN;1937;p0p100;8836.6328125;;9795292160.0;;
;US-TN;1937;p99p100;145687.671875;;;0.1648678631;0.1648678631
;US-TN;1937;p99.9p100;506296.09375;;;0.0572951399;0.0572951399
;US-TN;1937;p99.99p100;1436306.75;;;0.016254006;0.016254006
;US-TN;1937;p90p100;;;;0.4093596041;0.4093596041
;US-TN;1937;p90p91;36173.6054688;;;;
;US-TN;1937;p95p96;56269.4140625;;;;
;US-TN;1937;p95p100;;;;0.3183872104;0.3183872104
;US-TN;1937;p99.5p100;214840.21875;;;0.1215622649;0.1215622649
;US-TN;1936;p0p100;8432.10742188;;9208813568.0;;
;US-TN;1936;p99p100;152569.390625;;;0.1809386015;0.1809386015
;US-TN;1936;p99.9p100;540171.25;;;0.0640612468;0.0640612468
;US-TN;1936;p99.99p100;1561784.625;;;0.018521877;0.018521877
;US-TN;1936;p90p100;;;;0.4285975695;0.4285975695
;US-TN;1936;p90p91;36139.8085938;;;;
;US-TN;1936;p95p96;56055.71875;;;;
;US-TN;1936;p95p100;;;;0.3323944807;0.3323944807
;US-TN;1936;p99.5p100;226995.71875;;;0.1346019953;0.1346019953
;US-TN;1935;p0p100;7563.91601562;;8136638976.0;;
;US-TN;1935;p99p100;120690.28125;;;0.1595606059;0.1595606059
;US-TN;1935;p99.9p100;406471.46875;;;0.0537382327;0.0537382327
;US-TN;1935;p99.99p100;1289208.0;;;0.0170441866;0.0170441866
;US-TN;1935;p90p100;;;;0.4207302332;0.4207302332
;US-TN;1935;p90p91;31823.6796875;;;;
;US-TN;1935;p95p96;47013.2460938;;;;
;US-TN;1935;p95p100;;;;0.3107732236;0.3107732236
;US-TN;1935;p99.5p100;173140.765625;;;0.1144518182;0.1144518182
;US-TN;1934;p0p100;7097.8203125;;7516236800.0;;
;US-TN;1934;p99p100;113642.054688;;;0.1601083726;0.1601083726
;US-TN;1934;p99.9p100;388648.34375;;;0.0547560155;0.0547560155
;US-TN;1934;p99.99p100;1269298.875;;;0.0178829376;0.0178829376
;US-TN;1934;p90p100;;;;0.4219823182;0.4219823182
;US-TN;1934;p90p91;29951.546875;;;;
;US-TN;1934;p95p96;44514.0898438;;;;
;US-TN;1934;p95p100;;;;0.3135757744;0.3135757744
;US-TN;1934;p99.5p100;164463.6875;;;0.1158550605;0.1158550605
;US-TN;1933;p0p100;6207.04052734;;6474609664.0;;
;US-TN;1933;p99p100;97890.7421875;;;0.157709226;0.157709226
;US-TN;1933;p99.9p100;323794.625;;;0.0521657057;0.0521657057
;US-TN;1933;p99.99p100;1039431.8125;;;0.0167460144;0.0167460144
;US-TN;1933;p90p100;;;;0.4345529675;0.4345529675
;US-TN;1933;p90p91;26972.8769531;;;;
;US-TN;1933;p95p96;38763.21875;;;;
;US-TN;1933;p95p100;;;;0.3122520447;0.3122520447
;US-TN;1933;p99.5p100;138022.328125;;;0.1111820862;0.1111820862
;US-TN;1932;p0p100;5724.44726562;;5884523520.0;;
;US-TN;1932;p99p100;92272.2890625;;;0.161189869;0.161189869
;US-TN;1932;p99.9p100;282742.71875;;;0.0493921414;0.0493921414
;US-TN;1932;p99.99p100;890120.3125;;;0.0155494539;0.0155494539
;US-TN;1932;p90p100;;;;0.4616972208;0.4616972208
;US-TN;1932;p90p91;26429.6152344;;;;
;US-TN;1932;p95p96;37058.140625;;;;
;US-TN;1932;p95p100;;;;0.3236831129;0.3236831129
;US-TN;1932;p99.5p100;126699.210938;;;0.1106650159;0.1106650159
;US-TN;1931;p0p100;7127.24902344;;7216541696.0;;
;US-TN;1931;p99p100;109639.445312;;;0.1538313627;0.1538313627
;US-TN;1931;p99.9p100;362739.1875;;;0.0508947;0.0508947
;US-TN;1931;p99.99p100;1236712.125;;;0.0173518863;0.0173518863
;US-TN;1931;p90p100;;;;0.4032460451;0.4032460451
;US-TN;1931;p90p91;28740.3496094;;;;
;US-TN;1931;p95p96;40258.9101562;;;;
;US-TN;1931;p95p100;;;;0.2824295163;0.2824295163
;US-TN;1931;p99.5p100;155849.125;;;0.1093332916;0.1093332916
;US-TN;1930;p0p100;7936.03173828;;7904323072.0;;
;US-TN;1930;p99p100;122941.351562;;;0.1549153924;0.1549153924
;US-TN;1930;p99.9p100;407486.34375;;;0.0513463616;0.0513463616
;US-TN;1930;p99.99p100;1222843.375;;;0.0154087506;0.0154087506
;US-TN;1930;p90p100;;;;0.3779532313;0.3779532313
;US-TN;1930;p90p91;29994.4902344;;;;
;US-TN;1930;p95p96;44578.765625;;;;
;US-TN;1930;p95p100;;;;0.2808630764;0.2808630764
;US-TN;1930;p99.5p100;177898.859375;;;0.1120830029;0.1120830029
;US-TN;1929;p0p100;9339.21289062;;9237642240.0;;
;US-TN;1929;p99p100;157302.890625;;;0.1684327126;0.1684327126
;US-TN;1929;p99.9p100;602402.9375;;;0.0645025373;0.0645025373
;US-TN;1929;p99.99p100;2270780.25;;;0.0243144725;0.0243144725
;US-TN;1929;p90p100;;;;0.3497947454;0.3497947454
;US-TN;1929;p90p91;32668.0761719;;;;
;US-TN;1929;p95p96;52058.3242188;;;;
;US-TN;1929;p95p100;;;;0.2787082791;0.2787082791
;US-TN;1929;p99.5p100;237994.703125;;;0.1274168938;0.1274168938
;US-TN;1928;p0p100;8230.10644531;;8086012416.0;;
;US-TN;1928;p99p100;173965.59375;;;0.2113770843;0.2113770843
;US-TN;1928;p99.9p100;736508.5;;;0.0894895494;0.0894895494
;US-TN;1928;p99.99p100;3098590.0;;;0.0376494527;0.0376494527
;US-TN;1928;p90p100;;;;0.4222223163;0.4222223163
;US-TN;1928;p90p91;34749.3476562;;;;
;US-TN;1928;p95p96;56007.4804688;;;;
;US-TN;1928;p95p100;;;;0.3402597308;0.3402597308
;US-TN;1928;p99.5p100;270535.125;;;0.1643569916;0.1643569916
;US-TN;1927;p0p100;7881.43603516;;7675926016.0;;
;US-TN;1927;p99p100;154889.453125;;;0.1965244114;0.1965244114
;US-TN;1927;p99.9p100;583162.4375;;;0.0739919022;0.0739919022
;US-TN;1927;p99.99p100;1915417.25;;;0.024302898;0.024302898
;US-TN;1927;p90p100;;;;0.410848856;0.410848856
;US-TN;1927;p90p91;32380.7890625;;;;
;US-TN;1927;p95p96;51502.359375;;;;
;US-TN;1927;p95p100;;;;0.3267320693;0.3267320693
;US-TN;1927;p99.5p100;234861.1875;;;0.1489964426;0.1489964426
;US-TN;1926;p0p100;7979.53662109;;7690961920.0;;
;US-TN;1926;p99p100;149488.21875;;;0.1873394847;0.1873394847
;US-TN;1926;p99.9p100;542830.875;;;0.0680278763;0.0680278763
;US-TN;1926;p99.99p100;1582759.125;;;0.0198352281;0.0198352281
;US-TN;1926;p90p100;;;;0.4050164521;0.4050164521
;US-TN;1926;p90p91;32318.4335938;;;;
;US-TN;1926;p95p96;51276.6601562;;;;
;US-TN;1926;p95p100;;;;0.321301043;0.321301043
;US-TN;1926;p99.5p100;225240.96875;;;0.1411366314;0.1411366314
;US-TN;1925;p0p100;7541.35107422;;7195526656.0;;
;US-TN;1925;p99p100;142314.09375;;;0.188711673;0.188711673
;US-TN;1925;p99.9p100;491566.0625;;;0.0651827529;0.0651827529
;US-TN;1925;p99.99p100;1297948.125;;;0.0172110815;0.0172110815
;US-TN;1925;p90p100;;;;0.4174951613;0.4174951613
;US-TN;1925;p90p91;31484.7753906;;;;
;US-TN;1925;p95p96;49998.625;;;;
;US-TN;1925;p95p100;;;;0.3314964771;0.3314964771
;US-TN;1925;p99.5p100;213709.75;;;0.1416919529;0.1416919529
;US-TN;1924;p0p100;8072.91748047;;7612938752.0;;
;US-TN;1924;p99p100;132606.28125;;;0.1642606556;0.1642606556
;US-TN;1924;p99.9p100;448430.96875;;;0.0555475764;0.0555475764
;US-TN;1924;p99.99p100;1157880.375;;;0.0143427746;0.0143427746
;US-TN;1924;p90p100;;;;0.4388240278;0.4388240278
;US-TN;1924;p90p91;35425.9023438;;;;
;US-TN;1924;p95p96;55703.0859375;;;;
;US-TN;1924;p95p100;;;;0.3449997306;0.3449997306
;US-TN;1924;p99.5p100;196050.609375;;;0.1214248762;0.1214248762
;US-TN;1923;p0p100;8308.12792969;;7710450688.0;;
;US-TN;1923;p99p100;126297.367188;;;0.1520166397;0.1520166397
;US-TN;1923;p99.9p100;430340.1875;;;0.0517974943;0.0517974943
;US-TN;1923;p99.99p100;1048779.875;;;0.0126235411;0.0126235411
;US-TN;1923;p90p100;;;;0.4264003336;0.4264003336
;US-TN;1923;p90p91;35425.8828125;;;;
;US-TN;1923;p95p96;55436.5117188;;;;
;US-TN;1923;p95p100;;;;0.3336282074;0.3336282074
;US-TN;1923;p99.5p100;187395.375;;;0.1127783433;0.1127783433
;US-TN;1922;p0p100;7378.58837891;;6752165376.0;;
;US-TN;1922;p99p100;123227.71875;;;0.1670071781;0.1670071781
;US-TN;1922;p99.9p100;422027.625;;;0.0571962595;0.0571962595
;US-TN;1922;p99.99p100;1093418.25;;;0.0148188006;0.0148188006
;US-TN;1922;p90p100;;;;0.4382154047;0.4382154047
;US-TN;1922;p90p91;32334.109375;;;;
;US-TN;1922;p95p96;50818.03125;;;;
;US-TN;1922;p95p100;;;;0.3443614841;0.3443614841
;US-TN;1922;p99.5p100;181119.34375;;;0.122733064;0.122733064
;US-TN;1921;p0p100;6211.28857422;;5622438912.0;;
;US-TN;1921;p99p100;99676.84375;;;0.160476923;0.160476923
;US-TN;1921;p99.9p100;310058.625;;;0.0499185659;0.0499185659
;US-TN;1921;p99.99p100;725606.625;;;0.0116820633;0.0116820633
;US-TN;1921;p90p100;;;;0.4492198527;0.4492198527
;US-TN;1921;p90p91;27902.3398438;;;;
;US-TN;1921;p95p96;43832.7773438;;;;
;US-TN;1921;p95p100;;;;0.3528476954;0.3528476954
;US-TN;1921;p99.5p100;142066.03125;;;0.114361167;0.114361167
;US-TN;1920;p0p100;6898.55761719;;6142517760.0;;
;US-TN;1920;p99p100;113060.898438;;;0.16389063;0.16389063
;US-TN;1920;p99.9p100;371362.125;;;0.0538318492;0.0538318492
;US-TN;1920;p99.99p100;897929.5625;;;0.0130161922;0.0130161922
;US-TN;1920;p90p100;;;;0.4228235781;0.4228235781
;US-TN;1920;p90p91;29168.7285156;;;;
;US-TN;1920;p95p96;45374.7617188;;;;
;US-TN;1920;p95p100;;;;0.3288713694;0.3288713694
;US-TN;1920;p99.5p100;165172.734375;;;0.1197154149;0.1197154149
;US-TN;1919;p0p100;8272.01367188;;7267044864.0;;
;US-TN;1919;p99p100;140578.828125;;;0.1699451208;0.1699451208
;US-TN;1919;p99.9p100;488552.78125;;;0.0590609275;0.0590609275
;US-TN;1919;p99.99p100;1299991.625;;;0.0157155395;0.0157155395
;US-TN;1919;p90p100;;;;0.3981232643;0.3981232643
;US-TN;1919;p90p91;32932.8085938;;;;
;US-TN;1919;p95p96;54248.7851562;;;;
;US-TN;1919;p95p100;;;;0.3279055953;0.3279055953
;US-TN;1919;p99.5p100;207126.484375;;;0.1251971424;0.1251971424
;US-TN;1918;p0p100;7407.47119141;;6458093056.0;;
;US-TN;1918;p99p100;125084.328125;;;0.1688623875;0.1688623875
;US-TN;1918;p99.9p100;440835.03125;;;0.0595122203;0.0595122203
;US-TN;1918;p99.99p100;1209044.125;;;0.0163219552;0.0163219552
;US-TN;1918;p90p100;;;;0.4050372541;0.4050372541
;US-TN;1918;p90p91;30003.015625;;;;
;US-TN;1918;p95p96;48202.3203125;;;;
;US-TN;1918;p95p100;;;;0.3253628612;0.3253628612
;US-TN;1918;p99.5p100;183838.5;;;0.124089919;0.124089919
;US-TN;1917;p0p100;7370.21826172;;6460862976.0;;
