Variable Name;.;.;.;Fiscal income  | tax unit | Average | Adults | constant 2015 local currency;Fiscal income  | tax unit | Threshold | Adults | constant 2015 local currency;Fiscal income  | tax unit | Total | Adults | constant 2015 local currency;Fiscal income  | tax unit | Share | Adults | share of total (ratio);Pre-tax national income  | tax unit | Share | Adults | share of total (ratio)
Variable Category;.;.;.;Income inequality;Income inequality;Income inequality;Income inequality;Income inequality
Variable Description;.;.;.;Average Fiscal income within a given percentile group. Fiscal income is defined as the sum of all income items reported on income tax returns, before any deduction. It includes labour income, capital income and mixed income. The concept of fiscal income varies with national tax legislations, so in order to make international comparisons it is preferable to use the concept of national income. The population is comprised of individuals over age 20. The base unit is the tax unit defined by national fiscal administrations to measure personal income taxes.;Fiscal income threshold value at a given percentile.  Fiscal income is defined as the sum of all income items reported on income tax returns, before any deduction. It includes labour income, capital income and mixed income. The concept of fiscal income varies with national tax legislations, so in order to make international comparisons it is preferable to use the concept of national income. The population is comprised of individuals over age 20. The base unit is the tax unit defined by national fiscal administrations to measure personal income taxes.;Total Fiscal income  within a given percentile group. Fiscal income is defined as the sum of all income items reported on income tax returns, before any deduction. It includes labour income, capital income and mixed income. The concept of fiscal income varies with national tax legislations, so in order to make international comparisons it is preferable to use the concept of national income. The population is comprised of individuals over age 20.;Fiscal income share held by a given percentile group. Fiscal income is defined as the sum of all income items reported on income tax returns, before any deduction. It includes labour income, capital income and mixed income. The concept of fiscal income varies with national tax legislations, so in order to make international comparisons it is preferable to use the concept of national income. The population is comprised of individuals over age 20. The base unit is the tax unit defined by national fiscal administrations to measure personal income taxes.;Pre-tax national income share held by a given percentile group. Pre-tax national income  is the sum of all pre-tax personal income flows accruing to the owners of the production factors, labor and capital, before taking into account the operation of the tax/transfer system, but after taking into account the operation of pension system. The central difference between personal factor income and pre-tax income is the treatment of pensions, which are counted on a contribution basis by factor income and on a distribution basis by pre-tax income. The population is comprised of individuals over age 20. The base unit is the tax unit defined by national fiscal administrations to measure personal income taxes.
Variable Decomposition;.;.;.;[Fiscal income ]=[Fiscal labour income ]+[Fiscal capital income ];[Fiscal income ]=[Fiscal labour income ]+[Fiscal capital income ];[Fiscal income ]=[Fiscal labour income ]+[Fiscal capital income ];[Fiscal income ]=[Fiscal labour income ]+[Fiscal capital income ];Pre-tax national income =Pre-tax labor income [total pre-tax income ranking]+Pre-tax capital income [total pre-tax income ranking]
Variable Unit;.;.;.;"USD; United States dollar | local currency | market";"USD; United States dollar | local currency | market";"USD; United States dollar | local currency | market";share;share
Methodological Notes;.;.;.;;;;;Assuming the same distribution as fiscal income.
Sources;.;.;.;Frank, Sommeiller, Price & Saez (2015);Frank, Sommeiller, Price & Saez (2015);Frank, Sommeiller, Price & Saez (2015);Frank, Sommeiller, Price & Saez (2015);WID.world computations using: Frank, Sommeiller, Price & Saez (2015)
Variable Code;country;year;perc;afiinc992t;tfiinc992t;mfiinc992t;sfiinc992t;sptinc992t
;US-RI;2014;p0p100;57460.3203125;;32825573376.0;;
;US-RI;2014;p99p100;;347624.21875;;0.1800762266;0.1800762266
;US-RI;2014;p99.9p100;;1527519.125;;0.0860649496;0.0860649496
;US-RI;2014;p99.99p100;;7584700.5;;0.0412505791;0.0412505791
;US-RI;2014;p90p100;;126624.0;;0.4638285637;0.4638285637
;US-RI;2014;p90p91;269986.46875;;;;
;US-RI;2014;p95p96;391742.65625;;;;
;US-RI;2014;p90p95;148230.265625;126624.0;;0.1259725839;0.1259725839
;US-RI;2014;p95p99;228108.234375;159559.453125;;0.1576177776;0.1576177776
;US-RI;2014;p99.5p99.9;821661.625;552234.4375;;0.057013344;0.057013344
;US-RI;2014;p99.9p99.99;2810406.0;1527519.125;;0.0448204242;0.0448204242
;US-RI;2014;p99p99.5;430443.875;347624.21875;;0.0370121002;0.0370121002
;US-RI;2014;p95p100;;159559.453125;;0.3376545012;0.3376545012
;US-RI;2014;p0p90;33846.3046875;;;0.5363131762;0.5363131762
;US-RI;2014;p0p99;47472.2382812;;;0.8199237585;0.8199237585
;US-RI;2014;p99.5p100;;552234.4375;;0.1430629492;0.1430629492
;US-RI;2014;p99.5p99.6;1662116.75;;;;
;US-RI;2014;p99.99p99.991;24945716.0;;;;
;US-RI;2014;p99.9p99.91;5023937.0;;;;
;US-RI;2014;p99p99.1;1046280.3125;;;;
;US-RI;2013;p0p100;57911.4335938;;31946182656.0;;
;US-RI;2013;p99p100;;351301.125;;0.1571947634;0.1571947634
;US-RI;2013;p99.9p100;;1385480.25;;0.0677559078;0.0677559078
;US-RI;2013;p99.99p100;;6218256.0;;0.0300106294;0.0300106294
;US-RI;2013;p90p100;;126030.179688;;0.4332258403;0.4332258403
;US-RI;2013;p90p91;256247.484375;;;;
;US-RI;2013;p95p96;363501.34375;;;;
;US-RI;2013;p90p95;148993.625;126030.179688;;0.1239578351;0.1239578351
;US-RI;2013;p95p99;223582.8125;157889.03125;;0.1516946703;0.1516946703
;US-RI;2013;p99.5p99.9;777337.0625;539705.5625;;0.0528016649;0.0528016649
;US-RI;2013;p99.9p99.99;2438711.5;1385480.25;;0.0377983525;0.0377983525
;US-RI;2013;p99p99.5;428072.09375;351301.125;;0.0366554409;0.0366554409
;US-RI;2013;p95p100;;157889.03125;;0.3089374304;0.3089374304
;US-RI;2013;p0p90;35874.0976562;;;0.5670813918;0.5670813918
;US-RI;2013;p0p99;49171.3945312;;;0.8428052664;0.8428052664
;US-RI;2013;p99.5p100;;539705.5625;;0.1205658615;0.1205658615
;US-RI;2013;p99.5p99.6;1418278.875;;;;
;US-RI;2013;p99.99p99.991;17872058.0;;;;
;US-RI;2013;p99.9p99.91;3982046.0;;;;
;US-RI;2013;p99p99.1;923175.5;;;;
;US-RI;2012;p0p100;56960.5117188;;32628989952.0;;
;US-RI;2012;p99p100;993168.1875;;;0.1743608117;0.1743608117
;US-RI;2012;p99.9p100;4692859.0;;;0.0823879316;0.0823879316
;US-RI;2012;p99.99p100;21616374.0;;;0.0379497558;0.0379497558
;US-RI;2012;p90p100;;;;0.4500900507;0.4500900507
;US-RI;2012;p90p91;256373.609375;;;;
;US-RI;2012;p95p96;371755.5625;;;;
;US-RI;2012;p95p100;;;;0.3263274133;0.3263274133
;US-RI;2012;p99.5p100;1577694.25;;;0.1384901702;0.1384901702
;US-RI;2011;p0p100;53988.9140625;;31013115904.0;;
;US-RI;2011;p99p100;913179.625;;;0.1691420674;0.1691420674
;US-RI;2011;p99.9p100;4325095.0;;;0.0801107958;0.0801107958
;US-RI;2011;p99.99p100;20925294.0;;;0.0387585014;0.0387585014
;US-RI;2011;p90p100;;;;0.4553050101;0.4553050101
;US-RI;2011;p90p91;245814.234375;;;;
;US-RI;2011;p95p96;350633.0625;;;;
;US-RI;2011;p95p100;;;;0.3247269094;0.3247269094
;US-RI;2011;p99.5p100;1442614.625;;;0.1336028576;0.1336028576
;US-RI;2010;p0p100;55469.4140625;;31318722560.0;;
;US-RI;2010;p99p100;869947.3125;;;0.1568337083;0.1568337083
;US-RI;2010;p99.9p100;3915854.25;;;0.0705948398;0.0705948398
;US-RI;2010;p99.99p100;18021324.0;;;0.0324887596;0.0324887596
;US-RI;2010;p90p100;;;;0.435135752;0.435135752
;US-RI;2010;p90p91;241367.25;;;;
;US-RI;2010;p95p96;341891.15625;;;;
;US-RI;2010;p95p100;;;;0.308179915;0.308179915
;US-RI;2010;p99.5p100;1355887.75;;;0.1222194135;0.1222194135
;US-RI;2009;p0p100;53840.2421875;;29500256256.0;;
;US-RI;2009;p99p100;777279.5625;;;0.1443677694;0.1443677694
;US-RI;2009;p99.9p100;3122214.0;;;0.0579903387;0.0579903387
;US-RI;2009;p99.99p100;12860133.0;;;0.0238857269;0.0238857269
;US-RI;2009;p90p100;;;;0.4271687865;0.4271687865
;US-RI;2009;p90p91;229988.703125;;;;
;US-RI;2009;p95p96;320694.96875;;;;
;US-RI;2009;p95p100;;;;0.2978208959;0.2978208959
;US-RI;2009;p99.5p100;1167329.125;;;0.1084067449;0.1084067449
;US-RI;2008;p0p100;57875.1796875;;31895556096.0;;
;US-RI;2008;p99p100;955212.375;;;0.165046975;0.165046975
;US-RI;2008;p99.9p100;4167793.75;;;0.0720134899;0.0720134899
;US-RI;2008;p99.99p100;17728016.0;;;0.030631464;0.030631464
;US-RI;2008;p90p100;;;;0.4402058125;0.4402058125
;US-RI;2008;p90p91;254769.90625;;;;
;US-RI;2008;p95p96;364577.59375;;;;
;US-RI;2008;p95p100;;;;0.3149688542;0.3149688542
;US-RI;2008;p99.5p100;1479691.125;;;0.1278346926;0.1278346926
;US-RI;2007;p0p100;62413.5;;34639355904.0;;
;US-RI;2007;p99p100;1219804.375;;;0.1954391748;0.1954391748
;US-RI;2007;p99.9p100;5800166.5;;;0.092931278;0.092931278
;US-RI;2007;p99.99p100;25966910.0;;;0.0416046344;0.0416046344
;US-RI;2007;p90p100;;;;0.4615063965;0.4615063965
;US-RI;2007;p90p91;288042.28125;;;;
;US-RI;2007;p95p96;428578.28125;;;;
;US-RI;2007;p95p100;;;;0.3433378041;0.3433378041
;US-RI;2007;p99.5p100;1948959.25;;;0.1561328173;0.1561328173
;US-RI;2006;p0p100;60161.3007812;;33516269568.0;;
;US-RI;2006;p99p100;1111417.375;;;0.1847395897;0.1847395897
;US-RI;2006;p99.9p100;5021527.5;;;0.0834677368;0.0834677368
;US-RI;2006;p99.99p100;21054404.0;;;0.0349965915;0.0349965915
;US-RI;2006;p90p100;;;;0.4547942281;0.4547942281
;US-RI;2006;p90p91;273610.09375;;;;
;US-RI;2006;p95p96;402427.21875;;;;
;US-RI;2006;p95p100;;;;0.3344568908;0.3344568908
;US-RI;2006;p99.5p100;1750419.5;;;0.1454772055;0.1454772055
;US-RI;2005;p0p100;57967.28125;;32399992832.0;;
;US-RI;2005;p99p100;1005000.3125;;;0.1733737141;0.1733737141
;US-RI;2005;p99.9p100;4312393.5;;;0.0743935779;0.0743935779
;US-RI;2005;p99.99p100;17236888.0;;;0.0297355447;0.0297355447
;US-RI;2005;p90p100;;;;0.4474394321;0.4474394321
;US-RI;2005;p90p91;259368.46875;;;;
;US-RI;2005;p95p96;379876.46875;;;;
;US-RI;2005;p95p100;;;;0.3276645541;0.3276645541
;US-RI;2005;p99.5p100;1555403.875;;;0.1341622323;0.1341622323
;US-RI;2004;p0p100;56974.1679688;;31633549312.0;;
;US-RI;2004;p99p100;965035.875;;;0.1693813205;0.1693813205
;US-RI;2004;p99.9p100;4190034.0;;;0.0735426992;0.0735426992
;US-RI;2004;p99.99p100;17416996.0;;;0.0305699892;0.0305699892
;US-RI;2004;p90p100;;;;0.4436092079;0.4436092079
;US-RI;2004;p90p91;252742.65625;;;;
;US-RI;2004;p95p96;365858.3125;;;;
;US-RI;2004;p95p100;;;;0.3210738599;0.3210738599
;US-RI;2004;p99.5p100;1493180.0;;;0.1310400963;0.1310400963
;US-RI;2003;p0p100;53594.8046875;;30122952704.0;;
;US-RI;2003;p99p100;814752.75;;;0.1520208418;0.1520208418
;US-RI;2003;p99.9p100;3305317.0;;;0.0616723374;0.0616723374
;US-RI;2003;p99.99p100;13261377.0;;;0.0247437749;0.0247437749
;US-RI;2003;p90p100;;;;0.4308798611;0.4308798611
;US-RI;2003;p90p91;230929.21875;;;;
;US-RI;2003;p95p96;328538.96875;;;;
;US-RI;2003;p95p100;;;;0.3065026402;0.3065026402
;US-RI;2003;p99.5p100;1232854.125;;;0.1150161996;0.1150161996
;US-RI;2002;p0p100;52988.84375;;29349060608.0;;
;US-RI;2002;p99p100;774746.4375;;;0.1462093592;0.1462093592
;US-RI;2002;p99.9p100;3035662.0;;;0.0572887063;0.0572887063
;US-RI;2002;p99.99p100;11695784.0;;;0.0220721643;0.0220721643
;US-RI;2002;p90p100;;;;0.4261162877;0.4261162877
;US-RI;2002;p90p91;225794.078125;;;;
;US-RI;2002;p95p96;319097.6875;;;;
;US-RI;2002;p95p100;;;;0.3010989428;0.3010989428
;US-RI;2002;p99.5p100;1160552.125;;;0.1095091105;0.1095091105
;US-RI;2001;p0p100;54247.6015625;;29354786816.0;;
;US-RI;2001;p99p100;892810.9375;;;0.1645807326;0.1645807326
;US-RI;2001;p99.9p100;4017103.5;;;0.0740512609;0.0740512609
;US-RI;2001;p99.99p100;18230866.0;;;0.0336067677;0.0336067677
;US-RI;2001;p90p100;;;;0.4400717318;0.4400717318
;US-RI;2001;p90p91;238728.359375;;;;
;US-RI;2001;p95p96;342980.28125;;;;
;US-RI;2001;p95p100;;;;0.3161248565;0.3161248565
;US-RI;2001;p99.5p100;1378364.5;;;0.1270438284;0.1270438284
;US-RI;2000;p0p100;55899.5546875;;30045952000.0;;
;US-RI;2000;p99p100;1048152.75;;;0.187506482;0.187506482
;US-RI;2000;p99.9p100;5116268.0;;;0.0915260985;0.0915260985
;US-RI;2000;p99.99p100;23318116.0;;;0.0417143144;0.0417143144
;US-RI;2000;p90p100;;;;0.4663019776;0.4663019776
;US-RI;2000;p90p91;260660.71875;;;;
;US-RI;2000;p95p96;385672.28125;;;;
;US-RI;2000;p95p100;;;;0.3449690342;0.3449690342
;US-RI;2000;p99.5p100;1678542.625;;;0.1501391977;0.1501391977
;US-RI;1999;p0p100;57234.125;;28648364032.0;;
;US-RI;1999;p99p100;944995.1875;;;0.1651104391;0.1651104391
;US-RI;1999;p99.9p100;4068082.25;;;0.0710779205;0.0710779205
;US-RI;1999;p99.99p100;15992090.0;;;0.0279415287;0.0279415287
;US-RI;1999;p90p100;;;;0.4345000982;0.4345000982
;US-RI;1999;p90p91;248682.328125;;;;
;US-RI;1999;p95p96;362552.28125;;;;
;US-RI;1999;p95p100;;;;0.31672737;0.31672737
;US-RI;1999;p99.5p100;1456804.0;;;0.1272670776;0.1272670776
;US-RI;1998;p0p100;54642.1210938;;27269027840.0;;
;US-RI;1998;p99p100;912973.8125;;;0.1670824289;0.1670824289
;US-RI;1998;p99.9p100;4063539.0;;;0.0743664205;0.0743664205
;US-RI;1998;p99.99p100;16826706.0;;;0.0307943877;0.0307943877
;US-RI;1998;p90p100;;;;0.4338460565;0.4338460565
;US-RI;1998;p90p91;237062.6875;;;;
;US-RI;1998;p95p96;346110.75;;;;
;US-RI;1998;p95p100;;;;0.3167069256;0.3167069256
;US-RI;1998;p99.5p100;1419981.75;;;0.1299347281;0.1299347281
;US-RI;1997;p0p100;50782.6445312;;25656068096.0;;
;US-RI;1997;p99p100;833192.6875;;;0.1640703678;0.1640703678
;US-RI;1997;p99.9p100;3697437.5;;;0.0728090778;0.0728090778
;US-RI;1997;p99.99p100;15567416.0;;;0.0306549929;0.0306549929
;US-RI;1997;p90p100;;;;0.4330902696;0.4330902696
;US-RI;1997;p90p91;219934.671875;;;;
;US-RI;1997;p95p96;318749.65625;;;;
;US-RI;1997;p95p100;;;;0.3138372302;0.3138372302
;US-RI;1997;p99.5p100;1292000.875;;;0.1272088885;0.1272088885
;US-RI;1996;p0p100;48950.8242188;;24053196800.0;;
;US-RI;1996;p99p100;674331.5;;;0.1377569437;0.1377569437
;US-RI;1996;p99.9p100;2578048.5;;;0.0526660942;0.0526660942
;US-RI;1996;p99.99p100;9595052.0;;;0.0196014121;0.0196014121
;US-RI;1996;p90p100;;;;0.405852586;0.405852586
;US-RI;1996;p90p91;198668.171875;;;;
;US-RI;1996;p95p96;279550.625;;;;
;US-RI;1996;p95p100;;;;0.2855423391;0.2855423391
;US-RI;1996;p99.5p100;1004178.9375;;;0.1025701836;0.1025701836
;US-RI;1995;p0p100;47227.0585938;;22997241856.0;;
;US-RI;1995;p99p100;639820.25;;;0.1354774684;0.1354774684
;US-RI;1995;p99.9p100;2427860.5;;;0.0514082499;0.0514082499
;US-RI;1995;p99.99p100;8975203.0;;;0.0190043654;0.0190043654
;US-RI;1995;p90p100;;;;0.4025918841;0.4025918841
;US-RI;1995;p90p91;190132.3125;;;;
;US-RI;1995;p95p96;265697.4375;;;;
;US-RI;1995;p95p100;;;;0.2812978625;0.2812978625
;US-RI;1995;p99.5p100;951318.6875;;;0.1007175371;0.1007175371
;US-RI;1994;p0p100;44384.4804688;;21976918016.0;;
;US-RI;1994;p99p100;559317.9375;;;0.1260165572;0.1260165572
;US-RI;1994;p99.9p100;2013059.5;;;0.0453550294;0.0453550294
;US-RI;1994;p99.99p100;7272668.5;;;0.0163856111;0.0163856111
;US-RI;1994;p90p100;;;;0.3961642385;0.3961642385
;US-RI;1994;p90p91;175835.4375;;;;
;US-RI;1994;p95p96;242734.375;;;;
;US-RI;1994;p95p100;;;;0.2734450996;0.2734450996
;US-RI;1994;p99.5p100;816831.875;;;0.09201774;0.09201774
;US-RI;1993;p0p100;43733.2773438;;21843625984.0;;
;US-RI;1993;p99p100;552280.5625;;;0.1262838244;0.1262838244
;US-RI;1993;p99.9p100;2018431.125;;;0.0461532101;0.0461532101
;US-RI;1993;p99.99p100;7412895.5;;;0.0169502404;0.0169502404
;US-RI;1993;p90p100;;;;0.3948266804;0.3948266804
;US-RI;1993;p90p91;172670.65625;;;;
;US-RI;1993;p95p96;239666.078125;;;;
;US-RI;1993;p95p100;;;;0.2740088403;0.2740088403
;US-RI;1993;p99.5p100;812149.6875;;;0.0928525999;0.0928525999
;US-RI;1992;p0p100;43803.3242188;;21937631232.0;;
;US-RI;1992;p99p100;582255.125;;;0.1329248697;0.1329248697
;US-RI;1992;p99.9p100;2208474.5;;;0.0504179671;0.0504179671
;US-RI;1992;p99.99p100;8320590.5;;;0.0189953391;0.0189953391
;US-RI;1992;p90p100;;;;0.3990978897;0.3990978897
;US-RI;1992;p90p91;174818.140625;;;;
;US-RI;1992;p95p96;243879.421875;;;;
;US-RI;1992;p95p100;;;;0.2783800364;0.2783800364
;US-RI;1992;p99.5p100;867633.375;;;0.099037379;0.099037379
;US-RI;1991;p0p100;42482.4101562;;21609709568.0;;
;US-RI;1991;p99p100;558432.625;;;0.1314503103;0.1314503103
;US-RI;1991;p99.9p100;2136638.0;;;0.0502946526;0.0502946526
;US-RI;1991;p99.99p100;8145146.0;;;0.0191729832;0.0191729832
;US-RI;1991;p90p100;;;;0.4035945535;0.4035945535
;US-RI;1991;p90p91;171456.71875;;;;
;US-RI;1991;p95p96;235821.5625;;;;
;US-RI;1991;p95p100;;;;0.2775519788;0.2775519788
;US-RI;1991;p99.5p100;834201.8125;;;0.0981820226;0.0981820226
;US-RI;1990;p0p100;45926.6289062;;23114092544.0;;
;US-RI;1990;p99p100;593169.6875;;;0.1291559339;0.1291559339
;US-RI;1990;p99.9p100;2226861.5;;;0.0484873727;0.0484873727
;US-RI;1990;p99.99p100;8240166.5;;;0.0179420244;0.0179420244
;US-RI;1990;p90p100;;;;0.3843574226;0.3843574226
;US-RI;1990;p90p91;176522.40625;;;;
;US-RI;1990;p95p96;245632.640625;;;;
;US-RI;1990;p95p100;;;;0.2674185336;0.2674185336
;US-RI;1990;p99.5p100;884650.875;;;0.0963113233;0.0963113233
;US-RI;1989;p0p100;48232.7070312;;23793661952.0;;
;US-RI;1989;p99p100;641101.125;;;0.1329183578;0.1329183578
;US-RI;1989;p99.9p100;2547508.25;;;0.0528170317;0.0528170317
;US-RI;1989;p99.99p100;10001088.0;;;0.0207350776;0.0207350776
;US-RI;1989;p90p100;;;;0.383315444;0.383315444
;US-RI;1989;p90p91;184883.40625;;;;
;US-RI;1989;p95p96;260087.28125;;;;
;US-RI;1989;p95p100;;;;0.2696171701;0.2696171701
;US-RI;1989;p99.5p100;968471.125;;;0.1003956944;0.1003956944
;US-RI;1988;p0p100;47738.0390625;;23225415680.0;;
;US-RI;1988;p99p100;723177.875;;;0.1514888108;0.1514888108
;US-RI;1988;p99.9p100;3127988.0;;;0.0655240119;0.0655240119
;US-RI;1988;p99.99p100;12980521.0;;;0.0271911491;0.0271911491
;US-RI;1988;p90p100;;;;0.4030425549;0.4030425549
;US-RI;1988;p90p91;192404.609375;;;;
;US-RI;1988;p95p96;276204.875;;;;
;US-RI;1988;p95p100;;;;0.2892922461;0.2892922461
;US-RI;1988;p99.5p100;1123874.375;;;0.1177126691;0.1177126691
;US-RI;1987;p0p100;44499.9335938;;21200500736.0;;
;US-RI;1987;p99p100;558092.75;;;0.125414297;0.125414297
;US-RI;1987;p99.9p100;2143730.5;;;0.0481737927;0.0481737927
;US-RI;1987;p99.99p100;8288088.0;;;0.0186249465;0.0186249465
;US-RI;1987;p90p100;;;;0.3815589249;0.3815589249
;US-RI;1987;p90p91;169793.46875;;;;
;US-RI;1987;p95p96;235128.640625;;;;
;US-RI;1987;p95p100;;;;0.2641898692;0.2641898692
;US-RI;1987;p99.5p100;831079.8125;;;0.0933798924;0.0933798924
;US-RI;1986;p0p100;45760.5039062;;21331894272.0;;
;US-RI;1986;p99p100;747884.9375;;;0.16343458;0.16343458
;US-RI;1986;p99.9p100;3564643.25;;;0.0778978094;0.0778978094
;US-RI;1986;p99.99p100;16533175.0;;;0.0361297913;0.0361297913
;US-RI;1986;p90p100;;;;0.4061413407;0.4061413407
;US-RI;1986;p90p91;185852.328125;;;;
;US-RI;1986;p95p96;272007.8125;;;;
;US-RI;1986;p95p100;;;;0.297208041;0.297208041
;US-RI;1986;p99.5p100;1195384.0;;;0.1306130588;0.1306130588
;US-RI;1985;p0p100;42795.6835938;;19598764032.0;;
;US-RI;1985;p99p100;565092.75;;;0.1320443302;0.1320443302
;US-RI;1985;p99.9p100;2443596.5;;;0.0570991337;0.0570991337
;US-RI;1985;p99.99p100;10719004.0;;;0.0250469279;0.0250469279
;US-RI;1985;p90p100;;;;0.3716393113;0.3716393113
;US-RI;1985;p90p91;159045.578125;;;;
;US-RI;1985;p95p96;225535.75;;;;
;US-RI;1985;p95p100;;;;0.2635029256;0.2635029256
;US-RI;1985;p99.5p100;861427.75;;;0.1006442383;0.1006442383
;US-RI;1984;p0p100;41549.4726562;;18701701120.0;;
;US-RI;1984;p99p100;520475.5;;;0.1252664477;0.1252664477
;US-RI;1984;p99.9p100;2153392.0;;;0.0518271737;0.0518271737
;US-RI;1984;p99.99p100;9515446.0;;;0.0229014847;0.0229014847
;US-RI;1984;p90p100;;;;0.3545912206;0.3545912206
;US-RI;1984;p90p91;147330.796875;;;;
;US-RI;1984;p95p96;209348.984375;;;;
;US-RI;1984;p95p100;;;;0.251927346;0.251927346
;US-RI;1984;p99.5p100;770295.5625;;;0.0926961899;0.0926961899
;US-RI;1983;p0p100;39937.1601562;;17672521728.0;;
;US-RI;1983;p99p100;482038.96875;;;0.1206993684;0.1206993684
;US-RI;1983;p99.9p100;1849975.375;;;0.0463221595;0.0463221595
;US-RI;1983;p99.99p100;7543636.5;;;0.0188887659;0.0188887659
;US-RI;1983;p90p100;;;;0.3450031281;0.3450031281
;US-RI;1983;p90p91;137784.453125;;;;
;US-RI;1983;p95p96;195139.28125;;;;
;US-RI;1983;p95p100;;;;0.2443079054;0.2443079054
;US-RI;1983;p99.5p100;691086.75;;;0.0865217671;0.0865217671
;US-RI;1982;p0p100;35878.640625;;16527805440.0;;
;US-RI;1982;p99p100;388390.78125;;;0.1082512438;0.1082512438
;US-RI;1982;p99.9p100;1502279.375;;;0.0418711305;0.0418711305
;US-RI;1982;p99.99p100;6237512.0;;;0.0173850283;0.0173850283
;US-RI;1982;p90p100;;;;0.3445748985;0.3445748985
;US-RI;1982;p90p91;123628.796875;;;;
;US-RI;1982;p95p96;167984.15625;;;;
;US-RI;1982;p95p100;;;;0.2341004908;0.2341004908
;US-RI;1982;p99.5p100;573102.125;;;0.0798667446;0.0798667446
;US-RI;1981;p0p100;36567.6757812;;16438102016.0;;
;US-RI;1981;p99p100;352741.375;;;0.0964626223;0.0964626223
;US-RI;1981;p99.9p100;1177299.125;;;0.0321950801;0.0321950801
;US-RI;1981;p99.99p100;4100590.5;;;0.0112137031;0.0112137031
;US-RI;1981;p90p100;;;;0.3538599014;0.3538599014
;US-RI;1981;p90p91;129398.335938;;;;
;US-RI;1981;p95p96;164795.78125;;;;
;US-RI;1981;p95p100;;;;0.2253298759;0.2253298759
;US-RI;1981;p99.5p100;500148.25;;;0.068386659;0.068386659
;US-RI;1980;p0p100;37403.0195312;;16401055744.0;;
;US-RI;1980;p99p100;384672.1875;;;0.1028452218;0.1028452218
;US-RI;1980;p99.9p100;1332486.75;;;0.0356251113;0.0356251113
;US-RI;1980;p99.99p100;5524888.0;;;0.0147712361;0.0147712361
;US-RI;1980;p90p100;;;;0.3546731472;0.3546731472
;US-RI;1980;p90p91;132658.46875;;;;
;US-RI;1980;p95p96;176944.0625;;;;
;US-RI;1980;p95p100;;;;0.2365371287;0.2365371287
;US-RI;1980;p99.5p100;549967.25;;;0.0735190958;0.0735190958
;US-RI;1979;p0p100;36389.125;;16060168192.0;;
;US-RI;1979;p99p100;376290.9375;;;0.103407532;0.103407532
;US-RI;1979;p99.9p100;1168480.625;;;0.0321107097;0.0321107097
;US-RI;1979;p99.99p100;4207112.0;;;0.0115614533;0.0115614533
;US-RI;1979;p90p100;;;;0.3640360236;0.3640360236
;US-RI;1979;p90p91;132469.53125;;;;
;US-RI;1979;p95p96;177831.609375;;;;
;US-RI;1979;p95p100;;;;0.2443471998;0.2443471998
;US-RI;1979;p99.5p100;520643.78125;;;0.0715383738;0.0715383738
;US-RI;1978;p0p100;36368.2460938;;15444818944.0;;
;US-RI;1978;p99p100;341405.84375;;;0.0938747078;0.0938747078
;US-RI;1978;p99.9p100;967288.3125;;;0.0265970584;0.0265970584
;US-RI;1978;p99.99p100;2953262.0;;;0.0081204409;0.0081204409
;US-RI;1978;p90p100;;;;0.3453874886;0.3453874886
;US-RI;1978;p90p91;125611.367188;;;;
;US-RI;1978;p95p96;168623.296875;;;;
;US-RI;1978;p95p100;;;;0.2318276614;0.2318276614
;US-RI;1978;p99.5p100;457531.15625;;;0.0629025623;0.0629025623
;US-RI;1977;p0p100;36292.765625;;15128918016.0;;
;US-RI;1977;p99p100;335105.5625;;;0.0923339799;0.0923339799
;US-RI;1977;p99.9p100;969904.1875;;;0.0267244484;0.0267244484
;US-RI;1977;p99.99p100;3189589.75;;;0.0087885009;0.0087885009
;US-RI;1977;p90p100;;;;0.3377343714;0.3377343714
;US-RI;1977;p90p91;122573.140625;;;;
;US-RI;1977;p95p96;162061.078125;;;;
;US-RI;1977;p95p100;;;;0.2232691199;0.2232691199
;US-RI;1977;p99.5p100;456954.875;;;0.0629539937;0.0629539937
;US-RI;1976;p0p100;35977.9023438;;14730522624.0;;
;US-RI;1976;p99p100;335215.40625;;;0.09317258;0.09317258
;US-RI;1976;p99.9p100;914900.5;;;0.0254295114;0.0254295114
;US-RI;1976;p99.99p100;2490709.0;;;0.0069228853;0.0069228853
;US-RI;1976;p90p100;;;;0.3383232951;0.3383232951
;US-RI;1976;p90p91;121721.640625;;;;
;US-RI;1976;p95p96;160698.875;;;;
;US-RI;1976;p95p100;;;;0.2233299613;0.2233299613
;US-RI;1976;p99.5p100;447531.75;;;0.0621953532;0.0621953532
;US-RI;1975;p0p100;34500.296875;;13882759168.0;;
;US-RI;1975;p99p100;317942.96875;;;0.092156589;0.092156589
;US-RI;1975;p99.9p100;858561.0;;;0.0248856116;0.0248856116
;US-RI;1975;p99.99p100;2433453.25;;;0.0070534265;0.0070534265
;US-RI;1975;p90p100;;;;0.3476111591;0.3476111591
;US-RI;1975;p90p91;119926.882812;;;;
;US-RI;1975;p95p96;158591.140625;;;;
;US-RI;1975;p95p100;;;;0.2298402637;0.2298402637
;US-RI;1975;p99.5p100;426497.4375;;;0.0618106872;0.0618106872
;US-RI;1974;p0p100;37482.9023438;;14819515392.0;;
;US-RI;1974;p99p100;328296.15625;;;0.0875855833;0.0875855833
;US-RI;1974;p99.9p100;933413.1875;;;0.0249023736;0.0249023736
;US-RI;1974;p99.99p100;2864316.25;;;0.0076416614;0.0076416614
;US-RI;1974;p90p100;;;;0.3365206122;0.3365206122
;US-RI;1974;p90p91;126137.6875;;;;
;US-RI;1974;p95p96;164973.1875;;;;
;US-RI;1974;p95p100;;;;0.2200645953;0.2200645953
;US-RI;1974;p99.5p100;447084.5625;;;0.0596384704;0.0596384704
;US-RI;1973;p0p100;39970.6289062;;15539464192.0;;
;US-RI;1973;p99p100;362709.4375;;;0.0907439888;0.0907439888
;US-RI;1973;p99.9p100;1040982.5;;;0.0260436852;0.0260436852
;US-RI;1973;p99.99p100;3216568.75;;;0.0080473302;0.0080473302
;US-RI;1973;p90p100;;;;0.3347036839;0.3347036839
;US-RI;1973;p90p91;133783.171875;;;;
;US-RI;1973;p95p96;179280.046875;;;;
;US-RI;1973;p95p100;;;;0.2242647111;0.2242647111
;US-RI;1973;p99.5p100;497954.03125;;;0.0622899868;0.0622899868
;US-RI;1972;p0p100;40745.015625;;15571053568.0;;
;US-RI;1972;p99p100;392331.28125;;;0.0962893888;0.0962893888
;US-RI;1972;p99.9p100;1436843.875;;;0.0352642834;0.0352642834
;US-RI;1972;p99.99p100;6798648.5;;;0.0166858397;0.0166858397
;US-RI;1972;p90p100;;;;0.3165520728;0.3165520728
;US-RI;1972;p90p91;128979.195312;;;;
;US-RI;1972;p95p96;175017.671875;;;;
;US-RI;1972;p95p100;;;;0.2147718668;0.2147718668
;US-RI;1972;p99.5p100;573939.5;;;0.0704306364;0.0704306364
;US-RI;1971;p0p100;39456.2265625;;14805806080.0;;
;US-RI;1971;p99p100;353484.71875;;;0.0895890817;0.0895890817
;US-RI;1971;p99.9p100;1045058.6875;;;0.0264865328;0.0264865328
;US-RI;1971;p99.99p100;3729123.75;;;0.0094512925;0.0094512925
;US-RI;1971;p90p100;;;;0.3182425201;0.3182425201
;US-RI;1971;p90p91;125566.492188;;;;
;US-RI;1971;p95p96;167279.453125;;;;
;US-RI;1971;p95p100;;;;0.2119810432;0.2119810432
;US-RI;1971;p99.5p100;485010.40625;;;0.0614618286;0.0614618286
;US-RI;1970;p0p100;40117.5039062;;14754076672.0;;
;US-RI;1970;p99p100;348806.1875;;;0.0869461298;0.0869461298
;US-RI;1970;p99.9p100;997262.3125;;;0.0248585325;0.0248585325
;US-RI;1970;p99.99p100;3061726.0;;;0.0076318951;0.0076318951
;US-RI;1970;p90p100;;;;0.3048520386;0.3048520386
;US-RI;1970;p90p91;122299.046875;;;;
;US-RI;1970;p95p96;163984.09375;;;;
;US-RI;1970;p95p100;;;;0.2043797225;0.2043797225
;US-RI;1970;p99.5p100;484483.6875;;;0.0603830777;0.0603830777
;US-RI;1969;p0p100;40138.2851562;;14634523648.0;;
;US-RI;1969;p99p100;388022.59375;;;0.0966714397;0.0966714397
;US-RI;1969;p99.9p100;1339774.25;;;0.0333789587;0.0333789587
;US-RI;1969;p99.99p100;5409865.0;;;0.0134780658;0.0134780658
;US-RI;1969;p90p100;;;;0.3195708692;0.3195708692
;US-RI;1969;p90p91;128270.273438;;;;
;US-RI;1969;p95p96;175534.234375;;;;
;US-RI;1969;p95p100;;;;0.2186618447;0.2186618447
;US-RI;1969;p99.5p100;560374.5;;;0.069805488;0.069805488
;US-RI;1968;p0p100;41051.8632812;;14865980416.0;;
;US-RI;1968;p99p100;445906.9375;;;0.1086203828;0.1086203828
;US-RI;1968;p99.9p100;1532761.25;;;0.0373371877;0.0373371877
;US-RI;1968;p99.99p100;5638105.0;;;0.0137341022;0.0137341022
;US-RI;1968;p90p100;;;;0.3283843994;0.3283843994
;US-RI;1968;p90p91;134807.921875;;;;
;US-RI;1968;p95p96;189789.5;;;;
;US-RI;1968;p95p100;;;;0.231158182;0.231158182
;US-RI;1968;p99.5p100;640894.8125;;;0.0780591592;0.0780591592
;US-RI;1967;p0p100;39353.9882812;;14150799360.0;;
;US-RI;1967;p99p100;428507.15625;;;0.108885318;0.108885318
;US-RI;1967;p99.9p100;1434854.625;;;0.0364602096;0.0364602096
;US-RI;1967;p99.99p100;5538458.0;;;0.0140734352;0.0140734352
;US-RI;1967;p90p100;;;;0.326887995;0.326887995
;US-RI;1967;p90p91;128643.46875;;;;
;US-RI;1967;p95p96;181263.21875;;;;
;US-RI;1967;p95p100;;;;0.2302984148;0.2302984148
;US-RI;1967;p99.5p100;604809.125;;;0.076842159;0.076842159
;US-RI;1966;p0p100;37311.1132812;;13309235200.0;;
;US-RI;1966;p99p100;380396.21875;;;0.1019525006;0.1019525006
;US-RI;1966;p99.9p100;1294495.625;;;0.0346946344;0.0346946344
;US-RI;1966;p99.99p100;4984466.0;;;0.0133591974;0.0133591974
;US-RI;1966;p90p100;;;;0.3138487935;0.3138487935
;US-RI;1966;p90p91;117100.5;;;;
;US-RI;1966;p95p96;163993.71875;;;;
;US-RI;1966;p95p100;;;;0.2197652161;0.2197652161
;US-RI;1966;p99.5p100;540829.1875;;;0.0724756047;0.0724756047
;US-RI;1965;p0p100;35484.46875;;12547895296.0;;
;US-RI;1965;p99p100;378820.25;;;0.1067566276;0.1067566276
;US-RI;1965;p99.9p100;1227963.125;;;0.0346056484;0.0346056484
;US-RI;1965;p99.99p100;4486695.0;;;0.0126441093;0.0126441093
;US-RI;1965;p90p100;;;;0.3312419355;0.3312419355
;US-RI;1965;p90p91;117539.445312;;;;
;US-RI;1965;p95p96;162079.734375;;;;
;US-RI;1965;p95p100;;;;0.2283812314;0.2283812314
;US-RI;1965;p99.5p100;531821.3125;;;0.074937202;0.074937202
;US-RI;1964;p0p100;33843.921875;;11852255232.0;;
;US-RI;1964;p99p100;343411.78125;;;0.101469256;0.101469256
;US-RI;1964;p99.9p100;1370330.25;;;0.040489696;0.040489696
;US-RI;1964;p99.99p100;7548325.5;;;0.022303341;0.022303341
;US-RI;1964;p90p100;;;;0.3416644633;0.3416644633
;US-RI;1964;p90p91;115632.664062;;;;
;US-RI;1964;p95p96;161560.296875;;;;
;US-RI;1964;p95p100;;;;0.2386843264;0.2386843264
;US-RI;1964;p99.5p100;515374.8125;;;0.0761399344;0.0761399344
;US-RI;1963;p0p100;32180.6777344;;11145096192.0;;
;US-RI;1963;p99p100;317049.59375;;;0.0985217243;0.0985217243
;US-RI;1963;p99.9p100;906218.625;;;0.0281603318;0.0281603318
;US-RI;1963;p99.99p100;2942362.0;;;0.0091432557;0.0091432557
;US-RI;1963;p90p100;;;;0.3193028569;0.3193028569
;US-RI;1963;p90p91;102753.820312;;;;
;US-RI;1963;p95p96;140605.25;;;;
;US-RI;1963;p95p100;;;;0.2184622288;0.2184622288
;US-RI;1963;p99.5p100;446765.78125;;;0.0694152191;0.0694152191
;US-RI;1962;p0p100;31303.8554688;;10715698176.0;;
;US-RI;1962;p99p100;307990.71875;;;0.0983874649;0.0983874649
;US-RI;1962;p99.9p100;976927.6875;;;0.0312079024;0.0312079024
;US-RI;1962;p99.99p100;3667119.5;;;0.0117145926;0.0117145926
;US-RI;1962;p90p100;;;;0.3159256577;0.3159256577
;US-RI;1962;p90p91;98896.9140625;;;;
;US-RI;1962;p95p96;135699.875;;;;
;US-RI;1962;p95p100;;;;0.2167462558;0.2167462558
;US-RI;1962;p99.5p100;441836.09375;;;0.0705721527;0.0705721527
;US-RI;1961;p0p100;30227.6464844;;10216851456.0;;
;US-RI;1961;p99p100;314001.71875;;;0.1038789824;0.1038789824
;US-RI;1961;p99.9p100;1003173.625;;;0.0331872888;0.0331872888
;US-RI;1961;p99.99p100;4013752.25;;;0.0132784145;0.0132784145
;US-RI;1961;p90p100;;;;0.3311606348;0.3311606348
;US-RI;1961;p90p91;100102.0625;;;;
;US-RI;1961;p95p96;139327.875;;;;
;US-RI;1961;p95p100;;;;0.2304643095;0.2304643095
;US-RI;1961;p99.5p100;399181.25;;;0.0660291687;0.0660291687
;US-RI;1960;p0p100;29245.6152344;;9748207616.0;;
;US-RI;1960;p99p100;282525.5;;;0.0966043994;0.0966043994
;US-RI;1960;p99.9p100;984497.125;;;0.033663068;0.033663068
;US-RI;1960;p99.99p100;3830914.0;;;0.013099106;0.013099106
;US-RI;1960;p90p100;;;;0.3175950348;0.3175950348
;US-RI;1960;p90p91;92882.625;;;;
;US-RI;1960;p95p96;128106.289062;;;;
;US-RI;1960;p95p100;;;;0.2190179527;0.2190179527
;US-RI;1960;p99.5p100;410607.3125;;;0.07019981;0.07019981
;US-RI;1959;p0p100;29410.5410156;;9808500736.0;;
;US-RI;1959;p99p100;290569.90625;;;0.0987978727;0.0987978727
;US-RI;1959;p99.9p100;1057513.875;;;0.0359569676;0.0359569676
;US-RI;1959;p99.99p100;4504096.0;;;0.0153145632;0.0153145632
;US-RI;1959;p90p100;;;;0.3118395805;0.3118395805
;US-RI;1959;p90p91;91713.7109375;;;;
;US-RI;1959;p95p96;126397.929688;;;;
;US-RI;1959;p95p100;;;;0.2148853987;0.2148853987
;US-RI;1959;p99.5p100;428636.28125;;;0.0728712007;0.0728712007
;US-RI;1958;p0p100;27535.9023438;;9178189824.0;;
;US-RI;1958;p99p100;301380.34375;;;0.1094499528;0.1094499528
;US-RI;1958;p99.9p100;1078475.375;;;0.0391661525;0.0391661525
;US-RI;1958;p99.99p100;4809545.5;;;0.0174664538;0.0174664538
;US-RI;1958;p90p100;;;;0.3261146843;0.3261146843
;US-RI;1958;p90p91;89798.6328125;;;;
;US-RI;1958;p95p96;125721.03125;;;;
;US-RI;1958;p95p100;;;;0.2282856405;0.2282856405
;US-RI;1958;p99.5p100;444760.625;;;0.0807601213;0.0807601213
;US-RI;1957;p0p100;27345.2011719;;9107493888.0;;
;US-RI;1957;p99p100;292064.875;;;0.1068066284;0.1068066284
;US-RI;1957;p99.9p100;986316.3125;;;0.0360690802;0.0360690802
;US-RI;1957;p99.99p100;3726096.75;;;0.0136261452;0.0136261452
;US-RI;1957;p90p100;;;;0.3074146509;0.3074146509
;US-RI;1957;p90p91;84063.15625;;;;
;US-RI;1957;p95p96;115880.953125;;;;
;US-RI;1957;p95p100;;;;0.2118853629;0.2118853629
;US-RI;1957;p99.5p100;419532.9375;;;0.0767105222;0.0767105222
;US-RI;1956;p0p100;28217.1035156;;9375550464.0;;
;US-RI;1956;p99p100;299942.375;;;0.106298089;0.106298089
;US-RI;1956;p99.9p100;1035928.8125;;;0.0367127992;0.0367127992
;US-RI;1956;p99.99p100;3618640.75;;;0.0128242821;0.0128242821
;US-RI;1956;p90p100;;;;0.3171405792;0.3171405792
;US-RI;1956;p90p91;89487.8828125;;;;
;US-RI;1956;p95p96;126826.101562;;;;
;US-RI;1956;p95p100;;;;0.2247326821;0.2247326821
;US-RI;1956;p99.5p100;437206.09375;;;0.0774718225;0.0774718225
;US-RI;1955;p0p100;28187.0292969;;9344256000.0;;
;US-RI;1955;p99p100;393857.84375;;;0.1397301853;0.1397301853
;US-RI;1955;p99.9p100;1258119.375;;;0.0446346924;0.0446346924
;US-RI;1955;p99.99p100;3733045.0;;;0.0132438401;0.0132438401
;US-RI;1955;p90p100;;;;0.3456248939;0.3456248939
;US-RI;1955;p90p91;97421.3828125;;;;
;US-RI;1955;p95p96;145386.59375;;;;
;US-RI;1955;p95p100;;;;0.2578963041;0.2578963041
;US-RI;1955;p99.5p100;601299.4375;;;0.1066624448;0.1066624448
;US-RI;1954;p0p100;26393.859375;;8728749056.0;;
;US-RI;1954;p99p100;293092.03125;;;0.1110455394;0.1110455394
;US-RI;1954;p99.9p100;1007682.6875;;;0.0381786786;0.0381786786
;US-RI;1954;p99.99p100;3576091.5;;;0.0135489535;0.0135489535
;US-RI;1954;p90p100;;;;0.315340668;0.315340668
;US-RI;1954;p90p91;83230.5703125;;;;
;US-RI;1954;p95p96;118748.25;;;;
;US-RI;1954;p95p100;;;;0.224954322;0.224954322
;US-RI;1954;p99.5p100;427871.96875;;;0.0810552165;0.0810552165
;US-RI;1953;p0p100;26883.8164062;;8868190208.0;;
;US-RI;1953;p99p100;277288.65625;;;0.1031433344;0.1031433344
;US-RI;1953;p99.9p100;906041.1875;;;0.0337021053;0.0337021053
;US-RI;1953;p99.99p100;3049642.75;;;0.0113437874;0.0113437874
;US-RI;1953;p90p100;;;;0.3085883558;0.3085883558
;US-RI;1953;p90p91;82960.3203125;;;;
;US-RI;1953;p95p96;116661.40625;;;;
;US-RI;1953;p95p100;;;;0.2169733047;0.2169733047
;US-RI;1953;p99.5p100;397316.125;;;0.0738950372;0.0738950372
;US-RI;1952;p0p100;25543.5800781;;8411476480.0;;
;US-RI;1952;p99p100;287520.0625;;;0.1125606075;0.1125606075
;US-RI;1952;p99.9p100;971184.875;;;0.0380207039;0.0380207039
;US-RI;1952;p99.99p100;3293319.0;;;0.0128929429;0.0128929429
;US-RI;1952;p90p100;;;;0.3410775959;0.3410775959
;US-RI;1952;p90p91;87123.421875;;;;
;US-RI;1952;p95p96;117461.351562;;;;
;US-RI;1952;p95p100;;;;0.229923442;0.229923442
;US-RI;1952;p99.5p100;416777.21875;;;0.0815816075;0.0815816075
;US-RI;1951;p0p100;25023.3085938;;8219565056.0;;
;US-RI;1951;p99p100;320324.3125;;;0.1280103773;0.1280103773
;US-RI;1951;p99.9p100;1153776.125;;;0.0461080596;0.0461080596
;US-RI;1951;p99.99p100;4192253.5;;;0.0167533942;0.0167533942
;US-RI;1951;p90p100;;;;0.34109357;0.34109357
;US-RI;1951;p90p91;85352.8984375;;;;
;US-RI;1951;p95p96;121204.023438;;;;
;US-RI;1951;p95p100;;;;0.2421822399;0.2421822399
;US-RI;1951;p99.5p100;477125.1875;;;0.0953361467;0.0953361467
;US-RI;1950;p0p100;24342.9707031;;7975692800.0;;
;US-RI;1950;p99p100;340972.03125;;;0.1400700212;0.1400700212
;US-RI;1950;p99.9p100;1231484.875;;;0.0505889282;0.0505889282
;US-RI;1950;p99.99p100;3550842.25;;;0.0145867243;0.0145867243
;US-RI;1950;p90p100;;;;0.360892415;0.360892415
;US-RI;1950;p90p91;87851.9375;;;;
;US-RI;1950;p95p96;125776.148438;;;;
;US-RI;1950;p95p100;;;;0.258341819;0.258341819
;US-RI;1950;p99.5p100;508136.40625;;;0.1043702587;0.1043702587
;US-RI;1949;p0p100;21967.8730469;;7112048128.0;;
;US-RI;1949;p99p100;280722.65625;;;0.1277878284;0.1277878284
;US-RI;1949;p99.9p100;956729.0625;;;0.0435512811;0.0435512811
;US-RI;1949;p99.99p100;2866401.0;;;0.0130481506;0.0130481506
;US-RI;1949;p90p100;;;;0.344294399;0.344294399
;US-RI;1949;p90p91;75634.15625;;;;
;US-RI;1949;p95p96;110752.476562;;;;
;US-RI;1949;p95p100;;;;0.2520782948;0.2520782948
;US-RI;1949;p99.5p100;413109.84375;;;0.0940259025;0.0940259025
;US-RI;1948;p0p100;23088.5996094;;7407910912.0;;
;US-RI;1948;p99p100;314672.53125;;;0.1362891346;0.1362891346
;US-RI;1948;p99.9p100;1127555.875;;;0.048836045;0.048836045
;US-RI;1948;p99.99p100;3778498.0;;;0.0163652115;0.0163652115
;US-RI;1948;p90p100;;;;0.3617173135;0.3617173135
;US-RI;1948;p90p91;83515.4609375;;;;
;US-RI;1948;p95p96;121973.546875;;;;
;US-RI;1948;p95p100;;;;0.2641423643;0.2641423643
;US-RI;1948;p99.5p100;466127.25;;;0.100943163;0.100943163
;US-RI;1947;p0p100;24532.296875;;7799319552.0;;
;US-RI;1947;p99p100;308268.4375;;;0.1256581992;0.1256581992
;US-RI;1947;p99.9p100;1132507.125;;;0.046163924;0.046163924
;US-RI;1947;p99.99p100;4062099.75;;;0.0165581722;0.0165581722
;US-RI;1947;p90p100;;;;0.3280865848;0.3280865848
;US-RI;1947;p90p91;80487.171875;;;;
;US-RI;1947;p95p96;118645.203125;;;;
;US-RI;1947;p95p100;;;;0.2418143004;0.2418143004
;US-RI;1947;p99.5p100;460046.59375;;;0.0937634632;0.0937634632
;US-RI;1946;p0p100;25905.7832031;;8143272960.0;;
;US-RI;1946;p99p100;356751.65625;;;0.137711212;0.137711212
;US-RI;1946;p99.9p100;1231307.875;;;0.0475302339;0.0475302339
;US-RI;1946;p99.99p100;3678850.25;;;0.0142008848;0.0142008848
;US-RI;1946;p90p100;;;;0.3410958946;0.3410958946
;US-RI;1946;p90p91;88363.5625;;;;
;US-RI;1946;p95p96;133633.4375;;;;
;US-RI;1946;p95p100;;;;0.2579220235;0.2579220235
;US-RI;1946;p99.5p100;527869.0625;;;0.1018824801;0.1018824801
;US-RI;1945;p0p100;28281.1582031;;8865680384.0;;
;US-RI;1945;p99p100;352405.03125;;;0.124607712;0.124607712
;US-RI;1945;p99.9p100;1181676.25;;;0.0417831615;0.0417831615
;US-RI;1945;p99.99p100;3054848.5;;;0.0108017093;0.0108017093
;US-RI;1945;p90p100;;;;0.3068037629;0.3068037629
;US-RI;1945;p90p91;86767.65625;;;;
;US-RI;1945;p95p96;129019.132812;;;;
;US-RI;1945;p95p100;;;;0.228100881;0.228100881
;US-RI;1945;p99.5p100;522678.4375;;;0.0924075395;0.0924075395
;US-RI;1944;p0p100;29245.1621094;;9135347712.0;;
;US-RI;1944;p99p100;284804.75;;;0.0973852426;0.0973852426
;US-RI;1944;p99.9p100;906528.0625;;;0.0309975352;0.0309975352
;US-RI;1944;p99.99p100;2452399.25;;;0.0083856573;0.0083856573
;US-RI;1944;p90p100;;;;0.2787536085;0.2787536085
;US-RI;1944;p90p91;81521.953125;;;;
;US-RI;1944;p95p96;115387.25;;;;
;US-RI;1944;p95p100;;;;0.1972757727;0.1972757727
;US-RI;1944;p99.5p100;411085.6875;;;0.0702826753;0.0702826753
;US-RI;1943;p0p100;30966.625;;9626708992.0;;
;US-RI;1943;p99p100;346297.15625;;;0.1118291616;0.1118291616
;US-RI;1943;p99.9p100;1197476.75;;;0.0386699177;0.0386699177
;US-RI;1943;p99.99p100;3011349.75;;;0.0097245015;0.0097245015
;US-RI;1943;p90p100;;;;0.2767888904;0.2767888904
;US-RI;1943;p90p91;85712.1640625;;;;
;US-RI;1943;p95p96;127377.703125;;;;
;US-RI;1943;p95p100;;;;0.2056693584;0.2056693584
;US-RI;1943;p99.5p100;519996.90625;;;0.0839608684;0.0839608684
;US-RI;1942;p0p100;27415.9570312;;8465223680.0;;
;US-RI;1942;p99p100;338726.25;;;0.1235507652;0.1235507652
;US-RI;1942;p99.9p100;1162463.5;;;0.0424009822;0.0424009822
;US-RI;1942;p99.99p100;2873041.25;;;0.0104794484;0.0104794484
;US-RI;1942;p90p100;;;;0.308596313;0.308596313
;US-RI;1942;p90p91;84604.6328125;;;;
;US-RI;1942;p95p96;123654.898438;;;;
;US-RI;1942;p95p100;;;;0.2255162746;0.2255162746
;US-RI;1942;p99.5p100;507816.6875;;;0.0926133469;0.0926133469
;US-RI;1941;p0p100;23092.1113281;;7101680128.0;;
;US-RI;1941;p99p100;347212.28125;;;0.1503596902;0.1503596902
;US-RI;1941;p99.9p100;1298327.25;;;0.0562238395;0.0562238395
;US-RI;1941;p99.99p100;4351905.0;;;0.0188458506;0.0188458506
;US-RI;1941;p90p100;;;;0.3633592129;0.3633592129
;US-RI;1941;p90p91;83907.3125;;;;
;US-RI;1941;p95p96;122691.328125;;;;
;US-RI;1941;p95p100;;;;0.265656352;0.265656352
;US-RI;1941;p99.5p100;527515.3125;;;0.1142197996;0.1142197996
;US-RI;1940;p0p100;18881.6503906;;5789614080.0;;
;US-RI;1940;p99p100;315604.625;;;0.1671488583;0.1671488583
;US-RI;1940;p99.9p100;1184860.5;;;0.0627519637;0.0627519637
;US-RI;1940;p99.99p100;3752639.75;;;0.0198745318;0.0198745318
;US-RI;1940;p90p100;;;;0.4082817733;0.4082817733
;US-RI;1940;p90p91;77090.3359375;;;;
;US-RI;1940;p95p96;114207.390625;;;;
;US-RI;1940;p95p100;;;;0.3024295568;0.3024295568
;US-RI;1940;p99.5p100;479325.875;;;0.1269290149;0.1269290149
;US-RI;1939;p0p100;18163.6699219;;5493603328.0;;
;US-RI;1939;p99p100;295313.90625;;;0.1625849307;0.1625849307
;US-RI;1939;p99.9p100;1080523.875;;;0.0594881885;0.0594881885
;US-RI;1939;p99.99p100;3299838.75;;;0.0181672461;0.0181672461
;US-RI;1939;p90p100;;;;0.4076403379;0.4076403379
;US-RI;1939;p90p91;74042.453125;;;;
;US-RI;1939;p95p96;107898.328125;;;;
;US-RI;1939;p95p100;;;;0.2970168591;0.2970168591
;US-RI;1939;p99.5p100;446848.96875;;;0.123006247;0.123006247
;US-RI;1938;p0p100;16719.3769531;;4994888704.0;;
;US-RI;1938;p99p100;243252.609375;;;0.1454914212;0.1454914212
;US-RI;1938;p99.9p100;865561.5625;;;0.0517699644;0.0517699644
;US-RI;1938;p99.99p100;2774491.5;;;0.0165944658;0.0165944658
;US-RI;1938;p90p100;;;;0.3913739622;0.3913739622
;US-RI;1938;p90p91;65435.2890625;;;;
;US-RI;1938;p95p96;92277.0078125;;;;
;US-RI;1938;p95p100;;;;0.2759582698;0.2759582698
;US-RI;1938;p99.5p100;362567.6875;;;0.108427383;0.108427383
;US-RI;1937;p0p100;18323.4765625;;5409270784.0;;
;US-RI;1937;p99p100;334268.5625;;;0.1824264079;0.1824264079
;US-RI;1937;p99.9p100;1275932.375;;;0.0696337596;0.0696337596
;US-RI;1937;p99.99p100;3865058.0;;;0.0210934766;0.0210934766
;US-RI;1937;p90p100;;;;0.4308333993;0.4308333993
;US-RI;1937;p90p91;78943.6484375;;;;
;US-RI;1937;p95p96;116106.71875;;;;
;US-RI;1937;p95p100;;;;0.316825062;0.316825062
;US-RI;1937;p99.5p100;514001.6875;;;0.1402577013;0.1402577013
;US-RI;1936;p0p100;18590.1601562;;5432572416.0;;
;US-RI;1936;p99p100;371496.125;;;0.1998348087;0.1998348087
;US-RI;1936;p99.9p100;1442773.25;;;0.0776095092;0.0776095092
;US-RI;1936;p99.99p100;4492842.5;;;0.0241678525;0.0241678525
;US-RI;1936;p90p100;;;;0.448689431;0.448689431
;US-RI;1936;p90p91;83412.0859375;;;;
;US-RI;1936;p95p96;124084.976562;;;;
;US-RI;1936;p95p100;;;;0.333738327;0.333738327
;US-RI;1936;p99.5p100;574384.4375;;;0.1544861495;0.1544861495
;US-RI;1935;p0p100;17096.7792969;;4944497664.0;;
;US-RI;1935;p99p100;293456.3125;;;0.1716442108;0.1716442108
;US-RI;1935;p99.9p100;1125559.625;;;0.0658346042;0.0658346042
;US-RI;1935;p99.99p100;3768427.0;;;0.0220417343;0.0220417343
;US-RI;1935;p90p100;;;;0.4276174307;0.4276174307
;US-RI;1935;p90p91;73108.8046875;;;;
;US-RI;1935;p95p96;105105.585938;;;;
;US-RI;1935;p95p100;;;;0.3073841631;0.3073841631
;US-RI;1935;p99.5p100;449707.65625;;;0.1315182447;0.1315182447
;US-RI;1934;p0p100;16142.3115234;;4617482240.0;;
;US-RI;1934;p99p100;274037.53125;;;0.1697634906;0.1697634906
;US-RI;1934;p99.9p100;1055723.375;;;0.0654010028;0.0654010028
;US-RI;1934;p99.99p100;3590422.25;;;0.0222423039;0.0222423039
;US-RI;1934;p90p100;;;;0.443621546;0.443621546
;US-RI;1934;p90p91;71610.7734375;;;;
;US-RI;1934;p95p96;104567.664062;;;;
;US-RI;1934;p95p100;;;;0.3238930702;0.3238930702
;US-RI;1934;p99.5p100;418208.0;;;0.1295378208;0.1295378208
;US-RI;1933;p0p100;16026.6982422;;4537239552.0;;
;US-RI;1933;p99p100;255103.984375;;;0.1591743827;0.1591743827
;US-RI;1933;p99.9p100;985677.5;;;0.0615022182;0.0615022182
;US-RI;1933;p99.99p100;2834847.75;;;0.0176882837;0.0176882837
;US-RI;1933;p90p100;;;;0.4173009396;0.4173009396
;US-RI;1933;p90p91;66879.5625;;;;
;US-RI;1933;p95p96;96200.4921875;;;;
;US-RI;1933;p95p100;;;;0.3001257479;0.3001257479
;US-RI;1933;p99.5p100;390104.15625;;;0.1217044666;0.1217044666
;US-RI;1932;p0p100;16033.5703125;;4494498304.0;;
;US-RI;1932;p99p100;266739.84375;;;0.1663633585;0.1663633585
;US-RI;1932;p99.9p100;1065121.0;;;0.0664306805;0.0664306805
;US-RI;1932;p99.99p100;3351271.75;;;0.0209015943;0.0209015943
;US-RI;1932;p90p100;;;;0.4585744441;0.4585744441
;US-RI;1932;p90p91;73525.8515625;;;;
;US-RI;1932;p95p96;101902.070312;;;;
;US-RI;1932;p95p100;;;;0.3177772164;0.3177772164
;US-RI;1932;p99.5p100;408790.0625;;;0.1274794191;0.1274794191
;US-RI;1931;p0p100;17907.7402344;;4967933440.0;;
;US-RI;1931;p99p100;296180.625;;;0.165392518;0.165392518
;US-RI;1931;p99.9p100;1158833.375;;;0.0647113174;0.0647113174
;US-RI;1931;p99.99p100;3593955.25;;;0.0200692844;0.0200692844
;US-RI;1931;p90p100;;;;0.4581394792;0.4581394792
;US-RI;1931;p90p91;82042.4296875;;;;
;US-RI;1931;p95p96;114041.890625;;;;
;US-RI;1931;p95p100;;;;0.3184150755;0.3184150755
;US-RI;1931;p99.5p100;447569.59375;;;0.124965407;0.124965407
;US-RI;1930;p0p100;18779.0996094;;5148947456.0;;
;US-RI;1930;p99p100;344551.84375;;;0.1834762394;0.1834762394
;US-RI;1930;p99.9p100;1361228.0;;;0.0724863261;0.0724863261
;US-RI;1930;p99.99p100;4273083.0;;;0.0227544624;0.0227544624
;US-RI;1930;p90p100;;;;0.4491613805;0.4491613805
;US-RI;1930;p90p91;84348.4609375;;;;
;US-RI;1930;p95p96;122891.15625;;;;
;US-RI;1930;p95p100;;;;0.3272019625;0.3272019625
;US-RI;1930;p99.5p100;527501.5625;;;0.1404491067;0.1404491067
;US-RI;1929;p0p100;21202.8652344;;5749718528.0;;
;US-RI;1929;p99p100;500602.78125;;;0.2361014634;0.2361014634
;US-RI;1929;p99.9p100;2190253.5;;;0.1032998785;0.1032998785
;US-RI;1929;p99.99p100;7751270.5;;;0.0365576521;0.0365576521
;US-RI;1929;p90p100;;;;0.4801572859;0.4801572859
;US-RI;1929;p90p91;101807.109375;;;;
;US-RI;1929;p95p96;158096.875;;;;
;US-RI;1929;p95p100;;;;0.3728195727;0.3728195727
;US-RI;1929;p99.5p100;796790.5;;;0.1878968775;0.1878968775
;US-RI;1928;p0p100;20012.1113281;;5368360960.0;;
;US-RI;1928;p99p100;484349.8125;;;0.2420283705;0.2420283705
;US-RI;1928;p99.9p100;2052405.5;;;0.1025581732;0.1025581732
;US-RI;1928;p99.99p100;6931339.5;;;0.0346357264;0.0346357264
;US-RI;1928;p90p100;;;;0.4915129542;0.4915129542
;US-RI;1928;p90p91;98362.1171875;;;;
;US-RI;1928;p95p96;153406.59375;;;;
;US-RI;1928;p95p100;;;;0.38328439;0.38328439
;US-RI;1928;p99.5p100;766688.75;;;0.1915562004;0.1915562004
;US-RI;1927;p0p100;18894.9609375;;5003916288.0;;
;US-RI;1927;p99p100;414742.03125;;;0.2194987535;0.2194987535
;US-RI;1927;p99.9p100;1636323.0;;;0.0866010264;0.0866010264
;US-RI;1927;p99.99p100;5340350.0;;;0.0282633547;0.0282633547
;US-RI;1927;p90p100;;;;0.4712574184;0.4712574184
;US-RI;1927;p90p91;89043.90625;;;;
;US-RI;1927;p95p96;136492.703125;;;;
;US-RI;1927;p95p100;;;;0.3611880839;0.3611880839
;US-RI;1927;p99.5p100;645562.1875;;;0.1708291918;0.1708291918
;US-RI;1926;p0p100;18639.6523438;;4865171456.0;;
;US-RI;1926;p99p100;383629.9375;;;0.2058138996;0.2058138996
;US-RI;1926;p99.9p100;1500561.875;;;0.0805037543;0.0805037543
;US-RI;1926;p99.99p100;4614742.5;;;0.0247576647;0.0247576647
;US-RI;1926;p90p100;;;;0.4620210528;0.4620210528
;US-RI;1926;p90p91;86119.109375;;;;
;US-RI;1926;p95p96;129632.609375;;;;
;US-RI;1926;p95p100;;;;0.347733438;0.347733438
;US-RI;1926;p99.5p100;594545.4375;;;0.1594840437;0.1594840437
;US-RI;1925;p0p100;19182.5898438;;4936245760.0;;
;US-RI;1925;p99p100;398807.1875;;;0.2079005837;0.2079005837
;US-RI;1925;p99.9p100;1660092.375;;;0.0865416229;0.0865416229
;US-RI;1925;p99.99p100;5675343.0;;;0.0295859054;0.0295859054
;US-RI;1925;p90p100;;;;0.4643764496;0.4643764496
;US-RI;1925;p90p91;89079.4296875;;;;
;US-RI;1925;p95p96;131619.4375;;;;
;US-RI;1925;p95p100;;;;0.3430700302;0.3430700302
;US-RI;1925;p99.5p100;629653.5;;;0.1641210914;0.1641210914
;US-RI;1924;p0p100;18410.9824219;;4663302656.0;;
;US-RI;1924;p99p100;356220.25;;;0.1934824586;0.1934824586
;US-RI;1924;p99.9p100;1383297.75;;;0.0751343817;0.0751343817
;US-RI;1924;p99.99p100;4703775.0;;;0.0255487431;0.0255487431
;US-RI;1924;p90p100;;;;0.4440877736;0.4440877736
;US-RI;1924;p90p91;81760.9296875;;;;
;US-RI;1924;p95p96;120443.515625;;;;
;US-RI;1924;p95p100;;;;0.3270969093;0.3270969093
;US-RI;1924;p99.5p100;554527.8125;;;0.1505970061;0.1505970061
;US-RI;1923;p0p100;21154.2871094;;5251563008.0;;
;US-RI;1923;p99p100;324224.5;;;0.153266564;0.153266564
;US-RI;1923;p99.9p100;1202178.5;;;0.0568290651;0.0568290651
;US-RI;1923;p99.99p100;3647651.75;;;0.0172430854;0.0172430854
;US-RI;1923;p90p100;;;;0.3667853773;0.3667853773
;US-RI;1923;p90p91;77590.8359375;;;;
;US-RI;1923;p95p96;114457.148438;;;;
;US-RI;1923;p95p100;;;;0.2705294192;0.2705294192
;US-RI;1923;p99.5p100;495883.71875;;;0.1172064319;0.1172064319
;US-RI;1922;p0p100;17845.1914062;;4350340608.0;;
;US-RI;1922;p99p100;341559.09375;;;0.1914011985;0.1914011985
;US-RI;1922;p99.9p100;1343192.875;;;0.0752691776;0.0752691776
;US-RI;1922;p99.99p100;4446200.5;;;0.024915399;0.024915399
;US-RI;1922;p90p100;;;;0.4224894941;0.4224894941
;US-RI;1922;p90p91;75394.0625;;;;
;US-RI;1922;p95p96;115111.875;;;;
;US-RI;1922;p95p100;;;;0.3225291073;0.3225291073
;US-RI;1922;p99.5p100;530471.6875;;;0.1486315429;0.1486315429
;US-RI;1921;p0p100;15467.8613281;;3714705152.0;;
;US-RI;1921;p99p100;291584.0;;;0.1885095686;0.1885095686
;US-RI;1921;p99.9p100;1137507.875;;;0.0735400841;0.0735400841
;US-RI;1921;p99.99p100;3924340.25;;;0.0253709275;0.0253709275
;US-RI;1921;p90p100;;;;0.4252986312;0.4252986312
;US-RI;1921;p90p91;65784.6015625;;;;
;US-RI;1921;p95p96;99471.7578125;;;;
;US-RI;1921;p95p100;;;;0.3215433657;0.3215433657
;US-RI;1921;p99.5p100;451397.9375;;;0.1459147781;0.1459147781
;US-RI;1920;p0p100;15873.7841797;;3734550528.0;;
;US-RI;1920;p99p100;290027.53125;;;0.1827085167;0.1827085167
;US-RI;1920;p99.9p100;1148738.125;;;0.0723669976;0.0723669976
;US-RI;1920;p99.99p100;3671191.75;;;0.0231273882;0.0231273882
;US-RI;1920;p90p100;;;;0.3992099762;0.3992099762
;US-RI;1920;p90p91;63369.7265625;;;;
;US-RI;1920;p95p96;96761.359375;;;;
;US-RI;1920;p95p100;;;;0.3047835529;0.3047835529
;US-RI;1920;p99.5p100;452346.75;;;0.1424823403;0.1424823403
;US-RI;1919;p0p100;16970.9414062;;3925441792.0;;
;US-RI;1919;p99p100;326034.0;;;0.1921130866;0.1921130866
;US-RI;1919;p99.9p100;1373408.0;;;0.0809270442;0.0809270442
;US-RI;1919;p99.99p100;4279974.5;;;0.0252194274;0.0252194274
;US-RI;1919;p90p100;;;;0.4068886638;0.4068886638
;US-RI;1919;p90p91;69052.8359375;;;;
;US-RI;1919;p95p96;107244.34375;;;;
;US-RI;1919;p95p100;;;;0.3159646392;0.3159646392
;US-RI;1919;p99.5p100;514355.1875;;;0.1515399665;0.1515399665
;US-RI;1918;p0p100;18852.4277344;;4312249344.0;;
;US-RI;1918;p99p100;376291.53125;;;0.1995984465;0.1995984465
;US-RI;1918;p99.9p100;1732333.875;;;0.0918891653;0.0918891653
;US-RI;1918;p99.99p100;6606624.5;;;0.0350438915;0.0350438915
;US-RI;1918;p90p100;;;;0.4074499309;0.4074499309
;US-RI;1918;p90p91;76814.2109375;;;;
;US-RI;1918;p95p96;118295.007812;;;;
;US-RI;1918;p95p100;;;;0.3137394488;0.3137394488
;US-RI;1918;p99.5p100;609470.0625;;;0.1616423279;0.1616423279
;US-RI;1917;p0p100;20239.5859375;;4638528512.0;;
