Variable Name;.;.;.;Fiscal income  | tax unit | Average | Adults | constant 2015 local currency;Fiscal income  | tax unit | Threshold | Adults | constant 2015 local currency;Fiscal income  | tax unit | Total | Adults | constant 2015 local currency;Fiscal income  | tax unit | Share | Adults | share of total (ratio);Pre-tax national income  | tax unit | Share | Adults | share of total (ratio)
Variable Category;.;.;.;Income inequality;Income inequality;Income inequality;Income inequality;Income inequality
Variable Description;.;.;.;Average Fiscal income within a given percentile group. Fiscal income is defined as the sum of all income items reported on income tax returns, before any deduction. It includes labour income, capital income and mixed income. The concept of fiscal income varies with national tax legislations, so in order to make international comparisons it is preferable to use the concept of national income. The population is comprised of individuals over age 20. The base unit is the tax unit defined by national fiscal administrations to measure personal income taxes.;Fiscal income threshold value at a given percentile.  Fiscal income is defined as the sum of all income items reported on income tax returns, before any deduction. It includes labour income, capital income and mixed income. The concept of fiscal income varies with national tax legislations, so in order to make international comparisons it is preferable to use the concept of national income. The population is comprised of individuals over age 20. The base unit is the tax unit defined by national fiscal administrations to measure personal income taxes.;Total Fiscal income  within a given percentile group. Fiscal income is defined as the sum of all income items reported on income tax returns, before any deduction. It includes labour income, capital income and mixed income. The concept of fiscal income varies with national tax legislations, so in order to make international comparisons it is preferable to use the concept of national income. The population is comprised of individuals over age 20.;Fiscal income share held by a given percentile group. Fiscal income is defined as the sum of all income items reported on income tax returns, before any deduction. It includes labour income, capital income and mixed income. The concept of fiscal income varies with national tax legislations, so in order to make international comparisons it is preferable to use the concept of national income. The population is comprised of individuals over age 20. The base unit is the tax unit defined by national fiscal administrations to measure personal income taxes.;Pre-tax national income share held by a given percentile group. Pre-tax national income  is the sum of all pre-tax personal income flows accruing to the owners of the production factors, labor and capital, before taking into account the operation of the tax/transfer system, but after taking into account the operation of pension system. The central difference between personal factor income and pre-tax income is the treatment of pensions, which are counted on a contribution basis by factor income and on a distribution basis by pre-tax income. The population is comprised of individuals over age 20. The base unit is the tax unit defined by national fiscal administrations to measure personal income taxes.
Variable Decomposition;.;.;.;[Fiscal income ]=[Fiscal labour income ]+[Fiscal capital income ];[Fiscal income ]=[Fiscal labour income ]+[Fiscal capital income ];[Fiscal income ]=[Fiscal labour income ]+[Fiscal capital income ];[Fiscal income ]=[Fiscal labour income ]+[Fiscal capital income ];Pre-tax national income =Pre-tax labor income [total pre-tax income ranking]+Pre-tax capital income [total pre-tax income ranking]
Variable Unit;.;.;.;"USD; United States dollar | local currency | market";"USD; United States dollar | local currency | market";"USD; United States dollar | local currency | market";share;share
Methodological Notes;.;.;.;;;;;Assuming the same distribution as fiscal income.
Sources;.;.;.;Frank, Sommeiller, Price & Saez (2015);Frank, Sommeiller, Price & Saez (2015);Frank, Sommeiller, Price & Saez (2015);Frank, Sommeiller, Price & Saez (2015);WID.world computations using: Frank, Sommeiller, Price & Saez (2015)
Variable Code;country;year;perc;afiinc992t;tfiinc992t;mfiinc992t;sfiinc992t;sptinc992t
;US-MN;2014;p0p100;65557.9375;;1.83344447488e+11;;
;US-MN;2014;p99p100;;435928.0;;0.1786742061;0.1786742061
;US-MN;2014;p99.9p100;;1791429.0;;0.0795528218;0.0795528218
;US-MN;2014;p99.99p100;;8223963.0;;0.0352524333;0.0352524333
;US-MN;2014;p90p100;;125277.492188;;0.4507841766;0.4507841766
;US-MN;2014;p90p91;299371.5;;;;
;US-MN;2014;p95p96;447990.625;;;;
;US-MN;2014;p90p95;150752.375;125277.492188;;0.1122912839;0.1122912839
;US-MN;2014;p95p99;263879.8125;187469.890625;;0.1598133892;0.1598133892
;US-MN;2014;p99.5p99.9;969780.875;675540.5;;0.0589793324;0.0589793324
;US-MN;2014;p99.9p99.99;3184395.75;1791429.0;;0.0445119552;0.0445119552
;US-MN;2014;p99p99.5;533397.0;435928.0;;0.0401994847;0.0401994847
;US-MN;2014;p95p100;;187469.890625;;0.3384412825;0.3384412825
;US-MN;2014;p0p90;39578.65625;;;0.5489521027;0.5489521027
;US-MN;2014;p0p99;54256.1640625;;;0.821325779;0.821325779
;US-MN;2014;p99.5p100;;675540.5;;0.1384700388;0.1384700388
;US-MN;2014;p99.5p99.6;1835470.5;;;;
;US-MN;2014;p99.99p99.991;24322728.0;;;;
;US-MN;2014;p99.9p99.91;5298229.0;;;;
;US-MN;2014;p99p99.1;1184433.75;;;;
;US-MN;2013;p0p100;65439.671875;;1.75669706752e+11;;
;US-MN;2013;p99p100;;428941.9375;;0.1629069746;0.1629069746
;US-MN;2013;p99.9p100;;1671685.0;;0.0673293993;0.0673293993
;US-MN;2013;p99.99p100;;7067899.0;;0.0280931406;0.0280931406
;US-MN;2013;p90p100;;125945.617188;;0.4310054183;0.4310054183
;US-MN;2013;p90p91;288074.5;;;;
;US-MN;2013;p95p96;425524.96875;;;;
;US-MN;2013;p90p95;150624.0;125945.617188;;0.1108979881;0.1108979881
;US-MN;2013;p95p99;261633.203125;186038.703125;;0.1570897996;0.1570897996
;US-MN;2013;p99.5p99.9;935038.5625;651612.875;;0.056207072;0.056207072
;US-MN;2013;p99.9p99.99;2867634.5;1671685.0;;0.0393332131;0.0393332131
;US-MN;2013;p99p99.5;519879.09375;428941.9375;;0.0393955447;0.0393955447
;US-MN;2013;p95p100;;186038.703125;;0.3200462461;0.3200462461
;US-MN;2013;p0p90;40702.4726562;;;0.5689832568;0.5689832568
;US-MN;2013;p0p99;55180.5585938;;;0.8370929956;0.8370929956
;US-MN;2013;p99.5p100;;651612.875;;0.123549141;0.123549141
;US-MN;2013;p99.5p99.6;1642305.0;;;;
;US-MN;2013;p99.99p99.991;18904994.0;;;;
;US-MN;2013;p99.9p99.91;4471370.5;;;;
;US-MN;2013;p99p99.1;1081092.0;;;;
;US-MN;2012;p0p100;65482.1523438;;1.79481509888e+11;;
;US-MN;2012;p99p100;1218483.0;;;0.1860786378;0.1860786378
;US-MN;2012;p99.9p100;5489916.5;;;0.083838366;0.083838366
;US-MN;2012;p99.99p100;23850004.0;;;0.0364221446;0.0364221446
;US-MN;2012;p90p100;;;;0.4562085569;0.4562085569
;US-MN;2012;p90p91;298735.15625;;;;
;US-MN;2012;p95p96;448205.84375;;;;
;US-MN;2012;p95p100;;;;0.3422351182;0.3422351182
;US-MN;2012;p99.5p100;1904494.0;;;0.1454208493;0.1454208493
;US-MN;2011;p0p100;62207.1601562;;1.67893958656e+11;;
;US-MN;2011;p99p100;1016310.75;;;0.1633752137;0.1633752137
;US-MN;2011;p99.9p100;4280114.0;;;0.0688042045;0.0688042045
;US-MN;2011;p99.99p100;18111088.0;;;0.0291141532;0.0291141532
;US-MN;2011;p90p100;;;;0.4361720681;0.4361720681
;US-MN;2011;p90p91;271330.25;;;;
;US-MN;2011;p95p96;396760.21875;;;;
;US-MN;2011;p95p100;;;;0.3189023733;0.3189023733
;US-MN;2011;p99.5p100;1549121.875;;;0.1245131567;0.1245131567
;US-MN;2010;p0p100;60884.6328125;;1.6421691392e+11;;
;US-MN;2010;p99p100;1049423.75;;;0.1723626703;0.1723626703
;US-MN;2010;p99.9p100;4716331.0;;;0.0774634108;0.0774634108
;US-MN;2010;p99.99p100;21872578.0;;;0.0359246284;0.0359246284
;US-MN;2010;p90p100;;;;0.4436225593;0.4436225593
;US-MN;2010;p90p91;270097.96875;;;;
;US-MN;2010;p95p96;397149.09375;;;;
;US-MN;2010;p95p100;;;;0.3261488974;0.3261488974
;US-MN;2010;p99.5p100;1629956.25;;;0.1338561326;0.1338561326
;US-MN;2009;p0p100;58314.4960938;;1.5508701184e+11;;
;US-MN;2009;p99p100;901686.6875;;;0.1546247751;0.1546247751
;US-MN;2009;p99.9p100;3808474.25;;;0.0653092116;0.0653092116
;US-MN;2009;p99.99p100;16494676.0;;;0.0282857195;0.0282857195
;US-MN;2009;p90p100;;;;0.4289790392;0.4289790392
;US-MN;2009;p90p91;250156.984375;;;;
;US-MN;2009;p95p96;359191.5;;;;
;US-MN;2009;p95p100;;;;0.3079778552;0.3079778552
;US-MN;2009;p99.5p100;1374792.5;;;0.1178774163;0.1178774163
;US-MN;2008;p0p100;65166.3242188;;1.71636424704e+11;;
;US-MN;2008;p99p100;1152591.625;;;0.1768692136;0.1768692136
;US-MN;2008;p99.9p100;5310676.0;;;0.0814941749;0.0814941749
;US-MN;2008;p99.99p100;23854580.0;;;0.0366056859;0.0366056859
;US-MN;2008;p90p100;;;;0.4378058612;0.4378058612
;US-MN;2008;p90p91;285302.0;;;;
;US-MN;2008;p95p96;423469.5625;;;;
;US-MN;2008;p95p100;;;;0.3249144256;0.3249144256
;US-MN;2008;p99.5p100;1814978.125;;;0.1392573714;0.1392573714
;US-MN;2007;p0p100;70506.9921875;;1.8197446656e+11;;
;US-MN;2007;p99p100;1352398.125;;;0.1918105185;0.1918105185
;US-MN;2007;p99.9p100;6407830.0;;;0.090882197;0.090882197
;US-MN;2007;p99.99p100;28585572.0;;;0.0405428931;0.0405428931
;US-MN;2007;p90p100;;;;0.444955796;0.444955796
;US-MN;2007;p90p91;313724.9375;;;;
;US-MN;2007;p95p96;476347.28125;;;;
;US-MN;2007;p95p100;;;;0.3378014565;0.3378014565
;US-MN;2007;p99.5p100;2158501.75;;;0.1530700475;0.1530700475
;US-MN;2006;p0p100;67974.8125;;1.72922044416e+11;;
;US-MN;2006;p99p100;1258348.25;;;0.1851197779;0.1851197779
;US-MN;2006;p99.9p100;5764615.0;;;0.0848051533;0.0848051533
;US-MN;2006;p99.99p100;24506886.0;;;0.0360528901;0.0360528901
;US-MN;2006;p90p100;;;;0.4408083558;0.4408083558
;US-MN;2006;p90p91;299638.65625;;;;
;US-MN;2006;p95p96;451242.15625;;;;
;US-MN;2006;p95p100;;;;0.331918627;0.331918627
;US-MN;2006;p99.5p100;1990101.5;;;0.1463852227;0.1463852227
;US-MN;2005;p0p100;67100.2265625;;1.68888762368e+11;;
;US-MN;2005;p99p100;1222520.0;;;0.1821931154;0.1821931154
;US-MN;2005;p99.9p100;5653344.5;;;0.0842522383;0.0842522383
;US-MN;2005;p99.99p100;24352478.0;;;0.0362926908;0.0362926908
;US-MN;2005;p90p100;;;;0.4337626398;0.4337626398
;US-MN;2005;p90p91;291055.71875;;;;
;US-MN;2005;p95p96;438548.375;;;;
;US-MN;2005;p95p100;;;;0.3267860711;0.3267860711
;US-MN;2005;p99.5p100;1935154.375;;;0.1441987902;0.1441987902
;US-MN;2004;p0p100;65645.515625;;1.63639148544e+11;;
;US-MN;2004;p99p100;1094948.625;;;0.1667971611;0.1667971611
;US-MN;2004;p99.9p100;4850505.0;;;0.0738893598;0.0738893598
;US-MN;2004;p99.99p100;20571306.0;;;0.031336952;0.031336952
;US-MN;2004;p90p100;;;;0.4192889631;0.4192889631
;US-MN;2004;p90p91;275244.40625;;;;
;US-MN;2004;p95p96;409325.46875;;;;
;US-MN;2004;p95p100;;;;0.3117695451;0.3117695451
;US-MN;2004;p99.5p100;1704461.375;;;0.1298231333;0.1298231333
;US-MN;2003;p0p100;62449.453125;;1.54235912192e+11;;
;US-MN;2003;p99p100;968788.9375;;;0.1551316977;0.1551316977
;US-MN;2003;p99.9p100;4126838.25;;;0.0660828575;0.0660828575
;US-MN;2003;p99.99p100;17385774.0;;;0.0278397538;0.0278397538
;US-MN;2003;p90p100;;;;0.4111334682;0.4111334682
;US-MN;2003;p90p91;256750.625;;;;
;US-MN;2003;p95p96;369393.53125;;;;
;US-MN;2003;p95p100;;;;0.2957540154;0.2957540154
;US-MN;2003;p99.5p100;1487637.625;;;0.1191073358;0.1191073358
;US-MN;2002;p0p100;60843.1328125;;1.50681288704e+11;;
;US-MN;2002;p99p100;897794.125;;;0.1475588232;0.1475588232
;US-MN;2002;p99.9p100;3637392.75;;;0.0597831234;0.0597831234
;US-MN;2002;p99.99p100;14490577.0;;;0.0238162894;0.0238162894
;US-MN;2002;p90p100;;;;0.4080780149;0.4080780149
;US-MN;2002;p90p91;248287.453125;;;;
;US-MN;2002;p95p96;352480.6875;;;;
;US-MN;2002;p95p100;;;;0.2896634638;0.2896634638
;US-MN;2002;p99.5p100;1358478.125;;;0.1116377562;0.1116377562
;US-MN;2001;p0p100;64097.8164062;;1.54707525632e+11;;
;US-MN;2001;p99p100;980041.875;;;0.1528978497;0.1528978497
;US-MN;2001;p99.9p100;4089921.25;;;0.0638074949;0.0638074949
;US-MN;2001;p99.99p100;16465129.0;;;0.0256875027;0.0256875027
;US-MN;2001;p90p100;;;;0.4079709947;0.4079709947
;US-MN;2001;p90p91;261500.5;;;;
;US-MN;2001;p95p96;380288.40625;;;;
;US-MN;2001;p95p100;;;;0.2966469228;0.2966469228
;US-MN;2001;p99.5p100;1496834.875;;;0.1167617664;0.1167617664
;US-MN;2000;p0p100;71672.28125;;1.6566632448e+11;;
;US-MN;2000;p99p100;1250905.875;;;0.1745313555;0.1745313555
;US-MN;2000;p99.9p100;5724108.0;;;0.0798650235;0.0798650235
;US-MN;2000;p99.99p100;24169316.0;;;0.0337219872;0.0337219872
;US-MN;2000;p90p100;;;;0.4178428054;0.4178428054
;US-MN;2000;p90p91;299477.4375;;;;
;US-MN;2000;p95p96;450629.46875;;;;
;US-MN;2000;p95p100;;;;0.3143680394;0.3143680394
;US-MN;2000;p99.5p100;1970582.25;;;0.1374717206;0.1374717206
;US-MN;1999;p0p100;71237.59375;;1.57919182848e+11;;
;US-MN;1999;p99p100;1158874.875;;;0.1626774222;0.1626774222
;US-MN;1999;p99.9p100;5112104.5;;;0.071761325;0.071761325
;US-MN;1999;p99.99p100;20496564.0;;;0.0287721157;0.0287721157
;US-MN;1999;p90p100;;;;0.4050350785;0.4050350785
;US-MN;1999;p90p91;288537.28125;;;;
;US-MN;1999;p95p96;429138.875;;;;
;US-MN;1999;p95p100;;;;0.3012025058;0.3012025058
;US-MN;1999;p99.5p100;1809647.5;;;0.1270149052;0.1270149052
;US-MN;1998;p0p100;66575.203125;;1.47598360576e+11;;
;US-MN;1998;p99p100;1102649.875;;;0.165624693;0.165624693
;US-MN;1998;p99.9p100;5100229.5;;;0.0766085461;0.0766085461
;US-MN;1998;p99.99p100;22104392.0;;;0.0332021415;0.0332021415
;US-MN;1998;p90p100;;;;0.406588465;0.406588465
;US-MN;1998;p90p91;270687.09375;;;;
;US-MN;1998;p95p96;402949.0625;;;;
;US-MN;1998;p95p100;;;;0.3026269972;0.3026269972
;US-MN;1998;p99.5p100;1742063.25;;;0.1308342367;0.1308342367
;US-MN;1997;p0p100;61759.3398438;;1.3485928448e+11;;
;US-MN;1997;p99p100;946552.1875;;;0.153264612;0.153264612
;US-MN;1997;p99.9p100;4030596.25;;;0.0652629435;0.0652629435
;US-MN;1997;p99.99p100;15993722.0;;;0.0258968472;0.0258968472
;US-MN;1997;p90p100;;;;0.3984203041;0.3984203041
;US-MN;1997;p90p91;246061.75;;;;
;US-MN;1997;p95p96;360763.0625;;;;
;US-MN;1997;p95p100;;;;0.2920716703;0.2920716703
;US-MN;1997;p99.5p100;1464010.625;;;0.118525438;0.118525438
;US-MN;1996;p0p100;57063.625;;1.25724934144e+11;;
;US-MN;1996;p99p100;916581.0;;;0.1606243998;0.1606243998
;US-MN;1996;p99.9p100;4069341.5;;;0.0713123605;0.0713123605
;US-MN;1996;p99.99p100;17587984.0;;;0.0308217071;0.0308217071
;US-MN;1996;p90p100;;;;0.4109268785;0.4109268785
;US-MN;1996;p90p91;234489.78125;;;;
;US-MN;1996;p95p96;343796.375;;;;
;US-MN;1996;p95p100;;;;0.3012395203;0.3012395203
;US-MN;1996;p99.5p100;1427762.875;;;0.1251027137;0.1251027137
;US-MN;1995;p0p100;52432.8046875;;1.15851034624e+11;;
;US-MN;1995;p99p100;753640.5;;;0.1437345296;0.1437345296
;US-MN;1995;p99.9p100;3043572.0;;;0.0580470935;0.0580470935
;US-MN;1995;p99.99p100;11974511.0;;;0.0228378214;0.0228378214
;US-MN;1995;p90p100;;;;0.3996055126;0.3996055126
;US-MN;1995;p90p91;209524.375;;;;
;US-MN;1995;p95p96;300294.4375;;;;
;US-MN;1995;p95p100;;;;0.2863612175;0.2863612175
;US-MN;1995;p99.5p100;1141763.5;;;0.1088787392;0.1088787392
;US-MN;1994;p0p100;49785.8398438;;1.09886070784e+11;;
;US-MN;1994;p99p100;665850.4375;;;0.1337429434;0.1337429434
;US-MN;1994;p99.9p100;2639039.5;;;0.0530078337;0.0530078337
;US-MN;1994;p99.99p100;10499157.0;;;0.0210886411;0.0210886411
;US-MN;1994;p90p100;;;;0.3870651722;0.3870651722
;US-MN;1994;p90p91;192703.640625;;;;
;US-MN;1994;p95p96;272389.5;;;;
;US-MN;1994;p95p100;;;;0.2735612094;0.2735612094
;US-MN;1994;p99.5p100;1001048.625;;;0.1005354822;0.1005354822
;US-MN;1993;p0p100;47760.234375;;1.04650866688e+11;;
;US-MN;1993;p99p100;645633.3125;;;0.1351822019;0.1351822019
;US-MN;1993;p99.9p100;2518726.5;;;0.0527368933;0.0527368933
;US-MN;1993;p99.99p100;9874061.0;;;0.0206742305;0.0206742305
;US-MN;1993;p90p100;;;;0.3937920332;0.3937920332
;US-MN;1993;p90p91;188076.015625;;;;
;US-MN;1993;p95p96;265532.1875;;;;
;US-MN;1993;p95p100;;;;0.2779845893;0.2779845893
;US-MN;1993;p99.5p100;968263.875;;;0.1013671607;0.1013671607
;US-MN;1992;p0p100;50000.2617188;;1.05820454912e+11;;
;US-MN;1992;p99p100;709452.6875;;;0.1418898106;0.1418898106
;US-MN;1992;p99.9p100;2976035.0;;;0.0595203936;0.0595203936
;US-MN;1992;p99.99p100;12400389.0;;;0.0248006489;0.0248006489
;US-MN;1992;p90p100;;;;0.3895756304;0.3895756304
;US-MN;1992;p90p91;194788.8125;;;;
;US-MN;1992;p95p96;278215.78125;;;;
;US-MN;1992;p95p100;;;;0.2782143652;0.2782143652
;US-MN;1992;p99.5p100;1089712.75;;;0.108970724;0.108970724
;US-MN;1991;p0p100;49663.5742188;;1.0178265088e+11;;
;US-MN;1991;p99p100;591303.4375;;;0.1190618128;0.1190618128
;US-MN;1991;p99.9p100;2197632.5;;;0.0442503914;0.0442503914
;US-MN;1991;p99.99p100;8137806.5;;;0.0163858663;0.0163858663
;US-MN;1991;p90p100;;;;0.3638860285;0.3638860285
;US-MN;1991;p90p91;180718.78125;;;;
;US-MN;1991;p95p96;251513.90625;;;;
;US-MN;1991;p95p100;;;;0.2532176971;0.2532176971
;US-MN;1991;p99.5p100;875614.875;;;0.0881546438;0.0881546438
;US-MN;1990;p0p100;50523.59375;;1.03691436032e+11;;
;US-MN;1990;p99p100;609015.375;;;0.1205407828;0.1205407828
;US-MN;1990;p99.9p100;2314837.75;;;0.0458169654;0.0458169654
;US-MN;1990;p99.99p100;8672442.0;;;0.0171651319;0.0171651319
;US-MN;1990;p90p100;;;;0.35760355;0.35760355
;US-MN;1990;p90p91;180674.1875;;;;
;US-MN;1990;p95p96;255062.90625;;;;
;US-MN;1990;p95p100;;;;0.252419591;0.252419591
;US-MN;1990;p99.5p100;911675.3125;;;0.0902227238;0.0902227238
;US-MN;1989;p0p100;49593.4453125;;1.02012698624e+11;;
;US-MN;1989;p99p100;615921.75;;;0.1241941825;0.1241941825
;US-MN;1989;p99.9p100;2375278.5;;;0.0478950106;0.0478950106
;US-MN;1989;p99.99p100;9049951.0;;;0.0182482805;0.0182482805
;US-MN;1989;p90p100;;;;0.3690392971;0.3690392971
;US-MN;1989;p90p91;183019.296875;;;;
;US-MN;1989;p95p96;255155.359375;;;;
;US-MN;1989;p95p100;;;;0.2572470605;0.2572470605
;US-MN;1989;p99.5p100;922087.75;;;0.0929646865;0.0929646865
;US-MN;1988;p0p100;49512.765625;;99144261632.0;;
;US-MN;1988;p99p100;644852.8125;;;0.1302396953;0.1302396953
;US-MN;1988;p99.9p100;2594628.75;;;0.0524032265;0.0524032265
;US-MN;1988;p99.99p100;10016061.0;;;0.0202292502;0.0202292502
;US-MN;1988;p90p100;;;;0.3724938035;0.3724938035
;US-MN;1988;p90p91;184431.984375;;;;
;US-MN;1988;p95p96;259058.703125;;;;
;US-MN;1988;p95p100;;;;0.2616079748;0.2616079748
;US-MN;1988;p99.5p100;980571.5;;;0.0990220904;0.0990220904
;US-MN;1987;p0p100;48470.078125;;95169822720.0;;
;US-MN;1987;p99p100;514674.125;;;0.1061838865;0.1061838865
;US-MN;1987;p99.9p100;1865646.5;;;0.0384906866;0.0384906866
;US-MN;1987;p99.99p100;6806861.0;;;0.0140434289;0.0140434289
;US-MN;1987;p90p100;;;;0.3423260152;0.3423260152
;US-MN;1987;p90p91;165925.671875;;;;
;US-MN;1987;p95p96;225799.09375;;;;
;US-MN;1987;p95p100;;;;0.2329262942;0.2329262942
;US-MN;1987;p99.5p100;753169.5;;;0.0776942745;0.0776942745
;US-MN;1986;p0p100;49466.0976562;;96742014976.0;;
;US-MN;1986;p99p100;697576.875;;;0.141021207;0.141021207
;US-MN;1986;p99.9p100;3112616.0;;;0.0629242286;0.0629242286
;US-MN;1986;p99.99p100;13501063.0;;;0.0272935685;0.0272935685
;US-MN;1986;p90p100;;;;0.3759316504;0.3759316504
;US-MN;1986;p90p91;185958.71875;;;;
;US-MN;1986;p95p96;266351.28125;;;;
;US-MN;1986;p95p100;;;;0.269226104;0.269226104
;US-MN;1986;p99.5p100;1092495.125;;;0.1104286686;0.1104286686
;US-MN;1985;p0p100;46261.1953125;;88882126848.0;;
;US-MN;1985;p99p100;501887.65625;;;0.1084899902;0.1084899902
;US-MN;1985;p99.9p100;1948778.5;;;0.0421255566;0.0421255566
;US-MN;1985;p99.99p100;7499265.5;;;0.016210705;0.016210705
;US-MN;1985;p90p100;;;;0.346455127;0.346455127
;US-MN;1985;p90p91;160274.296875;;;;
;US-MN;1985;p95p96;217909.640625;;;;
;US-MN;1985;p95p100;;;;0.2355209887;0.2355209887
;US-MN;1985;p99.5p100;744433.75;;;0.080459848;0.080459848
;US-MN;1984;p0p100;44914.0664062;;84813856768.0;;
;US-MN;1984;p99p100;484632.78125;;;0.1079022288;0.1079022288
;US-MN;1984;p99.9p100;1921616.875;;;0.0427842997;0.0427842997
;US-MN;1984;p99.99p100;8011448.5;;;0.0178372823;0.0178372823
;US-MN;1984;p90p100;;;;0.341658175;0.341658175
;US-MN;1984;p90p91;153452.578125;;;;
;US-MN;1984;p95p96;209699.140625;;;;
;US-MN;1984;p95p100;;;;0.2334448397;0.2334448397
;US-MN;1984;p99.5p100;715354.0;;;0.0796358585;0.0796358585
;US-MN;1983;p0p100;43171.1914062;;80146432000.0;;
;US-MN;1983;p99p100;472228.84375;;;0.1093851849;0.1093851849
;US-MN;1983;p99.9p100;1865426.75;;;0.0432099923;0.0432099923
;US-MN;1983;p99.99p100;7596655.0;;;0.0175965838;0.0175965838
;US-MN;1983;p90p100;;;;0.3419130445;0.3419130445
;US-MN;1983;p90p91;147607.9375;;;;
;US-MN;1983;p95p96;203185.078125;;;;
;US-MN;1983;p95p100;;;;0.2353248596;0.2353248596
;US-MN;1983;p99.5p100;695794.25;;;0.0805854872;0.0805854872
;US-MN;1982;p0p100;42766.4296875;;77762707456.0;;
;US-MN;1982;p99p100;428541.96875;;;0.1002052203;0.1002052203
;US-MN;1982;p99.9p100;1657582.625;;;0.0387589633;0.0387589633
;US-MN;1982;p99.99p100;6882336.0;;;0.0160928462;0.0160928462
;US-MN;1982;p90p100;;;;0.3351095617;0.3351095617
;US-MN;1982;p90p91;143314.40625;;;;
;US-MN;1982;p95p96;192549.40625;;;;
;US-MN;1982;p95p100;;;;0.225117445;0.225117445
;US-MN;1982;p99.5p100;632348.5;;;0.0739304647;0.0739304647
;US-MN;1981;p0p100;41323.765625;;77860765696.0;;
;US-MN;1981;p99p100;373649.78125;;;0.0904200673;0.0904200673
;US-MN;1981;p99.9p100;1143995.5;;;0.0276837181;0.0276837181
;US-MN;1981;p99.99p100;3692292.75;;;0.0089350352;0.0089350352
;US-MN;1981;p90p100;;;;0.3281889558;0.3281889558
;US-MN;1981;p90p91;135620.046875;;;;
;US-MN;1981;p95p96;178163.640625;;;;
;US-MN;1981;p95p100;;;;0.2155704349;0.2155704349
;US-MN;1981;p99.5p100;519292.90625;;;0.0628322363;0.0628322363
;US-MN;1980;p0p100;43280.5117188;;78428258304.0;;
;US-MN;1980;p99p100;403286.5625;;;0.0931797102;0.0931797102
;US-MN;1980;p99.9p100;1276751.0;;;0.0294994451;0.0294994451
;US-MN;1980;p99.99p100;4448875.5;;;0.0102791656;0.0102791656
;US-MN;1980;p90p100;;;;0.3355308473;0.3355308473
;US-MN;1980;p90p91;145219.46875;;;;
;US-MN;1980;p95p96;192120.671875;;;;
;US-MN;1980;p95p100;;;;0.221948266;0.221948266
;US-MN;1980;p99.5p100;565061.0625;;;0.0652789325;0.0652789325
;US-MN;1979;p0p100;43782.90625;;78164672512.0;;
;US-MN;1979;p99p100;408765.78125;;;0.0933619514;0.0933619514
;US-MN;1979;p99.9p100;1394065.125;;;0.0318403952;0.0318403952
;US-MN;1979;p99.99p100;5482066.0;;;0.0125210183;0.0125210183
;US-MN;1979;p90p100;;;;0.3326996565;0.3326996565
;US-MN;1979;p90p91;145665.578125;;;;
;US-MN;1979;p95p96;193273.71875;;;;
;US-MN;1979;p95p100;;;;0.2207182348;0.2207182348
;US-MN;1979;p99.5p100;574470.25;;;0.0656043962;0.0656043962
;US-MN;1978;p0p100;43115.6953125;;74996137984.0;;
;US-MN;1978;p99p100;354527.0;;;0.0822269022;0.0822269022
;US-MN;1978;p99.9p100;987213.5;;;0.0228968468;0.0228968468
;US-MN;1978;p99.99p100;2880020.0;;;0.0066797482;0.0066797482
;US-MN;1978;p90p100;;;;0.3228119314;0.3228119314
;US-MN;1978;p90p91;139182.609375;;;;
;US-MN;1978;p95p96;180798.8125;;;;
;US-MN;1978;p95p100;;;;0.2096670568;0.2096670568
;US-MN;1978;p99.5p100;479477.5;;;0.0556035899;0.0556035899
;US-MN;1977;p0p100;42149.25;;71644798976.0;;
;US-MN;1977;p99p100;348929.625;;;0.0827842951;0.0827842951
;US-MN;1977;p99.9p100;996714.8125;;;0.023647273;0.023647273
;US-MN;1977;p99.99p100;2996076.25;;;0.0071082548;0.0071082548
;US-MN;1977;p90p100;;;;0.3192613125;0.3192613125
;US-MN;1977;p90p91;134566.25;;;;
;US-MN;1977;p95p96;176226.9375;;;;
;US-MN;1977;p95p100;;;;0.2090511024;0.2090511024
;US-MN;1977;p99.5p100;478482.34375;;;0.0567604788;0.0567604788
;US-MN;1976;p0p100;40735.1523438;;67705278464.0;;
;US-MN;1976;p99p100;356669.375;;;0.0875581279;0.0875581279
;US-MN;1976;p99.9p100;994927.875;;;0.024424307;0.024424307
;US-MN;1976;p99.99p100;3184389.25;;;0.007817301;0.007817301
;US-MN;1976;p90p100;;;;0.332978636;0.332978636
;US-MN;1976;p90p91;135639.34375;;;;
;US-MN;1976;p95p96;176945.3125;;;;
;US-MN;1976;p95p100;;;;0.2171899527;0.2171899527
;US-MN;1976;p99.5p100;472764.96875;;;0.0580291152;0.0580291152
;US-MN;1975;p0p100;40276.59375;;65499893760.0;;
;US-MN;1975;p99p100;326149.4375;;;0.0809774101;0.0809774101
;US-MN;1975;p99.9p100;894639.25;;;0.0222123843;0.0222123843
;US-MN;1975;p99.99p100;2527597.0;;;0.0062755975;0.0062755975
;US-MN;1975;p90p100;;;;0.3144700229;0.3144700229
;US-MN;1975;p90p91;126657.8125;;;;
;US-MN;1975;p95p96;165394.609375;;;;
;US-MN;1975;p95p100;;;;0.2053234726;0.2053234726
;US-MN;1975;p99.5p100;436249.53125;;;0.054156702;0.054156702
;US-MN;1974;p0p100;42928.2695312;;68287787008.0;;
;US-MN;1974;p99p100;355718.6875;;;0.0828635097;0.0828635097
;US-MN;1974;p99.9p100;1021127.5625;;;0.0237868354;0.0237868354
;US-MN;1974;p99.99p100;3162474.75;;;0.0073668822;0.0073668822
;US-MN;1974;p90p100;;;;0.315315336;0.315315336
;US-MN;1974;p90p91;135359.40625;;;;
;US-MN;1974;p95p96;177548.703125;;;;
;US-MN;1974;p95p100;;;;0.206796959;0.206796959
;US-MN;1974;p99.5p100;485829.40625;;;0.0565861873;0.0565861873
;US-MN;1973;p0p100;44903.1601562;;69925363712.0;;
;US-MN;1973;p99p100;348337.34375;;;0.077575244;0.077575244
;US-MN;1973;p99.9p100;1019421.25;;;0.0227026604;0.0227026604
;US-MN;1973;p99.99p100;3296043.25;;;0.0073403367;0.0073403367
;US-MN;1973;p90p100;;;;0.2997118831;0.2997118831
;US-MN;1973;p90p91;134580.109375;;;;
;US-MN;1973;p95p96;175517.875;;;;
;US-MN;1973;p95p100;;;;0.1954404563;0.1954404563
;US-MN;1973;p99.5p100;475014.625;;;0.0528932251;0.0528932251
;US-MN;1972;p0p100;41621.6835938;;63429304320.0;;
;US-MN;1972;p99p100;360333.75;;;0.0865735635;0.0865735635
;US-MN;1972;p99.9p100;1126942.0;;;0.0270758383;0.0270758383
;US-MN;1972;p99.99p100;4426860.5;;;0.0106359478;0.0106359478
;US-MN;1972;p90p100;;;;0.311970681;0.311970681
;US-MN;1972;p90p91;129847.453125;;;;
;US-MN;1972;p95p96;170453.09375;;;;
;US-MN;1972;p95p100;;;;0.2047647834;0.2047647834
;US-MN;1972;p99.5p100;500867.375;;;0.0601690374;0.0601690374
;US-MN;1971;p0p100;40618.1992188;;60510101504.0;;
;US-MN;1971;p99p100;337779.53125;;;0.0831596553;0.0831596553
;US-MN;1971;p99.9p100;991953.5;;;0.024421405;0.024421405
;US-MN;1971;p99.99p100;3487249.0;;;0.0085854344;0.0085854344
;US-MN;1971;p90p100;;;;0.3072597086;0.3072597086
;US-MN;1971;p90p91;124803.367188;;;;
;US-MN;1971;p95p96;162658.453125;;;;
;US-MN;1971;p95p100;;;;0.2002285421;0.2002285421
;US-MN;1971;p99.5p100;462910.28125;;;0.0569831096;0.0569831096
;US-MN;1970;p0p100;41150.5078125;;59814711296.0;;
;US-MN;1970;p99p100;335160.125;;;0.0814473853;0.0814473853
;US-MN;1970;p99.9p100;1032468.8125;;;0.0250900611;0.0250900611
;US-MN;1970;p99.99p100;3889086.5;;;0.0094508836;0.0094508836
;US-MN;1970;p90p100;;;;0.3015039563;0.3015039563
;US-MN;1970;p90p91;124070.414062;;;;
;US-MN;1970;p95p96;163663.390625;;;;
;US-MN;1970;p95p100;;;;0.1988594979;0.1988594979
;US-MN;1970;p99.5p100;461391.125;;;0.0560614131;0.0560614131
;US-MN;1969;p0p100;40948.3359375;;58860736512.0;;
;US-MN;1969;p99p100;387433.125;;;0.0946151093;0.0946151093
;US-MN;1969;p99.9p100;1396654.625;;;0.0341077298;0.0341077298
;US-MN;1969;p99.99p100;6071459.0;;;0.014827122;0.014827122
;US-MN;1969;p90p100;;;;0.3142178357;0.3142178357
;US-MN;1969;p90p91;128666.960938;;;;
;US-MN;1969;p95p96;172412.953125;;;;
;US-MN;1969;p95p100;;;;0.2105250061;0.2105250061
;US-MN;1969;p99.5p100;561062.375;;;0.0685085654;0.0685085654
;US-MN;1968;p0p100;39906.7851562;;56831881216.0;;
;US-MN;1968;p99p100;392231.90625;;;0.0982870311;0.0982870311
;US-MN;1968;p99.9p100;1297257.5;;;0.0325071923;0.0325071923
;US-MN;1968;p99.99p100;4875571.0;;;0.0122173987;0.0122173987
;US-MN;1968;p90p100;;;;0.3194871247;0.3194871247
;US-MN;1968;p90p91;127497.039062;;;;
;US-MN;1968;p95p96;172989.421875;;;;
;US-MN;1968;p95p100;;;;0.2167418599;0.2167418599
;US-MN;1968;p99.5p100;562471.5;;;0.0704731643;0.0704731643
;US-MN;1967;p0p100;37961.65625;;53547229184.0;;
;US-MN;1967;p99p100;367413.375;;;0.0967853889;0.0967853889
;US-MN;1967;p99.9p100;1163886.625;;;0.0306595303;0.0306595303
;US-MN;1967;p99.99p100;4055155.5;;;0.0106822392;0.0106822392
;US-MN;1967;p90p100;;;;0.3210621476;0.3210621476
;US-MN;1967;p90p91;121880.53125;;;;
;US-MN;1967;p95p96;167259.296875;;;;
;US-MN;1967;p95p100;;;;0.2203003019;0.2203003019
;US-MN;1967;p99.5p100;515153.25;;;0.0678517818;0.0678517818
;US-MN;1966;p0p100;36408.25;;50819366912.0;;
;US-MN;1966;p99p100;346224.6875;;;0.0950951353;0.0950951353
;US-MN;1966;p99.9p100;1217521.375;;;0.0334408134;0.0334408134
;US-MN;1966;p99.99p100;5519126.0;;;0.0151589997;0.0151589997
;US-MN;1966;p90p100;;;;0.3170373738;0.3170373738
;US-MN;1966;p90p91;115427.75;;;;
;US-MN;1966;p95p96;154779.328125;;;;
;US-MN;1966;p95p100;;;;0.2125608176;0.2125608176
;US-MN;1966;p99.5p100;499937.96875;;;0.0686572418;0.0686572418
;US-MN;1965;p0p100;34902.53125;;48174710784.0;;
;US-MN;1965;p99p100;344909.0625;;;0.0988206416;0.0988206416
;US-MN;1965;p99.9p100;1169169.875;;;0.0334981382;0.0334981382
;US-MN;1965;p99.99p100;4655081.0;;;0.0133373737;0.0133373737
;US-MN;1965;p90p100;;;;0.3226877451;0.3226877451
;US-MN;1965;p90p91;112626.195312;;;;
;US-MN;1965;p95p96;151917.484375;;;;
;US-MN;1965;p95p100;;;;0.2176310271;0.2176310271
;US-MN;1965;p99.5p100;492450.21875;;;0.0705464855;0.0705464855
;US-MN;1964;p0p100;32451.4921875;;44248600576.0;;
;US-MN;1964;p99p100;320715.71875;;;0.0988292694;0.0988292694
;US-MN;1964;p99.9p100;1014512.4375;;;0.0312624313;0.0312624313
;US-MN;1964;p99.99p100;3934758.25;;;0.0121250451;0.0121250451
;US-MN;1964;p90p100;;;;0.3312162757;0.3312162757
;US-MN;1964;p90p91;107484.625;;;;
;US-MN;1964;p95p96;144131.3125;;;;
;US-MN;1964;p95p100;;;;0.2220719308;0.2220719308
;US-MN;1964;p99.5p100;449134.8125;;;0.0692009479;0.0692009479
;US-MN;1963;p0p100;31819.0117188;;42799124480.0;;
;US-MN;1963;p99p100;292207.03125;;;0.0918340981;0.0918340981
;US-MN;1963;p99.9p100;934408.5;;;0.0293663591;0.0293663591
;US-MN;1963;p99.99p100;3530248.5;;;0.0110947769;0.0110947769
;US-MN;1963;p90p100;;;;0.3168641329;0.3168641329
;US-MN;1963;p90p91;100823.039062;;;;
;US-MN;1963;p95p96;135109.625;;;;
;US-MN;1963;p95p100;;;;0.2123095691;0.2123095691
;US-MN;1963;p99.5p100;414994.96875;;;0.0652117878;0.0652117878
;US-MN;1962;p0p100;30502.3515625;;40451112960.0;;
;US-MN;1962;p99p100;284510.9375;;;0.0932750776;0.0932750776
;US-MN;1962;p99.9p100;876151.1875;;;0.028724052;0.028724052
;US-MN;1962;p99.99p100;2980483.0;;;0.0097713219;0.0097713219
;US-MN;1962;p90p100;;;;0.3200172782;0.3200172782
;US-MN;1962;p90p91;97612.796875;;;;
;US-MN;1962;p95p96;131025.351562;;;;
;US-MN;1962;p95p100;;;;0.2147790939;0.2147790939
;US-MN;1962;p99.5p100;401705.0625;;;0.065848209;0.065848209
;US-MN;1961;p0p100;30103.7695312;;39320875008.0;;
;US-MN;1961;p99p100;300533.71875;;;0.0998325944;0.0998325944
;US-MN;1961;p99.9p100;960463.625;;;0.031905096;0.031905096
;US-MN;1961;p99.99p100;3284006.5;;;0.0109089538;0.0109089538
;US-MN;1961;p90p100;;;;0.3276211917;0.3276211917
;US-MN;1961;p90p91;98626.3203125;;;;
;US-MN;1961;p95p96;134523.09375;;;;
;US-MN;1961;p95p100;;;;0.2234322876;0.2234322876
;US-MN;1961;p99.5p100;427867.34375;;;0.071065411;0.071065411
;US-MN;1960;p0p100;29072.3886719;;37355040768.0;;
;US-MN;1960;p99p100;282618.09375;;;0.0972118601;0.0972118601
;US-MN;1960;p99.9p100;909997.0;;;0.0313010737;0.0313010737
;US-MN;1960;p99.99p100;3214834.0;;;0.0110580316;0.0110580316
;US-MN;1960;p90p100;;;;0.3232676387;0.3232676387
;US-MN;1960;p90p91;93981.625;;;;
;US-MN;1960;p95p96;127661.710938;;;;
;US-MN;1960;p95p100;;;;0.2195583582;0.2195583582
;US-MN;1960;p99.5p100;402969.8125;;;0.0693045631;0.0693045631
;US-MN;1959;p0p100;28109.5605469;;36037324800.0;;
;US-MN;1959;p99p100;274631.21875;;;0.0977002829;0.0977002829
;US-MN;1959;p99.9p100;846209.5;;;0.030103974;0.030103974
;US-MN;1959;p99.99p100;2777253.0;;;0.0098801004;0.0098801004
;US-MN;1959;p90p100;;;;0.3284424543;0.3284424543
;US-MN;1959;p90p91;92323.734375;;;;
;US-MN;1959;p95p96;125569.210938;;;;
;US-MN;1959;p95p100;;;;0.2233567387;0.2233567387
;US-MN;1959;p99.5p100;382906.96875;;;0.0681097358;0.0681097358
;US-MN;1958;p0p100;27023.1953125;;34529296384.0;;
;US-MN;1958;p99p100;257703.171875;;;0.0953636914;0.0953636914
;US-MN;1958;p99.9p100;785293.125;;;0.0290599652;0.0290599652
;US-MN;1958;p99.99p100;2611500.5;;;0.0096639218;0.0096639218
;US-MN;1958;p90p100;;;;0.3234004676;0.3234004676
;US-MN;1958;p90p91;87393.140625;;;;
;US-MN;1958;p95p96;118318.085938;;;;
;US-MN;1958;p95p100;;;;0.2189194858;0.2189194858
;US-MN;1958;p99.5p100;358729.3125;;;0.0663743317;0.0663743317
;US-MN;1957;p0p100;26695.4960938;;33989392384.0;;
;US-MN;1957;p99p100;252174.453125;;;0.0944632962;0.0944632962
;US-MN;1957;p99.9p100;785060.625;;;0.0294079799;0.0294079799
;US-MN;1957;p99.99p100;2604663.0;;;0.0097569386;0.0097569386
;US-MN;1957;p90p100;;;;0.3212675452;0.3212675452
;US-MN;1957;p90p91;85763.9609375;;;;
;US-MN;1957;p95p96;115412.875;;;;
;US-MN;1957;p95p100;;;;0.2161654383;0.2161654383
;US-MN;1957;p99.5p100;356145.59375;;;0.0667051822;0.0667051822
;US-MN;1956;p0p100;26556.2089844;;33638178816.0;;
;US-MN;1956;p99p100;264596.78125;;;0.0996365175;0.0996365175
;US-MN;1956;p99.9p100;840114.375;;;0.0316353329;0.0316353329
;US-MN;1956;p99.99p100;2459756.5;;;0.0092624538;0.0092624538
;US-MN;1956;p90p100;;;;0.3257797658;0.3257797658
;US-MN;1956;p90p91;86514.7421875;;;;
;US-MN;1956;p95p96;119045.195312;;;;
;US-MN;1956;p95p100;;;;0.2241381705;0.2241381705
;US-MN;1956;p99.5p100;373012.84375;;;0.0702308267;0.0702308267
;US-MN;1955;p0p100;26376.7070312;;33242408960.0;;
;US-MN;1955;p99p100;271922.40625;;;0.1030918732;0.1030918732
;US-MN;1955;p99.9p100;824228.4375;;;0.0312483441;0.0312483441
;US-MN;1955;p99.99p100;2582375.5;;;0.0097903637;0.0097903637
;US-MN;1955;p90p100;;;;0.3199207783;0.3199207783
;US-MN;1955;p90p91;84384.5625;;;;
;US-MN;1955;p95p96;117543.039062;;;;
;US-MN;1955;p95p100;;;;0.2228159755;0.2228159755
;US-MN;1955;p99.5p100;381093.5625;;;0.0722405463;0.0722405463
;US-MN;1954;p0p100;25224.953125;;31626440704.0;;
;US-MN;1954;p99p100;244572.859375;;;0.096956715;0.096956715
;US-MN;1954;p99.9p100;740214.5625;;;0.0293445364;0.0293445364
;US-MN;1954;p99.99p100;2078342.625;;;0.0082392329;0.0082392329
;US-MN;1954;p90p100;;;;0.3093754351;0.3093754351
;US-MN;1954;p90p91;78039.8125;;;;
;US-MN;1954;p95p96;107666.617188;;;;
;US-MN;1954;p95p100;;;;0.2134129107;0.2134129107
;US-MN;1954;p99.5p100;344936.875;;;0.0683721527;0.0683721527
;US-MN;1953;p0p100;24773.4277344;;30895513600.0;;
;US-MN;1953;p99p100;235165.4375;;;0.0949264839;0.0949264839
;US-MN;1953;p99.9p100;702317.625;;;0.0283496361;0.0283496361
;US-MN;1953;p99.99p100;2225908.5;;;0.0089850649;0.0089850649
;US-MN;1953;p90p100;;;;0.3078462481;0.3078462481
;US-MN;1953;p90p91;76264.0625;;;;
;US-MN;1953;p95p96;104496.960938;;;;
;US-MN;1953;p95p100;;;;0.2109053433;0.2109053433
;US-MN;1953;p99.5p100;330823.4375;;;0.066769816;0.066769816
;US-MN;1952;p0p100;24000.4394531;;29796782080.0;;
;US-MN;1952;p99p100;234195.859375;;;0.0975798219;0.0975798219
;US-MN;1952;p99.9p100;743378.125;;;0.030973522;0.030973522
;US-MN;1952;p99.99p100;2319065.75;;;0.0096625965;0.0096625965
;US-MN;1952;p90p100;;;;0.3337195814;0.3337195814
;US-MN;1952;p90p91;80094.1640625;;;;
;US-MN;1952;p95p96;102804.601562;;;;
;US-MN;1952;p95p100;;;;0.2141723335;0.2141723335
;US-MN;1952;p99.5p100;334302.625;;;0.0696451068;0.0696451068
;US-MN;1951;p0p100;23937.984375;;29562812416.0;;
;US-MN;1951;p99p100;247500.40625;;;0.1033923402;0.1033923402
;US-MN;1951;p99.9p100;781393.75;;;0.0326424204;0.0326424204
;US-MN;1951;p99.99p100;2348304.25;;;0.0098099494;0.0098099494
;US-MN;1951;p90p100;;;;0.3193271458;0.3193271458
;US-MN;1951;p90p91;76440.4765625;;;;
;US-MN;1951;p95p96;105540.953125;;;;
;US-MN;1951;p95p100;;;;0.2204466313;0.2204466313
;US-MN;1951;p99.5p100;355346.0;;;0.0742222071;0.0742222071
;US-MN;1950;p0p100;23157.3496094;;28446715904.0;;
;US-MN;1950;p99p100;263511.0625;;;0.1137915403;0.1137915403
;US-MN;1950;p99.9p100;851341.9375;;;0.0367633551;0.0367633551
;US-MN;1950;p99.99p100;2199836.75;;;0.0094995173;0.0094995173
;US-MN;1950;p90p100;;;;0.3355151713;0.3355151713
;US-MN;1950;p90p91;77696.4296875;;;;
;US-MN;1950;p95p96;108606.679688;;;;
;US-MN;1950;p95p100;;;;0.2344971895;0.2344971895
;US-MN;1950;p99.5p100;381631.65625;;;0.0823996738;0.0823996738
;US-MN;1949;p0p100;21163.6601562;;25777321984.0;;
;US-MN;1949;p99p100;226736.296875;;;0.1071347147;0.1071347147
;US-MN;1949;p99.9p100;701316.375;;;0.0331377648;0.0331377648
;US-MN;1949;p99.99p100;2044905.75;;;0.0096623441;0.0096623441
;US-MN;1949;p90p100;;;;0.3324688077;0.3324688077
;US-MN;1949;p90p91;70362.578125;;;;
;US-MN;1949;p95p96;98133.4375;;;;
;US-MN;1949;p95p100;;;;0.2318441868;0.2318441868
;US-MN;1949;p99.5p100;324611.78125;;;0.0766908303;0.0766908303
;US-MN;1948;p0p100;22813.5410156;;27632685056.0;;
;US-MN;1948;p99p100;249606.078125;;;0.1094113663;0.1094113663
;US-MN;1948;p99.9p100;782901.75;;;0.0343174152;0.0343174152
;US-MN;1948;p99.99p100;2379505.0;;;0.0104302308;0.0104302308
;US-MN;1948;p90p100;;;;0.3269878924;0.3269878924
;US-MN;1948;p90p91;74597.5234375;;;;
;US-MN;1948;p95p96;106387.546875;;;;
;US-MN;1948;p95p100;;;;0.2331675291;0.2331675291
;US-MN;1948;p99.5p100;355171.6875;;;0.0778422952;0.0778422952
;US-MN;1947;p0p100;20469.1523438;;24651448320.0;;
;US-MN;1947;p99p100;234640.921875;;;0.1146314815;0.1146314815
;US-MN;1947;p99.9p100;718857.9375;;;0.0351190828;0.0351190828
;US-MN;1947;p99.99p100;2229431.75;;;0.0108916657;0.0108916657
;US-MN;1947;p90p100;;;;0.3607514203;0.3607514203
;US-MN;1947;p90p91;73842.7578125;;;;
;US-MN;1947;p95p96;102514.953125;;;;
;US-MN;1947;p95p100;;;;0.2504132986;0.2504132986
;US-MN;1947;p99.5p100;331369.0;;;0.0809435099;0.0809435099
;US-MN;1946;p0p100;20469.1210938;;24457803776.0;;
;US-MN;1946;p99p100;254158.40625;;;0.1241667345;0.1241667345
;US-MN;1946;p99.9p100;795597.9375;;;0.0388682;0.0388682
;US-MN;1946;p99.99p100;2448333.25;;;0.0119611062;0.0119611062
;US-MN;1946;p90p100;;;;0.3619599342;0.3619599342
;US-MN;1946;p90p91;74090.015625;;;;
;US-MN;1946;p95p96;106687.78125;;;;
;US-MN;1946;p95p100;;;;0.2606066465;0.2606066465
;US-MN;1946;p99.5p100;363609.125;;;0.0888189375;0.0888189375
;US-MN;1945;p0p100;19160.734375;;22910519296.0;;
;US-MN;1945;p99p100;242061.484375;;;0.1263320446;0.1263320446
;US-MN;1945;p99.9p100;803051.25;;;0.0419112965;0.0419112965
;US-MN;1945;p99.99p100;2440186.0;;;0.0127353473;0.0127353473
;US-MN;1945;p90p100;;;;0.3666196167;0.3666196167
;US-MN;1945;p90p91;70247.015625;;;;
;US-MN;1945;p95p96;99362.875;;;;
;US-MN;1945;p95p100;;;;0.2592877448;0.2592877448
;US-MN;1945;p99.5p100;354747.09375;;;0.0925713703;0.0925713703
;US-MN;1944;p0p100;17774.2207031;;21250117632.0;;
;US-MN;1944;p99p100;252450.59375;;;0.1420318931;0.1420318931
;US-MN;1944;p99.9p100;838429.375;;;0.0471710972;0.0471710972
;US-MN;1944;p99.99p100;2530797.75;;;0.0142385876;0.0142385876
;US-MN;1944;p90p100;;;;0.4129644334;0.4129644334
;US-MN;1944;p90p91;73401.203125;;;;
;US-MN;1944;p95p96;102549.921875;;;;
;US-MN;1944;p95p100;;;;0.2884793878;0.2884793878
;US-MN;1944;p99.5p100;369650.65625;;;0.1039850637;0.1039850637
;US-MN;1943;p0p100;18565.3691406;;22165585920.0;;
;US-MN;1943;p99p100;219104.046875;;;0.1180176064;0.1180176064
;US-MN;1943;p99.9p100;722556.375;;;0.0389195792;0.0389195792
;US-MN;1943;p99.99p100;1767588.125;;;0.0095208883;0.0095208883
;US-MN;1943;p90p100;;;;0.3597827852;0.3597827852
;US-MN;1943;p90p91;66795.0078125;;;;
;US-MN;1943;p95p96;92069.671875;;;;
;US-MN;1943;p95p100;;;;0.2479607761;0.2479607761
;US-MN;1943;p99.5p100;321090.96875;;;0.0864757821;0.0864757821
;US-MN;1942;p0p100;16578.1582031;;19726716928.0;;
;US-MN;1942;p99p100;204889.609375;;;0.1235901043;0.1235901043
;US-MN;1942;p99.9p100;718948.625;;;0.0433672257;0.0433672257
;US-MN;1942;p99.99p100;2231531.25;;;0.0134606706;0.0134606706
;US-MN;1942;p90p100;;;;0.3607996702;0.3607996702
;US-MN;1942;p90p91;59813.9335938;;;;
;US-MN;1942;p95p96;83864.546875;;;;
;US-MN;1942;p95p100;;;;0.2529368997;0.2529368997
;US-MN;1942;p99.5p100;303918.15625;;;0.0916622207;0.0916622207
;US-MN;1941;p0p100;14020.6767578;;16674079744.0;;
;US-MN;1941;p99p100;194137.609375;;;0.1384652108;0.1384652108
;US-MN;1941;p99.9p100;661387.5625;;;0.0471722968;0.0471722968
;US-MN;1941;p99.99p100;1999049.75;;;0.0142578688;0.0142578688
;US-MN;1941;p90p100;;;;0.4126561284;0.4126561284
;US-MN;1941;p90p91;57857.1835938;;;;
;US-MN;1941;p95p96;79274.359375;;;;
;US-MN;1941;p95p100;;;;0.282705158;0.282705158
;US-MN;1941;p99.5p100;285355.09375;;;0.1017622426;0.1017622426
;US-MN;1940;p0p100;12898.1806641;;15346363392.0;;
;US-MN;1940;p99p100;184819.84375;;;0.1432914138;0.1432914138
;US-MN;1940;p99.9p100;623469.9375;;;0.0483378209;0.0483378209
;US-MN;1940;p99.99p100;1867743.875;;;0.0144806765;0.0144806765
;US-MN;1940;p90p100;;;;0.4303520918;0.4303520918
;US-MN;1940;p90p91;55507.59375;;;;
;US-MN;1940;p95p96;76061.1015625;;;;
;US-MN;1940;p95p100;;;;0.2948520482;0.2948520482
;US-MN;1940;p99.5p100;270494.40625;;;0.1048575863;0.1048575863
;US-MN;1939;p0p100;13087.3564453;;15273213952.0;;
;US-MN;1939;p99p100;179667.09375;;;0.1372829676;0.1372829676
;US-MN;1939;p99.9p100;611895.8125;;;0.0467547365;0.0467547365
;US-MN;1939;p99.99p100;1848815.625;;;0.014126732;0.014126732
;US-MN;1939;p90p100;;;;0.3896634281;0.3896634281
;US-MN;1939;p90p91;50996.640625;;;;
;US-MN;1939;p95p96;74312.6953125;;;;
;US-MN;1939;p95p100;;;;0.2839102745;0.2839102745
;US-MN;1939;p99.5p100;262636.78125;;;0.100339897;0.100339897
;US-MN;1938;p0p100;12497.1259766;;14325114880.0;;
;US-MN;1938;p99p100;165647.0;;;0.1325480938;0.1325480938
;US-MN;1938;p99.9p100;561883.4375;;;0.0449610166;0.0449610166
;US-MN;1938;p99.99p100;1734941.625;;;0.0138827255;0.0138827255
;US-MN;1938;p90p100;;;;0.378226012;0.378226012
;US-MN;1938;p90p91;47267.3789062;;;;
;US-MN;1938;p95p96;68097.046875;;;;
;US-MN;1938;p95p100;;;;0.2724508643;0.2724508643
;US-MN;1938;p99.5p100;242287.234375;;;0.0969371945;0.0969371945
;US-MN;1937;p0p100;13655.4746094;;15380748288.0;;
;US-MN;1937;p99p100;187129.375;;;0.1370361596;0.1370361596
;US-MN;1937;p99.9p100;645585.375;;;0.047276672;0.047276672
;US-MN;1937;p99.99p100;1758142.875;;;0.0128750037;0.0128750037
;US-MN;1937;p90p100;;;;0.3618550003;0.3618550003
;US-MN;1937;p90p91;49413.0195312;;;;
;US-MN;1937;p95p96;73196.3671875;;;;
;US-MN;1937;p95p100;;;;0.2680110633;0.2680110633
;US-MN;1937;p99.5p100;277247.125;;;0.1015150174;0.1015150174
;US-MN;1936;p0p100;12577.8105469;;13945197568.0;;
;US-MN;1936;p99p100;217568.3125;;;0.1729778796;0.1729778796
;US-MN;1936;p99.9p100;763756.625;;;0.0607225373;0.0607225373
;US-MN;1936;p99.99p100;2006049.875;;;0.0159491189;0.0159491189
;US-MN;1936;p90p100;;;;0.4187721908;0.4187721908
;US-MN;1936;p90p91;52672.375;;;;
;US-MN;1936;p95p96;79903.3828125;;;;
;US-MN;1936;p95p100;;;;0.3176362813;0.3176362813
;US-MN;1936;p99.5p100;326254.5;;;0.1296944767;0.1296944767
;US-MN;1935;p0p100;12310.7236328;;13432168448.0;;
;US-MN;1935;p99p100;166481.40625;;;0.1352328509;0.1352328509
;US-MN;1935;p99.9p100;563078.8125;;;0.045738887;0.045738887
;US-MN;1935;p99.99p100;1509264.25;;;0.0122597525;0.0122597525
;US-MN;1935;p90p100;;;;0.3610378504;0.3610378504
;US-MN;1935;p90p91;44446.3671875;;;;
;US-MN;1935;p95p96;65093.140625;;;;
;US-MN;1935;p95p100;;;;0.2643757761;0.2643757761
;US-MN;1935;p99.5p100;245019.828125;;;0.0995147973;0.0995147973
;US-MN;1934;p0p100;9945.16796875;;10672442368.0;;
;US-MN;1934;p99p100;151455.421875;;;0.1522904783;0.1522904783
;US-MN;1934;p99.9p100;507519.6875;;;0.0510317869;0.0510317869
;US-MN;1934;p99.99p100;1364799.625;;;0.013723244;0.013723244
;US-MN;1934;p90p100;;;;0.427716136;0.427716136
;US-MN;1934;p90p91;42537.0859375;;;;
;US-MN;1934;p95p96;62616.5625;;;;
;US-MN;1934;p95p100;;;;0.3148089945;0.3148089945
;US-MN;1934;p99.5p100;222038.75;;;0.1116314754;0.1116314754
;US-MN;1933;p0p100;9140.62988281;;9653693440.0;;
;US-MN;1933;p99p100;136606.03125;;;0.149449259;0.149449259
;US-MN;1933;p99.9p100;480604.84375;;;0.0525789596;0.0525789596
;US-MN;1933;p99.99p100;1468809.75;;;0.0160690211;0.0160690211
;US-MN;1933;p90p100;;;;0.4254046082;0.4254046082
;US-MN;1933;p90p91;38884.6640625;;;;
;US-MN;1933;p95p96;55586.890625;;;;
;US-MN;1933;p95p100;;;;0.3040648997;0.3040648997
;US-MN;1933;p99.5p100;199500.78125;;;0.1091285795;0.1091285795
;US-MN;1932;p0p100;10360.7148438;;10773775360.0;;
;US-MN;1932;p99p100;136811.359375;;;0.1320481747;0.1320481747
;US-MN;1932;p99.9p100;452963.40625;;;0.043719314;0.043719314
;US-MN;1932;p99.99p100;1235546.0;;;0.0119252959;0.0119252959
;US-MN;1932;p90p100;;;;0.3983185887;0.3983185887
;US-MN;1932;p90p91;41268.65625;;;;
;US-MN;1932;p95p96;57730.3007812;;;;
;US-MN;1932;p95p100;;;;0.2786018848;0.2786018848
;US-MN;1932;p99.5p100;197491.59375;;;0.0953078866;0.0953078866
;US-MN;1931;p0p100;11691.8818359;;11964762112.0;;
;US-MN;1931;p99p100;166524.078125;;;0.1424270868;0.1424270868
;US-MN;1931;p99.9p100;535377.625;;;0.0457905456;0.0457905456
;US-MN;1931;p99.99p100;1479475.375;;;0.0126538686;0.0126538686
;US-MN;1931;p90p100;;;;0.409784019;0.409784019
;US-MN;1931;p90p91;47911.4648438;;;;
;US-MN;1931;p95p96;67714.1953125;;;;
;US-MN;1931;p95p100;;;;0.289577812;0.289577812
;US-MN;1931;p99.5p100;240200.921875;;;0.1027212366;0.1027212366
;US-MN;1930;p0p100;13201.0380859;;13276814336.0;;
;US-MN;1930;p99p100;191671.96875;;;0.1451946348;0.1451946348
;US-MN;1930;p99.9p100;666695.5625;;;0.0505032726;0.0505032726
;US-MN;1930;p99.99p100;2032060.25;;;0.0153931864;0.0153931864
;US-MN;1930;p90p100;;;;0.3729224503;0.3729224503
;US-MN;1930;p90p91;49229.6289062;;;;
;US-MN;1930;p95p96;73930.8203125;;;;
;US-MN;1930;p95p100;;;;0.2800189853;0.2800189853
;US-MN;1930;p99.5p100;282602.71875;;;0.1070380658;0.1070380658
;US-MN;1929;p0p100;14570.3681641;;14557889536.0;;
;US-MN;1929;p99p100;255961.390625;;;0.1756725758;0.1756725758
;US-MN;1929;p99.9p100;1054385.375;;;0.072365053;0.072365053
;US-MN;1929;p99.99p100;3547417.0;;;0.0243467931;0.0243467931
;US-MN;1929;p90p100;;;;0.3771278262;0.3771278262
;US-MN;1929;p90p91;54948.9101562;;;;
;US-MN;1929;p95p96;87505.7265625;;;;
;US-MN;1929;p95p100;;;;0.3002865911;0.3002865911
;US-MN;1929;p99.5p100;397428.71875;;;0.1363825351;0.1363825351
;US-MN;1928;p0p100;13233.375;;13137994752.0;;
;US-MN;1928;p99p100;267614.28125;;;0.2022267878;0.2022267878
;US-MN;1928;p99.9p100;1224879.625;;;0.0925598815;0.0925598815
;US-MN;1928;p99.99p100;5032178.0;;;0.0380264185;0.0380264185
;US-MN;1928;p90p100;;;;0.4199220538;0.4199220538
;US-MN;1928;p90p91;55569.859375;;;;
;US-MN;1928;p95p96;88895.921875;;;;
;US-MN;1928;p95p100;;;;0.3358777761;0.3358777761
;US-MN;1928;p99.5p100;424573.125;;;0.1604175717;0.1604175717
;US-MN;1927;p0p100;12100.6357422;;11912849408.0;;
;US-MN;1927;p99p100;214078.546875;;;0.1769151241;0.1769151241
;US-MN;1927;p99.9p100;834522.4375;;;0.0689651743;0.0689651743
;US-MN;1927;p99.99p100;2827650.25;;;0.0233677812;0.0233677812
;US-MN;1927;p90p100;;;;0.4051253796;0.4051253796
;US-MN;1927;p90p91;49022.7460938;;;;
;US-MN;1927;p95p96;76364.7890625;;;;
;US-MN;1927;p95p100;;;;0.3155404031;0.3155404031
;US-MN;1927;p99.5p100;326794.875;;;0.1350321025;0.1350321025
;US-MN;1926;p0p100;12099.46875;;11792444416.0;;
;US-MN;1926;p99p100;201083.015625;;;0.1661916077;0.1661916077
;US-MN;1926;p99.9p100;747467.1875;;;0.0617768653;0.0617768653
;US-MN;1926;p99.99p100;2207015.0;;;0.0182405952;0.0182405952
;US-MN;1926;p90p100;;;;0.3982668817;0.3982668817
;US-MN;1926;p90p91;48188.171875;;;;
;US-MN;1926;p95p96;74306.2578125;;;;
;US-MN;1926;p95p100;;;;0.3070641458;0.3070641458
;US-MN;1926;p99.5p100;303113.96875;;;0.1252592057;0.1252592057
;US-MN;1925;p0p100;12325.8173828;;11896417280.0;;
;US-MN;1925;p99p100;187495.96875;;;0.1521164626;0.1521164626
;US-MN;1925;p99.9p100;736488.9375;;;0.0597517341;0.0597517341
;US-MN;1925;p99.99p100;2116751.75;;;0.0171733182;0.0171733182
;US-MN;1925;p90p100;;;;0.3993649781;0.3993649781
;US-MN;1925;p90p91;49225.0;;;;
;US-MN;1925;p95p96;73817.0625;;;;
;US-MN;1925;p95p100;;;;0.2994408607;0.2994408607
;US-MN;1925;p99.5p100;289363.34375;;;0.117380999;0.117380999
;US-MN;1924;p0p100;12148.703125;;11592878080.0;;
;US-MN;1924;p99p100;165943.734375;;;0.136593774;0.136593774
;US-MN;1924;p99.9p100;651999.1875;;;0.0536682121;0.0536682121
;US-MN;1924;p99.99p100;1852953.875;;;0.0152522763;0.0152522763
;US-MN;1924;p90p100;;;;0.3995304406;0.3995304406
;US-MN;1924;p90p91;48537.7734375;;;;
;US-MN;1924;p95p96;68132.5390625;;;;
;US-MN;1924;p95p100;;;;0.2804107368;0.2804107368
;US-MN;1924;p99.5p100;254593.9375;;;0.1047823429;0.1047823429
;US-MN;1923;p0p100;12289.9804688;;11545689088.0;;
;US-MN;1923;p99p100;159709.578125;;;0.12995103;0.12995103
;US-MN;1923;p99.9p100;584074.1875;;;0.0475244187;0.0475244187
;US-MN;1923;p99.99p100;1662309.125;;;0.0135257244;0.0135257244
;US-MN;1923;p90p100;;;;0.3796954155;0.3796954155
;US-MN;1923;p90p91;46664.4921875;;;;
;US-MN;1923;p95p96;66914.375;;;;
;US-MN;1923;p95p100;;;;0.2722314;0.2722314
;US-MN;1923;p99.5p100;240955.21875;;;0.0980291292;0.0980291292
;US-MN;1922;p0p100;12110.3652344;;11222031360.0;;
;US-MN;1922;p99p100;165663.375;;;0.1367947161;0.1367947161
;US-MN;1922;p99.9p100;601132.625;;;0.049637869;0.049637869
;US-MN;1922;p99.99p100;1613061.125;;;0.0133196749;0.0133196749
;US-MN;1922;p90p100;;;;0.388353616;0.388353616
;US-MN;1922;p90p91;47031.0390625;;;;
;US-MN;1922;p95p96;66605.5703125;;;;
;US-MN;1922;p95p100;;;;0.2749940753;0.2749940753
;US-MN;1922;p99.5p100;248102.765625;;;0.1024340689;0.1024340689
;US-MN;1921;p0p100;11110.6308594;;10187760640.0;;
;US-MN;1921;p99p100;141897.359375;;;0.1277131587;0.1277131587
;US-MN;1921;p99.9p100;482266.875;;;0.0434058979;0.0434058979
;US-MN;1921;p99.99p100;1216943.0;;;0.0109529607;0.0109529607
;US-MN;1921;p90p100;;;;0.3836042583;0.3836042583
;US-MN;1921;p90p91;42620.8476562;;;;
;US-MN;1921;p95p96;58384.1953125;;;;
;US-MN;1921;p95p100;;;;0.2627402544;0.2627402544
;US-MN;1921;p99.5p100;208695.390625;;;0.0939169899;0.0939169899
;US-MN;1920;p0p100;13191.0107422;;11901883392.0;;
;US-MN;1920;p99p100;156532.25;;;0.1186658591;0.1186658591
;US-MN;1920;p99.9p100;536504.8125;;;0.0406720005;0.0406720005
;US-MN;1920;p99.99p100;1473292.75;;;0.0111689139;0.0111689139
;US-MN;1920;p90p100;;;;0.3325956166;0.3325956166
;US-MN;1920;p90p91;43872.71875;;;;
;US-MN;1920;p95p96;61810.8671875;;;;
;US-MN;1920;p95p100;;;;0.234291628;0.234291628
;US-MN;1920;p99.5p100;230138.21875;;;0.0872329697;0.0872329697
;US-MN;1919;p0p100;14865.1816406;;13077709824.0;;
;US-MN;1919;p99p100;177570.171875;;;0.119453758;0.119453758
;US-MN;1919;p99.9p100;677361.0;;;0.0455669537;0.0455669537
;US-MN;1919;p99.99p100;2084479.375;;;0.0140225617;0.0140225617
;US-MN;1919;p90p100;;;;0.3333232999;0.3333232999
;US-MN;1919;p90p91;49549.1132812;;;;
;US-MN;1919;p95p96;70710.2890625;;;;
;US-MN;1919;p95p100;;;;0.2378386557;0.2378386557
;US-MN;1919;p99.5p100;263916.28125;;;0.0887699425;0.0887699425
;US-MN;1918;p0p100;14228.7910156;;12276727808.0;;
;US-MN;1918;p99p100;176593.484375;;;0.1241099611;0.1241099611
;US-MN;1918;p99.9p100;723659.6875;;;0.0508588292;0.0508588292
;US-MN;1918;p99.99p100;2547458.0;;;0.017903544;0.017903544
;US-MN;1918;p90p100;;;;0.3553906381;0.3553906381
;US-MN;1918;p90p91;50567.7929688;;;;
;US-MN;1918;p95p96;72652.1640625;;;;
;US-MN;1918;p95p100;;;;0.2552998662;0.2552998662
;US-MN;1918;p99.5p100;268998.0625;;;0.0945259705;0.0945259705
;US-MN;1917;p0p100;16854.7695312;;14450360320.0;;
