Variable Name;.;.;.;Fiscal income  | tax unit | Average | Adults | constant 2015 local currency;Fiscal income  | tax unit | Threshold | Adults | constant 2015 local currency;Fiscal income  | tax unit | Total | Adults | constant 2015 local currency;Fiscal income  | tax unit | Share | Adults | share of total (ratio);Pre-tax national income  | tax unit | Share | Adults | share of total (ratio)
Variable Category;.;.;.;Income inequality;Income inequality;Income inequality;Income inequality;Income inequality
Variable Description;.;.;.;Average Fiscal income within a given percentile group. Fiscal income is defined as the sum of all income items reported on income tax returns, before any deduction. It includes labour income, capital income and mixed income. The concept of fiscal income varies with national tax legislations, so in order to make international comparisons it is preferable to use the concept of national income. The population is comprised of individuals over age 20. The base unit is the tax unit defined by national fiscal administrations to measure personal income taxes.;Fiscal income threshold value at a given percentile.  Fiscal income is defined as the sum of all income items reported on income tax returns, before any deduction. It includes labour income, capital income and mixed income. The concept of fiscal income varies with national tax legislations, so in order to make international comparisons it is preferable to use the concept of national income. The population is comprised of individuals over age 20. The base unit is the tax unit defined by national fiscal administrations to measure personal income taxes.;Total Fiscal income  within a given percentile group. Fiscal income is defined as the sum of all income items reported on income tax returns, before any deduction. It includes labour income, capital income and mixed income. The concept of fiscal income varies with national tax legislations, so in order to make international comparisons it is preferable to use the concept of national income. The population is comprised of individuals over age 20.;Fiscal income share held by a given percentile group. Fiscal income is defined as the sum of all income items reported on income tax returns, before any deduction. It includes labour income, capital income and mixed income. The concept of fiscal income varies with national tax legislations, so in order to make international comparisons it is preferable to use the concept of national income. The population is comprised of individuals over age 20. The base unit is the tax unit defined by national fiscal administrations to measure personal income taxes.;Pre-tax national income share held by a given percentile group. Pre-tax national income  is the sum of all pre-tax personal income flows accruing to the owners of the production factors, labor and capital, before taking into account the operation of the tax/transfer system, but after taking into account the operation of pension system. The central difference between personal factor income and pre-tax income is the treatment of pensions, which are counted on a contribution basis by factor income and on a distribution basis by pre-tax income. The population is comprised of individuals over age 20. The base unit is the tax unit defined by national fiscal administrations to measure personal income taxes.
Variable Decomposition;.;.;.;[Fiscal income ]=[Fiscal labour income ]+[Fiscal capital income ];[Fiscal income ]=[Fiscal labour income ]+[Fiscal capital income ];[Fiscal income ]=[Fiscal labour income ]+[Fiscal capital income ];[Fiscal income ]=[Fiscal labour income ]+[Fiscal capital income ];Pre-tax national income =Pre-tax labor income [total pre-tax income ranking]+Pre-tax capital income [total pre-tax income ranking]
Variable Unit;.;.;.;"USD; United States dollar | local currency | market";"USD; United States dollar | local currency | market";"USD; United States dollar | local currency | market";share;share
Methodological Notes;.;.;.;;;;;Assuming the same distribution as fiscal income.
Sources;.;.;.;Frank, Sommeiller, Price & Saez (2015);Frank, Sommeiller, Price & Saez (2015);Frank, Sommeiller, Price & Saez (2015);Frank, Sommeiller, Price & Saez (2015);WID.world computations using: Frank, Sommeiller, Price & Saez (2015)
Variable Code;country;year;perc;afiinc992t;tfiinc992t;mfiinc992t;sfiinc992t;sptinc992t
;US-VA;2014;p0p100;70641.71875;;2.94030835712e+11;;
;US-VA;2014;p99p100;;426315.46875;;0.1583160907;0.1583160907
;US-VA;2014;p99.9p100;;1729020.125;;0.0688597262;0.0688597262
;US-VA;2014;p99.99p100;;7725319.0;;0.0296984389;0.0296984389
;US-VA;2014;p90p100;;147092.328125;;0.4358519912;0.4358519912
;US-VA;2014;p90p91;311901.0;;;;
;US-VA;2014;p95p96;449863.9375;;;;
;US-VA;2014;p90p95;173938.046875;147092.328125;;0.1202376559;0.1202376559
;US-VA;2014;p95p99;279614.21875;212155.578125;;0.1571557373;0.1571557373
;US-VA;2014;p99.5p99.9;941617.375;656565.5;;0.0531452857;0.0531452857
;US-VA;2014;p99.9p99.99;3037480.5;1729020.125;;0.0394028053;0.0394028053
;US-VA;2014;p99p99.5;520091.6875;426315.46875;;0.03637591;0.03637591
;US-VA;2014;p95p100;;212155.578125;;0.3153985143;0.3153985143
;US-VA;2014;p0p90;43835.1367188;;;0.5639841557;0.5639841557
;US-VA;2014;p0p99;59932.4179688;;;0.8416839242;0.8416839242
;US-VA;2014;p99.5p100;;656565.5;;0.1219352707;0.1219352707
;US-VA;2014;p99.5p99.6;1741634.0;;;;
;US-VA;2014;p99.99p99.991;22079680.0;;;;
;US-VA;2014;p99.9p99.91;4941700.5;;;;
;US-VA;2014;p99p99.1;1130862.875;;;;
;US-VA;2013;p0p100;68085.1171875;;2.83176173568e+11;;
;US-VA;2013;p99p100;;424130.65625;;0.1492736191;0.1492736191
;US-VA;2013;p99.9p100;;1614304.125;;0.0593079738;0.0593079738
;US-VA;2013;p99.99p100;;6517029.5;;0.0236285497;0.0236285497
;US-VA;2013;p90p100;;149446.390625;;0.4354478717;0.4354478717
;US-VA;2013;p90p91;302809.375;;;;
;US-VA;2013;p95p96;430161.0625;;;;
;US-VA;2013;p90p95;175457.671875;149446.390625;;0.1241625994;0.1241625994
;US-VA;2013;p95p99;280035.34375;212298.640625;;0.1616057903;0.1616057903
;US-VA;2013;p99.5p99.9;912751.1875;637752.5625;;0.0527354665;0.0527354665
;US-VA;2013;p99.9p99.99;2715054.75;1614304.125;;0.0357934162;0.0357934162
;US-VA;2013;p99p99.5;511549.5;424130.65625;;0.0372581594;0.0372581594
;US-VA;2013;p95p100;;212298.640625;;0.3109623194;0.3109623194
;US-VA;2013;p0p90;42004.6445312;;;0.5648159981;0.5648159981
;US-VA;2013;p0p99;58362.0976562;;;0.850726366;0.850726366
;US-VA;2013;p99.5p100;;637752.5625;;0.112058416;0.112058416
;US-VA;2013;p99.5p99.6;1549778.5;;;;
;US-VA;2013;p99.99p99.991;16543384.0;;;;
;US-VA;2013;p99.9p99.91;4097887.75;;;;
;US-VA;2013;p99p99.1;1030664.0;;;;
;US-VA;2012;p0p100;71640.1875;;2.9018947584e+11;;
;US-VA;2012;p99p100;1194610.875;;;0.1667515188;0.1667515188
;US-VA;2012;p99.9p100;5442203.0;;;0.0759657919;0.0759657919
;US-VA;2012;p99.99p100;23940914.0;;;0.0334182791;0.0334182791
;US-VA;2012;p90p100;;;;0.4342152774;0.4342152774
;US-VA;2012;p90p91;311072.625;;;;
;US-VA;2012;p95p96;458875.8125;;;;
;US-VA;2012;p95p100;;;;0.3202642798;0.3202642798
;US-VA;2012;p99.5p100;1872293.75;;;0.1306734383;0.1306734383
;US-VA;2011;p0p100;68966.265625;;2.74777915392e+11;;
;US-VA;2011;p99p100;1052863.0;;;0.1526634693;0.1526634693
;US-VA;2011;p99.9p100;4527434.0;;;0.0656470805;0.0656470805
;US-VA;2011;p99.99p100;19486878.0;;;0.0282556657;0.0282556657
;US-VA;2011;p90p100;;;;0.4285616875;0.4285616875
;US-VA;2011;p90p91;295563.0;;;;
;US-VA;2011;p95p96;428101.9375;;;;
;US-VA;2011;p95p100;;;;0.3103705347;0.3103705347
;US-VA;2011;p99.5p100;1614335.125;;;0.1170380339;0.1170380339
;US-VA;2010;p0p100;69408.9765625;;2.7197259776e+11;;
;US-VA;2010;p99p100;1100692.375;;;0.1585806757;0.1585806757
;US-VA;2010;p99.9p100;5127891.5;;;0.0738793686;0.0738793686
;US-VA;2010;p99.99p100;24839636.0;;;0.0357873514;0.0357873514
;US-VA;2010;p90p100;;;;0.4286109805;0.4286109805
;US-VA;2010;p90p91;297494.5;;;;
;US-VA;2010;p95p96;436823.375;;;;
;US-VA;2010;p95p100;;;;0.3146735132;0.3146735132
;US-VA;2010;p99.5p100;1720442.0;;;0.1239351109;0.1239351109
;US-VA;2009;p0p100;68260.796875;;2.59849453568e+11;;
;US-VA;2009;p99p100;923857.0625;;;0.1353422701;0.1353422701
;US-VA;2009;p99.9p100;3412971.25;;;0.0499989986;0.0499989986
;US-VA;2009;p99.99p100;12928790.0;;;0.0189402867;0.0189402867
;US-VA;2009;p90p100;;;;0.4110244513;0.4110244513
;US-VA;2009;p90p91;280568.5625;;;;
;US-VA;2009;p95p96;404140.65625;;;;
;US-VA;2009;p95p100;;;;0.2960269153;0.2960269153
;US-VA;2009;p99.5p100;1352932.5;;;0.0991002619;0.0991002619
;US-VA;2008;p0p100;72886.4609375;;2.7476140032e+11;;
;US-VA;2008;p99p100;1132805.75;;;0.1554206014;0.1554206014
;US-VA;2008;p99.9p100;4590156.5;;;0.0629768074;0.0629768074
;US-VA;2008;p99.99p100;18132060.0;;;0.0248771328;0.0248771328
;US-VA;2008;p90p100;;;;0.4224137962;0.4224137962
;US-VA;2008;p90p91;307882.4375;;;;
;US-VA;2008;p95p96;455309.09375;;;;
;US-VA;2008;p95p100;;;;0.3123413622;0.3123413622
;US-VA;2008;p99.5p100;1716142.0;;;0.1177270785;0.1177270785
;US-VA;2007;p0p100;79574.640625;;2.94845120512e+11;;
;US-VA;2007;p99p100;1365595.0;;;0.1716118306;0.1716118306
;US-VA;2007;p99.9p100;5875371.0;;;0.0738347173;0.0738347173
;US-VA;2007;p99.99p100;23800070.0;;;0.0299091134;0.0299091134
;US-VA;2007;p90p100;;;;0.4266062677;0.4266062677
;US-VA;2007;p90p91;339470.375;;;;
;US-VA;2007;p95p96;514544.53125;;;;
;US-VA;2007;p95p100;;;;0.3233093619;0.3233093619
;US-VA;2007;p99.5p100;2117184.25;;;0.1330313534;0.1330313534
;US-VA;2006;p0p100;75507.9609375;;2.80508039168e+11;;
;US-VA;2006;p99p100;1331651.75;;;0.176359117;0.176359117
;US-VA;2006;p99.9p100;5726930.5;;;0.0758453906;0.0758453906
;US-VA;2006;p99.99p100;22856074.0;;;0.0302697532;0.0302697532
;US-VA;2006;p90p100;;;;0.4425969124;0.4425969124
;US-VA;2006;p90p91;334195.90625;;;;
;US-VA;2006;p95p96;499088.90625;;;;
;US-VA;2006;p95p100;;;;0.3304876089;0.3304876089
;US-VA;2006;p99.5p100;2066356.875;;;0.1368304044;0.1368304044
;US-VA;2005;p0p100;74461.0078125;;2.69930233856e+11;;
;US-VA;2005;p99p100;1273758.75;;;0.1710638702;0.1710638702
;US-VA;2005;p99.9p100;5465281.5;;;0.0733979046;0.0733979046
;US-VA;2005;p99.99p100;21843698.0;;;0.0293357559;0.0293357559
;US-VA;2005;p90p100;;;;0.4328073263;0.4328073263
;US-VA;2005;p90p91;322272.71875;;;;
;US-VA;2005;p95p96;481484.28125;;;;
;US-VA;2005;p95p100;;;;0.3233130276;0.3233130276
;US-VA;2005;p99.5p100;1971315.25;;;0.1323723197;0.1323723197
;US-VA;2004;p0p100;71181.5546875;;2.51659370496e+11;;
;US-VA;2004;p99p100;1114154.875;;;0.1565229744;0.1565229744
;US-VA;2004;p99.9p100;4577662.5;;;0.0643096715;0.0643096715
;US-VA;2004;p99.99p100;18006266.0;;;0.0252962522;0.0252962522
;US-VA;2004;p90p100;;;;0.4209409058;0.4209409058
;US-VA;2004;p90p91;299632.28125;;;;
;US-VA;2004;p95p96;439009.03125;;;;
;US-VA;2004;p95p100;;;;0.308372736;0.308372736
;US-VA;2004;p99.5p100;1695496.25;;;0.1190965995;0.1190965995
;US-VA;2003;p0p100;67852.171875;;2.34305028096e+11;;
;US-VA;2003;p99p100;951862.1875;;;0.1402847022;0.1402847022
;US-VA;2003;p99.9p100;3708949.75;;;0.054662209;0.054662209
;US-VA;2003;p99.99p100;14292762.0;;;0.021064559;0.021064559
;US-VA;2003;p90p100;;;;0.4043498337;0.4043498337
;US-VA;2003;p90p91;274360.15625;;;;
;US-VA;2003;p95p96;386271.15625;;;;
;US-VA;2003;p95p100;;;;0.2846416831;0.2846416831
;US-VA;2003;p99.5p100;1422947.125;;;0.1048564166;0.1048564166
;US-VA;2002;p0p100;67169.9765625;;2.26784116736e+11;;
;US-VA;2002;p99p100;908223.6875;;;0.1352127492;0.1352127492
;US-VA;2002;p99.9p100;3432269.75;;;0.0510982722;0.0510982722
;US-VA;2002;p99.99p100;12754166.0;;;0.0189878978;0.0189878978
;US-VA;2002;p90p100;;;;0.400001049;0.400001049
;US-VA;2002;p90p91;268680.625;;;;
;US-VA;2002;p95p96;374349.84375;;;;
;US-VA;2002;p95p100;;;;0.2786585987;0.2786585987
;US-VA;2002;p99.5p100;1345767.875;;;0.1001762897;0.1001762897
;US-VA;2001;p0p100;68234.703125;;2.3002144768e+11;;
;US-VA;2001;p99p100;956852.25;;;0.140229553;0.140229553
;US-VA;2001;p99.9p100;3992355.25;;;0.0585091598;0.0585091598
;US-VA;2001;p99.99p100;16147060.0;;;0.0236639995;0.0236639995
;US-VA;2001;p90p100;;;;0.402882129;0.402882129
;US-VA;2001;p90p91;274905.4375;;;;
;US-VA;2001;p95p96;392785.34375;;;;
;US-VA;2001;p95p100;;;;0.2878193259;0.2878193259
;US-VA;2001;p99.5p100;1459371.25;;;0.1069376096;0.1069376096
;US-VA;2000;p0p100;70335.9140625;;2.34146840576e+11;;
;US-VA;2000;p99p100;1174210.75;;;0.166943267;0.166943267
;US-VA;2000;p99.9p100;5456342.5;;;0.077575475;0.077575475
;US-VA;2000;p99.99p100;23748576.0;;;0.0337645076;0.0337645076
;US-VA;2000;p90p100;;;;0.4300658703;0.4300658703
;US-VA;2000;p90p91;302490.78125;;;;
;US-VA;2000;p95p96;444801.0;;;;
;US-VA;2000;p95p100;;;;0.3161976337;0.3161976337
;US-VA;2000;p99.5p100;1849946.875;;;0.1315079778;0.1315079778
;US-VA;1999;p0p100;68487.0390625;;2.22221254656e+11;;
;US-VA;1999;p99p100;1148326.25;;;0.1676706076;0.1676706076
;US-VA;1999;p99.9p100;5473691.0;;;0.0799230263;0.0799230263
;US-VA;1999;p99.99p100;24268754.0;;;0.0354355462;0.0354355462
;US-VA;1999;p90p100;;;;0.4327612519;0.4327612519
;US-VA;1999;p90p91;296385.375;;;;
;US-VA;1999;p95p96;434621.4375;;;;
;US-VA;1999;p95p100;;;;0.3173019886;0.3173019886
;US-VA;1999;p99.5p100;1826538.875;;;0.1333492398;0.1333492398
;US-VA;1998;p0p100;63607.2304688;;2.05972979712e+11;;
;US-VA;1998;p99p100;1001656.1875;;;0.1574752182;0.1574752182
;US-VA;1998;p99.9p100;4529615.5;;;0.0712122768;0.0712122768
;US-VA;1998;p99.99p100;19580728.0;;;0.0307838079;0.0307838079
;US-VA;1998;p90p100;;;;0.4229060709;0.4229060709
;US-VA;1998;p90p91;268998.84375;;;;
;US-VA;1998;p95p96;387520.5;;;;
;US-VA;1998;p95p100;;;;0.3046198785;0.3046198785
;US-VA;1998;p99.5p100;1562595.125;;;0.1228315607;0.1228315607
;US-VA;1997;p0p100;60227.9101562;;1.93097515008e+11;;
;US-VA;1997;p99p100;824401.6875;;;0.1368803382;0.1368803382
;US-VA;1997;p99.9p100;3428193.0;;;0.0569203384;0.0569203384
;US-VA;1997;p99.99p100;14183465.0;;;0.0235496536;0.0235496536
;US-VA;1997;p90p100;;;;0.3936527371;0.3936527371
;US-VA;1997;p90p91;237088.8125;;;;
;US-VA;1997;p95p96;337087.0;;;;
;US-VA;1997;p95p100;;;;0.2798428535;0.2798428535
;US-VA;1997;p99.5p100;1247164.25;;;0.1035370678;0.1035370678
;US-VA;1996;p0p100;56416.328125;;1.79296272384e+11;;
;US-VA;1996;p99p100;758831.625;;;0.1345056742;0.1345056742
;US-VA;1996;p99.9p100;3012443.5;;;0.0533966608;0.0533966608
;US-VA;1996;p99.99p100;11642092.0;;;0.0206360333;0.0206360333
;US-VA;1996;p90p100;;;;0.4006750882;0.4006750882
;US-VA;1996;p90p91;226046.171875;;;;
;US-VA;1996;p95p96;317805.15625;;;;
;US-VA;1996;p95p100;;;;0.2816606164;0.2816606164
;US-VA;1996;p99.5p100;1142896.0;;;0.1012912393;0.1012912393
;US-VA;1995;p0p100;53890.2070312;;1.70828087296e+11;;
;US-VA;1995;p99p100;636427.875;;;0.1180971265;0.1180971265
;US-VA;1995;p99.9p100;2263228.0;;;0.0419970118;0.0419970118
;US-VA;1995;p99.99p100;7840832.5;;;0.0145496409;0.0145496409
;US-VA;1995;p90p100;;;;0.3848476112;0.3848476112
;US-VA;1995;p90p91;207395.1875;;;;
;US-VA;1995;p95p96;284513.03125;;;;
;US-VA;1995;p95p100;;;;0.2639746964;0.2639746964
;US-VA;1995;p99.5p100;927966.3125;;;0.0860978588;0.0860978588
;US-VA;1994;p0p100;54097.4414062;;1.6479330304e+11;;
;US-VA;1994;p99p100;590095.125;;;0.1090800464;0.1090800464
;US-VA;1994;p99.9p100;2064715.375;;;0.0381666012;0.0381666012
;US-VA;1994;p99.99p100;7251664.5;;;0.0134048201;0.0134048201
;US-VA;1994;p90p100;;;;0.367197454;0.367197454
;US-VA;1994;p90p91;198644.421875;;;;
;US-VA;1994;p95p96;269928.4375;;;;
;US-VA;1994;p95p100;;;;0.2494835705;0.2494835705
;US-VA;1994;p99.5p100;854486.9375;;;0.0789766535;0.0789766535
;US-VA;1993;p0p100;53741.0078125;;1.60946323456e+11;;
;US-VA;1993;p99p100;578983.25;;;0.107735835;0.107735835
;US-VA;1993;p99.9p100;2015495.625;;;0.0375038646;0.0375038646
;US-VA;1993;p99.99p100;7050460.5;;;0.0131193306;0.0131193306
;US-VA;1993;p90p100;;;;0.3642948568;0.3642948568
;US-VA;1993;p90p91;195775.734375;;;;
;US-VA;1993;p95p96;265844.96875;;;;
;US-VA;1993;p95p100;;;;0.24733904;0.24733904
;US-VA;1993;p99.5p100;839033.0625;;;0.0780626461;0.0780626461
;US-VA;1992;p0p100;53665.9921875;;1.58801559552e+11;;
;US-VA;1992;p99p100;594886.8125;;;0.1108498722;0.1108498722
;US-VA;1992;p99.9p100;2145540.25;;;0.03997951;0.03997951
;US-VA;1992;p99.99p100;7686376.0;;;0.0143226199;0.0143226199
;US-VA;1992;p90p100;;;;0.3661554754;0.3661554754
;US-VA;1992;p90p91;196500.96875;;;;
;US-VA;1992;p95p96;266282.15625;;;;
;US-VA;1992;p95p100;;;;0.2480920851;0.2480920851
;US-VA;1992;p99.5p100;873115.4375;;;0.0813471824;0.0813471824
;US-VA;1991;p0p100;54072.9101562;;1.54901643264e+11;;
;US-VA;1991;p99p100;546074.25;;;0.1009885073;0.1009885073
;US-VA;1991;p99.9p100;1848720.25;;;0.0341893993;0.0341893993
;US-VA;1991;p99.99p100;6235889.0;;;0.0115323719;0.0115323719
;US-VA;1991;p90p100;;;;0.3537381589;0.3537381589
;US-VA;1991;p90p91;191276.515625;;;;
;US-VA;1991;p95p96;254678.640625;;;;
;US-VA;1991;p95p100;;;;0.2354955971;0.2354955971
;US-VA;1991;p99.5p100;786240.0;;;0.0727018416;0.0727018416
;US-VA;1990;p0p100;55645.8671875;;1.559318528e+11;;
;US-VA;1990;p99p100;599764.625;;;0.1077824235;0.1077824235
;US-VA;1990;p99.9p100;2156845.75;;;0.0387602188;0.0387602188
;US-VA;1990;p99.99p100;7645147.0;;;0.0137389312;0.0137389312
;US-VA;1990;p90p100;;;;0.3529870212;0.3529870212
;US-VA;1990;p90p91;196422.6875;;;;
;US-VA;1990;p95p96;265517.71875;;;;
;US-VA;1990;p95p100;;;;0.2385781109;0.2385781109
;US-VA;1990;p99.5p100;882981.875;;;0.0793393925;0.0793393925
;US-VA;1989;p0p100;56037.5195312;;1.55436613632e+11;;
;US-VA;1989;p99p100;670191.25;;;0.1195968837;0.1195968837
;US-VA;1989;p99.9p100;2552385.5;;;0.0455477946;0.0455477946
;US-VA;1989;p99.99p100;9603653.0;;;0.0171378963;0.0171378963
;US-VA;1989;p90p100;;;;0.3598592877;0.3598592877
;US-VA;1989;p90p91;201656.21875;;;;
;US-VA;1989;p95p96;280079.53125;;;;
;US-VA;1989;p95p100;;;;0.2499035895;0.2499035895
;US-VA;1989;p99.5p100;999556.6875;;;0.0891863778;0.0891863778
;US-VA;1988;p0p100;56921.5117188;;1.53116819456e+11;;
;US-VA;1988;p99p100;717138.8125;;;0.1259873062;0.1259873062
;US-VA;1988;p99.9p100;2873441.25;;;0.0504807644;0.0504807644
;US-VA;1988;p99.99p100;11046090.0;;;0.0194058269;0.0194058269
;US-VA;1988;p90p100;;;;0.361841172;0.361841172
;US-VA;1988;p90p91;205965.453125;;;;
;US-VA;1988;p95p96;288941.4375;;;;
;US-VA;1988;p95p100;;;;0.2538068891;0.2538068891
;US-VA;1988;p99.5p100;1089119.125;;;0.0956685022;0.0956685022
;US-VA;1987;p0p100;54941.4101562;;1.41216284672e+11;;
;US-VA;1987;p99p100;562240.4375;;;0.1023345441;0.1023345441
;US-VA;1987;p99.9p100;1985960.5;;;0.0361468792;0.0361468792
;US-VA;1987;p99.99p100;7060567.5;;;0.0128510855;0.0128510855
;US-VA;1987;p90p100;;;;0.3385727704;0.3385727704
;US-VA;1987;p90p91;186016.65625;;;;
;US-VA;1987;p95p96;251173.78125;;;;
;US-VA;1987;p95p100;;;;0.2285833061;0.2285833061
;US-VA;1987;p99.5p100;816387.375;;;0.0742961839;0.0742961839
;US-VA;1986;p0p100;54392.2304688;;1.41227081728e+11;;
;US-VA;1986;p99p100;707072.25;;;0.1299950927;0.1299950927
;US-VA;1986;p99.9p100;2982774.25;;;0.0548382476;0.0548382476
;US-VA;1986;p99.99p100;12222792.0;;;0.0224715769;0.0224715769
;US-VA;1986;p90p100;;;;0.3678574264;0.3678574264
;US-VA;1986;p90p91;200085.84375;;;;
;US-VA;1986;p95p96;281380.25;;;;
;US-VA;1986;p95p100;;;;0.2586584985;0.2586584985
;US-VA;1986;p99.5p100;1088337.875;;;0.1000453457;0.1000453457
;US-VA;1985;p0p100;50868.1601562;;1.29752973312e+11;;
;US-VA;1985;p99p100;501452.21875;;;0.0985787958;0.0985787958
;US-VA;1985;p99.9p100;1731530.75;;;0.0340395756;0.0340395756
;US-VA;1985;p99.99p100;5793229.5;;;0.0113887135;0.0113887135
;US-VA;1985;p90p100;;;;0.3433711827;0.3433711827
;US-VA;1985;p90p91;174666.625;;;;
;US-VA;1985;p95p96;228859.328125;;;;
;US-VA;1985;p95p100;;;;0.2249533981;0.2249533981
;US-VA;1985;p99.5p100;712932.875;;;0.0700765252;0.0700765252
;US-VA;1984;p0p100;49386.8789062;;1.23813986304e+11;;
;US-VA;1984;p99p100;494660.875;;;0.1001603901;0.1001603901
;US-VA;1984;p99.9p100;1857046.0;;;0.0376020148;0.0376020148
;US-VA;1984;p99.99p100;7384942.0;;;0.0149532473;0.0149532473
;US-VA;1984;p90p100;;;;0.3498231173;0.3498231173
;US-VA;1984;p90p91;172766.703125;;;;
;US-VA;1984;p95p96;228490.78125;;;;
;US-VA;1984;p95p100;;;;0.2313274294;0.2313274294
;US-VA;1984;p99.5p100;713848.3125;;;0.0722710565;0.0722710565
;US-VA;1983;p0p100;47470.4375;;1.17000339456e+11;;
;US-VA;1983;p99p100;494511.4375;;;0.1041725054;0.1041725054
;US-VA;1983;p99.9p100;1943031.375;;;0.0409313962;0.0409313962
;US-VA;1983;p99.99p100;7904067.5;;;0.0166505054;0.0166505054
;US-VA;1983;p90p100;;;;0.3599489331;0.3599489331
;US-VA;1983;p90p91;170869.328125;;;;
;US-VA;1983;p95p96;229431.84375;;;;
;US-VA;1983;p95p100;;;;0.2416576147;0.2416576147
;US-VA;1983;p99.5p100;723821.625;;;0.0762392059;0.0762392059
;US-VA;1982;p0p100;44980.1953125;;1.0733764608e+11;;
;US-VA;1982;p99p100;424227.46875;;;0.0943142772;0.0943142772
;US-VA;1982;p99.9p100;1640894.25;;;0.0364803709;0.0364803709
;US-VA;1982;p99.99p100;6813045.5;;;0.0151467668;0.0151467668
;US-VA;1982;p90p100;;;;0.352055043;0.352055043
;US-VA;1982;p90p91;158355.046875;;;;
;US-VA;1982;p95p96;208213.484375;;;;
;US-VA;1982;p95p100;;;;0.2314501852;0.2314501852
;US-VA;1982;p99.5p100;625982.0625;;;0.0695841834;0.0695841834
;US-VA;1981;p0p100;44519.9375;;1.05387302912e+11;;
;US-VA;1981;p99p100;357221.09375;;;0.080238454;0.080238454
;US-VA;1981;p99.9p100;1185307.625;;;0.026624199;0.026624199
;US-VA;1981;p99.99p100;3823788.5;;;0.0085889352;0.0085889352
;US-VA;1981;p90p100;;;;0.3318521976;0.3318521976
;US-VA;1981;p90p91;147740.390625;;;;
;US-VA;1981;p95p96;187392.96875;;;;
;US-VA;1981;p95p100;;;;0.2104596198;0.2104596198
;US-VA;1981;p99.5p100;504259.96875;;;0.0566330552;0.0566330552
;US-VA;1980;p0p100;45740.65625;;1.04168349696e+11;;
;US-VA;1980;p99p100;370808.875;;;0.0810676813;0.0810676813
;US-VA;1980;p99.9p100;1163542.5;;;0.025437817;0.025437817
;US-VA;1980;p99.99p100;4093109.75;;;0.0089485161;0.0089485161
;US-VA;1980;p90p100;;;;0.3201266229;0.3201266229
;US-VA;1980;p90p91;146428.015625;;;;
;US-VA;1980;p95p96;192571.5625;;;;
;US-VA;1980;p95p100;;;;0.2105037421;0.2105037421
;US-VA;1980;p99.5p100;514428.6875;;;0.0562332012;0.0562332012
;US-VA;1979;p0p100;45105.5859375;;1.00811751424e+11;;
;US-VA;1979;p99p100;361771.40625;;;0.0802054554;0.0802054554
;US-VA;1979;p99.9p100;1123408.625;;;0.0249061976;0.0249061976
;US-VA;1979;p99.99p100;3826652.0;;;0.0084837647;0.0084837647
;US-VA;1979;p90p100;;;;0.3225684762;0.3225684762
;US-VA;1979;p90p91;145496.40625;;;;
;US-VA;1979;p95p96;190544.203125;;;;
;US-VA;1979;p95p100;;;;0.2112201899;0.2112201899
;US-VA;1979;p99.5p100;501140.25;;;0.0555519052;0.0555519052
;US-VA;1978;p0p100;44359.4609375;;96160768000.0;;
;US-VA;1978;p99p100;331842.0;;;0.0748074874;0.0748074874
;US-VA;1978;p99.9p100;896430.625;;;0.020208329;0.020208329
;US-VA;1978;p99.99p100;2829260.0;;;0.0063780309;0.0063780309
;US-VA;1978;p90p100;;;;0.3226892054;0.3226892054
;US-VA;1978;p90p91;143143.1875;;;;
;US-VA;1978;p95p96;182613.921875;;;;
;US-VA;1978;p95p100;;;;0.2058342397;0.2058342397
;US-VA;1978;p99.5p100;449350.28125;;;0.0506487563;0.0506487563
;US-VA;1977;p0p100;43356.6484375;;91461033984.0;;
;US-VA;1977;p99p100;327866.0;;;0.0756207034;0.0756207034
;US-VA;1977;p99.9p100;903896.3125;;;0.0208479315;0.0208479315
;US-VA;1977;p99.99p100;2922932.5;;;0.006741602;0.006741602
;US-VA;1977;p90p100;;;;0.3194003403;0.3194003403
;US-VA;1977;p90p91;138481.265625;;;;
;US-VA;1977;p95p96;175987.046875;;;;
;US-VA;1977;p95p100;;;;0.2029528022;0.2029528022
;US-VA;1977;p99.5p100;440937.0;;;0.0508499928;0.0508499928
;US-VA;1976;p0p100;42812.6875;;87940464640.0;;
;US-VA;1976;p99p100;324042.6875;;;0.0756884664;0.0756884664
;US-VA;1976;p99.9p100;911140.625;;;0.0212820247;0.0212820247
;US-VA;1976;p99.99p100;2834869.25;;;0.0066215638;0.0066215638
;US-VA;1976;p90p100;;;;0.3248576522;0.3248576522
;US-VA;1976;p90p91;139080.296875;;;;
;US-VA;1976;p95p96;177348.75;;;;
;US-VA;1976;p95p100;;;;0.2071217299;0.2071217299
;US-VA;1976;p99.5p100;437645.09375;;;0.0511116125;0.0511116125
;US-VA;1975;p0p100;41311.5234375;;82679848960.0;;
;US-VA;1975;p99p100;324609.4375;;;0.0785759985;0.0785759985
;US-VA;1975;p99.9p100;942875.875;;;0.0228235535;0.0228235535
;US-VA;1975;p99.99p100;3165173.25;;;0.0076617193;0.0076617193
;US-VA;1975;p90p100;;;;0.3264810145;0.3264810145
;US-VA;1975;p90p91;134874.28125;;;;
;US-VA;1975;p95p96;173331.5625;;;;
;US-VA;1975;p95p100;;;;0.2097859681;0.2097859681
;US-VA;1975;p99.5p100;435785.875;;;0.0527438596;0.0527438596
;US-VA;1974;p0p100;43185.4804688;;84189020160.0;;
;US-VA;1974;p99p100;402584.9375;;;0.0932222977;0.0932222977
;US-VA;1974;p99.9p100;1218935.625;;;0.0282255914;0.0282255914
;US-VA;1974;p99.99p100;3973319.0;;;0.0092005907;0.0092005907
;US-VA;1974;p90p100;;;;0.3361810148;0.3361810148
;US-VA;1974;p90p91;145181.359375;;;;
;US-VA;1974;p95p96;193528.796875;;;;
;US-VA;1974;p95p100;;;;0.2240669876;0.2240669876
;US-VA;1974;p99.5p100;558728.4375;;;0.0646893904;0.0646893904
;US-VA;1973;p0p100;43496.4765625;;82662293504.0;;
;US-VA;1973;p99p100;352634.65625;;;0.0810720026;0.0810720026
;US-VA;1973;p99.9p100;971391.125;;;0.0223326404;0.0223326404
;US-VA;1973;p99.99p100;2832938.75;;;0.0065130303;0.0065130303
;US-VA;1973;p90p100;;;;0.3355138004;0.3355138004
;US-VA;1973;p90p91;145936.671875;;;;
;US-VA;1973;p95p96;189989.546875;;;;
;US-VA;1973;p95p100;;;;0.2183964998;0.2183964998
;US-VA;1973;p99.5p100;476554.0;;;0.0547807589;0.0547807589
;US-VA;1972;p0p100;42561.4570312;;78824243200.0;;
;US-VA;1972;p99p100;354524.0;;;0.0832969621;0.0832969621
;US-VA;1972;p99.9p100;1023433.25;;;0.0240460094;0.0240460094
;US-VA;1972;p99.99p100;3084717.0;;;0.0072476775;0.0072476775
;US-VA;1972;p90p100;;;;0.3384588063;0.3384588063
;US-VA;1972;p90p91;144053.015625;;;;
;US-VA;1972;p95p96;187635.625;;;;
;US-VA;1972;p95p100;;;;0.2204290479;0.2204290479
;US-VA;1972;p99.5p100;482960.84375;;;0.0567368791;0.0567368791
;US-VA;1971;p0p100;40741.6054688;;73450684416.0;;
;US-VA;1971;p99p100;333241.5625;;;0.0817939192;0.0817939192
;US-VA;1971;p99.9p100;938526.625;;;0.0230360739;0.0230360739
;US-VA;1971;p99.99p100;3083521.5;;;0.0075684837;0.0075684837
;US-VA;1971;p90p100;;;;0.3340910077;0.3340910077
;US-VA;1971;p90p91;136114.046875;;;;
;US-VA;1971;p95p96;175868.734375;;;;
;US-VA;1971;p95p100;;;;0.2158343196;0.2158343196
;US-VA;1971;p99.5p100;450072.65625;;;0.0552350134;0.0552350134
;US-VA;1970;p0p100;39996.5429688;;70062112768.0;;
;US-VA;1970;p99p100;311962.40625;;;0.0779973418;0.0779973418
;US-VA;1970;p99.9p100;845490.6875;;;0.0211390946;0.0211390946
;US-VA;1970;p99.99p100;2712811.5;;;0.0067826146;0.0067826146
;US-VA;1970;p90p100;;;;0.3301835954;0.3301835954
;US-VA;1970;p90p91;132062.03125;;;;
;US-VA;1970;p95p96;169597.984375;;;;
;US-VA;1970;p95p100;;;;0.2120158076;0.2120158076
;US-VA;1970;p99.5p100;418986.90625;;;0.0523778871;0.0523778871
;US-VA;1969;p0p100;40741.0039062;;69815123968.0;;
;US-VA;1969;p99p100;340925.8125;;;0.0836812481;0.0836812481
;US-VA;1969;p99.9p100;1066636.25;;;0.0261809025;0.0261809025
;US-VA;1969;p99.99p100;4079195.5;;;0.0100125056;0.0100125056
;US-VA;1969;p90p100;;;;0.322683841;0.322683841
;US-VA;1969;p90p91;131464.640625;;;;
;US-VA;1969;p95p96;172820.15625;;;;
;US-VA;1969;p95p100;;;;0.2120960802;0.2120960802
;US-VA;1969;p99.5p100;469286.53125;;;0.0575938858;0.0575938858
;US-VA;1968;p0p100;40057.1523438;;67275055104.0;;
;US-VA;1968;p99p100;361422.0;;;0.0902265757;0.0902265757
;US-VA;1968;p99.9p100;1110679.75;;;0.0277273748;0.0277273748
;US-VA;1968;p99.99p100;4094638.25;;;0.0102219898;0.0102219898
;US-VA;1968;p90p100;;;;0.3301934898;0.3301934898
;US-VA;1968;p90p91;132266.125;;;;
;US-VA;1968;p95p96;176574.5625;;;;
;US-VA;1968;p95p100;;;;0.220403254;0.220403254
;US-VA;1968;p99.5p100;501250.4375;;;0.0625669062;0.0625669062
;US-VA;1967;p0p100;38190.6953125;;62846119936.0;;
;US-VA;1967;p99p100;340683.3125;;;0.0892058387;0.0892058387
;US-VA;1967;p99.9p100;1133642.625;;;0.0296837371;0.0296837371
;US-VA;1967;p99.99p100;4989496.0;;;0.0130646909;0.0130646909
;US-VA;1967;p90p100;;;;0.3310658336;0.3310658336
;US-VA;1967;p90p91;126436.34375;;;;
;US-VA;1967;p95p96;168069.953125;;;;
;US-VA;1967;p95p100;;;;0.2200404555;0.2200404555
;US-VA;1967;p99.5p100;484716.1875;;;0.0634599775;0.0634599775
;US-VA;1966;p0p100;36174.3242188;;58271920128.0;;
;US-VA;1966;p99p100;323779.59375;;;0.0895053521;0.0895053521
;US-VA;1966;p99.9p100;1089717.75;;;0.0301240645;0.0301240645
;US-VA;1966;p99.99p100;4746996.0;;;0.0131225539;0.0131225539
;US-VA;1966;p90p100;;;;0.335089922;0.335089922
;US-VA;1966;p90p91;121216.523438;;;;
;US-VA;1966;p95p96;160224.921875;;;;
;US-VA;1966;p95p100;;;;0.2214621902;0.2214621902
;US-VA;1966;p99.5p100;462535.15625;;;0.063931413;0.063931413
;US-VA;1965;p0p100;35153.5;;55393726464.0;;
;US-VA;1965;p99p100;327491.90625;;;0.0931605399;0.0931605399
;US-VA;1965;p99.9p100;1043526.625;;;0.0296848565;0.0296848565
;US-VA;1965;p99.99p100;4416588.5;;;0.0125637222;0.0125637222
;US-VA;1965;p90p100;;;;0.3383247852;0.3383247852
;US-VA;1965;p90p91;118933.0;;;;
;US-VA;1965;p95p96;158838.5625;;;;
;US-VA;1965;p95p100;;;;0.2259213775;0.2259213775
;US-VA;1965;p99.5p100;463214.34375;;;0.0658845231;0.0658845231
;US-VA;1964;p0p100;33907.4648438;;52214403072.0;;
;US-VA;1964;p99p100;304392.28125;;;0.0897714645;0.0897714645
;US-VA;1964;p99.9p100;932373.9375;;;0.0274976026;0.0274976026
;US-VA;1964;p99.99p100;3316826.75;;;0.0097819958;0.0097819958
;US-VA;1964;p90p100;;;;0.3312259614;0.3312259614
;US-VA;1964;p90p91;112310.320312;;;;
;US-VA;1964;p95p96;149360.65625;;;;
;US-VA;1964;p95p100;;;;0.2202474475;0.2202474475
;US-VA;1964;p99.5p100;419713.9375;;;0.0618910864;0.0618910864
;US-VA;1963;p0p100;31535.3613281;;47388889088.0;;
;US-VA;1963;p99p100;280066.5;;;0.0888103023;0.0888103023
;US-VA;1963;p99.9p100;921016.8125;;;0.0292058438;0.0292058438
;US-VA;1963;p99.99p100;3724881.0;;;0.0118117584;0.0118117584
;US-VA;1963;p90p100;;;;0.3301688433;0.3301688433
;US-VA;1963;p90p91;104119.9375;;;;
;US-VA;1963;p95p96;137714.859375;;;;
;US-VA;1963;p95p100;;;;0.2183498889;0.2183498889
;US-VA;1963;p99.5p100;394913.90625;;;0.0626144558;0.0626144558
;US-VA;1962;p0p100;30304.4003906;;44415414272.0;;
;US-VA;1962;p99p100;259371.25;;;0.0855886489;0.0855886489
;US-VA;1962;p99.9p100;780843.0625;;;0.0257666577;0.0257666577
;US-VA;1962;p99.99p100;2669151.5;;;0.0088078026;0.0088078026
;US-VA;1962;p90p100;;;;0.3243214488;0.3243214488
;US-VA;1962;p90p91;98283.6640625;;;;
;US-VA;1962;p95p96;129058.578125;;;;
;US-VA;1962;p95p100;;;;0.2129370421;0.2129370421
;US-VA;1962;p99.5p100;359604.34375;;;0.0593320392;0.0593320392
;US-VA;1961;p0p100;29519.3828125;;42154196992.0;;
;US-VA;1961;p99p100;256857.078125;;;0.0870130286;0.0870130286
;US-VA;1961;p99.9p100;791780.625;;;0.0268223975;0.0268223975
;US-VA;1961;p99.99p100;2614011.75;;;0.0088552386;0.0088552386
;US-VA;1961;p90p100;;;;0.3268792331;0.3268792331
;US-VA;1961;p90p91;96492.7265625;;;;
;US-VA;1961;p95p96;127416.507812;;;;
;US-VA;1961;p95p100;;;;0.2158183903;0.2158183903
;US-VA;1961;p99.5p100;359726.875;;;0.0609306209;0.0609306209
;US-VA;1960;p0p100;28421.1132812;;39494918144.0;;
;US-VA;1960;p99p100;244889.59375;;;0.0861646682;0.0861646682
;US-VA;1960;p99.9p100;730471.0;;;0.0257017016;0.0257017016
;US-VA;1960;p99.99p100;2339661.75;;;0.0082321251;0.0082321251
;US-VA;1960;p90p100;;;;0.3258557916;0.3258557916
;US-VA;1960;p90p91;92611.84375;;;;
;US-VA;1960;p95p96;122124.234375;;;;
;US-VA;1960;p95p100;;;;0.2148477286;0.2148477286
;US-VA;1960;p99.5p100;339086.84375;;;0.0596540347;0.0596540347
;US-VA;1959;p0p100;28423.5546875;;39102541824.0;;
;US-VA;1959;p99p100;241552.453125;;;0.0849832073;0.0849832073
;US-VA;1959;p99.9p100;742030.25;;;0.0261061769;0.0261061769
;US-VA;1959;p99.99p100;2337226.0;;;0.0082228491;0.0082228491
;US-VA;1959;p90p100;;;;0.3167812824;0.3167812824
;US-VA;1959;p90p91;90040.5;;;;
;US-VA;1959;p95p96;118436.789062;;;;
;US-VA;1959;p95p100;;;;0.2083426863;0.2083426863
;US-VA;1959;p99.5p100;338539.46875;;;0.0595526248;0.0595526248
;US-VA;1958;p0p100;26834.015625;;36505759744.0;;
;US-VA;1958;p99p100;222609.078125;;;0.0829577893;0.0829577893
;US-VA;1958;p99.9p100;707705.5;;;0.0263734441;0.0263734441
;US-VA;1958;p99.99p100;2360592.25;;;0.0087970141;0.0087970141
;US-VA;1958;p90p100;;;;0.3166659474;0.3166659474
;US-VA;1958;p90p91;84974.203125;;;;
;US-VA;1958;p95p96;111673.476562;;;;
;US-VA;1958;p95p100;;;;0.208081916;0.208081916
;US-VA;1958;p99.5p100;310169.5625;;;0.0577940941;0.0577940941
;US-VA;1957;p0p100;27208.90625;;36596342784.0;;
;US-VA;1957;p99p100;227809.734375;;;0.0837261528;0.0837261528
;US-VA;1957;p99.9p100;718849.75;;;0.026419647;0.026419647
;US-VA;1957;p99.99p100;2428712.25;;;0.0089261662;0.0089261662
;US-VA;1957;p90p100;;;;0.3069702387;0.3069702387
;US-VA;1957;p90p91;83523.25;;;;
;US-VA;1957;p95p96;110490.195312;;;;
;US-VA;1957;p95p100;;;;0.2030404806;0.2030404806
;US-VA;1957;p99.5p100;318584.71875;;;0.0585441925;0.0585441925
;US-VA;1956;p0p100;27539.3710938;;36562694144.0;;
;US-VA;1956;p99p100;252137.0;;;0.0915550962;0.0915550962
;US-VA;1956;p99.9p100;814107.9375;;;0.0295615997;0.0295615997
;US-VA;1956;p99.99p100;2873414.0;;;0.0104338387;0.0104338387
;US-VA;1956;p90p100;;;;0.3133069575;0.3133069575
;US-VA;1956;p90p91;86282.7734375;;;;
;US-VA;1956;p95p96;116070.5625;;;;
;US-VA;1956;p95p100;;;;0.2107356489;0.2107356489
;US-VA;1956;p99.5p100;359038.40625;;;0.0651863813;0.0651863813
;US-VA;1955;p0p100;26590.5136719;;34850811904.0;;
;US-VA;1955;p99p100;238128.640625;;;0.0895539895;0.0895539895
;US-VA;1955;p99.9p100;789174.75;;;0.0296788104;0.0296788104
;US-VA;1955;p99.99p100;2850547.25;;;0.0107201673;0.0107201673
;US-VA;1955;p90p100;;;;0.3169108331;0.3169108331
;US-VA;1955;p90p91;84268.2109375;;;;
;US-VA;1955;p95p96;111899.320312;;;;
;US-VA;1955;p95p100;;;;0.2104121149;0.2104121149
;US-VA;1955;p99.5p100;337951.34375;;;0.0635473505;0.0635473505
;US-VA;1954;p0p100;25465.9609375;;32945102848.0;;
;US-VA;1954;p99p100;227871.671875;;;0.0894808844;0.0894808844
;US-VA;1954;p99.9p100;696938.1875;;;0.027367441;0.027367441
;US-VA;1954;p99.99p100;2406253.75;;;0.0094489027;0.0094489027
;US-VA;1954;p90p100;;;;0.3115538955;0.3115538955
;US-VA;1954;p90p91;79340.203125;;;;
;US-VA;1954;p95p96;106188.960938;;;;
;US-VA;1954;p95p100;;;;0.2084919363;0.2084919363
;US-VA;1954;p99.5p100;320300.875;;;0.0628880337;0.0628880337
;US-VA;1953;p0p100;25552.5292969;;32625006592.0;;
;US-VA;1953;p99p100;205581.53125;;;0.0804544687;0.0804544687
;US-VA;1953;p99.9p100;634427.4375;;;0.0248283576;0.0248283576
;US-VA;1953;p99.99p100;2131312.0;;;0.0083409026;0.0083409026
;US-VA;1953;p90p100;;;;0.2988292873;0.2988292873
;US-VA;1953;p90p91;76358.4453125;;;;
;US-VA;1953;p95p96;99953.4296875;;;;
;US-VA;1953;p95p100;;;;0.1955842078;0.1955842078
;US-VA;1953;p99.5p100;287167.0;;;0.0561914966;0.0561914966
;US-VA;1952;p0p100;25543.3496094;;32213053440.0;;
;US-VA;1952;p99p100;223971.5;;;0.0876828954;0.0876828954
;US-VA;1952;p99.9p100;693606.4375;;;0.0271540862;0.0271540862
;US-VA;1952;p99.99p100;2250751.25;;;0.0088114953;0.0088114953
;US-VA;1952;p90p100;;;;0.3173219264;0.3173219264
;US-VA;1952;p90p91;81054.6640625;;;;
;US-VA;1952;p95p96;102814.398438;;;;
;US-VA;1952;p95p100;;;;0.2012547106;0.2012547106
;US-VA;1952;p99.5p100;316794.3125;;;0.0620111078;0.0620111078
;US-VA;1951;p0p100;24562.9433594;;30573062144.0;;
;US-VA;1951;p99p100;237107.4375;;;0.0965305567;0.0965305567
;US-VA;1951;p99.9p100;770109.3125;;;0.0313524865;0.0313524865
;US-VA;1951;p99.99p100;2679720.5;;;0.0109096067;0.0109096067
;US-VA;1951;p90p100;;;;0.3011130989;0.3011130989
;US-VA;1951;p90p91;73962.234375;;;;
;US-VA;1951;p95p96;100539.414062;;;;
;US-VA;1951;p95p100;;;;0.2046566904;0.2046566904
;US-VA;1951;p99.5p100;340340.65625;;;0.0692792907;0.0692792907
;US-VA;1950;p0p100;22682.0234375;;27862622208.0;;
;US-VA;1950;p99p100;240795.75;;;0.1061614975;0.1061614975
;US-VA;1950;p99.9p100;812315.5625;;;0.0358131863;0.0358131863
;US-VA;1950;p99.99p100;2361518.0;;;0.0104114078;0.0104114078
;US-VA;1950;p90p100;;;;0.3239572942;0.3239572942
;US-VA;1950;p90p91;73480.0625;;;;
;US-VA;1950;p95p96;100856.929688;;;;
;US-VA;1950;p95p100;;;;0.2223279029;0.2223279029
;US-VA;1950;p99.5p100;348701.34375;;;0.076867342;0.076867342
;US-VA;1949;p0p100;20822.3476562;;24986357760.0;;
;US-VA;1949;p99p100;206282.296875;;;0.0990677327;0.0990677327
;US-VA;1949;p99.9p100;644618.8125;;;0.0309580248;0.0309580248
;US-VA;1949;p99.99p100;2056951.875;;;0.0098785777;0.0098785777
;US-VA;1949;p90p100;;;;0.3174889684;0.3174889684
;US-VA;1949;p90p91;66108.6640625;;;;
;US-VA;1949;p95p96;92113.1328125;;;;
;US-VA;1949;p95p100;;;;0.221188128;0.221188128
;US-VA;1949;p99.5p100;294139.03125;;;0.0706306025;0.0706306025
;US-VA;1948;p0p100;21088.1289062;;24792711168.0;;
;US-VA;1948;p99p100;215679.046875;;;0.1022751033;0.1022751033
;US-VA;1948;p99.9p100;704831.6875;;;0.0334231518;0.0334231518
;US-VA;1948;p99.99p100;2263167.75;;;0.0107319513;0.0107319513
;US-VA;1948;p90p100;;;;0.3163654208;0.3163654208
;US-VA;1948;p90p91;66715.546875;;;;
;US-VA;1948;p95p96;93081.6484375;;;;
;US-VA;1948;p95p100;;;;0.2206968069;0.2206968069
;US-VA;1948;p99.5p100;313712.4375;;;0.0743812919;0.0743812919
;US-VA;1947;p0p100;20266.515625;;23340310528.0;;
;US-VA;1947;p99p100;208069.84375;;;0.1026668176;0.1026668176
;US-VA;1947;p99.9p100;696691.4375;;;0.0343764834;0.0343764834
;US-VA;1947;p99.99p100;2185104.25;;;0.010781846;0.010781846
;US-VA;1947;p90p100;;;;0.3238406181;0.3238406181
;US-VA;1947;p90p91;65631.203125;;;;
;US-VA;1947;p95p96;97571.859375;;;;
;US-VA;1947;p95p100;;;;0.2407218814;0.2407218814
;US-VA;1947;p99.5p100;301146.96875;;;0.074296698;0.074296698
;US-VA;1946;p0p100;23003.8085938;;25895979008.0;;
;US-VA;1946;p99p100;237138.3125;;;0.1030865461;0.1030865461
;US-VA;1946;p99.9p100;776177.4375;;;0.0337412581;0.0337412581
;US-VA;1946;p99.99p100;2729007.25;;;0.0118632847;0.0118632847
;US-VA;1946;p90p100;;;;0.2947594225;0.2947594225
;US-VA;1946;p90p91;67805.8984375;;;;
;US-VA;1946;p95p96;97450.4140625;;;;
;US-VA;1946;p95p100;;;;0.2118136585;0.2118136585
;US-VA;1946;p99.5p100;343489.09375;;;0.0746591762;0.0746591762
;US-VA;1945;p0p100;25378.0703125;;28165988352.0;;
;US-VA;1945;p99p100;223196.765625;;;0.0879486799;0.0879486799
;US-VA;1945;p99.9p100;721885.3125;;;0.028445242;0.028445242
;US-VA;1945;p99.99p100;2263299.25;;;0.0089183282;0.0089183282
;US-VA;1945;p90p100;;;;0.259349823;0.259349823
;US-VA;1945;p90p91;65817.9765625;;;;
;US-VA;1945;p95p96;92276.265625;;;;
;US-VA;1945;p95p100;;;;0.1818031967;0.1818031967
;US-VA;1945;p99.5p100;323318.5625;;;0.0637003928;0.0637003928
;US-VA;1944;p0p100;25538.9414062;;27922012160.0;;
;US-VA;1944;p99p100;245282.640625;;;0.0960426033;0.0960426033
;US-VA;1944;p99.9p100;823341.625;;;0.0322386734;0.0322386734
;US-VA;1944;p99.99p100;2540887.5;;;0.0099490704;0.0099490704
;US-VA;1944;p90p100;;;;0.2803224325;0.2803224325
;US-VA;1944;p90p91;71591.3828125;;;;
;US-VA;1944;p95p96;99846.6484375;;;;
;US-VA;1944;p95p100;;;;0.1954792142;0.1954792142
;US-VA;1944;p99.5p100;360111.90625;;;0.0705025047;0.0705025047
;US-VA;1943;p0p100;25459.5898438;;27386052608.0;;
;US-VA;1943;p99p100;236364.296875;;;0.0928389952;0.0928389952
;US-VA;1943;p99.9p100;825245.125;;;0.0324139185;0.0324139185
;US-VA;1943;p99.99p100;2719308.75;;;0.0106808813;0.0106808813
;US-VA;1943;p90p100;;;;0.2741352022;0.2741352022
;US-VA;1943;p90p91;69793.703125;;;;
;US-VA;1943;p95p96;96827.84375;;;;
;US-VA;1943;p95p100;;;;0.1901598573;0.1901598573
;US-VA;1943;p99.5p100;349561.84375;;;0.0686503202;0.0686503202
;US-VA;1942;p0p100;23401.5585938;;24716961792.0;;
;US-VA;1942;p99p100;220207.984375;;;0.0940997005;0.0940997005
;US-VA;1942;p99.9p100;782628.875;;;0.0334434509;0.0334434509
;US-VA;1942;p99.99p100;2764425.0;;;0.0118129952;0.0118129952
;US-VA;1942;p90p100;;;;0.2762450576;0.2762450576
;US-VA;1942;p90p91;64645.6523438;;;;
;US-VA;1942;p95p96;89935.8828125;;;;
;US-VA;1942;p95p100;;;;0.1921578795;0.1921578795
;US-VA;1942;p99.5p100;326838.34375;;;0.0698326007;0.0698326007
;US-VA;1941;p0p100;17017.5390625;;17698265088.0;;
;US-VA;1941;p99p100;227241.4375;;;0.1335336566;0.1335336566
;US-VA;1941;p99.9p100;846122.0625;;;0.0497205891;0.0497205891
;US-VA;1941;p99.99p100;3402228.75;;;0.0199924838;0.0199924838
;US-VA;1941;p90p100;;;;0.3765089214;0.3765089214
;US-VA;1941;p90p91;64072.5546875;;;;
;US-VA;1941;p95p96;89821.109375;;;;
;US-VA;1941;p95p100;;;;0.2639074326;0.2639074326
;US-VA;1941;p99.5p100;339821.59375;;;0.0998445153;0.0998445153
;US-VA;1940;p0p100;13356.4560547;;13691740160.0;;
;US-VA;1940;p99p100;201560.9375;;;0.1509089917;0.1509089917
;US-VA;1940;p99.9p100;772184.25;;;0.0578135587;0.0578135587
;US-VA;1940;p99.99p100;3377772.25;;;0.0252894349;0.0252894349
;US-VA;1940;p90p100;;;;0.4451934695;0.4451934695
;US-VA;1940;p90p91;59462.0703125;;;;
;US-VA;1940;p95p96;83779.5;;;;
;US-VA;1940;p95p100;;;;0.3136292398;0.3136292398
;US-VA;1940;p99.5p100;301622.59375;;;0.1129126623;0.1129126623
;US-VA;1939;p0p100;12301.8183594;;12384522240.0;;
;US-VA;1939;p99p100;179466.4375;;;0.1458861083;0.1458861083
;US-VA;1939;p99.9p100;651338.625;;;0.0529465303;0.0529465303
;US-VA;1939;p99.99p100;2539472.5;;;0.0206430648;0.0206430648
;US-VA;1939;p90p100;;;;0.4097525179;0.4097525179
;US-VA;1939;p90p91;50407.0117188;;;;
;US-VA;1939;p95p96;75908.6796875;;;;
;US-VA;1939;p95p100;;;;0.3085262775;0.3085262775
;US-VA;1939;p99.5p100;264264.84375;;;0.1074088514;0.1074088514
;US-VA;1938;p0p100;11178.6210938;;11067478016.0;;
;US-VA;1938;p99p100;158692.59375;;;0.1419607997;0.1419607997
;US-VA;1938;p99.9p100;562948.1875;;;0.0503593609;0.0503593609
;US-VA;1938;p99.99p100;2047311.625;;;0.0183145292;0.0183145292
;US-VA;1938;p90p100;;;;0.4048067331;0.4048067331
;US-VA;1938;p90p91;45251.8046875;;;;
;US-VA;1938;p95p96;67427.3125;;;;
;US-VA;1938;p95p100;;;;0.3015905023;0.3015905023
;US-VA;1938;p99.5p100;232185.15625;;;0.1038523316;0.1038523316
;US-VA;1937;p0p100;11883.5439453;;11575243776.0;;
;US-VA;1937;p99p100;177569.234375;;;0.1494244784;0.1494244784
;US-VA;1937;p99.9p100;683021.9375;;;0.0574762821;0.0574762821
;US-VA;1937;p99.99p100;2548236.5;;;0.0214434043;0.0214434043
;US-VA;1937;p90p100;;;;0.3940235972;0.3940235972
;US-VA;1937;p90p91;46823.9648438;;;;
;US-VA;1937;p95p96;71577.0625;;;;
;US-VA;1937;p95p100;;;;0.3011604249;0.3011604249
;US-VA;1937;p99.5p100;267886.0625;;;0.1127130315;0.1127130315
;US-VA;1936;p0p100;11366.2392578;;10911664128.0;;
;US-VA;1936;p99p100;185686.703125;;;0.163366884;0.163366884
;US-VA;1936;p99.9p100;732307.3125;;;0.0644282848;0.0644282848
;US-VA;1936;p99.99p100;2653081.0;;;0.0233417656;0.0233417656
;US-VA;1936;p90p100;;;;0.4131242633;0.4131242633
;US-VA;1936;p90p91;46956.6953125;;;;
;US-VA;1936;p95p96;71660.8828125;;;;
;US-VA;1936;p95p100;;;;0.3152356744;0.3152356744
;US-VA;1936;p99.5p100;282506.78125;;;0.1242745221;0.1242745221
;US-VA;1935;p0p100;10411.7304688;;9848749056.0;;
;US-VA;1935;p99p100;144936.109375;;;0.1392046362;0.1392046362
;US-VA;1935;p99.9p100;522858.03125;;;0.0502181724;0.0502181724
;US-VA;1935;p99.99p100;1700725.125;;;0.0163347013;0.0163347013
;US-VA;1935;p90p100;;;;0.3920336068;0.3920336068
;US-VA;1935;p90p91;40817.484375;;;;
;US-VA;1935;p95p96;60236.6640625;;;;
;US-VA;1935;p95p100;;;;0.2892730832;0.2892730832
;US-VA;1935;p99.5p100;211843.625;;;0.1017331481;0.1017331481
;US-VA;1934;p0p100;9583.61328125;;8927248384.0;;
;US-VA;1934;p99p100;128962.992188;;;0.1345661432;0.1345661432
;US-VA;1934;p99.9p100;447313.90625;;;0.04667487;0.04667487
;US-VA;1934;p99.99p100;1369695.25;;;0.0142920548;0.0142920548
;US-VA;1934;p90p100;;;;0.3880136013;0.3880136013
;US-VA;1934;p90p91;37185.7265625;;;;
;US-VA;1934;p95p96;54707.9609375;;;;
;US-VA;1934;p95p100;;;;0.2854245007;0.2854245007
;US-VA;1934;p99.5p100;188072.125;;;0.098121725;0.098121725
;US-VA;1933;p0p100;8968.828125;;8232481792.0;;
;US-VA;1933;p99p100;114683.601562;;;0.1278690994;0.1278690994
;US-VA;1933;p99.9p100;397183.78125;;;0.04428491;0.04428491
;US-VA;1933;p99.99p100;1237017.125;;;0.013792404;0.013792404
;US-VA;1933;p90p100;;;;0.3817884624;0.3817884624
;US-VA;1933;p90p91;34241.953125;;;;
;US-VA;1933;p95p96;48910.7460938;;;;
;US-VA;1933;p95p100;;;;0.2726707757;0.2726707757
;US-VA;1933;p99.5p100;165344.203125;;;0.0921771452;0.0921771452
;US-VA;1932;p0p100;8681.97070312;;7856247296.0;;
;US-VA;1932;p99p100;113597.273438;;;0.1308427304;0.1308427304
;US-VA;1932;p99.9p100;369875.5625;;;0.0426027179;0.0426027179
;US-VA;1932;p99.99p100;1163112.25;;;0.0133968685;0.0133968685
;US-VA;1932;p90p100;;;;0.4116441011;0.4116441011
;US-VA;1932;p90p91;35738.8203125;;;;
;US-VA;1932;p95p96;50113.2109375;;;;
;US-VA;1932;p95p100;;;;0.2886050344;0.2886050344
;US-VA;1932;p99.5p100;160439.75;;;0.0923982263;0.0923982263
;US-VA;1931;p0p100;10132.5048828;;9034335232.0;;
;US-VA;1931;p99p100;126377.242188;;;0.1247245818;0.1247245818
;US-VA;1931;p99.9p100;402623.8125;;;0.0397358611;0.0397358611
;US-VA;1931;p99.99p100;1216958.0;;;0.0120104365;0.0120104365
;US-VA;1931;p90p100;;;;0.3582067192;0.3582067192
;US-VA;1931;p90p91;36295.3125;;;;
;US-VA;1931;p95p96;50592.0859375;;;;
;US-VA;1931;p95p100;;;;0.2496524304;0.2496524304
;US-VA;1931;p99.5p100;179004.765625;;;0.0883319378;0.0883319378
;US-VA;1930;p0p100;9981.25585938;;8757331968.0;;
;US-VA;1930;p99p100;135612.203125;;;0.1358668655;0.1358668655
;US-VA;1930;p99.9p100;455529.75;;;0.0456385165;0.0456385165
;US-VA;1930;p99.99p100;1435085.125;;;0.0143778007;0.0143778007
;US-VA;1930;p90p100;;;;0.3589302301;0.3589302301
;US-VA;1930;p90p91;35825.7460938;;;;
;US-VA;1930;p95p96;52877.984375;;;;
;US-VA;1930;p95p100;;;;0.264886409;0.264886409
;US-VA;1930;p99.5p100;196839.265625;;;0.0986044481;0.0986044481
;US-VA;1929;p0p100;11377.8857422;;9968889856.0;;
;US-VA;1929;p99p100;159213.640625;;;0.1399325579;0.1399325579
;US-VA;1929;p99.9p100;590659.25;;;0.0519129224;0.0519129224
;US-VA;1929;p99.99p100;2011464.5;;;0.0176787209;0.0176787209
;US-VA;1929;p90p100;;;;0.3175171316;0.3175171316
;US-VA;1929;p90p91;36126.734375;;;;
;US-VA;1929;p95p96;56833.3242188;;;;
;US-VA;1929;p95p100;;;;0.2497534752;0.2497534752
;US-VA;1929;p99.5p100;239011.84375;;;0.1050335169;0.1050335169
;US-VA;1928;p0p100;8732.97265625;;7642482688.0;;
;US-VA;1928;p99p100;167560.0;;;0.1918704957;0.1918704957
;US-VA;1928;p99.9p100;659505.9375;;;0.0755190626;0.0755190626
;US-VA;1928;p99.99p100;2412162.25;;;0.0276213177;0.0276213177
;US-VA;1928;p90p100;;;;0.4192743897;0.4192743897
;US-VA;1928;p90p91;36615.1210938;;;;
;US-VA;1928;p95p96;58117.7148438;;;;
;US-VA;1928;p95p100;;;;0.3327487111;0.3327487111
;US-VA;1928;p99.5p100;255695.421875;;;0.1463965327;0.1463965327
;US-VA;1927;p0p100;8661.01464844;;7555211264.0;;
;US-VA;1927;p99p100;156493.0;;;0.1806866974;0.1806866974
;US-VA;1927;p99.9p100;582588.3125;;;0.0672656074;0.0672656074
;US-VA;1927;p99.99p100;1897867.375;;;0.021912761;0.021912761
;US-VA;1927;p90p100;;;;0.4051196277;0.4051196277
;US-VA;1927;p90p91;35087.46875;;;;
;US-VA;1927;p95p96;55015.1796875;;;;
;US-VA;1927;p95p100;;;;0.3176024258;0.3176024258
;US-VA;1927;p99.5p100;235855.265625;;;0.1361591518;0.1361591518
;US-VA;1926;p0p100;8782.515625;;7624009216.0;;
;US-VA;1926;p99p100;151875.546875;;;0.1729294509;0.1729294509
;US-VA;1926;p99.9p100;565690.375;;;0.0644109771;0.0644109771
;US-VA;1926;p99.99p100;1845416.5;;;0.0210123919;0.0210123919
;US-VA;1926;p90p100;;;;0.3994345069;0.3994345069
;US-VA;1926;p90p91;35080.3984375;;;;
;US-VA;1926;p95p96;55144.8398438;;;;
;US-VA;1926;p95p100;;;;0.3139467537;0.3139467537
;US-VA;1926;p99.5p100;228272.9375;;;0.1299587488;0.1299587488
;US-VA;1925;p0p100;8340.62890625;;7207469056.0;;
;US-VA;1925;p99p100;143037.25;;;0.1714945585;0.1714945585
;US-VA;1925;p99.9p100;518030.0;;;0.062109217;0.062109217
;US-VA;1925;p99.99p100;1563453.125;;;0.0187450256;0.0187450256
;US-VA;1925;p90p100;;;;0.4111540914;0.4111540914
;US-VA;1925;p90p91;34292.8398438;;;;
;US-VA;1925;p95p96;53860.7539062;;;;
;US-VA;1925;p95p100;;;;0.322881788;0.322881788
;US-VA;1925;p99.5p100;213381.15625;;;0.1279166937;0.1279166937
;US-VA;1924;p0p100;9040.62792969;;7764257792.0;;
;US-VA;1924;p99p100;133215.890625;;;0.1473524719;0.1473524719
;US-VA;1924;p99.9p100;451802.21875;;;0.0499746576;0.0499746576
;US-VA;1924;p99.99p100;1319333.75;;;0.0145933861;0.0145933861
;US-VA;1924;p90p100;;;;0.4232974648;0.4232974648
;US-VA;1924;p90p91;38268.7460938;;;;
;US-VA;1924;p95p96;58603.7070312;;;;
;US-VA;1924;p95p100;;;;0.324113071;0.324113071
;US-VA;1924;p99.5p100;195562.640625;;;0.108157672;0.108157672
;US-VA;1923;p0p100;9634.84277344;;8188602368.0;;
;US-VA;1923;p99p100;123733.773438;;;0.1284232587;0.1284232587
;US-VA;1923;p99.9p100;397480.71875;;;0.0412545092;0.0412545092
;US-VA;1923;p99.99p100;1039110.1875;;;0.0107849212;0.0107849212
;US-VA;1923;p90p100;;;;0.4052868783;0.4052868783
;US-VA;1923;p90p91;39048.7539062;;;;
;US-VA;1923;p95p96;58038.6796875;;;;
;US-VA;1923;p95p100;;;;0.3011916578;0.3011916578
;US-VA;1923;p99.5p100;180065.046875;;;0.0934447348;0.0934447348
;US-VA;1922;p0p100;8617.04980469;;7261493248.0;;
;US-VA;1922;p99p100;125659.0625;;;0.1458261013;0.1458261013
;US-VA;1922;p99.9p100;416399.84375;;;0.0483227894;0.0483227894
;US-VA;1922;p99.99p100;1162464.875;;;0.0134902894;0.0134902894
;US-VA;1922;p90p100;;;;0.4147121906;0.4147121906
;US-VA;1922;p90p91;35735.9492188;;;;
;US-VA;1922;p95p96;53806.6992188;;;;
;US-VA;1922;p95p100;;;;0.3122107089;0.3122107089
;US-VA;1922;p99.5p100;181739.0;;;0.1054531559;0.1054531559
;US-VA;1921;p0p100;8088.11035156;;6779485696.0;;
;US-VA;1921;p99p100;105206.546875;;;0.1300755739;0.1300755739
;US-VA;1921;p99.9p100;318847.03125;;;0.0394216999;0.0394216999
;US-VA;1921;p99.99p100;772537.6875;;;0.0095515233;0.0095515233
;US-VA;1921;p90p100;;;;0.4081282616;0.4081282616
;US-VA;1921;p90p91;33009.8632812;;;;
;US-VA;1921;p95p96;48165.09375;;;;
;US-VA;1921;p95p100;;;;0.2977524698;0.2977524698
;US-VA;1921;p99.5p100;148595.21875;;;0.0918602869;0.0918602869
;US-VA;1920;p0p100;9422.1953125;;7811886592.0;;
;US-VA;1920;p99p100;116871.515625;;;0.1240385175;0.1240385175
;US-VA;1920;p99.9p100;367340.0;;;0.0389866643;0.0389866643
;US-VA;1920;p99.99p100;875676.375;;;0.0092937611;0.0092937611
;US-VA;1920;p90p100;;;;0.3722066283;0.3722066283
;US-VA;1920;p90p91;35070.0351562;;;;
;US-VA;1920;p95p96;49393.3867188;;;;
;US-VA;1920;p95p100;;;;0.2621118724;0.2621118724
;US-VA;1920;p99.5p100;169408.328125;;;0.0898985416;0.0898985416
;US-VA;1919;p0p100;11257.3349609;;9184349184.0;;
;US-VA;1919;p99p100;142909.96875;;;0.1269483119;0.1269483119
;US-VA;1919;p99.9p100;471311.21875;;;0.0418670364;0.0418670364
;US-VA;1919;p99.99p100;1272792.5;;;0.0113063399;0.0113063399
;US-VA;1919;p90p100;;;;0.3542241156;0.3542241156
;US-VA;1919;p90p91;39876.1953125;;;;
;US-VA;1919;p95p96;59282.8164062;;;;
;US-VA;1919;p95p100;;;;0.2633075118;0.2633075118
;US-VA;1919;p99.5p100;208888.734375;;;0.0927789509;0.0927789509
;US-VA;1918;p0p100;9843.30078125;;7948621824.0;;
;US-VA;1918;p99p100;138108.984375;;;0.1403075755;0.1403075755
;US-VA;1918;p99.9p100;473844.71875;;;0.0481387973;0.0481387973
;US-VA;1918;p99.99p100;1358105.0;;;0.0137972506;0.0137972506
;US-VA;1918;p90p100;;;;0.3722841144;0.3722841144
;US-VA;1918;p90p91;36645.0507812;;;;
;US-VA;1918;p95p96;57124.6132812;;;;
;US-VA;1918;p95p100;;;;0.2901700139;0.2901700139
;US-VA;1918;p99.5p100;202458.640625;;;0.1028408185;0.1028408185
;US-VA;1917;p0p100;9214.83496094;;7462166528.0;;
