Variable Name;.;.;.;Fiscal income  | tax unit | Average | Adults | constant 2015 local currency;Fiscal income  | tax unit | Threshold | Adults | constant 2015 local currency;Fiscal income  | tax unit | Total | Adults | constant 2015 local currency;Fiscal income  | tax unit | Share | Adults | share of total (ratio);Pre-tax national income  | tax unit | Share | Adults | share of total (ratio)
Variable Category;.;.;.;Income inequality;Income inequality;Income inequality;Income inequality;Income inequality
Variable Description;.;.;.;Average Fiscal income within a given percentile group. Fiscal income is defined as the sum of all income items reported on income tax returns, before any deduction. It includes labour income, capital income and mixed income. The concept of fiscal income varies with national tax legislations, so in order to make international comparisons it is preferable to use the concept of national income. The population is comprised of individuals over age 20. The base unit is the tax unit defined by national fiscal administrations to measure personal income taxes.;Fiscal income threshold value at a given percentile.  Fiscal income is defined as the sum of all income items reported on income tax returns, before any deduction. It includes labour income, capital income and mixed income. The concept of fiscal income varies with national tax legislations, so in order to make international comparisons it is preferable to use the concept of national income. The population is comprised of individuals over age 20. The base unit is the tax unit defined by national fiscal administrations to measure personal income taxes.;Total Fiscal income  within a given percentile group. Fiscal income is defined as the sum of all income items reported on income tax returns, before any deduction. It includes labour income, capital income and mixed income. The concept of fiscal income varies with national tax legislations, so in order to make international comparisons it is preferable to use the concept of national income. The population is comprised of individuals over age 20.;Fiscal income share held by a given percentile group. Fiscal income is defined as the sum of all income items reported on income tax returns, before any deduction. It includes labour income, capital income and mixed income. The concept of fiscal income varies with national tax legislations, so in order to make international comparisons it is preferable to use the concept of national income. The population is comprised of individuals over age 20. The base unit is the tax unit defined by national fiscal administrations to measure personal income taxes.;Pre-tax national income share held by a given percentile group. Pre-tax national income  is the sum of all pre-tax personal income flows accruing to the owners of the production factors, labor and capital, before taking into account the operation of the tax/transfer system, but after taking into account the operation of pension system. The central difference between personal factor income and pre-tax income is the treatment of pensions, which are counted on a contribution basis by factor income and on a distribution basis by pre-tax income. The population is comprised of individuals over age 20. The base unit is the tax unit defined by national fiscal administrations to measure personal income taxes.
Variable Decomposition;.;.;.;[Fiscal income ]=[Fiscal labour income ]+[Fiscal capital income ];[Fiscal income ]=[Fiscal labour income ]+[Fiscal capital income ];[Fiscal income ]=[Fiscal labour income ]+[Fiscal capital income ];[Fiscal income ]=[Fiscal labour income ]+[Fiscal capital income ];Pre-tax national income =Pre-tax labor income [total pre-tax income ranking]+Pre-tax capital income [total pre-tax income ranking]
Variable Unit;.;.;.;"USD; United States dollar | local currency | market";"USD; United States dollar | local currency | market";"USD; United States dollar | local currency | market";share;share
Methodological Notes;.;.;.;;;;;Assuming the same distribution as fiscal income.
Sources;.;.;.;Frank, Sommeiller, Price & Saez (2015);Frank, Sommeiller, Price & Saez (2015);Frank, Sommeiller, Price & Saez (2015);Frank, Sommeiller, Price & Saez (2015);WID.world computations using: Frank, Sommeiller, Price & Saez (2015)
Variable Code;country;year;perc;afiinc992t;tfiinc992t;mfiinc992t;sfiinc992t;sptinc992t
;US-ME;2014;p0p100;47279.1953125;;34614366208.0;;
;US-ME;2014;p99p100;;296695.96875;;0.1364467293;0.1364467293
;US-ME;2014;p99.9p100;;1033091.1875;;0.0480163805;0.0480163805
;US-ME;2014;p99.99p100;;3682891.0;;0.0165231023;0.0165231023
;US-ME;2014;p90p100;;108000.617188;;0.4301393926;0.4301393926
;US-ME;2014;p90p91;206013.53125;;;;
;US-ME;2014;p95p96;285704.625;;;;
;US-ME;2014;p90p95;126322.460938;108000.617188;;0.1304721087;0.1304721087
;US-ME;2014;p95p99;194052.21875;138854.546875;;0.1629599184;0.1629599184
;US-ME;2014;p99.5p99.9;613243.375;432934.65625;;0.0517147407;0.0517147407
;US-ME;2014;p99.9p99.99;1648999.5;1033091.1875;;0.0319613703;0.0319613703
;US-ME;2014;p99p99.5;352780.5;296695.96875;;0.0368663147;0.0368663147
;US-ME;2014;p95p100;;138854.546875;;0.2992863357;0.2992863357
;US-ME;2014;p0p90;29642.046875;;;0.5695024729;0.5695024729
;US-ME;2014;p0p99;41167.7304688;;;0.8635532856;0.8635532856
;US-ME;2014;p99.5p100;;432934.65625;;0.0995706096;0.0995706096
;US-ME;2014;p99.5p99.6;951847.875;;;;
;US-ME;2014;p99.99p99.991;8221661.0;;;;
;US-ME;2014;p99.9p99.91;2306265.75;;;;
;US-ME;2014;p99p99.1;652314.1875;;;;
;US-ME;2013;p0p100;48165.2226562;;33236199424.0;;
;US-ME;2013;p99p100;;294789.625;;0.1308637112;0.1308637112
;US-ME;2013;p99.9p100;;994247.875;;0.0459226519;0.0459226519
;US-ME;2013;p99.99p100;;3585587.5;;0.0163437705;0.0163437705
;US-ME;2013;p90p100;;109123.046875;;0.41714257;0.41714257
;US-ME;2013;p90p91;205210.25;;;;
;US-ME;2013;p95p96;282697.125;;;;
;US-ME;2013;p90p95;127723.375;109123.046875;;0.1277636737;0.1277636737
;US-ME;2013;p95p99;193572.1875;138351.078125;;0.1579085439;0.1579085439
;US-ME;2013;p99.5p99.9;599591.375;428263.34375;;0.0489693545;0.0489693545
;US-ME;2013;p99.9p99.99;1594641.0;994247.875;;0.0297170766;0.0297170766
;US-ME;2013;p99p99.5;349783.75;294789.625;;0.0360123888;0.0360123888
;US-ME;2013;p95p100;;138351.078125;;0.2888794541;0.2888794541
;US-ME;2013;p0p90;30715.7753906;;;0.5832852125;0.5832852125
;US-ME;2013;p0p99;42195.2070312;;;0.8691362739;0.8691362739
;US-ME;2013;p99.5p100;;428263.34375;;0.0949132517;0.0949132517
;US-ME;2013;p99.5p99.6;928610.0;;;;
;US-ME;2013;p99.99p99.991;8095077.0;;;;
;US-ME;2013;p99.9p99.91;2244684.5;;;;
;US-ME;2013;p99p99.1;639196.875;;;;
;US-ME;2012;p0p100;49265.3554688;;34914213888.0;;
;US-ME;2012;p99p100;707472.0625;;;0.143604368;0.143604368
;US-ME;2012;p99.9p100;2786856.5;;;0.0565682761;0.0565682761
;US-ME;2012;p99.99p100;10500335.0;;;0.0213138293;0.0213138293
;US-ME;2012;p90p100;;;;0.416372329;0.416372329
;US-ME;2012;p90p91;205127.3125;;;;
;US-ME;2012;p95p96;287576.34375;;;;
;US-ME;2012;p95p100;;;;0.2918646634;0.2918646634
;US-ME;2012;p99.5p100;1068330.0;;;0.1084260866;0.1084260866
;US-ME;2011;p0p100;47290.71875;;33125251072.0;;
;US-ME;2011;p99p100;615735.9375;;;0.1302022785;0.1302022785
;US-ME;2011;p99.9p100;2258742.0;;;0.0477629043;0.0477629043
;US-ME;2011;p99.99p100;8324981.0;;;0.017603837;0.017603837
;US-ME;2011;p90p100;;;;0.4099027812;0.4099027812
;US-ME;2011;p90p91;193845.984375;;;;
;US-ME;2011;p95p96;266654.375;;;;
;US-ME;2011;p95p100;;;;0.2819309831;0.2819309831
;US-ME;2011;p99.5p100;904080.0625;;;0.0955874696;0.0955874696
;US-ME;2010;p0p100;47755.5390625;;33374064640.0;;
;US-ME;2010;p99p100;632086.625;;;0.1323587894;0.1323587894
;US-ME;2010;p99.9p100;2409405.75;;;0.0504529029;0.0504529029
;US-ME;2010;p99.99p100;10029226.0;;;0.0210011769;0.0210011769
;US-ME;2010;p90p100;;;;0.405577302;0.405577302
;US-ME;2010;p90p91;193685.640625;;;;
;US-ME;2010;p95p96;266871.875;;;;
;US-ME;2010;p95p100;;;;0.2794145644;0.2794145644
;US-ME;2010;p99.5p100;925865.3125;;;0.0969379917;0.0969379917
;US-ME;2009;p0p100;46189.6835938;;32253503488.0;;
;US-ME;2009;p99p100;590035.875;;;0.1277419031;0.1277419031
;US-ME;2009;p99.9p100;2261495.75;;;0.0489610545;0.0489610545
;US-ME;2009;p99.99p100;8888132.0;;;0.0192426778;0.0192426778
;US-ME;2009;p90p100;;;;0.4011520445;0.4011520445
;US-ME;2009;p90p91;185290.859375;;;;
;US-ME;2009;p95p96;257481.640625;;;;
;US-ME;2009;p95p100;;;;0.278722018;0.278722018
;US-ME;2009;p99.5p100;873701.5;;;0.0945775509;0.0945775509
;US-ME;2008;p0p100;49096.03125;;34257590272.0;;
;US-ME;2008;p99p100;691667.8125;;;0.1408805996;0.1408805996
;US-ME;2008;p99.9p100;2832083.0;;;0.0576845668;0.0576845668
;US-ME;2008;p99.99p100;11304779.0;;;0.0230258517;0.0230258517
;US-ME;2008;p90p100;;;;0.4057750404;0.4057750404
;US-ME;2008;p90p91;199219.421875;;;;
;US-ME;2008;p95p96;281363.96875;;;;
;US-ME;2008;p95p100;;;;0.2865445316;0.2865445316
;US-ME;2008;p99.5p100;1051140.875;;;0.1070494875;0.1070494875
;US-ME;2007;p0p100;53856.2890625;;37050568704.0;;
;US-ME;2007;p99p100;844999.875;;;0.1568990201;0.1568990201
;US-ME;2007;p99.9p100;3603216.75;;;0.0669042915;0.0669042915
;US-ME;2007;p99.99p100;14466175.0;;;0.0268606991;0.0268606991
;US-ME;2007;p90p100;;;;0.4135347903;0.4135347903
;US-ME;2007;p90p91;222714.484375;;;;
;US-ME;2007;p95p96;320382.96875;;;;
;US-ME;2007;p95p100;;;;0.2974424958;0.2974424958
;US-ME;2007;p99.5p100;1306548.375;;;0.1212995276;0.1212995276
;US-ME;2006;p0p100;51781.3984375;;35781021696.0;;
;US-ME;2006;p99p100;838539.0;;;0.1619382501;0.1619382501
;US-ME;2006;p99.9p100;3638888.25;;;0.0702740401;0.0702740401
;US-ME;2006;p99.99p100;14654215.0;;;0.0283001512;0.0283001512
;US-ME;2006;p90p100;;;;0.4197499454;0.4197499454
;US-ME;2006;p90p91;217352.40625;;;;
;US-ME;2006;p95p96;318165.53125;;;;
;US-ME;2006;p95p100;;;;0.3072198927;0.3072198927
;US-ME;2006;p99.5p100;1304716.75;;;0.1259831488;0.1259831488
;US-ME;2005;p0p100;49381.7460938;;34346881024.0;;
;US-ME;2005;p99p100;772288.5;;;0.1563915014;0.1563915014
;US-ME;2005;p99.9p100;3231019.5;;;0.0654294342;0.0654294342
;US-ME;2005;p99.99p100;12591802.0;;;0.0254989006;0.0254989006
;US-ME;2005;p90p100;;;;0.419935286;0.419935286
;US-ME;2005;p90p91;207371.375;;;;
;US-ME;2005;p95p96;302754.40625;;;;
;US-ME;2005;p95p100;;;;0.3065448701;0.3065448701
;US-ME;2005;p99.5p100;1186171.75;;;0.1201022565;0.1201022565
;US-ME;2004;p0p100;49301.8125;;33983328256.0;;
;US-ME;2004;p99p100;706902.125;;;0.1433825791;0.1433825791
;US-ME;2004;p99.9p100;2856391.75;;;0.0579368509;0.0579368509
;US-ME;2004;p99.99p100;11049888.0;;;0.0224127416;0.0224127416
;US-ME;2004;p90p100;;;;0.4038287997;0.4038287997
;US-ME;2004;p90p91;199094.921875;;;;
;US-ME;2004;p95p96;288421.0;;;;
;US-ME;2004;p95p100;;;;0.2925054729;0.2925054729
;US-ME;2004;p99.5p100;1070363.125;;;0.1085521132;0.1085521132
;US-ME;2003;p0p100;48012.9101562;;32121069568.0;;
;US-ME;2003;p99p100;630469.625;;;0.1313125193;0.1313125193
;US-ME;2003;p99.9p100;2427948.75;;;0.0505686663;0.0505686663
;US-ME;2003;p99.99p100;9247050.0;;;0.0192595068;0.0192595068
;US-ME;2003;p90p100;;;;0.3921753764;0.3921753764
;US-ME;2003;p90p91;188294.8125;;;;
;US-ME;2003;p95p96;265132.875;;;;
;US-ME;2003;p95p100;;;;0.2761057913;0.2761057913
;US-ME;2003;p99.5p100;939167.6875;;;0.0978036597;0.0978036597
;US-ME;2002;p0p100;45648.4140625;;31464542208.0;;
;US-ME;2002;p99p100;604667.625;;;0.1324619055;0.1324619055
;US-ME;2002;p99.9p100;2306763.5;;;0.0505332649;0.0505332649
;US-ME;2002;p99.99p100;8653095.0;;;0.018955959;0.018955959
;US-ME;2002;p90p100;;;;0.4013711214;0.4013711214
;US-ME;2002;p90p91;183219.5625;;;;
;US-ME;2002;p95p96;256625.578125;;;;
;US-ME;2002;p95p100;;;;0.2810892463;0.2810892463
;US-ME;2002;p99.5p100;898519.625;;;0.0984173939;0.0984173939
;US-ME;2001;p0p100;49036.1796875;;31937775616.0;;
;US-ME;2001;p99p100;664556.25;;;0.135523662;0.135523662
;US-ME;2001;p99.9p100;2591189.25;;;0.0528423935;0.0528423935
;US-ME;2001;p99.99p100;10048590.0;;;0.0204921961;0.0204921961
;US-ME;2001;p90p100;;;;0.3940753341;0.3940753341
;US-ME;2001;p90p91;193239.5;;;;
;US-ME;2001;p95p96;274483.625;;;;
;US-ME;2001;p95p100;;;;0.2798786759;0.2798786759
;US-ME;2001;p99.5p100;974297.9375;;;0.0993447974;0.0993447974
;US-ME;2000;p0p100;51730.1953125;;32838045696.0;;
;US-ME;2000;p99p100;871495.625;;;0.1684693992;0.1684693992
;US-ME;2000;p99.9p100;4039540.5;;;0.0780886337;0.0780886337
;US-ME;2000;p99.99p100;18021088.0;;;0.0348366871;0.0348366871
;US-ME;2000;p90p100;;;;0.4268629849;0.4268629849
;US-ME;2000;p90p91;220817.078125;;;;
;US-ME;2000;p95p96;326424.9375;;;;
;US-ME;2000;p95p100;;;;0.3155071437;0.3155071437
;US-ME;2000;p99.5p100;1355523.875;;;0.1310186237;0.1310186237
;US-ME;1999;p0p100;49663.1367188;;31573063680.0;;
;US-ME;1999;p99p100;765317.75;;;0.154101789;0.154101789
;US-ME;1999;p99.9p100;3258601.25;;;0.0656140894;0.0656140894
;US-ME;1999;p99.99p100;12975343.0;;;0.0261267107;0.0261267107
;US-ME;1999;p90p100;;;;0.4146457016;0.4146457016
;US-ME;1999;p90p91;205926.03125;;;;
;US-ME;1999;p95p96;298826.21875;;;;
;US-ME;1999;p95p100;;;;0.300853163;0.300853163
;US-ME;1999;p99.5p100;1162819.875;;;0.1170707345;0.1170707345
;US-ME;1998;p0p100;47986.8984375;;29716535296.0;;
;US-ME;1998;p99p100;719334.3125;;;0.1499022394;0.1499022394
;US-ME;1998;p99.9p100;3076449.5;;;0.0641101971;0.0641101971
;US-ME;1998;p99.99p100;13066520.0;;;0.0272293501;0.0272293501
;US-ME;1998;p90p100;;;;0.4064791501;0.4064791501
;US-ME;1998;p90p91;195056.71875;;;;
;US-ME;1998;p95p96;281027.46875;;;;
;US-ME;1998;p95p100;;;;0.2928169072;0.2928169072
;US-ME;1998;p99.5p100;1090794.25;;;0.1136554331;0.1136554331
;US-ME;1997;p0p100;44417.8242188;;27516137472.0;;
;US-ME;1997;p99p100;620628.9375;;;0.1397251934;0.1397251934
;US-ME;1997;p99.9p100;2472795.25;;;0.0556712374;0.0556712374
;US-ME;1997;p99.99p100;9753843.0;;;0.0219592974;0.0219592974
;US-ME;1997;p90p100;;;;0.401430577;0.401430577
;US-ME;1997;p90p91;178306.734375;;;;
;US-ME;1997;p95p96;252383.65625;;;;
;US-ME;1997;p95p100;;;;0.2841017842;0.2841017842
;US-ME;1997;p99.5p100;930557.625;;;0.1047504693;0.1047504693
;US-ME;1996;p0p100;42189.3320312;;25860790272.0;;
;US-ME;1996;p99p100;535004.6875;;;0.1268104315;0.1268104315
;US-ME;1996;p99.9p100;2026123.5;;;0.0480245501;0.0480245501
;US-ME;1996;p99.99p100;7469867.0;;;0.0177055839;0.0177055839
;US-ME;1996;p90p100;;;;0.3871629834;0.3871629834
;US-ME;1996;p90p91;163341.453125;;;;
;US-ME;1996;p95p96;228796.59375;;;;
;US-ME;1996;p95p100;;;;0.2711545825;0.2711545825
;US-ME;1996;p99.5p100;794434.6875;;;0.0941511467;0.0941511467
;US-ME;1995;p0p100;40907.53125;;24510185472.0;;
;US-ME;1995;p99p100;480465.375;;;0.1174515635;0.1174515635
;US-ME;1995;p99.9p100;1733397.125;;;0.0423735455;0.0423735455
;US-ME;1995;p99.99p100;6092407.0;;;0.0148931183;0.0148931183
;US-ME;1995;p90p100;;;;0.3800090253;0.3800090253
;US-ME;1995;p90p91;155452.3125;;;;
;US-ME;1995;p95p96;212677.65625;;;;
;US-ME;1995;p95p100;;;;0.2599492669;0.2599492669
;US-ME;1995;p99.5p100;703604.5;;;0.0859993771;0.0859993771
;US-ME;1994;p0p100;40080.015625;;23714383872.0;;
;US-ME;1994;p99p100;462313.03125;;;0.1153475195;0.1153475195
;US-ME;1994;p99.9p100;1722932.75;;;0.042987328;0.042987328
;US-ME;1994;p99.99p100;6445251.5;;;0.0160809606;0.0160809606
;US-ME;1994;p90p100;;;;0.373162061;0.373162061
;US-ME;1994;p90p91;149563.421875;;;;
;US-ME;1994;p95p96;203967.09375;;;;
;US-ME;1994;p95p100;;;;0.2544498444;0.2544498444
;US-ME;1994;p99.5p100;682285.25;;;0.0851153955;0.0851153955
;US-ME;1993;p0p100;39235.1445312;;23336677376.0;;
;US-ME;1993;p99p100;430075.59375;;;0.1096149012;0.1096149012
;US-ME;1993;p99.9p100;1499450.875;;;0.0382170379;0.0382170379
;US-ME;1993;p99.99p100;5253388.0;;;0.0133894961;0.0133894961
;US-ME;1993;p90p100;;;;0.3681537509;0.3681537509
;US-ME;1993;p90p91;144445.65625;;;;
;US-ME;1993;p95p96;195017.859375;;;;
;US-ME;1993;p95p100;;;;0.2485244721;0.2485244721
;US-ME;1993;p99.5p100;623533.875;;;0.0794611499;0.0794611499
;US-ME;1992;p0p100;39993.3320312;;23587241984.0;;
;US-ME;1992;p99p100;442123.84375;;;0.1105493903;0.1105493903
;US-ME;1992;p99.9p100;1558345.625;;;0.0389651358;0.0389651358
;US-ME;1992;p99.99p100;5455899.0;;;0.0136420205;0.0136420205
;US-ME;1992;p90p100;;;;0.365989089;0.365989089
;US-ME;1992;p90p91;146371.25;;;;
;US-ME;1992;p95p96;196446.46875;;;;
;US-ME;1992;p95p100;;;;0.2455990016;0.2455990016
;US-ME;1992;p99.5p100;644430.75;;;0.0805672705;0.0805672705
;US-ME;1991;p0p100;40671.1328125;;23483248640.0;;
;US-ME;1991;p99p100;423772.59375;;;0.1041949391;0.1041949391
;US-ME;1991;p99.9p100;1486319.875;;;0.0365448371;0.0365448371
;US-ME;1991;p99.99p100;5213587.5;;;0.0128188906;0.0128188906
;US-ME;1991;p90p100;;;;0.3542650342;0.3542650342
;US-ME;1991;p90p91;144083.59375;;;;
;US-ME;1991;p95p96;190979.125;;;;
;US-ME;1991;p95p100;;;;0.2347846329;0.2347846329
;US-ME;1991;p99.5p100;615057.375;;;0.0756135136;0.0756135136
;US-ME;1990;p0p100;43143.5742188;;24657967104.0;;
;US-ME;1990;p99p100;438967.96875;;;0.1017458588;0.1017458588
;US-ME;1990;p99.9p100;1477717.875;;;0.0342511721;0.0342511721
;US-ME;1990;p99.99p100;4881179.5;;;0.0113138044;0.0113138044
;US-ME;1990;p90p100;;;;0.3405002058;0.3405002058
;US-ME;1990;p90p91;146903.953125;;;;
;US-ME;1990;p95p96;195983.640625;;;;
;US-ME;1990;p95p100;;;;0.2271295935;0.2271295935
;US-ME;1990;p99.5p100;635530.0625;;;0.0736529306;0.0736529306
;US-ME;1989;p0p100;43514.1367188;;25024342016.0;;
;US-ME;1989;p99p100;490663.65625;;;0.1127595901;0.1127595901
;US-ME;1989;p99.9p100;1801582.375;;;0.0414022282;0.0414022282
;US-ME;1989;p99.99p100;6535322.0;;;0.0150188478;0.0150188478
;US-ME;1989;p90p100;;;;0.3519197702;0.3519197702
;US-ME;1989;p90p91;153134.84375;;;;
;US-ME;1989;p95p96;210360.53125;;;;
;US-ME;1989;p95p100;;;;0.2417151481;0.2417151481
;US-ME;1989;p99.5p100;723790.75;;;0.0831673071;0.0831673071
;US-ME;1988;p0p100;43698.2578125;;24453226496.0;;
;US-ME;1988;p99p100;535430.875;;;0.1225291118;0.1225291118
;US-ME;1988;p99.9p100;2099523.25;;;0.0480459295;0.0480459295
;US-ME;1988;p99.99p100;7898510.5;;;0.0180751141;0.0180751141
;US-ME;1988;p90p100;;;;0.3595938385;0.3595938385
;US-ME;1988;p90p91;157136.25;;;;
;US-ME;1988;p95p96;219011.84375;;;;
;US-ME;1988;p95p100;;;;0.2505956292;0.2505956292
;US-ME;1988;p99.5p100;807888.4375;;;0.092439428;0.092439428
;US-ME;1987;p0p100;41268.7617188;;22351878144.0;;
;US-ME;1987;p99p100;469027.15625;;;0.1136518642;0.1136518642
;US-ME;1987;p99.9p100;1749865.0;;;0.0424016826;0.0424016826
;US-ME;1987;p99.99p100;6571001.5;;;0.0159224588;0.0159224588
;US-ME;1987;p90p100;;;;0.3559986353;0.3559986353
;US-ME;1987;p90p91;146916.21875;;;;
;US-ME;1987;p95p96;201671.296875;;;;
;US-ME;1987;p95p100;;;;0.2443389297;0.2443389297
;US-ME;1987;p99.5p100;692347.4375;;;0.0838827491;0.0838827491
;US-ME;1986;p0p100;41363.8398438;;22090803200.0;;
;US-ME;1986;p99p100;597383.0625;;;0.1444215775;0.1444215775
;US-ME;1986;p99.9p100;2732323.0;;;0.0660558343;0.0660558343
;US-ME;1986;p99.99p100;12153064.0;;;0.0293808896;0.0293808896
;US-ME;1986;p90p100;;;;0.3749983609;0.3749983609
;US-ME;1986;p90p91;155113.71875;;;;
;US-ME;1986;p95p96;223974.84375;;;;
;US-ME;1986;p95p100;;;;0.270737499;0.270737499
;US-ME;1986;p99.5p100;942752.25;;;0.1139585078;0.1139585078
;US-ME;1985;p0p100;38683.8789062;;20296015872.0;;
;US-ME;1985;p99p100;432079.5625;;;0.1116949916;0.1116949916
;US-ME;1985;p99.9p100;1750722.625;;;0.045257166;0.045257166
;US-ME;1985;p99.99p100;7078386.0;;;0.0182980262;0.0182980262
;US-ME;1985;p90p100;;;;0.3433037102;0.3433037102
;US-ME;1985;p90p91;132803.1875;;;;
;US-ME;1985;p95p96;183386.640625;;;;
;US-ME;1985;p95p100;;;;0.2370323837;0.2370323837
;US-ME;1985;p99.5p100;649809.4375;;;0.0839896947;0.0839896947
;US-ME;1984;p0p100;37557.4023438;;19367038976.0;;
;US-ME;1984;p99p100;414340.53125;;;0.1103219315;0.1103219315
;US-ME;1984;p99.9p100;1609993.75;;;0.042867545;0.042867545
;US-ME;1984;p99.99p100;6860002.5;;;0.0182653796;0.0182653796
;US-ME;1984;p90p100;;;;0.3196007609;0.3196007609
;US-ME;1984;p90p91;120033.75;;;;
;US-ME;1984;p95p96;168218.859375;;;;
;US-ME;1984;p95p100;;;;0.2239490002;0.2239490002
;US-ME;1984;p99.5p100;590198.6875;;;0.0785728842;0.0785728842
;US-ME;1983;p0p100;36100.0039062;;18301245440.0;;
;US-ME;1983;p99p100;397576.25;;;0.1101319194;0.1101319194
;US-ME;1983;p99.9p100;1452839.875;;;0.0402448699;0.0402448699
;US-ME;1983;p99.99p100;5907930.0;;;0.0163654573;0.0163654573
;US-ME;1983;p90p100;;;;0.3015325963;0.3015325963
;US-ME;1983;p90p91;108853.28125;;;;
;US-ME;1983;p95p96;155101.328125;;;;
;US-ME;1983;p95p100;;;;0.2148217708;0.2148217708
;US-ME;1983;p99.5p100;540992.4375;;;0.0749296919;0.0749296919
;US-ME;1982;p0p100;34276.8476562;;16881552384.0;;
;US-ME;1982;p99p100;317195.78125;;;0.0925393701;0.0925393701
;US-ME;1982;p99.9p100;1226900.125;;;0.0357938446;0.0357938446
;US-ME;1982;p99.99p100;5094128.5;;;0.0148617188;0.0148617188
;US-ME;1982;p90p100;;;;0.302223444;0.302223444
;US-ME;1982;p90p91;103592.671875;;;;
;US-ME;1982;p95p96;140270.703125;;;;
;US-ME;1982;p95p100;;;;0.2046143562;0.2046143562
;US-ME;1982;p99.5p100;468048.125;;;0.0682746693;0.0682746693
;US-ME;1981;p0p100;34107.5546875;;16650940416.0;;
;US-ME;1981;p99p100;278170.4375;;;0.0815568343;0.0815568343
;US-ME;1981;p99.9p100;809960.75;;;0.0237472542;0.0237472542
;US-ME;1981;p99.99p100;2683434.0;;;0.0078675654;0.0078675654
;US-ME;1981;p90p100;;;;0.3309192061;0.3309192061
;US-ME;1981;p90p91;112868.460938;;;;
;US-ME;1981;p95p96;140125.140625;;;;
;US-ME;1981;p95p100;;;;0.2054165602;0.2054165602
;US-ME;1981;p99.5p100;384551.71875;;;0.0563733876;0.0563733876
;US-ME;1980;p0p100;34986.984375;;16819982336.0;;
;US-ME;1980;p99p100;291324.96875;;;0.0832666755;0.0832666755
;US-ME;1980;p99.9p100;811483.5;;;0.023193866;0.023193866
;US-ME;1980;p99.99p100;2802979.5;;;0.008011492;0.008011492
;US-ME;1980;p90p100;;;;0.3187128901;0.3187128901
;US-ME;1980;p90p91;111508.03125;;;;
;US-ME;1980;p95p96;145069.53125;;;;
;US-ME;1980;p95p100;;;;0.2073192894;0.2073192894
;US-ME;1980;p99.5p100;394975.65625;;;0.0564460829;0.0564460829
;US-ME;1979;p0p100;34517.5273438;;16488886272.0;;
;US-ME;1979;p99p100;282608.75;;;0.0818739831;0.0818739831
;US-ME;1979;p99.9p100;787039.0;;;0.0228011385;0.0228011385
;US-ME;1979;p99.99p100;2495837.75;;;0.0072306385;0.0072306385
;US-ME;1979;p90p100;;;;0.3203313649;0.3203313649
;US-ME;1979;p90p91;110570.484375;;;;
;US-ME;1979;p95p96;146381.53125;;;;
;US-ME;1979;p95p100;;;;0.2120394111;0.2120394111
;US-ME;1979;p99.5p100;388962.84375;;;0.0563427918;0.0563427918
;US-ME;1978;p0p100;34412.7851562;;15846878208.0;;
;US-ME;1978;p99p100;274479.78125;;;0.079760991;0.079760991
;US-ME;1978;p99.9p100;737700.125;;;0.021436803;0.021436803
;US-ME;1978;p99.99p100;2195768.5;;;0.0063806763;0.0063806763
;US-ME;1978;p90p100;;;;0.3184606433;0.3184606433
;US-ME;1978;p90p91;109591.171875;;;;
;US-ME;1978;p95p96;145616.78125;;;;
;US-ME;1978;p95p100;;;;0.2115736604;0.2115736604
;US-ME;1978;p99.5p100;360955.34375;;;0.052444946;0.052444946
;US-ME;1977;p0p100;34255.71875;;15398877184.0;;
;US-ME;1977;p99p100;273529.3125;;;0.0798492357;0.0798492357
;US-ME;1977;p99.9p100;695455.1875;;;0.0203018691;0.0203018691
;US-ME;1977;p99.99p100;2076110.25;;;0.0060606236;0.0060606236
;US-ME;1977;p90p100;;;;0.3112292588;0.3112292588
;US-ME;1977;p90p91;106613.820312;;;;
;US-ME;1977;p95p96;139014.4375;;;;
;US-ME;1977;p95p100;;;;0.2029068917;0.2029068917
;US-ME;1977;p99.5p100;350305.90625;;;0.0511310063;0.0511310063
;US-ME;1976;p0p100;34504.109375;;15150465024.0;;
;US-ME;1976;p99p100;272635.90625;;;0.0790154859;0.0790154859
;US-ME;1976;p99.9p100;704006.625;;;0.0204035603;0.0204035603
;US-ME;1976;p99.99p100;1825976.875;;;0.0052920566;0.0052920566
;US-ME;1976;p90p100;;;;0.3124753535;0.3124753535
;US-ME;1976;p90p91;107816.828125;;;;
;US-ME;1976;p95p96;140033.3125;;;;
;US-ME;1976;p95p100;;;;0.2029226869;0.2029226869
;US-ME;1976;p99.5p100;366676.5;;;0.0531351976;0.0531351976
;US-ME;1975;p0p100;31852.0527344;;13669985280.0;;
;US-ME;1975;p99p100;261007.765625;;;0.0819437727;0.0819437727
;US-ME;1975;p99.9p100;673403.0625;;;0.0211415887;0.0211415887
;US-ME;1975;p99.99p100;1782968.375;;;0.0055976557;0.0055976557
;US-ME;1975;p90p100;;;;0.3296053708;0.3296053708
;US-ME;1975;p90p91;104986.085938;;;;
;US-ME;1975;p95p96;135731.78125;;;;
;US-ME;1975;p95p100;;;;0.2130659819;0.2130659819
;US-ME;1975;p99.5p100;347282.96875;;;0.0545150042;0.0545150042
;US-ME;1974;p0p100;34754.5664062;;14574550016.0;;
;US-ME;1974;p99p100;272713.0;;;0.0784682408;0.0784682408
;US-ME;1974;p99.9p100;752201.6875;;;0.0216432456;0.0216432456
;US-ME;1974;p99.99p100;2241912.0;;;0.0064506968;0.0064506968
;US-ME;1974;p90p100;;;;0.3108498156;0.3108498156
;US-ME;1974;p90p91;108034.507812;;;;
;US-ME;1974;p95p96;140005.015625;;;;
;US-ME;1974;p95p100;;;;0.201419577;0.201419577
;US-ME;1974;p99.5p100;368014.4375;;;0.052944757;0.052944757
;US-ME;1973;p0p100;35228.6796875;;14447030272.0;;
;US-ME;1973;p99p100;297521.3125;;;0.0844542831;0.0844542831
;US-ME;1973;p99.9p100;729259.1875;;;0.0207007248;0.0207007248
;US-ME;1973;p99.99p100;1771683.875;;;0.0050290953;0.0050290953
;US-ME;1973;p90p100;;;;0.3235371411;0.3235371411
;US-ME;1973;p90p91;113977.859375;;;;
;US-ME;1973;p95p96;150033.109375;;;;
;US-ME;1973;p95p100;;;;0.2129417211;0.2129417211
;US-ME;1973;p99.5p100;392475.46875;;;0.0557039715;0.0557039715
;US-ME;1972;p0p100;34366.4140625;;13777476608.0;;
;US-ME;1972;p99p100;279720.84375;;;0.0813936591;0.0813936591
;US-ME;1972;p99.9p100;760973.125;;;0.02214293;0.02214293
;US-ME;1972;p99.99p100;2089842.5;;;0.0060810605;0.0060810605
;US-ME;1972;p90p100;;;;0.3110601008;0.3110601008
;US-ME;1972;p90p91;106900.210938;;;;
;US-ME;1972;p95p96;141387.046875;;;;
;US-ME;1972;p95p100;;;;0.2057052702;0.2057052702
;US-ME;1972;p99.5p100;375913.09375;;;0.0546919256;0.0546919256
;US-ME;1971;p0p100;33378.6914062;;13067197440.0;;
;US-ME;1971;p99p100;281998.09375;;;0.0844844654;0.0844844654
;US-ME;1971;p99.9p100;730384.1875;;;0.0218817517;0.0218817517
;US-ME;1971;p99.99p100;2353775.75;;;0.0070517319;0.0070517319
;US-ME;1971;p90p100;;;;0.3165276945;0.3165276945
;US-ME;1971;p90p91;105652.796875;;;;
;US-ME;1971;p95p96;136131.40625;;;;
;US-ME;1971;p95p100;;;;0.2039196342;0.2039196342
;US-ME;1971;p99.5p100;380392.75;;;0.056981381;0.056981381
;US-ME;1970;p0p100;33752.3046875;;12879025152.0;;
;US-ME;1970;p99p100;269634.53125;;;0.0798862651;0.0798862651
;US-ME;1970;p99.9p100;689361.9375;;;0.0204241462;0.0204241462
;US-ME;1970;p99.99p100;2054476.375;;;0.0060869218;0.0060869218
;US-ME;1970;p90p100;;;;0.3039730787;0.3039730787
;US-ME;1970;p90p91;102597.914062;;;;
;US-ME;1970;p95p96;134371.1875;;;;
;US-ME;1970;p95p100;;;;0.1990548372;0.1990548372
;US-ME;1970;p99.5p100;360869.4375;;;0.0534584858;0.0534584858
;US-ME;1969;p0p100;33295.0351562;;12656730112.0;;
;US-ME;1969;p99p100;293940.15625;;;0.0882834867;0.0882834867
;US-ME;1969;p99.9p100;869984.6875;;;0.0261295643;0.0261295643
;US-ME;1969;p99.99p100;3238634.5;;;0.0097270804;0.0097270804
;US-ME;1969;p90p100;;;;0.3177314997;0.3177314997
;US-ME;1969;p90p91;105788.8125;;;;
;US-ME;1969;p95p96;141366.421875;;;;
;US-ME;1969;p95p100;;;;0.2122935504;0.2122935504
;US-ME;1969;p99.5p100;406167.8125;;;0.0609952547;0.0609952547
;US-ME;1968;p0p100;32621.5898438;;12376812544.0;;
;US-ME;1968;p99p100;314970.9375;;;0.0965529084;0.0965529084
;US-ME;1968;p99.9p100;954485.375;;;0.0292593166;0.0292593166
;US-ME;1968;p99.99p100;3481652.25;;;0.0106728468;0.0106728468
;US-ME;1968;p90p100;;;;0.3292819858;0.3292819858
;US-ME;1968;p90p91;107417.015625;;;;
;US-ME;1968;p95p96;145576.765625;;;;
;US-ME;1968;p95p100;;;;0.2231294662;0.2231294662
;US-ME;1968;p99.5p100;429978.375;;;0.0659039542;0.0659039542
;US-ME;1967;p0p100;31775.578125;;12029553664.0;;
;US-ME;1967;p99p100;309132.53125;;;0.0972861946;0.0972861946
;US-ME;1967;p99.9p100;873604.0625;;;0.0274929404;0.0274929404
;US-ME;1967;p99.99p100;3061992.0;;;0.0096363071;0.0096363071
;US-ME;1967;p90p100;;;;0.3255098462;0.3255098462
;US-ME;1967;p90p91;103432.632812;;;;
;US-ME;1967;p95p96;140488.171875;;;;
;US-ME;1967;p95p100;;;;0.2210631371;0.2210631371
;US-ME;1967;p99.5p100;419974.90625;;;0.0660845414;0.0660845414
;US-ME;1966;p0p100;30968.0351562;;11687271424.0;;
;US-ME;1966;p99p100;270190.46875;;;0.0872481763;0.0872481763
;US-ME;1966;p99.9p100;780880.8125;;;0.025215704;0.025215704
;US-ME;1966;p99.99p100;2527500.0;;;0.0081616417;0.0081616417
;US-ME;1966;p90p100;;;;0.3147203028;0.3147203028
;US-ME;1966;p90p91;97462.703125;;;;
;US-ME;1966;p95p96;128171.664062;;;;
;US-ME;1966;p95p100;;;;0.2069418728;0.2069418728
;US-ME;1966;p99.5p100;366783.40625;;;0.059219677;0.059219677
;US-ME;1965;p0p100;30102.8769531;;11317384192.0;;
;US-ME;1965;p99p100;292170.625;;;0.0970573723;0.0970573723
;US-ME;1965;p99.9p100;948083.8125;;;0.0314947888;0.0314947888
;US-ME;1965;p99.99p100;4303851.0;;;0.0142971408;0.0142971408
;US-ME;1965;p90p100;;;;0.3219355643;0.3219355643
;US-ME;1965;p90p91;96911.875;;;;
;US-ME;1965;p95p96;129858.53125;;;;
;US-ME;1965;p95p100;;;;0.2156912237;0.2156912237
;US-ME;1965;p99.5p100;406255.84375;;;0.0674779043;0.0674779043
;US-ME;1964;p0p100;28353.6152344;;10608525312.0;;
;US-ME;1964;p99p100;270530.8125;;;0.0954131633;0.0954131633
;US-ME;1964;p99.9p100;708119.375;;;0.0249745697;0.0249745697
;US-ME;1964;p99.99p100;2126015.25;;;0.0074982154;0.0074982154
;US-ME;1964;p90p100;;;;0.3233913183;0.3233913183
;US-ME;1964;p90p91;91693.1328125;;;;
;US-ME;1964;p95p96;122659.046875;;;;
;US-ME;1964;p95p100;;;;0.2163023055;0.2163023055
;US-ME;1964;p99.5p100;356048.3125;;;0.0627871081;0.0627871081
;US-ME;1963;p0p100;26372.2441406;;9805794304.0;;
;US-ME;1963;p99p100;220548.03125;;;0.0836288407;0.0836288407
;US-ME;1963;p99.9p100;598792.75;;;0.0227054134;0.0227054134
;US-ME;1963;p99.99p100;1568140.375;;;0.0059461771;0.0059461771
;US-ME;1963;p90p100;;;;0.3108814955;0.3108814955
;US-ME;1963;p90p91;81986.4296875;;;;
;US-ME;1963;p95p96;107957.984375;;;;
;US-ME;1963;p95p100;;;;0.2046810836;0.2046810836
;US-ME;1963;p99.5p100;299824.71875;;;0.0568447523;0.0568447523
;US-ME;1962;p0p100;25822.3925781;;9536454656.0;;
;US-ME;1962;p99p100;211535.96875;;;0.0819195881;0.0819195881
;US-ME;1962;p99.9p100;631017.75;;;0.0244368408;0.0244368408
;US-ME;1962;p99.99p100;1632400.75;;;0.0063216477;0.0063216477
;US-ME;1962;p90p100;;;;0.3087660074;0.3087660074
;US-ME;1962;p90p91;79730.7734375;;;;
;US-ME;1962;p95p96;104599.585938;;;;
;US-ME;1962;p95p100;;;;0.202536568;0.202536568
;US-ME;1962;p99.5p100;292251.3125;;;0.0565887317;0.0565887317
;US-ME;1961;p0p100;25628.7597656;;9391371264.0;;
;US-ME;1961;p99p100;234607.84375;;;0.0915408581;0.0915408581
;US-ME;1961;p99.9p100;634504.1875;;;0.0247575082;0.0247575082
;US-ME;1961;p99.99p100;1690352.5;;;0.0065955305;0.0065955305
;US-ME;1961;p90p100;;;;0.3170980513;0.3170980513
;US-ME;1961;p90p91;81268.296875;;;;
;US-ME;1961;p95p96;109338.375;;;;
;US-ME;1961;p95p100;;;;0.2133118957;0.2133118957
;US-ME;1961;p99.5p100;327554.6875;;;0.0639037341;0.0639037341
;US-ME;1960;p0p100;25619.5253906;;9303460864.0;;
;US-ME;1960;p99p100;208258.453125;;;0.0812889561;0.0812889561
;US-ME;1960;p99.9p100;577914.875;;;0.0225575939;0.0225575939
;US-ME;1960;p99.99p100;2180959.5;;;0.0085128797;0.0085128797
;US-ME;1960;p90p100;;;;0.2971577942;0.2971577942
;US-ME;1960;p90p91;76130.4140625;;;;
;US-ME;1960;p95p96;100992.09375;;;;
;US-ME;1960;p95p100;;;;0.1970998496;0.1970998496
;US-ME;1960;p99.5p100;283191.53125;;;0.05526869;0.05526869
;US-ME;1959;p0p100;24663.7773438;;8992952320.0;;
;US-ME;1959;p99p100;196593.15625;;;0.0797092617;0.0797092617
;US-ME;1959;p99.9p100;531164.5625;;;0.0215362217;0.0215362217
;US-ME;1959;p99.99p100;1532220.0;;;0.0062124301;0.0062124301
;US-ME;1959;p90p100;;;;0.3020426929;0.3020426929
;US-ME;1959;p90p91;74495.1328125;;;;
;US-ME;1959;p95p96;98434.734375;;;;
;US-ME;1959;p95p100;;;;0.1995532364;0.1995532364
;US-ME;1959;p99.5p100;266920.6875;;;0.0541118868;0.0541118868
;US-ME;1958;p0p100;23465.5605469;;8581544448.0;;
;US-ME;1958;p99p100;211405.984375;;;0.0900920182;0.0900920182
;US-ME;1958;p99.9p100;632050.8125;;;0.0269352496;0.0269352496
;US-ME;1958;p99.99p100;1422911.5;;;0.0060638287;0.0060638287
;US-ME;1958;p90p100;;;;0.3122112751;0.3122112751
;US-ME;1958;p90p91;73262.1328125;;;;
;US-ME;1958;p95p96;98203.9453125;;;;
;US-ME;1958;p95p100;;;;0.2092512101;0.2092512101
;US-ME;1958;p99.5p100;294849.25;;;0.062825948;0.062825948
;US-ME;1957;p0p100;23463.2421875;;8604313600.0;;
;US-ME;1957;p99p100;203662.6875;;;0.0868007317;0.0868007317
;US-ME;1957;p99.9p100;552501.5;;;0.0235475339;0.0235475339
;US-ME;1957;p99.99p100;1424127.25;;;0.0060696094;0.0060696094
;US-ME;1957;p90p100;;;;0.3123285472;0.3123285472
;US-ME;1957;p90p91;73282.40625;;;;
;US-ME;1957;p95p96;98184.15625;;;;
;US-ME;1957;p95p100;;;;0.2092297077;0.2092297077
;US-ME;1957;p99.5p100;277814.65625;;;0.0592020974;0.0592020974
;US-ME;1956;p0p100;23796.3046875;;8736509952.0;;
;US-ME;1956;p99p100;210867.328125;;;0.0886134803;0.0886134803
;US-ME;1956;p99.9p100;665870.5625;;;0.0279821008;0.0279821008
;US-ME;1956;p99.99p100;1492909.375;;;0.0062737023;0.0062737023
;US-ME;1956;p90p100;;;;0.2917528152;0.2917528152
;US-ME;1956;p90p91;69426.390625;;;;
;US-ME;1956;p95p96;95415.765625;;;;
;US-ME;1956;p95p100;;;;0.2004844248;0.2004844248
;US-ME;1956;p99.5p100;297997.65625;;;0.0626142696;0.0626142696
;US-ME;1955;p0p100;23181.6914062;;8521544704.0;;
;US-ME;1955;p99p100;217789.140625;;;0.0939487666;0.0939487666
;US-ME;1955;p99.9p100;641647.5;;;0.0276790615;0.0276790615
;US-ME;1955;p99.99p100;1800720.0;;;0.0077678538;0.0077678538
;US-ME;1955;p90p100;;;;0.3045022786;0.3045022786
;US-ME;1955;p90p91;70588.78125;;;;
;US-ME;1955;p95p96;95005.9375;;;;
;US-ME;1955;p95p100;;;;0.2049158961;0.2049158961
;US-ME;1955;p99.5p100;306934.78125;;;0.0662019774;0.0662019774
;US-ME;1954;p0p100;21107.1132812;;7767645184.0;;
;US-ME;1954;p99p100;189853.078125;;;0.0899474397;0.0899474397
;US-ME;1954;p99.9p100;517675.40625;;;0.0245261118;0.0245261118
;US-ME;1954;p99.99p100;1370046.375;;;0.0064909225;0.0064909225
;US-ME;1954;p90p100;;;;0.3330299258;0.3330299258
;US-ME;1954;p90p91;70293.0;;;;
;US-ME;1954;p95p96;85883.484375;;;;
;US-ME;1954;p95p100;;;;0.2034467757;0.2034467757
;US-ME;1954;p99.5p100;263075.4375;;;0.0623191409;0.0623191409
;US-ME;1953;p0p100;20956.4785156;;7719825408.0;;
;US-ME;1953;p99p100;187659.140625;;;0.0895470828;0.0895470828
;US-ME;1953;p99.9p100;576603.875;;;0.0275143515;0.0275143515
;US-ME;1953;p99.99p100;1860124.75;;;0.0088761328;0.0088761328
;US-ME;1953;p90p100;;;;0.3171606958;0.3171606958
;US-ME;1953;p90p91;66465.7109375;;;;
;US-ME;1953;p95p96;83590.4296875;;;;
;US-ME;1953;p95p100;;;;0.1994381696;0.1994381696
;US-ME;1953;p99.5p100;269294.15625;;;0.0642508268;0.0642508268
;US-ME;1952;p0p100;21285.8945312;;7855270400.0;;
;US-ME;1952;p99p100;189461.4375;;;0.0890079811;0.0890079811
;US-ME;1952;p99.9p100;586856.4375;;;0.0275702029;0.0275702029
;US-ME;1952;p99.99p100;1819574.25;;;0.0085482635;0.0085482635
;US-ME;1952;p90p100;;;;0.309722811;0.309722811
;US-ME;1952;p90p91;65927.265625;;;;
;US-ME;1952;p95p96;83931.7421875;;;;
;US-ME;1952;p95p100;;;;0.1971534342;0.1971534342
;US-ME;1952;p99.5p100;269780.4375;;;0.0633707121;0.0633707121
;US-ME;1951;p0p100;20039.078125;;7402769408.0;;
;US-ME;1951;p99p100;200276.359375;;;0.0999429002;0.0999429002
;US-ME;1951;p99.9p100;639976.5625;;;0.0319364294;0.0319364294
;US-ME;1951;p99.99p100;2096399.5;;;0.0104615567;0.0104615567
;US-ME;1951;p90p100;;;;0.3165347576;0.3165347576
;US-ME;1951;p90p91;63430.6445312;;;;
;US-ME;1951;p95p96;86966.7734375;;;;
;US-ME;1951;p95p100;;;;0.2169929594;0.2169929594
;US-ME;1951;p99.5p100;287725.625;;;0.0717911348;0.0717911348
;US-ME;1950;p0p100;19506.6757812;;7213136896.0;;
;US-ME;1950;p99p100;205814.734375;;;0.1055098921;0.1055098921
;US-ME;1950;p99.9p100;641823.0;;;0.0329027362;0.0329027362
;US-ME;1950;p99.99p100;1585131.5;;;0.0081260977;0.0081260977
;US-ME;1950;p90p100;;;;0.3292692006;0.3292692006
;US-ME;1950;p90p91;64229.4726562;;;;
;US-ME;1950;p95p96;88877.25;;;;
;US-ME;1950;p95p100;;;;0.2278123945;0.2278123945
;US-ME;1950;p99.5p100;295514.5625;;;0.075747028;0.075747028
;US-ME;1949;p0p100;19151.9199219;;7021027840.0;;
;US-ME;1949;p99p100;177726.703125;;;0.092798382;0.092798382
;US-ME;1949;p99.9p100;521616.8125;;;0.0272357464;0.0272357464
;US-ME;1949;p99.99p100;1393312.25;;;0.0072750528;0.0072750528
;US-ME;1949;p90p100;;;;0.3046977222;0.3046977222
;US-ME;1949;p90p91;58355.4609375;;;;
;US-ME;1949;p95p96;79181.7890625;;;;
;US-ME;1949;p95p100;;;;0.2067202479;0.2067202479
;US-ME;1949;p99.5p100;250037.515625;;;0.0652773976;0.0652773976
;US-ME;1948;p0p100;19772.0878906;;7207224320.0;;
;US-ME;1948;p99p100;195127.953125;;;0.0986885801;0.0986885801
;US-ME;1948;p99.9p100;588132.5625;;;0.0297455937;0.0297455937
;US-ME;1948;p99.99p100;1698851.375;;;0.0085921697;0.0085921697
;US-ME;1948;p90p100;;;;0.3109984398;0.3109984398
;US-ME;1948;p90p91;61490.8867188;;;;
;US-ME;1948;p95p96;84565.703125;;;;
;US-ME;1948;p95p100;;;;0.2138512135;0.2138512135
;US-ME;1948;p99.5p100;275027.53125;;;0.0695494339;0.0695494339
;US-ME;1947;p0p100;19065.96875;;6909241344.0;;
;US-ME;1947;p99p100;184083.375;;;0.0965507552;0.0965507552
;US-ME;1947;p99.9p100;562591.25;;;0.0295076109;0.0295076109
;US-ME;1947;p99.99p100;1617539.5;;;0.0084839081;0.0084839081
;US-ME;1947;p90p100;;;;0.3058291972;0.3058291972
;US-ME;1947;p90p91;58309.3007812;;;;
;US-ME;1947;p95p96;80012.625;;;;
;US-ME;1947;p95p100;;;;0.2098309994;0.2098309994
;US-ME;1947;p99.5p100;261086.71875;;;0.0684693009;0.0684693009
;US-ME;1946;p0p100;19796.3515625;;7116657152.0;;
;US-ME;1946;p99p100;213154.78125;;;0.1076737642;0.1076737642
;US-ME;1946;p99.9p100;648943.8125;;;0.0327809826;0.0327809826
;US-ME;1946;p99.99p100;1782339.125;;;0.009003371;0.009003371
;US-ME;1946;p90p100;;;;0.3257614076;0.3257614076
;US-ME;1946;p90p91;64488.875;;;;
;US-ME;1946;p95p96;90884.171875;;;;
;US-ME;1946;p95p100;;;;0.2295477688;0.2295477688
;US-ME;1946;p99.5p100;302324.5;;;0.0763586387;0.0763586387
;US-ME;1945;p0p100;19726.2148438;;7095498240.0;;
;US-ME;1945;p99p100;208976.796875;;;0.1059386209;0.1059386209
;US-ME;1945;p99.9p100;632130.75;;;0.0320452154;0.0320452154
;US-ME;1945;p99.99p100;1630805.75;;;0.0082672006;0.0082672006
;US-ME;1945;p90p100;;;;0.3194638193;0.3194638193
;US-ME;1945;p90p91;63018.1171875;;;;
;US-ME;1945;p95p96;88184.5234375;;;;
;US-ME;1945;p95p100;;;;0.2235211432;0.2235211432
;US-ME;1945;p99.5p100;299704.40625;;;0.0759660304;0.0759660304
;US-ME;1944;p0p100;20845.7929688;;7496341504.0;;
;US-ME;1944;p99p100;259905.0625;;;0.1246798635;0.1246798635
;US-ME;1944;p99.9p100;844925.125;;;0.0405321643;0.0405321643
;US-ME;1944;p99.99p100;2394363.25;;;0.011486074;0.011486074
;US-ME;1944;p90p100;;;;0.3619405031;0.3619405031
;US-ME;1944;p90p91;75449.3671875;;;;
;US-ME;1944;p95p96;105496.5;;;;
;US-ME;1944;p95p100;;;;0.2530402839;0.2530402839
;US-ME;1944;p99.5p100;378890.71875;;;0.0908794254;0.0908794254
;US-ME;1943;p0p100;22755.4257812;;8170798592.0;;
;US-ME;1943;p99p100;220417.328125;;;0.0968636349;0.0968636349
;US-ME;1943;p99.9p100;676582.5625;;;0.0297328029;0.0297328029
;US-ME;1943;p99.99p100;1720407.375;;;0.0075604264;0.0075604264
;US-ME;1943;p90p100;;;;0.3062194586;0.3062194586
;US-ME;1943;p90p91;69681.546875;;;;
;US-ME;1943;p95p96;94634.3515625;;;;
;US-ME;1943;p95p100;;;;0.2079380006;0.2079380006
;US-ME;1943;p99.5p100;317334.78125;;;0.0697272792;0.0697272792
;US-ME;1942;p0p100;18895.7753906;;6761311232.0;;
;US-ME;1942;p99p100;204069.203125;;;0.107997261;0.107997261
;US-ME;1942;p99.9p100;657573.4375;;;0.0348000228;0.0348000228
;US-ME;1942;p99.99p100;1968694.125;;;0.0104186991;0.0104186991
;US-ME;1942;p90p100;;;;0.3311372995;0.3311372995
;US-ME;1942;p90p91;62570.9609375;;;;
;US-ME;1942;p95p96;86136.25;;;;
;US-ME;1942;p95p100;;;;0.2279246151;0.2279246151
;US-ME;1942;p99.5p100;296582.5;;;0.0784785226;0.0784785226
;US-ME;1941;p0p100;15188.9423828;;5431150080.0;;
;US-ME;1941;p99p100;204542.6875;;;0.1346655339;0.1346655339
;US-ME;1941;p99.9p100;696568.75;;;0.0458602533;0.0458602533
;US-ME;1941;p99.99p100;2189987.5;;;0.014418303;0.014418303
;US-ME;1941;p90p100;;;;0.3887467384;0.3887467384
;US-ME;1941;p90p91;59046.515625;;;;
;US-ME;1941;p95p96;81844.859375;;;;
;US-ME;1941;p95p100;;;;0.2694225013;0.2694225013
;US-ME;1941;p99.5p100;300486.6875;;;0.0989162773;0.0989162773
;US-ME;1940;p0p100;13271.1601562;;4747020288.0;;
;US-ME;1940;p99p100;194333.46875;;;0.1464329213;0.1464329213
;US-ME;1940;p99.9p100;665355.5625;;;0.0501354523;0.0501354523
;US-ME;1940;p99.99p100;1999442.25;;;0.0150660714;0.0150660714
;US-ME;1940;p90p100;;;;0.4145180881;0.4145180881
;US-ME;1940;p90p91;55011.3554688;;;;
;US-ME;1940;p95p96;77773.15625;;;;
;US-ME;1940;p95p100;;;;0.2930156589;0.2930156589
;US-ME;1940;p99.5p100;284991.96875;;;0.1073726714;0.1073726714
;US-ME;1939;p0p100;12729.3974609;;4502601728.0;;
;US-ME;1939;p99p100;188651.625;;;0.1482015401;0.1482015401
;US-ME;1939;p99.9p100;649574.9375;;;0.0510295145;0.0510295145
;US-ME;1939;p99.99p100;1994070.5;;;0.0156650823;0.0156650823
;US-ME;1939;p90p100;;;;0.3805685341;0.3805685341
;US-ME;1939;p90p91;48444.078125;;;;
;US-ME;1939;p95p96;75002.9921875;;;;
;US-ME;1939;p95p100;;;;0.2946054339;0.2946054339
;US-ME;1939;p99.5p100;277015.34375;;;0.1088092998;0.1088092998
;US-ME;1938;p0p100;12036.6748047;;4216127744.0;;
;US-ME;1938;p99p100;266048.84375;;;0.2210318595;0.2210318595
;US-ME;1938;p99.9p100;1556201.5;;;0.1292883307;0.1292883307
;US-ME;1938;p99.99p100;11735810.0;;;0.097500436;0.097500436
;US-ME;1938;p90p100;;;;0.4607452452;0.4607452452
;US-ME;1938;p90p91;55458.40625;;;;
;US-ME;1938;p95p96;87234.484375;;;;
;US-ME;1938;p95p100;;;;0.3623695374;0.3623695374
;US-ME;1938;p99.5p100;441890.28125;;;0.1835599393;0.1835599393
;US-ME;1937;p0p100;12999.6220703;;4510894080.0;;
;US-ME;1937;p99p100;205508.78125;;;0.1580882668;0.1580882668
;US-ME;1937;p99.9p100;761879.0625;;;0.0586077869;0.0586077869
;US-ME;1937;p99.99p100;2605456.25;;;0.0200425535;0.0200425535
;US-ME;1937;p90p100;;;;0.3832623065;0.3832623065
;US-ME;1937;p90p91;49822.6484375;;;;
;US-ME;1937;p95p96;77111.3515625;;;;
;US-ME;1937;p95p100;;;;0.2965907454;0.2965907454
;US-ME;1937;p99.5p100;309408.0625;;;0.1190065593;0.1190065593
;US-ME;1936;p0p100;13477.8740234;;4641350144.0;;
;US-ME;1936;p99p100;219843.96875;;;0.1631147116;0.1631147116
;US-ME;1936;p99.9p100;826123.1875;;;0.061294768;0.061294768
;US-ME;1936;p99.99p100;2750717.5;;;0.0204091333;0.0204091333
;US-ME;1936;p90p100;;;;0.3834383786;0.3834383786
;US-ME;1936;p90p91;51679.3398438;;;;
;US-ME;1936;p95p96;79472.4140625;;;;
;US-ME;1936;p95p100;;;;0.2948254645;0.2948254645
;US-ME;1936;p99.5p100;332183.75;;;0.1232329905;0.1232329905
;US-ME;1935;p0p100;11703.6923828;;3998809856.0;;
;US-ME;1935;p99p100;169221.703125;;;0.1445883214;0.1445883214
;US-ME;1935;p99.9p100;611494.0;;;0.0522479601;0.0522479601
;US-ME;1935;p99.99p100;1990823.0;;;0.0170102138;0.0170102138
;US-ME;1935;p90p100;;;;0.3809866905;0.3809866905
;US-ME;1935;p90p91;44589.5078125;;;;
;US-ME;1935;p95p96;66017.4453125;;;;
;US-ME;1935;p95p100;;;;0.2820368707;0.2820368707
;US-ME;1935;p99.5p100;251017.109375;;;0.1072384268;0.1072384268
;US-ME;1934;p0p100;11383.5917969;;3856722176.0;;
;US-ME;1934;p99p100;159699.015625;;;0.1402887702;0.1402887702
;US-ME;1934;p99.9p100;563269.4375;;;0.0494808219;0.0494808219
;US-ME;1934;p99.99p100;1818359.125;;;0.0159735084;0.0159735084
;US-ME;1934;p90p100;;;;0.382450819;0.382450819
;US-ME;1934;p90p91;43536.640625;;;;
;US-ME;1934;p95p96;64870.875;;;;
;US-ME;1934;p95p100;;;;0.2849314809;0.2849314809
;US-ME;1934;p99.5p100;234775.5625;;;0.1031201631;0.1031201631
;US-ME;1933;p0p100;10600.9736328;;3563628800.0;;
;US-ME;1933;p99p100;147929.234375;;;0.1395430714;0.1395430714
;US-ME;1933;p99.9p100;575416.125;;;0.0542795584;0.0542795584
;US-ME;1933;p99.99p100;2249242.0;;;0.0212173164;0.0212173164
;US-ME;1933;p90p100;;;;0.3868826628;0.3868826628
;US-ME;1933;p90p91;41013.328125;;;;
;US-ME;1933;p95p96;59466.4570312;;;;
;US-ME;1933;p95p100;;;;0.2804763913;0.2804763913
;US-ME;1933;p99.5p100;220669.109375;;;0.1040796489;0.1040796489
;US-ME;1932;p0p100;10397.9921875;;3469756416.0;;
;US-ME;1932;p99p100;156913.75;;;0.15090774;0.15090774
;US-ME;1932;p99.9p100;555928.6875;;;0.0534650013;0.0534650013
;US-ME;1932;p99.99p100;1740624.875;;;0.0167400092;0.0167400092
;US-ME;1932;p90p100;;;;0.4356982708;0.4356982708
;US-ME;1932;p90p91;45303.8710938;;;;
;US-ME;1932;p95p96;64368.65625;;;;
;US-ME;1932;p95p100;;;;0.3095244467;0.3095244467
;US-ME;1932;p99.5p100;229660.59375;;;0.1104350686;0.1104350686
;US-ME;1931;p0p100;11999.5498047;;3972811776.0;;
;US-ME;1931;p99p100;193004.09375;;;0.1608427763;0.1608427763
;US-ME;1931;p99.9p100;722059.875;;;0.0601739138;0.0601739138
;US-ME;1931;p99.99p100;2909270.0;;;0.0242448263;0.0242448263
;US-ME;1931;p90p100;;;;0.4296797514;0.4296797514
;US-ME;1931;p90p91;51559.6328125;;;;
;US-ME;1931;p95p96;74187.671875;;;;
;US-ME;1931;p95p100;;;;0.3091269135;0.3091269135
;US-ME;1931;p99.5p100;285621.375;;;0.1190133765;0.1190133765
;US-ME;1930;p0p100;13089.4980469;;4294022144.0;;
;US-ME;1930;p99p100;207743.578125;;;0.1587101072;0.1587101072
;US-ME;1930;p99.9p100;715425.1875;;;0.0546564236;0.0546564236
;US-ME;1930;p99.99p100;2001907.625;;;0.0152939977;0.0152939977
;US-ME;1930;p90p100;;;;0.3924802542;0.3924802542
;US-ME;1930;p90p91;51373.703125;;;;
;US-ME;1930;p95p96;78146.2734375;;;;
;US-ME;1930;p95p100;;;;0.2985074818;0.2985074818
;US-ME;1930;p99.5p100;305487.15625;;;0.1166916937;0.1166916937
;US-ME;1929;p0p100;13747.015625;;4516703232.0;;
;US-ME;1929;p99p100;273912.40625;;;0.1992522776;0.1992522776
;US-ME;1929;p99.9p100;1163098.25;;;0.0846073329;0.0846073329
;US-ME;1929;p99.99p100;4394311.5;;;0.0319655687;0.0319655687
;US-ME;1929;p90p100;;;;0.4170276523;0.4170276523
;US-ME;1929;p90p91;57328.8554688;;;;
;US-ME;1929;p95p96;92627.984375;;;;
;US-ME;1929;p95p100;;;;0.3369021714;0.3369021714
;US-ME;1929;p99.5p100;426278.875;;;0.1550441533;0.1550441533
;US-ME;1928;p0p100;12946.5371094;;4261152512.0;;
;US-ME;1928;p99p100;272022.1875;;;0.210111931;0.210111931
;US-ME;1928;p99.9p100;1190065.0;;;0.0919214934;0.0919214934
;US-ME;1928;p99.99p100;5051670.0;;;0.0390194654;0.0390194654
;US-ME;1928;p90p100;;;;0.4280604422;0.4280604422
;US-ME;1928;p90p91;55419.0039062;;;;
;US-ME;1928;p95p96;90373.2421875;;;;
;US-ME;1928;p95p100;;;;0.3490247726;0.3490247726
;US-ME;1928;p99.5p100;427469.9375;;;0.1650904417;0.1650904417
;US-ME;1927;p0p100;12482.5693359;;4107297792.0;;
;US-ME;1927;p99p100;242270.59375;;;0.1940871179;0.1940871179
;US-ME;1927;p99.9p100;1008229.6875;;;0.0807709992;0.0807709992
;US-ME;1927;p99.99p100;3851671.75;;;0.0308564007;0.0308564007
;US-ME;1927;p90p100;;;;0.412489444;0.412489444
;US-ME;1927;p90p91;51489.28125;;;;
;US-ME;1927;p95p96;82729.0078125;;;;
;US-ME;1927;p95p100;;;;0.3313781023;0.3313781023
;US-ME;1927;p99.5p100;374916.4375;;;0.1501759887;0.1501759887
;US-ME;1926;p0p100;12936.0917969;;4248299776.0;;
;US-ME;1926;p99p100;244559.953125;;;0.1890524328;0.1890524328
;US-ME;1926;p99.9p100;1063998.5;;;0.082250379;0.082250379
;US-ME;1926;p99.99p100;4553075.0;;;0.0351966806;0.0351966806
;US-ME;1926;p90p100;;;;0.4053806663;0.4053806663
;US-ME;1926;p90p91;52440.4140625;;;;
;US-ME;1926;p95p96;83618.8984375;;;;
;US-ME;1926;p95p100;;;;0.3232000172;0.3232000172
;US-ME;1926;p99.5p100;381152.8125;;;0.1473214775;0.1473214775
;US-ME;1925;p0p100;11485.3222656;;3765719296.0;;
;US-ME;1925;p99p100;218510.765625;;;0.19025217;0.19025217
;US-ME;1925;p99.9p100;906657.3125;;;0.0789405182;0.0789405182
;US-ME;1925;p99.99p100;3344833.25;;;0.0291226767;0.0291226767
;US-ME;1925;p90p100;;;;0.4192518592;0.4192518592
;US-ME;1925;p90p91;48152.4257812;;;;
;US-ME;1925;p95p96;77002.2734375;;;;
;US-ME;1925;p95p100;;;;0.3352203369;0.3352203369
;US-ME;1925;p99.5p100;339557.09375;;;0.1478221864;0.1478221864
;US-ME;1924;p0p100;12629.8574219;;4127564288.0;;
;US-ME;1924;p99p100;189181.9375;;;0.1497894228;0.1497894228
;US-ME;1924;p99.9p100;691950.5625;;;0.054786887;0.054786887
;US-ME;1924;p99.99p100;2085540.0;;;0.0165127758;0.0165127758
;US-ME;1924;p90p100;;;;0.4089779854;0.4089779854
;US-ME;1924;p90p91;51653.3398438;;;;
;US-ME;1924;p95p96;74722.1015625;;;;
;US-ME;1924;p95p100;;;;0.295815289;0.295815289
;US-ME;1924;p99.5p100;284645.46875;;;0.1126875281;0.1126875281
;US-ME;1923;p0p100;13514.5791016;;4383640576.0;;
;US-ME;1923;p99p100;176641.140625;;;0.1307041496;0.1307041496
;US-ME;1923;p99.9p100;647315.0;;;0.04789754;0.04789754
;US-ME;1923;p99.99p100;2172864.0;;;0.0160779282;0.0160779282
;US-ME;1923;p90p100;;;;0.3747864366;0.3747864366
;US-ME;1923;p90p91;50650.8046875;;;;
;US-ME;1923;p95p96;71321.359375;;;;
;US-ME;1923;p95p100;;;;0.2638682723;0.2638682723
;US-ME;1923;p99.5p100;264138.09375;;;0.0977233946;0.0977233946
;US-ME;1922;p0p100;12811.4521484;;4132437248.0;;
;US-ME;1922;p99p100;178454.859375;;;0.1392932087;0.1392932087
;US-ME;1922;p99.9p100;671653.625;;;0.052426029;0.052426029
;US-ME;1922;p99.99p100;2285170.5;;;0.017836934;0.017836934
;US-ME;1922;p90p100;;;;0.393558234;0.393558234
;US-ME;1922;p90p91;50420.53125;;;;
;US-ME;1922;p95p96;71975.75;;;;
;US-ME;1922;p95p100;;;;0.2809039354;0.2809039354
;US-ME;1922;p99.5p100;267917.75;;;0.1045618057;0.1045618057
;US-ME;1921;p0p100;11448.8330078;;3684042752.0;;
;US-ME;1921;p99p100;152579.78125;;;0.1332710236;0.1332710236
;US-ME;1921;p99.9p100;536444.9375;;;0.0468558557;0.0468558557
;US-ME;1921;p99.99p100;1745196.0;;;0.0152434381;0.0152434381
;US-ME;1921;p90p100;;;;0.3864482045;0.3864482045
;US-ME;1921;p90p91;44243.8164062;;;;
;US-ME;1921;p95p96;61715.8359375;;;;
;US-ME;1921;p95p100;;;;0.2695288956;0.2695288956
;US-ME;1921;p99.5p100;224440.484375;;;0.0980189219;0.0980189219
;US-ME;1920;p0p100;11671.0800781;;3725648128.0;;
;US-ME;1920;p99p100;142837.203125;;;0.1223855913;0.1223855913
;US-ME;1920;p99.9p100;486152.59375;;;0.0416544639;0.0416544639
;US-ME;1920;p99.99p100;1525234.5;;;0.0130684944;0.0130684944
;US-ME;1920;p90p100;;;;0.3608796299;0.3608796299
;US-ME;1920;p90p91;42118.5507812;;;;
;US-ME;1920;p95p96;59349.7734375;;;;
;US-ME;1920;p95p100;;;;0.2542599738;0.2542599738
;US-ME;1920;p99.5p100;210085.859375;;;0.0900027454;0.0900027454
;US-ME;1919;p0p100;11954.71875;;3791878912.0;;
;US-ME;1919;p99p100;157258.265625;;;0.1315449476;0.1315449476
;US-ME;1919;p99.9p100;562530.9375;;;0.0470551439;0.0470551439
;US-ME;1919;p99.99p100;1802881.625;;;0.0150809204;0.0150809204
;US-ME;1919;p90p100;;;;0.3713972569;0.3713972569
;US-ME;1919;p90p91;44399.4960938;;;;
;US-ME;1919;p95p96;65552.796875;;;;
;US-ME;1919;p95p100;;;;0.2741712332;0.2741712332
;US-ME;1919;p99.5p100;231234.734375;;;0.0967127457;0.0967127457
;US-ME;1918;p0p100;11056.8398438;;3505093888.0;;
;US-ME;1918;p99p100;162682.890625;;;0.147133261;0.147133261
;US-ME;1918;p99.9p100;615010.625;;;0.055622641;0.055622641
;US-ME;1918;p99.99p100;1874798.875;;;0.0169560108;0.0169560108
;US-ME;1918;p90p100;;;;0.3841119409;0.3841119409
;US-ME;1918;p90p91;42470.6445312;;;;
;US-ME;1918;p95p96;64676.421875;;;;
;US-ME;1918;p95p100;;;;0.2924724519;0.2924724519
;US-ME;1918;p99.5p100;245066.9375;;;0.1108214185;0.1108214185
;US-ME;1917;p0p100;10818.2363281;;3472695808.0;;
