Variable Name;.;.;.;Fiscal income  | tax unit | Average | Adults | constant 2015 local currency;Fiscal income  | tax unit | Threshold | Adults | constant 2015 local currency;Fiscal income  | tax unit | Total | Adults | constant 2015 local currency;Fiscal income  | tax unit | Share | Adults | share of total (ratio);Pre-tax national income  | tax unit | Share | Adults | share of total (ratio)
Variable Category;.;.;.;Income inequality;Income inequality;Income inequality;Income inequality;Income inequality
Variable Description;.;.;.;Average Fiscal income within a given percentile group. Fiscal income is defined as the sum of all income items reported on income tax returns, before any deduction. It includes labour income, capital income and mixed income. The concept of fiscal income varies with national tax legislations, so in order to make international comparisons it is preferable to use the concept of national income. The population is comprised of individuals over age 20. The base unit is the tax unit defined by national fiscal administrations to measure personal income taxes.;Fiscal income threshold value at a given percentile.  Fiscal income is defined as the sum of all income items reported on income tax returns, before any deduction. It includes labour income, capital income and mixed income. The concept of fiscal income varies with national tax legislations, so in order to make international comparisons it is preferable to use the concept of national income. The population is comprised of individuals over age 20. The base unit is the tax unit defined by national fiscal administrations to measure personal income taxes.;Total Fiscal income  within a given percentile group. Fiscal income is defined as the sum of all income items reported on income tax returns, before any deduction. It includes labour income, capital income and mixed income. The concept of fiscal income varies with national tax legislations, so in order to make international comparisons it is preferable to use the concept of national income. The population is comprised of individuals over age 20.;Fiscal income share held by a given percentile group. Fiscal income is defined as the sum of all income items reported on income tax returns, before any deduction. It includes labour income, capital income and mixed income. The concept of fiscal income varies with national tax legislations, so in order to make international comparisons it is preferable to use the concept of national income. The population is comprised of individuals over age 20. The base unit is the tax unit defined by national fiscal administrations to measure personal income taxes.;Pre-tax national income share held by a given percentile group. Pre-tax national income  is the sum of all pre-tax personal income flows accruing to the owners of the production factors, labor and capital, before taking into account the operation of the tax/transfer system, but after taking into account the operation of pension system. The central difference between personal factor income and pre-tax income is the treatment of pensions, which are counted on a contribution basis by factor income and on a distribution basis by pre-tax income. The population is comprised of individuals over age 20. The base unit is the tax unit defined by national fiscal administrations to measure personal income taxes.
Variable Decomposition;.;.;.;[Fiscal income ]=[Fiscal labour income ]+[Fiscal capital income ];[Fiscal income ]=[Fiscal labour income ]+[Fiscal capital income ];[Fiscal income ]=[Fiscal labour income ]+[Fiscal capital income ];[Fiscal income ]=[Fiscal labour income ]+[Fiscal capital income ];Pre-tax national income =Pre-tax labor income [total pre-tax income ranking]+Pre-tax capital income [total pre-tax income ranking]
Variable Unit;.;.;.;"USD; United States dollar | local currency | market";"USD; United States dollar | local currency | market";"USD; United States dollar | local currency | market";share;share
Methodological Notes;.;.;.;;;;;Assuming the same distribution as fiscal income.
Sources;.;.;.;Frank, Sommeiller, Price & Saez (2015);Frank, Sommeiller, Price & Saez (2015);Frank, Sommeiller, Price & Saez (2015);Frank, Sommeiller, Price & Saez (2015);WID.world computations using: Frank, Sommeiller, Price & Saez (2015)
Variable Code;country;year;perc;afiinc992t;tfiinc992t;mfiinc992t;sfiinc992t;sptinc992t
;US-WY;2014;p0p100;80018.578125;;23458347008.0;;
;US-WY;2014;p99p100;;430191.3125;;0.268735826;0.268735826
;US-WY;2014;p99.9p100;;2675419.25;;0.1716065258;0.1716065258
;US-WY;2014;p99.99p100;;17203058.0;;0.1065122485;0.1065122485
;US-WY;2014;p90p100;;96440.0234375;;0.4649641812;0.4649641812
;US-WY;2014;p90p91;376900.53125;;;;
;US-WY;2014;p95p96;631291.9375;;;;
;US-WY;2014;p90p95;122509.164062;96440.0234375;;0.0747626945;0.0747626945
;US-WY;2014;p95p99;245514.1875;161532.8125;;0.1218198463;0.1218198463
;US-WY;2014;p99.5p99.9;1261116.5;728575.6875;;0.0628370792;0.0628370792
;US-WY;2014;p99.9p99.99;5533439.0;2675419.25;;0.0633693486;0.0633693486
;US-WY;2014;p99p99.5;549910.875;430191.3125;;0.033954449;0.033954449
;US-WY;2014;p95p100;;161532.8125;;0.3907321393;0.3907321393
;US-WY;2014;p0p90;47031.6875;;;0.5367443562;0.5367443562
;US-WY;2014;p0p99;58863.1796875;;;0.731264174;0.731264174
;US-WY;2014;p99.5p100;;728575.6875;;0.2348011285;0.2348011285
;US-WY;2014;p99.5p99.6;3798894.75;;;;
;US-WY;2014;p99.99p99.991;89699128.0;;;;
;US-WY;2014;p99.9p99.91;13950008.0;;;;
;US-WY;2014;p99p99.1;2174402.75;;;;
;US-WY;2013;p0p100;76753.953125;;21994270720.0;;
;US-WY;2013;p99p100;;384531.96875;;0.2839948833;0.2839948833
;US-WY;2013;p99.9p100;;2496727.5;;0.1921594292;0.1921594292
;US-WY;2013;p99.99p100;;17004518.0;;0.1291559786;0.1291559786
;US-WY;2013;p90p100;;142335.5625;;0.4929853082;0.4929853082
;US-WY;2013;p90p91;386469.90625;;;;
;US-WY;2013;p95p96;625609.375;;;;
;US-WY;2013;p90p95;147330.453125;142335.5625;;0.0924830958;0.0924830958
;US-WY;2013;p95p99;229383.40625;146792.28125;;0.1174241602;0.1174241602
;US-WY;2013;p99.5p99.9;1156601.875;681705.0;;0.0592769273;0.0592769273
;US-WY;2013;p99.9p99.99;5304044.5;2496727.5;;0.0620273389;0.0620273389
;US-WY;2013;p99p99.5;502189.90625;384531.96875;;0.0324453972;0.0324453972
;US-WY;2013;p95p100;;146792.28125;;0.4011726379;0.4011726379
;US-WY;2013;p0p90;42341.0703125;;;0.5071870685;0.5071870685
;US-WY;2013;p0p99;55200.8320312;;;0.7160051465;0.7160051465
;US-WY;2013;p99.5p100;;681705.0;;0.251352638;0.251352638
;US-WY;2013;p99.5p99.6;3918836.75;;;;
;US-WY;2013;p99.99p99.991;101941360.0;;;;
;US-WY;2013;p99.9p99.91;14967776.0;;;;
;US-WY;2013;p99p99.1;2210513.25;;;;
;US-WY;2012;p0p100;74100.5703125;;21468583936.0;;
;US-WY;2012;p99p100;2201030.25;;;0.2970328033;0.2970328033
;US-WY;2012;p99.9p100;13870624.0;;;0.1871864498;0.1871864498
;US-WY;2012;p99.99p100;85336032.0;;;0.1151624396;0.1151624396
;US-WY;2012;p90p100;;;;0.5134810209;0.5134810209
;US-WY;2012;p90p91;380492.375;;;;
;US-WY;2012;p95p96;622562.6875;;;;
;US-WY;2012;p95p100;;;;0.4200794995;0.4200794995
;US-WY;2012;p99.5p100;3837881.75;;;0.2589643598;0.2589643598
;US-WY;2011;p0p100;72927.734375;;20148543488.0;;
;US-WY;2011;p99p100;1581109.375;;;0.2168049663;0.2168049663
;US-WY;2011;p99.9p100;9217223.0;;;0.1263884455;0.1263884455
;US-WY;2011;p99.99p100;52643088.0;;;0.0721852779;0.0721852779
;US-WY;2011;p90p100;;;;0.4324196875;0.4324196875
;US-WY;2011;p90p91;315353.875;;;;
;US-WY;2011;p95p96;489919.3125;;;;
;US-WY;2011;p95p100;;;;0.3358936906;0.3358936906
;US-WY;2011;p99.5p100;2680421.25;;;0.1837724149;0.1837724149
;US-WY;2010;p0p100;69963.640625;;19092930560.0;;
;US-WY;2010;p99p100;1937696.125;;;0.2769576013;0.2769576013
;US-WY;2010;p99.9p100;13001984.0;;;0.1858391613;0.1858391613
;US-WY;2010;p99.99p100;87884288.0;;;0.1256142408;0.1256142408
;US-WY;2010;p90p100;;;;0.4952532351;0.4952532351
;US-WY;2010;p90p91;346497.1875;;;;
;US-WY;2010;p95p96;552644.75;;;;
;US-WY;2010;p95p100;;;;0.3949514329;0.3949514329
;US-WY;2010;p99.5p100;3407975.25;;;0.2435533255;0.2435533255
;US-WY;2009;p0p100;67226.3203125;;17908439040.0;;
;US-WY;2009;p99p100;1389568.25;;;0.2067000419;0.2067000419
;US-WY;2009;p99.9p100;8141248.0;;;0.1211021021;0.1211021021
;US-WY;2009;p99.99p100;48910208.0;;;0.0727545545;0.0727545545
;US-WY;2009;p90p100;;;;0.4306265414;0.4306265414
;US-WY;2009;p90p91;289494.375;;;;
;US-WY;2009;p95p96;440367.90625;;;;
;US-WY;2009;p95p100;;;;0.3275264204;0.3275264204
;US-WY;2009;p99.5p100;2337989.25;;;0.1738894284;0.1738894284
;US-WY;2008;p0p100;81120.1171875;;21020889088.0;;
;US-WY;2008;p99p100;2286158.25;;;0.2818238139;0.2818238139
;US-WY;2008;p99.9p100;15396711.0;;;0.1898013651;0.1898013651
;US-WY;2008;p99.99p100;101087456.0;;;0.1246145144;0.1246145144
;US-WY;2008;p90p100;;;;0.4841162264;0.4841162264
;US-WY;2008;p90p91;392715.71875;;;;
;US-WY;2008;p95p96;644213.375;;;;
;US-WY;2008;p95p100;;;;0.3970736861;0.3970736861
;US-WY;2008;p99.5p100;4035768.25;;;0.248752594;0.248752594
;US-WY;2007;p0p100;82730.4296875;;21156259840.0;;
;US-WY;2007;p99p100;2806211.25;;;0.3391994238;0.3391994238
;US-WY;2007;p99.9p100;19323636.0;;;0.2335735112;0.2335735112
;US-WY;2007;p99.99p100;125281488.0;;;0.1514333785;0.1514333785
;US-WY;2007;p90p100;;;;0.5454981327;0.5454981327
;US-WY;2007;p90p91;451292.96875;;;;
;US-WY;2007;p95p96;761120.1875;;;;
;US-WY;2007;p95p100;;;;0.4600001574;0.4600001574
;US-WY;2007;p99.5p100;5012381.0;;;0.3029345274;0.3029345274
;US-WY;2006;p0p100;79458.6328125;;20090079232.0;;
;US-WY;2006;p99p100;2619546.0;;;0.3296741843;0.3296741843
;US-WY;2006;p99.9p100;17845992.0;;;0.224594757;0.224594757
;US-WY;2006;p99.99p100;112824600.0;;;0.1419916153;0.1419916153
;US-WY;2006;p90p100;;;;0.5347355604;0.5347355604
;US-WY;2006;p90p91;424893.53125;;;;
;US-WY;2006;p95p96;711820.8125;;;;
;US-WY;2006;p95p100;;;;0.4479191303;0.4479191303
;US-WY;2006;p99.5p100;4668544.5;;;0.293772012;0.293772012
;US-WY;2005;p0p100;72301.015625;;17748060160.0;;
;US-WY;2005;p99p100;2061053.375;;;0.2850656509;0.2850656509
;US-WY;2005;p99.9p100;13379389.0;;;0.1850512028;0.1850512028
;US-WY;2005;p99.99p100;80904296.0;;;0.1118992642;0.1118992642
;US-WY;2005;p90p100;;;;0.4939192235;0.4939192235
;US-WY;2005;p90p91;357108.59375;;;;
;US-WY;2005;p95p96;583303.0;;;;
;US-WY;2005;p95p100;;;;0.4033851027;0.4033851027
;US-WY;2005;p99.5p100;3613182.0;;;0.2498708069;0.2498708069
;US-WY;2004;p0p100;64874.8359375;;15802134528.0;;
;US-WY;2004;p99p100;1604510.5;;;0.2473240346;0.2473240346
;US-WY;2004;p99.9p100;10024206.0;;;0.154516086;0.154516086
;US-WY;2004;p99.99p100;59956880.0;;;0.0924193189;0.0924193189
;US-WY;2004;p90p100;;;;0.4603161514;0.4603161514
;US-WY;2004;p90p91;298629.34375;;;;
;US-WY;2004;p95p96;481247.0;;;;
;US-WY;2004;p95p100;;;;0.3709042072;0.3709042072
;US-WY;2004;p99.5p100;2770027.25;;;0.2134901285;0.2134901285
;US-WY;2003;p0p100;60714.421875;;14469097472.0;;
;US-WY;2003;p99p100;1373590.625;;;0.2262379676;0.2262379676
;US-WY;2003;p99.9p100;8411514.0;;;0.1385422796;0.1385422796
;US-WY;2003;p99.99p100;50942392.0;;;0.0839049295;0.0839049295
;US-WY;2003;p90p100;;;;0.440612644;0.440612644
;US-WY;2003;p90p91;267515.40625;;;;
;US-WY;2003;p95p96;422092.875;;;;
;US-WY;2003;p95p100;;;;0.347605139;0.347605139
;US-WY;2003;p99.5p100;2352752.5;;;0.1937556565;0.1937556565
;US-WY;2002;p0p100;58837.4765625;;13840350208.0;;
;US-WY;2002;p99p100;1297533.875;;;0.2205284685;0.2205284685
;US-WY;2002;p99.9p100;7772576.5;;;0.1321024746;0.1321024746
;US-WY;2002;p99.99p100;45781852.0;;;0.0778106973;0.0778106973
;US-WY;2002;p90p100;;;;0.4444231391;0.4444231391
;US-WY;2002;p90p91;261487.375;;;;
;US-WY;2002;p95p96;406237.09375;;;;
;US-WY;2002;p95p100;;;;0.3452196717;0.3452196717
;US-WY;2002;p99.5p100;2208612.0;;;0.1876875013;0.1876875013
;US-WY;2001;p0p100;61799.8476562;;14057088000.0;;
;US-WY;2001;p99p100;1447183.375;;;0.2341726273;0.2341726273
;US-WY;2001;p99.9p100;8377148.5;;;0.135552898;0.135552898
;US-WY;2001;p99.99p100;46571264.0;;;0.075358212;0.075358212
;US-WY;2001;p90p100;;;;0.4567643702;0.4567643702
;US-WY;2001;p90p91;282279.6875;;;;
;US-WY;2001;p95p96;445796.09375;;;;
;US-WY;2001;p95p100;;;;0.3606773317;0.3606773317
;US-WY;2001;p99.5p100;2448897.75;;;0.1981313825;0.1981313825
;US-WY;2000;p0p100;64826.7578125;;14698273792.0;;
;US-WY;2000;p99p100;1871678.125;;;0.2887200415;0.2887200415
;US-WY;2000;p99.9p100;11958797.0;;;0.1844731867;0.1844731867
;US-WY;2000;p99.99p100;69784864.0;;;0.107648246;0.107648246
;US-WY;2000;p90p100;;;;0.5047486424;0.5047486424
;US-WY;2000;p90p91;327212.15625;;;;
;US-WY;2000;p95p96;535588.5;;;;
;US-WY;2000;p95p100;;;;0.413092196;0.413092196
;US-WY;2000;p99.5p100;3268439.5;;;0.2520903349;0.2520903349
;US-WY;1999;p0p100;62821.0546875;;13990744064.0;;
;US-WY;1999;p99p100;1595796.0;;;0.2540224791;0.2540224791
;US-WY;1999;p99.9p100;9673897.0;;;0.1539913267;0.1539913267
;US-WY;1999;p99.99p100;52657020.0;;;0.0838206559;0.0838206559
;US-WY;1999;p90p100;;;;0.4750341177;0.4750341177
;US-WY;1999;p90p91;298421.46875;;;;
;US-WY;1999;p95p96;477434.78125;;;;
;US-WY;1999;p95p100;;;;0.3799958229;0.3799958229
;US-WY;1999;p99.5p100;2753469.0;;;0.2191517651;0.2191517651
;US-WY;1998;p0p100;60453.8671875;;12896836608.0;;
;US-WY;1998;p99p100;1555420.25;;;0.2572904527;0.2572904527
;US-WY;1998;p99.9p100;9543565.0;;;0.1578652412;0.1578652412
;US-WY;1998;p99.99p100;53141584.0;;;0.0879043564;0.0879043564
;US-WY;1998;p90p100;;;;0.4785503149;0.4785503149
;US-WY;1998;p90p91;289302.15625;;;;
;US-WY;1998;p95p96;461342.59375;;;;
;US-WY;1998;p95p100;;;;0.3815658092;0.3815658092
;US-WY;1998;p99.5p100;2694702.25;;;0.2228726;0.2228726
;US-WY;1997;p0p100;54768.03125;;11965550592.0;;
;US-WY;1997;p99p100;1333621.125;;;0.2435035855;0.2435035855
;US-WY;1997;p99.9p100;8149102.0;;;0.1487930417;0.1487930417
;US-WY;1997;p99.99p100;45630732.0;;;0.0833163634;0.0833163634
;US-WY;1997;p90p100;;;;0.4738017619;0.4738017619
;US-WY;1997;p90p91;259491.890625;;;;
;US-WY;1997;p95p96;405907.1875;;;;
;US-WY;1997;p95p100;;;;0.3705694377;0.3705694377
;US-WY;1997;p99.5p100;2298586.0;;;0.2098474354;0.2098474354
;US-WY;1996;p0p100;50618.2539062;;11001227264.0;;
;US-WY;1996;p99p100;1053904.5;;;0.2082064152;0.2082064152
;US-WY;1996;p99.9p100;6090594.5;;;0.1203240752;0.1203240752
;US-WY;1996;p99.99p100;34265468.0;;;0.067693904;0.067693904
;US-WY;1996;p90p100;;;;0.4421906173;0.4421906173
;US-WY;1996;p90p91;223829.171875;;;;
;US-WY;1996;p95p96;338124.875;;;;
;US-WY;1996;p95p100;;;;0.3339950144;0.3339950144
;US-WY;1996;p99.5p100;1777280.625;;;0.1755572706;0.1755572706
;US-WY;1995;p0p100;50200.5117188;;10546052096.0;;
;US-WY;1995;p99p100;820153.75;;;0.1633755565;0.1633755565
;US-WY;1995;p99.9p100;4188012.75;;;0.0834257007;0.0834257007
;US-WY;1995;p99.99p100;20834140.0;;;0.0415018499;0.0415018499
;US-WY;1995;p90p100;;;;0.3929110169;0.3929110169
;US-WY;1995;p90p91;197243.34375;;;;
;US-WY;1995;p95p96;289531.75;;;;
;US-WY;1995;p95p100;;;;0.2883752882;0.2883752882
;US-WY;1995;p99.5p100;1333460.625;;;0.1328134388;0.1328134388
;US-WY;1994;p0p100;49081.4726562;;10242341888.0;;
;US-WY;1994;p99p100;761406.4375;;;0.1551311314;0.1551311314
;US-WY;1994;p99.9p100;3885069.0;;;0.0791555047;0.0791555047
;US-WY;1994;p99.99p100;19898496.0;;;0.0405417643;0.0405417643
;US-WY;1994;p90p100;;;;0.3806606531;0.3806606531
;US-WY;1994;p90p91;186833.859375;;;;
;US-WY;1994;p95p96;274120.21875;;;;
;US-WY;1994;p95p100;;;;0.2792502046;0.2792502046
;US-WY;1994;p99.5p100;1235156.375;;;0.1258271486;0.1258271486
;US-WY;1993;p0p100;48938.390625;;10061469696.0;;
;US-WY;1993;p99p100;744529.9375;;;0.1521361768;0.1521361768
;US-WY;1993;p99.9p100;3820890.5;;;0.0780755281;0.0780755281
;US-WY;1993;p99.99p100;19704562.0;;;0.0402640179;0.0402640179
;US-WY;1993;p90p100;;;;0.3766277134;0.3766277134
;US-WY;1993;p90p91;184315.546875;;;;
;US-WY;1993;p95p96;271543.15625;;;;
;US-WY;1993;p95p100;;;;0.2774336934;0.2774336934
;US-WY;1993;p99.5p100;1212659.375;;;0.1238965392;0.1238965392
;US-WY;1992;p0p100;48819.3476562;;9944610816.0;;
;US-WY;1992;p99p100;723708.875;;;0.1482422203;0.1482422203
;US-WY;1992;p99.9p100;3614081.0;;;0.0740296841;0.0740296841
;US-WY;1992;p99.99p100;17927284.0;;;0.0367216803;0.0367216803
;US-WY;1992;p90p100;;;;0.3669701517;0.3669701517
;US-WY;1992;p90p91;179152.453125;;;;
;US-WY;1992;p95p96;263673.875;;;;
;US-WY;1992;p95p100;;;;0.2700505853;0.2700505853
;US-WY;1992;p99.5p100;1171510.875;;;0.1199842691;0.1199842691
;US-WY;1991;p0p100;49637.9765625;;9743802368.0;;
;US-WY;1991;p99p100;652862.875;;;0.1315248758;0.1315248758
;US-WY;1991;p99.9p100;3195360.0;;;0.0643732846;0.0643732846
;US-WY;1991;p99.99p100;15582074.0;;;0.0313914344;0.0313914344
;US-WY;1991;p90p100;;;;0.3540758789;0.3540758789
;US-WY;1991;p90p91;175756.109375;;;;
;US-WY;1991;p95p96;247345.546875;;;;
;US-WY;1991;p95p100;;;;0.2491495013;0.2491495013
;US-WY;1991;p99.5p100;1050301.0;;;0.1057961062;0.1057961062
;US-WY;1990;p0p100;50960.9492188;;9784827904.0;;
;US-WY;1990;p99p100;694777.125;;;0.1363351941;0.1363351941
;US-WY;1990;p99.9p100;3523213.75;;;0.0691355541;0.0691355541
;US-WY;1990;p99.99p100;17610064.0;;;0.0345559977;0.0345559977
;US-WY;1990;p90p100;;;;0.350338608;0.350338608
;US-WY;1990;p90p91;178535.875;;;;
;US-WY;1990;p95p96;254350.484375;;;;
;US-WY;1990;p95p100;;;;0.2495543063;0.2495543063
;US-WY;1990;p99.5p100;1134349.125;;;0.1112959087;0.1112959087
;US-WY;1989;p0p100;50139.9492188;;9446659072.0;;
;US-WY;1989;p99p100;601400.1875;;;0.1199443191;0.1199443191
;US-WY;1989;p99.9p100;2351381.75;;;0.046896372;0.046896372
;US-WY;1989;p99.99p100;9082917.0;;;0.0181151312;0.0181151312
;US-WY;1989;p90p100;;;;0.3515446186;0.3515446186
;US-WY;1989;p90p91;176264.296875;;;;
;US-WY;1989;p95p96;246756.984375;;;;
;US-WY;1989;p95p100;;;;0.246068269;0.246068269
;US-WY;1989;p99.5p100;904081.5;;;0.0901558176;0.0901558176
;US-WY;1988;p0p100;47291.109375;;9185011712.0;;
;US-WY;1988;p99p100;556881.0625;;;0.1177559868;0.1177559868
;US-WY;1988;p99.9p100;2145279.75;;;0.0453632809;0.0453632809
;US-WY;1988;p99.99p100;7928893.0;;;0.0167661384;0.0167661384
;US-WY;1988;p90p100;;;;0.3517643511;0.3517643511
;US-WY;1988;p90p91;166353.265625;;;;
;US-WY;1988;p95p96;230624.703125;;;;
;US-WY;1988;p95p100;;;;0.2438351661;0.2438351661
;US-WY;1988;p99.5p100;835783.4375;;;0.0883658156;0.0883658156
;US-WY;1987;p0p100;44389.3554688;;9194810368.0;;
;US-WY;1987;p99p100;395631.09375;;;0.0891274661;0.0891274661
;US-WY;1987;p99.9p100;1281568.875;;;0.0288710836;0.0288710836
;US-WY;1987;p99.99p100;4178437.75;;;0.009413152;0.009413152
;US-WY;1987;p90p100;;;;0.3215424716;0.3215424716
;US-WY;1987;p90p91;142730.640625;;;;
;US-WY;1987;p95p96;187768.109375;;;;
;US-WY;1987;p95p100;;;;0.2115012705;0.2115012705
;US-WY;1987;p99.5p100;559689.0625;;;0.0630431622;0.0630431622
;US-WY;1986;p0p100;49104.2734375;;10432158720.0;;
;US-WY;1986;p99p100;532853.125;;;0.1085146144;0.1085146144
;US-WY;1986;p99.9p100;2123343.0;;;0.0432415083;0.0432415083
;US-WY;1986;p99.99p100;8214146.0;;;0.0167279672;0.0167279672
;US-WY;1986;p90p100;;;;0.3262446225;0.3262446225
;US-WY;1986;p90p91;160200.0625;;;;
;US-WY;1986;p95p96;221142.640625;;;;
;US-WY;1986;p95p100;;;;0.2251765877;0.2251765877
;US-WY;1986;p99.5p100;805872.5625;;;0.0820572749;0.0820572749
;US-WY;1985;p0p100;45922.8125;;9584589824.0;;
;US-WY;1985;p99p100;350050.375;;;0.0762258172;0.0762258172
;US-WY;1985;p99.9p100;1030638.125;;;0.0224428345;0.0224428345
;US-WY;1985;p99.99p100;2592389.75;;;0.0056451028;0.0056451028
;US-WY;1985;p90p100;;;;0.3013633788;0.3013633788
;US-WY;1985;p90p91;138394.53125;;;;
;US-WY;1985;p95p96;175858.1875;;;;
;US-WY;1985;p95p100;;;;0.1914714873;0.1914714873
;US-WY;1985;p99.5p100;478409.71875;;;0.0520884581;0.0520884581
;US-WY;1984;p0p100;44585.5351562;;9145888768.0;;
;US-WY;1984;p99p100;373820.5;;;0.0838434398;0.0838434398
;US-WY;1984;p99.9p100;1359686.125;;;0.0304961242;0.0304961242
;US-WY;1984;p99.99p100;5144527.0;;;0.0115385558;0.0115385558
;US-WY;1984;p90p100;;;;0.3026824296;0.3026824296
;US-WY;1984;p90p91;134952.59375;;;;
;US-WY;1984;p95p96;177482.734375;;;;
;US-WY;1984;p95p100;;;;0.1990362257;0.1990362257
;US-WY;1984;p99.5p100;542008.5625;;;0.0607830025;0.0607830025
;US-WY;1983;p0p100;42855.4101562;;8642578432.0;;
;US-WY;1983;p99p100;399057.6875;;;0.0931172222;0.0931172222
;US-WY;1983;p99.9p100;1642063.375;;;0.0383163579;0.0383163579
;US-WY;1983;p99.99p100;6670330.0;;;0.0155647323;0.0155647323
;US-WY;1983;p90p100;;;;0.3069569767;0.3069569767
;US-WY;1983;p90p91;131547.6875;;;;
;US-WY;1983;p95p96;180470.265625;;;;
;US-WY;1983;p95p100;;;;0.210557133;0.210557133
;US-WY;1983;p99.5p100;610699.625;;;0.0712511688;0.0712511688
;US-WY;1982;p0p100;52390.3632812;;11149593600.0;;
;US-WY;1982;p99p100;458695.96875;;;0.0875535011;0.0875535011
;US-WY;1982;p99.9p100;1774217.0;;;0.0338653326;0.0338653326
;US-WY;1982;p99.99p100;7366606.0;;;0.0140609946;0.0140609946
;US-WY;1982;p90p100;;;;0.3000982106;0.3000982106
;US-WY;1982;p90p91;157222.53125;;;;
;US-WY;1982;p95p96;209927.875;;;;
;US-WY;1982;p95p100;;;;0.2003497183;0.2003497183
;US-WY;1982;p99.5p100;676843.125;;;0.0645961463;0.0645961463
;US-WY;1981;p0p100;54785.7148438;;11143875584.0;;
;US-WY;1981;p99p100;495544.9375;;;0.0904514939;0.0904514939
;US-WY;1981;p99.9p100;1788243.25;;;0.0326406844;0.0326406844
;US-WY;1981;p99.99p100;6107297.0;;;0.0111476099;0.0111476099
;US-WY;1981;p90p100;;;;0.2995450497;0.2995450497
;US-WY;1981;p90p91;164107.90625;;;;
;US-WY;1981;p95p96;220368.0;;;;
;US-WY;1981;p95p100;;;;0.2011181414;0.2011181414
;US-WY;1981;p99.5p100;727507.0625;;;0.0663956925;0.0663956925
;US-WY;1980;p0p100;55487.96875;;10918610944.0;;
;US-WY;1980;p99p100;492039.53125;;;0.0886749998;0.0886749998
;US-WY;1980;p99.9p100;1727922.5;;;0.0311404932;0.0311404932
;US-WY;1980;p99.99p100;5963863.5;;;0.0107480306;0.0107480306
;US-WY;1980;p90p100;;;;0.2859240174;0.2859240174
;US-WY;1980;p90p91;158653.421875;;;;
;US-WY;1980;p95p96;220706.296875;;;;
;US-WY;1980;p95p100;;;;0.1988776326;0.1988776326
;US-WY;1980;p99.5p100;711882.6875;;;0.0641474873;0.0641474873
;US-WY;1979;p0p100;56421.4257812;;10298632192.0;;
;US-WY;1979;p99p100;515173.25;;;0.0913080797;0.0913080797
;US-WY;1979;p99.9p100;2031076.25;;;0.0359983146;0.0359983146
;US-WY;1979;p99.99p100;9665680.0;;;0.0171312224;0.0171312224
;US-WY;1979;p90p100;;;;0.2950584888;0.2950584888
;US-WY;1979;p90p91;166476.21875;;;;
;US-WY;1979;p95p96;224439.640625;;;;
;US-WY;1979;p95p100;;;;0.1988957375;0.1988957375
;US-WY;1979;p99.5p100;757294.0625;;;0.0671104938;0.0671104938
;US-WY;1978;p0p100;51289.90625;;9344053248.0;;
;US-WY;1978;p99p100;423003.84375;;;0.082473129;0.082473129
;US-WY;1978;p99.9p100;1270626.125;;;0.024773417;0.024773417
;US-WY;1978;p99.99p100;3864648.5;;;0.0075349105;0.0075349105
;US-WY;1978;p90p100;;;;0.297742337;0.297742337
;US-WY;1978;p90p91;152711.75;;;;
;US-WY;1978;p95p96;203360.640625;;;;
;US-WY;1978;p95p100;;;;0.1982462704;0.1982462704
;US-WY;1978;p99.5p100;584191.5;;;0.0569499508;0.0569499508
;US-WY;1977;p0p100;47725.5898438;;8344528384.0;;
;US-WY;1977;p99p100;399079.09375;;;0.0836195201;0.0836195201
;US-WY;1977;p99.9p100;1208548.25;;;0.0253228582;0.0253228582
;US-WY;1977;p99.99p100;3226711.75;;;0.0067609679;0.0067609679
;US-WY;1977;p90p100;;;;0.2990478873;0.2990478873
;US-WY;1977;p90p91;142722.375;;;;
;US-WY;1977;p95p96;188078.40625;;;;
;US-WY;1977;p95p100;;;;0.1970414668;0.1970414668
;US-WY;1977;p99.5p100;551622.875;;;0.0577911027;0.0577911027
;US-WY;1976;p0p100;45237.3125;;7595589120.0;;
;US-WY;1976;p99p100;372954.96875;;;0.0824441016;0.0824441016
;US-WY;1976;p99.9p100;1127894.75;;;0.0249328427;0.0249328427
;US-WY;1976;p99.99p100;3840095.5;;;0.008488779;0.008488779
;US-WY;1976;p90p100;;;;0.3022049665;0.3022049665
;US-WY;1976;p90p91;136709.40625;;;;
;US-WY;1976;p95p96;181063.109375;;;;
;US-WY;1976;p95p100;;;;0.2001258582;0.2001258582
;US-WY;1976;p99.5p100;515703.84375;;;0.0569998324;0.0569998324
;US-WY;1975;p0p100;44283.3984375;;7144898560.0;;
;US-WY;1975;p99p100;399406.0;;;0.0901931599;0.0901931599
;US-WY;1975;p99.9p100;1269512.0;;;0.028667897;0.028667897
;US-WY;1975;p99.99p100;4390605.5;;;0.0099147884;0.0099147884
;US-WY;1975;p90p100;;;;0.3129947186;0.3129947186
;US-WY;1975;p90p91;138604.703125;;;;
;US-WY;1975;p95p96;187147.390625;;;;
;US-WY;1975;p95p100;;;;0.2113064677;0.2113064677
;US-WY;1975;p99.5p100;555801.3125;;;0.0627550408;0.0627550408
;US-WY;1974;p0p100;44960.4335938;;6968723456.0;;
;US-WY;1974;p99p100;395900.5;;;0.0880553126;0.0880553126
;US-WY;1974;p99.9p100;1208006.625;;;0.0268682167;0.0268682167
;US-WY;1974;p99.99p100;3967048.75;;;0.0088234218;0.0088234218
;US-WY;1974;p90p100;;;;0.3150818348;0.3150818348
;US-WY;1974;p90p91;141662.15625;;;;
;US-WY;1974;p95p96;189280.1875;;;;
;US-WY;1974;p95p100;;;;0.2104964107;0.2104964107
;US-WY;1974;p99.5p100;550732.125;;;0.0612463169;0.0612463169
;US-WY;1973;p0p100;43293.25;;6451443200.0;;
;US-WY;1973;p99p100;369058.1875;;;0.0852461308;0.0852461308
;US-WY;1973;p99.9p100;1158884.25;;;0.0267682429;0.0267682429
;US-WY;1973;p99.99p100;4542448.0;;;0.0104922773;0.0104922773
;US-WY;1973;p90p100;;;;0.3081964254;0.3081964254
;US-WY;1973;p90p91;133428.265625;;;;
;US-WY;1973;p95p96;177182.484375;;;;
;US-WY;1973;p95p100;;;;0.2046305984;0.2046305984
;US-WY;1973;p99.5p100;514233.8125;;;0.0593896024;0.0593896024
;US-WY;1972;p0p100;41146.3242188;;5892993536.0;;
;US-WY;1972;p99p100;313673.84375;;;0.0762337372;0.0762337372
;US-WY;1972;p99.9p100;930350.75;;;0.0226107873;0.0226107873
;US-WY;1972;p99.99p100;2713030.0;;;0.0065936144;0.0065936144
;US-WY;1972;p90p100;;;;0.2893397808;0.2893397808
;US-WY;1972;p90p91;119052.6875;;;;
;US-WY;1972;p95p96;155689.0625;;;;
;US-WY;1972;p95p100;;;;0.1891895235;0.1891895235
;US-WY;1972;p99.5p100;425935.375;;;0.0517586172;0.0517586172
;US-WY;1971;p0p100;39368.3554688;;5413086208.0;;
;US-WY;1971;p99p100;347922.34375;;;0.0883761346;0.0883761346
;US-WY;1971;p99.9p100;1231177.375;;;0.0312732719;0.0312732719
;US-WY;1971;p99.99p100;6034733.5;;;0.0153288925;0.0153288925
;US-WY;1971;p90p100;;;;0.3082854748;0.3082854748
;US-WY;1971;p90p91;121366.9375;;;;
;US-WY;1971;p95p96;159604.375;;;;
;US-WY;1971;p95p100;;;;0.2027064115;0.2027064115
;US-WY;1971;p99.5p100;494235.625;;;0.0627706647;0.0627706647
;US-WY;1970;p0p100;38771.28125;;5108449792.0;;
;US-WY;1970;p99p100;316261.0625;;;0.081570968;0.081570968
;US-WY;1970;p99.9p100;1159341.875;;;0.0299020801;0.0299020801
;US-WY;1970;p99.99p100;5336015.0;;;0.0137628037;0.0137628037
;US-WY;1970;p90p100;;;;0.2881820798;0.2881820798
;US-WY;1970;p90p91;111731.867188;;;;
;US-WY;1970;p95p96;146008.578125;;;;
;US-WY;1970;p95p100;;;;0.1882947683;0.1882947683
;US-WY;1970;p99.5p100;475657.8125;;;0.0613415204;0.0613415204
;US-WY;1969;p0p100;37487.0507812;;4932617216.0;;
;US-WY;1969;p99p100;313677.9375;;;0.0836763605;0.0836763605
;US-WY;1969;p99.9p100;933625.1875;;;0.0249052756;0.0249052756
;US-WY;1969;p99.99p100;3260449.25;;;0.0086975358;0.0086975358
;US-WY;1969;p90p100;;;;0.3046857119;0.3046857119
;US-WY;1969;p90p91;114217.664062;;;;
;US-WY;1969;p95p96;150981.671875;;;;
;US-WY;1969;p95p100;;;;0.2013784647;0.2013784647
;US-WY;1969;p99.5p100;428430.78125;;;0.0571438447;0.0571438447
;US-WY;1968;p0p100;36371.9609375;;4788276736.0;;
;US-WY;1968;p99p100;336538.96875;;;0.0925270393;0.0925270393
;US-WY;1968;p99.9p100;1028939.0;;;0.0282893479;0.0282893479
;US-WY;1968;p99.99p100;4504161.0;;;0.0123836081;0.0123836081
;US-WY;1968;p90p100;;;;0.318942517;0.318942517
;US-WY;1968;p90p91;116005.648438;;;;
;US-WY;1968;p95p96;156614.5625;;;;
;US-WY;1968;p95p100;;;;0.2152957469;0.2152957469
;US-WY;1968;p99.5p100;480441.15625;;;0.066045545;0.066045545
;US-WY;1967;p0p100;35356.4492188;;4655734784.0;;
;US-WY;1967;p99p100;294283.53125;;;0.083233349;0.083233349
;US-WY;1967;p99.9p100;814025.375;;;0.023023393;0.023023393
;US-WY;1967;p99.99p100;2915416.0;;;0.0082457839;0.0082457839
;US-WY;1967;p90p100;;;;0.3031507134;0.3031507134
;US-WY;1967;p90p91;107183.328125;;;;
;US-WY;1967;p95p96;143046.015625;;;;
;US-WY;1967;p95p100;;;;0.2022912651;0.2022912651
;US-WY;1967;p99.5p100;403785.75;;;0.0571021363;0.0571021363
;US-WY;1966;p0p100;33517.8320312;;4410558976.0;;
;US-WY;1966;p99p100;297888.5;;;0.0888746306;0.0888746306
;US-WY;1966;p99.9p100;824601.5625;;;0.0246018767;0.0246018767
;US-WY;1966;p99.99p100;2946224.25;;;0.0087900199;0.0087900199
;US-WY;1966;p90p100;;;;0.3158114552;0.3158114552
;US-WY;1966;p90p91;105853.15625;;;;
;US-WY;1966;p95p96;138432.5625;;;;
;US-WY;1966;p95p100;;;;0.20650585;0.20650585
;US-WY;1966;p99.5p100;429140.90625;;;0.0640168115;0.0640168115
;US-WY;1965;p0p100;33593.0;;4414279168.0;;
;US-WY;1965;p99p100;280628.5625;;;0.0835378021;0.0835378021
;US-WY;1965;p99.9p100;978490.1875;;;0.0291277971;0.0291277971
;US-WY;1965;p99.99p100;4256708.0;;;0.0126714129;0.0126714129
;US-WY;1965;p90p100;;;;0.3094858527;0.3094858527
;US-WY;1965;p90p91;103965.585938;;;;
;US-WY;1965;p95p96;136627.171875;;;;
;US-WY;1965;p95p100;;;;0.2033565789;0.2033565789
;US-WY;1965;p99.5p100;398662.59375;;;0.0593371429;0.0593371429
;US-WY;1964;p0p100;33119.6054688;;4341694976.0;;
;US-WY;1964;p99p100;279470.5;;;0.0843821988;0.0843821988
;US-WY;1964;p99.9p100;900618.25;;;0.0271929055;0.0271929055
;US-WY;1964;p99.99p100;3984428.75;;;0.0120304255;0.0120304255
;US-WY;1964;p90p100;;;;0.3049229681;0.3049229681
;US-WY;1964;p90p91;100989.273438;;;;
;US-WY;1964;p95p96;131501.5625;;;;
;US-WY;1964;p95p100;;;;0.1985252798;0.1985252798
;US-WY;1964;p99.5p100;376605.6875;;;0.0568554066;0.0568554066
;US-WY;1963;p0p100;32340.1953125;;4223384832.0;;
;US-WY;1963;p99p100;328000.96875;;;0.1014220789;0.1014220789
;US-WY;1963;p99.9p100;1443001.375;;;0.0446194373;0.0446194373
;US-WY;1963;p99.99p100;9084150.0;;;0.0280893482;0.0280893482
;US-WY;1963;p90p100;;;;0.3256840408;0.3256840408
;US-WY;1963;p90p91;105326.851562;;;;
;US-WY;1963;p95p96;143427.953125;;;;
;US-WY;1963;p95p100;;;;0.2217487395;0.2217487395
;US-WY;1963;p99.5p100;497322.90625;;;0.076889284;0.076889284
;US-WY;1962;p0p100;31930.390625;;4151755520.0;;
;US-WY;1962;p99p100;251792.46875;;;0.0788566768;0.0788566768
;US-WY;1962;p99.9p100;664689.625;;;0.0208168328;0.0208168328
;US-WY;1962;p99.99p100;1846605.625;;;0.0057832226;0.0057832226
;US-WY;1962;p90p100;;;;0.2958496511;0.2958496511
;US-WY;1962;p90p91;94465.953125;;;;
;US-WY;1962;p95p96;123975.773438;;;;
;US-WY;1962;p95p100;;;;0.1941344291;0.1941344291
;US-WY;1962;p99.5p100;341619.65625;;;0.0534944348;0.0534944348
;US-WY;1961;p0p100;31852.7128906;;4119453184.0;;
;US-WY;1961;p99p100;245127.765625;;;0.0769566447;0.0769566447
;US-WY;1961;p99.9p100;509090.40625;;;0.0159826409;0.0159826409
;US-WY;1961;p99.99p100;1174865.5;;;0.0036884318;0.0036884318
;US-WY;1961;p90p100;;;;0.3003988862;0.3003988862
;US-WY;1961;p90p91;95685.1953125;;;;
;US-WY;1961;p95p96;125602.15625;;;;
;US-WY;1961;p95p100;;;;0.1971608549;0.1971608549
;US-WY;1961;p99.5p100;321386.875;;;0.050448902;0.050448902
;US-WY;1960;p0p100;30562.1699219;;3926486528.0;;
;US-WY;1960;p99p100;238914.84375;;;0.0781733841;0.0781733841
;US-WY;1960;p99.9p100;596868.875;;;0.0195296612;0.0195296612
;US-WY;1960;p99.99p100;1363600.625;;;0.0044617271;0.0044617271
;US-WY;1960;p90p100;;;;0.3027395308;0.3027395308
;US-WY;1960;p90p91;92523.7734375;;;;
;US-WY;1960;p95p96;122255.8125;;;;
;US-WY;1960;p95p100;;;;0.2000116706;0.2000116706
;US-WY;1960;p99.5p100;318438.03125;;;0.0520967618;0.0520967618
;US-WY;1959;p0p100;30060.3554688;;3851882496.0;;
;US-WY;1959;p99p100;242967.140625;;;0.080826439;0.080826439
;US-WY;1959;p99.9p100;726078.5;;;0.0241540205;0.0241540205
;US-WY;1959;p99.99p100;1521292.25;;;0.0050607929;0.0050607929
;US-WY;1959;p90p100;;;;0.2992033064;0.2992033064
;US-WY;1959;p90p91;89941.578125;;;;
;US-WY;1959;p95p96;117947.640625;;;;
;US-WY;1959;p95p100;;;;0.1961847097;0.1961847097
;US-WY;1959;p99.5p100;342329.09375;;;0.0569402948;0.0569402948
;US-WY;1958;p0p100;28310.8183594;;3614206208.0;;
;US-WY;1958;p99p100;241663.03125;;;0.0853606686;0.0853606686
;US-WY;1958;p99.9p100;700181.625;;;0.0247319452;0.0247319452
;US-WY;1958;p99.99p100;1532990.0;;;0.0054148561;0.0054148561
;US-WY;1958;p90p100;;;;0.3160032034;0.3160032034
;US-WY;1958;p90p91;89463.09375;;;;
;US-WY;1958;p95p96;118740.140625;;;;
;US-WY;1958;p95p100;;;;0.2097080797;0.2097080797
;US-WY;1958;p99.5p100;325807.21875;;;0.0575411171;0.0575411171
;US-WY;1957;p0p100;28790.984375;;3661006080.0;;
;US-WY;1957;p99p100;233104.046875;;;0.0809642449;0.0809642449
;US-WY;1957;p99.9p100;788460.6875;;;0.02738568;0.02738568
;US-WY;1957;p99.99p100;2110907.0;;;0.0073318332;0.0073318332
;US-WY;1957;p90p100;;;;0.3118703663;0.3118703663
;US-WY;1957;p90p91;89790.5546875;;;;
;US-WY;1957;p95p96;113130.992188;;;;
;US-WY;1957;p95p100;;;;0.196469456;0.196469456
;US-WY;1957;p99.5p100;331719.15625;;;0.0576081686;0.0576081686
;US-WY;1956;p0p100;28338.0800781;;3583475200.0;;
;US-WY;1956;p99p100;274851.4375;;;0.0969901532;0.0969901532
;US-WY;1956;p99.9p100;847723.125;;;0.0299146287;0.0299146287
;US-WY;1956;p99.99p100;2345103.25;;;0.0082754493;0.0082754493
;US-WY;1956;p90p100;;;;0.3017369211;0.3017369211
;US-WY;1956;p90p91;85506.4453125;;;;
;US-WY;1956;p95p96;118580.671875;;;;
;US-WY;1956;p95p100;;;;0.2092249691;0.2092249691
;US-WY;1956;p99.5p100;400885.09375;;;0.0707325861;0.0707325861
;US-WY;1955;p0p100;27596.7539062;;3470775552.0;;
;US-WY;1955;p99p100;219837.4375;;;0.0796606094;0.0796606094
;US-WY;1955;p99.9p100;628778.3125;;;0.0227845032;0.0227845032
;US-WY;1955;p99.99p100;1750319.125;;;0.0063424818;0.0063424818
;US-WY;1955;p90p100;;;;0.3009184599;0.3009184599
;US-WY;1955;p90p91;83043.734375;;;;
;US-WY;1955;p95p96;108820.09375;;;;
;US-WY;1955;p95p100;;;;0.1971610188;0.1971610188
;US-WY;1955;p99.5p100;296252.28125;;;0.0536752082;0.0536752082
;US-WY;1954;p0p100;25766.7363281;;3222589952.0;;
;US-WY;1954;p99p100;228635.9375;;;0.0887329802;0.0887329802
;US-WY;1954;p99.9p100;824074.8125;;;0.0319821201;0.0319821201
;US-WY;1954;p99.99p100;2498146.75;;;0.0096952394;0.0096952394
;US-WY;1954;p90p100;;;;0.3014709949;0.3014709949
;US-WY;1954;p90p91;77679.2421875;;;;
;US-WY;1954;p95p96;104585.195312;;;;
;US-WY;1954;p95p100;;;;0.2029461414;0.2029461414
;US-WY;1954;p99.5p100;332763.0625;;;0.0645722225;0.0645722225
;US-WY;1953;p0p100;26865.9316406;;3340919296.0;;
;US-WY;1953;p99p100;188434.6875;;;0.070138894;0.070138894
;US-WY;1953;p99.9p100;485385.40625;;;0.0180669464;0.0180669464
;US-WY;1953;p99.99p100;1087794.0;;;0.0040489715;0.0040489715
;US-WY;1953;p90p100;;;;0.2835170329;0.2835170329
;US-WY;1953;p90p91;76169.5;;;;
;US-WY;1953;p95p96;97549.203125;;;;
;US-WY;1953;p95p100;;;;0.1815481335;0.1815481335
;US-WY;1953;p99.5p100;250008.078125;;;0.0465288274;0.0465288274
;US-WY;1952;p0p100;27484.359375;;3401100800.0;;
;US-WY;1952;p99p100;245425.203125;;;0.0892963186;0.0892963186
;US-WY;1952;p99.9p100;783310.1875;;;0.0285002161;0.0285002161
;US-WY;1952;p99.99p100;2973937.0;;;0.0108204708;0.0108204708
;US-WY;1952;p90p100;;;;0.2976062596;0.2976062596
;US-WY;1952;p90p91;81795.1796875;;;;
;US-WY;1952;p95p96;111258.773438;;;;
;US-WY;1952;p95p100;;;;0.2024038136;0.2024038136
;US-WY;1952;p99.5p100;346396.75;;;0.0630170628;0.0630170628
;US-WY;1951;p0p100;29030.3222656;;3572093184.0;;
;US-WY;1951;p99p100;291269.3125;;;0.1003327891;0.1003327891
;US-WY;1951;p99.9p100;788273.875;;;0.0271534678;0.0271534678
;US-WY;1951;p99.99p100;2001093.375;;;0.0068931151;0.0068931151
;US-WY;1951;p90p100;;;;0.3190734982;0.3190734982
;US-WY;1951;p90p91;92628.0625;;;;
;US-WY;1951;p95p96;133710.8125;;;;
;US-WY;1951;p95p100;;;;0.2302950919;0.2302950919
;US-WY;1951;p99.5p100;395175.09375;;;0.0680624694;0.0680624694
;US-WY;1950;p0p100;27404.3964844;;3352782336.0;;
;US-WY;1950;p99p100;262814.1875;;;0.0959021896;0.0959021896
;US-WY;1950;p99.9p100;719855.375;;;0.0262678787;0.0262678787
;US-WY;1950;p99.99p100;1398278.125;;;0.0051023858;0.0051023858
;US-WY;1950;p90p100;;;;0.3100376725;0.3100376725
;US-WY;1950;p90p91;84963.9609375;;;;
;US-WY;1950;p95p96;118580.984375;;;;
;US-WY;1950;p95p100;;;;0.2163539231;0.2163539231
;US-WY;1950;p99.5p100;359832.1875;;;0.0656522736;0.0656522736
;US-WY;1949;p0p100;25437.3847656;;3072007168.0;;
;US-WY;1949;p99p100;209052.234375;;;0.0821830705;0.0821830705
;US-WY;1949;p99.9p100;524821.125;;;0.0206318833;0.0206318833
;US-WY;1949;p99.99p100;1267249.375;;;0.0049818382;0.0049818382
;US-WY;1949;p90p100;;;;0.2894950211;0.2894950211
;US-WY;1949;p90p91;73639.9609375;;;;
;US-WY;1949;p95p96;97057.4609375;;;;
;US-WY;1949;p95p100;;;;0.1907772124;0.1907772124
;US-WY;1949;p99.5p100;283785.71875;;;0.0557812266;0.0557812266
;US-WY;1948;p0p100;24299.890625;;2905349632.0;;
;US-WY;1948;p99p100;247431.8125;;;0.1018242538;0.1018242538
;US-WY;1948;p99.9p100;676491.5625;;;0.0278392863;0.0278392863
;US-WY;1948;p99.99p100;1652913.625;;;0.0068021445;0.0068021445
;US-WY;1948;p90p100;;;;0.3265723586;0.3265723586
;US-WY;1948;p90p91;79356.7265625;;;;
;US-WY;1948;p95p96;114715.507812;;;;
;US-WY;1948;p95p100;;;;0.2360412031;0.2360412031
;US-WY;1948;p99.5p100;339410.0625;;;0.0698377788;0.0698377788
;US-WY;1947;p0p100;22939.4667969;;2714879488.0;;
;US-WY;1947;p99p100;217598.453125;;;0.0948576778;0.0948576778
;US-WY;1947;p99.9p100;601084.4375;;;0.0262030717;0.0262030717
;US-WY;1947;p99.99p100;1870591.125;;;0.0081544667;0.0081544667
;US-WY;1947;p90p100;;;;0.3173460364;0.3173460364
;US-WY;1947;p90p91;72797.484375;;;;
;US-WY;1947;p95p96;101017.140625;;;;
;US-WY;1947;p95p100;;;;0.2201819867;0.2201819867
;US-WY;1947;p99.5p100;295569.78125;;;0.0644238666;0.0644238666
;US-WY;1946;p0p100;22600.2792969;;2641907968.0;;
;US-WY;1946;p99p100;222073.40625;;;0.0982613564;0.0982613564
;US-WY;1946;p99.9p100;577007.0;;;0.0255309679;0.0255309679
;US-WY;1946;p99.99p100;1518374.25;;;0.0067183874;0.0067183874
;US-WY;1946;p90p100;;;;0.3160347939;0.3160347939
;US-WY;1946;p90p91;71424.75;;;;
;US-WY;1946;p95p96;100021.273438;;;;
;US-WY;1946;p95p100;;;;0.2212832719;0.2212832719
;US-WY;1946;p99.5p100;297113.53125;;;0.0657322705;0.0657322705
;US-WY;1945;p0p100;21414.4023438;;2493878528.0;;
;US-WY;1945;p99p100;202002.21875;;;0.0943300724;0.0943300724
;US-WY;1945;p99.9p100;518023.6875;;;0.0241904333;0.0241904333
;US-WY;1945;p99.99p100;1107204.625;;;0.0051703732;0.0051703732
;US-WY;1945;p90p100;;;;0.3177142143;0.3177142143
;US-WY;1945;p90p91;68036.6015625;;;;
;US-WY;1945;p95p96;91876.703125;;;;
;US-WY;1945;p95p100;;;;0.2145207971;0.2145207971
;US-WY;1945;p99.5p100;275480.0625;;;0.064321205;0.064321205
;US-WY;1944;p0p100;21463.6582031;;2488181248.0;;
;US-WY;1944;p99p100;237279.015625;;;0.1105491966;0.1105491966
;US-WY;1944;p99.9p100;780226.4375;;;0.0363510437;0.0363510437
;US-WY;1944;p99.99p100;2219206.5;;;0.0103393681;0.0103393681
;US-WY;1944;p90p100;;;;0.3272352815;0.3272352815
;US-WY;1944;p90p91;70236.6640625;;;;
;US-WY;1944;p95p96;97342.6015625;;;;
;US-WY;1944;p95p100;;;;0.2267614305;0.2267614305
;US-WY;1944;p99.5p100;347279.875;;;0.0808994994;0.0808994994
;US-WY;1943;p0p100;22537.2050781;;2597431552.0;;
;US-WY;1943;p99p100;232084.71875;;;0.1029784828;0.1029784828
;US-WY;1943;p99.9p100;701904.0625;;;0.0311442353;0.0311442353
;US-WY;1943;p99.99p100;2079817.25;;;0.0092283729;0.0092283729
;US-WY;1943;p90p100;;;;0.3284135461;0.3284135461
;US-WY;1943;p90p91;74015.2421875;;;;
;US-WY;1943;p95p96;102135.523438;;;;
;US-WY;1943;p95p100;;;;0.2265931368;0.2265931368
;US-WY;1943;p99.5p100;329004.03125;;;0.0729913041;0.0729913041
;US-WY;1942;p0p100;19329.1074219;;2210343168.0;;
;US-WY;1942;p99p100;233779.171875;;;0.1209467053;0.1209467053
;US-WY;1942;p99.9p100;771606.875;;;0.0399194285;0.0399194285
;US-WY;1942;p99.99p100;2642318.75;;;0.0136701539;0.0136701539
;US-WY;1942;p90p100;;;;0.3530887365;0.3530887365
;US-WY;1942;p90p91;68248.90625;;;;
;US-WY;1942;p95p96;95797.125;;;;
;US-WY;1942;p95p100;;;;0.247805357;0.247805357
;US-WY;1942;p99.5p100;338235.0;;;0.0874936953;0.0874936953
;US-WY;1941;p0p100;17184.4375;;1955233152.0;;
;US-WY;1941;p99p100;229560.265625;;;0.1335861236;0.1335861236
;US-WY;1941;p99.9p100;728688.0625;;;0.0424039476;0.0424039476
;US-WY;1941;p99.99p100;2708375.75;;;0.0157606304;0.0157606304
;US-WY;1941;p90p100;;;;0.3896385431;0.3896385431
;US-WY;1941;p90p91;66957.1953125;;;;
;US-WY;1941;p95p96;94751.7578125;;;;
;US-WY;1941;p95p100;;;;0.2756905556;0.2756905556
;US-WY;1941;p99.5p100;328973.3125;;;0.0957183763;0.0957183763
;US-WY;1940;p0p100;14091.5507812;;1596934400.0;;
;US-WY;1940;p99p100;186354.84375;;;0.1322458088;0.1322458088
;US-WY;1940;p99.9p100;531617.875;;;0.0377260037;0.0377260037
;US-WY;1940;p99.99p100;1617896.5;;;0.0114813242;0.0114813242
;US-WY;1940;p90p100;;;;0.4268793762;0.4268793762
;US-WY;1940;p90p91;60153.921875;;;;
;US-WY;1940;p95p96;82047.25;;;;
;US-WY;1940;p95p100;;;;0.2911221385;0.2911221385
;US-WY;1940;p99.5p100;261275.65625;;;0.0927065015;0.0927065015
;US-WY;1939;p0p100;14114.4755859;;1566491008.0;;
;US-WY;1939;p99p100;177339.9375;;;0.1256440133;0.1256440133
;US-WY;1939;p99.9p100;586529.4375;;;0.04155517;0.04155517
;US-WY;1939;p99.99p100;2316515.5;;;0.0164123382;0.0164123382
;US-WY;1939;p90p100;;;;0.3866625726;0.3866625726
;US-WY;1939;p90p91;54575.3945312;;;;
;US-WY;1939;p95p96;77568.265625;;;;
;US-WY;1939;p95p100;;;;0.2747826874;0.2747826874
;US-WY;1939;p99.5p100;253037.5625;;;0.0896376073;0.0896376073
;US-WY;1938;p0p100;13618.2558594;;1482270592.0;;
;US-WY;1938;p99p100;143728.890625;;;0.105541341;0.105541341
;US-WY;1938;p99.9p100;377575.75;;;0.0277257059;0.0277257059
;US-WY;1938;p99.99p100;871438.25;;;0.0063990443;0.0063990443
;US-WY;1938;p90p100;;;;0.3670578301;0.3670578301
;US-WY;1938;p90p91;49986.8710938;;;;
;US-WY;1938;p95p96;68455.796875;;;;
;US-WY;1938;p95p100;;;;0.2513383329;0.2513383329
;US-WY;1938;p99.5p100;195060.984375;;;0.0716174617;0.0716174617
;US-WY;1937;p0p100;14432.5966797;;1541226880.0;;
;US-WY;1937;p99p100;165546.1875;;;0.1147029772;0.1147029772
;US-WY;1937;p99.9p100;523842.03125;;;0.0362957567;0.0362957567
;US-WY;1937;p99.99p100;1890261.125;;;0.0130971652;0.0130971652
;US-WY;1937;p90p100;;;;0.3702990115;0.3702990115
;US-WY;1937;p90p91;53443.765625;;;;
;US-WY;1937;p95p96;73857.71875;;;;
;US-WY;1937;p95p100;;;;0.2558712065;0.2558712065
;US-WY;1937;p99.5p100;234189.53125;;;0.0811321512;0.0811321512
;US-WY;1936;p0p100;13633.9599609;;1430956544.0;;
;US-WY;1936;p99p100;168731.453125;;;0.1237582192;0.1237582192
;US-WY;1936;p99.9p100;573204.125;;;0.0420423821;0.0420423821
;US-WY;1936;p99.99p100;2448781.75;;;0.0179608986;0.0179608986
;US-WY;1936;p90p100;;;;0.3827486336;0.3827486336
;US-WY;1936;p90p91;52183.7929688;;;;
;US-WY;1936;p95p96;73219.828125;;;;
;US-WY;1936;p95p100;;;;0.2685200572;0.2685200572
;US-WY;1936;p99.5p100;242267.078125;;;0.0888469219;0.0888469219
;US-WY;1935;p0p100;12708.34375;;1310598528.0;;
;US-WY;1935;p99p100;141094.046875;;;0.1110247374;0.1110247374
;US-WY;1935;p99.9p100;446193.96875;;;0.0351103172;0.0351103172
;US-WY;1935;p99.99p100;1882255.0;;;0.0148111749;0.0148111749
;US-WY;1935;p90p100;;;;0.3651472032;0.3651472032
;US-WY;1935;p90p91;46404.1601562;;;;
;US-WY;1935;p95p96;64614.0625;;;;
;US-WY;1935;p95p100;;;;0.2542190254;0.2542190254
;US-WY;1935;p99.5p100;197892.9375;;;0.0778594539;0.0778594539
;US-WY;1934;p0p100;10606.6962891;;1074195712.0;;
;US-WY;1934;p99p100;126324.5;;;0.1190988049;0.1190988049
;US-WY;1934;p99.9p100;406380.5625;;;0.0383135825;0.0383135825
;US-WY;1934;p99.99p100;1952345.0;;;0.0184067208;0.0184067208
;US-WY;1934;p90p100;;;;0.3988076448;0.3988076448
;US-WY;1934;p90p91;42300.3203125;;;;
;US-WY;1934;p95p96;60199.8867188;;;;
;US-WY;1934;p95p100;;;;0.2837824225;0.2837824225
;US-WY;1934;p99.5p100;176409.015625;;;0.0831592605;0.0831592605
;US-WY;1933;p0p100;10039.7216797;;999134528.0;;
;US-WY;1933;p99p100;113803.492188;;;0.1133532301;0.1133532301
;US-WY;1933;p99.9p100;393599.6875;;;0.0392042436;0.0392042436
;US-WY;1933;p99.99p100;2025481.375;;;0.0201746766;0.0201746766
;US-WY;1933;p90p100;;;;0.3887872398;0.3887872398
;US-WY;1933;p90p91;39033.15625;;;;
;US-WY;1933;p95p96;54290.3632812;;;;
;US-WY;1933;p95p100;;;;0.2703778148;0.2703778148
;US-WY;1933;p99.5p100;160405.4375;;;0.0798854008;0.0798854008
;US-WY;1932;p0p100;9903.765625;;968939840.0;;
;US-WY;1932;p99p100;97301.40625;;;0.0982468873;0.0982468873
;US-WY;1932;p99.9p100;237996.25;;;0.0240308847;0.0240308847
;US-WY;1932;p99.99p100;561789.6875;;;0.0056724856;0.0056724856
;US-WY;1932;p90p100;;;;0.3988192677;0.3988192677
;US-WY;1932;p90p91;39498.125;;;;
;US-WY;1932;p95p96;52969.9882812;;;;
;US-WY;1932;p95p100;;;;0.2674234807;0.2674234807
;US-WY;1932;p99.5p100;126943.554688;;;0.0640885308;0.0640885308
;US-WY;1931;p0p100;11272.2958984;;1083636736.0;;
;US-WY;1931;p99p100;111421.1875;;;0.0988451615;0.0988451615
;US-WY;1931;p99.9p100;262978.375;;;0.0233296193;0.0233296193
;US-WY;1931;p99.99p100;540013.5625;;;0.0047906265;0.0047906265
;US-WY;1931;p90p100;;;;0.3813325465;0.3813325465
;US-WY;1931;p90p91;42984.9335938;;;;
;US-WY;1931;p95p96;57889.015625;;;;
;US-WY;1931;p95p100;;;;0.2567756474;0.2567756474
;US-WY;1931;p99.5p100;144960.25;;;0.064299345;0.064299345
;US-WY;1930;p0p100;13094.1298828;;1235229312.0;;
;US-WY;1930;p99p100;126731.101562;;;0.0967846662;0.0967846662
;US-WY;1930;p99.9p100;334580.53125;;;0.0255519487;0.0255519487
;US-WY;1930;p99.99p100;655437.4375;;;0.0050055822;0.0050055822
;US-WY;1930;p90p100;;;;0.3352818489;0.3352818489
;US-WY;1930;p90p91;43902.2421875;;;;
;US-WY;1930;p95p96;60077.3671875;;;;
;US-WY;1930;p95p100;;;;0.2294057161;0.2294057161
;US-WY;1930;p99.5p100;170309.296875;;;0.0650326908;0.0650326908
;US-WY;1929;p0p100;15215.3300781;;1423402880.0;;
;US-WY;1929;p99p100;154065.78125;;;0.1012569442;0.1012569442
;US-WY;1929;p99.9p100;393840.0;;;0.0258844215;0.0258844215
;US-WY;1929;p99.99p100;842881.1875;;;0.0055396836;0.0055396836
;US-WY;1929;p90p100;;;;0.3301190436;0.3301190436
;US-WY;1929;p90p91;50228.703125;;;;
;US-WY;1929;p95p96;71008.515625;;;;
;US-WY;1929;p95p100;;;;0.2333453149;0.2333453149
;US-WY;1929;p99.5p100;206148.359375;;;0.0677436367;0.0677436367
;US-WY;1928;p0p100;13925.3945312;;1292164992.0;;
;US-WY;1928;p99p100;173442.546875;;;0.1245512664;0.1245512664
;US-WY;1928;p99.9p100;498999.09375;;;0.0358337499;0.0358337499
;US-WY;1928;p99.99p100;1363321.25;;;0.0097901812;0.0097901812
;US-WY;1928;p90p100;;;;0.3853598833;0.3853598833
;US-WY;1928;p90p91;53662.8867188;;;;
;US-WY;1928;p95p96;75984.8046875;;;;
;US-WY;1928;p95p100;;;;0.2728281915;0.2728281915
;US-WY;1928;p99.5p100;240253.453125;;;0.086264506;0.086264506
;US-WY;1927;p0p100;13820.3046875;;1269435008.0;;
;US-WY;1927;p99p100;151332.203125;;;0.1094999164;0.1094999164
;US-WY;1927;p99.9p100;410071.375;;;0.0296716634;0.0296716634
;US-WY;1927;p99.99p100;1037452.6875;;;0.0075067286;0.0075067286
;US-WY;1927;p90p100;;;;0.3653996885;0.3653996885
;US-WY;1927;p90p91;50499.34375;;;;
;US-WY;1927;p95p96;69389.0703125;;;;
;US-WY;1927;p95p100;;;;0.2510403395;0.2510403395
;US-WY;1927;p99.5p100;207544.359375;;;0.0750867575;0.0750867575
;US-WY;1926;p0p100;14008.4570312;;1271588736.0;;
;US-WY;1926;p99p100;149235.109375;;;0.1065321639;0.1065321639
;US-WY;1926;p99.9p100;415384.0;;;0.0296523757;0.0296523757
;US-WY;1926;p99.99p100;881600.5625;;;0.0062933457;0.0062933457
;US-WY;1926;p90p100;;;;0.3602931499;0.3602931499
;US-WY;1926;p90p91;50471.5078125;;;;
;US-WY;1926;p95p96;69178.5703125;;;;
;US-WY;1926;p95p100;;;;0.2469171882;0.2469171882
;US-WY;1926;p99.5p100;205716.953125;;;0.0734259933;0.0734259933
;US-WY;1925;p0p100;14605.4599609;;1310593536.0;;
;US-WY;1925;p99p100;144490.828125;;;0.0989293307;0.0989293307
;US-WY;1925;p99.9p100;396381.90625;;;0.0271392968;0.0271392968
;US-WY;1925;p99.99p100;958884.1875;;;0.0065652453;0.0065652453
;US-WY;1925;p90p100;;;;0.3526923358;0.3526923358
;US-WY;1925;p90p91;51512.3359375;;;;
;US-WY;1925;p95p96;68023.046875;;;;
;US-WY;1925;p95p100;;;;0.2328685671;0.2328685671
;US-WY;1925;p99.5p100;197726.1875;;;0.0676891357;0.0676891357
;US-WY;1924;p0p100;21314.796875;;1887679616.0;;
;US-WY;1924;p99p100;140577.0625;;;0.0659528077;0.0659528077
;US-WY;1924;p99.9p100;405184.25;;;0.0190095287;0.0190095287
;US-WY;1924;p99.99p100;1238109.875;;;0.0058086873;0.0058086873
;US-WY;1924;p90p100;;;;0.260946542;0.260946542
;US-WY;1924;p90p91;55620.2226562;;;;
;US-WY;1924;p95p96;70053.171875;;;;
;US-WY;1924;p95p100;;;;0.1643299013;0.1643299013
;US-WY;1924;p99.5p100;195573.171875;;;0.0458773263;0.0458773263
;US-WY;1923;p0p100;20576.4472656;;1790845824.0;;
;US-WY;1923;p99p100;124171.851562;;;0.0603465997;0.0603465997
;US-WY;1923;p99.9p100;363397.375;;;0.0176608432;0.0176608432
;US-WY;1923;p99.99p100;844743.4375;;;0.0041053905;0.0041053905
;US-WY;1923;p90p100;;;;0.2481834292;0.2481834292
;US-WY;1923;p90p91;51067.328125;;;;
;US-WY;1923;p95p96;64662.4335938;;;;
;US-WY;1923;p95p100;;;;0.1571273208;0.1571273208
;US-WY;1923;p99.5p100;175691.1875;;;0.0426923037;0.0426923037
;US-WY;1922;p0p100;18456.5332031;;1581674368.0;;
;US-WY;1922;p99p100;131464.640625;;;0.0712293237;0.0712293237
;US-WY;1922;p99.9p100;370821.875;;;0.0200916324;0.0200916324
;US-WY;1922;p99.99p100;798104.6875;;;0.0043242392;0.0043242392
;US-WY;1922;p90p100;;;;0.2601873577;0.2601873577
;US-WY;1922;p90p91;48021.5703125;;;;
;US-WY;1922;p95p96;63467.8671875;;;;
;US-WY;1922;p95p100;;;;0.1719387472;0.1719387472
;US-WY;1922;p99.5p100;181953.25;;;0.049292367;0.049292367
;US-WY;1921;p0p100;18147.2148438;;1536158976.0;;
;US-WY;1921;p99p100;117031.203125;;;0.0644899011;0.0644899011
;US-WY;1921;p99.9p100;350350.4375;;;0.0193060152;0.0193060152
;US-WY;1921;p99.99p100;1006491.0625;;;0.005546256;0.005546256
;US-WY;1921;p90p100;;;;0.2461947501;0.2461947501
;US-WY;1921;p90p91;44677.4921875;;;;
;US-WY;1921;p95p96;57231.1132812;;;;
;US-WY;1921;p95p100;;;;0.1576856673;0.1576856673
;US-WY;1921;p99.5p100;163868.71875;;;0.0451498255;0.0451498255
;US-WY;1920;p0p100;20108.0585938;;1671965568.0;;
;US-WY;1920;p99p100;110701.15625;;;0.0550531223;0.0550531223
;US-WY;1920;p99.9p100;300956.625;;;0.0149669647;0.0149669647
;US-WY;1920;p99.99p100;704606.1875;;;0.0035040984;0.0035040984
;US-WY;1920;p90p100;;;;0.2088210583;0.2088210583
;US-WY;1920;p90p91;41989.8632812;;;;
;US-WY;1920;p95p96;54322.015625;;;;
;US-WY;1920;p95p100;;;;0.1350752264;0.1350752264
;US-WY;1920;p99.5p100;151479.59375;;;0.0376663879;0.0376663879
;US-WY;1919;p0p100;22590.6796875;;1799043200.0;;
;US-WY;1919;p99p100;176519.609375;;;0.0781382471;0.0781382471
;US-WY;1919;p99.9p100;515759.03125;;;0.022830613;0.022830613
;US-WY;1919;p99.99p100;1244151.375;;;0.0055073663;0.0055073663
;US-WY;1919;p90p100;;;;0.2462954372;0.2462954372
;US-WY;1919;p90p91;55639.8125;;;;
;US-WY;1919;p95p96;76447.9296875;;;;
;US-WY;1919;p95p100;;;;0.1692023724;0.1692023724
;US-WY;1919;p99.5p100;248057.15625;;;0.0549025461;0.0549025461
;US-WY;1918;p0p100;14618.5771484;;1121506304.0;;
;US-WY;1918;p99p100;193237.703125;;;0.1321864128;0.1321864128
;US-WY;1918;p99.9p100;569453.4375;;;0.0389540978;0.0389540978
;US-WY;1918;p99.99p100;1332152.125;;;0.0091127353;0.0091127353
;US-WY;1918;p90p100;;;;0.3497304618;0.3497304618
;US-WY;1918;p90p91;51125.6132812;;;;
;US-WY;1918;p95p96;75838.671875;;;;
;US-WY;1918;p95p100;;;;0.259391427;0.259391427
;US-WY;1918;p99.5p100;274864.1875;;;0.0940119624;0.0940119624
;US-WY;1917;p0p100;20346.6308594;;1523567232.0;;
