Variable Name;.;.;.;Fiscal income  | tax unit | Average | Adults | constant 2015 local currency;Fiscal income  | tax unit | Threshold | Adults | constant 2015 local currency;Fiscal income  | tax unit | Total | Adults | constant 2015 local currency;Fiscal income  | tax unit | Share | Adults | share of total (ratio);Pre-tax national income  | tax unit | Share | Adults | share of total (ratio)
Variable Category;.;.;.;Income inequality;Income inequality;Income inequality;Income inequality;Income inequality
Variable Description;.;.;.;Average Fiscal income within a given percentile group. Fiscal income is defined as the sum of all income items reported on income tax returns, before any deduction. It includes labour income, capital income and mixed income. The concept of fiscal income varies with national tax legislations, so in order to make international comparisons it is preferable to use the concept of national income. The population is comprised of individuals over age 20. The base unit is the tax unit defined by national fiscal administrations to measure personal income taxes.;Fiscal income threshold value at a given percentile.  Fiscal income is defined as the sum of all income items reported on income tax returns, before any deduction. It includes labour income, capital income and mixed income. The concept of fiscal income varies with national tax legislations, so in order to make international comparisons it is preferable to use the concept of national income. The population is comprised of individuals over age 20. The base unit is the tax unit defined by national fiscal administrations to measure personal income taxes.;Total Fiscal income  within a given percentile group. Fiscal income is defined as the sum of all income items reported on income tax returns, before any deduction. It includes labour income, capital income and mixed income. The concept of fiscal income varies with national tax legislations, so in order to make international comparisons it is preferable to use the concept of national income. The population is comprised of individuals over age 20.;Fiscal income share held by a given percentile group. Fiscal income is defined as the sum of all income items reported on income tax returns, before any deduction. It includes labour income, capital income and mixed income. The concept of fiscal income varies with national tax legislations, so in order to make international comparisons it is preferable to use the concept of national income. The population is comprised of individuals over age 20. The base unit is the tax unit defined by national fiscal administrations to measure personal income taxes.;Pre-tax national income share held by a given percentile group. Pre-tax national income  is the sum of all pre-tax personal income flows accruing to the owners of the production factors, labor and capital, before taking into account the operation of the tax/transfer system, but after taking into account the operation of pension system. The central difference between personal factor income and pre-tax income is the treatment of pensions, which are counted on a contribution basis by factor income and on a distribution basis by pre-tax income. The population is comprised of individuals over age 20. The base unit is the tax unit defined by national fiscal administrations to measure personal income taxes.
Variable Decomposition;.;.;.;[Fiscal income ]=[Fiscal labour income ]+[Fiscal capital income ];[Fiscal income ]=[Fiscal labour income ]+[Fiscal capital income ];[Fiscal income ]=[Fiscal labour income ]+[Fiscal capital income ];[Fiscal income ]=[Fiscal labour income ]+[Fiscal capital income ];Pre-tax national income =Pre-tax labor income [total pre-tax income ranking]+Pre-tax capital income [total pre-tax income ranking]
Variable Unit;.;.;.;"USD; United States dollar | local currency | market";"USD; United States dollar | local currency | market";"USD; United States dollar | local currency | market";share;share
Methodological Notes;.;.;.;;;;;Assuming the same distribution as fiscal income.
Sources;.;.;.;Frank, Sommeiller, Price & Saez (2015);Frank, Sommeiller, Price & Saez (2015);Frank, Sommeiller, Price & Saez (2015);Frank, Sommeiller, Price & Saez (2015);WID.world computations using: Frank, Sommeiller, Price & Saez (2015)
Variable Code;country;year;perc;afiinc992t;tfiinc992t;mfiinc992t;sfiinc992t;sptinc992t
;US-NM;2014;p0p100;44742.65625;;47839645696.0;;
;US-NM;2014;p99p100;;253179.0;;0.1474590749;0.1474590749
;US-NM;2014;p99.9p100;;1010128.75;;0.0620141476;0.0620141476
;US-NM;2014;p99.99p100;;4426098.0;;0.0262293182;0.0262293182
;US-NM;2014;p90p100;;104646.59375;;0.452744931;0.452744931
;US-NM;2014;p90p91;205206.828125;;;;
;US-NM;2014;p95p96;284098.375;;;;
;US-NM;2014;p90p95;126315.304688;104646.59375;;0.1378609836;0.1378609836
;US-NM;2014;p95p99;188338.0;131140.515625;;0.1671276987;0.1671276987
;US-NM;2014;p99.5p99.9;577386.375;389239.625;;0.0514512956;0.0514512956
;US-NM;2014;p99.9p99.99;1759638.875;1010128.75;;0.0360393301;0.0360393301
;US-NM;2014;p99p99.5;308613.0;253179.0;;0.0340790637;0.0340790637
;US-NM;2014;p95p100;;131140.515625;;0.3144754171;0.3144754171
;US-NM;2014;p0p90;26913.3046875;;;0.5472123027;0.5472123027
;US-NM;2014;p0p99;38455.8164062;;;0.8525409102;0.8525409102
;US-NM;2014;p99.5p100;;389239.625;;0.1133752316;0.1133752316
;US-NM;2014;p99.5p99.6;1025666.6875;;;;
;US-NM;2014;p99.99p99.991;12351129.0;;;;
;US-NM;2014;p99.9p99.91;2818788.0;;;;
;US-NM;2014;p99p99.1;667139.8125;;;;
;US-NM;2013;p0p100;43974.359375;;45945122816.0;;
;US-NM;2013;p99p100;;241358.515625;;0.1389462948;0.1389462948
;US-NM;2013;p99.9p100;;930133.0;;0.0572272539;0.0572272539
;US-NM;2013;p99.99p100;;4021040.25;;0.0244149566;0.0244149566
;US-NM;2013;p90p100;;104318.507812;;0.4421466291;0.4421466291
;US-NM;2013;p90p91;198585.15625;;;;
;US-NM;2013;p95p96;269844.4375;;;;
;US-NM;2013;p90p95;127325.859375;104318.507812;;0.1395043433;0.1395043433
;US-NM;2013;p95p99;182399.515625;127092.179688;;0.1629747748;0.1629747748
;US-NM;2013;p99.5p99.9;544058.8125;368497.1875;;0.0486686043;0.0486686043
;US-NM;2013;p99.9p99.99;1610895.625;930133.0;;0.0328809731;0.0328809731
;US-NM;2013;p99p99.5;293229.1875;241358.515625;;0.033066906;0.033066906
;US-NM;2013;p95p100;;127092.179688;;0.3020249307;0.3020249307
;US-NM;2013;p0p90;26795.3808594;;;0.5584894419;0.5584894419
;US-NM;2013;p0p99;38159.7148438;;;0.8610537052;0.8610537052
;US-NM;2013;p99.5p100;;368497.1875;;0.1059076861;0.1059076861
;US-NM;2013;p99.5p99.6;946019.1875;;;;
;US-NM;2013;p99.99p99.991;11040547.0;;;;
;US-NM;2013;p99.9p99.91;2553860.75;;;;
;US-NM;2013;p99p99.1;619624.1875;;;;
;US-NM;2012;p0p100;45836.546875;;49217765376.0;;
;US-NM;2012;p99p100;695184.6875;;;0.1516660303;0.1516660303
;US-NM;2012;p99.9p100;3003304.0;;;0.0655220449;0.0655220449
;US-NM;2012;p99.99p100;12430692.0;;;0.0271196086;0.0271196086
;US-NM;2012;p90p100;;;;0.4377523661;0.4377523661
;US-NM;2012;p90p91;200650.5625;;;;
;US-NM;2012;p95p96;278706.75;;;;
;US-NM;2012;p95p100;;;;0.3040224016;0.3040224016
;US-NM;2012;p99.5p100;1081253.875;;;0.1179466993;0.1179466993
;US-NM;2011;p0p100;44087.3554688;;46684725248.0;;
;US-NM;2011;p99p100;598480.3125;;;0.1357487589;0.1357487589
;US-NM;2011;p99.9p100;2332957.75;;;0.0529167168;0.0529167168
;US-NM;2011;p99.99p100;9210241.0;;;0.0208908934;0.0208908934
;US-NM;2011;p90p100;;;;0.4285518527;0.4285518527
;US-NM;2011;p90p91;188937.171875;;;;
;US-NM;2011;p95p96;256032.21875;;;;
;US-NM;2011;p95p100;;;;0.2903692424;0.2903692424
;US-NM;2011;p99.5p100;886421.75;;;0.1005301625;0.1005301625
;US-NM;2010;p0p100;43845.4726562;;46089256960.0;;
;US-NM;2010;p99p100;644542.6875;;;0.1470032632;0.1470032632
;US-NM;2010;p99.9p100;2807426.0;;;0.064030014;0.064030014
;US-NM;2010;p99.99p100;13343584.0;;;0.0304332096;0.0304332096
;US-NM;2010;p90p100;;;;0.4411815405;0.4411815405
;US-NM;2010;p90p91;193438.109375;;;;
;US-NM;2010;p95p96;272843.25;;;;
;US-NM;2010;p95p100;;;;0.3111418784;0.3111418784
;US-NM;2010;p99.5p100;974893.1875;;;0.1111737713;0.1111737713
;US-NM;2009;p0p100;42781.9765625;;44048363520.0;;
;US-NM;2009;p99p100;616908.1875;;;0.1441981494;0.1441981494
;US-NM;2009;p99.9p100;2514657.25;;;0.0587784238;0.0587784238
;US-NM;2009;p99.99p100;10510767.0;;;0.0245682131;0.0245682131
;US-NM;2009;p90p100;;;;0.4401166439;0.4401166439
;US-NM;2009;p90p91;188290.609375;;;;
;US-NM;2009;p95p96;263445.78125;;;;
;US-NM;2009;p95p100;;;;0.3078934252;0.3078934252
;US-NM;2009;p99.5p100;930582.8125;;;0.1087587476;0.1087587476
;US-NM;2008;p0p100;47689.9375;;47900352512.0;;
;US-NM;2008;p99p100;754305.875;;;0.1581687629;0.1581687629
;US-NM;2008;p99.9p100;3223543.75;;;0.0675937906;0.0675937906
;US-NM;2008;p99.99p100;13429729.0;;;0.0281605087;0.0281605087
;US-NM;2008;p90p100;;;;0.4401768148;0.4401768148
;US-NM;2008;p90p91;209920.0625;;;;
;US-NM;2008;p95p96;292107.25;;;;
;US-NM;2008;p95p100;;;;0.3062567115;0.3062567115
;US-NM;2008;p99.5p100;1161190.0;;;0.1217437014;0.1217437014
;US-NM;2007;p0p100;51427.9960938;;50577522688.0;;
;US-NM;2007;p99p100;910139.25;;;0.1769734919;0.1769734919
;US-NM;2007;p99.9p100;4091513.5;;;0.0795580894;0.0795580894
;US-NM;2007;p99.99p100;17317678.0;;;0.0336736366;0.0336736366
;US-NM;2007;p90p100;;;;0.4503214657;0.4503214657
;US-NM;2007;p90p91;231591.328125;;;;
;US-NM;2007;p95p96;332571.1875;;;;
;US-NM;2007;p95p100;;;;0.3233366907;0.3233366907
;US-NM;2007;p99.5p100;1429825.625;;;0.1390123665;0.1390123665
;US-NM;2006;p0p100;49211.5742188;;48123338752.0;;
;US-NM;2006;p99p100;829876.125;;;0.1686343402;0.1686343402
;US-NM;2006;p99.9p100;3545686.25;;;0.0720498487;0.0720498487
;US-NM;2006;p99.99p100;14058396.0;;;0.0285672564;0.0285672564
;US-NM;2006;p90p100;;;;0.4460401833;0.4460401833
;US-NM;2006;p90p91;219503.390625;;;;
;US-NM;2006;p95p96;319771.8125;;;;
;US-NM;2006;p95p100;;;;0.3248949647;0.3248949647
;US-NM;2006;p99.5p100;1285203.125;;;0.1305793524;0.1305793524
;US-NM;2005;p0p100;47810.484375;;46469783552.0;;
;US-NM;2005;p99p100;746403.5625;;;0.1561171412;0.1561171412
;US-NM;2005;p99.9p100;3143649.75;;;0.0657523125;0.0657523125
;US-NM;2005;p99.99p100;12333400.0;;;0.0257964376;0.0257964376
;US-NM;2005;p90p100;;;;0.4280559123;0.4280559123
;US-NM;2005;p90p91;204655.578125;;;;
;US-NM;2005;p95p96;296483.3125;;;;
;US-NM;2005;p95p100;;;;0.3100610077;0.3100610077
;US-NM;2005;p99.5p100;1148721.75;;;0.1201328337;0.1201328337
;US-NM;2004;p0p100;46323.6679688;;43069509632.0;;
;US-NM;2004;p99p100;635786.375;;;0.1372486949;0.1372486949
;US-NM;2004;p99.9p100;2525117.75;;;0.0545103103;0.0545103103
;US-NM;2004;p99.99p100;9601380.0;;;0.0207267255;0.0207267255
;US-NM;2004;p90p100;;;;0.4110536873;0.4110536873
;US-NM;2004;p90p91;190415.15625;;;;
;US-NM;2004;p95p96;270749.21875;;;;
;US-NM;2004;p95p100;;;;0.2922363579;0.2922363579
;US-NM;2004;p99.5p100;957698.8125;;;0.1033703461;0.1033703461
;US-NM;2003;p0p100;44462.6835938;;40497049600.0;;
;US-NM;2003;p99p100;545747.375;;;0.122742787;0.122742787
;US-NM;2003;p99.9p100;1988249.75;;;0.0447172672;0.0447172672
;US-NM;2003;p99.99p100;7163718.0;;;0.016111752;0.016111752
;US-NM;2003;p90p100;;;;0.4007738233;0.4007738233
;US-NM;2003;p90p91;178194.8125;;;;
;US-NM;2003;p95p96;245674.234375;;;;
;US-NM;2003;p95p100;;;;0.2762701213;0.2762701213
;US-NM;2003;p99.5p100;799497.3125;;;0.0899065509;0.0899065509
;US-NM;2002;p0p100;45340.5351562;;40373702656.0;;
;US-NM;2002;p99p100;548516.5;;;0.1209770739;0.1209770739
;US-NM;2002;p99.9p100;2028935.5;;;0.0447488241;0.0447488241
;US-NM;2002;p99.99p100;7379533.0;;;0.0162757952;0.0162757952
;US-NM;2002;p90p100;;;;0.3918247819;0.3918247819
;US-NM;2002;p90p91;177655.453125;;;;
;US-NM;2002;p95p96;244714.59375;;;;
;US-NM;2002;p95p100;;;;0.26986292;0.26986292
;US-NM;2002;p99.5p100;807540.6875;;;0.0890528411;0.0890528411
;US-NM;2001;p0p100;47502.921875;;41137823744.0;;
;US-NM;2001;p99p100;818088.5;;;0.1722185612;0.1722185612
;US-NM;2001;p99.9p100;3540526.0;;;0.0745328069;0.0745328069
;US-NM;2001;p99.99p100;15202095.0;;;0.0320024416;0.0320024416
;US-NM;2001;p90p100;;;;0.4644757211;0.4644757211
;US-NM;2001;p90p91;220639.546875;;;;
;US-NM;2001;p95p96;319528.1875;;;;
;US-NM;2001;p95p100;;;;0.3363247514;0.3363247514
;US-NM;2001;p99.5p100;1255907.75;;;0.1321926713;0.1321926713
;US-NM;2000;p0p100;48238.8710938;;40374439936.0;;
;US-NM;2000;p99p100;467679.125;;;0.09695068;0.09695068
;US-NM;2000;p99.9p100;1652185.125;;;0.0342500806;0.0342500806
;US-NM;2000;p99.99p100;5674399.0;;;0.0117631257;0.0117631257
;US-NM;2000;p90p100;;;;0.3356207013;0.3356207013
;US-NM;2000;p90p91;161899.640625;;;;
;US-NM;2000;p95p96;219892.8125;;;;
;US-NM;2000;p95p100;;;;0.2279207706;0.2279207706
;US-NM;2000;p99.5p100;669133.0;;;0.0693562031;0.0693562031
;US-NM;1999;p0p100;47829.0429688;;38928392192.0;;
;US-NM;1999;p99p100;659427.4375;;;0.1378717571;0.1378717571
;US-NM;1999;p99.9p100;2651747.0;;;0.0554421879;0.0554421879
;US-NM;1999;p99.99p100;10200045.0;;;0.0213260464;0.0213260464
;US-NM;1999;p90p100;;;;0.4077509344;0.4077509344
;US-NM;1999;p90p91;195023.375;;;;
;US-NM;1999;p95p96;275687.59375;;;;
;US-NM;1999;p95p100;;;;0.2882010341;0.2882010341
;US-NM;1999;p99.5p100;984541.0625;;;0.1029229239;0.1029229239
;US-NM;1998;p0p100;46014.0859375;;37670273024.0;;
;US-NM;1998;p99p100;601513.625;;;0.1307238191;0.1307238191
;US-NM;1998;p99.9p100;2306098.5;;;0.0501172319;0.0501172319
;US-NM;1998;p99.99p100;8599403.0;;;0.0186886322;0.0186886322
;US-NM;1998;p90p100;;;;0.3985041678;0.3985041678
;US-NM;1998;p90p91;183368.03125;;;;
;US-NM;1998;p95p96;256431.015625;;;;
;US-NM;1998;p95p100;;;;0.2786440551;0.2786440551
;US-NM;1998;p99.5p100;889628.4375;;;0.0966691449;0.0966691449
;US-NM;1997;p0p100;42992.5039062;;35414183936.0;;
;US-NM;1997;p99p100;556116.75;;;0.1293520331;0.1293520331
;US-NM;1997;p99.9p100;2139283.5;;;0.0497594513;0.0497594513
;US-NM;1997;p99.99p100;8086851.0;;;0.0188099109;0.0188099109
;US-NM;1997;p90p100;;;;0.4031428397;0.4031428397
;US-NM;1997;p90p91;173321.203125;;;;
;US-NM;1997;p95p96;240403.265625;;;;
;US-NM;1997;p95p100;;;;0.2795874178;0.2795874178
;US-NM;1997;p99.5p100;822060.4375;;;0.0956050903;0.0956050903
;US-NM;1996;p0p100;41237.1015625;;33352517632.0;;
;US-NM;1996;p99p100;486099.75;;;0.1178792194;0.1178792194
;US-NM;1996;p99.9p100;1700324.625;;;0.0412328839;0.0412328839
;US-NM;1996;p99.99p100;5789978.0;;;0.0140406992;0.0140406992
;US-NM;1996;p90p100;;;;0.393563807;0.393563807
;US-NM;1996;p90p91;162294.3125;;;;
;US-NM;1996;p95p96;222280.125;;;;
;US-NM;1996;p95p100;;;;0.2695147097;0.2695147097
;US-NM;1996;p99.5p100;704757.8125;;;0.0854519084;0.0854519084
;US-NM;1995;p0p100;40337.3085938;;31893221376.0;;
;US-NM;1995;p99p100;448571.84375;;;0.1112052053;0.1112052053
;US-NM;1995;p99.9p100;1503192.5;;;0.0372655652;0.0372655652
;US-NM;1995;p99.99p100;4907406.5;;;0.0121659245;0.0121659245
;US-NM;1995;p90p100;;;;0.3868443966;0.3868443966
;US-NM;1995;p90p91;156042.625;;;;
;US-NM;1995;p95p96;210754.984375;;;;
;US-NM;1995;p95p100;;;;0.2612407506;0.2612407506
;US-NM;1995;p99.5p100;642465.0;;;0.0796365812;0.0796365812
;US-NM;1994;p0p100;39733.1914062;;30102108160.0;;
;US-NM;1994;p99p100;429573.09375;;;0.1081144214;0.1081144214
;US-NM;1994;p99.9p100;1447684.0;;;0.036435131;0.036435131
;US-NM;1994;p99.99p100;4897222.5;;;0.0123252682;0.0123252682
;US-NM;1994;p90p100;;;;0.3810333014;0.3810333014
;US-NM;1994;p90p91;151396.6875;;;;
;US-NM;1994;p95p96;203719.34375;;;;
;US-NM;1994;p95p100;;;;0.2563591599;0.2563591599
;US-NM;1994;p99.5p100;615054.0;;;0.077398017;0.077398017
;US-NM;1993;p0p100;38791.609375;;28922533888.0;;
;US-NM;1993;p99p100;412082.3125;;;0.1062297449;0.1062297449
;US-NM;1993;p99.9p100;1389089.625;;;0.0358090214;0.0358090214
;US-NM;1993;p99.99p100;4705398.5;;;0.0121299382;0.0121299382
;US-NM;1993;p90p100;;;;0.380720675;0.380720675
;US-NM;1993;p90p91;147687.6875;;;;
;US-NM;1993;p95p96;198468.046875;;;;
;US-NM;1993;p95p100;;;;0.255813092;0.255813092
;US-NM;1993;p99.5p100;591414.25;;;0.0762296617;0.0762296617
;US-NM;1992;p0p100;38568.1328125;;27894339584.0;;
;US-NM;1992;p99p100;405771.21875;;;0.1052089334;0.1052089334
;US-NM;1992;p99.9p100;1345278.375;;;0.0348805673;0.0348805673
;US-NM;1992;p99.99p100;4430224.5;;;0.0114867482;0.0114867482
;US-NM;1992;p90p100;;;;0.3778741062;0.3778741062
;US-NM;1992;p90p91;145738.984375;;;;
;US-NM;1992;p95p96;194130.046875;;;;
;US-NM;1992;p95p100;;;;0.2516715527;0.2516715527
;US-NM;1992;p99.5p100;580643.375;;;0.0752750188;0.0752750188
;US-NM;1991;p0p100;38430.453125;;26967760896.0;;
;US-NM;1991;p99p100;382976.375;;;0.0996543989;0.0996543989
;US-NM;1991;p99.9p100;1229000.25;;;0.0319798551;0.0319798551
;US-NM;1991;p99.99p100;3929521.0;;;0.0102250194;0.0102250194
;US-NM;1991;p90p100;;;;0.3711946607;0.3711946607
;US-NM;1991;p90p91;142651.78125;;;;
;US-NM;1991;p95p96;187628.59375;;;;
;US-NM;1991;p95p100;;;;0.2441144586;0.2441144586
;US-NM;1991;p99.5p100;542599.8125;;;0.0705950335;0.0705950335
;US-NM;1990;p0p100;38556.7304688;;26440714240.0;;
;US-NM;1990;p99p100;401042.28125;;;0.1040135548;0.1040135548
;US-NM;1990;p99.9p100;1343306.75;;;0.0348397456;0.0348397456
;US-NM;1990;p99.99p100;4457667.5;;;0.011561322;0.011561322
;US-NM;1990;p90p100;;;;0.3726648986;0.3726648986
;US-NM;1990;p90p91;143687.40625;;;;
;US-NM;1990;p95p96;190779.453125;;;;
;US-NM;1990;p95p100;;;;0.2474009544;0.2474009544
;US-NM;1990;p99.5p100;575867.1875;;;0.0746779144;0.0746779144
;US-NM;1989;p0p100;39117.1601562;;25892204544.0;;
;US-NM;1989;p99p100;444194.8125;;;0.113554962;0.113554962
;US-NM;1989;p99.9p100;1563018.25;;;0.039957352;0.039957352
;US-NM;1989;p99.99p100;5433720.5;;;0.0138908857;0.0138908857
;US-NM;1989;p90p100;;;;0.3698076606;0.3698076606
;US-NM;1989;p90p91;144658.265625;;;;
;US-NM;1989;p95p96;196187.15625;;;;
;US-NM;1989;p95p100;;;;0.2507686317;0.2507686317
;US-NM;1989;p99.5p100;646903.8125;;;0.082687974;0.082687974
;US-NM;1988;p0p100;38958.4140625;;25850439680.0;;
;US-NM;1988;p99p100;457012.5;;;0.1173077747;0.1173077747
;US-NM;1988;p99.9p100;1673063.375;;;0.042944856;0.042944856
;US-NM;1988;p99.99p100;5876299.0;;;0.015083516;0.015083516
;US-NM;1988;p90p100;;;;0.3687506318;0.3687506318
;US-NM;1988;p90p91;143659.390625;;;;
;US-NM;1988;p95p96;196130.265625;;;;
;US-NM;1988;p95p100;;;;0.251717478;0.251717478
;US-NM;1988;p99.5p100;675453.4375;;;0.0866890326;0.0866890326
;US-NM;1987;p0p100;38274.5625;;24775143424.0;;
;US-NM;1987;p99p100;370096.9375;;;0.0966952816;0.0966952816
;US-NM;1987;p99.9p100;1192261.0;;;0.03115022;0.03115022
;US-NM;1987;p99.99p100;3865873.5;;;0.0101003731;0.0101003731
;US-NM;1987;p90p100;;;;0.3507742882;0.3507742882
;US-NM;1987;p90p91;134257.328125;;;;
;US-NM;1987;p95p96;176328.0625;;;;
;US-NM;1987;p95p100;;;;0.2303462923;0.2303462923
;US-NM;1987;p99.5p100;522697.875;;;0.0682826713;0.0682826713
;US-NM;1986;p0p100;40248.2578125;;25834262528.0;;
;US-NM;1986;p99p100;501381.9375;;;0.1245723441;0.1245723441
;US-NM;1986;p99.9p100;2009206.875;;;0.0499203466;0.0499203466
;US-NM;1986;p99.99p100;7816900.5;;;0.0194217134;0.0194217134
;US-NM;1986;p90p100;;;;0.372289598;0.372289598
;US-NM;1986;p90p91;149840.0625;;;;
;US-NM;1986;p95p96;207220.84375;;;;
;US-NM;1986;p95p100;;;;0.2574283481;0.2574283481
;US-NM;1986;p99.5p100;759594.9375;;;0.0943637043;0.0943637043
;US-NM;1985;p0p100;37640.5742188;;23735336960.0;;
;US-NM;1985;p99p100;347303.1875;;;0.092268303;0.092268303
;US-NM;1985;p99.9p100;1096156.5;;;0.0291216746;0.0291216746
;US-NM;1985;p99.99p100;3138790.5;;;0.0083388491;0.0083388491
;US-NM;1985;p90p100;;;;0.3444486856;0.3444486856
;US-NM;1985;p90p91;129652.46875;;;;
;US-NM;1985;p95p96;168421.421875;;;;
;US-NM;1985;p95p100;;;;0.2237232476;0.2237232476
;US-NM;1985;p99.5p100;484772.15625;;;0.0643948913;0.0643948913
;US-NM;1984;p0p100;36544.4804688;;22648936448.0;;
;US-NM;1984;p99p100;362950.9375;;;0.0993175805;0.0993175805
;US-NM;1984;p99.9p100;1287081.625;;;0.0352195948;0.0352195948
;US-NM;1984;p99.99p100;4918919.5;;;0.0134600904;0.0134600904
;US-NM;1984;p90p100;;;;0.340236932;0.340236932
;US-NM;1984;p90p91;124337.8125;;;;
;US-NM;1984;p95p96;165604.828125;;;;
;US-NM;1984;p95p100;;;;0.2265798301;0.2265798301
;US-NM;1984;p99.5p100;508525.28125;;;0.0695762113;0.0695762113
;US-NM;1983;p0p100;35126.3867188;;21402535936.0;;
;US-NM;1983;p99p100;381383.9375;;;0.1085747704;0.1085747704
;US-NM;1983;p99.9p100;1443148.5;;;0.0410844572;0.0410844572
;US-NM;1983;p99.99p100;5871044.0;;;0.0167140551;0.0167140551
;US-NM;1983;p90p100;;;;0.3384606838;0.3384606838
;US-NM;1983;p90p91;118889.0;;;;
;US-NM;1983;p95p96;163964.765625;;;;
;US-NM;1983;p95p100;;;;0.2333925813;0.2333925813
;US-NM;1983;p99.5p100;537652.5625;;;0.0765311569;0.0765311569
;US-NM;1982;p0p100;39338.5664062;;21296531456.0;;
;US-NM;1982;p99p100;372575.5;;;0.094709985;0.094709985
;US-NM;1982;p99.9p100;1441106.5;;;0.0366334282;0.0366334282
;US-NM;1982;p99.99p100;5983520.5;;;0.0152103174;0.0152103174
;US-NM;1982;p90p100;;;;0.3353063464;0.3353063464
;US-NM;1982;p90p91;131904.703125;;;;
;US-NM;1982;p95p96;175595.6875;;;;
;US-NM;1982;p95p100;;;;0.2231851667;0.2231851667
;US-NM;1982;p99.5p100;549765.375;;;0.0698761344;0.0698761344
;US-NM;1981;p0p100;38893.6601562;;20804077568.0;;
;US-NM;1981;p99p100;330094.4375;;;0.0848710164;0.0848710164
;US-NM;1981;p99.9p100;1055293.5;;;0.0271327905;0.0271327905
;US-NM;1981;p99.99p100;3670892.5;;;0.00943828;0.00943828
;US-NM;1981;p90p100;;;;0.3348199725;0.3348199725
;US-NM;1981;p90p91;130223.71875;;;;
;US-NM;1981;p95p96;168581.859375;;;;
;US-NM;1981;p95p100;;;;0.2167215496;0.2167215496
;US-NM;1981;p99.5p100;461777.46875;;;0.059364114;0.059364114
;US-NM;1980;p0p100;38984.0820312;;20384399360.0;;
;US-NM;1980;p99p100;348208.6875;;;0.0893207341;0.0893207341
;US-NM;1980;p99.9p100;1167482.0;;;0.029947659;0.029947659
;US-NM;1980;p99.99p100;4521899.0;;;0.0115993479;0.0115993479
;US-NM;1980;p90p100;;;;0.3391609788;0.3391609788
;US-NM;1980;p90p91;132218.796875;;;;
;US-NM;1980;p95p96;170397.5;;;;
;US-NM;1980;p95p100;;;;0.2185475528;0.2185475528
;US-NM;1980;p99.5p100;494959.8125;;;0.0634822994;0.0634822994
;US-NM;1979;p0p100;40453.3476562;;19944521728.0;;
;US-NM;1979;p99p100;346167.875;;;0.0855721235;0.0855721235
;US-NM;1979;p99.9p100;1180729.5;;;0.029187439;0.029187439
;US-NM;1979;p99.99p100;4811567.5;;;0.0118941162;0.0118941162
;US-NM;1979;p90p100;;;;0.3252334595;0.3252334595
;US-NM;1979;p90p91;131567.8125;;;;
;US-NM;1979;p95p96;169631.796875;;;;
;US-NM;1979;p95p100;;;;0.2096634954;0.2096634954
;US-NM;1979;p99.5p100;492639.03125;;;0.0608897768;0.0608897768
;US-NM;1978;p0p100;38607.25;;18841522176.0;;
;US-NM;1978;p99p100;307150.125;;;0.07955762;0.07955762
;US-NM;1978;p99.9p100;866917.5;;;0.0224547852;0.0224547852
;US-NM;1978;p99.99p100;2588252.5;;;0.006704058;0.006704058
;US-NM;1978;p90p100;;;;0.3285303116;0.3285303116
;US-NM;1978;p90p91;126836.523438;;;;
;US-NM;1978;p95p96;165781.328125;;;;
;US-NM;1978;p95p100;;;;0.2147023231;0.2147023231
;US-NM;1978;p99.5p100;421295.21875;;;0.0545616746;0.0545616746
;US-NM;1977;p0p100;37500.390625;;17635217408.0;;
;US-NM;1977;p99p100;306296.03125;;;0.0816780925;0.0816780925
;US-NM;1977;p99.9p100;875819.3125;;;0.0233549364;0.0233549364
;US-NM;1977;p99.99p100;2889157.0;;;0.0077043385;0.0077043385
;US-NM;1977;p90p100;;;;0.3268266022;0.3268266022
;US-NM;1977;p90p91;122561.257812;;;;
;US-NM;1977;p95p96;158778.734375;;;;
;US-NM;1977;p95p100;;;;0.211702764;0.211702764
;US-NM;1977;p99.5p100;413218.53125;;;0.0550952293;0.0550952293
;US-NM;1976;p0p100;36826.6484375;;16698300416.0;;
;US-NM;1976;p99p100;293384.8125;;;0.0796664357;0.0796664357
;US-NM;1976;p99.9p100;803940.5;;;0.0218304005;0.0218304005
;US-NM;1976;p99.99p100;2580283.75;;;0.0070065665;0.0070065665
;US-NM;1976;p90p100;;;;0.3237552643;0.3237552643
;US-NM;1976;p90p91;119228.226562;;;;
;US-NM;1976;p95p96;152148.640625;;;;
;US-NM;1976;p95p100;;;;0.2065740824;0.2065740824
;US-NM;1976;p99.5p100;386085.5625;;;0.052419316;0.052419316
;US-NM;1975;p0p100;35685.4257812;;15611411456.0;;
;US-NM;1975;p99p100;278453.46875;;;0.0780300274;0.0780300274
;US-NM;1975;p99.9p100;800333.5;;;0.022427462;0.022427462
;US-NM;1975;p99.99p100;2732424.5;;;0.0076569761;0.0076569761
;US-NM;1975;p90p100;;;;0.3275883794;0.3275883794
;US-NM;1975;p90p91;116901.304688;;;;
;US-NM;1975;p95p96;149454.703125;;;;
;US-NM;1975;p95p100;;;;0.2094057798;0.2094057798
;US-NM;1975;p99.5p100;374457.4375;;;0.0524664372;0.0524664372
;US-NM;1974;p0p100;36227.5820312;;15286538240.0;;
;US-NM;1974;p99p100;310185.625;;;0.0856213942;0.0856213942
;US-NM;1974;p99.9p100;887863.0625;;;0.0245079286;0.0245079286
;US-NM;1974;p99.99p100;2742170.25;;;0.0075692879;0.0075692879
;US-NM;1974;p90p100;;;;0.3267559707;0.3267559707
;US-NM;1974;p90p91;118375.789062;;;;
;US-NM;1974;p95p96;155136.359375;;;;
;US-NM;1974;p95p100;;;;0.2141135931;0.2141135931
;US-NM;1974;p99.5p100;423275.25;;;0.0584189184;0.0584189184
;US-NM;1973;p0p100;36589.8242188;;14903726080.0;;
;US-NM;1973;p99p100;314850.78125;;;0.0860487223;0.0860487223
;US-NM;1973;p99.9p100;889625.1875;;;0.0243134573;0.0243134573
;US-NM;1973;p99.99p100;3051139.75;;;0.0083387652;0.0083387652
;US-NM;1973;p90p100;;;;0.3404064178;0.3404064178
;US-NM;1973;p90p91;124554.117188;;;;
;US-NM;1973;p95p96;161735.078125;;;;
;US-NM;1973;p95p100;;;;0.2210109979;0.2210109979
;US-NM;1973;p99.5p100;431699.03125;;;0.0589916743;0.0589916743
;US-NM;1972;p0p100;36203.2304688;;14229869568.0;;
;US-NM;1972;p99p100;300170.5625;;;0.0829126537;0.0829126537
;US-NM;1972;p99.9p100;910897.9375;;;0.0251606815;0.0251606815
;US-NM;1972;p99.99p100;3114801.25;;;0.0086036557;0.0086036557
;US-NM;1972;p90p100;;;;0.3270743787;0.3270743787
;US-NM;1972;p90p91;118411.484375;;;;
;US-NM;1972;p95p96;153824.109375;;;;
;US-NM;1972;p95p100;;;;0.2124453038;0.2124453038
;US-NM;1972;p99.5p100;410468.6875;;;0.056689512;0.056689512
;US-NM;1971;p0p100;34624.0625;;13118226432.0;;
;US-NM;1971;p99p100;271253.53125;;;0.0783424973;0.0783424973
;US-NM;1971;p99.9p100;779988.6875;;;0.0225273613;0.0225273613
;US-NM;1971;p99.99p100;2263894.25;;;0.0065385005;0.0065385005
;US-NM;1971;p90p100;;;;0.3279469907;0.3279469907
;US-NM;1971;p90p91;113548.5625;;;;
;US-NM;1971;p95p96;145590.53125;;;;
;US-NM;1971;p95p100;;;;0.210244745;0.210244745
;US-NM;1971;p99.5p100;381748.4375;;;0.0551276207;0.0551276207
;US-NM;1970;p0p100;34234.1953125;;12479278080.0;;
;US-NM;1970;p99p100;272495.28125;;;0.0795973912;0.0795973912
;US-NM;1970;p99.9p100;753752.1875;;;0.0220175218;0.0220175218
;US-NM;1970;p99.99p100;2456971.25;;;0.0071769506;0.0071769506
;US-NM;1970;p90p100;;;;0.3300051689;0.3300051689
;US-NM;1970;p90p91;112974.617188;;;;
;US-NM;1970;p95p96;145576.890625;;;;
;US-NM;1970;p95p100;;;;0.2126191109;0.2126191109
;US-NM;1970;p99.5p100;364187.53125;;;0.0531906039;0.0531906039
;US-NM;1969;p0p100;33708.9179688;;12163381248.0;;
;US-NM;1969;p99p100;280232.5625;;;0.0831330642;0.0831330642
;US-NM;1969;p99.9p100;921738.125;;;0.0273440443;0.0273440443
;US-NM;1969;p99.99p100;4044848.75;;;0.0119993435;0.0119993435
;US-NM;1969;p90p100;;;;0.3334294558;0.3334294558
;US-NM;1969;p90p91;112395.460938;;;;
;US-NM;1969;p95p96;143212.875;;;;
;US-NM;1969;p95p100;;;;0.2124257982;0.2124257982
;US-NM;1969;p99.5p100;403492.25;;;0.059849482;0.059849482
;US-NM;1968;p0p100;33301.9414062;;11916766208.0;;
;US-NM;1968;p99p100;275374.5;;;0.0826902315;0.0826902315
;US-NM;1968;p99.9p100;860822.75;;;0.0258490276;0.0258490276
;US-NM;1968;p99.99p100;3211755.25;;;0.0096443491;0.0096443491
;US-NM;1968;p90p100;;;;0.333817482;0.333817482
;US-NM;1968;p90p91;111167.695312;;;;
;US-NM;1968;p95p96;143489.671875;;;;
;US-NM;1968;p95p100;;;;0.2154373974;0.2154373974
;US-NM;1968;p99.5p100;388841.59375;;;0.0583812185;0.0583812185
;US-NM;1967;p0p100;32334.5175781;;11471635456.0;;
;US-NM;1967;p99p100;280080.78125;;;0.0866197497;0.0866197497
;US-NM;1967;p99.9p100;787084.875;;;0.0243419409;0.0243419409
;US-NM;1967;p99.99p100;2374178.0;;;0.0073425495;0.0073425495
;US-NM;1967;p90p100;;;;0.3431271315;0.3431271315
;US-NM;1967;p90p91;110948.507812;;;;
;US-NM;1967;p95p96;141677.796875;;;;
;US-NM;1967;p95p100;;;;0.2190813422;0.2190813422
;US-NM;1967;p99.5p100;378570.03125;;;0.0585396104;0.0585396104
;US-NM;1966;p0p100;32273.0351562;;11341223936.0;;
;US-NM;1966;p99p100;276244.59375;;;0.0855960995;0.0855960995
;US-NM;1966;p99.9p100;779119.875;;;0.0241415109;0.0241415109
;US-NM;1966;p99.99p100;2572487.0;;;0.0079710102;0.0079710102
;US-NM;1966;p90p100;;;;0.3323991895;0.3323991895
;US-NM;1966;p90p91;107275.3125;;;;
;US-NM;1966;p95p96;139958.65625;;;;
;US-NM;1966;p95p100;;;;0.2168352753;0.2168352753
;US-NM;1966;p99.5p100;391462.5625;;;0.0606485493;0.0606485493
;US-NM;1965;p0p100;31875.9335938;;11087643648.0;;
;US-NM;1965;p99p100;301933.46875;;;0.0947214589;0.0947214589
;US-NM;1965;p99.9p100;1100153.5;;;0.0345136151;0.0345136151
;US-NM;1965;p99.99p100;8166417.0;;;0.0256193839;0.0256193839
;US-NM;1965;p90p100;;;;0.336720556;0.336720556
;US-NM;1965;p90p91;107332.8125;;;;
;US-NM;1965;p95p96;142524.296875;;;;
;US-NM;1965;p95p100;;;;0.2235610038;0.2235610038
;US-NM;1965;p99.5p100;395821.625;;;0.0620878488;0.0620878488
;US-NM;1964;p0p100;30961.4902344;;10649383936.0;;
;US-NM;1964;p99p100;262382.59375;;;0.0847448111;0.0847448111
;US-NM;1964;p99.9p100;700532.8125;;;0.0226259381;0.0226259381
;US-NM;1964;p99.99p100;2356753.0;;;0.0076118838;0.0076118838
;US-NM;1964;p90p100;;;;0.3263368309;0.3263368309
;US-NM;1964;p90p91;101038.757812;;;;
;US-NM;1964;p95p96;131694.984375;;;;
;US-NM;1964;p95p100;;;;0.2126754522;0.2126754522
;US-NM;1964;p99.5p100;335687.625;;;0.0542105027;0.0542105027
;US-NM;1963;p0p100;29835.5429688;;10133125120.0;;
;US-NM;1963;p99p100;233399.625;;;0.0782287195;0.0782287195
;US-NM;1963;p99.9p100;666734.5;;;0.0223469865;0.0223469865
;US-NM;1963;p99.99p100;1850635.5;;;0.0062027886;0.0062027886
;US-NM;1963;p90p100;;;;0.3203759491;0.3203759491
;US-NM;1963;p90p91;95585.90625;;;;
;US-NM;1963;p95p96;122797.78125;;;;
;US-NM;1963;p95p100;;;;0.205791086;0.205791086
;US-NM;1963;p99.5p100;319030.09375;;;0.0534647703;0.0534647703
;US-NM;1962;p0p100;29418.8261719;;9860689920.0;;
;US-NM;1962;p99p100;232757.96875;;;0.0791187063;0.0791187063
;US-NM;1962;p99.9p100;638933.125;;;0.0217185095;0.0217185095
;US-NM;1962;p99.99p100;1765893.625;;;0.0060025956;0.0060025956
;US-NM;1962;p90p100;;;;0.3239346445;0.3239346445
;US-NM;1962;p90p91;95297.78125;;;;
;US-NM;1962;p95p96;123439.328125;;;;
;US-NM;1962;p95p100;;;;0.2097964585;0.2097964585
;US-NM;1962;p99.5p100;317474.53125;;;0.0539577082;0.0539577082
;US-NM;1961;p0p100;29447.2246094;;9730944000.0;;
;US-NM;1961;p99p100;242141.140625;;;0.0822288543;0.0822288543
;US-NM;1961;p99.9p100;635809.5625;;;0.0215914939;0.0215914939
;US-NM;1961;p99.99p100;1510093.625;;;0.0051281359;0.0051281359
;US-NM;1961;p90p100;;;;0.3195919096;0.3195919096
;US-NM;1961;p90p91;94110.9375;;;;
;US-NM;1961;p95p96;123369.679688;;;;
;US-NM;1961;p95p100;;;;0.2094759196;0.2094759196
;US-NM;1961;p99.5p100;331756.90625;;;0.0563307591;0.0563307591
;US-NM;1960;p0p100;28573.1777344;;9297344512.0;;
;US-NM;1960;p99p100;227174.234375;;;0.0795061141;0.0795061141
;US-NM;1960;p99.9p100;629675.0625;;;0.0220372789;0.0220372789
;US-NM;1960;p99.99p100;1806046.0;;;0.0063207741;0.0063207741
;US-NM;1960;p90p100;;;;0.3120078146;0.3120078146
;US-NM;1960;p90p91;89150.546875;;;;
;US-NM;1960;p95p96;116565.257812;;;;
;US-NM;1960;p95p100;;;;0.2039767057;0.2039767057
;US-NM;1960;p99.5p100;309553.4375;;;0.0541685373;0.0541685373
;US-NM;1959;p0p100;29227.8867188;;9310453760.0;;
;US-NM;1959;p99p100;247460.828125;;;0.0846660063;0.0846660063
;US-NM;1959;p99.9p100;651826.0;;;0.0223015118;0.0223015118
;US-NM;1959;p99.99p100;1737536.125;;;0.0059447889;0.0059447889
;US-NM;1959;p90p100;;;;0.3184466362;0.3184466362
;US-NM;1959;p90p91;93075.21875;;;;
;US-NM;1959;p95p96;122856.289062;;;;
;US-NM;1959;p95p100;;;;0.2101696581;0.2101696581
;US-NM;1959;p99.5p100;340035.1875;;;0.0581696518;0.0581696518
;US-NM;1958;p0p100;27640.2226562;;8610149376.0;;
;US-NM;1958;p99p100;214875.5;;;0.0777401477;0.0777401477
;US-NM;1958;p99.9p100;571659.0;;;0.020682143;0.020682143
;US-NM;1958;p99.99p100;1588159.0;;;0.0057458258;0.0057458258
;US-NM;1958;p90p100;;;;0.3085700572;0.3085700572
;US-NM;1958;p90p91;85289.4453125;;;;
;US-NM;1958;p95p96;110226.539062;;;;
;US-NM;1958;p95p100;;;;0.1993951797;0.1993951797
;US-NM;1958;p99.5p100;286097.78125;;;0.0517538935;0.0517538935
;US-NM;1957;p0p100;26305.4140625;;8011462656.0;;
;US-NM;1957;p99p100;258208.734375;;;0.0981580168;0.0981580168
;US-NM;1957;p99.9p100;726224.3125;;;0.0276074074;0.0276074074
;US-NM;1957;p99.99p100;1548725.125;;;0.0058874767;0.0058874767
;US-NM;1957;p90p100;;;;0.3344739079;0.3344739079
;US-NM;1957;p90p91;87984.75;;;;
;US-NM;1957;p95p96;117231.03125;;;;
;US-NM;1957;p95p100;;;;0.2228268087;0.2228268087
;US-NM;1957;p99.5p100;368485.40625;;;0.0700398386;0.0700398386
;US-NM;1956;p0p100;25086.3027344;;7457743872.0;;
;US-NM;1956;p99p100;228901.921875;;;0.0912457779;0.0912457779
;US-NM;1956;p99.9p100;654636.75;;;0.0260953847;0.0260953847
;US-NM;1956;p99.99p100;1516300.875;;;0.0060443375;0.0060443375
;US-NM;1956;p90p100;;;;0.3282251656;0.3282251656
;US-NM;1956;p90p91;82339.5625;;;;
;US-NM;1956;p95p96;109079.703125;;;;
;US-NM;1956;p95p100;;;;0.2174088806;0.2174088806
;US-NM;1956;p99.5p100;315702.875;;;0.0629233569;0.0629233569
;US-NM;1955;p0p100;24507.6542969;;7112481792.0;;
;US-NM;1955;p99p100;232960.21875;;;0.0950561017;0.0950561017
;US-NM;1955;p99.9p100;648627.0625;;;0.0264663044;0.0264663044
;US-NM;1955;p99.99p100;1609672.375;;;0.0065680393;0.0065680393
;US-NM;1955;p90p100;;;;0.3346841335;0.3346841335
;US-NM;1955;p90p91;82023.2265625;;;;
;US-NM;1955;p95p96;110156.023438;;;;
;US-NM;1955;p95p100;;;;0.2247380018;0.2247380018
;US-NM;1955;p99.5p100;324598.15625;;;0.06622383;0.06622383
;US-NM;1954;p0p100;23115.2910156;;6548019200.0;;
;US-NM;1954;p99p100;211209.21875;;;0.0913720876;0.0913720876
;US-NM;1954;p99.9p100;596991.0;;;0.0258266721;0.0258266721
;US-NM;1954;p99.99p100;1576180.875;;;0.0068187811;0.0068187811
;US-NM;1954;p90p100;;;;0.3317576051;0.3317576051
;US-NM;1954;p90p91;76686.7265625;;;;
;US-NM;1954;p95p96;101178.007812;;;;
;US-NM;1954;p95p100;;;;0.2188551575;0.2188551575
;US-NM;1954;p99.5p100;289962.875;;;0.062721014;0.062721014
;US-NM;1953;p0p100;23324.0351562;;6448323584.0;;
;US-NM;1953;p99p100;197915.296875;;;0.0848546475;0.0848546475
;US-NM;1953;p99.9p100;528227.0625;;;0.0226473268;0.0226473268
;US-NM;1953;p99.99p100;1377169.5;;;0.0059045078;0.0059045078
;US-NM;1953;p90p100;;;;0.3092088103;0.3092088103
;US-NM;1953;p90p91;72119.9765625;;;;
;US-NM;1953;p95p96;95087.2265625;;;;
;US-NM;1953;p95p100;;;;0.2038395554;0.2038395554
;US-NM;1953;p99.5p100;271919.84375;;;0.0582917668;0.0582917668
;US-NM;1952;p0p100;23288.0136719;;6288680960.0;;
;US-NM;1952;p99p100;246134.4375;;;0.1056914628;0.1056914628
;US-NM;1952;p99.9p100;673564.125;;;0.0289232098;0.0289232098
;US-NM;1952;p99.99p100;1843961.0;;;0.0079180682;0.0079180682
;US-NM;1952;p90p100;;;;0.3460964561;0.3460964561
;US-NM;1952;p90p91;80599.0;;;;
;US-NM;1952;p95p96;110112.820312;;;;
;US-NM;1952;p95p100;;;;0.2364152074;0.2364152074
;US-NM;1952;p99.5p100;344226.375;;;0.0739063397;0.0739063397
;US-NM;1951;p0p100;22638.9453125;;5966703104.0;;
;US-NM;1951;p99p100;251750.671875;;;0.1112024635;0.1112024635
;US-NM;1951;p99.9p100;696827.3125;;;0.0307800267;0.0307800267
;US-NM;1951;p99.99p100;1869219.75;;;0.0082566552;0.0082566552
;US-NM;1951;p90p100;;;;0.3495764434;0.3495764434
;US-NM;1951;p90p91;79140.421875;;;;
;US-NM;1951;p95p96;110171.328125;;;;
;US-NM;1951;p95p100;;;;0.2433225662;0.2433225662
;US-NM;1951;p99.5p100;341797.28125;;;0.0754887834;0.0754887834
;US-NM;1950;p0p100;21215.9394531;;5457185792.0;;
;US-NM;1950;p99p100;262073.796875;;;0.1235268414;0.1235268414
;US-NM;1950;p99.9p100;758779.0;;;0.035764575;0.035764575
;US-NM;1950;p99.99p100;1599024.375;;;0.0075369007;0.0075369007
;US-NM;1950;p90p100;;;;0.369587332;0.369587332
;US-NM;1950;p90p91;78411.421875;;;;
;US-NM;1950;p95p96;109473.671875;;;;
;US-NM;1950;p95p100;;;;0.2579986453;0.2579986453
;US-NM;1950;p99.5p100;367967.375;;;0.0867195576;0.0867195576
;US-NM;1949;p0p100;19398.1796875;;4866972672.0;;
;US-NM;1949;p99p100;220543.0625;;;0.1136926562;0.1136926562
;US-NM;1949;p99.9p100;647164.5;;;0.0333621241;0.0333621241
;US-NM;1949;p99.99p100;1645839.75;;;0.008484506;0.008484506
;US-NM;1949;p90p100;;;;0.3617009521;0.3617009521
;US-NM;1949;p90p91;70163.390625;;;;
;US-NM;1949;p95p96;94102.9453125;;;;
;US-NM;1949;p95p100;;;;0.2425561249;0.2425561249
;US-NM;1949;p99.5p100;314421.25;;;0.0810440108;0.0810440108
;US-NM;1948;p0p100;18135.5664062;;4451436544.0;;
;US-NM;1948;p99p100;224290.40625;;;0.1236743331;0.1236743331
;US-NM;1948;p99.9p100;667935.75;;;0.0368301533;0.0368301533
;US-NM;1948;p99.99p100;1798284.875;;;0.0099157905;0.0099157905
;US-NM;1948;p90p100;;;;0.3740388155;0.3740388155
;US-NM;1948;p90p91;67834.0625;;;;
;US-NM;1948;p95p96;95200.1953125;;;;
;US-NM;1948;p95p100;;;;0.2624682188;0.2624682188
;US-NM;1948;p99.5p100;318099.65625;;;0.0877005011;0.0877005011
;US-NM;1947;p0p100;16854.8554688;;4046634752.0;;
;US-NM;1947;p99p100;178668.359375;;;0.1060040817;0.1060040817
;US-NM;1947;p99.9p100;556025.5625;;;0.0329890437;0.0329890437
;US-NM;1947;p99.99p100;1645538.75;;;0.0097629949;0.0097629949
;US-NM;1947;p90p100;;;;0.337002486;0.337002486
;US-NM;1947;p90p91;56801.28125;;;;
;US-NM;1947;p95p96;77088.0625;;;;
;US-NM;1947;p95p100;;;;0.2286820561;0.2286820561
;US-NM;1947;p99.5p100;251946.65625;;;0.0747400746;0.0747400746
;US-NM;1946;p0p100;16700.3925781;;3913443328.0;;
;US-NM;1946;p99p100;195592.421875;;;0.1171184555;0.1171184555
;US-NM;1946;p99.9p100;609975.3125;;;0.0365246087;0.0365246087
;US-NM;1946;p99.99p100;2064855.25;;;0.0123641109;0.0123641109
;US-NM;1946;p90p100;;;;0.3625738025;0.3625738025
;US-NM;1946;p90p91;60551.2578125;;;;
;US-NM;1946;p95p96;83452.375;;;;
;US-NM;1946;p95p100;;;;0.2498515099;0.2498515099
;US-NM;1946;p99.5p100;277251.46875;;;0.0830074698;0.0830074698
;US-NM;1945;p0p100;17780.7695312;;4101806336.0;;
;US-NM;1945;p99p100;170345.78125;;;0.09580338;0.09580338
;US-NM;1945;p99.9p100;500648.6875;;;0.0281567499;0.0281567499
;US-NM;1945;p99.99p100;1298394.625;;;0.0073022405;0.0073022405
;US-NM;1945;p90p100;;;;0.3180278242;0.3180278242
;US-NM;1945;p90p91;56547.7929688;;;;
;US-NM;1945;p95p96;76494.625;;;;
;US-NM;1945;p95p100;;;;0.2151049227;0.2151049227
;US-NM;1945;p99.5p100;240720.09375;;;0.0676911324;0.0676911324
;US-NM;1944;p0p100;17236.3710938;;3911165184.0;;
;US-NM;1944;p99p100;206876.171875;;;0.120023042;0.120023042
;US-NM;1944;p99.9p100;688319.9375;;;0.0399341583;0.0399341583
;US-NM;1944;p99.99p100;1855791.25;;;0.0107667167;0.0107667167
;US-NM;1944;p90p100;;;;0.3684823215;0.3684823215
;US-NM;1944;p90p91;63512.9765625;;;;
;US-NM;1944;p95p96;86591.875;;;;
;US-NM;1944;p95p100;;;;0.2511894107;0.2511894107
;US-NM;1944;p99.5p100;303990.59375;;;0.0881828889;0.0881828889
;US-NM;1943;p0p100;16957.3535156;;3780166912.0;;
;US-NM;1943;p99p100;188151.6875;;;0.1109558195;0.1109558195
;US-NM;1943;p99.9p100;604369.5;;;0.0356405564;0.0356405564
;US-NM;1943;p99.99p100;1572704.5;;;0.0092744688;0.0092744688
;US-NM;1943;p90p100;;;;0.3300412595;0.3300412595
;US-NM;1943;p90p91;55966.2617188;;;;
;US-NM;1943;p95p96;77996.375;;;;
;US-NM;1943;p95p100;;;;0.2299780548;0.2299780548
;US-NM;1943;p99.5p100;273157.53125;;;0.0805425048;0.0805425048
;US-NM;1942;p0p100;13873.0615234;;3032186112.0;;
;US-NM;1942;p99p100;182827.890625;;;0.1317862719;0.1317862719
;US-NM;1942;p99.9p100;678986.5625;;;0.0489428081;0.0489428081
;US-NM;1942;p99.99p100;1993185.125;;;0.0143673057;0.0143673057
;US-NM;1942;p90p100;;;;0.3810572028;0.3810572028
;US-NM;1942;p90p91;52864.296875;;;;
;US-NM;1942;p95p96;74540.3046875;;;;
;US-NM;1942;p95p100;;;;0.268651247;0.268651247
;US-NM;1942;p99.5p100;271696.5;;;0.0979223251;0.0979223251
;US-NM;1941;p0p100;11180.5371094;;2402637568.0;;
;US-NM;1941;p99p100;157276.71875;;;0.1406701058;0.1406701058
;US-NM;1941;p99.9p100;514412.46875;;;0.0460096411;0.0460096411
;US-NM;1941;p99.99p100;1819233.125;;;0.0162714291;0.0162714291
;US-NM;1941;p90p100;;;;0.464414537;0.464414537
;US-NM;1941;p90p91;51924.0351562;;;;
;US-NM;1941;p95p96;70866.5703125;;;;
;US-NM;1941;p95p100;;;;0.3169193566;0.3169193566
;US-NM;1941;p99.5p100;227618.0;;;0.1017920747;0.1017920747
;US-NM;1940;p0p100;10041.5830078;;2123829632.0;;
;US-NM;1940;p99p100;143926.375;;;0.1433303654;0.1433303654
;US-NM;1940;p99.9p100;456719.875;;;0.0454828553;0.0454828553
;US-NM;1940;p99.99p100;1571799.75;;;0.0156529061;0.0156529061
;US-NM;1940;p90p100;;;;0.4870399833;0.4870399833
;US-NM;1940;p90p91;48906.5273438;;;;
;US-NM;1940;p95p96;66822.03125;;;;
;US-NM;1940;p95p100;;;;0.3327265382;0.3327265382
;US-NM;1940;p99.5p100;201851.296875;;;0.100507699;0.100507699
;US-NM;1939;p0p100;9733.06347656;;2001085056.0;;
;US-NM;1939;p99p100;137626.859375;;;0.1414013952;0.1414013952
;US-NM;1939;p99.9p100;416715.34375;;;0.0428144075;0.0428144075
;US-NM;1939;p99.99p100;1400628.0;;;0.0143904136;0.0143904136
;US-NM;1939;p90p100;;;;0.4493723214;0.4493723214
;US-NM;1939;p90p91;43737.6914062;;;;
;US-NM;1939;p95p96;65318.8203125;;;;
;US-NM;1939;p95p100;;;;0.3355512023;0.3355512023
;US-NM;1939;p99.5p100;189433.59375;;;0.097314477;0.097314477
;US-NM;1938;p0p100;9242.29101562;;1849703808.0;;
;US-NM;1938;p99p100;122636.492188;;;0.1326905787;0.1326905787
;US-NM;1938;p99.9p100;337068.15625;;;0.0364701971;0.0364701971
;US-NM;1938;p99.99p100;1010686.75;;;0.0109354574;0.0109354574
;US-NM;1938;p90p100;;;;0.4289350212;0.4289350212
;US-NM;1938;p90p91;39643.421875;;;;
;US-NM;1938;p95p96;58505.6679688;;;;
;US-NM;1938;p95p100;;;;0.3165106475;0.3165106475
;US-NM;1938;p99.5p100;165409.734375;;;0.089485243;0.089485243
;US-NM;1937;p0p100;9769.86914062;;1904105472.0;;
;US-NM;1937;p99p100;137582.90625;;;0.1408236921;0.1408236921
;US-NM;1937;p99.9p100;419998.25;;;0.0429891385;0.0429891385
;US-NM;1937;p99.99p100;1015008.75;;;0.0103891743;0.0103891743
;US-NM;1937;p90p100;;;;0.4228341877;0.4228341877
;US-NM;1937;p90p91;41310.34375;;;;
;US-NM;1937;p95p96;62284.0234375;;;;
;US-NM;1937;p95p100;;;;0.3187556565;0.3187556565
;US-NM;1937;p99.5p100;192848.03125;;;0.098695308;0.098695308
;US-NM;1936;p0p100;9536.90429688;;1813241728.0;;
;US-NM;1936;p99p100;131762.6875;;;0.1381608695;0.1381608695
;US-NM;1936;p99.9p100;363845.0625;;;0.0381512791;0.0381512791
;US-NM;1936;p99.99p100;843065.0625;;;0.0088400291;0.0088400291
;US-NM;1936;p90p100;;;;0.4114916027;0.4114916027
;US-NM;1936;p90p91;39243.5585938;;;;
;US-NM;1936;p95p96;58917.6640625;;;;
;US-NM;1936;p95p100;;;;0.3088930845;0.3088930845
;US-NM;1936;p99.5p100;179170.453125;;;0.0939353332;0.0939353332
;US-NM;1935;p0p100;8155.90087891;;1512377600.0;;
;US-NM;1935;p99p100;102431.585938;;;0.1255919933;0.1255919933
;US-NM;1935;p99.9p100;264728.46875;;;0.0324585214;0.0324585214
;US-NM;1935;p99.99p100;641490.5625;;;0.0078653544;0.0078653544
;US-NM;1935;p90p100;;;;0.4054194689;0.4054194689
;US-NM;1935;p90p91;33065.609375;;;;
;US-NM;1935;p95p96;47424.8398438;;;;
;US-NM;1935;p95p100;;;;0.2907394469;0.2907394469
;US-NM;1935;p99.5p100;136137.1875;;;0.0834593177;0.0834593177
;US-NM;1934;p0p100;6841.64453125;;1236616448.0;;
;US-NM;1934;p99p100;94408.3359375;;;0.1379906982;0.1379906982
;US-NM;1934;p99.9p100;230743.421875;;;0.0337263085;0.0337263085
;US-NM;1934;p99.99p100;595334.1875;;;0.0087016234;0.0087016234
;US-NM;1934;p90p100;;;;0.4385943115;0.4385943115
;US-NM;1934;p90p91;30007.0644531;;;;
;US-NM;1934;p95p96;43209.5195312;;;;
;US-NM;1934;p95p100;;;;0.3157831132;0.3157831132
;US-NM;1934;p99.5p100;124564.53125;;;0.0910340548;0.0910340548
;US-NM;1933;p0p100;6130.41015625;;1080753792.0;;
;US-NM;1933;p99p100;80260.2578125;;;0.1309215277;0.1309215277
;US-NM;1933;p99.9p100;188921.640625;;;0.0308171287;0.0308171287
;US-NM;1933;p99.99p100;486346.59375;;;0.0079333447;0.0079333447
;US-NM;1933;p90p100;;;;0.4157809615;0.4157809615
;US-NM;1933;p90p91;25489.078125;;;;
;US-NM;1933;p95p96;35674.53125;;;;
;US-NM;1933;p95p100;;;;0.2909636796;0.2909636796
;US-NM;1933;p99.5p100;103332.640625;;;0.0842787325;0.0842787325
;US-NM;1932;p0p100;5833.83886719;;1003574272.0;;
;US-NM;1932;p99p100;81055.4453125;;;0.1389401555;0.1389401555
;US-NM;1932;p99.9p100;205542.671875;;;0.0352328308;0.0352328308
;US-NM;1932;p99.99p100;641265.3125;;;0.0109921675;0.0109921675
;US-NM;1932;p90p100;;;;0.4545876384;0.4545876384
;US-NM;1932;p90p91;26519.9101562;;;;
;US-NM;1932;p95p96;36346.4023438;;;;
;US-NM;1932;p95p100;;;;0.3115136027;0.3115136027
;US-NM;1932;p99.5p100;104692.289062;;;0.0897284746;0.0897284746
;US-NM;1931;p0p100;7307.20898438;;1225985024.0;;
;US-NM;1931;p99p100;98463.1796875;;;0.1347479969;0.1347479969
;US-NM;1931;p99.9p100;262809.90625;;;0.0359658413;0.0359658413
;US-NM;1931;p99.99p100;752163.25;;;0.0102934409;0.0102934409
;US-NM;1931;p90p100;;;;0.4014881551;0.4014881551
;US-NM;1931;p90p91;29337.578125;;;;
;US-NM;1931;p95p96;40298.4335938;;;;
;US-NM;1931;p95p100;;;;0.2757443786;0.2757443786
;US-NM;1931;p99.5p100;131421.65625;;;0.0899260268;0.0899260268
;US-NM;1930;p0p100;8096.85107422;;1323162112.0;;
;US-NM;1930;p99p100;113609.984375;;;0.1403137743;0.1403137743
;US-NM;1930;p99.9p100;300905.0;;;0.0371632129;0.0371632129
;US-NM;1930;p99.99p100;772496.0;;;0.0095406966;0.0095406966
;US-NM;1930;p90p100;;;;0.3924346268;0.3924346268
;US-NM;1930;p90p91;31774.8476562;;;;
;US-NM;1930;p95p96;46659.2578125;;;;
;US-NM;1930;p95p100;;;;0.2881321311;0.2881321311
;US-NM;1930;p99.5p100;153089.09375;;;0.0945361927;0.0945361927
;US-NM;1929;p0p100;9949.08984375;;1611818496.0;;
;US-NM;1929;p99p100;133409.84375;;;0.1340925097;0.1340925097
;US-NM;1929;p99.9p100;366129.5;;;0.0368003026;0.0368003026
;US-NM;1929;p99.99p100;1118129.75;;;0.0112385135;0.0112385135
;US-NM;1929;p90p100;;;;0.3417493403;0.3417493403
;US-NM;1929;p90p91;34000.9492188;;;;
;US-NM;1929;p95p96;53202.859375;;;;
;US-NM;1929;p95p100;;;;0.2673755288;0.2673755288
;US-NM;1929;p99.5p100;180843.0625;;;0.0908842236;0.0908842236
;US-NM;1928;p0p100;7773.49560547;;1248744448.0;;
;US-NM;1928;p99p100;135990.46875;;;0.1749412268;0.1749412268
;US-NM;1928;p99.9p100;415116.8125;;;0.0534015633;0.0534015633
;US-NM;1928;p99.99p100;1346521.375;;;0.0173219554;0.0173219554
;US-NM;1928;p90p100;;;;0.4303595722;0.4303595722
;US-NM;1928;p90p91;33453.9804688;;;;
;US-NM;1928;p95p96;52537.9648438;;;;
;US-NM;1928;p95p100;;;;0.3379301131;0.3379301131
;US-NM;1928;p99.5p100;189417.890625;;;0.1218357235;0.1218357235
;US-NM;1927;p0p100;7181.75097656;;1141643136.0;;
;US-NM;1927;p99p100;117136.921875;;;0.1631035805;0.1631035805
;US-NM;1927;p99.9p100;326220.25;;;0.0454234965;0.0454234965
;US-NM;1927;p99.99p100;786510.5;;;0.0109515144;0.0109515144
;US-NM;1927;p90p100;;;;0.4220684767;0.4220684767
;US-NM;1927;p90p91;30311.90625;;;;
;US-NM;1927;p95p96;46665.984375;;;;
;US-NM;1927;p95p100;;;;0.3248928189;0.3248928189
;US-NM;1927;p99.5p100;159925.96875;;;0.1113419086;0.1113419086
;US-NM;1926;p0p100;6725.65136719;;1056229440.0;;
;US-NM;1926;p99p100;105760.375;;;0.1572492719;0.1572492719
;US-NM;1926;p99.9p100;298078.5625;;;0.0443196595;0.0443196595
;US-NM;1926;p99.99p100;831923.0;;;0.0123694036;0.0123694036
;US-NM;1926;p90p100;;;;0.4226647913;0.4226647913
;US-NM;1926;p90p91;28426.9589844;;;;
;US-NM;1926;p95p96;43396.96875;;;;
;US-NM;1926;p95p100;;;;0.3226228058;0.3226228058
;US-NM;1926;p99.5p100;143568.0;;;0.106731683;0.106731683
;US-NM;1925;p0p100;6479.92675781;;1005659072.0;;
;US-NM;1925;p99p100;96316.7890625;;;0.1486387104;0.1486387104
;US-NM;1925;p99.9p100;262008.828125;;;0.0404339209;0.0404339209
;US-NM;1925;p99.99p100;598673.4375;;;0.0092388932;0.0092388932
;US-NM;1925;p90p100;;;;0.4313398004;0.4313398004
;US-NM;1925;p90p91;27950.5019531;;;;
;US-NM;1925;p95p96;41856.5039062;;;;
;US-NM;1925;p95p100;;;;0.3229705095;0.3229705095
;US-NM;1925;p99.5p100;129065.601562;;;0.0995887816;0.0995887816
;US-NM;1924;p0p100;6942.11328125;;1062984832.0;;
;US-NM;1924;p99p100;90509.875;;;0.130377993;0.130377993
;US-NM;1924;p99.9p100;251234.125;;;0.0361898616;0.0361898616
;US-NM;1924;p99.99p100;657475.375;;;0.0094708242;0.0094708242
;US-NM;1924;p90p100;;;;0.4454289079;0.4454289079
;US-NM;1924;p90p91;30922.1777344;;;;
;US-NM;1924;p95p96;46170.9257812;;;;
;US-NM;1924;p95p100;;;;0.3325423002;0.3325423002
;US-NM;1924;p99.5p100;120042.265625;;;0.0864594579;0.0864594579
;US-NM;1923;p0p100;7257.39355469;;1091734912.0;;
;US-NM;1923;p99p100;84702.8984375;;;0.1167125478;0.1167125478
;US-NM;1923;p99.9p100;239454.484375;;;0.0329945572;0.0329945572
;US-NM;1923;p99.99p100;685362.8125;;;0.0094436491;0.0094436491
;US-NM;1923;p90p100;;;;0.4288117588;0.4288117588
;US-NM;1923;p90p91;31120.5605469;;;;
;US-NM;1923;p95p96;45368.8632812;;;;
;US-NM;1923;p95p100;;;;0.3125699162;0.3125699162
;US-NM;1923;p99.5p100;109135.09375;;;0.0751888976;0.0751888976
;US-NM;1922;p0p100;6788.84863281;;1005245440.0;;
;US-NM;1922;p99p100;84062.21875;;;0.123823978;0.123823978
;US-NM;1922;p99.9p100;233745.421875;;;0.0344307944;0.0344307944
;US-NM;1922;p99.99p100;650505.0;;;0.0095819645;0.0095819645
;US-NM;1922;p90p100;;;;0.4372456372;0.4372456372
;US-NM;1922;p90p91;29683.9414062;;;;
;US-NM;1922;p95p96;43692.84375;;;;
;US-NM;1922;p95p100;;;;0.3217986524;0.3217986524
;US-NM;1922;p99.5p100;109176.867188;;;0.0804089755;0.0804089755
;US-NM;1921;p0p100;6134.00097656;;896890496.0;;
;US-NM;1921;p99p100;71695.6640625;;;0.1168823913;0.1168823913
;US-NM;1921;p99.9p100;195476.21875;;;0.0318676531;0.0318676531
;US-NM;1921;p99.99p100;538128.625;;;0.0087728817;0.0087728817
;US-NM;1921;p90p100;;;;0.4357911646;0.4357911646
;US-NM;1921;p90p91;26731.4316406;;;;
;US-NM;1921;p95p96;38426.0429688;;;;
;US-NM;1921;p95p100;;;;0.3132217228;0.3132217228
;US-NM;1921;p99.5p100;93505.015625;;;0.0762186274;0.0762186274
;US-NM;1920;p0p100;7279.2734375;;1045141376.0;;
;US-NM;1920;p99p100;75296.1875;;;0.1034391522;0.1034391522
;US-NM;1920;p99.9p100;192480.25;;;0.0264422335;0.0264422335
;US-NM;1920;p99.99p100;409294.4375;;;0.0056227376;0.0056227376
;US-NM;1920;p90p100;;;;0.395496875;0.395496875
;US-NM;1920;p90p91;28789.2988281;;;;
;US-NM;1920;p95p96;39187.3203125;;;;
;US-NM;1920;p95p100;;;;0.2691705227;0.2691705227
;US-NM;1920;p99.5p100;99836.1796875;;;0.0685756505;0.0685756505
;US-NM;1919;p0p100;8141.36083984;;1159777792.0;;
;US-NM;1919;p99p100;99084.9375;;;0.1217056215;0.1217056215
;US-NM;1919;p99.9p100;283692.3125;;;0.0348458104;0.0348458104
;US-NM;1919;p99.99p100;696672.625;;;0.0085572014;0.0085572014
;US-NM;1919;p90p100;;;;0.3840314448;0.3840314448
;US-NM;1919;p90p91;31265.3867188;;;;
;US-NM;1919;p95p96;46005.2890625;;;;
;US-NM;1919;p95p100;;;;0.28254053;0.28254053
;US-NM;1919;p99.5p100;134844.3125;;;0.0828143507;0.0828143507
;US-NM;1918;p0p100;11700.9814453;;1663489536.0;;
;US-NM;1918;p99p100;106817.851562;;;0.0912896544;0.0912896544
;US-NM;1918;p99.9p100;343993.0625;;;0.0293986518;0.0293986518
;US-NM;1918;p99.99p100;1048292.75;;;0.0089590158;0.0089590158
;US-NM;1918;p90p100;;;;0.3356899321;0.3356899321
;US-NM;1918;p90p91;39279.015625;;;;
;US-NM;1918;p95p96;53749.484375;;;;
;US-NM;1918;p95p100;;;;0.2296793908;0.2296793908
;US-NM;1918;p99.5p100;144909.328125;;;0.0619218685;0.0619218685
;US-NM;1917;p0p100;12445.1181641;;1788977920.0;;
