Variable Name;.;.;.;Fiscal income  | tax unit | Average | Adults | constant 2015 local currency;Fiscal income  | tax unit | Threshold | Adults | constant 2015 local currency;Fiscal income  | tax unit | Total | Adults | constant 2015 local currency;Fiscal income  | tax unit | Share | Adults | share of total (ratio);Pre-tax national income  | tax unit | Share | Adults | share of total (ratio)
Variable Category;.;.;.;Income inequality;Income inequality;Income inequality;Income inequality;Income inequality
Variable Description;.;.;.;Average Fiscal income within a given percentile group. Fiscal income is defined as the sum of all income items reported on income tax returns, before any deduction. It includes labour income, capital income and mixed income. The concept of fiscal income varies with national tax legislations, so in order to make international comparisons it is preferable to use the concept of national income. The population is comprised of individuals over age 20. The base unit is the tax unit defined by national fiscal administrations to measure personal income taxes.;Fiscal income threshold value at a given percentile.  Fiscal income is defined as the sum of all income items reported on income tax returns, before any deduction. It includes labour income, capital income and mixed income. The concept of fiscal income varies with national tax legislations, so in order to make international comparisons it is preferable to use the concept of national income. The population is comprised of individuals over age 20. The base unit is the tax unit defined by national fiscal administrations to measure personal income taxes.;Total Fiscal income  within a given percentile group. Fiscal income is defined as the sum of all income items reported on income tax returns, before any deduction. It includes labour income, capital income and mixed income. The concept of fiscal income varies with national tax legislations, so in order to make international comparisons it is preferable to use the concept of national income. The population is comprised of individuals over age 20.;Fiscal income share held by a given percentile group. Fiscal income is defined as the sum of all income items reported on income tax returns, before any deduction. It includes labour income, capital income and mixed income. The concept of fiscal income varies with national tax legislations, so in order to make international comparisons it is preferable to use the concept of national income. The population is comprised of individuals over age 20. The base unit is the tax unit defined by national fiscal administrations to measure personal income taxes.;Pre-tax national income share held by a given percentile group. Pre-tax national income  is the sum of all pre-tax personal income flows accruing to the owners of the production factors, labor and capital, before taking into account the operation of the tax/transfer system, but after taking into account the operation of pension system. The central difference between personal factor income and pre-tax income is the treatment of pensions, which are counted on a contribution basis by factor income and on a distribution basis by pre-tax income. The population is comprised of individuals over age 20. The base unit is the tax unit defined by national fiscal administrations to measure personal income taxes.
Variable Decomposition;.;.;.;[Fiscal income ]=[Fiscal labour income ]+[Fiscal capital income ];[Fiscal income ]=[Fiscal labour income ]+[Fiscal capital income ];[Fiscal income ]=[Fiscal labour income ]+[Fiscal capital income ];[Fiscal income ]=[Fiscal labour income ]+[Fiscal capital income ];Pre-tax national income =Pre-tax labor income [total pre-tax income ranking]+Pre-tax capital income [total pre-tax income ranking]
Variable Unit;.;.;.;"USD; United States dollar | local currency | market";"USD; United States dollar | local currency | market";"USD; United States dollar | local currency | market";share;share
Methodological Notes;.;.;.;;;;;Assuming the same distribution as fiscal income.
Sources;.;.;.;Frank, Sommeiller, Price & Saez (2015);Frank, Sommeiller, Price & Saez (2015);Frank, Sommeiller, Price & Saez (2015);Frank, Sommeiller, Price & Saez (2015);WID.world computations using: Frank, Sommeiller, Price & Saez (2015)
Variable Code;country;year;perc;afiinc992t;tfiinc992t;mfiinc992t;sfiinc992t;sptinc992t
;US-ND;2014;p0p100;80510.875;;30755336192.0;;
;US-ND;2014;p99p100;;508570.15625;;0.1749503165;0.1749503165
;US-ND;2014;p99.9p100;;2236202.5;;0.0762743875;0.0762743875
;US-ND;2014;p99.99p100;;9796289.0;;0.0322538167;0.0322538167
;US-ND;2014;p90p100;;123999.421875;;0.4056788087;0.4056788087
;US-ND;2014;p90p91;330866.90625;;;;
;US-ND;2014;p95p96;510347.4375;;;;
;US-ND;2014;p90p95;151386.390625;123999.421875;;0.0918204635;0.0918204635
;US-ND;2014;p95p99;281866.34375;191263.578125;;0.1390019655;0.1390019655
;US-ND;2014;p99.5p99.9;1217317.875;796318.125;;0.0602838583;0.0602838583
;US-ND;2014;p99.9p99.99;3895089.0;2236202.5;;0.0443340912;0.0443340912
;US-ND;2014;p99p99.5;626980.875;508570.15625;;0.0384764485;0.0384764485
;US-ND;2014;p95p100;;191263.578125;;0.3139432371;0.3139432371
;US-ND;2014;p0p90;52693.5351562;;;0.5938293338;0.5938293338
;US-ND;2014;p0p99;66937.53125;;;0.8250496984;0.8250496984
;US-ND;2014;p99.5p100;;796318.125;;0.1364701837;0.1364701837
;US-ND;2014;p99.5p99.6;2221562.75;;;;
;US-ND;2014;p99.99p99.991;27329618.0;;;;
;US-ND;2014;p99.9p99.91;6238542.0;;;;
;US-ND;2014;p99p99.1;1424271.75;;;;
;US-ND;2013;p0p100;81479.1796875;;28933863424.0;;
;US-ND;2013;p99p100;;502483.5;;0.1619866639;0.1619866639
;US-ND;2013;p99.9p100;;2117544.25;;0.0687312186;0.0687312186
;US-ND;2013;p99.99p100;;8979197.0;;0.0287619755;0.0287619755
;US-ND;2013;p90p100;;127870.03125;;0.3915536404;0.3915536404
;US-ND;2013;p90p91;325850.84375;;;;
;US-ND;2013;p95p96;496499.71875;;;;
;US-ND;2013;p90p95;155201.984375;127870.03125;;0.091774337;0.091774337
;US-ND;2013;p95p99;286007.8125;194835.859375;;0.1379200816;0.1379200816
;US-ND;2013;p99.5p99.9;1167215.125;771427.6875;;0.0563516803;0.0563516803
;US-ND;2013;p99.9p99.99;3637027.75;2117544.25;;0.0400660709;0.0400660709
;US-ND;2013;p99p99.5;606515.875;502483.5;;0.0369131751;0.0369131751
;US-ND;2013;p95p100;;194835.859375;;0.2999170721;0.2999170721
;US-ND;2013;p0p90;54326.7695312;;;0.6082126498;0.6082126498
;US-ND;2013;p0p99;68782.328125;;;0.838013351;0.838013351
;US-ND;2013;p99.5p100;;771427.6875;;0.1250946075;0.1250946075
;US-ND;2013;p99.5p99.6;2070418.75;;;;
;US-ND;2013;p99.99p99.991;24099080.0;;;;
;US-ND;2013;p99.9p99.91;5683233.0;;;;
;US-ND;2013;p99p99.1;1338467.25;;;;
;US-ND;2012;p0p100;79430.953125;;28413687808.0;;
;US-ND;2012;p99p100;1610112.875;;;0.2027059793;0.2027059793
;US-ND;2012;p99.9p100;7599875.5;;;0.0956790149;0.0956790149
;US-ND;2012;p99.99p100;34346468.0;;;0.0432406589;0.0432406589
;US-ND;2012;p90p100;;;;0.4370100796;0.4370100796
;US-ND;2012;p90p91;347121.25;;;;
;US-ND;2012;p95p96;551350.875;;;;
;US-ND;2012;p95p100;;;;0.3470629752;0.3470629752
;US-ND;2012;p99.5p100;2558674.5;;;0.1610628068;0.1610628068
;US-ND;2011;p0p100;68480.890625;;23010936832.0;;
;US-ND;2011;p99p100;1142121.5;;;0.1667795777;0.1667795777
;US-ND;2011;p99.9p100;4888322.0;;;0.0713822767;0.0713822767
;US-ND;2011;p99.99p100;20558414.0;;;0.0300206561;0.0300206561
;US-ND;2011;p90p100;;;;0.4141699374;0.4141699374
;US-ND;2011;p90p91;283627.25;;;;
;US-ND;2011;p95p96;426112.9375;;;;
;US-ND;2011;p95p100;;;;0.3111181259;0.3111181259
;US-ND;2011;p99.5p100;1757632.625;;;0.1283301562;0.1283301562
;US-ND;2010;p0p100;65326.375;;21570906112.0;;
;US-ND;2010;p99p100;985249.75;;;0.1508195996;0.1508195996
;US-ND;2010;p99.9p100;4173963.25;;;0.0638939962;0.0638939962
;US-ND;2010;p99.99p100;17943628.0;;;0.0274676643;0.0274676643
;US-ND;2010;p90p100;;;;0.3922200203;0.3922200203
;US-ND;2010;p90p91;256223.109375;;;;
;US-ND;2010;p95p96;377946.5;;;;
;US-ND;2010;p95p100;;;;0.2892755568;0.2892755568
;US-ND;2010;p99.5p100;1508347.625;;;0.1154470742;0.1154470742
;US-ND;2009;p0p100;58974.0546875;;19151583232.0;;
;US-ND;2009;p99p100;807314.0;;;0.1368930787;0.1368930787
;US-ND;2009;p99.9p100;3418051.25;;;0.0579585619;0.0579585619
;US-ND;2009;p99.99p100;14839255.0;;;0.0251623448;0.0251623448
;US-ND;2009;p90p100;;;;0.3801870048;0.3801870048
;US-ND;2009;p90p91;224211.703125;;;;
;US-ND;2009;p95p96;321059.4375;;;;
;US-ND;2009;p95p100;;;;0.2722039521;0.2722039521
;US-ND;2009;p99.5p100;1231791.75;;;0.1044350564;0.1044350564
;US-ND;2008;p0p100;62848.984375;;20343693312.0;;
;US-ND;2008;p99p100;1039371.875;;;0.1653760672;0.1653760672
;US-ND;2008;p99.9p100;4910226.0;;;0.0781273693;0.0781273693
;US-ND;2008;p99.99p100;22614116.0;;;0.03598167;0.03598167
;US-ND;2008;p90p100;;;;0.4020049274;0.4020049274
;US-ND;2008;p90p91;252656.015625;;;;
;US-ND;2008;p95p96;375257.65625;;;;
;US-ND;2008;p95p100;;;;0.2985391617;0.2985391617
;US-ND;2008;p99.5p100;1649054.125;;;0.1311917901;0.1311917901
;US-ND;2007;p0p100;61173.7890625;;19445157888.0;;
;US-ND;2007;p99p100;953236.25;;;0.1558242738;0.1558242738
;US-ND;2007;p99.9p100;4332687.0;;;0.0708258674;0.0708258674
;US-ND;2007;p99.99p100;18541446.0;;;0.0303094592;0.0303094592
;US-ND;2007;p90p100;;;;0.3875736892;0.3875736892
;US-ND;2007;p90p91;237093.53125;;;;
;US-ND;2007;p95p96;345649.375;;;;
;US-ND;2007;p95p100;;;;0.2825142741;0.2825142741
;US-ND;2007;p99.5p100;1502501.375;;;0.1228059679;0.1228059679
;US-ND;2006;p0p100;54929.1210938;;17545224192.0;;
;US-ND;2006;p99p100;863719.1875;;;0.1572424769;0.1572424769
;US-ND;2006;p99.9p100;3857473.5;;;0.0702263787;0.0702263787
;US-ND;2006;p99.99p100;15987545.0;;;0.0291057713;0.0291057713
;US-ND;2006;p90p100;;;;0.3969162405;0.3969162405
;US-ND;2006;p90p91;218022.609375;;;;
;US-ND;2006;p95p96;320207.90625;;;;
;US-ND;2006;p95p100;;;;0.2914737165;0.2914737165
;US-ND;2006;p99.5p100;1355576.0;;;0.1233931929;0.1233931929
;US-ND;2005;p0p100;55208.1875;;17236555776.0;;
;US-ND;2005;p99p100;729640.4375;;;0.1321616322;0.1321616322
;US-ND;2005;p99.9p100;2989034.5;;;0.0541411415;0.0541411415
;US-ND;2005;p99.99p100;11406205.0;;;0.0206603501;0.0206603501
;US-ND;2005;p90p100;;;;0.3632046282;0.3632046282
;US-ND;2005;p90p91;200518.6875;;;;
;US-ND;2005;p95p96;290376.3125;;;;
;US-ND;2005;p95p100;;;;0.2629829943;0.2629829943
;US-ND;2005;p99.5p100;1113592.0;;;0.1008538827;0.1008538827
;US-ND;2004;p0p100;52863.9804688;;16202574848.0;;
;US-ND;2004;p99p100;681950.4375;;;0.1290009469;0.1290009469
;US-ND;2004;p99.9p100;2746527.5;;;0.0519546084;0.0519546084
;US-ND;2004;p99.99p100;10590019.0;;;0.0200325791;0.0200325791
;US-ND;2004;p90p100;;;;0.3657794297;0.3657794297
;US-ND;2004;p90p91;193365.5625;;;;
;US-ND;2004;p95p96;278736.9375;;;;
;US-ND;2004;p95p100;;;;0.2636359632;0.2636359632
;US-ND;2004;p99.5p100;1031561.1875;;;0.0975674838;0.0975674838
;US-ND;2003;p0p100;51808.0117188;;15934164992.0;;
;US-ND;2003;p99p100;578314.75;;;0.1116265208;0.1116265208
;US-ND;2003;p99.9p100;2157039.75;;;0.04163526;0.04163526
;US-ND;2003;p99.99p100;7956834.5;;;0.0153583102;0.0153583102
;US-ND;2003;p90p100;;;;0.3434945941;0.3434945941
;US-ND;2003;p90p91;177957.703125;;;;
;US-ND;2003;p95p96;247831.53125;;;;
;US-ND;2003;p95p100;;;;0.239182651;0.239182651
;US-ND;2003;p99.5p100;853226.875;;;0.0823450759;0.0823450759
;US-ND;2002;p0p100;46412.9335938;;14760537088.0;;
;US-ND;2002;p99p100;527606.0;;;0.1136764959;0.1136764959
;US-ND;2002;p99.9p100;1848386.0;;;0.0398248062;0.0398248062
;US-ND;2002;p99.99p100;6367335.5;;;0.0137188826;0.0137188826
;US-ND;2002;p90p100;;;;0.3639113307;0.3639113307
;US-ND;2002;p90p91;168901.921875;;;;
;US-ND;2002;p95p96;232462.765625;;;;
;US-ND;2002;p95p100;;;;0.2504288852;0.2504288852
;US-ND;2002;p99.5p100;764154.9375;;;0.0823213384;0.0823213384
;US-ND;2001;p0p100;49439.46875;;15165547520.0;;
;US-ND;2001;p99p100;545447.4375;;;0.1103263199;0.1103263199
;US-ND;2001;p99.9p100;1831036.625;;;0.0370359272;0.0370359272
;US-ND;2001;p99.99p100;5923648.0;;;0.0119816167;0.0119816167
;US-ND;2001;p90p100;;;;0.3524736762;0.3524736762
;US-ND;2001;p90p91;174261.125;;;;
;US-ND;2001;p95p96;240780.015625;;;;
;US-ND;2001;p95p100;;;;0.2435099036;0.2435099036
;US-ND;2001;p99.5p100;757794.4375;;;0.0766386017;0.0766386017
;US-ND;2000;p0p100;53537.4453125;;16095185920.0;;
;US-ND;2000;p99p100;633433.375;;;0.11831595;0.11831595
;US-ND;2000;p99.9p100;2472110.25;;;0.0461753458;0.0461753458
;US-ND;2000;p99.99p100;9002523.0;;;0.0168153737;0.0168153737
;US-ND;2000;p90p100;;;;0.3502222598;0.3502222598
;US-ND;2000;p90p91;187500.078125;;;;
;US-ND;2000;p95p96;265127.0625;;;;
;US-ND;2000;p95p100;;;;0.2476089895;0.2476089895
;US-ND;2000;p99.5p100;921795.4375;;;0.0860888436;0.0860888436
;US-ND;1999;p0p100;52115.328125;;15252210688.0;;
;US-ND;1999;p99p100;585949.875;;;0.1124333143;0.1124333143
;US-ND;1999;p99.9p100;2014805.625;;;0.0386605188;0.0386605188
;US-ND;1999;p99.99p100;6179890.0;;;0.0118581047;0.0118581047
;US-ND;1999;p90p100;;;;0.3512317836;0.3512317836
;US-ND;1999;p90p91;183045.609375;;;;
;US-ND;1999;p95p96;255779.359375;;;;
;US-ND;1999;p95p100;;;;0.2453974336;0.2453974336
;US-ND;1999;p99.5p100;820234.8125;;;0.0786941946;0.0786941946
;US-ND;1998;p0p100;51714.2109375;;15033854976.0;;
;US-ND;1998;p99p100;613512.9375;;;0.1186352745;0.1186352745
;US-ND;1998;p99.9p100;2453843.5;;;0.0474500805;0.0474500805
;US-ND;1998;p99.99p100;10618740.0;;;0.020533504;0.020533504
;US-ND;1998;p90p100;;;;0.349211216;0.349211216
;US-ND;1998;p90p91;180591.828125;;;;
;US-ND;1998;p95p96;254829.234375;;;;
;US-ND;1998;p95p100;;;;0.2463821918;0.2463821918
;US-ND;1998;p99.5p100;907368.75;;;0.0877291486;0.0877291486
;US-ND;1997;p0p100;46031.1914062;;13409955840.0;;
;US-ND;1997;p99p100;515352.3125;;;0.1119571999;0.1119571999
;US-ND;1997;p99.9p100;1640949.75;;;0.0356486477;0.0356486477
;US-ND;1997;p99.99p100;5321739.0;;;0.011561159;0.011561159
;US-ND;1997;p90p100;;;;0.3631554544;0.3631554544
;US-ND;1997;p90p91;167164.78125;;;;
;US-ND;1997;p95p96;231300.796875;;;;
;US-ND;1997;p95p100;;;;0.2512435615;0.2512435615
;US-ND;1997;p99.5p100;725341.5;;;0.0787880421;0.0787880421
;US-ND;1996;p0p100;47843.9023438;;13748890624.0;;
;US-ND;1996;p99p100;493126.1875;;;0.1030698121;0.1030698121
;US-ND;1996;p99.9p100;1616489.5;;;0.0337867364;0.0337867364
;US-ND;1996;p99.99p100;5158533.5;;;0.0107820081;0.0107820081
;US-ND;1996;p90p100;;;;0.3373140097;0.3373140097
;US-ND;1996;p90p91;161384.1875;;;;
;US-ND;1996;p95p96;223038.46875;;;;
;US-ND;1996;p95p100;;;;0.2330897599;0.2330897599
;US-ND;1996;p99.5p100;701109.875;;;0.0732705519;0.0732705519
;US-ND;1995;p0p100;43113.3164062;;12096495616.0;;
;US-ND;1995;p99p100;463903.0625;;;0.1076008826;0.1076008826
;US-ND;1995;p99.9p100;1504965.125;;;0.0349072032;0.0349072032
;US-ND;1995;p99.99p100;4756423.0;;;0.0110323764;0.0110323764
;US-ND;1995;p90p100;;;;0.3575111628;0.3575111628
;US-ND;1995;p90p91;154134.90625;;;;
;US-ND;1995;p95p96;212186.390625;;;;
;US-ND;1995;p95p100;;;;0.2460798919;0.2460798919
;US-ND;1995;p99.5p100;657968.6875;;;0.0763068944;0.0763068944
;US-ND;1994;p0p100;43506.9882812;;12348702720.0;;
;US-ND;1994;p99p100;417331.09375;;;0.0959227681;0.0959227681
;US-ND;1994;p99.9p100;1285310.625;;;0.0295426268;0.0295426268
;US-ND;1994;p99.99p100;3973514.75;;;0.0091330502;0.0091330502
;US-ND;1994;p90p100;;;;0.336817801;0.336817801
;US-ND;1994;p90p91;146539.28125;;;;
;US-ND;1994;p95p96;197357.859375;;;;
;US-ND;1994;p95p100;;;;0.2268116772;0.2268116772
;US-ND;1994;p99.5p100;581545.6875;;;0.066833593;0.066833593
;US-ND;1993;p0p100;40763.6445312;;11536147456.0;;
;US-ND;1993;p99p100;423215.15625;;;0.1038217172;0.1038217172
;US-ND;1993;p99.9p100;1356110.125;;;0.0332676359;0.0332676359
;US-ND;1993;p99.99p100;4366651.0;;;0.0107121207;0.0107121207
;US-ND;1993;p90p100;;;;0.358372122;0.358372122
;US-ND;1993;p90p91;146085.546875;;;;
;US-ND;1993;p95p96;197432.34375;;;;
;US-ND;1993;p95p100;;;;0.2421671748;0.2421671748
;US-ND;1993;p99.5p100;598194.75;;;0.0733735561;0.0733735561
;US-ND;1992;p0p100;42413.3984375;;11948233728.0;;
;US-ND;1992;p99p100;414297.40625;;;0.0976807848;0.0976807848
;US-ND;1992;p99.9p100;1300652.125;;;0.0306660682;0.0306660682
;US-ND;1992;p99.99p100;4055952.0;;;0.0095629031;0.0095629031
;US-ND;1992;p90p100;;;;0.3388925791;0.3388925791
;US-ND;1992;p90p91;143735.859375;;;;
;US-ND;1992;p95p96;192264.765625;;;;
;US-ND;1992;p95p100;;;;0.2266556919;0.2266556919
;US-ND;1992;p99.5p100;583191.875;;;0.068750903;0.068750903
;US-ND;1991;p0p100;40451.6796875;;11236675584.0;;
;US-ND;1991;p99p100;407276.6875;;;0.1006822586;0.1006822586
;US-ND;1991;p99.9p100;1342534.625;;;0.0331886001;0.0331886001
;US-ND;1991;p99.99p100;4416135.0;;;0.010917061;0.010917061
;US-ND;1991;p90p100;;;;0.3483452499;0.3483452499
;US-ND;1991;p90p91;140911.515625;;;;
;US-ND;1991;p95p96;186880.375;;;;
;US-ND;1991;p95p100;;;;0.2309920937;0.2309920937
;US-ND;1991;p99.5p100;581079.375;;;0.0718238801;0.0718238801
;US-ND;1990;p0p100;41681.3476562;;11580193792.0;;
;US-ND;1990;p99p100;396009.0;;;0.0950086787;0.0950086787
;US-ND;1990;p99.9p100;1240197.5;;;0.029754255;0.029754255
;US-ND;1990;p99.99p100;3814292.5;;;0.0091510769;0.0091510769
;US-ND;1990;p90p100;;;;0.3328048289;0.3328048289
;US-ND;1990;p90p91;138717.546875;;;;
;US-ND;1990;p95p96;183759.359375;;;;
;US-ND;1990;p95p100;;;;0.220433563;0.220433563
;US-ND;1990;p99.5p100;560674.1875;;;0.0672572032;0.0672572032
;US-ND;1989;p0p100;39618.703125;;11081063424.0;;
;US-ND;1989;p99p100;398010.6875;;;0.1004603058;0.1004603058
;US-ND;1989;p99.9p100;1345941.25;;;0.0339723714;0.0339723714
;US-ND;1989;p99.99p100;4496765.0;;;0.0113501064;0.0113501064
;US-ND;1989;p90p100;;;;0.340426594;0.340426594
;US-ND;1989;p90p91;134872.59375;;;;
;US-ND;1989;p95p96;180740.5;;;;
;US-ND;1989;p95p100;;;;0.228099972;0.228099972
;US-ND;1989;p99.5p100;572750.4375;;;0.0722828358;0.0722828358
;US-ND;1988;p0p100;36979.53125;;10435297280.0;;
;US-ND;1988;p99p100;422000.84375;;;0.1141174063;0.1141174063
;US-ND;1988;p99.9p100;1521012.375;;;0.0411311947;0.0411311947
;US-ND;1988;p99.99p100;5259679.5;;;0.0142232189;0.0142232189
;US-ND;1988;p90p100;;;;0.3643533587;0.3643533587
;US-ND;1988;p90p91;134736.15625;;;;
;US-ND;1988;p95p96;183087.34375;;;;
;US-ND;1988;p95p100;;;;0.2475522757;0.2475522757
;US-ND;1988;p99.5p100;620789.3125;;;0.0839368775;0.0839368775
;US-ND;1987;p0p100;41078.9179688;;11585088512.0;;
;US-ND;1987;p99p100;338587.375;;;0.0824236348;0.0824236348
;US-ND;1987;p99.9p100;1067884.75;;;0.0259959307;0.0259959307
;US-ND;1987;p99.99p100;3389990.25;;;0.0082523841;0.0082523841
;US-ND;1987;p90p100;;;;0.3054052293;0.3054052293
;US-ND;1987;p90p91;125457.179688;;;;
;US-ND;1987;p95p96;163722.671875;;;;
;US-ND;1987;p95p100;;;;0.1992782056;0.1992782056
;US-ND;1987;p99.5p100;475155.625;;;0.0578344837;0.0578344837
;US-ND;1986;p0p100;42529.40625;;12272342016.0;;
;US-ND;1986;p99p100;470599.5625;;;0.1106527448;0.1106527448
;US-ND;1986;p99.9p100;1881063.125;;;0.0442297049;0.0442297049
;US-ND;1986;p99.99p100;7299574.5;;;0.0171635952;0.0171635952
;US-ND;1986;p90p100;;;;0.3315842152;0.3315842152
;US-ND;1986;p90p91;141020.78125;;;;
;US-ND;1986;p95p96;194862.921875;;;;
;US-ND;1986;p95p100;;;;0.2290920019;0.2290920019
;US-ND;1986;p99.5p100;712400.1875;;;0.0837538391;0.0837538391
;US-ND;1985;p0p100;39773.9296875;;11275265024.0;;
;US-ND;1985;p99p100;309329.75;;;0.077771984;0.077771984
;US-ND;1985;p99.9p100;931944.25;;;0.0234310329;0.0234310329
;US-ND;1985;p99.99p100;2418545.75;;;0.0060807313;0.0060807313
;US-ND;1985;p90p100;;;;0.307512641;0.307512641
;US-ND;1985;p90p91;122309.859375;;;;
;US-ND;1985;p95p96;155426.09375;;;;
;US-ND;1985;p95p100;;;;0.1953869015;0.1953869015
;US-ND;1985;p99.5p100;427848.375;;;0.0537850261;0.0537850261
;US-ND;1984;p0p100;38615.7109375;;10759180288.0;;
;US-ND;1984;p99p100;361781.84375;;;0.0936877429;0.0936877429
;US-ND;1984;p99.9p100;1279408.0;;;0.0331318006;0.0331318006
;US-ND;1984;p99.99p100;4883172.5;;;0.0126455603;0.0126455603
;US-ND;1984;p90p100;;;;0.3122165203;0.3122165203
;US-ND;1984;p90p91;120564.617188;;;;
;US-ND;1984;p95p96;162580.984375;;;;
;US-ND;1984;p95p100;;;;0.2105114609;0.2105114609
;US-ND;1984;p99.5p100;507535.6875;;;0.0657162219;0.0657162219
;US-ND;1983;p0p100;37117.2421875;;10167088128.0;;
;US-ND;1983;p99p100;414015.1875;;;0.1115425602;0.1115425602
;US-ND;1983;p99.9p100;1581176.375;;;0.0425995141;0.0425995141
;US-ND;1983;p99.99p100;6437285.0;;;0.0173431132;0.0173431132
;US-ND;1983;p90p100;;;;0.3218735754;0.3218735754
;US-ND;1983;p90p91;119470.578125;;;;
;US-ND;1983;p95p96;170436.5625;;;;
;US-ND;1983;p95p100;;;;0.2295921892;0.2295921892
;US-ND;1983;p99.5p100;589577.9375;;;0.0794210434;0.0794210434
;US-ND;1982;p0p100;41306.5234375;;11537397760.0;;
;US-ND;1982;p99p100;407393.59375;;;0.098626934;0.098626934
;US-ND;1982;p99.9p100;1575781.5;;;0.0381484888;0.0381484888
;US-ND;1982;p99.99p100;6542695.5;;;0.0158393756;0.0158393756
;US-ND;1982;p90p100;;;;0.3254704475;0.3254704475
;US-ND;1982;p90p91;134440.53125;;;;
;US-ND;1982;p95p96;181240.453125;;;;
;US-ND;1982;p95p100;;;;0.2193847746;0.2193847746
;US-ND;1982;p99.5p100;601142.3125;;;0.0727660209;0.0727660209
;US-ND;1981;p0p100;40373.75;;11403966464.0;;
;US-ND;1981;p99p100;329018.375;;;0.0814931318;0.0814931318
;US-ND;1981;p99.9p100;850604.75;;;0.0210682601;0.0210682601
;US-ND;1981;p99.99p100;2151895.75;;;0.0053299372;0.0053299372
;US-ND;1981;p90p100;;;;0.3342650533;0.3342650533
;US-ND;1981;p90p91;134955.359375;;;;
;US-ND;1981;p95p96;170872.703125;;;;
;US-ND;1981;p95p100;;;;0.2116135955;0.2116135955
;US-ND;1981;p99.5p100;434336.53125;;;0.0537894666;0.0537894666
;US-ND;1980;p0p100;33490.4648438;;9435247616.0;;
;US-ND;1980;p99p100;326461.65625;;;0.0974789858;0.0974789858
;US-ND;1980;p99.9p100;817854.125;;;0.0244205073;0.0244205073
;US-ND;1980;p99.99p100;1953461.875;;;0.0058328896;0.0058328896
;US-ND;1980;p90p100;;;;0.3749141395;0.3749141395
;US-ND;1980;p90p91;125560.484375;;;;
;US-ND;1980;p95p96;167572.8125;;;;
;US-ND;1980;p95p100;;;;0.2501798868;0.2501798868
;US-ND;1980;p99.5p100;431800.15625;;;0.0644661337;0.0644661337
;US-ND;1979;p0p100;41034.8828125;;11168600064.0;;
;US-ND;1979;p99p100;320812.09375;;;0.078180328;0.078180328
;US-ND;1979;p99.9p100;812619.6875;;;0.0198031422;0.0198031422
;US-ND;1979;p99.99p100;2347343.75;;;0.0057203621;0.0057203621
;US-ND;1979;p90p100;;;;0.3099796474;0.3099796474
;US-ND;1979;p90p91;127199.78125;;;;
;US-ND;1979;p95p96;166921.109375;;;;
;US-ND;1979;p95p100;;;;0.203389287;0.203389287
;US-ND;1979;p99.5p100;424389.5;;;0.0517108254;0.0517108254
;US-ND;1978;p0p100;43333.8359375;;11747472384.0;;
;US-ND;1978;p99p100;294858.71875;;;0.06804353;0.06804353
;US-ND;1978;p99.9p100;670624.9375;;;0.0154757798;0.0154757798
;US-ND;1978;p99.99p100;1699312.0;;;0.0039214436;0.0039214436
;US-ND;1978;p90p100;;;;0.2879330814;0.2879330814
;US-ND;1978;p90p91;124772.4375;;;;
;US-ND;1978;p95p96;163840.9375;;;;
;US-ND;1978;p95p100;;;;0.1890450418;0.1890450418
;US-ND;1978;p99.5p100;391187.0;;;0.0451364331;0.0451364331
;US-ND;1977;p0p100;37159.21875;;9856122880.0;;
;US-ND;1977;p99p100;293018.625;;;0.0788548887;0.0788548887
;US-ND;1977;p99.9p100;646990.875;;;0.0174113158;0.0174113158
;US-ND;1977;p99.99p100;1272198.875;;;0.0034236426;0.0034236426
;US-ND;1977;p90p100;;;;0.3215859234;0.3215859234
;US-ND;1977;p90p91;119498.820312;;;;
;US-ND;1977;p95p96;155129.234375;;;;
;US-ND;1977;p95p100;;;;0.2087358534;0.2087358534
;US-ND;1977;p99.5p100;372817.09375;;;0.0501648188;0.0501648188
;US-ND;1976;p0p100;39454.8007812;;10245396480.0;;
;US-ND;1976;p99p100;316204.875;;;0.0801435709;0.0801435709
;US-ND;1976;p99.9p100;708006.125;;;0.0179447383;0.0179447383
;US-ND;1976;p99.99p100;1489845.75;;;0.0037760818;0.0037760818
;US-ND;1976;p90p100;;;;0.3163021803;0.3163021803
;US-ND;1976;p90p91;124796.40625;;;;
;US-ND;1976;p95p96;163082.25;;;;
;US-ND;1976;p95p100;;;;0.2066697031;0.2066697031
;US-ND;1976;p99.5p100;406779.125;;;0.0515500121;0.0515500121
;US-ND;1975;p0p100;43746.2578125;;11128468480.0;;
;US-ND;1975;p99p100;340741.03125;;;0.0778903291;0.0778903291
;US-ND;1975;p99.9p100;766008.3125;;;0.0175102595;0.0175102595
;US-ND;1975;p99.99p100;1600289.25;;;0.0036581173;0.0036581173
;US-ND;1975;p90p100;;;;0.3138789237;0.3138789237
;US-ND;1975;p90p91;137310.28125;;;;
;US-ND;1975;p95p96;183144.34375;;;;
;US-ND;1975;p95p100;;;;0.2093257457;0.2093257457
;US-ND;1975;p99.5p100;433082.96875;;;0.0494994335;0.0494994335
;US-ND;1974;p0p100;47786.0234375;;11905241088.0;;
;US-ND;1974;p99p100;427861.78125;;;0.0895370096;0.0895370096
;US-ND;1974;p99.9p100;1377997.0;;;0.0288368203;0.0288368203
;US-ND;1974;p99.99p100;4766095.5;;;0.0099738268;0.0099738268
;US-ND;1974;p90p100;;;;0.3034085333;0.3034085333
;US-ND;1974;p90p91;144986.890625;;;;
;US-ND;1974;p95p96;196915.171875;;;;
;US-ND;1974;p95p100;;;;0.2060384601;0.2060384601
;US-ND;1974;p99.5p100;604949.625;;;0.063297756;0.063297756
;US-ND;1973;p0p100;54497.6757812;;13307742208.0;;
;US-ND;1973;p99p100;314023.59375;;;0.0576214679;0.0576214679
;US-ND;1973;p99.9p100;683067.5;;;0.0125338826;0.0125338826
;US-ND;1973;p99.99p100;1570498.625;;;0.0028817719;0.0028817719
;US-ND;1973;p90p100;;;;0.2407891899;0.2407891899
;US-ND;1973;p90p91;131224.515625;;;;
;US-ND;1973;p95p96;171973.671875;;;;
;US-ND;1973;p95p100;;;;0.1577807367;0.1577807367
;US-ND;1973;p99.5p100;397539.875;;;0.0364731029;0.0364731029
;US-ND;1972;p0p100;41234.5546875;;9865773056.0;;
;US-ND;1972;p99p100;243231.484375;;;0.0589872934;0.0589872934
;US-ND;1972;p99.9p100;551103.0;;;0.0133650778;0.0133650778
;US-ND;1972;p99.99p100;1376403.875;;;0.0033379863;0.0033379863
;US-ND;1972;p90p100;;;;0.2475104481;0.2475104481
;US-ND;1972;p90p91;102059.835938;;;;
;US-ND;1972;p95p96;130190.039062;;;;
;US-ND;1972;p95p100;;;;0.1578652114;0.1578652114
;US-ND;1972;p99.5p100;314383.3125;;;0.0381213427;0.0381213427
;US-ND;1971;p0p100;36189.4453125;;8474608128.0;;
;US-ND;1971;p99p100;244624.96875;;;0.0675956681;0.0675956681
;US-ND;1971;p99.9p100;481166.09375;;;0.0132957576;0.0132957576
;US-ND;1971;p99.99p100;1414889.875;;;0.0039096754;0.0039096754
;US-ND;1971;p90p100;;;;0.2803383768;0.2803383768
;US-ND;1971;p90p91;101452.90625;;;;
;US-ND;1971;p95p96;130884.1875;;;;
;US-ND;1971;p95p100;;;;0.1808319986;0.1808319986
;US-ND;1971;p99.5p100;309343.8125;;;0.0427395068;0.0427395068
;US-ND;1970;p0p100;33507.2695312;;7665373184.0;;
;US-ND;1970;p99p100;223358.984375;;;0.0666598603;0.0666598603
;US-ND;1970;p99.9p100;493798.9375;;;0.0147370677;0.0147370677
;US-ND;1970;p99.99p100;1427412.375;;;0.0042600078;0.0042600078
;US-ND;1970;p90p100;;;;0.2920045853;0.2920045853
;US-ND;1970;p90p91;97842.7578125;;;;
;US-ND;1970;p95p96;124382.414062;;;;
;US-ND;1970;p95p100;;;;0.1856051236;0.1856051236
;US-ND;1970;p99.5p100;289806.3125;;;0.0432452895;0.0432452895
;US-ND;1969;p0p100;34433.1523438;;7871846400.0;;
;US-ND;1969;p99p100;233473.953125;;;0.0678049847;0.0678049847
;US-ND;1969;p99.9p100;613519.125;;;0.0178176854;0.0178176854
;US-ND;1969;p99.99p100;1617378.5;;;0.0046971543;0.0046971543
;US-ND;1969;p90p100;;;;0.2860231698;0.2860231698
;US-ND;1969;p90p91;98486.796875;;;;
;US-ND;1969;p95p96;126746.6875;;;;
;US-ND;1969;p95p100;;;;0.1840474457;0.1840474457
;US-ND;1969;p99.5p100;317732.9375;;;0.0461376458;0.0461376458
;US-ND;1968;p0p100;32852.1992188;;7519153664.0;;
;US-ND;1968;p99p100;257532.140625;;;0.0783911422;0.0783911422
;US-ND;1968;p99.9p100;584995.6875;;;0.0178068969;0.0178068969
;US-ND;1968;p99.99p100;1401016.625;;;0.0042646057;0.0042646057
;US-ND;1968;p90p100;;;;0.3033589423;0.3033589423
;US-ND;1968;p90p91;99660.078125;;;;
;US-ND;1968;p95p96;130368.960938;;;;
;US-ND;1968;p95p100;;;;0.1984174103;0.1984174103
;US-ND;1968;p99.5p100;328383.53125;;;0.0499789305;0.0499789305
;US-ND;1967;p0p100;32808.4375;;7515978752.0;;
;US-ND;1967;p99p100;247628.46875;;;0.0754770711;0.0754770711
;US-ND;1967;p99.9p100;568975.5625;;;0.017342357;0.017342357
;US-ND;1967;p99.99p100;1358697.625;;;0.004141306;0.004141306
;US-ND;1967;p90p100;;;;0.2988999486;0.2988999486
;US-ND;1967;p90p91;98064.3984375;;;;
;US-ND;1967;p95p96;126647.117188;;;;
;US-ND;1967;p95p100;;;;0.1930099875;0.1930099875
;US-ND;1967;p99.5p100;323753.0625;;;0.0493399091;0.0493399091
;US-ND;1966;p0p100;33634.8125;;7705052160.0;;
;US-ND;1966;p99p100;225300.015625;;;0.0669841692;0.0669841692
;US-ND;1966;p99.9p100;533470.3125;;;0.0158606581;0.0158606581
;US-ND;1966;p99.99p100;1488962.0;;;0.0044268477;0.0044268477
;US-ND;1966;p90p100;;;;0.2812276781;0.2812276781
;US-ND;1966;p90p91;94590.40625;;;;
;US-ND;1966;p95p96;121095.554688;;;;
;US-ND;1966;p95p100;;;;0.1800152063;0.1800152063
;US-ND;1966;p99.5p100;290227.96875;;;0.0431439877;0.0431439877
;US-ND;1965;p0p100;34421.96875;;7879595008.0;;
;US-ND;1965;p99p100;240759.984375;;;0.0699436963;0.0699436963
;US-ND;1965;p99.9p100;486229.21875;;;0.0141255492;0.0141255492
;US-ND;1965;p99.99p100;1097950.625;;;0.0031896797;0.0031896797
;US-ND;1965;p90p100;;;;0.2725996673;0.2725996673
;US-ND;1965;p90p91;93834.171875;;;;
;US-ND;1965;p95p96;124641.414062;;;;
;US-ND;1965;p95p100;;;;0.1810492128;0.1810492128
;US-ND;1965;p99.5p100;300111.4375;;;0.0435930043;0.0435930043
;US-ND;1964;p0p100;29953.484375;;6844899328.0;;
;US-ND;1964;p99p100;225711.265625;;;0.0753539354;0.0753539354
;US-ND;1964;p99.9p100;479144.5;;;0.0159962885;0.0159962885
;US-ND;1964;p99.99p100;1110640.375;;;0.0037078843;0.0037078843
;US-ND;1964;p90p100;;;;0.2974867225;0.2974867225
;US-ND;1964;p90p91;89107.625;;;;
;US-ND;1964;p95p96;116020.96875;;;;
;US-ND;1964;p95p100;;;;0.193668589;0.193668589
;US-ND;1964;p99.5p100;273789.59375;;;0.0457024649;0.0457024649
;US-ND;1963;p0p100;30610.7539062;;6973102592.0;;
;US-ND;1963;p99p100;201587.75;;;0.0658552051;0.0658552051
;US-ND;1963;p99.9p100;449217.09375;;;0.0146751394;0.0146751394
;US-ND;1963;p99.99p100;929844.75;;;0.0030376411;0.0030376411
;US-ND;1963;p90p100;;;;0.2737244368;0.2737244368
;US-ND;1963;p90p91;83789.1171875;;;;
;US-ND;1963;p95p96;107955.898438;;;;
;US-ND;1963;p95p100;;;;0.1763365567;0.1763365567
;US-ND;1963;p99.5p100;261091.71875;;;0.0426470563;0.0426470563
;US-ND;1962;p0p100;33587.7382812;;7623083008.0;;
;US-ND;1962;p99p100;206284.765625;;;0.061416693;0.061416693
;US-ND;1962;p99.9p100;580690.8125;;;0.0172887743;0.0172887743
;US-ND;1962;p99.99p100;2108069.5;;;0.0062763067;0.0062763067
;US-ND;1962;p90p100;;;;0.243939966;0.243939966
;US-ND;1962;p90p91;81933.9140625;;;;
;US-ND;1962;p95p96;106503.6875;;;;
;US-ND;1962;p95p100;;;;0.1585454941;0.1585454941
;US-ND;1962;p99.5p100;279586.96875;;;0.0416203961;0.0416203961
;US-ND;1961;p0p100;24013.4355469;;5424481280.0;;
;US-ND;1961;p99p100;173121.203125;;;0.0720934719;0.0720934719
;US-ND;1961;p99.9p100;294859.0625;;;0.0122789191;0.0122789191
;US-ND;1961;p99.99p100;693337.1875;;;0.0028872886;0.0028872886
;US-ND;1961;p90p100;;;;0.3041695952;0.3041695952
;US-ND;1961;p90p91;73041.578125;;;;
;US-ND;1961;p95p96;94834.3125;;;;
;US-ND;1961;p95p100;;;;0.1974609494;0.1974609494
;US-ND;1961;p99.5p100;220778.1875;;;0.0459697209;0.0459697209
;US-ND;1960;p0p100;26830.6542969;;6024906240.0;;
;US-ND;1960;p99p100;174886.40625;;;0.0651815683;0.0651815683
;US-ND;1960;p99.9p100;407133.03125;;;0.0151741747;0.0151741747
;US-ND;1960;p99.99p100;1300589.0;;;0.0048473994;0.0048473994
;US-ND;1960;p90p100;;;;0.2669994533;0.2669994533
;US-ND;1960;p90p91;71637.703125;;;;
;US-ND;1960;p95p96;93860.9921875;;;;
;US-ND;1960;p95p100;;;;0.1749137342;0.1749137342
;US-ND;1960;p99.5p100;224481.03125;;;0.0418329388;0.0418329388
;US-ND;1959;p0p100;24493.1699219;;5538974208.0;;
;US-ND;1959;p99p100;184262.015625;;;0.0752299577;0.0752299577
;US-ND;1959;p99.9p100;484554.96875;;;0.0197832696;0.0197832696
;US-ND;1959;p99.99p100;840554.875;;;0.0034317928;0.0034317928
;US-ND;1959;p90p100;;;;0.2959272265;0.2959272265
;US-ND;1959;p90p91;72481.9609375;;;;
;US-ND;1959;p95p96;96086.7578125;;;;
;US-ND;1959;p95p100;;;;0.1961500943;0.1961500943
;US-ND;1959;p99.5p100;247854.6875;;;0.0505966954;0.0505966954
;US-ND;1958;p0p100;26571.8203125;;6044960768.0;;
;US-ND;1958;p99p100;189516.578125;;;0.0713223815;0.0713223815
;US-ND;1958;p99.9p100;470653.53125;;;0.0177125037;0.0177125037
;US-ND;1958;p99.99p100;824773.6875;;;0.003103941;0.003103941
;US-ND;1958;p90p100;;;;0.2634351552;0.2634351552
;US-ND;1958;p90p91;69999.5234375;;;;
;US-ND;1958;p95p96;93391.4296875;;;;
;US-ND;1958;p95p100;;;;0.1757339537;0.1757339537
;US-ND;1958;p99.5p100;256548.953125;;;0.0482746214;0.0482746214
;US-ND;1957;p0p100;23579.7734375;;5395124736.0;;
;US-ND;1957;p99p100;171936.46875;;;0.072916925;0.072916925
;US-ND;1957;p99.9p100;393419.75;;;0.0166846272;0.0166846272
;US-ND;1957;p99.99p100;926081.4375;;;0.0039274399;0.0039274399
;US-ND;1957;p90p100;;;;0.2877261043;0.2877261043
;US-ND;1957;p90p91;67845.171875;;;;
;US-ND;1957;p95p96;88884.90625;;;;
;US-ND;1957;p95p100;;;;0.1884770095;0.1884770095
;US-ND;1957;p99.5p100;226203.5625;;;0.0479655899;0.0479655899
;US-ND;1956;p0p100;24197.5214844;;5559414784.0;;
;US-ND;1956;p99p100;178327.640625;;;0.0736966506;0.0736966506
;US-ND;1956;p99.9p100;424700.21875;;;0.0175513942;0.0175513942
;US-ND;1956;p99.99p100;987153.4375;;;0.004079564;0.004079564
;US-ND;1956;p90p100;;;;0.2870197296;0.2870197296
;US-ND;1956;p90p91;69451.6640625;;;;
;US-ND;1956;p95p96;88653.1640625;;;;
;US-ND;1956;p95p100;;;;0.1831864417;0.1831864417
;US-ND;1956;p99.5p100;234567.796875;;;0.0484693795;0.0484693795
;US-ND;1955;p0p100;23966.6523438;;5529760256.0;;
;US-ND;1955;p99p100;180922.421875;;;0.0754892305;0.0754892305
;US-ND;1955;p99.9p100;467306.90625;;;0.0194982141;0.0194982141
;US-ND;1955;p99.99p100;1065819.625;;;0.0044470942;0.0044470942
;US-ND;1955;p90p100;;;;0.2848130763;0.2848130763
;US-ND;1955;p90p91;68260.15625;;;;
;US-ND;1955;p95p96;85209.015625;;;;
;US-ND;1955;p95p100;;;;0.1777657866;0.1777657866
;US-ND;1955;p99.5p100;249528.375;;;0.0520574152;0.0520574152
;US-ND;1954;p0p100;21643.4335938;;5014278656.0;;
;US-ND;1954;p99p100;155529.796875;;;0.0718600303;0.0718600303
;US-ND;1954;p99.9p100;385434.75;;;0.0178083908;0.0178083908
;US-ND;1954;p99.99p100;931008.5;;;0.0043015745;0.0043015745
;US-ND;1954;p90p100;;;;0.2922062874;0.2922062874
;US-ND;1954;p90p91;63243.4804688;;;;
;US-ND;1954;p95p96;79517.8046875;;;;
;US-ND;1954;p95p100;;;;0.1836996078;0.1836996078
;US-ND;1954;p99.5p100;204981.53125;;;0.0473542064;0.0473542064
;US-ND;1953;p0p100;21058.4472656;;4898164224.0;;
;US-ND;1953;p99p100;159628.421875;;;0.0758025646;0.0758025646
;US-ND;1953;p99.9p100;366529.4375;;;0.0174053404;0.0174053404
;US-ND;1953;p99.99p100;726091.625;;;0.0034479829;0.0034479829
;US-ND;1953;p90p100;;;;0.3079317808;0.3079317808
;US-ND;1953;p90p91;64845.6523438;;;;
;US-ND;1953;p95p96;79619.578125;;;;
;US-ND;1953;p95p100;;;;0.1890442818;0.1890442818
;US-ND;1953;p99.5p100;210844.359375;;;0.0500617065;0.0500617065
;US-ND;1952;p0p100;21002.1542969;;4908478976.0;;
;US-ND;1952;p99p100;176509.5625;;;0.0840435475;0.0840435475
;US-ND;1952;p99.9p100;419519.78125;;;0.0199750829;0.0199750829
;US-ND;1952;p99.99p100;962699.4375;;;0.0045838128;0.0045838128
;US-ND;1952;p90p100;;;;0.314391017;0.314391017
;US-ND;1952;p90p91;66028.890625;;;;
;US-ND;1952;p95p96;88377.9296875;;;;
;US-ND;1952;p95p100;;;;0.2104020715;0.2104020715
;US-ND;1952;p99.5p100;237102.234375;;;0.0564471222;0.0564471222
;US-ND;1951;p0p100;23653.8613281;;5550453248.0;;
;US-ND;1951;p99p100;182048.75;;;0.0769636557;0.0769636557
;US-ND;1951;p99.9p100;443105.3125;;;0.0187328942;0.0187328942
;US-ND;1951;p99.99p100;945008.375;;;0.0039951545;0.0039951545
;US-ND;1951;p90p100;;;;0.2903028727;0.2903028727
;US-ND;1951;p90p91;68667.84375;;;;
;US-ND;1951;p95p96;91086.34375;;;;
;US-ND;1951;p95p100;;;;0.1925401092;0.1925401092
;US-ND;1951;p99.5p100;243245.484375;;;0.0514177084;0.0514177084
;US-ND;1950;p0p100;24432.3476562;;5755883520.0;;
;US-ND;1950;p99p100;200218.46875;;;0.0819481015;0.0819481015
;US-ND;1950;p99.9p100;460243.53125;;;0.0188374668;0.0188374668
;US-ND;1950;p99.99p100;746844.5;;;0.0030567856;0.0030567856
;US-ND;1950;p90p100;;;;0.2817273438;0.2817273438
;US-ND;1950;p90p91;68832.609375;;;;
;US-ND;1950;p95p96;95327.2890625;;;;
;US-ND;1950;p95p100;;;;0.1950841844;0.1950841844
;US-ND;1950;p99.5p100;261870.546875;;;0.0535909496;0.0535909496
;US-ND;1949;p0p100;20424.4863281;;4811532288.0;;
;US-ND;1949;p99p100;175235.875;;;0.0857969597;0.0857969597
;US-ND;1949;p99.9p100;416050.46875;;;0.0203701816;0.0203701816
;US-ND;1949;p99.99p100;751591.625;;;0.0036798555;0.0036798555
;US-ND;1949;p90p100;;;;0.3208773732;0.3208773732
;US-ND;1949;p90p91;65537.5546875;;;;
;US-ND;1949;p95p96;90177.8828125;;;;
;US-ND;1949;p95p100;;;;0.2207592279;0.2207592279
;US-ND;1949;p99.5p100;233795.84375;;;0.0572342016;0.0572342016
;US-ND;1948;p0p100;24140.4726562;;5703522304.0;;
;US-ND;1948;p99p100;212771.5625;;;0.0881389305;0.0881389305
;US-ND;1948;p99.9p100;495747.34375;;;0.0205359422;0.0205359422
;US-ND;1948;p99.99p100;1012796.6875;;;0.0041954299;0.0041954299
;US-ND;1948;p90p100;;;;0.322609514;0.322609514
;US-ND;1948;p90p91;77879.4609375;;;;
;US-ND;1948;p95p96;107179.054688;;;;
;US-ND;1948;p95p100;;;;0.2219903767;0.2219903767
;US-ND;1948;p99.5p100;282957.53125;;;0.0586064607;0.0586064607
;US-ND;1947;p0p100;25306.1445312;;5995388416.0;;
;US-ND;1947;p99p100;193739.234375;;;0.0765581802;0.0765581802
;US-ND;1947;p99.9p100;443931.71875;;;0.0175424479;0.0175424479
;US-ND;1947;p99.99p100;910590.0;;;0.0035982961;0.0035982961
;US-ND;1947;p90p100;;;;0.3046340048;0.3046340048
;US-ND;1947;p90p91;77091.1171875;;;;
;US-ND;1947;p95p96;106621.5625;;;;
;US-ND;1947;p95p100;;;;0.2106633931;0.2106633931
;US-ND;1947;p99.5p100;250882.53125;;;0.0495694913;0.0495694913
;US-ND;1946;p0p100;19710.5136719;;4672472064.0;;
;US-ND;1946;p99p100;189971.4375;;;0.0963807628;0.0963807628
;US-ND;1946;p99.9p100;441536.78125;;;0.0224010795;0.0224010795
;US-ND;1946;p99.99p100;961085.0;;;0.0048760017;0.0048760017
;US-ND;1946;p90p100;;;;0.3536818922;0.3536818922
;US-ND;1946;p90p91;69712.515625;;;;
;US-ND;1946;p95p96;94841.5078125;;;;
;US-ND;1946;p95p100;;;;0.2405860722;0.2405860722
;US-ND;1946;p99.5p100;249568.890625;;;0.0633085743;0.0633085743
;US-ND;1945;p0p100;19276.2050781;;4611651584.0;;
;US-ND;1945;p99p100;166818.0;;;0.0865408927;0.0865408927
;US-ND;1945;p99.9p100;399697.21875;;;0.0207352657;0.0207352657
;US-ND;1945;p99.99p100;757189.1875;;;0.003928103;0.003928103
;US-ND;1945;p90p100;;;;0.3196393549;0.3196393549
;US-ND;1945;p90p91;61614.3398438;;;;
;US-ND;1945;p95p96;83014.421875;;;;
;US-ND;1945;p95p100;;;;0.215328753;0.215328753
;US-ND;1945;p99.5p100;220897.1875;;;0.0572978929;0.0572978929
;US-ND;1944;p0p100;18991.6445312;;4581707264.0;;
;US-ND;1944;p99p100;235219.34375;;;0.1238541231;0.1238541231
;US-ND;1944;p99.9p100;786122.9375;;;0.0413930975;0.0413930975
;US-ND;1944;p99.99p100;2358237.25;;;0.0124172354;0.0124172354
;US-ND;1944;p90p100;;;;0.3666983545;0.3666983545
;US-ND;1944;p90p91;69642.046875;;;;
;US-ND;1944;p95p96;96431.15625;;;;
;US-ND;1944;p95p100;;;;0.2538778484;0.2538778484
;US-ND;1944;p99.5p100;345310.1875;;;0.0909110829;0.0909110829
;US-ND;1943;p0p100;19672.3964844;;4779788288.0;;
;US-ND;1943;p99p100;162419.03125;;;0.0825618878;0.0825618878
;US-ND;1943;p99.9p100;404141.375;;;0.0205435753;0.0205435753
;US-ND;1943;p99.99p100;811711.375;;;0.0041261436;0.0041261436
;US-ND;1943;p90p100;;;;0.3115006387;0.3115006387
;US-ND;1943;p90p91;61279.6445312;;;;
;US-ND;1943;p95p96;82262.015625;;;;
;US-ND;1943;p95p100;;;;0.209079802;0.209079802
;US-ND;1943;p99.5p100;216838.46875;;;0.0551123656;0.0551123656
;US-ND;1942;p0p100;14734.7080078;;3598467328.0;;
;US-ND;1942;p99p100;135578.265625;;;0.0920128599;0.0920128599
;US-ND;1942;p99.9p100;354924.71875;;;0.0240876675;0.0240876675
;US-ND;1942;p99.99p100;956834.9375;;;0.0064937491;0.0064937491
;US-ND;1942;p90p100;;;;0.3476033509;0.3476033509
;US-ND;1942;p90p91;51218.3398438;;;;
;US-ND;1942;p95p96;68371.5234375;;;;
;US-ND;1942;p95p100;;;;0.2320084125;0.2320084125
;US-ND;1942;p99.5p100;181758.46875;;;0.0616769828;0.0616769828
;US-ND;1941;p0p100;13153.2822266;;3237771776.0;;
;US-ND;1941;p99p100;115880.039062;;;0.0880997181;0.0880997181
;US-ND;1941;p99.9p100;278852.3125;;;0.021200208;0.021200208
;US-ND;1941;p99.99p100;611258.3125;;;0.0046471925;0.0046471925
;US-ND;1941;p90p100;;;;0.3471113741;0.3471113741
;US-ND;1941;p90p91;45656.5351562;;;;
;US-ND;1941;p95p96;59344.1015625;;;;
;US-ND;1941;p95p100;;;;0.2255866677;0.2255866677
;US-ND;1941;p99.5p100;152729.59375;;;0.0580576025;0.0580576025
;US-ND;1940;p0p100;9558.83300781;;2374120960.0;;
;US-ND;1940;p99p100;97761.46875;;;0.1022734344;0.1022734344
;US-ND;1940;p99.9p100;242172.078125;;;0.0253349002;0.0253349002
;US-ND;1940;p99.99p100;550855.3125;;;0.005762788;0.005762788
;US-ND;1940;p90p100;;;;0.4297519624;0.4297519624
;US-ND;1940;p90p91;41079.2695312;;;;
;US-ND;1940;p95p96;53232.7578125;;;;
;US-ND;1940;p95p100;;;;0.2784479856;0.2784479856
;US-ND;1940;p99.5p100;128842.53125;;;0.0673944876;0.0673944876
;US-ND;1939;p0p100;8723.69824219;;2154237184.0;;
;US-ND;1939;p99p100;90032.7578125;;;0.1032048017;0.1032048017
;US-ND;1939;p99.9p100;221353.953125;;;0.0253738668;0.0253738668
;US-ND;1939;p99.99p100;486527.25;;;0.0055770753;0.0055770753
;US-ND;1939;p90p100;;;;0.3269658089;0.3269658089
;US-ND;1939;p90p91;28523.5117188;;;;
;US-ND;1939;p95p96;42651.546875;;;;
;US-ND;1939;p95p100;;;;0.2444579452;0.2444579452
;US-ND;1939;p99.5p100;119440.554688;;;0.0684575215;0.0684575215
;US-ND;1938;p0p100;7660.265625;;1883387008.0;;
;US-ND;1938;p99p100;84643.578125;;;0.1104969382;0.1104969382
;US-ND;1938;p99.9p100;210746.9375;;;0.0275117029;0.0275117029
;US-ND;1938;p99.99p100;490451.90625;;;0.0064025447;0.0064025447
;US-ND;1938;p90p100;;;;0.3486655056;0.3486655056
;US-ND;1938;p90p91;26708.7011719;;;;
;US-ND;1938;p95p96;38526.78125;;;;
;US-ND;1938;p95p100;;;;0.2514716089;0.2514716089
;US-ND;1938;p99.5p100;111585.710938;;;0.0728341043;0.0728341043
;US-ND;1937;p0p100;8765.06738281;;2146481408.0;;
;US-ND;1937;p99p100;86501.6171875;;;0.098689042;0.098689042
;US-ND;1937;p99.9p100;219404.703125;;;0.0250317175;0.0250317175
;US-ND;1937;p99.99p100;528103.75;;;0.0060250959;0.0060250959
;US-ND;1937;p90p100;;;;0.2985644639;0.2985644639
;US-ND;1937;p90p91;26169.3808594;;;;
;US-ND;1937;p95p96;38571.375;;;;
;US-ND;1937;p95p100;;;;0.2200289518;0.2200289518
;US-ND;1937;p99.5p100;115574.890625;;;0.0659292564;0.0659292564
;US-ND;1936;p0p100;6690.09912109;;1634732800.0;;
;US-ND;1936;p99p100;89545.140625;;;0.1338472664;0.1338472664
;US-ND;1936;p99.9p100;243875.953125;;;0.036453262;0.036453262
;US-ND;1936;p99.99p100;581171.0;;;0.0086870315;0.0086870315
;US-ND;1936;p90p100;;;;0.403102845;0.403102845
;US-ND;1936;p90p91;26967.9785156;;;;
;US-ND;1936;p95p96;39001.109375;;;;
;US-ND;1936;p95p100;;;;0.2914837897;0.2914837897
;US-ND;1936;p99.5p100;121220.273438;;;0.0905967727;0.0905967727
;US-ND;1935;p0p100;8022.796875;;1955583616.0;;
;US-ND;1935;p99p100;77502.1640625;;;0.0966024101;0.0966024101
;US-ND;1935;p99.9p100;184213.125;;;0.0229612086;0.0229612086
;US-ND;1935;p99.99p100;404639.25;;;0.0050436179;0.0050436179
;US-ND;1935;p90p100;;;;0.3204673231;0.3204673231
;US-ND;1935;p90p91;25710.4453125;;;;
;US-ND;1935;p95p96;35585.8164062;;;;
;US-ND;1935;p95p100;;;;0.2217793316;0.2217793316
;US-ND;1935;p99.5p100;100283.28125;;;0.0624989457;0.0624989457
;US-ND;1934;p0p100;5376.12451172;;1306478976.0;;
;US-ND;1934;p99p100;79310.4765625;;;0.1475235075;0.1475235075
;US-ND;1934;p99.9p100;183535.4375;;;0.034138985;0.034138985
;US-ND;1934;p99.99p100;376267.875;;;0.0069988677;0.0069988677
;US-ND;1934;p90p100;;;;0.4903109968;0.4903109968
;US-ND;1934;p90p91;26359.7324219;;;;
;US-ND;1934;p95p96;36914.5429688;;;;
;US-ND;1934;p95p100;;;;0.343319267;0.343319267
;US-ND;1934;p99.5p100;103363.734375;;;0.0961321965;0.0961321965
;US-ND;1933;p0p100;4769.69335938;;1156332160.0;;
;US-ND;1933;p99p100;66408.0;;;0.1392290741;0.1392290741
;US-ND;1933;p99.9p100;141369.5;;;0.0296391174;0.0296391174
;US-ND;1933;p99.99p100;281159.90625;;;0.0058947168;0.0058947168
;US-ND;1933;p90p100;;;;0.4829044342;0.4829044342
;US-ND;1933;p90p91;23033.0605469;;;;
;US-ND;1933;p95p96;30780.8203125;;;;
;US-ND;1933;p95p100;;;;0.3226708472;0.3226708472
;US-ND;1933;p99.5p100;82701.8203125;;;0.0866951123;0.0866951123
;US-ND;1932;p0p100;5487.34130859;;1327725568.0;;
;US-ND;1932;p99p100;64356.3242188;;;0.1172814369;0.1172814369
;US-ND;1932;p99.9p100;139108.09375;;;0.025350729;0.025350729
;US-ND;1932;p99.99p100;297960.21875;;;0.0054299561;0.0054299561
;US-ND;1932;p90p100;;;;0.4415652156;0.4415652156
;US-ND;1932;p90p91;24230.1914062;;;;
;US-ND;1932;p95p96;31699.3964844;;;;
;US-ND;1932;p95p100;;;;0.2888411283;0.2888411283
;US-ND;1932;p99.5p100;80073.1953125;;;0.0729617402;0.0729617402
;US-ND;1931;p0p100;5302.29003906;;1279807872.0;;
;US-ND;1931;p99p100;72779.0390625;;;0.1372596174;0.1372596174
;US-ND;1931;p99.9p100;168589.6875;;;0.0317956358;0.0317956358
;US-ND;1931;p99.99p100;359306.5625;;;0.0067764404;0.0067764404
;US-ND;1931;p90p100;;;;0.4357655048;0.4357655048
;US-ND;1931;p90p91;23105.5527344;;;;
;US-ND;1931;p95p96;30436.9882812;;;;
;US-ND;1931;p95p100;;;;0.2870173454;0.2870173454
;US-ND;1931;p99.5p100;93505.4921875;;;0.0881746188;0.0881746188
;US-ND;1930;p0p100;8184.97607422;;1968150400.0;;
;US-ND;1930;p99p100;77955.609375;;;0.0952423066;0.0952423066
;US-ND;1930;p99.9p100;184393.125;;;0.0225282405;0.0225282405
;US-ND;1930;p99.99p100;399937.40625;;;0.0048862374;0.0048862374
;US-ND;1930;p90p100;;;;0.2882619202;0.2882619202
;US-ND;1930;p90p91;23594.171875;;;;
;US-ND;1930;p95p96;33004.3398438;;;;
;US-ND;1930;p95p100;;;;0.2016153634;0.2016153634
;US-ND;1930;p99.5p100;101111.710938;;;0.0617666431;0.0617666431
;US-ND;1929;p0p100;10026.4501953;;2411954176.0;;
;US-ND;1929;p99p100;93095.9140625;;;0.0928503126;0.0928503126
;US-ND;1929;p99.9p100;234167.921875;;;0.0233550146;0.0233550146
;US-ND;1929;p99.99p100;469707.15625;;;0.0046846801;0.0046846801
;US-ND;1929;p90p100;;;;0.2512902319;0.2512902319
;US-ND;1929;p90p91;25195.4921875;;;;
;US-ND;1929;p95p96;37843.0078125;;;;
;US-ND;1929;p95p100;;;;0.1887158453;0.1887158453
;US-ND;1929;p99.5p100;125010.085938;;;0.0623401478;0.0623401478
;US-ND;1928;p0p100;7689.30712891;;1850880512.0;;
;US-ND;1928;p99p100;101157.976562;;;0.1315566897;0.1315566897
;US-ND;1928;p99.9p100;246621.65625;;;0.0320733264;0.0320733264
;US-ND;1928;p99.99p100;479288.125;;;0.0062331776;0.0062331776
;US-ND;1928;p90p100;;;;0.3552507162;0.3552507162
;US-ND;1928;p90p91;27316.3164062;;;;
;US-ND;1928;p95p96;41526.8945312;;;;
;US-ND;1928;p95p100;;;;0.2700301409;0.2700301409
;US-ND;1928;p99.5p100;135298.359375;;;0.0879782513;0.0879782513
;US-ND;1927;p0p100;7658.13037109;;1840779776.0;;
;US-ND;1927;p99p100;94625.546875;;;0.1235621944;0.1235621944
;US-ND;1927;p99.9p100;238826.3125;;;0.031185979;0.031185979
;US-ND;1927;p99.99p100;494375.59375;;;0.0064555644;0.0064555644
;US-ND;1927;p90p100;;;;0.3438024819;0.3438024819
;US-ND;1927;p90p91;26328.84375;;;;
;US-ND;1927;p95p96;39480.0742188;;;;
;US-ND;1927;p95p100;;;;0.2577657402;0.2577657402
;US-ND;1927;p99.5p100;127079.984375;;;0.0829706267;0.0829706267
;US-ND;1926;p0p100;7565.93212891;;1813052672.0;;
;US-ND;1926;p99p100;91270.3125;;;0.1206332818;0.1206332818
;US-ND;1926;p99.9p100;230824.15625;;;0.0305083618;0.0305083618
;US-ND;1926;p99.99p100;473812.25;;;0.0062624444;0.0062624444
;US-ND;1926;p90p100;;;;0.3409959972;0.3409959972
;US-ND;1926;p90p91;25799.5234375;;;;
;US-ND;1926;p95p96;38609.2773438;;;;
;US-ND;1926;p95p100;;;;0.2551521659;0.2551521659
;US-ND;1926;p99.5p100;121916.710938;;;0.0805695355;0.0805695355
;US-ND;1925;p0p100;7980.0234375;;1907014016.0;;
;US-ND;1925;p99p100;83817.1328125;;;0.1050337106;0.1050337106
;US-ND;1925;p99.9p100;215533.71875;;;0.0270091631;0.0270091631
;US-ND;1925;p99.99p100;477493.78125;;;0.0059836148;0.0059836148
;US-ND;1925;p90p100;;;;0.3389109671;0.3389109671
;US-ND;1925;p90p91;27045.1699219;;;;
;US-ND;1925;p95p96;39695.3398438;;;;
;US-ND;1925;p95p100;;;;0.2487169802;0.2487169802
;US-ND;1925;p99.5p100;109009.796875;;;0.0683016926;0.0683016926
;US-ND;1924;p0p100;8678.38085938;;2064848384.0;;
;US-ND;1924;p99p100;81704.84375;;;0.094147563;0.094147563
;US-ND;1924;p99.9p100;205332.296875;;;0.023660209;0.023660209
;US-ND;1924;p99.99p100;547488.1875;;;0.0063086441;0.0063086441
;US-ND;1924;p90p100;;;;0.3438217044;0.3438217044
;US-ND;1924;p90p91;29838.1582031;;;;
;US-ND;1924;p95p96;43534.6992188;;;;
;US-ND;1924;p95p100;;;;0.2508226931;0.2508226931
;US-ND;1924;p99.5p100;105902.226562;;;0.0610149652;0.0610149652
;US-ND;1923;p0p100;7761.02636719;;1830689792.0;;
;US-ND;1923;p99p100;72025.7734375;;;0.0928044468;0.0928044468
;US-ND;1923;p99.9p100;168294.890625;;;0.0216846187;0.0216846187
;US-ND;1923;p99.99p100;344178.5625;;;0.0044347043;0.0044347043
;US-ND;1923;p90p100;;;;0.3479006588;0.3479006588
;US-ND;1923;p90p91;27000.6582031;;;;
;US-ND;1923;p95p96;39594.0;;;;
;US-ND;1923;p95p100;;;;0.2550822794;0.2550822794
;US-ND;1923;p99.5p100;90735.359375;;;0.0584557764;0.0584557764
;US-ND;1922;p0p100;8258.63574219;;1935033216.0;;
;US-ND;1922;p99p100;76579.3984375;;;0.0927264541;0.0927264541
;US-ND;1922;p99.9p100;185088.59375;;;0.0224115234;0.0224115234
;US-ND;1922;p99.99p100;417553.25;;;0.0050559593;0.0050559593
;US-ND;1922;p90p100;;;;0.3422514796;0.3422514796
;US-ND;1922;p90p91;28265.3007812;;;;
;US-ND;1922;p95p96;41153.1328125;;;;
;US-ND;1922;p95p100;;;;0.2491521388;0.2491521388
;US-ND;1922;p99.5p100;98326.234375;;;0.0595293492;0.0595293492
;US-ND;1921;p0p100;7569.41650391;;1767287424.0;;
;US-ND;1921;p99p100;71316.4453125;;;0.0942165703;0.0942165703
;US-ND;1921;p99.9p100;172137.96875;;;0.022741247;0.022741247
;US-ND;1921;p99.99p100;395396.53125;;;0.0052236062;0.0052236062
;US-ND;1921;p90p100;;;;0.345236063;0.345236063
;US-ND;1921;p90p91;26132.3554688;;;;
;US-ND;1921;p95p96;37906.1640625;;;;
;US-ND;1921;p95p100;;;;0.2503902614;0.2503902614
;US-ND;1921;p99.5p100;91965.5859375;;;0.0607481338;0.0607481338
;US-ND;1920;p0p100;10322.5449219;;2388184832.0;;
;US-ND;1920;p99p100;80412.4921875;;;0.0778998733;0.0778998733
;US-ND;1920;p99.9p100;199400.765625;;;0.0193170179;0.0193170179
;US-ND;1920;p99.99p100;369892.8125;;;0.0035833491;0.0035833491
;US-ND;1920;p90p100;;;;0.2995271683;0.2995271683
;US-ND;1920;p90p91;30918.8261719;;;;
;US-ND;1920;p95p96;42075.6132812;;;;
;US-ND;1920;p95p100;;;;0.2038044631;0.2038044631
;US-ND;1920;p99.5p100;106898.882812;;;0.0517793298;0.0517793298
;US-ND;1919;p0p100;16431.8671875;;3753076224.0;;
;US-ND;1919;p99p100;105675.953125;;;0.0643115863;0.0643115863
;US-ND;1919;p99.9p100;252339.609375;;;0.0153567214;0.0153567214
;US-ND;1919;p99.99p100;504550.90625;;;0.0030705631;0.0030705631
;US-ND;1919;p90p100;;;;0.255997628;0.255997628
;US-ND;1919;p90p91;42065.1953125;;;;
;US-ND;1919;p95p96;55884.7070312;;;;
;US-ND;1919;p95p100;;;;0.1700497866;0.1700497866
;US-ND;1919;p99.5p100;137544.296875;;;0.0418529138;0.0418529138
;US-ND;1918;p0p100;22889.8691406;;5191492608.0;;
;US-ND;1918;p99p100;129271.507812;;;0.0564754196;0.0564754196
;US-ND;1918;p99.9p100;291013.09375;;;0.0127136186;0.0127136186
;US-ND;1918;p99.99p100;598513.5;;;0.0026147529;0.0026147529
;US-ND;1918;p90p100;;;;0.2300500125;0.2300500125
;US-ND;1918;p90p91;52658.1523438;;;;
;US-ND;1918;p95p96;68664.765625;;;;
;US-ND;1918;p95p100;;;;0.1499894112;0.1499894112
;US-ND;1918;p99.5p100;165192.5625;;;0.0360842049;0.0360842049
;US-ND;1917;p0p100;19338.2910156;;4412691456.0;;
