Variable Name;.;.;.;Fiscal income  | tax unit | Average | Adults | constant 2015 local currency;Fiscal income  | tax unit | Beta coefficient | Adults | constant 2015 local currency;Fiscal income  | tax unit | Threshold | Adults | constant 2015 local currency;Fiscal income  | individuals | Total | All Ages | constant 2015 local currency;Fiscal income  | tax unit | Share | Adults | share of total (ratio);Pre-tax national income  | tax unit | Share | Adults | share of total (ratio)
Variable Category;.;.;.;Income inequality;Income inequality;Income inequality;Income inequality;Income inequality;Income inequality
Variable Description;.;.;.;Average Fiscal income within a given percentile group. Fiscal income is defined as the sum of all income items reported on income tax returns, before any deduction. It includes labour income, capital income and mixed income. The concept of fiscal income varies with national tax legislations, so in order to make international comparisons it is preferable to use the concept of national income. The population is comprised of individuals over age 20. The base unit is the tax unit defined by national fiscal administrations to measure personal income taxes.;The beta coefficient corresponds to the inverted Pareto-Lorenz coefficient. It is equal to mean income over percentile <percentile>. A coefficient b=2=200% for an income level 100 000 EUR means that the average income above 100 000 EUR is 200 000 EUR, a coefficient of 3 or 300% at income level 1 000 000 EUR means that the average income level above 1 000 000 EUR in a given population is 3 000 000 EUR.;Fiscal income threshold value at a given percentile.  Fiscal income is defined as the sum of all income items reported on income tax returns, before any deduction. It includes labour income, capital income and mixed income. The concept of fiscal income varies with national tax legislations, so in order to make international comparisons it is preferable to use the concept of national income. The population is comprised of individuals over age 20. The base unit is the tax unit defined by national fiscal administrations to measure personal income taxes.;Total Fiscal income  within a given percentile group. Fiscal income is defined as the sum of all income items reported on income tax returns, before any deduction. It includes labour income, capital income and mixed income. The concept of fiscal income varies with national tax legislations, so in order to make international comparisons it is preferable to use the concept of national income. The population is comprised of individuals of all ages.;Fiscal income share held by a given percentile group. Fiscal income is defined as the sum of all income items reported on income tax returns, before any deduction. It includes labour income, capital income and mixed income. The concept of fiscal income varies with national tax legislations, so in order to make international comparisons it is preferable to use the concept of national income. The population is comprised of individuals over age 20. The base unit is the tax unit defined by national fiscal administrations to measure personal income taxes.;Pre-tax national income share held by a given percentile group. Pre-tax national income  is the sum of all pre-tax personal income flows accruing to the owners of the production factors, labor and capital, before taking into account the operation of the tax/transfer system, but after taking into account the operation of pension system. The central difference between personal factor income and pre-tax income is the treatment of pensions, which are counted on a contribution basis by factor income and on a distribution basis by pre-tax income. The population is comprised of individuals over age 20. The base unit is the tax unit defined by national fiscal administrations to measure personal income taxes.
Variable Decomposition;.;.;.;[Fiscal income ]=[Fiscal labour income ]+[Fiscal capital income ];[Fiscal income ]=[Fiscal labour income ]+[Fiscal capital income ];[Fiscal income ]=[Fiscal labour income ]+[Fiscal capital income ];[Fiscal income ]=[Fiscal labour income ]+[Fiscal capital income ];[Fiscal income ]=[Fiscal labour income ]+[Fiscal capital income ];Pre-tax national income =Pre-tax labor income [total pre-tax income ranking]+Pre-tax capital income [total pre-tax income ranking]
Variable Unit;.;.;.;"EUR; Euro | local currency | market";;"EUR; Euro | local currency | market";"EUR; Euro | local currency | market";share;share
Methodological Notes;.;.;.;Tax units are individuals aged 20+ minus married women. Excludes capital gains.;Tax units are individuals aged 20+ minus married women. Excludes capital gains.;Tax units are individuals aged 20+ minus married women. Excludes capital gains.;Tax units are individuals aged 20+ minus married women. Excludes capital gains.;Tax units are individuals aged 20+ minus married women. Excludes capital gains.;Fiscal income rescaled to match the macroeconomic aggregates.
Sources;.;.;.;"Alvaredo, Facundo (2009). Top Incomes and Earnings in Portugal 1936-2005; Explorations in Economic History, 46(4): 404-417. Longer version in Atkinson, A. B. and Piketty, T. (editors) Top Incomes: A Global Perspective, Oxford University Press, 2010, chapter 11.";"Alvaredo, Facundo (2009). Top Incomes and Earnings in Portugal 1936-2005; Explorations in Economic History, 46(4): 404-417. Longer version in Atkinson, A. B. and Piketty, T. (editors) Top Incomes: A Global Perspective, Oxford University Press, 2010, chapter 11.";"Alvaredo, Facundo (2009). Top Incomes and Earnings in Portugal 1936-2005; Explorations in Economic History, 46(4): 404-417. Longer version in Atkinson, A. B. and Piketty, T. (editors) Top Incomes: A Global Perspective, Oxford University Press, 2010, chapter 11.";"Alvaredo, Facundo (2009). Top Incomes and Earnings in Portugal 1936-2005; Explorations in Economic History, 46(4): 404-417. Longer version in Atkinson, A. B. and Piketty, T. (editors) Top Incomes: A Global Perspective, Oxford University Press, 2010, chapter 11.";"Alvaredo, Facundo (2009). Top Incomes and Earnings in Portugal 1936-2005; Explorations in Economic History, 46(4): 404-417. Longer version in Atkinson, A. B. and Piketty, T. (editors) Top Incomes: A Global Perspective, Oxford University Press, 2010, chapter 11.";WID.world computations using fiscal and net national income.
Variable Code;country;year;perc;afiinc992t;bfiinc992t;tfiinc992t;mfiinc999i;sfiinc992t;sptinc992t
;PT;2005;p0p100;17259.9082031;;;99398877184.0;;
;PT;2005;p99p100;168577.6875;1.6392549276;102837.992188;;0.0976699963;0.0976699963
;PT;2005;p99.9p100;427360.84375;1.7515765429;243986.390625;;0.0247600004;0.0247600004
;PT;2005;p99.99p100;1195913.25;1.8156224489;658679.4375;;0.0069300001;0.0069300001
;PT;2005;p90p100;66020.859375;1.8942342997;34853.5859375;;0.3825100064;0.3825100064
;PT;2005;p90p95;42262.6015625;;34853.5859375;;0.1224299967;0.1224299967
;PT;2005;p95p99;70079.5078125;;51841.5976562;;0.1624100059;0.1624100059
;PT;2005;p99.5p99.9;170182.34375;;134645.265625;;0.0394399986;0.0394399986
;PT;2005;p99.9p99.99;341949.15625;;243986.390625;;0.0178299993;0.0178299993
;PT;2005;p99p99.5;115537.9375;;102837.992188;;0.0334700011;0.0334700011
;PT;2005;p95p100;89779.1171875;1.7317968607;51841.5976562;;0.2600800097;0.2600800097
;PT;2005;p99.5p100;221617.4375;1.6459355354;134645.265625;;0.064199999;0.064199999
;PT;2004;p0p100;17241.1328125;;;97745969152.0;;
;PT;2004;p99p100;165773.640625;1.603964448;103352.445312;;0.0961500034;0.0961500034
;PT;2004;p99.9p100;398447.6875;1.6582241058;240285.796875;;0.0231100004;0.0231100004
;PT;2004;p99.99p100;1029124.8125;1.7087266445;602275.875;;0.0059699998;0.0059699998
;PT;2004;p90p100;65924.90625;1.8847769499;34977.5625;;0.3823699951;0.3823699951
;PT;2004;p90p95;42385.5898438;;34977.5625;;0.1229199991;0.1229199991
;PT;2004;p95p99;70386.8828125;;52022.2421875;;0.1632999927;0.1632999927
;PT;2004;p99.5p99.9;169307.578125;;134995.359375;;0.0392800011;0.0392800011
;PT;2004;p99.9p99.99;328358.53125;;240285.796875;;0.0171399992;0.0171399992
;PT;2004;p99p99.5;116412.234375;;103352.445312;;0.03376;0.03376
;PT;2004;p95p100;89464.21875;1.7197301388;52022.2421875;;0.2594499886;0.2594499886
;PT;2004;p99.5p100;215135.0625;1.5936478376;134995.359375;;0.0623899996;0.0623899996
;PT;2003;p0p100;17236.2617188;;;96198033408.0;;
;PT;2003;p99p100;157367.203125;1.5839371681;99351.9296875;;0.0913000032;0.0913000032
;PT;2003;p99.9p100;389544.5;1.7552700043;221928.53125;;0.0226000007;0.0226000007
;PT;2003;p99.99p100;1171871.25;1.9657136202;596155.625;;0.0068000001;0.0068000001
;PT;2003;p90p100;62757.2109375;1.8813939095;33356.7617188;;0.3641000092;0.3641000092
;PT;2003;p90p95;40401.7851562;;33356.7617188;;0.1172000021;0.1172000021
;PT;2003;p95p99;67049.015625;;49794.3671875;;0.1555999964;0.1555999964
;PT;2003;p99.5p99.9;158142.375;;127074.515625;;0.0366999991;0.0366999991
;PT;2003;p99.9p99.99;302602.03125;;221928.53125;;0.0157999992;0.0157999992
;PT;2003;p99p99.5;110312.171875;;99351.9296875;;0.0320000015;0.0320000015
;PT;2003;p95p100;85112.6328125;1.7092823982;49794.3671875;;0.2469000071;0.2469000071
;PT;2003;p99.5p100;204422.25;1.6086801291;127074.515625;;0.0593000017;0.0593000017
;PT;2002;p0p100;17713.1035156;;;97321304064.0;;
;PT;2002;p99p100;158886.6875;1.5491094589;102566.46875;;0.0896999985;0.0896999985
;PT;2002;p99.9p100;363123.3125;1.5620638132;232463.8125;;0.0205000006;0.0205000006
;PT;2002;p99.99p100;832377.75;1.5641388893;532163.5625;;0.0046999999;0.0046999999
;PT;2002;p90p100;65131.0664062;1.8807132244;34631.046875;;0.3677000105;0.3677000105
;PT;2002;p90p95;42157.1757812;;34631.046875;;0.1190000027;0.1190000027
;PT;2002;p95p99;70409.546875;;51756.2695312;;0.1589999944;0.1589999944
;PT;2002;p99.5p99.9;163403.046875;;130299.5625;;0.0368999988;0.0368999988
;PT;2002;p99.9p99.99;310973.5625;;232463.8125;;0.0157999992;0.0157999992
;PT;2002;p99p99.5;114426.757812;;102566.46875;;0.0322999991;0.0322999991
;PT;2002;p95p100;88104.9609375;1.7023049593;51756.2695312;;0.2486999929;0.2486999929
;PT;2002;p99.5p100;203346.625;1.5606086254;130299.5625;;0.0573999994;0.0573999994
;PT;2001;p0p100;17444.1757812;;;94352588800.0;;
;PT;2001;p99p100;168336.46875;1.6315531731;103175.59375;;0.0965000018;0.0965000018
;PT;2001;p99.9p100;423898.9375;1.6769226789;252783.828125;;0.0242999997;0.0242999997
;PT;2001;p99.99p100;1081359.5;1.6848937273;641796.875;;0.0062000002;0.0062000002
;PT;2001;p90p100;66008.75;1.9124040604;34516.109375;;0.3783999979;0.3783999979
;PT;2001;p90p95;42005.5664062;;34516.109375;;0.1203999966;0.1203999966
;PT;2001;p95p99;70430.8203125;;51708.5351562;;0.1615000069;0.1615000069
;PT;2001;p99.5p99.9;170952.578125;;131859.421875;;0.0392000005;0.0392000005
;PT;2001;p99.9p99.99;350833.25;;252783.828125;;0.0181000009;0.0181000009
;PT;2001;p99p99.5;115131.671875;;103175.59375;;0.0329999998;0.0329999998
;PT;2001;p95p100;90011.9296875;1.7407556772;51708.5351562;;0.2579999864;0.2579999864
;PT;2001;p99.5p100;221541.25;1.6801321507;131859.421875;;0.063500002;0.063500002
;PT;2000;p0p100;17074.6367188;;;90916954112.0;;
;PT;2000;p99p100;155208.59375;1.5730401278;98667.921875;;0.0908999965;0.0908999965
;PT;2000;p99.9p100;358572.0;1.5725636482;228017.484375;;0.0209999997;0.0209999997
;PT;2000;p99.99p100;836518.375;1.5871809721;527046.625;;0.0049000001;0.0049000001
;PT;2000;p90p100;61690.6484375;1.8971517086;32517.5097656;;0.3612999916;0.3612999916
;PT;2000;p90p95;39442.4023438;;32517.5097656;;0.1155000031;0.1155000031
;PT;2000;p95p99;66121.5;;48974.828125;;0.1548999995;0.1548999995
;PT;2000;p99.5p99.9;160074.390625;;127100.453125;;0.0375000015;0.0375000015
;PT;2000;p99.9p99.99;305456.28125;;228017.484375;;0.0161000006;0.0161000006
;PT;2000;p99p99.5;110643.75;;98667.921875;;0.0324000008;0.0324000008
;PT;2000;p95p100;83938.8984375;1.7139191628;48974.828125;;0.2458000034;0.2458000034
;PT;2000;p99.5p100;199773.4375;1.5717760324;127100.453125;;0.0584999993;0.0584999993
;PT;1999;p0p100;16601.7539062;;;87023689728.0;;
;PT;1999;p99p100;153234.34375;1.6026400328;95613.6953125;;0.0922999978;0.0922999978
;PT;1999;p99.9p100;370223.875;1.632789731;226743.15625;;0.0222999994;0.0222999994
;PT;1999;p99.99p100;896346.0;1.6252478361;551513.4375;;0.0054000001;0.0054000001
;PT;1999;p90p100;60065.1328125;1.9185670614;31307.2890625;;0.3617999852;0.3617999852
;PT;1999;p90p95;38084.4140625;;31307.2890625;;0.114699997;0.114699997
;PT;1999;p95p99;64248.7539062;;47359.7460938;;0.1547999978;0.1547999978
;PT;1999;p99.5p99.9;155641.125;;123372.84375;;0.0375000015;0.0375000015
;PT;1999;p99.9p99.99;311754.25;;226743.15625;;0.0168999992;0.0168999992
;PT;1999;p99p99.5;107911.507812;;95613.6953125;;0.0324999988;0.0324999988
;PT;1999;p95p100;82045.8515625;1.7323963642;47359.7460938;;0.2470999956;0.2470999956
;PT;1999;p99.5p100;198557.171875;1.6094074249;123372.84375;;0.059799999;0.059799999
;PT;1998;p0p100;15927.8095703;;;82192015360.0;;
;PT;1998;p99p100;139846.296875;1.5505138636;90193.5234375;;0.0878000036;0.0878000036
;PT;1998;p99.9p100;315374.6875;1.5557810068;202711.5;;0.0197999999;0.0197999999
;PT;1998;p99.99p100;716632.5;1.5548678637;460896.09375;;0.0044999998;0.0044999998
;PT;1998;p90p100;56464.0742188;1.8985188007;29741.1191406;;0.3544999957;0.3544999957
;PT;1998;p90p95;36187.9765625;;29741.1191406;;0.1136000007;0.1136000007
;PT;1998;p95p99;60963.6601562;;44955.203125;;0.1530999988;0.1530999988
;PT;1998;p99.5p99.9;143748.1875;;115945.195312;;0.0361000001;0.0361000001
;PT;1998;p99.9p99.99;270781.625;;202711.5;;0.0153000001;0.0153000001
;PT;1998;p99p99.5;101619.523438;;90193.5234375;;0.0318999998;0.0318999998
;PT;1998;p95p100;76740.171875;1.707036376;44955.203125;;0.240899995;0.240899995
;PT;1998;p99.5p100;178073.078125;1.5358383656;115945.195312;;0.0559;0.0559
;PT;1997;p0p100;15311.8134766;;;77784006656.0;;
;PT;1997;p99p100;134437.859375;1.5371917486;87456.7890625;;0.0878000036;0.0878000036
;PT;1997;p99.9p100;301646.625;1.5574877262;193675.125;;0.0197000001;0.0197000001
;PT;1997;p99.99p100;688917.3125;1.5661457777;439880.71875;;0.0044999998;0.0044999998
;PT;1997;p90p100;54755.0351562;1.8901209831;28969.0625;;0.3576000035;0.3576000035
;PT;1997;p90p95;35186.5390625;;28969.0625;;0.1149000004;0.1149000004
;PT;1997;p95p99;59294.96875;;43682.9101562;;0.1548999995;0.1548999995
;PT;1997;p99.5p99.9;137806.046875;;112238.429688;;0.0359999985;0.0359999985
;PT;1997;p99.9p99.99;258608.0;;193675.125;;0.0152000003;0.0152000003
;PT;1997;p99p99.5;98301.9375;;87456.7890625;;0.0320999995;0.0320999995
;PT;1997;p95p100;74323.5234375;1.7014325857;43682.9101562;;0.2426999956;0.2426999956
;PT;1997;p99.5p100;170573.765625;1.5197447538;112238.429688;;0.0557000004;0.0557000004
;PT;1996;p0p100;14758.8349609;;;73808404480.0;;
;PT;1996;p99p100;124712.273438;1.5068166256;82765.390625;;0.0844999999;0.0844999999
;PT;1996;p99.9p100;271566.0625;1.5383392572;176531.96875;;0.0184000004;0.0184000004
;PT;1996;p99.99p100;605011.8125;1.5313729048;395078.0625;;0.0041;0.0041
;PT;1996;p90p100;51759.21875;1.8700318336;27678.2558594;;0.350699991;0.350699991
;PT;1996;p90p95;33532.0625;;27678.2558594;;0.1136000007;0.1136000007
;PT;1996;p95p99;56304.921875;;41608.59375;;0.1526000053;0.1526000053
;PT;1996;p99.5p99.9;128770.570312;;105088.28125;;0.0348999985;0.0348999985
;PT;1996;p99.9p99.99;234509.15625;;176531.96875;;0.0142999999;0.0142999999
;PT;1996;p99p99.5;92095.21875;;82765.390625;;0.0311999992;0.0311999992
;PT;1996;p95p100;69986.375;1.6820173264;41608.59375;;0.2371000051;0.2371000051
;PT;1996;p99.5p100;157329.328125;1.4971158504;105088.28125;;0.0533000007;0.0533000007
;PT;1995;p0p100;13842.8232422;;;68150419456.0;;
;PT;1995;p99p100;116418.257812;1.4810417891;78605.65625;;0.0841000006;0.0841000006
;PT;1995;p99.9p100;247789.734375;1.5212051868;162890.40625;;0.0178999994;0.0178999994
;PT;1995;p99.99p100;539780.5625;1.505603075;358514.5;;0.0038999999;0.0038999999
;PT;1995;p90p100;48975.8984375;1.8521436453;26442.8183594;;0.3537999988;0.3537999988
;PT;1995;p90p95;31949.2285156;;26442.8183594;;0.1154000014;0.1154000014
;PT;1995;p95p99;53398.6640625;;39411.7734375;;0.1543000042;0.1543000042
;PT;1995;p99.5p99.9;120086.25;;98505.3359375;;0.0346999988;0.0346999988
;PT;1995;p99.9p99.99;215339.859375;;162890.40625;;0.0140000004;0.0140000004
;PT;1995;p99p99.5;87209.875;;78605.65625;;0.0315000005;0.0315000005
;PT;1995;p95p100;66002.5703125;1.6746916771;39411.7734375;;0.2383999974;0.2383999974
;PT;1995;p99.5p100;145626.640625;1.4783630371;98505.3359375;;0.0526000001;0.0526000001
;PT;1994;p0p100;13885.125;;;67295145984.0;;
;PT;1994;p99p100;113719.289062;1.4624176025;77761.1640625;;0.0819000006;0.0819000006
;PT;1994;p99.9p100;234661.65625;1.5039274693;156032.5625;;0.0168999992;0.0168999992
;PT;1994;p99.99p100;513664.4375;1.5125179291;339608.8125;;0.0037;0.0037
;PT;1994;p90p100;48625.6992188;1.8410840034;26411.4511719;;0.3501999974;0.3501999974
;PT;1994;p90p95;31963.5527344;;26411.4511719;;0.1150999963;0.1150999963
;PT;1994;p95p99;53180.0039062;;39450.5195312;;0.1532000005;0.1532000005
;PT;1994;p99.5p99.9;117676.203125;;96973.25;;0.0339000002;0.0339000002
;PT;1994;p99.9p99.99;203655.1875;;156032.5625;;0.0131999999;0.0131999999
;PT;1994;p99p99.5;86365.5625;;77761.1640625;;0.0310999993;0.0310999993
;PT;1994;p95p100;65287.8476562;1.6549299955;39450.5195312;;0.2351000011;0.2351000011
;PT;1994;p99.5p100;141073.015625;1.4547622204;96973.25;;0.0507999994;0.0507999994
;PT;1993;p0p100;13794.1025391;;;65813880832.0;;
;PT;1993;p99p100;111180.570312;1.4493025541;76713.15625;;0.0806000009;0.0806000009
;PT;1993;p99.9p100;226226.203125;1.4938802719;151435.296875;;0.0164000001;0.0164000001
;PT;1993;p99.99p100;510297.125;1.5552477837;328113.0625;;0.0037;0.0037
;PT;1993;p90p100;47837.9375;1.8366858959;26045.7910156;;0.3467999995;0.3467999995
;PT;1993;p90p95;31505.7226562;;26045.7910156;;0.1142000034;0.1142000034
;PT;1993;p95p99;52417.5625;;38980.8359375;;0.1519999951;0.1519999951
;PT;1993;p99.5p99.9;114490.820312;;95205.0625;;0.0331999995;0.0331999995
;PT;1993;p99.9p99.99;194656.484375;;151435.296875;;0.0126999998;0.0126999998
;PT;1993;p99p99.5;85523.515625;;76713.15625;;0.0309999995;0.0309999995
;PT;1993;p95p100;64170.1484375;1.6461974382;38980.8359375;;0.2326000035;0.2326000035
;PT;1993;p99.5p100;136837.625;1.4372936487;95205.0625;;0.0496000014;0.0496000014
;PT;1992;p0p100;14491.6367188;;;68066205696.0;;
;PT;1992;p99p100;109846.703125;1.4374781847;76416.2578125;;0.0758000016;0.0758000016
;PT;1992;p99.9p100;221724.890625;1.4835592508;149454.6875;;0.0153000001;0.0153000001
;PT;1992;p99.99p100;507123.125;1.5860791206;319733.8125;;0.0035000001;0.0035000001
;PT;1992;p90p100;48039.7617188;1.8046239614;26620.3730469;;0.3314999938;0.3314999938
;PT;1992;p90p95;31997.5253906;;26620.3730469;;0.1103999987;0.1103999987
;PT;1992;p95p99;52640.8398438;;39346.4492188;;0.1453000009;0.1453000009
;PT;1992;p99.5p99.9;113396.820312;;94979.796875;;0.0313000008;0.0313000008
;PT;1992;p99.9p99.99;190007.671875;;149454.6875;;0.0118000004;0.0118000004
;PT;1992;p99p99.5;84631.234375;;76416.2578125;;0.0292000007;0.0292000007
;PT;1992;p95p100;64082.0;1.6286603212;39346.4492188;;0.2211000025;0.2211000025
;PT;1992;p99.5p100;135062.171875;1.4220095873;94979.796875;;0.0465999991;0.0465999991
;PT;1991;p0p100;14096.6689453;;;65180946432.0;;
;PT;1991;p99p100;105161.242188;1.4545785189;72296.7109375;;0.0746000037;0.0746000037
;PT;1991;p99.9p100;218501.171875;1.5382310152;142047.046875;;0.0154999997;0.0154999997
;PT;1991;p99.99p100;563773.1875;1.7606476545;320207.84375;;0.0040000002;0.0040000002
;PT;1991;p90p100;45715.484375;1.7916095257;25516.4335938;;0.3242999911;0.3242999911
;PT;1991;p90p95;30561.5703125;;25516.4335938;;0.1084000021;0.1084000021
;PT;1991;p95p99;49796.453125;;37464.203125;;0.1412999928;0.1412999928
;PT;1991;p99.5p99.9;108191.710938;;90187.3203125;;0.0307;0.0307
;PT;1991;p99.9p99.99;180129.984375;;142047.046875;;0.0115;0.0115
;PT;1991;p99p99.5;80069.1484375;;72296.7109375;;0.0284000002;0.0284000002
;PT;1991;p95p100;60869.3984375;1.6247348785;37464.203125;;0.2159000039;0.2159000039
;PT;1991;p99.5p100;130253.335938;1.4442533255;90187.3203125;;0.0461999997;0.0461999997
;PT;1990;p0p100;13470.2675781;;;61421486080.0;;
;PT;1990;p99p100;97120.7265625;1.479790926;65631.3828125;;0.0720999986;0.0720999986
;PT;1990;p99.9p100;215527.0625;1.6369354725;131664.96875;;0.0160000008;0.0160000008
;PT;1990;p99.99p100;606061.5;1.9417603016;312119.625;;0.0044999998;0.0044999998
;PT;1990;p90p100;42013.7578125;1.7691062689;23748.5761719;;0.3118999898;0.3118999898
;PT;1990;p90p95;28260.6152344;;23748.5761719;;0.1049000025;0.1049000025
;PT;1990;p95p99;45428.453125;;34355.8007812;;0.1349000037;0.1349000037
;PT;1990;p99.5p99.9;98332.7578125;;81833.734375;;0.0292000007;0.0292000007
;PT;1990;p99.9p99.99;172125.734375;;131664.96875;;0.0115;0.0115
;PT;1990;p99p99.5;72470.109375;;65631.3828125;;0.0269000009;0.0269000009
;PT;1990;p95p100;55766.8984375;1.6232162714;34355.8007812;;0.2070000023;0.2070000023
;PT;1990;p99.5p100;121771.34375;1.4880335331;81833.734375;;0.0452000014;0.0452000014
;PT;1989;p0p100;12897.5996094;;;57995313152.0;;
;PT;1989;p99p100;88219.671875;1.4755026102;59789.5703125;;0.068400003;0.068400003
;PT;1989;p99.9p100;197335.828125;1.6549521685;119239.59375;;0.0153000001;0.0153000001
;PT;1989;p99.99p100;580295.6875;2.1489386559;270038.28125;;0.0044999998;0.0044999998
;PT;1989;p90p100;38950.7421875;1.7411060333;22371.2636719;;0.3019999862;0.3019999862
;PT;1989;p90p95;26594.8457031;;22371.2636719;;0.1031000018;0.1031000018
;PT;1989;p95p99;42078.3984375;;32164.0;;0.1305000037;0.1305000037
;PT;1989;p99.5p99.9;88993.2578125;;74042.71875;;0.0275999997;0.0275999997
;PT;1989;p99.9p99.99;154776.265625;;119239.59375;;0.0108000003;0.0108000003
;PT;1989;p99p99.5;65777.8203125;;59789.5703125;;0.0254999995;0.0254999995
;PT;1989;p95p100;51306.640625;1.5951573849;32164.0;;0.1988999993;0.1988999993
;PT;1989;p99.5p100;110661.515625;1.4945631027;74042.71875;;0.0428999998;0.0428999998
;PT;1988;p0p100;13771.1035156;;;61065035776.0;;
;PT;1987;p0p100;12830.6464844;;;56106385408.0;;
;PT;1986;p0p100;12080.7714844;;;52095275008.0;;
;PT;1985;p0p100;11193.5625;;;47600537600.0;;
;PT;1984;p0p100;11034.1025391;;;46272229376.0;;
;PT;1983;p0p100;11782.03125;;;48724062208.0;;
;PT;1982;p0p100;11737.8232422;;;47868604416.0;;
;PT;1982;p99p100;56224.2304688;;;;0.0478999987;0.0478999987
;PT;1982;p99.9p100;85687.21875;;;;0.0073000002;0.0073000002
;PT;1982;p90p100;24637.6855469;;;;0.2099000067;0.2099000067
;PT;1982;p90p95;15658.2529297;;;;0.0666999966;0.0666999966
;PT;1982;p95p99;27965.3496094;;;;0.0952999964;0.0952999964
;PT;1982;p99.5p99.9;62503.7851562;;;;0.0212999992;0.0212999992
;PT;1982;p99p99.5;45308.0429688;;;;0.0193000007;0.0193000007
;PT;1982;p95p100;33617.1171875;;;;0.1431999952;0.1431999952
;PT;1982;p99.5p100;67140.4140625;;;;0.0285999998;0.0285999998
;PT;1981;p0p100;12046.1669922;;;48445337600.0;;
;PT;1981;p99p100;47823.328125;;;;0.0397000015;0.0397000015
;PT;1981;p99.9p100;87938.1484375;;;;0.0073000002;0.0073000002
;PT;1981;p90p100;22694.9726562;;;;0.1884000003;0.1884000003
;PT;1981;p90p95;16238.2294922;;;;0.067400001;0.067400001
;PT;1981;p95p99;24483.8222656;;;;0.0812999979;0.0812999979
;PT;1981;p99.5p99.9;50292.6445312;;;;0.0166999996;0.0166999996
;PT;1981;p99p99.5;37825.0;;;;0.0156999994;0.0156999994
;PT;1981;p95p100;29151.7167969;;;;0.1209999993;0.1209999993
;PT;1981;p99.5p100;57821.65625;;;;0.0240000002;0.0240000002
;PT;1980;p0p100;12180.5371094;;;48368791552.0;;
;PT;1980;p99p100;52619.96875;;;;0.0432000011;0.0432000011
;PT;1980;p99.9p100;98663.6171875;;;;0.0081000002;0.0081000002
;PT;1980;p90p100;22862.8613281;;;;0.1877000034;0.1877000034
;PT;1980;p90p95;15298.75;;;;0.0627999976;0.0627999976
;PT;1980;p95p99;24878.7324219;;;;0.0816999972;0.0816999972
;PT;1980;p99.5p99.9;56030.3554688;;;;0.0184000004;0.0184000004
;PT;1980;p99p99.5;40683.03125;;;;0.0166999996;0.0166999996
;PT;1980;p95p100;30426.9726562;;;;0.1248999983;0.1248999983
;PT;1980;p99.5p100;64556.90625;;;;0.0264999997;0.0264999997
;PT;1979;p0p100;11578.1933594;;;45397856256.0;;
;PT;1979;p99p100;52333.484375;;;;0.0452000014;0.0452000014
;PT;1979;p99.9p100;90311.078125;;;;0.0077999998;0.0077999998
;PT;1979;p90p100;23526.8847656;;;;0.2031999975;0.2031999975
;PT;1979;p90p95;16302.0927734;;;;0.0703999996;0.0703999996
;PT;1979;p95p99;25356.2304688;;;;0.0876000002;0.0876000002
;PT;1979;p99.5p99.9;57311.9453125;;;;0.0197999999;0.0197999999
;PT;1979;p99p99.5;40755.28125;;;;0.0175999999;0.0175999999
;PT;1979;p95p100;30751.6757812;;;;0.1327999979;0.1327999979
;PT;1979;p99.5p100;63911.6914062;;;;0.0275999997;0.0275999997
;PT;1978;p0p100;11453.4970703;;;44343336960.0;;
;PT;1978;p99p100;66086.7421875;;;;0.0577000007;0.0577000007
;PT;1978;p99.9p100;131716.921875;;;;0.0115;0.0115
;PT;1978;p99.99p100;412257.5;;;;0.0035999999;0.0035999999
;PT;1978;p90p100;28553.5625;;;;0.2493000031;0.2493000031
;PT;1978;p90p95;19837.453125;;;;0.0865999982;0.0865999982
;PT;1978;p95p99;30065.4140625;;;;0.1049999967;0.1049999967
;PT;1978;p99.5p99.9;69579.859375;;;;0.0242999997;0.0242999997
;PT;1978;p99.9p99.99;100539.546875;;;;0.0078999996;0.0078999996
;PT;1978;p99p99.5;50166.3671875;;;;0.0219000001;0.0219000001
;PT;1978;p95p100;37269.671875;;;;0.1626999974;0.1626999974
;PT;1978;p99.5p100;82007.1171875;;;;0.0357999988;0.0357999988
;PT;1977;p0p100;11385.3486328;;;43524354048.0;;
;PT;1977;p99p100;72866.3046875;;;;0.064000003;0.064000003
;PT;1977;p99.9p100;148011.4375;;;;0.0130000003;0.0130000003
;PT;1977;p99.99p100;341503.78125;;;;0.003;0.003
;PT;1977;p90p100;30558.2675781;;;;0.2684000134;0.2684000134
;PT;1977;p90p95;21358.9082031;;;;0.0938000008;0.0938000008
;PT;1977;p95p99;31480.4726562;;;;0.1106000021;0.1106000021
;PT;1977;p99.5p99.9;77989.4765625;;;;0.0274;0.0274
;PT;1977;p99.9p99.99;126508.015625;;;;0.0099999998;0.0099999998
;PT;1977;p99p99.5;53738.8984375;;;;0.0236000009;0.0236000009
;PT;1977;p95p100;39757.6289062;;;;0.1746000051;0.1746000051
;PT;1977;p99.5p100;91993.703125;;;;0.0403999984;0.0403999984
;PT;1976;p0p100;11483.2441406;;;43345727488.0;;
;PT;1976;p99p100;90602.8828125;;;;0.0789000019;0.0789000019
;PT;1976;p99.9p100;149284.09375;;;;0.0130000003;0.0130000003
;PT;1976;p99.99p100;436290.875;;;;0.0038000001;0.0038000001
;PT;1976;p90p100;36413.3554688;;;;0.3170999885;0.3170999885
;PT;1976;p90p95;24321.5039062;;;;0.1058999971;0.1058999971
;PT;1976;p95p99;37980.8085938;;;;0.1323000044;0.1323000044
;PT;1976;p99.5p99.9;107368.109375;;;;0.0373999998;0.0373999998
;PT;1976;p99.9p99.99;117388.109375;;;;0.0092000002;0.0092000002
;PT;1976;p99p99.5;65454.5507812;;;;0.0285;0.0285
;PT;1976;p95p100;48505.2109375;;;;0.2111999989;0.2111999989
;PT;1976;p99.5p100;115751.203125;;;;0.0504000001;0.0504000001
;PT;1975;p0p100;11416.46875;;;42550947840.0;;
;PT;1975;p99.9p100;165540.9375;;;;0.0144999996;0.0144999996
;PT;1975;p99.99p100;422339.28125;;;;0.0037;0.0037
;PT;1975;p99.9p99.99;137002.125;;;;0.0108000003;0.0108000003
;PT;1974;p0p100;11510.109375;;;42359676928.0;;
;PT;1974;p99.9p100;217543.875;;;;0.0188999996;0.0188999996
;PT;1974;p99.99p100;460328.0;;;;0.0040000002;0.0040000002
;PT;1974;p99.9p99.99;190562.5;;;;0.0148999998;0.0148999998
;PT;1973;p0p100;12318.5253906;;;44763865088.0;;
;PT;1973;p99.9p100;301807.75;;;;0.0244999994;0.0244999994
;PT;1973;p99.99p100;862153.6875;;;;0.0070000002;0.0070000002
;PT;1973;p99.9p99.99;239534.71875;;;;0.0175000001;0.0175000001
;PT;1972;p0p100;11914.0078125;;;42748657664.0;;
;PT;1972;p99.9p100;294279.78125;;;;0.0247000009;0.0247000009
;PT;1972;p99.99p100;929138.4375;;;;0.0077999998;0.0077999998
;PT;1972;p99.9p99.99;223725.921875;;;;0.0168999992;0.0168999992
;PT;1971;p0p100;11325.2441406;;;40124338176.0;;
;PT;1971;p99.9p100;282002.21875;;;;0.0249000005;0.0249000005
;PT;1971;p99.99p100;883222.5;;;;0.0077999998;0.0077999998
;PT;1971;p99.9p99.99;215186.6875;;;;0.0171000008;0.0171000008
;PT;1970;p0p100;11094.8525391;;;38813032448.0;;
;PT;1970;p99.9p100;322864.34375;;;;0.0291000009;0.0291000009
;PT;1970;p99.99p100;876347.875;;;;0.0078999996;0.0078999996
;PT;1970;p99.9p99.99;261353.96875;;;;0.0211999994;0.0211999994
;PT;1969;p0p100;10379.6484375;;;36589109248.0;;
;PT;1969;p99.9p100;323849.21875;;;;0.0311999992;0.0311999992
;PT;1969;p99.99p100;788722.4375;;;;0.0076000001;0.0076000001
;PT;1969;p99.9p99.99;272186.375;;;;0.0236000009;0.0236000009
;PT;1968;p0p100;10447.5605469;;;37110534144.0;;
;PT;1968;p99.9p100;327012.875;;;;0.0313000008;0.0313000008
;PT;1968;p99.99p100;783437.0625;;;;0.0074999998;0.0074999998
;PT;1968;p99.9p99.99;276289.0;;;;0.0238000005;0.0238000005
;PT;1967;p0p100;10169.1933594;;;36398370816.0;;
;PT;1967;p99.9p100;331519.9375;;;;0.0326000005;0.0326000005
;PT;1967;p99.99p100;793065.4375;;;;0.0077999998;0.0077999998
;PT;1967;p99.9p99.99;280226.9375;;;;0.0248000007;0.0248000007
;PT;1966;p0p100;9506.04785156;;;34285348864.0;;
;PT;1966;p99.9p100;316555.46875;;;;0.0333000012;0.0333000012
;PT;1966;p99.99p100;788871.0625;;;;0.0082999999;0.0082999999
;PT;1966;p99.9p99.99;264065.53125;;;;0.0250000004;0.0250000004
;PT;1965;p0p100;9285.06542969;;;33744787456.0;;
;PT;1965;p99.9p100;301768.53125;;;;0.0324999988;0.0324999988
;PT;1965;p99.99p100;854084.375;;;;0.0092000002;0.0092000002
;PT;1965;p99.9p99.99;240387.90625;;;;0.0232999995;0.0232999995
;PT;1964;p0p100;8129.41162109;;;29771034624.0;;
;PT;1964;p99.9p100;256079.75;;;;0.0315000005;0.0315000005
;PT;1964;p99.99p100;601476.625;;;;0.0074;0.0074
;PT;1964;p99.9p99.99;217694.6875;;;;0.0241;0.0241
;PT;1963;p0p100;7628.15039062;;;28149274624.0;;
;PT;1963;p99.9p100;236475.703125;;;;0.0309999995;0.0309999995
;PT;1963;p99.99p100;617777.6875;;;;0.0081000002;0.0081000002
;PT;1963;p99.9p99.99;194100.40625;;;;0.0229000002;0.0229000002
;PT;1962;p0p100;7520.37890625;;;27964098560.0;;
;PT;1962;p99.9p100;240655.234375;;;;0.0320000015;0.0320000015
;PT;1962;p99.99p100;594011.375;;;;0.0078999996;0.0078999996
;PT;1962;p99.9p99.99;201385.640625;;;;0.0241;0.0241
;PT;1961;p0p100;6824.89697266;;;25572331520.0;;
;PT;1961;p99.9p100;229319.46875;;;;0.0335999988;0.0335999988
;PT;1961;p99.99p100;641433.8125;;;;0.0093999999;0.0093999999
;PT;1961;p99.9p99.99;183519.890625;;;;0.0241999999;0.0241999999
;PT;1960;p0p100;6677.57666016;;;25211938816.0;;
;PT;1960;p99.9p100;217024.046875;;;;0.0324999988;0.0324999988
;PT;1960;p99.99p100;627588.125;;;;0.0093999999;0.0093999999
;PT;1960;p99.9p99.99;171396.765625;;;;0.0230999999;0.0230999999
;PT;1959;p0p100;6467.93261719;;;24291489792.0;;
;PT;1959;p99.9p100;234142.171875;;;;0.0362000018;0.0362000018
;PT;1959;p99.99p100;646685.9375;;;;0.0099999998;0.0099999998
;PT;1959;p99.9p99.99;188294.875;;;;0.0262000002;0.0262000002
;PT;1958;p0p100;6189.59716797;;;23123435520.0;;
;PT;1958;p99.9p100;216019.734375;;;;0.0348999985;0.0348999985
;PT;1958;p99.99p100;581725.625;;;;0.0093999999;0.0093999999
;PT;1958;p99.9p99.99;175377.671875;;;;0.0254999995;0.0254999995
;PT;1957;p0p100;5928.0078125;;;22029264896.0;;
;PT;1957;p99.9p100;196812.390625;;;;0.0331999995;0.0331999995
;PT;1957;p99.99p100;551213.25;;;;0.0093;0.0093
;PT;1957;p99.9p99.99;157426.6875;;;;0.0239000004;0.0239000004
;PT;1956;p0p100;5694.44970703;;;21049624576.0;;
;PT;1956;p99.9p100;186780.359375;;;;0.0328000002;0.0328000002
;PT;1956;p99.99p100;552270.0;;;;0.0097000003;0.0097000003
;PT;1956;p99.9p99.99;146162.328125;;;;0.0230999999;0.0230999999
;PT;1955;p0p100;5526.22265625;;;20319930368.0;;
;PT;1955;p99.9p100;193420.28125;;;;0.0350000001;0.0350000001
;PT;1955;p99.99p100;602258.3125;;;;0.0109000001;0.0109000001
;PT;1955;p99.9p99.99;147984.8125;;;;0.0241;0.0241
;PT;1954;p0p100;5305.58007812;;;19405641728.0;;
;PT;1954;p99.9p100;191003.34375;;;;0.0359999985;0.0359999985
;PT;1954;p99.99p100;599431.0625;;;;0.0113000004;0.0113000004
;PT;1954;p99.9p99.99;145613.46875;;;;0.0247000009;0.0247000009
;PT;1953;p0p100;4994.81689453;;;18172555264.0;;
;PT;1953;p99.9p100;178816.734375;;;;0.0357999988;0.0357999988
;PT;1953;p99.99p100;539350.6875;;;;0.0108000003;0.0108000003
;PT;1953;p99.9p99.99;138749.453125;;;;0.0250000004;0.0250000004
;PT;1952;p0p100;4766.81591797;;;17251469312.0;;
;PT;1952;p99.9p100;174944.390625;;;;0.0366999991;0.0366999991
;PT;1952;p99.99p100;529028.8125;;;;0.0110999998;0.0110999998
;PT;1952;p99.9p99.99;135593.875;;;;0.0255999994;0.0255999994
;PT;1951;p0p100;4757.51171875;;;17126904832.0;;
;PT;1951;p99.9p100;169369.59375;;;;0.0355999991;0.0355999991
;PT;1951;p99.99p100;523239.4375;;;;0.0109999999;0.0109999999
;PT;1951;p99.9p99.99;130042.90625;;;;0.0245999992;0.0245999992
;PT;1950;p0p100;4497.15527344;;;16104164352.0;;
;PT;1950;p99.9p100;165947.15625;;;;0.0368999988;0.0368999988
;PT;1950;p99.99p100;512590.625;;;;0.0114000002;0.0114000002
;PT;1950;p99.9p99.99;127423.5625;;;;0.0254999995;0.0254999995
;PT;1949;p0p100;4353.54101562;;;15403162624.0;;
;PT;1949;p99.9p100;155423.421875;;;;0.0357000008;0.0357000008
;PT;1949;p99.99p100;474457.28125;;;;0.0109000001;0.0109000001
;PT;1949;p99.9p99.99;119968.179688;;;;0.0248000007;0.0248000007
;PT;1948;p0p100;4329.22167969;;;15133661184.0;;
;PT;1948;p99.9p100;153689.34375;;;;0.0355000012;0.0355000012
;PT;1948;p99.99p100;484792.34375;;;;0.0111999996;0.0111999996
;PT;1948;p99.9p99.99;116892.804688;;;;0.0242999997;0.0242999997
;PT;1947;p0p100;4280.64892578;;;14784640000.0;;
;PT;1947;p99.9p100;143403.578125;;;;0.0335000008;0.0335000008
;PT;1947;p99.99p100;449393.5625;;;;0.0104999999;0.0104999999
;PT;1947;p99.9p99.99;109397.9375;;;;0.023;0.023
;PT;1946;p0p100;4215.08837891;;;14383838208.0;;
;PT;1946;p99.9p100;131512.453125;;;;0.0311999992;0.0311999992
;PT;1946;p99.99p100;505726.6875;;;;0.0120000001;0.0120000001
;PT;1946;p99.9p99.99;89924.828125;;;;0.0192000009;0.0192000009
;PT;1945;p0p100;3905.22924805;;;13166839808.0;;
;PT;1945;p99.9p100;133560.5625;;;;0.0342000015;0.0342000015
;PT;1945;p99.99p100;570068.875;;;;0.0146000003;0.0146000003
;PT;1945;p99.9p99.99;85050.0;;;;0.0196000002;0.0196000002
;PT;1944;p0p100;4054.35351562;;;13505901568.0;;
;PT;1944;p99.9p100;160959.90625;;;;0.0397000015;0.0397000015
;PT;1944;p99.99p100;660749.9375;;;;0.0163000003;0.0163000003
;PT;1944;p99.9p99.99;105416.640625;;;;0.0233999994;0.0233999994
;PT;1943;p0p100;3643.01831055;;;11990304768.0;;
;PT;1943;p99.9p100;143901.078125;;;;0.0395000018;0.0395000018
;PT;1943;p99.99p100;546362.0625;;;;0.0149999997;0.0149999997
;PT;1943;p99.9p99.99;99174.296875;;;;0.0244999994;0.0244999994
;PT;1942;p0p100;3349.68383789;;;10892803072.0;;
;PT;1942;p99.9p100;147722.96875;;;;0.0441000015;0.0441000015
;PT;1942;p99.99p100;515765.75;;;;0.0153999999;0.0153999999
;PT;1942;p99.9p99.99;106821.195312;;;;0.0286999997;0.0286999997
;PT;1941;p0p100;3562.37670898;;;11445706752.0;;
;PT;1941;p99.9p100;186314.6875;;;;0.0522999987;0.0522999987
;PT;1941;p99.99p100;687424.625;;;;0.0193000007;0.0193000007
;PT;1941;p99.9p99.99;130624.75;;;;0.0329999998;0.0329999998
;PT;1940;p0p100;3783.48461914;;;12010516480.0;;
;PT;1940;p99.9p100;195230.328125;;;;0.0516000018;0.0516000018
;PT;1940;p99.99p100;733874.25;;;;0.0194000006;0.0194000006
;PT;1940;p99.9p99.99;135369.109375;;;;0.0322000012;0.0322000012
;PT;1939;p0p100;4135.2265625;;;12969881600.0;;
;PT;1939;p99.9p100;189809.359375;;;;0.0458999984;0.0458999984
;PT;1939;p99.99p100;698737.375;;;;0.0168999992;0.0168999992
;PT;1939;p99.9p99.99;133250.5625;;;;0.0289999992;0.0289999992
;PT;1938;p0p100;3950.87402344;;;12243252224.0;;
;PT;1938;p99.9p100;188854.203125;;;;0.0478000008;0.0478000008
;PT;1938;p99.99p100;754491.6875;;;;0.0190999992;0.0190999992
;PT;1938;p99.9p99.99;125993.101562;;;;0.0286999997;0.0286999997
