Variable Name;.;.;.;Fiscal income  | tax unit | Average | Adults | constant 2015 local currency;Fiscal income  | tax unit | Threshold | Adults | constant 2015 local currency;Fiscal income  | tax unit | Total | Adults | constant 2015 local currency;Fiscal income  | tax unit | Share | Adults | share of total (ratio);Pre-tax national income  | tax unit | Share | Adults | share of total (ratio)
Variable Category;.;.;.;Income inequality;Income inequality;Income inequality;Income inequality;Income inequality
Variable Description;.;.;.;Average Fiscal income within a given percentile group. Fiscal income is defined as the sum of all income items reported on income tax returns, before any deduction. It includes labour income, capital income and mixed income. The concept of fiscal income varies with national tax legislations, so in order to make international comparisons it is preferable to use the concept of national income. The population is comprised of individuals over age 20. The base unit is the tax unit defined by national fiscal administrations to measure personal income taxes.;Fiscal income threshold value at a given percentile.  Fiscal income is defined as the sum of all income items reported on income tax returns, before any deduction. It includes labour income, capital income and mixed income. The concept of fiscal income varies with national tax legislations, so in order to make international comparisons it is preferable to use the concept of national income. The population is comprised of individuals over age 20. The base unit is the tax unit defined by national fiscal administrations to measure personal income taxes.;Total Fiscal income  within a given percentile group. Fiscal income is defined as the sum of all income items reported on income tax returns, before any deduction. It includes labour income, capital income and mixed income. The concept of fiscal income varies with national tax legislations, so in order to make international comparisons it is preferable to use the concept of national income. The population is comprised of individuals over age 20.;Fiscal income share held by a given percentile group. Fiscal income is defined as the sum of all income items reported on income tax returns, before any deduction. It includes labour income, capital income and mixed income. The concept of fiscal income varies with national tax legislations, so in order to make international comparisons it is preferable to use the concept of national income. The population is comprised of individuals over age 20. The base unit is the tax unit defined by national fiscal administrations to measure personal income taxes.;Pre-tax national income share held by a given percentile group. Pre-tax national income  is the sum of all pre-tax personal income flows accruing to the owners of the production factors, labor and capital, before taking into account the operation of the tax/transfer system, but after taking into account the operation of pension system. The central difference between personal factor income and pre-tax income is the treatment of pensions, which are counted on a contribution basis by factor income and on a distribution basis by pre-tax income. The population is comprised of individuals over age 20. The base unit is the tax unit defined by national fiscal administrations to measure personal income taxes.
Variable Decomposition;.;.;.;[Fiscal income ]=[Fiscal labour income ]+[Fiscal capital income ];[Fiscal income ]=[Fiscal labour income ]+[Fiscal capital income ];[Fiscal income ]=[Fiscal labour income ]+[Fiscal capital income ];[Fiscal income ]=[Fiscal labour income ]+[Fiscal capital income ];Pre-tax national income =Pre-tax labor income [total pre-tax income ranking]+Pre-tax capital income [total pre-tax income ranking]
Variable Unit;.;.;.;"USD; United States dollar | local currency | market";"USD; United States dollar | local currency | market";"USD; United States dollar | local currency | market";share;share
Methodological Notes;.;.;.;;;;;Assuming the same distribution as fiscal income.
Sources;.;.;.;Frank, Sommeiller, Price & Saez (2015);Frank, Sommeiller, Price & Saez (2015);Frank, Sommeiller, Price & Saez (2015);Frank, Sommeiller, Price & Saez (2015);WID.world computations using: Frank, Sommeiller, Price & Saez (2015)
Variable Code;country;year;perc;afiinc992t;tfiinc992t;mfiinc992t;sfiinc992t;sptinc992t
;US-IN;2014;p0p100;52468.7617188;;1.7518682112e+11;;
;US-IN;2014;p99p100;;312215.65625;;0.1474875659;0.1474875659
;US-IN;2014;p99.9p100;;1227998.0;;0.059172336;0.059172336
;US-IN;2014;p99.99p100;;5010237.5;;0.0233040452;0.0233040452
;US-IN;2014;p90p100;;112199.195312;;0.4173660874;0.4173660874
;US-IN;2014;p90p91;221837.234375;;;;
;US-IN;2014;p95p96;312161.21875;;;;
;US-IN;2014;p90p95;131513.265625;112199.195312;;0.122398451;0.122398451
;US-IN;2014;p95p99;194578.546875;135784.390625;;0.1472401917;0.1472401917
;US-IN;2014;p99.5p99.9;695057.0625;473557.96875;;0.0528166927;0.0528166927
;US-IN;2014;p99.9p99.99;2074666.125;1227998.0;;0.0362345055;0.0362345055
;US-IN;2014;p99p99.5;378126.9375;312215.65625;;0.0356067233;0.0356067233
;US-IN;2014;p95p100;;135784.390625;;0.294657737;0.294657737
;US-IN;2014;p0p90;33650.0429688;;;0.5823993683;0.5823993683
;US-IN;2014;p0p99;45094.7929688;;;0.8525124192;0.8525124192
;US-IN;2014;p99.5p100;;473557.96875;;0.1118745282;0.1118745282
;US-IN;2014;p99.5p99.6;1186856.875;;;;
;US-IN;2014;p99.99p99.991;12868563.0;;;;
;US-IN;2014;p99.9p99.91;3154055.75;;;;
;US-IN;2014;p99p99.1;782491.875;;;;
;US-IN;2013;p0p100;53830.6679688;;1.69693642752e+11;;
;US-IN;2013;p99p100;;309573.0;;0.1372010112;0.1372010112
;US-IN;2013;p99.9p100;;1171098.875;;0.053351514;0.053351514
;US-IN;2013;p99.99p100;;4642823.0;;0.020873487;0.020873487
;US-IN;2013;p90p100;;113126.539062;;0.3988470435;0.3988470435
;US-IN;2013;p90p91;219289.125;;;;
;US-IN;2013;p95p96;305209.03125;;;;
;US-IN;2013;p90p95;133369.1875;113126.539062;;0.1193703264;0.1193703264
;US-IN;2013;p95p99;194266.859375;135906.953125;;0.1417964101;0.1417964101
;US-IN;2013;p99.5p99.9;677361.8125;464910.25;;0.0494986698;0.0494986698
;US-IN;2013;p99.9p99.99;1954528.125;1171098.875;;0.0325903445;0.0325903445
;US-IN;2013;p99p99.5;373156.34375;309573.0;;0.034375336;0.034375336
;US-IN;2013;p95p100;;135906.953125;;0.2790592909;0.2790592909
;US-IN;2013;p0p90;35446.3945312;;;0.6014954448;0.6014954448
;US-IN;2013;p0p99;46808.9765625;;;0.8627989888;0.8627989888
;US-IN;2013;p99.5p100;;464910.25;;0.1028661057;0.1028661057
;US-IN;2013;p99.5p99.6;1124799.125;;;;
;US-IN;2013;p99.99p99.991;11554732.0;;;;
;US-IN;2013;p99.9p99.91;2914548.5;;;;
;US-IN;2013;p99p99.1;748977.75;;;;
;US-IN;2012;p0p100;51478.8125;;1.68512503808e+11;;
;US-IN;2012;p99p100;797358.0;;;0.1548905075;0.1548905075
;US-IN;2012;p99.9p100;3281471.75;;;0.0637441203;0.0637441203
;US-IN;2012;p99.99p100;12911457.0;;;0.0250811074;0.0250811074
;US-IN;2012;p90p100;;;;0.4240458012;0.4240458012
;US-IN;2012;p90p91;218293.765625;;;;
;US-IN;2012;p95p96;308070.0625;;;;
;US-IN;2012;p95p100;;;;0.2992202342;0.2992202342
;US-IN;2012;p99.5p100;1221022.375;;;0.118594639;0.118594639
;US-IN;2011;p0p100;48600.953125;;1.57543612416e+11;;
;US-IN;2011;p99p100;697715.625;;;0.1435600519;0.1435600519
;US-IN;2011;p99.9p100;2758391.75;;;0.0567559116;0.0567559116
;US-IN;2011;p99.99p100;10995197.0;;;0.022623416;0.022623416
;US-IN;2011;p90p100;;;;0.4222478867;0.4222478867
;US-IN;2011;p90p91;205216.515625;;;;
;US-IN;2011;p95p96;283469.4375;;;;
;US-IN;2011;p95p100;;;;0.2916294634;0.2916294634
;US-IN;2011;p99.5p100;1050270.0;;;0.1080503389;0.1080503389
;US-IN;2010;p0p100;48677.890625;;1.54238976e+11;;
;US-IN;2010;p99p100;693414.3125;;;0.1424495578;0.1424495578
;US-IN;2010;p99.9p100;2725334.75;;;0.0559871197;0.0559871197
;US-IN;2010;p99.99p100;10929532.0;;;0.0224527661;0.0224527661
;US-IN;2010;p90p100;;;;0.4178772867;0.4178772867
;US-IN;2010;p90p91;203413.84375;;;;
;US-IN;2010;p95p96;280361.28125;;;;
;US-IN;2010;p95p100;;;;0.2879760265;0.2879760265
;US-IN;2010;p99.5p100;1040372.875;;;0.1068629846;0.1068629846
;US-IN;2009;p0p100;47202.8789062;;1.48141539328e+11;;
;US-IN;2009;p99p100;644316.625;;;0.1364994198;0.1364994198
;US-IN;2009;p99.9p100;2600479.75;;;0.0550915487;0.0550915487
;US-IN;2009;p99.99p100;10762299.0;;;0.0228000898;0.0228000898
;US-IN;2009;p90p100;;;;0.4130860865;0.4130860865
;US-IN;2009;p90p91;194988.515625;;;;
;US-IN;2009;p95p96;264952.625;;;;
;US-IN;2009;p95p100;;;;0.2806530297;0.2806530297
;US-IN;2009;p99.5p100;969032.0625;;;0.1026454344;0.1026454344
;US-IN;2008;p0p100;52759.9179688;;1.64356161536e+11;;
;US-IN;2008;p99p100;763618.9375;;;0.1447346807;0.1447346807
;US-IN;2008;p99.9p100;3229085.25;;;0.0612033755;0.0612033755
;US-IN;2008;p99.99p100;13311589.0;;;0.0252304953;0.0252304953
;US-IN;2008;p90p100;;;;0.4067638516;0.4067638516
;US-IN;2008;p90p91;214608.265625;;;;
;US-IN;2008;p95p96;297903.1875;;;;
;US-IN;2008;p95p100;;;;0.2823196054;0.2823196054
;US-IN;2008;p99.5p100;1171798.125;;;0.1110500246;0.1110500246
;US-IN;2007;p0p100;57565.71875;;1.770549248e+11;;
;US-IN;2007;p99p100;952594.0625;;;0.1654793918;0.1654793918
;US-IN;2007;p99.9p100;4397510.0;;;0.0763911158;0.0763911158
;US-IN;2007;p99.99p100;19113286.0;;;0.0332025439;0.0332025439
;US-IN;2007;p90p100;;;;0.414408952;0.414408952
;US-IN;2007;p90p91;238557.5;;;;
;US-IN;2007;p95p96;341688.625;;;;
;US-IN;2007;p95p100;;;;0.2967813313;0.2967813313
;US-IN;2007;p99.5p100;1508522.5;;;0.131026119;0.131026119
;US-IN;2006;p0p100;55790.5273438;;1.7168031744e+11;;
;US-IN;2006;p99p100;910757.25;;;0.1632458568;0.1632458568
;US-IN;2006;p99.9p100;4146266.75;;;0.0743184686;0.0743184686
;US-IN;2006;p99.99p100;17517020.0;;;0.0313978381;0.0313978381
;US-IN;2006;p90p100;;;;0.4139419496;0.4139419496
;US-IN;2006;p90p91;230940.40625;;;;
;US-IN;2006;p95p96;328026.59375;;;;
;US-IN;2006;p95p100;;;;0.2939805388;0.2939805388
;US-IN;2006;p99.5p100;1437671.875;;;0.1288455129;0.1288455129
;US-IN;2005;p0p100;54825.2070312;;1.66886817792e+11;;
;US-IN;2005;p99p100;850312.375;;;0.15509516;0.15509516
;US-IN;2005;p99.9p100;3820808.75;;;0.0696907267;0.0696907267
;US-IN;2005;p99.99p100;15992646.0;;;0.0291702412;0.0291702412
;US-IN;2005;p90p100;;;;0.4033516049;0.4033516049
;US-IN;2005;p90p91;221138.359375;;;;
;US-IN;2005;p95p96;321039.71875;;;;
;US-IN;2005;p95p100;;;;0.2927847505;0.2927847505
;US-IN;2005;p99.5p100;1334392.25;;;0.1216951385;0.1216951385
;US-IN;2004;p0p100;53852.0585938;;1.63154018304e+11;;
;US-IN;2004;p99p100;770926.6875;;;0.1431563944;0.1431563944
;US-IN;2004;p99.9p100;3338288.5;;;0.0619899891;0.0619899891
;US-IN;2004;p99.99p100;13839371.0;;;0.0256988704;0.0256988704
;US-IN;2004;p90p100;;;;0.3933408558;0.3933408558
;US-IN;2004;p90p91;211822.15625;;;;
;US-IN;2004;p95p96;305141.15625;;;;
;US-IN;2004;p95p100;;;;0.2833142877;0.2833142877
;US-IN;2004;p99.5p100;1191877.375;;;0.1106621921;0.1106621921
;US-IN;2003;p0p100;52052.3867188;;1.54714341376e+11;;
;US-IN;2003;p99p100;700487.0625;;;0.1345734745;0.1345734745
;US-IN;2003;p99.9p100;2934295.75;;;0.0563719757;0.0563719757
;US-IN;2003;p99.99p100;12156149.0;;;0.0233536828;0.0233536828
;US-IN;2003;p90p100;;;;0.3882875144;0.3882875144
;US-IN;2003;p90p91;202112.9375;;;;
;US-IN;2003;p95p96;283994.4375;;;;
;US-IN;2003;p95p100;;;;0.2727967501;0.2727967501
;US-IN;2003;p99.5p100;1070225.375;;;0.1028027162;0.1028027162
;US-IN;2002;p0p100;50930.5195312;;1.54158497792e+11;;
;US-IN;2002;p99p100;664992.125;;;0.1305684894;0.1305684894
;US-IN;2002;p99.9p100;2661550.25;;;0.0522584543;0.0522584543
;US-IN;2002;p99.99p100;10474539.0;;;0.0205663312;0.0205663312
;US-IN;2002;p90p100;;;;0.3887093067;0.3887093067
;US-IN;2002;p90p91;197971.671875;;;;
;US-IN;2002;p95p96;276293.0;;;;
;US-IN;2002;p95p100;;;;0.2712450027;0.2712450027
;US-IN;2002;p99.5p100;1002532.3125;;;0.0984215662;0.0984215662
;US-IN;2001;p0p100;53936.0195312;;1.59789580288e+11;;
;US-IN;2001;p99p100;702149.0;;;0.1301818341;0.1301818341
;US-IN;2001;p99.9p100;2750735.5;;;0.0509999767;0.0509999767
;US-IN;2001;p99.99p100;10741207.0;;;0.0199147202;0.0199147202
;US-IN;2001;p90p100;;;;0.3799138963;0.3799138963
;US-IN;2001;p90p91;204910.421875;;;;
;US-IN;2001;p95p96;288069.21875;;;;
;US-IN;2001;p95p100;;;;0.2670471668;0.2670471668
;US-IN;2001;p99.5p100;1047160.75;;;0.0970743522;0.0970743522
;US-IN;2000;p0p100;57928.1328125;;1.67797456896e+11;;
;US-IN;2000;p99p100;826590.625;;;0.1426924318;0.1426924318
;US-IN;2000;p99.9p100;3405480.5;;;0.0587880202;0.0587880202
;US-IN;2000;p99.99p100;12911411.0;;;0.0222886708;0.0222886708
;US-IN;2000;p90p100;;;;0.387236625;0.387236625
;US-IN;2000;p90p91;224318.9375;;;;
;US-IN;2000;p95p96;322461.0;;;;
;US-IN;2000;p95p100;;;;0.2783284783;0.2783284783
;US-IN;2000;p99.5p100;1260677.375;;;0.1088139117;0.1088139117
;US-IN;1999;p0p100;57357.4570312;;1.6198631424e+11;;
;US-IN;1999;p99p100;853837.3125;;;0.1488624662;0.1488624662
;US-IN;1999;p99.9p100;3580249.5;;;0.062419951;0.062419951
;US-IN;1999;p99.99p100;13879286.0;;;0.0241978746;0.0241978746
;US-IN;1999;p90p100;;;;0.3989373446;0.3989373446
;US-IN;1999;p90p91;228820.3125;;;;
;US-IN;1999;p95p96;329792.34375;;;;
;US-IN;1999;p95p100;;;;0.2874886096;0.2874886096
;US-IN;1999;p99.5p100;1308325.25;;;0.1140501499;0.1140501499
;US-IN;1998;p0p100;54941.3046875;;1.54669203456e+11;;
;US-IN;1998;p99p100;849644.9375;;;0.1546459347;0.1546459347
;US-IN;1998;p99.9p100;3703512.0;;;0.0674085245;0.0674085245
;US-IN;1998;p99.99p100;15163980.0;;;0.0276003275;0.0276003275
;US-IN;1998;p90p100;;;;0.4040087461;0.4040087461
;US-IN;1998;p90p91;221967.6875;;;;
;US-IN;1998;p95p96;320888.75;;;;
;US-IN;1998;p95p100;;;;0.2920286953;0.2920286953
;US-IN;1998;p99.5p100;1316992.875;;;0.1198545322;0.1198545322
;US-IN;1997;p0p100;51240.4335938;;1.43895330816e+11;;
;US-IN;1997;p99p100;728107.0;;;0.1420961767;0.1420961767
;US-IN;1997;p99.9p100;2926373.75;;;0.05711063;0.05711063
;US-IN;1997;p99.99p100;11430796.0;;;0.0223081559;0.0223081559
;US-IN;1997;p90p100;;;;0.3958825469;0.3958825469
;US-IN;1997;p90p91;202851.9375;;;;
;US-IN;1997;p95p96;287576.53125;;;;
;US-IN;1997;p95p100;;;;0.2806148529;0.2806148529
;US-IN;1997;p99.5p100;1107231.625;;;0.1080427617;0.1080427617
;US-IN;1996;p0p100;48628.0664062;;1.35391084544e+11;;
;US-IN;1996;p99p100;654710.4375;;;0.1346363276;0.1346363276
;US-IN;1996;p99.9p100;2632279.5;;;0.0541308708;0.0541308708
;US-IN;1996;p99.99p100;10302754.0;;;0.0211868491;0.0211868491
;US-IN;1996;p90p100;;;;0.39177531;0.39177531
;US-IN;1996;p90p91;190512.75;;;;
;US-IN;1996;p95p96;265632.9375;;;;
;US-IN;1996;p95p100;;;;0.2731271982;0.2731271982
;US-IN;1996;p99.5p100;989849.0;;;0.1017775461;0.1017775461
;US-IN;1995;p0p100;46648.84375;;1.28553893888e+11;;
;US-IN;1995;p99p100;600114.1875;;;0.1286450326;0.1286450326
;US-IN;1995;p99.9p100;2330615.0;;;0.0499608293;0.0499608293
;US-IN;1995;p99.99p100;8817836.0;;;0.0189025812;0.0189025812
;US-IN;1995;p90p100;;;;0.3879127204;0.3879127204
;US-IN;1995;p90p91;180956.796875;;;;
;US-IN;1995;p95p96;248898.375;;;;
;US-IN;1995;p95p100;;;;0.2667787075;0.2667787075
;US-IN;1995;p99.5p100;898532.0;;;0.0963080674;0.0963080674
;US-IN;1994;p0p100;44861.8085938;;1.23668217856e+11;;
;US-IN;1994;p99p100;568809.5625;;;0.1267914921;0.1267914921
;US-IN;1994;p99.9p100;2293846.0;;;0.0511313751;0.0511313751
;US-IN;1994;p99.99p100;9285407.0;;;0.0206978004;0.0206978004
;US-IN;1994;p90p100;;;;0.3827540278;0.3827540278
;US-IN;1994;p90p91;171710.375;;;;
;US-IN;1994;p95p96;237351.9375;;;;
;US-IN;1994;p95p100;;;;0.2645367682;0.2645367682
;US-IN;1994;p99.5p100;859629.9375;;;0.0958086699;0.0958086699
;US-IN;1993;p0p100;43780.5859375;;1.19215972352e+11;;
;US-IN;1993;p99p100;543635.5625;;;0.1241727397;0.1241727397
;US-IN;1993;p99.9p100;2141252.0;;;0.0489087105;0.0489087105
;US-IN;1993;p99.99p100;8475153.0;;;0.0193582438;0.0193582438
;US-IN;1993;p90p100;;;;0.3777080476;0.3777080476
;US-IN;1993;p90p91;165362.8125;;;;
;US-IN;1993;p95p96;229619.484375;;;;
;US-IN;1993;p95p100;;;;0.2622389197;0.2622389197
;US-IN;1993;p99.5p100;817653.6875;;;0.0933808535;0.0933808535
;US-IN;1992;p0p100;43377.8515625;;1.17237071872e+11;;
;US-IN;1992;p99p100;538646.6875;;;0.1241755038;0.1241755038
;US-IN;1992;p99.9p100;2099728.0;;;0.0484055355;0.0484055355
;US-IN;1992;p99.99p100;8130267.5;;;0.0187429003;0.0187429003
;US-IN;1992;p90p100;;;;0.3745454252;0.3745454252
;US-IN;1992;p90p91;162469.75;;;;
;US-IN;1992;p95p96;225690.15625;;;;
;US-IN;1992;p95p100;;;;0.2601444721;0.2601444721
;US-IN;1992;p99.5p100;809288.0;;;0.0932835564;0.0932835564
;US-IN;1991;p0p100;42065.1367188;;1.12645464064e+11;;
;US-IN;1991;p99p100;475389.28125;;;0.113012664;0.113012664
;US-IN;1991;p99.9p100;1700143.125;;;0.0404169187;0.0404169187
;US-IN;1991;p99.99p100;6057999.5;;;0.014401474;0.014401474
;US-IN;1991;p90p100;;;;0.3732011914;0.3732011914
;US-IN;1991;p90p91;156987.578125;;;;
;US-IN;1991;p95p96;209995.515625;;;;
;US-IN;1991;p95p100;;;;0.249607563;0.249607563
;US-IN;1991;p99.5p100;695860.75;;;0.0827122927;0.0827122927
;US-IN;1990;p0p100;43747.8554688;;1.15048054784e+11;;
;US-IN;1990;p99p100;508300.96875;;;0.1161887869;0.1161887869
;US-IN;1990;p99.9p100;1895894.25;;;0.0433368534;0.0433368534
;US-IN;1990;p99.99p100;6970047.5;;;0.0159323197;0.0159323197
;US-IN;1990;p90p100;;;;0.3655866683;0.3655866683
;US-IN;1990;p90p91;159936.328125;;;;
;US-IN;1990;p95p96;216563.90625;;;;
;US-IN;1990;p95p100;;;;0.2475137562;0.2475137562
;US-IN;1990;p99.5p100;756597.0625;;;0.0864724889;0.0864724889
;US-IN;1989;p0p100;43641.484375;;1.14654855168e+11;;
;US-IN;1989;p99p100;485244.96875;;;0.1111889258;0.1111889258
;US-IN;1989;p99.9p100;1705041.75;;;0.0390692875;0.0390692875
;US-IN;1989;p99.99p100;5919045.5;;;0.013562887;0.013562887
;US-IN;1989;p90p100;;;;0.3626168072;0.3626168072
;US-IN;1989;p90p91;158251.359375;;;;
;US-IN;1989;p95p96;214530.546875;;;;
;US-IN;1989;p95p100;;;;0.245787397;0.245787397
;US-IN;1989;p99.5p100;706385.3125;;;0.0809304863;0.0809304863
;US-IN;1988;p0p100;42847.4453125;;1.11858147328e+11;;
;US-IN;1988;p99p100;520904.0625;;;0.1215717942;0.1215717942
;US-IN;1988;p99.9p100;1948183.75;;;0.0454679132;0.0454679132
;US-IN;1988;p99.99p100;6990516.0;;;0.0163148958;0.0163148958
;US-IN;1988;p90p100;;;;0.3740683496;0.3740683496
;US-IN;1988;p90p91;160278.734375;;;;
;US-IN;1988;p95p96;220233.0;;;;
;US-IN;1988;p95p100;;;;0.2569966614;0.2569966614
;US-IN;1988;p99.5p100;774856.0625;;;0.0904203355;0.0904203355
;US-IN;1987;p0p100;41507.2148438;;1.05813827584e+11;;
;US-IN;1987;p99p100;419087.40625;;;0.1009673625;0.1009673625
;US-IN;1987;p99.9p100;1402601.375;;;0.0337917469;0.0337917469
;US-IN;1987;p99.99p100;4724810.0;;;0.0113831051;0.0113831051
;US-IN;1987;p90p100;;;;0.3525573015;0.3525573015
;US-IN;1987;p90p91;146336.71875;;;;
;US-IN;1987;p95p96;194413.3125;;;;
;US-IN;1987;p95p100;;;;0.2341921777;0.2341921777
;US-IN;1987;p99.5p100;598727.3125;;;0.0721232817;0.0721232817
;US-IN;1986;p0p100;42527.0351562;;1.0797805568e+11;;
;US-IN;1986;p99p100;562888.3125;;;0.1323601156;0.1323601156
;US-IN;1986;p99.9p100;2348699.5;;;0.0552283823;0.0552283823
;US-IN;1986;p99.99p100;9518669.0;;;0.0223826282;0.0223826282
;US-IN;1986;p90p100;;;;0.3789373636;0.3789373636
;US-IN;1986;p90p91;161150.828125;;;;
;US-IN;1986;p95p96;225817.109375;;;;
;US-IN;1986;p95p100;;;;0.2654983103;0.2654983103
;US-IN;1986;p99.5p100;863484.1875;;;0.1015217975;0.1015217975
;US-IN;1985;p0p100;39771.7148438;;99205292032.0;;
;US-IN;1985;p99p100;400583.40625;;;0.1007206813;0.1007206813
;US-IN;1985;p99.9p100;1369328.5;;;0.0344297104;0.0344297104
;US-IN;1985;p99.99p100;4494109.5;;;0.0112997638;0.0112997638
;US-IN;1985;p90p100;;;;0.3504489064;0.3504489064
;US-IN;1985;p90p91;139379.53125;;;;
;US-IN;1985;p95p96;184376.25;;;;
;US-IN;1985;p95p100;;;;0.231793195;0.231793195
;US-IN;1985;p99.5p100;569157.0;;;0.0715529844;0.0715529844
;US-IN;1984;p0p100;38613.5585938;;94664523776.0;;
;US-IN;1984;p99p100;403306.0;;;0.1044467315;0.1044467315
;US-IN;1984;p99.9p100;1479375.375;;;0.0383123308;0.0383123308
;US-IN;1984;p99.99p100;5839414.5;;;0.0151227061;0.0151227061
;US-IN;1984;p90p100;;;;0.3398499787;0.3398499787
;US-IN;1984;p90p91;131228.171875;;;;
;US-IN;1984;p95p96;176805.546875;;;;
;US-IN;1984;p95p100;;;;0.2289423048;0.2289423048
;US-IN;1984;p99.5p100;571419.5625;;;0.0739920884;0.0739920884
;US-IN;1983;p0p100;37115.1757812;;89455009792.0;;
;US-IN;1983;p99p100;411008.21875;;;0.1107385829;0.1107385829
;US-IN;1983;p99.9p100;1557423.25;;;0.0419618972;0.0419618972
;US-IN;1983;p99.99p100;6338667.5;;;0.0170783717;0.0170783717
;US-IN;1983;p90p100;;;;0.3338071406;0.3338071406
;US-IN;1983;p90p91;123893.101562;;;;
;US-IN;1983;p95p96;170765.140625;;;;
;US-IN;1983;p95p100;;;;0.2300475687;0.2300475687
;US-IN;1983;p99.5p100;580517.1875;;;0.0782048181;0.0782048181
;US-IN;1982;p0p100;38152.1015625;;91051466752.0;;
;US-IN;1982;p99p100;369993.25;;;0.0969784707;0.0969784707
;US-IN;1982;p99.9p100;1431118.5;;;0.0375108719;0.0375108719
;US-IN;1982;p99.99p100;5942050.0;;;0.0155746341;0.0155746341
;US-IN;1982;p90p100;;;;0.3272303641;0.3272303641
;US-IN;1982;p90p91;124845.265625;;;;
;US-IN;1982;p95p96;167747.265625;;;;
;US-IN;1982;p95p100;;;;0.2198401541;0.2198401541
;US-IN;1982;p99.5p100;545955.0625;;;0.071549803;0.071549803
;US-IN;1981;p0p100;39267.75;;94815903744.0;;
;US-IN;1981;p99p100;328607.125;;;0.0836837217;0.0836837217
;US-IN;1981;p99.9p100;996180.5625;;;0.0253689233;0.0253689233
;US-IN;1981;p99.99p100;3245080.0;;;0.0082639819;0.0082639819
;US-IN;1981;p90p100;;;;0.3351825774;0.3351825774
;US-IN;1981;p90p91;131618.65625;;;;
;US-IN;1981;p95p96;162207.1875;;;;
;US-IN;1981;p95p100;;;;0.2065399587;0.2065399587
;US-IN;1981;p99.5p100;455348.65625;;;0.0579799786;0.0579799786
;US-IN;1980;p0p100;40180.6875;;96146374656.0;;
;US-IN;1980;p99p100;343343.46875;;;0.0854498744;0.0854498744
;US-IN;1980;p99.9p100;1023192.375;;;0.0254647788;0.0254647788
;US-IN;1980;p99.99p100;3233383.5;;;0.0080471076;0.0080471076
;US-IN;1980;p90p100;;;;0.3334482908;0.3334482908
;US-IN;1980;p90p91;133981.828125;;;;
;US-IN;1980;p95p96;168480.59375;;;;
;US-IN;1980;p95p100;;;;0.2096537054;0.2096537054
;US-IN;1980;p99.5p100;469094.375;;;0.0583731122;0.0583731122
;US-IN;1979;p0p100;42502.71875;;99962544128.0;;
;US-IN;1979;p99p100;368980.59375;;;0.0868134201;0.0868134201
;US-IN;1979;p99.9p100;1096562.625;;;0.0257998258;0.0257998258
;US-IN;1979;p99.99p100;3492333.5;;;0.0082167303;0.0082167303
;US-IN;1979;p90p100;;;;0.3226337433;0.3226337433
;US-IN;1979;p90p91;137128.09375;;;;
;US-IN;1979;p95p96;174436.625;;;;
;US-IN;1979;p95p100;;;;0.2052064538;0.2052064538
;US-IN;1979;p99.5p100;507813.96875;;;0.0597390011;0.0597390011
;US-IN;1978;p0p100;41917.8515625;;97340047360.0;;
;US-IN;1978;p99p100;342738.65625;;;0.0817643628;0.0817643628
;US-IN;1978;p99.9p100;915487.125;;;0.0218400285;0.0218400285
;US-IN;1978;p99.99p100;2580378.5;;;0.0061557987;0.0061557987
;US-IN;1978;p90p100;;;;0.3218698204;0.3218698204
;US-IN;1978;p90p91;134920.921875;;;;
;US-IN;1978;p95p96;169398.328125;;;;
;US-IN;1978;p95p100;;;;0.2020598799;0.2020598799
;US-IN;1978;p99.5p100;467955.53125;;;0.0558181629;0.0558181629
;US-IN;1977;p0p100;41148.2734375;;93888479232.0;;
;US-IN;1977;p99p100;333490.15625;;;0.0810459629;0.0810459629
;US-IN;1977;p99.9p100;918179.3125;;;0.0223139208;0.0223139208
;US-IN;1977;p99.99p100;2607346.0;;;0.0063364655;0.0063364655
;US-IN;1977;p90p100;;;;0.3196772635;0.3196772635
;US-IN;1977;p90p91;131541.671875;;;;
;US-IN;1977;p95p96;168978.15625;;;;
;US-IN;1977;p95p100;;;;0.2053283602;0.2053283602
;US-IN;1977;p99.5p100;460384.125;;;0.0559420958;0.0559420958
;US-IN;1976;p0p100;40335.703125;;90486874112.0;;
;US-IN;1976;p99p100;329401.84375;;;0.0816650763;0.0816650763
;US-IN;1976;p99.9p100;863046.25;;;0.0213965829;0.0213965829
;US-IN;1976;p99.99p100;2563269.5;;;0.0063548395;0.0063548395
;US-IN;1976;p90p100;;;;0.3164753914;0.3164753914
;US-IN;1976;p90p91;127652.570312;;;;
;US-IN;1976;p95p96;165160.65625;;;;
;US-IN;1976;p95p100;;;;0.204732582;0.204732582
;US-IN;1976;p99.5p100;446507.0625;;;0.0553488582;0.0553488582
;US-IN;1975;p0p100;38199.4726562;;84307222528.0;;
;US-IN;1975;p99p100;321199.78125;;;0.0840848833;0.0840848833
;US-IN;1975;p99.9p100;876832.6875;;;0.0229540542;0.0229540542
;US-IN;1975;p99.99p100;2601955.75;;;0.0068114977;0.0068114977
;US-IN;1975;p90p100;;;;0.3234028816;0.3234028816
;US-IN;1975;p90p91;123538.1875;;;;
;US-IN;1975;p95p96;159395.296875;;;;
;US-IN;1975;p95p100;;;;0.2086354643;0.2086354643
;US-IN;1975;p99.5p100;440085.625;;;0.0576036312;0.0576036312
;US-IN;1974;p0p100;40727.6289062;;88406712320.0;;
;US-IN;1974;p99p100;331964.125;;;0.0815083459;0.0815083459
;US-IN;1974;p99.9p100;919797.75;;;0.0225841254;0.0225841254
;US-IN;1974;p99.99p100;2753424.0;;;0.0067605809;0.0067605809
;US-IN;1974;p90p100;;;;0.3214198351;0.3214198351
;US-IN;1974;p90p91;130906.65625;;;;
;US-IN;1974;p95p96;169878.765625;;;;
;US-IN;1974;p95p100;;;;0.2085547298;0.2085547298
;US-IN;1974;p99.5p100;448583.6875;;;0.0550711825;0.0550711825
;US-IN;1973;p0p100;42646.2773438;;91119697920.0;;
;US-IN;1973;p99p100;345585.78125;;;0.0810353905;0.0810353905
;US-IN;1973;p99.9p100;982930.875;;;0.0230484549;0.0230484549
;US-IN;1973;p99.99p100;2717391.25;;;0.0063719307;0.0063719307
;US-IN;1973;p90p100;;;;0.3084182441;0.3084182441
;US-IN;1973;p90p91;131528.90625;;;;
;US-IN;1973;p95p96;171374.1875;;;;
;US-IN;1973;p95p100;;;;0.2009251416;0.2009251416
;US-IN;1973;p99.5p100;479111.90625;;;0.0561727695;0.0561727695
;US-IN;1972;p0p100;40300.453125;;84728676352.0;;
;US-IN;1972;p99p100;357510.28125;;;0.0887112096;0.0887112096
;US-IN;1972;p99.9p100;1107542.875;;;0.0274821389;0.0274821389
;US-IN;1972;p99.99p100;3899785.5;;;0.0096767768;0.0096767768
;US-IN;1972;p90p100;;;;0.3213435411;0.3213435411
;US-IN;1972;p90p91;129502.929688;;;;
;US-IN;1972;p95p96;170572.59375;;;;
;US-IN;1972;p95p100;;;;0.2116261125;0.2116261125
;US-IN;1972;p99.5p100;498001.40625;;;0.0617860667;0.0617860667
;US-IN;1971;p0p100;38762.7382812;;80102981632.0;;
;US-IN;1971;p99p100;330441.90625;;;0.0852473006;0.0852473006
;US-IN;1971;p99.9p100;965759.75;;;0.0249146409;0.0249146409
;US-IN;1971;p99.99p100;3307814.0;;;0.008533488;0.008533488
;US-IN;1971;p90p100;;;;0.3177514374;0.3177514374
;US-IN;1971;p90p91;123169.164062;;;;
;US-IN;1971;p95p96;161337.328125;;;;
;US-IN;1971;p95p100;;;;0.208108753;0.208108753
;US-IN;1971;p99.5p100;453764.28125;;;0.0585309863;0.0585309863
;US-IN;1970;p0p100;38203.3828125;;77453041664.0;;
;US-IN;1970;p99p100;314635.0625;;;0.0823579058;0.0823579058
;US-IN;1970;p99.9p100;910676.0625;;;0.0238375757;0.0238375757
;US-IN;1970;p99.99p100;3062432.0;;;0.0080161272;0.0080161272
;US-IN;1970;p90p100;;;;0.3101790547;0.3101790547
;US-IN;1970;p90p91;118498.890625;;;;
;US-IN;1970;p95p96;153837.96875;;;;
;US-IN;1970;p95p100;;;;0.2013407648;0.2013407648
;US-IN;1970;p99.5p100;431173.46875;;;0.056431327;0.056431327
;US-IN;1969;p0p100;39907.3398438;;80035102720.0;;
;US-IN;1969;p99p100;354975.625;;;0.0889499709;0.0889499709
;US-IN;1969;p99.9p100;1147063.375;;;0.0287431702;0.0287431702
;US-IN;1969;p99.99p100;4487948.0;;;0.0112459222;0.0112459222
;US-IN;1969;p90p100;;;;0.3137156665;0.3137156665
;US-IN;1969;p90p91;125195.5625;;;;
;US-IN;1969;p95p96;164057.65625;;;;
;US-IN;1969;p95p100;;;;0.2055482417;0.2055482417
;US-IN;1969;p99.5p100;499187.3125;;;0.0625433028;0.0625433028
;US-IN;1968;p0p100;39343.6914062;;78197530624.0;;
;US-IN;1968;p99p100;376144.5625;;;0.0956048071;0.0956048071
;US-IN;1968;p99.9p100;1199699.5;;;0.0304928049;0.0304928049
;US-IN;1968;p99.99p100;4506347.0;;;0.011453798;0.011453798
;US-IN;1968;p90p100;;;;0.3181179166;0.3181179166
;US-IN;1968;p90p91;125159.335938;;;;
;US-IN;1968;p95p96;168135.046875;;;;
;US-IN;1968;p95p100;;;;0.2136747092;0.2136747092
;US-IN;1968;p99.5p100;532494.0;;;0.0676720962;0.0676720962
;US-IN;1967;p0p100;37945.8554688;;74724540416.0;;
;US-IN;1967;p99p100;353021.53125;;;0.0930329636;0.0930329636
;US-IN;1967;p99.9p100;1052626.375;;;0.0277402196;0.0277402196
;US-IN;1967;p99.99p100;3748954.0;;;0.0098797465;0.0098797465
;US-IN;1967;p90p100;;;;0.313934356;0.313934356
;US-IN;1967;p90p91;119125.070312;;;;
;US-IN;1967;p95p96;160646.390625;;;;
;US-IN;1967;p95p100;;;;0.2116784304;0.2116784304
;US-IN;1967;p99.5p100;485028.15625;;;0.0639105588;0.0639105588
;US-IN;1966;p0p100;37226.6757812;;72564662272.0;;
;US-IN;1966;p99p100;329630.4375;;;0.0885468423;0.0885468423
;US-IN;1966;p99.9p100;899262.8125;;;0.0241564121;0.0241564121
;US-IN;1966;p99.99p100;2908124.0;;;0.0078119361;0.0078119361
;US-IN;1966;p90p100;;;;0.3057633042;0.3057633042
;US-IN;1966;p90p91;113825.5;;;;
;US-IN;1966;p95p96;152190.921875;;;;
;US-IN;1966;p95p100;;;;0.2044111341;0.2044111341
;US-IN;1966;p99.5p100;444875.59375;;;0.0597522631;0.0597522631
;US-IN;1965;p0p100;35865.8125;;69154234368.0;;
;US-IN;1965;p99p100;329082.125;;;0.0917537063;0.0917537063
;US-IN;1965;p99.9p100;941889.5;;;0.0262614861;0.0262614861
;US-IN;1965;p99.99p100;3607937.0;;;0.0100595439;0.0100595439
;US-IN;1965;p90p100;;;;0.3173913062;0.3173913062
;US-IN;1965;p90p91;113834.96875;;;;
;US-IN;1965;p95p96;151242.859375;;;;
;US-IN;1965;p95p100;;;;0.2108454406;0.2108454406
;US-IN;1965;p99.5p100;451751.78125;;;0.0629780442;0.0629780442
;US-IN;1964;p0p100;33299.25;;63446790144.0;;
;US-IN;1964;p99p100;302918.84375;;;0.0909686536;0.0909686536
;US-IN;1964;p99.9p100;905469.75;;;0.0271918923;0.0271918923
;US-IN;1964;p99.99p100;4048600.5;;;0.0121582327;0.0121582327
;US-IN;1964;p90p100;;;;0.3189499974;0.3189499974
;US-IN;1964;p90p91;106207.96875;;;;
;US-IN;1964;p95p96;139387.75;;;;
;US-IN;1964;p95p100;;;;0.2092956007;0.2092956007
;US-IN;1964;p99.5p100;423763.15625;;;0.0636295304;0.0636295304
;US-IN;1963;p0p100;31808.8535156;;59805478912.0;;
;US-IN;1963;p99p100;265078.625;;;0.0833348483;0.0833348483
;US-IN;1963;p99.9p100;769158.625;;;0.024180647;0.024180647
;US-IN;1963;p99.99p100;2353361.25;;;0.007398447;0.007398447
;US-IN;1963;p90p100;;;;0.3118742406;0.3118742406
;US-IN;1963;p90p91;99203.6171875;;;;
;US-IN;1963;p95p96;129656.132812;;;;
;US-IN;1963;p95p100;;;;0.203805089;0.203805089
;US-IN;1963;p99.5p100;366656.5625;;;0.0576343574;0.0576343574
;US-IN;1962;p0p100;30776.2714844;;57067954176.0;;
;US-IN;1962;p99p100;257371.859375;;;0.0836267099;0.0836267099
;US-IN;1962;p99.9p100;789816.1875;;;0.0256631505;0.0256631505
;US-IN;1962;p99.99p100;2658198.5;;;0.0086371675;0.0086371675
;US-IN;1962;p90p100;;;;0.3123354614;0.3123354614
;US-IN;1962;p90p91;96125.21875;;;;
;US-IN;1962;p95p96;125846.34375;;;;
;US-IN;1962;p95p100;;;;0.2044534832;0.2044534832
;US-IN;1962;p99.5p100;360525.3125;;;0.0585719533;0.0585719533
;US-IN;1961;p0p100;29824.5078125;;54486523904.0;;
;US-IN;1961;p99p100;258418.09375;;;0.0866462216;0.0866462216
;US-IN;1961;p99.9p100;770562.625;;;0.0258365571;0.0258365571
;US-IN;1961;p99.99p100;2503778.0;;;0.0083950358;0.0083950358
;US-IN;1961;p90p100;;;;0.3125796616;0.3125796616
;US-IN;1961;p90p91;93225.3515625;;;;
;US-IN;1961;p95p96;122428.085938;;;;
;US-IN;1961;p95p100;;;;0.2052474618;0.2052474618
;US-IN;1961;p99.5p100;364750.9375;;;0.0611495301;0.0611495301
;US-IN;1960;p0p100;29450.578125;;52943208448.0;;
;US-IN;1960;p99p100;247782.1875;;;0.0841349214;0.0841349214
;US-IN;1960;p99.9p100;755320.5;;;0.0256470535;0.0256470535
;US-IN;1960;p99.99p100;2400139.0;;;0.0081497179;0.0081497179
;US-IN;1960;p90p100;;;;0.3099443018;0.3099443018
;US-IN;1960;p90p91;91280.3828125;;;;
;US-IN;1960;p95p96;119564.03125;;;;
;US-IN;1960;p95p100;;;;0.202990979;0.202990979
;US-IN;1960;p99.5p100;346167.78125;;;0.0587709621;0.0587709621
;US-IN;1959;p0p100;28887.4316406;;51754680320.0;;
;US-IN;1959;p99p100;250052.859375;;;0.086561121;0.086561121
;US-IN;1959;p99.9p100;752462.3125;;;0.0260480847;0.0260480847
;US-IN;1959;p99.99p100;2308876.75;;;0.0079926681;0.0079926681
;US-IN;1959;p90p100;;;;0.3118537962;0.3118537962
;US-IN;1959;p90p91;90086.5546875;;;;
;US-IN;1959;p95p96;119134.65625;;;;
;US-IN;1959;p95p100;;;;0.2062049955;0.2062049955
;US-IN;1959;p99.5p100;352165.65625;;;0.0609548204;0.0609548204
;US-IN;1958;p0p100;27000.4746094;;48156938240.0;;
;US-IN;1958;p99p100;230360.671875;;;0.085317269;0.085317269
;US-IN;1958;p99.9p100;684764.0;;;0.025361184;0.025361184
;US-IN;1958;p99.99p100;2135828.5;;;0.0079103373;0.0079103373
;US-IN;1958;p90p100;;;;0.3108224571;0.3108224571
;US-IN;1958;p90p91;83923.5390625;;;;
;US-IN;1958;p95p96;110192.851562;;;;
;US-IN;1958;p95p100;;;;0.2040572762;0.2040572762
;US-IN;1958;p99.5p100;321348.5625;;;0.0595079511;0.0595079511
;US-IN;1957;p0p100;28268.1054688;;50180247552.0;;
;US-IN;1957;p99p100;246886.84375;;;0.0873375908;0.0873375908
;US-IN;1957;p99.9p100;701962.1875;;;0.0248323027;0.0248323027
;US-IN;1957;p99.99p100;2015978.875;;;0.0071316371;0.0071316371
;US-IN;1957;p90p100;;;;0.3081426024;0.3081426024
;US-IN;1957;p90p91;87106.078125;;;;
;US-IN;1957;p95p96;115077.28125;;;;
;US-IN;1957;p95p100;;;;0.2035461366;0.2035461366
;US-IN;1957;p99.5p100;346434.65625;;;0.061276596;0.061276596
;US-IN;1956;p0p100;28931.1933594;;51033776128.0;;
;US-IN;1956;p99p100;259664.390625;;;0.0897523835;0.0897523835
;US-IN;1956;p99.9p100;810750.625;;;0.028023405;0.028023405
;US-IN;1956;p99.99p100;2421288.75;;;0.0083691282;0.0083691282
;US-IN;1956;p90p100;;;;0.2990216613;0.2990216613
;US-IN;1956;p90p91;86510.5390625;;;;
;US-IN;1956;p95p96;116780.96875;;;;
;US-IN;1956;p95p100;;;;0.2018253505;0.2018253505
;US-IN;1956;p99.5p100;372060.1875;;;0.0643008649;0.0643008649
;US-IN;1955;p0p100;28067.3730469;;49203142656.0;;
;US-IN;1955;p99p100;245666.671875;;;0.0875274912;0.0875274912
;US-IN;1955;p99.9p100;722797.75;;;0.0257522389;0.0257522389
;US-IN;1955;p99.99p100;2184748.25;;;0.0077839424;0.0077839424
;US-IN;1955;p90p100;;;;0.3023880124;0.3023880124
;US-IN;1955;p90p91;84872.375;;;;
;US-IN;1955;p95p96;113689.898438;;;;
;US-IN;1955;p95p100;;;;0.2025303394;0.2025303394
;US-IN;1955;p99.5p100;342769.8125;;;0.0610619672;0.0610619672
;US-IN;1954;p0p100;26184.703125;;45612204032.0;;
;US-IN;1954;p99p100;227982.6875;;;0.0870671272;0.0870671272
;US-IN;1954;p99.9p100;666852.8125;;;0.0254672635;0.0254672635
;US-IN;1954;p99.99p100;1854258.625;;;0.0070814569;0.0070814569
;US-IN;1954;p90p100;;;;0.2940723002;0.2940723002
;US-IN;1954;p90p91;77001.96875;;;;
;US-IN;1954;p95p96;104292.03125;;;;
;US-IN;1954;p95p100;;;;0.1991468519;0.1991468519
;US-IN;1954;p99.5p100;316374.125;;;0.0604120158;0.0604120158
;US-IN;1953;p0p100;27828.6347656;;48162484224.0;;
;US-IN;1953;p99p100;220079.453125;;;0.0790838152;0.0790838152
;US-IN;1953;p99.9p100;610395.0625;;;0.0219340641;0.0219340641
;US-IN;1953;p99.99p100;1582607.875;;;0.0056869765;0.0056869765
;US-IN;1953;p90p100;;;;0.2793989182;0.2793989182
;US-IN;1953;p90p91;77752.90625;;;;
;US-IN;1953;p95p96;103442.03125;;;;
;US-IN;1953;p95p100;;;;0.1858553886;0.1858553886
;US-IN;1953;p99.5p100;304027.46875;;;0.0546249375;0.0546249375
;US-IN;1952;p0p100;25926.75;;44616978432.0;;
;US-IN;1952;p99p100;218001.78125;;;0.0840837285;0.0840837285
;US-IN;1952;p99.9p100;639086.0;;;0.0246496778;0.0246496778
;US-IN;1952;p99.99p100;1802459.5;;;0.0069521228;0.0069521228
;US-IN;1952;p90p100;;;;0.2981414795;0.2981414795
;US-IN;1952;p90p91;77298.390625;;;;
;US-IN;1952;p95p96;102674.992188;;;;
;US-IN;1952;p95p100;;;;0.1980097741;0.1980097741
;US-IN;1952;p99.5p100;303536.34375;;;0.058537297;0.058537297
;US-IN;1951;p0p100;25647.9394531;;43853758464.0;;
;US-IN;1951;p99p100;237868.46875;;;0.0927436948;0.0927436948
;US-IN;1951;p99.9p100;749052.3125;;;0.0292051658;0.0292051658
;US-IN;1951;p99.99p100;2342185.25;;;0.0091320612;0.0091320612
;US-IN;1951;p90p100;;;;0.3021651804;0.3021651804
;US-IN;1951;p90p91;77499.1328125;;;;
;US-IN;1951;p95p96;103134.671875;;;;
;US-IN;1951;p95p100;;;;0.2010584176;0.2010584176
;US-IN;1951;p99.5p100;342420.28125;;;0.0667539537;0.0667539537
;US-IN;1950;p0p100;24070.09375;;40889470976.0;;
;US-IN;1950;p99p100;243626.25;;;0.1012153253;0.1012153253
;US-IN;1950;p99.9p100;785174.6875;;;0.0326203443;0.0326203443
;US-IN;1950;p99.99p100;1989529.375;;;0.0082655651;0.0082655651
;US-IN;1950;p90p100;;;;0.3124099076;0.3124099076
;US-IN;1950;p90p91;75197.359375;;;;
;US-IN;1950;p95p96;101594.210938;;;;
;US-IN;1950;p95p100;;;;0.2110382318;0.2110382318
;US-IN;1950;p99.5p100;351030.6875;;;0.07291843;0.07291843
;US-IN;1949;p0p100;21548.6054688;;36127490048.0;;
;US-IN;1949;p99p100;212122.234375;;;0.0984389707;0.0984389707
;US-IN;1949;p99.9p100;625977.6875;;;0.0290495716;0.0290495716
;US-IN;1949;p99.99p100;1722783.75;;;0.0079948744;0.0079948744
;US-IN;1949;p90p100;;;;0.325106889;0.325106889
;US-IN;1949;p90p91;70055.9921875;;;;
;US-IN;1949;p95p96;95658.359375;;;;
;US-IN;1949;p95p100;;;;0.2219595313;0.2219595313
;US-IN;1949;p99.5p100;296372.5625;;;0.0687683895;0.0687683895
;US-IN;1948;p0p100;22878.0058594;;37966577664.0;;
;US-IN;1948;p99p100;221917.484375;;;0.0970003679;0.0970003679
;US-IN;1948;p99.9p100;682810.75;;;0.0298457313;0.0298457313
;US-IN;1948;p99.99p100;1918008.25;;;0.0083836345;0.0083836345
;US-IN;1948;p90p100;;;;0.3102984428;0.3102984428
;US-IN;1948;p90p91;70990.09375;;;;
;US-IN;1948;p95p96;96252.3671875;;;;
;US-IN;1948;p95p100;;;;0.2103600651;0.2103600651
;US-IN;1948;p99.5p100;315564.375;;;0.0689667612;0.0689667612
;US-IN;1947;p0p100;21352.7363281;;35069558784.0;;
;US-IN;1947;p99p100;216175.96875;;;0.101240404;0.101240404
;US-IN;1947;p99.9p100;670887.4375;;;0.0314192735;0.0314192735
;US-IN;1947;p99.99p100;2086036.625;;;0.0097694118;0.0097694118
;US-IN;1947;p90p100;;;;0.3171080053;0.3171080053
;US-IN;1947;p90p91;67711.234375;;;;
;US-IN;1947;p95p96;93712.6328125;;;;
;US-IN;1947;p95p100;;;;0.2194394171;0.2194394171
;US-IN;1947;p99.5p100;307097.96875;;;0.0719106942;0.0719106942
;US-IN;1946;p0p100;20986.1015625;;34038112256.0;;
;US-IN;1946;p99p100;234979.953125;;;0.111969322;0.111969322
;US-IN;1946;p99.9p100;745152.25;;;0.0355069377;0.0355069377
;US-IN;1946;p99.99p100;2356098.25;;;0.0112269456;0.0112269456
;US-IN;1946;p90p100;;;;0.341994822;0.341994822
;US-IN;1946;p90p91;71771.3828125;;;;
;US-IN;1946;p95p96;100713.875;;;;
;US-IN;1946;p95p100;;;;0.2399537563;0.2399537563
;US-IN;1946;p99.5p100;336758.15625;;;0.0802336112;0.0802336112
;US-IN;1945;p0p100;21898.7148438;;35378388992.0;;
;US-IN;1945;p99p100;224508.125;;;0.1025211513;0.1025211513
;US-IN;1945;p99.9p100;730307.3125;;;0.0333493203;0.0333493203
;US-IN;1945;p99.99p100;2247544.5;;;0.010263362;0.010263362
;US-IN;1945;p90p100;;;;0.3157635033;0.3157635033
;US-IN;1945;p90p91;69148.1484375;;;;
;US-IN;1945;p95p96;94969.390625;;;;
;US-IN;1945;p95p100;;;;0.2168378383;0.2168378383
;US-IN;1945;p99.5p100;324603.8125;;;0.074114807;0.074114807
;US-IN;1944;p0p100;21723.203125;;34927902720.0;;
;US-IN;1944;p99p100;261968.609375;;;0.1205939278;0.1205939278
;US-IN;1944;p99.9p100;861739.25;;;0.0396690741;0.0396690741
;US-IN;1944;p99.99p100;2573850.0;;;0.011848392;0.011848392
;US-IN;1944;p90p100;;;;0.3486373723;0.3486373723
;US-IN;1944;p90p91;75735.1953125;;;;
;US-IN;1944;p95p96;106018.515625;;;;
;US-IN;1944;p95p100;;;;0.2440213859;0.2440213859
;US-IN;1944;p99.5p100;382669.71875;;;0.0880785808;0.0880785808
;US-IN;1943;p0p100;22576.7558594;;36082475008.0;;
;US-IN;1943;p99p100;223569.671875;;;0.0990264788;0.0990264788
;US-IN;1943;p99.9p100;760407.875;;;0.033681009;0.033681009
;US-IN;1943;p99.99p100;2141656.5;;;0.0094861137;0.0094861137
;US-IN;1943;p90p100;;;;0.3103956282;0.3103956282
;US-IN;1943;p90p91;70077.2578125;;;;
;US-IN;1943;p95p96;94936.5234375;;;;
;US-IN;1943;p95p100;;;;0.2102528065;0.2102528065
;US-IN;1943;p99.5p100;329990.3125;;;0.0730818734;0.0730818734
;US-IN;1942;p0p100;19066.9980469;;30230218752.0;;
;US-IN;1942;p99p100;213939.46875;;;0.11220406;0.11220406
;US-IN;1942;p99.9p100;751541.0625;;;0.0394158028;0.0394158028
;US-IN;1942;p99.99p100;2377597.25;;;0.0124696996;0.0124696996
;US-IN;1942;p90p100;;;;0.3365779817;0.3365779817
;US-IN;1942;p90p91;64175.3125;;;;
;US-IN;1942;p95p96;88008.34375;;;;
;US-IN;1942;p95p100;;;;0.2307870984;0.2307870984
;US-IN;1942;p99.5p100;317937.53125;;;0.0833737776;0.0833737776
;US-IN;1941;p0p100;16200.2939453;;25551560704.0;;
;US-IN;1941;p99p100;212580.515625;;;0.1312201619;0.1312201619
;US-IN;1941;p99.9p100;748792.5;;;0.046220921;0.046220921
;US-IN;1941;p99.99p100;2355006.5;;;0.0145368129;0.0145368129
;US-IN;1941;p90p100;;;;0.3810331523;0.3810331523
;US-IN;1941;p90p91;61728.4882812;;;;
;US-IN;1941;p95p96;85057.046875;;;;
;US-IN;1941;p95p100;;;;0.2625169754;0.2625169754
;US-IN;1941;p99.5p100;316345.71875;;;0.0976357907;0.0976357907
;US-IN;1940;p0p100;12872.2646484;;20217847808.0;;
;US-IN;1940;p99p100;187446.046875;;;0.1456201077;0.1456201077
;US-IN;1940;p99.9p100;654316.875;;;0.0508315228;0.0508315228
;US-IN;1940;p99.99p100;1994019.125;;;0.0154908188;0.0154908188
;US-IN;1940;p90p100;;;;0.438170135;0.438170135
;US-IN;1940;p90p91;56402.4179688;;;;
;US-IN;1940;p95p96;77187.015625;;;;
;US-IN;1940;p95p100;;;;0.299819082;0.299819082
;US-IN;1940;p99.5p100;277697.125;;;0.1078664586;0.1078664586
;US-IN;1939;p0p100;12267.2128906;;18996359168.0;;
;US-IN;1939;p99p100;174097.34375;;;0.1419208646;0.1419208646
;US-IN;1939;p99.9p100;617307.25;;;0.0503217243;0.0503217243
;US-IN;1939;p99.99p100;1999460.25;;;0.0162992217;0.0162992217
;US-IN;1939;p90p100;;;;0.4033747613;0.4033747613
;US-IN;1939;p90p91;49482.8359375;;;;
;US-IN;1939;p95p96;73269.2578125;;;;
;US-IN;1939;p95p100;;;;0.2986385822;0.2986385822
;US-IN;1939;p99.5p100;257634.734375;;;0.1050094888;0.1050094888
;US-IN;1938;p0p100;11092.5683594;;16959347712.0;;
;US-IN;1938;p99p100;152700.078125;;;0.1376598179;0.1376598179
;US-IN;1938;p99.9p100;534247.1875;;;0.0481626242;0.0481626242
;US-IN;1938;p99.99p100;1760175.75;;;0.015868064;0.015868064
;US-IN;1938;p90p100;;;;0.3910830021;0.3910830021
;US-IN;1938;p90p91;43381.1445312;;;;
;US-IN;1938;p95p96;63925.9296875;;;;
;US-IN;1938;p95p100;;;;0.2881475687;0.2881475687
;US-IN;1938;p99.5p100;225830.03125;;;0.1017933935;0.1017933935
;US-IN;1937;p0p100;12870.7490234;;19435986944.0;;
;US-IN;1937;p99p100;175421.796875;;;0.1362949461;0.1362949461
;US-IN;1937;p99.9p100;628439.3125;;;0.0488269478;0.0488269478
;US-IN;1937;p99.99p100;1953329.75;;;0.0151765049;0.0151765049
;US-IN;1937;p90p100;;;;0.3671748042;0.3671748042
;US-IN;1937;p90p91;47258.1445312;;;;
;US-IN;1937;p95p96;70162.1640625;;;;
;US-IN;1937;p95p100;;;;0.272564441;0.272564441
;US-IN;1937;p99.5p100;262753.0;;;0.1020737067;0.1020737067
;US-IN;1936;p0p100;11801.4521484;;17633165312.0;;
;US-IN;1936;p99p100;182388.59375;;;0.154547587;0.154547587
;US-IN;1936;p99.9p100;693591.3125;;;0.0587716922;0.0587716922
;US-IN;1936;p99.99p100;2592131.25;;;0.0219645109;0.0219645109
;US-IN;1936;p90p100;;;;0.3849586546;0.3849586546
;US-IN;1936;p90p91;45430.7070312;;;;
;US-IN;1936;p95p96;68286.3515625;;;;
;US-IN;1936;p95p100;;;;0.2893133461;0.2893133461
;US-IN;1936;p99.5p100;277858.09375;;;0.1177219972;0.1177219972
;US-IN;1935;p0p100;10487.6220703;;15500935168.0;;
;US-IN;1935;p99p100;139833.015625;;;0.1333314776;0.1333314776
;US-IN;1935;p99.9p100;509299.8125;;;0.0485619865;0.0485619865
;US-IN;1935;p99.99p100;1841467.375;;;0.0175584834;0.0175584834
;US-IN;1935;p90p100;;;;0.3657069206;0.3657069206
;US-IN;1935;p90p91;38353.9648438;;;;
;US-IN;1935;p95p96;55933.5507812;;;;
;US-IN;1935;p95p100;;;;0.2666645944;0.2666645944
;US-IN;1935;p99.5p100;207176.484375;;;0.0987718999;0.0987718999
;US-IN;1934;p0p100;9063.97460938;;13244384256.0;;
;US-IN;1934;p99p100;123945.289062;;;0.1367449611;0.1367449611
;US-IN;1934;p99.9p100;449568.03125;;;0.0495994315;0.0495994315
;US-IN;1934;p99.99p100;1726847.75;;;0.0190517697;0.0190517697
;US-IN;1934;p90p100;;;;0.3830003738;0.3830003738
;US-IN;1934;p90p91;34715.0625;;;;
;US-IN;1934;p95p96;50721.0625;;;;
;US-IN;1934;p95p100;;;;0.2797947824;0.2797947824
;US-IN;1934;p99.5p100;182094.046875;;;0.1004493237;0.1004493237
;US-IN;1933;p0p100;7817.17822266;;11299826688.0;;
;US-IN;1933;p99p100;106234.835938;;;0.1358992159;0.1358992159
;US-IN;1933;p99.9p100;371274.125;;;0.0474946462;0.0474946462
;US-IN;1933;p99.99p100;1375074.625;;;0.0175904222;0.0175904222
;US-IN;1933;p90p100;;;;0.3990920484;0.3990920484
;US-IN;1933;p90p91;31197.7363281;;;;
;US-IN;1933;p95p96;44175.6757812;;;;
;US-IN;1933;p95p100;;;;0.2825551331;0.2825551331
;US-IN;1933;p99.5p100;152708.015625;;;0.097674638;0.097674638
;US-IN;1932;p0p100;7903.40625;;11306806272.0;;
;US-IN;1932;p99p100;103882.148438;;;0.1314397156;0.1314397156
;US-IN;1932;p99.9p100;341630.0625;;;0.0432256721;0.0432256721
;US-IN;1932;p99.99p100;1158148.5;;;0.0146537879;0.0146537879
;US-IN;1932;p90p100;;;;0.41142717;0.41142717
;US-IN;1932;p90p91;32516.7617188;;;;
;US-IN;1932;p95p96;44872.1484375;;;;
;US-IN;1932;p95p100;;;;0.283878535;0.283878535
;US-IN;1932;p99.5p100;147055.34375;;;0.0930328891;0.0930328891
;US-IN;1931;p0p100;9996.72167969;;14147112960.0;;
;US-IN;1931;p99p100;128630.71875;;;0.1286728978;0.1286728978
;US-IN;1931;p99.9p100;431625.9375;;;0.0431767441;0.0431767441
;US-IN;1931;p99.99p100;1452751.125;;;0.0145322755;0.0145322755
;US-IN;1931;p90p100;;;;0.3616650701;0.3616650701
;US-IN;1931;p90p91;36154.6523438;;;;
;US-IN;1931;p95p96;50487.7890625;;;;
;US-IN;1931;p95p100;;;;0.2525217235;0.2525217235
;US-IN;1931;p99.5p100;184860.0625;;;0.0924603343;0.0924603343
;US-IN;1930;p0p100;11139.078125;;15572871168.0;;
;US-IN;1930;p99p100;155505.8125;;;0.1396038383;0.1396038383
;US-IN;1930;p99.9p100;580813.625;;;0.0521419831;0.0521419831
;US-IN;1930;p99.99p100;2130245.25;;;0.0191240702;0.0191240702
;US-IN;1930;p90p100;;;;0.3541195095;0.3541195095
;US-IN;1930;p90p91;39445.6484375;;;;
;US-IN;1930;p95p96;58531.7695312;;;;
;US-IN;1930;p95p100;;;;0.2627316415;0.2627316415
;US-IN;1930;p99.5p100;231404.0;;;0.1038703471;0.1038703471
;US-IN;1929;p0p100;13312.9580078;;18506334208.0;;
;US-IN;1929;p99p100;195067.765625;;;0.1465247422;0.1465247422
;US-IN;1929;p99.9p100;807689.125;;;0.0606693998;0.0606693998
;US-IN;1929;p99.99p100;3423575.0;;;0.0257161129;0.0257161129
;US-IN;1929;p90p100;;;;0.3327463567;0.3327463567
;US-IN;1929;p90p91;44298.3828125;;;;
;US-IN;1929;p95p96;69910.1640625;;;;
;US-IN;1929;p95p100;;;;0.2625643611;0.2625643611
;US-IN;1929;p99.5p100;298798.28125;;;0.1122208461;0.1122208461
;US-IN;1928;p0p100;11245.3652344;;15546558464.0;;
;US-IN;1928;p99p100;197421.953125;;;0.1755585372;0.1755585372
;US-IN;1928;p99.9p100;836985.75;;;0.0744294003;0.0744294003
;US-IN;1928;p99.99p100;3383465.25;;;0.0300876442;0.0300876442
;US-IN;1928;p90p100;;;;0.3944405019;0.3944405019
;US-IN;1928;p90p91;44356.2734375;;;;
;US-IN;1928;p95p96;70373.9921875;;;;
;US-IN;1928;p95p100;;;;0.3129022419;0.3129022419
;US-IN;1928;p99.5p100;306227.53125;;;0.1361572444;0.1361572444
;US-IN;1927;p0p100;11304.8662109;;15511701504.0;;
;US-IN;1927;p99p100;185073.734375;;;0.1637115628;0.1637115628
;US-IN;1927;p99.9p100;766138.4375;;;0.0677706748;0.0677706748
;US-IN;1927;p99.99p100;3106916.25;;;0.0274829976;0.0274829976
;US-IN;1927;p90p100;;;;0.3784246445;0.3784246445
;US-IN;1927;p90p91;42780.4023438;;;;
;US-IN;1927;p95p96;66978.375;;;;
;US-IN;1927;p95p100;;;;0.2962369025;0.2962369025
;US-IN;1927;p99.5p100;284879.59375;;;0.1259986609;0.1259986609
;US-IN;1926;p0p100;11561.7236328;;15719219200.0;;
;US-IN;1926;p99p100;189404.28125;;;0.1638201177;0.1638201177
;US-IN;1926;p99.9p100;821914.5625;;;0.0710892752;0.0710892752
;US-IN;1926;p99.99p100;3839400.75;;;0.0332078598;0.0332078598
;US-IN;1926;p90p100;;;;0.3734275699;0.3734275699
;US-IN;1926;p90p91;43174.6601562;;;;
;US-IN;1926;p95p96;67918.09375;;;;
;US-IN;1926;p95p100;;;;0.2937196195;0.2937196195
;US-IN;1926;p99.5p100;293954.09375;;;0.1271238327;0.1271238327
;US-IN;1925;p0p100;10944.5488281;;14748689408.0;;
;US-IN;1925;p99p100;170907.140625;;;0.1561573446;0.1561573446
;US-IN;1925;p99.9p100;683588.3125;;;0.0624592565;0.0624592565
;US-IN;1925;p99.99p100;2617934.75;;;0.0239199903;0.0239199903
;US-IN;1925;p90p100;;;;0.3815680742;0.3815680742
;US-IN;1925;p90p91;41760.9023438;;;;
;US-IN;1925;p95p96;65102.3632812;;;;
;US-IN;1925;p95p100;;;;0.2974191606;0.2974191606
;US-IN;1925;p99.5p100;262937.78125;;;0.1201227158;0.1201227158
;US-IN;1924;p0p100;11774.4267578;;15701478400.0;;
;US-IN;1924;p99p100;148827.921875;;;0.1263992786;0.1263992786
;US-IN;1924;p99.9p100;506956.46875;;;0.0430557206;0.0430557206
;US-IN;1924;p99.99p100;1416441.625;;;0.0120298127;0.0120298127
;US-IN;1924;p90p100;;;;0.3753640354;0.3753640354
;US-IN;1924;p90p91;44196.9609375;;;;
;US-IN;1924;p95p96;62811.578125;;;;
;US-IN;1924;p95p100;;;;0.2667287886;0.2667287886
;US-IN;1924;p99.5p100;219256.234375;;;0.0931069702;0.0931069702
;US-IN;1923;p0p100;13271.8828125;;17439133696.0;;
;US-IN;1923;p99p100;141897.578125;;;0.1069159359;0.1069159359
;US-IN;1923;p99.9p100;485275.15625;;;0.0365641564;0.0365641564
;US-IN;1923;p99.99p100;1401412.375;;;0.010559259;0.010559259
;US-IN;1923;p90p100;;;;0.3448190391;0.3448190391
;US-IN;1923;p90p91;45763.9765625;;;;
;US-IN;1923;p95p96;62081.5351562;;;;
;US-IN;1923;p95p100;;;;0.2338836938;0.2338836938
;US-IN;1923;p99.5p100;209043.609375;;;0.0787543207;0.0787543207
;US-IN;1922;p0p100;11652.3876953;;15116014592.0;;
;US-IN;1922;p99p100;136978.984375;;;0.1175544411;0.1175544411
;US-IN;1922;p99.9p100;462394.75;;;0.0396824069;0.0396824069
;US-IN;1922;p99.99p100;1269354.375;;;0.0108935134;0.0108935134
;US-IN;1922;p90p100;;;;0.3660939038;0.3660939038
;US-IN;1922;p90p91;42658.6796875;;;;
;US-IN;1922;p95p96;59619.6289062;;;;
;US-IN;1922;p95p100;;;;0.2558258176;0.2558258176
;US-IN;1922;p99.5p100;199476.9375;;;0.0855948851;0.0855948851
;US-IN;1921;p0p100;10412.9716797;;13378490368.0;;
;US-IN;1921;p99p100;116838.5625;;;0.1122048199;0.1122048199
;US-IN;1921;p99.9p100;375680.78125;;;0.0360781513;0.0360781513
;US-IN;1921;p99.99p100;988332.625;;;0.0094913598;0.0094913598
;US-IN;1921;p90p100;;;;0.367015332;0.367015332
;US-IN;1921;p90p91;38217.203125;;;;
;US-IN;1921;p95p96;52578.2070312;;;;
;US-IN;1921;p95p100;;;;0.2524649501;0.2524649501
;US-IN;1921;p99.5p100;167854.609375;;;0.0805987939;0.0805987939
;US-IN;1920;p0p100;12714.78125;;16088781824.0;;
;US-IN;1920;p99p100;126238.851562;;;0.0992851257;0.0992851257
;US-IN;1920;p99.9p100;416283.46875;;;0.0327401236;0.0327401236
;US-IN;1920;p99.99p100;1068246.25;;;0.00840161;0.00840161
;US-IN;1920;p90p100;;;;0.3155022562;0.3155022562
;US-IN;1920;p90p91;40115.4140625;;;;
;US-IN;1920;p95p96;54797.46875;;;;
;US-IN;1920;p95p100;;;;0.2154872864;0.2154872864
;US-IN;1920;p99.5p100;184040.328125;;;0.072372593;0.072372593
;US-IN;1919;p0p100;12549.828125;;15662053376.0;;
;US-IN;1919;p99p100;137611.71875;;;0.1096522659;0.1096522659
;US-IN;1919;p99.9p100;466165.375;;;0.0371451601;0.0371451601
;US-IN;1919;p99.99p100;1295954.875;;;0.0103264749;0.0103264749
;US-IN;1919;p90p100;;;;0.3369136155;0.3369136155
;US-IN;1919;p90p91;42282.078125;;;;
;US-IN;1919;p95p96;60504.7226562;;;;
;US-IN;1919;p95p100;;;;0.2410579622;0.2410579622
;US-IN;1919;p99.5p100;200131.078125;;;0.0797345862;0.0797345862
;US-IN;1918;p0p100;12219.2451172;;15127987200.0;;
;US-IN;1918;p99p100;129260.039062;;;0.1057839841;0.1057839841
;US-IN;1918;p99.9p100;433058.28125;;;0.0354406759;0.0354406759
;US-IN;1918;p99.99p100;1256306.25;;;0.0102813737;0.0102813737
;US-IN;1918;p90p100;;;;0.3376359344;0.3376359344
;US-IN;1918;p90p91;41256.5625;;;;
;US-IN;1918;p95p96;59188.59375;;;;
;US-IN;1918;p95p100;;;;0.2421941608;0.2421941608
;US-IN;1918;p99.5p100;184733.75;;;0.0755913183;0.0755913183
;US-IN;1917;p0p100;12132.7216797;;15097637888.0;;
