Variable Name;.;.;.;Fiscal income  | tax unit | Average | Adults | constant 2015 local currency;Fiscal income  | tax unit | Threshold | Adults | constant 2015 local currency;Fiscal income  | tax unit | Total | Adults | constant 2015 local currency;Fiscal income  | tax unit | Share | Adults | share of total (ratio);Pre-tax national income  | tax unit | Share | Adults | share of total (ratio)
Variable Category;.;.;.;Income inequality;Income inequality;Income inequality;Income inequality;Income inequality
Variable Description;.;.;.;Average Fiscal income within a given percentile group. Fiscal income is defined as the sum of all income items reported on income tax returns, before any deduction. It includes labour income, capital income and mixed income. The concept of fiscal income varies with national tax legislations, so in order to make international comparisons it is preferable to use the concept of national income. The population is comprised of individuals over age 20. The base unit is the tax unit defined by national fiscal administrations to measure personal income taxes.;Fiscal income threshold value at a given percentile.  Fiscal income is defined as the sum of all income items reported on income tax returns, before any deduction. It includes labour income, capital income and mixed income. The concept of fiscal income varies with national tax legislations, so in order to make international comparisons it is preferable to use the concept of national income. The population is comprised of individuals over age 20. The base unit is the tax unit defined by national fiscal administrations to measure personal income taxes.;Total Fiscal income  within a given percentile group. Fiscal income is defined as the sum of all income items reported on income tax returns, before any deduction. It includes labour income, capital income and mixed income. The concept of fiscal income varies with national tax legislations, so in order to make international comparisons it is preferable to use the concept of national income. The population is comprised of individuals over age 20.;Fiscal income share held by a given percentile group. Fiscal income is defined as the sum of all income items reported on income tax returns, before any deduction. It includes labour income, capital income and mixed income. The concept of fiscal income varies with national tax legislations, so in order to make international comparisons it is preferable to use the concept of national income. The population is comprised of individuals over age 20. The base unit is the tax unit defined by national fiscal administrations to measure personal income taxes.;Pre-tax national income share held by a given percentile group. Pre-tax national income  is the sum of all pre-tax personal income flows accruing to the owners of the production factors, labor and capital, before taking into account the operation of the tax/transfer system, but after taking into account the operation of pension system. The central difference between personal factor income and pre-tax income is the treatment of pensions, which are counted on a contribution basis by factor income and on a distribution basis by pre-tax income. The population is comprised of individuals over age 20. The base unit is the tax unit defined by national fiscal administrations to measure personal income taxes.
Variable Decomposition;.;.;.;[Fiscal income ]=[Fiscal labour income ]+[Fiscal capital income ];[Fiscal income ]=[Fiscal labour income ]+[Fiscal capital income ];[Fiscal income ]=[Fiscal labour income ]+[Fiscal capital income ];[Fiscal income ]=[Fiscal labour income ]+[Fiscal capital income ];Pre-tax national income =Pre-tax labor income [total pre-tax income ranking]+Pre-tax capital income [total pre-tax income ranking]
Variable Unit;.;.;.;"USD; United States dollar | local currency | market";"USD; United States dollar | local currency | market";"USD; United States dollar | local currency | market";share;share
Methodological Notes;.;.;.;;;;;Assuming the same distribution as fiscal income.
Sources;.;.;.;Frank, Sommeiller, Price & Saez (2015);Frank, Sommeiller, Price & Saez (2015);Frank, Sommeiller, Price & Saez (2015);Frank, Sommeiller, Price & Saez (2015);WID.world computations using: Frank, Sommeiller, Price & Saez (2015)
Variable Code;country;year;perc;afiinc992t;tfiinc992t;mfiinc992t;sfiinc992t;sptinc992t
;US-MT;2014;p0p100;51673.9414062;;27538409472.0;;
;US-MT;2014;p99p100;;326133.53125;;0.1714700162;0.1714700162
;US-MT;2014;p99.9p100;;1352231.25;;0.0755489543;0.0755489543
;US-MT;2014;p99.99p100;;6167268.0;;0.0332600027;0.0332600027
;US-MT;2014;p90p100;;113883.703125;;0.4551174343;0.4551174343
;US-MT;2014;p90p91;238238.28125;;;;
;US-MT;2014;p95p96;345158.96875;;;;
;US-MT;2014;p90p95;131317.59375;113883.703125;;0.1240961999;0.1240961999
;US-MT;2014;p95p99;207461.390625;141655.21875;;0.1594035327;0.1594035327
;US-MT;2014;p99.5p99.9;748893.375;506813.125;;0.0577829815;0.0577829815
;US-MT;2014;p99.9p99.99;2396854.75;1352231.25;;0.0425054953;0.0425054953
;US-MT;2014;p99p99.5;399588.96875;326133.53125;;0.0382064879;0.0382064879
;US-MT;2014;p95p100;;141655.21875;;0.3308165967;0.3308165967
;US-MT;2014;p0p90;30944.5722656;;;0.544745326;0.544745326
;US-MT;2014;p0p99;43145.9101562;;;0.828529954;0.828529954
;US-MT;2014;p99.5p100;;506813.125;;0.1332594156;0.1332594156
;US-MT;2014;p99.5p99.6;1392309.5;;;;
;US-MT;2014;p99.99p99.991;18088050.0;;;;
;US-MT;2014;p99.9p99.91;3965974.25;;;;
;US-MT;2014;p99p99.1;895949.25;;;;
;US-MT;2013;p0p100;51756.8984375;;26692679680.0;;
;US-MT;2013;p99p100;;310667.25;;0.1453179568;0.1453179568
;US-MT;2013;p99.9p100;;1138408.625;;0.0582062677;0.0582062677
;US-MT;2013;p99.99p100;;4829878.0;;0.0243706666;0.0243706666
;US-MT;2013;p90p100;;112084.710938;;0.4189010859;0.4189010859
;US-MT;2013;p90p91;221442.34375;;;;
;US-MT;2013;p95p96;312600.625;;;;
;US-MT;2013;p90p95;130284.078125;112084.710938;;0.1212812588;0.1212812588
;US-MT;2013;p95p99;200068.90625;139123.09375;;0.1518824548;0.1518824548
;US-MT;2013;p99.5p99.9;673478.0;468503.3125;;0.0511867702;0.0511867702
;US-MT;2013;p99.9p99.99;1955745.5;1138408.625;;0.0339172669;0.0339172669
;US-MT;2013;p99p99.5;375219.96875;310667.25;;0.0359503888;0.0359503888
;US-MT;2013;p95p100;;139123.09375;;0.2972695529;0.2972695529
;US-MT;2013;p0p90;32902.9609375;;;0.5814111829;0.5814111829
;US-MT;2013;p0p99;44575.3789062;;;0.8546820283;0.8546820283
;US-MT;2013;p99.5p100;;468503.3125;;0.1094070673;0.1094070673
;US-MT;2013;p99.5p99.6;1150235.0;;;;
;US-MT;2013;p99.99p99.991;12970920.0;;;;
;US-MT;2013;p99.9p99.91;3057263.0;;;;
;US-MT;2013;p99p99.1;762727.5;;;;
;US-MT;2012;p0p100;50574.9921875;;26620319744.0;;
;US-MT;2012;p99p100;946629.5625;;;0.1871734411;0.1871734411
;US-MT;2012;p99.9p100;4462714.5;;;0.0882395431;0.0882395431
;US-MT;2012;p99.99p100;20706060.0;;;0.0409412943;0.0409412943
;US-MT;2012;p90p100;;;;0.4620631635;0.4620631635
;US-MT;2012;p90p91;233688.421875;;;;
;US-MT;2012;p95p96;342400.1875;;;;
;US-MT;2012;p95p100;;;;0.3385073543;0.3385073543
;US-MT;2012;p99.5p100;1498801.0;;;0.1481760889;0.1481760889
;US-MT;2011;p0p100;47561.3046875;;24656683008.0;;
;US-MT;2011;p99p100;721910.1875;;;0.15178518;0.15178518
;US-MT;2011;p99.9p100;3002888.5;;;0.0631372109;0.0631372109
;US-MT;2011;p99.99p100;13221020.0;;;0.0277978461;0.0277978461
;US-MT;2011;p90p100;;;;0.4271000326;0.4271000326
;US-MT;2011;p90p91;203134.375;;;;
;US-MT;2011;p95p96;285462.625;;;;
;US-MT;2011;p95p100;;;;0.3000996411;0.3000996411
;US-MT;2011;p99.5p100;1099403.875;;;0.1155775413;0.1155775413
;US-MT;2010;p0p100;46787.2695312;;23876282368.0;;
;US-MT;2010;p99p100;746211.625;;;0.1594903022;0.1594903022
;US-MT;2010;p99.9p100;3346082.75;;;0.071516946;0.071516946
;US-MT;2010;p99.99p100;16442811.0;;;0.0351437703;0.0351437703
;US-MT;2010;p90p100;;;;0.4328326285;0.4328326285
;US-MT;2010;p90p91;202510.59375;;;;
;US-MT;2010;p95p96;291648.25;;;;
;US-MT;2010;p95p100;;;;0.3116747737;0.3116747737
;US-MT;2010;p99.5p100;1154936.125;;;0.1234241873;0.1234241873
;US-MT;2009;p0p100;45831.6054688;;22787618816.0;;
;US-MT;2009;p99p100;774397.8125;;;0.168965891;0.168965891
;US-MT;2009;p99.9p100;3697306.25;;;0.0806715488;0.0806715488
;US-MT;2009;p99.99p100;18101068.0;;;0.0394947268;0.0394947268
;US-MT;2009;p90p100;;;;0.4393076003;0.4393076003
;US-MT;2009;p90p91;201341.71875;;;;
;US-MT;2009;p95p96;292537.09375;;;;
;US-MT;2009;p95p100;;;;0.3191434443;0.3191434443
;US-MT;2009;p99.5p100;1225090.75;;;0.1336513013;0.1336513013
;US-MT;2008;p0p100;49867.0585938;;24857483264.0;;
;US-MT;2008;p99p100;819475.1875;;;0.1643319726;0.1643319726
;US-MT;2008;p99.9p100;3661991.5;;;0.0734350756;0.0734350756
;US-MT;2008;p99.99p100;15953149.0;;;0.0319913588;0.0319913588
;US-MT;2008;p90p100;;;;0.4285353124;0.4285353124
;US-MT;2008;p90p91;213697.96875;;;;
;US-MT;2008;p95p96;310778.40625;;;;
;US-MT;2008;p95p100;;;;0.3116069138;0.3116069138
;US-MT;2008;p99.5p100;1278586.875;;;0.1281995326;0.1281995326
;US-MT;2007;p0p100;52912.4726562;;26149679104.0;;
;US-MT;2007;p99p100;966383.125;;;0.182638064;0.182638064
;US-MT;2007;p99.9p100;4443194.0;;;0.0839725286;0.0839725286
;US-MT;2007;p99.99p100;19234048.0;;;0.0363506936;0.0363506936
;US-MT;2007;p90p100;;;;0.444786489;0.444786489
;US-MT;2007;p90p91;235347.515625;;;;
;US-MT;2007;p95p96;347614.0625;;;;
;US-MT;2007;p95p100;;;;0.3284802735;0.3284802735
;US-MT;2007;p99.5p100;1528500.5;;;0.1444367021;0.1444367021
;US-MT;2006;p0p100;51030.4882812;;24374786048.0;;
;US-MT;2006;p99p100;910519.6875;;;0.1784266084;0.1784266084
;US-MT;2006;p99.9p100;4003243.0;;;0.0784480646;0.0784480646
;US-MT;2006;p99.99p100;16333639.0;;;0.0320076086;0.0320076086
;US-MT;2006;p90p100;;;;0.4432584941;0.4432584941
;US-MT;2006;p90p91;226196.96875;;;;
;US-MT;2006;p95p96;337384.96875;;;;
;US-MT;2006;p95p100;;;;0.3305719793;0.3305719793
;US-MT;2006;p99.5p100;1422300.375;;;0.1393579096;0.1393579096
;US-MT;2005;p0p100;49497.6289062;;23167227904.0;;
;US-MT;2005;p99p100;808515.0625;;;0.1633442193;0.1633442193
;US-MT;2005;p99.9p100;3460242.0;;;0.0699072331;0.0699072331
;US-MT;2005;p99.99p100;13794727.0;;;0.0278694723;0.0278694723
;US-MT;2005;p90p100;;;;0.4226261675;0.4226261675
;US-MT;2005;p90p91;209189.90625;;;;
;US-MT;2005;p95p96;309719.75;;;;
;US-MT;2005;p95p100;;;;0.3128632307;0.3128632307
;US-MT;2005;p99.5p100;1250327.5;;;0.1263017654;0.1263017654
;US-MT;2004;p0p100;46859.2460938;;21782208512.0;;
;US-MT;2004;p99p100;703703.5625;;;0.1501739025;0.1501739025
;US-MT;2004;p99.9p100;2988453.0;;;0.0637750998;0.0637750998
;US-MT;2004;p99.99p100;12150237.0;;;0.0259292237;0.0259292237
;US-MT;2004;p90p100;;;;0.4063519835;0.4063519835
;US-MT;2004;p90p91;190413.46875;;;;
;US-MT;2004;p95p96;278348.625;;;;
;US-MT;2004;p95p100;;;;0.2970050275;0.2970050275
;US-MT;2004;p99.5p100;1081591.625;;;0.1154085696;0.1154085696
;US-MT;2003;p0p100;45287.7226562;;20297009152.0;;
;US-MT;2003;p99p100;628151.5625;;;0.1387023926;0.1387023926
;US-MT;2003;p99.9p100;2573641.5;;;0.0568286777;0.0568286777
;US-MT;2003;p99.99p100;10428454.0;;;0.023027109;0.023027109
;US-MT;2003;p90p100;;;;0.3956539631;0.3956539631
;US-MT;2003;p90p91;179182.671875;;;;
;US-MT;2003;p95p96;254592.125;;;;
;US-MT;2003;p95p100;;;;0.2810829282;0.2810829282
;US-MT;2003;p99.5p100;953330.75;;;0.1052526757;0.1052526757
;US-MT;2002;p0p100;44048.6601562;;19460182016.0;;
;US-MT;2002;p99p100;611846.4375;;;0.138902396;0.138902396
;US-MT;2002;p99.9p100;2487432.75;;;0.0564701147;0.0564701147
;US-MT;2002;p99.99p100;9943571.0;;;0.0225740597;0.0225740597
;US-MT;2002;p90p100;;;;0.399866879;0.399866879
;US-MT;2002;p90p91;176136.0;;;;
;US-MT;2002;p95p96;249283.40625;;;;
;US-MT;2002;p95p100;;;;0.2829636633;0.2829636633
;US-MT;2002;p99.5p100;926762.625;;;0.105197601;0.105197601
;US-MT;2001;p0p100;44879.296875;;19797786624.0;;
;US-MT;2001;p99p100;602316.5;;;0.134208113;0.134208113
;US-MT;2001;p99.9p100;2256476.25;;;0.0502787791;0.0502787791
;US-MT;2001;p99.99p100;8997112.0;;;0.0200473573;0.0200473573
;US-MT;2001;p90p100;;;;0.3950527608;0.3950527608
;US-MT;2001;p90p91;177296.890625;;;;
;US-MT;2001;p95p96;250568.09375;;;;
;US-MT;2001;p95p100;;;;0.2791577876;0.2791577876
;US-MT;2001;p99.5p100;879342.25;;;0.0979674831;0.0979674831
;US-MT;2000;p0p100;48303.2890625;;20543399936.0;;
;US-MT;2000;p99p100;707120.5625;;;0.146391809;0.146391809
;US-MT;2000;p99.9p100;2863427.0;;;0.0592801645;0.0592801645
;US-MT;2000;p99.99p100;11367933.0;;;0.0235344898;0.0235344898
;US-MT;2000;p90p100;;;;0.4019218385;0.4019218385
;US-MT;2000;p90p91;194141.46875;;;;
;US-MT;2000;p95p96;280688.3125;;;;
;US-MT;2000;p95p100;;;;0.2905478179;0.2905478179
;US-MT;2000;p99.5p100;1063069.5;;;0.1100411117;0.1100411117
;US-MT;1999;p0p100;46633.5546875;;19913224192.0;;
;US-MT;1999;p99p100;637910.25;;;0.1367921084;0.1367921084
;US-MT;1999;p99.9p100;2376203.5;;;0.0509547964;0.0509547964
;US-MT;1999;p99.99p100;7872052.5;;;0.0168806612;0.0168806612
;US-MT;1999;p90p100;;;;0.3952736557;0.3952736557
;US-MT;1999;p90p91;184330.171875;;;;
;US-MT;1999;p95p96;262876.03125;;;;
;US-MT;1999;p95p100;;;;0.2818528414;0.2818528414
;US-MT;1999;p99.5p100;940951.125;;;0.100887768;0.100887768
;US-MT;1998;p0p100;44964.7148438;;18917738496.0;;
;US-MT;1998;p99p100;607936.25;;;0.1352029592;0.1352029592
;US-MT;1998;p99.9p100;2386111.0;;;0.0530662946;0.0530662946
;US-MT;1998;p99.99p100;9494885.0;;;0.0211163014;0.0211163014
;US-MT;1998;p90p100;;;;0.3935847282;0.3935847282
;US-MT;1998;p90p91;176974.265625;;;;
;US-MT;1998;p95p96;251346.703125;;;;
;US-MT;1998;p95p100;;;;0.2794932425;0.2794932425
;US-MT;1998;p99.5p100;902545.1875;;;0.1003614888;0.1003614888
;US-MT;1997;p0p100;41879.1875;;17567545344.0;;
;US-MT;1997;p99p100;534956.625;;;0.1277380735;0.1277380735
;US-MT;1997;p99.9p100;1956655.125;;;0.0467214212;0.0467214212
;US-MT;1997;p99.99p100;7120177.5;;;0.017001709;0.017001709
;US-MT;1997;p90p100;;;;0.3876299262;0.3876299262
;US-MT;1997;p90p91;162336.265625;;;;
;US-MT;1997;p95p96;228261.515625;;;;
;US-MT;1997;p95p100;;;;0.2725238204;0.2725238204
;US-MT;1997;p99.5p100;782246.5625;;;0.0933932289;0.0933932289
;US-MT;1996;p0p100;39805.2070312;;16615610368.0;;
;US-MT;1996;p99p100;478073.40625;;;0.12010324;0.12010324
;US-MT;1996;p99.9p100;1689295.5;;;0.0424390584;0.0424390584
;US-MT;1996;p99.99p100;5811058.0;;;0.0145987393;0.0145987393
;US-MT;1996;p90p100;;;;0.3872205615;0.3872205615
;US-MT;1996;p90p91;154133.953125;;;;
;US-MT;1996;p95p96;211956.140625;;;;
;US-MT;1996;p95p100;;;;0.2662417293;0.2662417293
;US-MT;1996;p99.5p100;695240.5;;;0.0873303413;0.0873303413
;US-MT;1995;p0p100;39349.5117188;;15837231104.0;;
;US-MT;1995;p99p100;473426.75;;;0.1203132421;0.1203132421
;US-MT;1995;p99.9p100;1754725.75;;;0.0445933267;0.0445933267
;US-MT;1995;p99.99p100;6336078.5;;;0.0161020495;0.0161020495
;US-MT;1995;p90p100;;;;0.3841275871;0.3841275871
;US-MT;1995;p90p91;151152.328125;;;;
;US-MT;1995;p95p96;207700.8125;;;;
;US-MT;1995;p95p100;;;;0.2639178932;0.2639178932
;US-MT;1995;p99.5p100;698952.25;;;0.0888133273;0.0888133273
;US-MT;1994;p0p100;38545.921875;;15252638720.0;;
;US-MT;1994;p99p100;461636.125;;;0.1197626367;0.1197626367
;US-MT;1994;p99.9p100;1796760.625;;;0.046613507;0.046613507
;US-MT;1994;p99.99p100;7019723.0;;;0.0182113256;0.0182113256
;US-MT;1994;p90p100;;;;0.3826902807;0.3826902807
;US-MT;1994;p90p91;147511.484375;;;;
;US-MT;1994;p95p96;202583.9375;;;;
;US-MT;1994;p95p100;;;;0.2627826035;0.2627826035
;US-MT;1994;p99.5p100;690250.125;;;0.0895360857;0.0895360857
;US-MT;1993;p0p100;39809.4453125;;15252127744.0;;
;US-MT;1993;p99p100;439124.09375;;;0.1103065088;0.1103065088
;US-MT;1993;p99.9p100;1553448.0;;;0.0390220955;0.0390220955
;US-MT;1993;p99.99p100;5522375.0;;;0.0138720227;0.0138720227
;US-MT;1993;p90p100;;;;0.3632898331;0.3632898331
;US-MT;1993;p90p91;144623.65625;;;;
;US-MT;1993;p95p96;196981.46875;;;;
;US-MT;1993;p95p100;;;;0.2474054545;0.2474054545
;US-MT;1993;p99.5p100;639448.5625;;;0.0803136751;0.0803136751
;US-MT;1992;p0p100;39282.4726562;;14613500928.0;;
;US-MT;1992;p99p100;432237.59375;;;0.1100331917;0.1100331917
;US-MT;1992;p99.9p100;1512139.25;;;0.0384939909;0.0384939909
;US-MT;1992;p99.99p100;5254649.0;;;0.0133765722;0.0133765722
;US-MT;1992;p90p100;;;;0.365067929;0.365067929
;US-MT;1992;p90p91;143407.71875;;;;
;US-MT;1992;p95p96;193378.28125;;;;
;US-MT;1992;p95p100;;;;0.2461380959;0.2461380959
;US-MT;1992;p99.5p100;628602.875;;;0.0800105929;0.0800105929
;US-MT;1991;p0p100;38909.1171875;;14275443712.0;;
;US-MT;1991;p99p100;398351.09375;;;0.1023798808;0.1023798808
;US-MT;1991;p99.9p100;1385342.0;;;0.0356045589;0.0356045589
;US-MT;1991;p99.99p100;4865717.5;;;0.0125053404;0.0125053404
;US-MT;1991;p90p100;;;;0.3524389863;0.3524389863
;US-MT;1991;p90p91;137130.890625;;;;
;US-MT;1991;p95p96;180962.015625;;;;
;US-MT;1991;p95p100;;;;0.2325444818;0.2325444818
;US-MT;1991;p99.5p100;572750.0;;;0.073601;0.073601
;US-MT;1990;p0p100;38006.8828125;;13899450368.0;;
;US-MT;1990;p99p100;412210.03125;;;0.1084566787;0.1084566787
;US-MT;1990;p99.9p100;1492808.375;;;0.0392773151;0.0392773151
;US-MT;1990;p99.99p100;5410366.0;;;0.0142352274;0.0142352274
;US-MT;1990;p90p100;;;;0.3590769172;0.3590769172
;US-MT;1990;p90p91;136473.9375;;;;
;US-MT;1990;p95p96;180891.46875;;;;
;US-MT;1990;p95p100;;;;0.2379719913;0.2379719913
;US-MT;1990;p99.5p100;601710.5;;;0.0791580975;0.0791580975
;US-MT;1989;p0p100;38457.4882812;;13889277952.0;;
;US-MT;1989;p99p100;455173.8125;;;0.1183576435;0.1183576435
;US-MT;1989;p99.9p100;1705131.25;;;0.0443380773;0.0443380773
;US-MT;1989;p99.99p100;6310750.0;;;0.0164096784;0.0164096784
;US-MT;1989;p90p100;;;;0.3620563447;0.3620563447
;US-MT;1989;p90p91;139237.78125;;;;
;US-MT;1989;p95p96;192428.484375;;;;
;US-MT;1989;p95p100;;;;0.2501833737;0.2501833737
;US-MT;1989;p99.5p100;675504.8125;;;0.0878248736;0.0878248736
;US-MT;1988;p0p100;37413.40625;;13388834816.0;;
;US-MT;1988;p99p100;455086.5;;;0.1216372922;0.1216372922
;US-MT;1988;p99.9p100;1749626.5;;;0.0467646979;0.0467646979
;US-MT;1988;p99.99p100;6453627.0;;;0.0172495041;0.0172495041
;US-MT;1988;p90p100;;;;0.3640874028;0.3640874028
;US-MT;1988;p90p91;136217.5;;;;
;US-MT;1988;p95p96;188731.96875;;;;
;US-MT;1988;p95p100;;;;0.2522250712;0.2522250712
;US-MT;1988;p99.5p100;682595.375;;;0.0912233666;0.0912233666
;US-MT;1987;p0p100;36920.5078125;;13260364800.0;;
;US-MT;1987;p99p100;349708.09375;;;0.0947191939;0.0947191939
;US-MT;1987;p99.9p100;1167678.25;;;0.0316268168;0.0316268168
;US-MT;1987;p99.99p100;3924290.75;;;0.0106290253;0.0106290253
;US-MT;1987;p90p100;;;;0.3315116763;0.3315116763
;US-MT;1987;p90p91;122395.804688;;;;
;US-MT;1987;p95p96;162492.953125;;;;
;US-MT;1987;p95p100;;;;0.2200578302;0.2200578302
;US-MT;1987;p99.5p100;499258.5;;;0.0676126257;0.0676126257
;US-MT;1986;p0p100;38842.3085938;;14069228544.0;;
;US-MT;1986;p99p100;437445.0;;;0.1126207411;0.1126207411
;US-MT;1986;p99.9p100;1747501.25;;;0.0449896343;0.0449896343
;US-MT;1986;p99.99p100;6777209.5;;;0.0174480081;0.0174480081
;US-MT;1986;p90p100;;;;0.3376939297;0.3376939297
;US-MT;1986;p90p91;131168.125;;;;
;US-MT;1986;p95p96;181213.53125;;;;
;US-MT;1986;p95p100;;;;0.2332682312;0.2332682312
;US-MT;1986;p99.5p100;662089.125;;;0.0852278322;0.0852278322
;US-MT;1985;p0p100;36325.71875;;12926162944.0;;
;US-MT;1985;p99p100;283799.875;;;0.0781264305;0.0781264305
;US-MT;1985;p99.9p100;878754.125;;;0.0241909642;0.0241909642
;US-MT;1985;p99.99p100;2312184.5;;;0.0063651442;0.0063651442
;US-MT;1985;p90p100;;;;0.3121135831;0.3121135831
;US-MT;1985;p90p91;113377.5;;;;
;US-MT;1985;p95p96;144985.484375;;;;
;US-MT;1985;p95p100;;;;0.1995631158;0.1995631158
;US-MT;1985;p99.5p100;401464.6875;;;0.0552590154;0.0552590154
;US-MT;1984;p0p100;35267.9140625;;12334512128.0;;
;US-MT;1984;p99p100;326555.8125;;;0.092592895;0.092592895
;US-MT;1984;p99.9p100;1130114.25;;;0.0320436992;0.0320436992
;US-MT;1984;p99.99p100;4295004.0;;;0.0121782199;0.0121782199
;US-MT;1984;p90p100;;;;0.3141939342;0.3141939342
;US-MT;1984;p90p91;110809.640625;;;;
;US-MT;1984;p95p96;146801.046875;;;;
;US-MT;1984;p95p100;;;;0.2081227005;0.2081227005
;US-MT;1984;p99.5p100;448981.40625;;;0.0636529624;0.0636529624
;US-MT;1983;p0p100;33899.3554688;;11655729152.0;;
;US-MT;1983;p99p100;370229.65625;;;0.109214358;0.109214358
;US-MT;1983;p99.9p100;1344563.0;;;0.0396633781;0.0396633781
;US-MT;1983;p99.99p100;5465939.0;;;0.0161240194;0.0161240194
;US-MT;1983;p90p100;;;;0.3192157745;0.3192157745
;US-MT;1983;p90p91;108212.09375;;;;
;US-MT;1983;p95p96;149590.03125;;;;
;US-MT;1983;p95p100;;;;0.2206384242;0.2206384242
;US-MT;1983;p99.5p100;500493.71875;;;0.0738205314;0.0738205314
;US-MT;1982;p0p100;38960.6914062;;13249390592.0;;
;US-MT;1982;p99p100;354682.59375;;;0.0910360143;0.0910360143
;US-MT;1982;p99.9p100;1371897.625;;;0.0352123529;0.0352123529
;US-MT;1982;p99.99p100;5696162.5;;;0.0146202808;0.0146202808
;US-MT;1982;p90p100;;;;0.3144563138;0.3144563138
;US-MT;1982;p90p91;122514.351562;;;;
;US-MT;1982;p95p96;163970.75;;;;
;US-MT;1982;p95p100;;;;0.2104310095;0.2104310095
;US-MT;1982;p99.5p100;523362.9375;;;0.0671655089;0.0671655089
;US-MT;1981;p0p100;38233.9296875;;13520000000.0;;
;US-MT;1981;p99p100;291681.34375;;;0.0762886107;0.0762886107
;US-MT;1981;p99.9p100;861934.25;;;0.0225437004;0.0225437004
;US-MT;1981;p99.99p100;2529356.0;;;0.0066154753;0.0066154753
;US-MT;1981;p90p100;;;;0.3270716965;0.3270716965
;US-MT;1981;p90p91;125052.359375;;;;
;US-MT;1981;p95p96;155941.734375;;;;
;US-MT;1981;p95p100;;;;0.2039310634;0.2039310634
;US-MT;1981;p99.5p100;399450.53125;;;0.0522377044;0.0522377044
;US-MT;1980;p0p100;38166.1015625;;13244667904.0;;
;US-MT;1980;p99p100;302032.71875;;;0.0791363865;0.0791363865
;US-MT;1980;p99.9p100;903904.3125;;;0.0236834344;0.0236834344
;US-MT;1980;p99.99p100;3114750.75;;;0.00816104;0.00816104
;US-MT;1980;p90p100;;;;0.326033473;0.326033473
;US-MT;1980;p90p91;124434.257812;;;;
;US-MT;1980;p95p96;160538.640625;;;;
;US-MT;1980;p95p100;;;;0.210315764;0.210315764
;US-MT;1980;p99.5p100;415993.625;;;0.0544977896;0.0544977896
;US-MT;1979;p0p100;38794.1015625;;13293940736.0;;
;US-MT;1979;p99p100;326582.53125;;;0.0841835588;0.0841835588
;US-MT;1979;p99.9p100;1004392.0625;;;0.0258903317;0.0258903317
;US-MT;1979;p99.99p100;4237287.5;;;0.0109225046;0.0109225046
;US-MT;1979;p90p100;;;;0.3215779662;0.3215779662
;US-MT;1979;p90p91;124753.28125;;;;
;US-MT;1979;p95p96;164102.40625;;;;
;US-MT;1979;p95p100;;;;0.2115043402;0.2115043402
;US-MT;1979;p99.5p100;441677.125;;;0.0569258109;0.0569258109
;US-MT;1978;p0p100;39990.8125;;13276592128.0;;
;US-MT;1978;p99p100;289785.875;;;0.0724631175;0.0724631175
;US-MT;1978;p99.9p100;714007.0625;;;0.0178542789;0.0178542789
;US-MT;1978;p99.99p100;1499362.375;;;0.0037492674;0.0037492674
;US-MT;1978;p90p100;;;;0.3072758913;0.3072758913
;US-MT;1978;p90p91;122882.117188;;;;
;US-MT;1978;p95p96;160124.53125;;;;
;US-MT;1978;p95p100;;;;0.2002016604;0.2002016604
;US-MT;1978;p99.5p100;380057.875;;;0.0475181527;0.0475181527
;US-MT;1977;p0p100;37343.9023438;;12095040512.0;;
;US-MT;1977;p99p100;285202.40625;;;0.0763718784;0.0763718784
;US-MT;1977;p99.9p100;737364.9375;;;0.0197452568;0.0197452568
;US-MT;1977;p99.99p100;1987209.75;;;0.0053213765;0.0053213765
;US-MT;1977;p90p100;;;;0.3254098892;0.3254098892
;US-MT;1977;p90p91;121520.75;;;;
;US-MT;1977;p95p96;157934.703125;;;;
;US-MT;1977;p95p100;;;;0.2114598304;0.2114598304
;US-MT;1977;p99.5p100;406399.53125;;;0.0544131026;0.0544131026
;US-MT;1976;p0p100;37844.9648438;;11965313024.0;;
;US-MT;1976;p99p100;290286.03125;;;0.0767039955;0.0767039955
;US-MT;1976;p99.9p100;695712.875;;;0.0183832329;0.0183832329
;US-MT;1976;p99.99p100;1749919.5;;;0.004623916;0.004623916
;US-MT;1976;p90p100;;;;0.3228391707;0.3228391707
;US-MT;1976;p90p91;122178.367188;;;;
;US-MT;1976;p95p96;158736.453125;;;;
;US-MT;1976;p95p100;;;;0.2097193748;0.2097193748
;US-MT;1976;p99.5p100;372208.25;;;0.0491753928;0.0491753928
;US-MT;1975;p0p100;37829.6328125;;11682953216.0;;
;US-MT;1975;p99p100;290763.71875;;;0.0768613592;0.0768613592
;US-MT;1975;p99.9p100;692352.3125;;;0.0183018502;0.0183018502
;US-MT;1975;p99.99p100;1929651.5;;;0.0051008994;0.0051008994
;US-MT;1975;p90p100;;;;0.3141649067;0.3141649067
;US-MT;1975;p90p91;118847.429688;;;;
;US-MT;1975;p95p96;154838.578125;;;;
;US-MT;1975;p95p100;;;;0.2046524882;0.2046524882
;US-MT;1975;p99.5p100;362665.40625;;;0.0479340404;0.0479340404
;US-MT;1974;p0p100;39454.609375;;11898713088.0;;
;US-MT;1974;p99p100;333977.6875;;;0.0846485868;0.0846485868
;US-MT;1974;p99.9p100;973694.3125;;;0.0246788505;0.0246788505
;US-MT;1974;p99.99p100;3060801.25;;;0.0077577787;0.0077577787
;US-MT;1974;p90p100;;;;0.3171166778;0.3171166778
;US-MT;1974;p90p91;125117.140625;;;;
;US-MT;1974;p95p96;164885.546875;;;;
;US-MT;1974;p95p100;;;;0.2089560032;0.2089560032
;US-MT;1974;p99.5p100;458268.46875;;;0.0580754094;0.0580754094
;US-MT;1973;p0p100;40927.1523438;;12062625792.0;;
;US-MT;1973;p99p100;321959.53125;;;0.0786664858;0.0786664858
;US-MT;1973;p99.9p100;838966.375;;;0.0204990171;0.0204990171
;US-MT;1973;p99.99p100;2511709.75;;;0.0061370255;0.0061370255
;US-MT;1973;p90p100;;;;0.3102470934;0.3102470934
;US-MT;1973;p90p91;126975.296875;;;;
;US-MT;1973;p95p96;166806.234375;;;;
;US-MT;1973;p95p100;;;;0.2037843168;0.2037843168
;US-MT;1973;p99.5p100;422786.53125;;;0.0516511053;0.0516511053
;US-MT;1972;p0p100;38499.7460938;;11085889536.0;;
;US-MT;1972;p99p100;258997.03125;;;0.0672724023;0.0672724023
;US-MT;1972;p99.9p100;716259.0;;;0.0186042544;0.0186042544
;US-MT;1972;p99.99p100;2084636.0;;;0.005414675;0.005414675
;US-MT;1972;p90p100;;;;0.280488044;0.280488044
;US-MT;1972;p90p91;107987.1875;;;;
;US-MT;1972;p95p96;137688.875;;;;
;US-MT;1972;p95p100;;;;0.1788179129;0.1788179129
;US-MT;1972;p99.5p100;351202.0625;;;0.0456109606;0.0456109606
;US-MT;1971;p0p100;35002.46875;;9835993088.0;;
;US-MT;1971;p99p100;256949.65625;;;0.073409006;0.073409006
;US-MT;1971;p99.9p100;623035.5625;;;0.0177997593;0.0177997593
;US-MT;1971;p99.99p100;1627783.0;;;0.0046504801;0.0046504801
;US-MT;1971;p90p100;;;;0.3021723926;0.3021723926
;US-MT;1971;p90p91;105767.804688;;;;
;US-MT;1971;p95p96;138516.03125;;;;
;US-MT;1971;p95p100;;;;0.1978660822;0.1978660822
;US-MT;1971;p99.5p100;330925.5625;;;0.0472717434;0.0472717434
;US-MT;1970;p0p100;35476.7148438;;9710876672.0;;
;US-MT;1970;p99p100;246268.515625;;;0.0694169477;0.0694169477
;US-MT;1970;p99.9p100;603512.4375;;;0.0170115102;0.0170115102
;US-MT;1970;p99.99p100;2530595.5;;;0.0071331165;0.0071331165
;US-MT;1970;p90p100;;;;0.2889847159;0.2889847159
;US-MT;1970;p90p91;102522.28125;;;;
;US-MT;1970;p95p96;131625.96875;;;;
;US-MT;1970;p95p100;;;;0.1855103821;0.1855103821
;US-MT;1970;p99.5p100;327218.875;;;0.0461174175;0.0461174175
;US-MT;1969;p0p100;34396.1367188;;9384896512.0;;
;US-MT;1969;p99p100;268751.5;;;0.0781342164;0.0781342164
;US-MT;1969;p99.9p100;691126.5;;;0.0200931448;0.0200931448
;US-MT;1969;p99.99p100;2598524.5;;;0.0075546987;0.0075546987
;US-MT;1969;p90p100;;;;0.3114480674;0.3114480674
;US-MT;1969;p90p91;107126.101562;;;;
;US-MT;1969;p95p96;141055.296875;;;;
;US-MT;1969;p95p100;;;;0.2050452679;0.2050452679
;US-MT;1969;p99.5p100;364482.03125;;;0.0529829934;0.0529829934
;US-MT;1968;p0p100;33221.0742188;;9051852800.0;;
;US-MT;1968;p99p100;274646.28125;;;0.082672298;0.082672298
;US-MT;1968;p99.9p100;734485.8125;;;0.0221090317;0.0221090317
;US-MT;1968;p99.99p100;2360405.5;;;0.0071051451;0.0071051451
;US-MT;1968;p90p100;;;;0.3164671361;0.3164671361
;US-MT;1968;p90p91;105133.789062;;;;
;US-MT;1968;p95p96;139800.59375;;;;
;US-MT;1968;p95p100;;;;0.2104094923;0.2104094923
;US-MT;1968;p99.5p100;375111.3125;;;0.0564568229;0.0564568229
;US-MT;1967;p0p100;32957.4609375;;8965452800.0;;
;US-MT;1967;p99p100;276277.09375;;;0.0838283896;0.0838283896
;US-MT;1967;p99.9p100;663051.5625;;;0.0201184042;0.0201184042
;US-MT;1967;p99.99p100;2707837.25;;;0.0082161594;0.0082161594
;US-MT;1967;p90p100;;;;0.3158139586;0.3158139586
;US-MT;1967;p90p91;104084.265625;;;;
;US-MT;1967;p95p96;139810.71875;;;;
;US-MT;1967;p95p100;;;;0.2121078521;0.2121078521
;US-MT;1967;p99.5p100;364811.90625;;;0.0553458743;0.0553458743
;US-MT;1966;p0p100;33199.3789062;;9008120832.0;;
;US-MT;1966;p99p100;243361.453125;;;0.073303014;0.073303014
;US-MT;1966;p99.9p100;629541.625;;;0.0189624522;0.0189624522
;US-MT;1966;p99.99p100;2043210.875;;;0.0061543649;0.0061543649
;US-MT;1966;p90p100;;;;0.3008061349;0.3008061349
;US-MT;1966;p90p91;99865.765625;;;;
;US-MT;1966;p95p96;127773.335938;;;;
;US-MT;1966;p95p100;;;;0.1924333274;0.1924333274
;US-MT;1966;p99.5p100;314560.78125;;;0.0473745018;0.0473745018
;US-MT;1965;p0p100;31930.4492188;;8635553792.0;;
;US-MT;1965;p99p100;250967.828125;;;0.0785982758;0.0785982758
;US-MT;1965;p99.9p100;687944.0625;;;0.0215450805;0.0215450805
;US-MT;1965;p99.99p100;2549817.25;;;0.0079855351;0.0079855351
;US-MT;1965;p90p100;;;;0.3146264255;0.3146264255
;US-MT;1965;p90p91;100461.640625;;;;
;US-MT;1965;p95p96;130344.6875;;;;
;US-MT;1965;p95p100;;;;0.2041071802;0.2041071802
;US-MT;1965;p99.5p100;338609.71875;;;0.0530230142;0.0530230142
;US-MT;1964;p0p100;30296.734375;;8158902784.0;;
;US-MT;1964;p99p100;235612.015625;;;0.0777681321;0.0777681321
;US-MT;1964;p99.9p100;646237.4375;;;0.0213302709;0.0213302709
;US-MT;1964;p99.99p100;2045788.125;;;0.0067525045;0.0067525045
;US-MT;1964;p90p100;;;;0.3054994047;0.3054994047
;US-MT;1964;p90p91;92556.328125;;;;
;US-MT;1964;p95p96;118036.945312;;;;
;US-MT;1964;p95p100;;;;0.1948014647;0.1948014647
;US-MT;1964;p99.5p100;312097.9375;;;0.0515068658;0.0515068658
;US-MT;1963;p0p100;30120.7753906;;8065543680.0;;
;US-MT;1963;p99p100;207937.8125;;;0.0690346733;0.0690346733
;US-MT;1963;p99.9p100;544103.125;;;0.0180640463;0.0180640463
;US-MT;1963;p99.99p100;1548530.5;;;0.0051410701;0.0051410701
;US-MT;1963;p90p100;;;;0.2903467119;0.2903467119
;US-MT;1963;p90p91;87454.6875;;;;
;US-MT;1963;p95p96;112042.0;;;;
;US-MT;1963;p95p100;;;;0.1859878898;0.1859878898
;US-MT;1963;p99.5p100;274749.75;;;0.0456080101;0.0456080101
;US-MT;1962;p0p100;30737.9003906;;8179725824.0;;
;US-MT;1962;p99p100;209836.375;;;0.0682663321;0.0682663321
;US-MT;1962;p99.9p100;550278.25;;;0.0179022718;0.0179022718
;US-MT;1962;p99.99p100;1868740.625;;;0.0060795974;0.0060795974
;US-MT;1962;p90p100;;;;0.2766664624;0.2766664624
;US-MT;1962;p90p91;85041.4609375;;;;
;US-MT;1962;p95p96;110425.304688;;;;
;US-MT;1962;p95p100;;;;0.179624036;0.179624036
;US-MT;1962;p99.5p100;274504.71875;;;0.0446524881;0.0446524881
;US-MT;1961;p0p100;26726.7597656;;7060966400.0;;
;US-MT;1961;p99p100;225177.953125;;;0.0842518657;0.0842518657
;US-MT;1961;p99.9p100;638384.125;;;0.0238855779;0.0238855779
;US-MT;1961;p99.99p100;1685537.75;;;0.0063065547;0.0063065547
;US-MT;1961;p90p100;;;;0.3205914497;0.3205914497
;US-MT;1961;p90p91;85683.7109375;;;;
;US-MT;1961;p95p96;113793.898438;;;;
;US-MT;1961;p95p100;;;;0.2128838152;0.2128838152
;US-MT;1961;p99.5p100;305666.40625;;;0.0571835898;0.0571835898
;US-MT;1960;p0p100;27021.6328125;;7078541312.0;;
;US-MT;1960;p99p100;203906.796875;;;0.0754605755;0.0754605755
;US-MT;1960;p99.9p100;494123.625;;;0.0182862226;0.0182862226
;US-MT;1960;p99.99p100;1149578.875;;;0.0042542908;0.0042542908
;US-MT;1960;p90p100;;;;0.2998876572;0.2998876572
;US-MT;1960;p90p91;81034.5390625;;;;
;US-MT;1960;p95p96;105910.945312;;;;
;US-MT;1960;p95p100;;;;0.1959743649;0.1959743649
;US-MT;1960;p99.5p100;270777.53125;;;0.0501038432;0.0501038432
;US-MT;1959;p0p100;26599.0625;;6964872192.0;;
;US-MT;1959;p99p100;226473.71875;;;0.0851434916;0.0851434916
;US-MT;1959;p99.9p100;481947.84375;;;0.0181189794;0.0181189794
;US-MT;1959;p99.99p100;958107.375;;;0.0036020344;0.0036020344
;US-MT;1959;p90p100;;;;0.3402270377;0.3402270377
;US-MT;1959;p90p91;90497.1953125;;;;
;US-MT;1959;p95p96;120198.210938;;;;
;US-MT;1959;p95p100;;;;0.2259444743;0.2259444743
;US-MT;1959;p99.5p100;295473.3125;;;0.0555420592;0.0555420592
;US-MT;1958;p0p100;27279.2714844;;7132088320.0;;
;US-MT;1958;p99p100;205594.484375;;;0.0753665715;0.0753665715
;US-MT;1958;p99.9p100;431666.96875;;;0.0158239938;0.0158239938
;US-MT;1958;p99.99p100;1095723.5;;;0.0040166895;0.0040166895
;US-MT;1958;p90p100;;;;0.2931928933;0.2931928933
;US-MT;1958;p90p91;79980.875;;;;
;US-MT;1958;p95p96;105124.140625;;;;
;US-MT;1958;p95p100;;;;0.1926813871;0.1926813871
;US-MT;1958;p99.5p100;272198.71875;;;0.0498911329;0.0498911329
;US-MT;1957;p0p100;27339.9199219;;7135431680.0;;
;US-MT;1957;p99p100;212137.71875;;;0.077592656;0.077592656
;US-MT;1957;p99.9p100;509733.0625;;;0.018644277;0.018644277
;US-MT;1957;p99.99p100;1312551.875;;;0.0048008617;0.0048008617
;US-MT;1957;p90p100;;;;0.3046886921;0.3046886921
;US-MT;1957;p90p91;83301.65625;;;;
;US-MT;1957;p95p96;109412.203125;;;;
;US-MT;1957;p95p100;;;;0.200096041;0.200096041
;US-MT;1957;p99.5p100;270688.5;;;0.0495042577;0.0495042577
;US-MT;1956;p0p100;27622.2617188;;7185018368.0;;
;US-MT;1956;p99p100;198776.40625;;;0.0719623864;0.0719623864
;US-MT;1956;p99.9p100;514000.75;;;0.018608205;0.018608205
;US-MT;1956;p99.99p100;1222373.75;;;0.0044253208;0.0044253208
;US-MT;1956;p90p100;;;;0.2856716812;0.2856716812
;US-MT;1956;p90p91;78908.9921875;;;;
;US-MT;1956;p95p96;102941.976562;;;;
;US-MT;1956;p95p100;;;;0.1863387823;0.1863387823
;US-MT;1956;p99.5p100;261750.0625;;;0.0473802723;0.0473802723
;US-MT;1955;p0p100;27329.765625;;7085894144.0;;
;US-MT;1955;p99p100;201051.171875;;;0.0735649019;0.0735649019
;US-MT;1955;p99.9p100;408887.96875;;;0.0149612688;0.0149612688
;US-MT;1955;p99.99p100;721069.75;;;0.0026384045;0.0026384045
;US-MT;1955;p90p100;;;;0.2914229929;0.2914229929
;US-MT;1955;p90p91;79645.2265625;;;;
;US-MT;1955;p95p96;104884.109375;;;;
;US-MT;1955;p95p100;;;;0.1918862164;0.1918862164
;US-MT;1955;p99.5p100;254809.40625;;;0.0466175601;0.0466175601
;US-MT;1954;p0p100;25223.3535156;;6517698560.0;;
;US-MT;1954;p99p100;189454.359375;;;0.0751106888;0.0751106888
;US-MT;1954;p99.9p100;445235.71875;;;0.0176517256;0.0176517256
;US-MT;1954;p99.99p100;1193825.125;;;0.0047330149;0.0047330149
;US-MT;1954;p90p100;;;;0.3135314286;0.3135314286
;US-MT;1954;p90p91;79083.140625;;;;
;US-MT;1954;p95p96;101364.734375;;;;
;US-MT;1954;p95p100;;;;0.2009343058;0.2009343058
;US-MT;1954;p99.5p100;244834.46875;;;0.0485332906;0.0485332906
;US-MT;1953;p0p100;25597.7402344;;6591239168.0;;
;US-MT;1953;p99p100;176836.78125;;;0.0690829754;0.0690829754
;US-MT;1953;p99.9p100;379665.84375;;;0.0148320068;0.0148320068
;US-MT;1953;p99.99p100;871219.125;;;0.0034035002;0.0034035002
;US-MT;1953;p90p100;;;;0.3000888824;0.3000888824
;US-MT;1953;p90p91;76815.96875;;;;
;US-MT;1953;p95p96;95870.96875;;;;
;US-MT;1953;p95p100;;;;0.1872645169;0.1872645169
;US-MT;1953;p99.5p100;226236.953125;;;0.0441908054;0.0441908054
;US-MT;1952;p0p100;25456.7539062;;6537232384.0;;
;US-MT;1952;p99p100;213515.078125;;;0.0838736445;0.0838736445
;US-MT;1952;p99.9p100;487174.875;;;0.0191373527;0.0191373527
;US-MT;1952;p99.99p100;1078527.375;;;0.0042367037;0.0042367037
;US-MT;1952;p90p100;;;;0.3136885464;0.3136885464
;US-MT;1952;p90p91;79854.921875;;;;
;US-MT;1952;p95p96;104363.34375;;;;
;US-MT;1952;p95p100;;;;0.20498164;0.20498164
;US-MT;1952;p99.5p100;292277.5625;;;0.0574066825;0.0574066825
;US-MT;1951;p0p100;26224.4882812;;6711050752.0;;
;US-MT;1951;p99p100;214984.640625;;;0.0819785818;0.0819785818
;US-MT;1951;p99.9p100;531303.3125;;;0.0202598181;0.0202598181
;US-MT;1951;p99.99p100;1300861.5;;;0.0049604839;0.0049604839
;US-MT;1951;p90p100;;;;0.302115202;0.302115202
;US-MT;1951;p90p91;79228.171875;;;;
;US-MT;1951;p95p96;108005.289062;;;;
;US-MT;1951;p95p100;;;;0.205924511;0.205924511
;US-MT;1951;p99.5p100;283058.46875;;;0.0539683513;0.0539683513
;US-MT;1950;p0p100;25886.6484375;;6601293824.0;;
;US-MT;1950;p99p100;221130.640625;;;0.0854226649;0.0854226649
;US-MT;1950;p99.9p100;570854.0625;;;0.0220520645;0.0220520645
;US-MT;1950;p99.99p100;1338343.5;;;0.0051700152;0.0051700152
;US-MT;1950;p90p100;;;;0.3059025705;0.3059025705
;US-MT;1950;p90p91;79187.9140625;;;;
;US-MT;1950;p95p96;110599.273438;;;;
;US-MT;1950;p95p100;;;;0.2136222422;0.2136222422
;US-MT;1950;p99.5p100;294693.40625;;;0.0569199659;0.0569199659
;US-MT;1949;p0p100;21008.28125;;5341877248.0;;
;US-MT;1949;p99p100;197086.84375;;;0.0938138813;0.0938138813
;US-MT;1949;p99.9p100;475207.3125;;;0.0226199981;0.0226199981
;US-MT;1949;p99.99p100;1020946.6875;;;0.0048597343;0.0048597343
;US-MT;1949;p90p100;;;;0.3400626779;0.3400626779
;US-MT;1949;p90p91;71441.3203125;;;;
;US-MT;1949;p95p96;99811.578125;;;;
;US-MT;1949;p95p100;;;;0.2375529408;0.2375529408
;US-MT;1949;p99.5p100;261644.921875;;;0.062271852;0.062271852
;US-MT;1948;p0p100;23216.5683594;;5903794176.0;;
;US-MT;1948;p99p100;218212.921875;;;0.0939901695;0.0939901695
;US-MT;1948;p99.9p100;513175.125;;;0.022103833;0.022103833
;US-MT;1948;p99.99p100;1378167.0;;;0.005936136;0.005936136
;US-MT;1948;p90p100;;;;0.3412734866;0.3412734866
;US-MT;1948;p90p91;79231.9921875;;;;
;US-MT;1948;p95p96;113138.726562;;;;
;US-MT;1948;p95p100;;;;0.2436594367;0.2436594367
;US-MT;1948;p99.5p100;280931.21875;;;0.0605023168;0.0605023168
;US-MT;1947;p0p100;21491.3417969;;5464561664.0;;
;US-MT;1947;p99p100;198218.609375;;;0.0922318399;0.0922318399
;US-MT;1947;p99.9p100;468466.21875;;;0.0217979047;0.0217979047
;US-MT;1947;p99.99p100;1247237.5;;;0.0058034421;0.0058034421
;US-MT;1947;p90p100;;;;0.3441896141;0.3441896141
;US-MT;1947;p90p91;73970.96875;;;;
;US-MT;1947;p95p96;103161.117188;;;;
;US-MT;1947;p95p100;;;;0.2400062382;0.2400062382
;US-MT;1947;p99.5p100;255255.875;;;0.0593857467;0.0593857467
;US-MT;1946;p0p100;19922.7011719;;5054312448.0;;
;US-MT;1946;p99p100;193089.59375;;;0.0969193876;0.0969193876
;US-MT;1946;p99.9p100;466171.78125;;;0.0233990271;0.0233990271
;US-MT;1946;p99.99p100;1150708.5;;;0.0057758661;0.0057758661
;US-MT;1946;p90p100;;;;0.3536373675;0.3536373675
;US-MT;1946;p90p91;70454.1171875;;;;
;US-MT;1946;p95p96;95840.9921875;;;;
;US-MT;1946;p95p100;;;;0.24053213;0.24053213
;US-MT;1946;p99.5p100;255208.953125;;;0.0640497878;0.0640497878
;US-MT;1945;p0p100;18363.1855469;;4688272384.0;;
;US-MT;1945;p99p100;176213.40625;;;0.0959601477;0.0959601477
;US-MT;1945;p99.9p100;451474.625;;;0.0245858543;0.0245858543
;US-MT;1945;p99.99p100;991915.6875;;;0.0054016532;0.0054016532
;US-MT;1945;p90p100;;;;0.3440936208;0.3440936208
;US-MT;1945;p90p91;63186.5546875;;;;
;US-MT;1945;p95p96;85399.171875;;;;
;US-MT;1945;p95p100;;;;0.2325281948;0.2325281948
;US-MT;1945;p99.5p100;236202.703125;;;0.064314194;0.064314194
;US-MT;1944;p0p100;18142.0722656;;4657426944.0;;
;US-MT;1944;p99p100;232743.40625;;;0.128289327;0.128289327
;US-MT;1944;p99.9p100;781191.125;;;0.0430596434;0.0430596434
;US-MT;1944;p99.99p100;2318276.0;;;0.0127784526;0.0127784526
;US-MT;1944;p90p100;;;;0.3804647326;0.3804647326
;US-MT;1944;p90p91;69024.1796875;;;;
;US-MT;1944;p95p96;95464.3359375;;;;
;US-MT;1944;p95p100;;;;0.2631020844;0.2631020844
;US-MT;1944;p99.5p100;342024.90625;;;0.0942629203;0.0942629203
;US-MT;1943;p0p100;19602.4257812;;5053826048.0;;
;US-MT;1943;p99p100;195944.15625;;;0.0999591425;0.0999591425
;US-MT;1943;p99.9p100;551682.9375;;;0.0281436052;0.0281436052
;US-MT;1943;p99.99p100;1594196.875;;;0.0081326514;0.0081326514
;US-MT;1943;p90p100;;;;0.3407321572;0.3407321572
;US-MT;1943;p90p91;66791.765625;;;;
;US-MT;1943;p95p96;91386.875;;;;
;US-MT;1943;p95p100;;;;0.2331009358;0.2331009358
;US-MT;1943;p99.5p100;269701.75;;;0.0687929541;0.0687929541
;US-MT;1942;p0p100;16919.6230469;;4372103680.0;;
;US-MT;1942;p99p100;206783.546875;;;0.1222152188;0.1222152188
;US-MT;1942;p99.9p100;730432.375;;;0.0431707241;0.0431707241
;US-MT;1942;p99.99p100;3715886.75;;;0.0219619963;0.0219619963
;US-MT;1942;p90p100;;;;0.3836204708;0.3836204708
;US-MT;1942;p90p91;64907.1367188;;;;
;US-MT;1942;p95p96;89642.6796875;;;;
;US-MT;1942;p95p100;;;;0.2649074495;0.2649074495
;US-MT;1942;p99.5p100;298536.8125;;;0.0882220641;0.0882220641
;US-MT;1941;p0p100;14845.40625;;3855605504.0;;
;US-MT;1941;p99p100;170915.109375;;;0.1151299775;0.1151299775
;US-MT;1941;p99.9p100;451864.53125;;;0.0304380078;0.0304380078
;US-MT;1941;p99.99p100;1249956.125;;;0.0084198182;0.0084198182
;US-MT;1941;p90p100;;;;0.3999853432;0.3999853432
;US-MT;1941;p90p91;59379.4453125;;;;
;US-MT;1941;p95p96;79633.53125;;;;
;US-MT;1941;p95p100;;;;0.268209368;0.268209368
;US-MT;1941;p99.5p100;231523.609375;;;0.0779782087;0.0779782087
;US-MT;1940;p0p100;12794.5683594;;3343310592.0;;
;US-MT;1940;p99p100;153779.859375;;;0.1201915145;0.1201915145
;US-MT;1940;p99.9p100;408915.09375;;;0.0319600552;0.0319600552
;US-MT;1940;p99.99p100;1022522.1875;;;0.0079918467;0.0079918467
;US-MT;1940;p90p100;;;;0.435159564;0.435159564
;US-MT;1940;p90p91;55676.7851562;;;;
;US-MT;1940;p95p96;73891.75;;;;
;US-MT;1940;p95p100;;;;0.2887622118;0.2887622118
;US-MT;1940;p99.5p100;209436.546875;;;0.081845887;0.081845887
;US-MT;1939;p0p100;12322.9921875;;3165478912.0;;
;US-MT;1939;p99p100;143434.375;;;0.1163957492;0.1163957492
;US-MT;1939;p99.9p100;389892.5625;;;0.0316394418;0.0316394418
;US-MT;1939;p99.99p100;1089385.125;;;0.0088402648;0.0088402648
;US-MT;1939;p90p100;;;;0.4395646751;0.4395646751
;US-MT;1939;p90p91;54167.515625;;;;
;US-MT;1939;p95p96;70996.4609375;;;;
;US-MT;1939;p95p100;;;;0.2880650461;0.2880650461
;US-MT;1939;p99.5p100;195241.40625;;;0.0792183504;0.0792183504
;US-MT;1938;p0p100;11949.6582031;;3021753088.0;;
;US-MT;1938;p99p100;125724.710938;;;0.1052119732;0.1052119732
;US-MT;1938;p99.9p100;350250.6875;;;0.029310517;0.029310517
;US-MT;1938;p99.99p100;1070848.5;;;0.0089613311;0.0089613311
;US-MT;1938;p90p100;;;;0.4033934474;0.4033934474
;US-MT;1938;p90p91;48204.140625;;;;
;US-MT;1938;p95p96;63546.0625;;;;
;US-MT;1938;p95p100;;;;0.2658907175;0.2658907175
;US-MT;1938;p99.5p100;171363.015625;;;0.0717020556;0.0717020556
;US-MT;1937;p0p100;11881.7197266;;2958939648.0;;
;US-MT;1937;p99p100;131888.34375;;;0.111001052;0.111001052
;US-MT;1937;p99.9p100;365239.625;;;0.0307396259;0.0307396259
;US-MT;1937;p99.99p100;868452.625;;;0.007309149;0.007309149
;US-MT;1937;p90p100;;;;0.4193387926;0.4193387926
;US-MT;1937;p90p91;49824.6601562;;;;
;US-MT;1937;p95p96;65152.7539062;;;;
;US-MT;1937;p95p100;;;;0.2741722465;0.2741722465
;US-MT;1937;p99.5p100;180557.390625;;;0.0759811699;0.0759811699
;US-MT;1936;p0p100;11688.8242188;;2871754752.0;;
;US-MT;1936;p99p100;148366.4375;;;0.1269301623;0.1269301623
;US-MT;1936;p99.9p100;426629.0;;;0.0364988782;0.0364988782
;US-MT;1936;p99.99p100;1077718.0;;;0.0092200721;0.0092200721
;US-MT;1936;p90p100;;;;0.4356847703;0.4356847703
;US-MT;1936;p90p91;50926.4296875;;;;
;US-MT;1936;p95p96;69690.7265625;;;;
;US-MT;1936;p95p100;;;;0.2981083393;0.2981083393
;US-MT;1936;p99.5p100;206394.71875;;;0.0882872045;0.0882872045
;US-MT;1935;p0p100;11806.1191406;;2860864512.0;;
;US-MT;1935;p99p100;131899.828125;;;0.1117215753;0.1117215753
;US-MT;1935;p99.9p100;365025.96875;;;0.0309183709;0.0309183709
;US-MT;1935;p99.99p100;1027454.0;;;0.0087027233;0.0087027233
;US-MT;1935;p90p100;;;;0.4007634819;0.4007634819
;US-MT;1935;p90p91;47314.6171875;;;;
;US-MT;1935;p95p96;64848.0273438;;;;
;US-MT;1935;p95p100;;;;0.2746373415;0.2746373415
;US-MT;1935;p99.5p100;179341.015625;;;0.0759525672;0.0759525672
;US-MT;1934;p0p100;9144.27148438;;2184233472.0;;
;US-MT;1934;p99p100;118053.382812;;;0.1291009188;0.1291009188
;US-MT;1934;p99.9p100;318268.375;;;0.0348052233;0.0348052233
;US-MT;1934;p99.99p100;850509.5;;;0.0093010096;0.0093010096
;US-MT;1934;p90p100;;;;0.4765692353;0.4765692353
;US-MT;1934;p90p91;43578.7773438;;;;
;US-MT;1934;p95p96;61452.703125;;;;
;US-MT;1934;p95p100;;;;0.3360175192;0.3360175192
;US-MT;1934;p99.5p100;158328.375;;;0.0865724459;0.0865724459
;US-MT;1933;p0p100;7855.49023438;;1850800512.0;;
;US-MT;1933;p99p100;96465.28125;;;0.1227998137;0.1227998137
;US-MT;1933;p99.9p100;268126.28125;;;0.0341323391;0.0341323391
;US-MT;1933;p99.99p100;870598.4375;;;0.0110826744;0.0110826744
;US-MT;1933;p90p100;;;;0.4324359596;0.4324359596
;US-MT;1933;p90p91;33969.96875;;;;
;US-MT;1933;p95p96;47230.6914062;;;;
;US-MT;1933;p95p100;;;;0.3006221652;0.3006221652
;US-MT;1933;p99.5p100;128271.835938;;;0.081644699;0.081644699
;US-MT;1932;p0p100;8635.58691406;;2007750016.0;;
;US-MT;1932;p99p100;99230.578125;;;0.1149088964;0.1149088964
;US-MT;1932;p99.9p100;305006.4375;;;0.035319712;0.035319712
;US-MT;1932;p99.99p100;1092364.5;;;0.0126495687;0.0126495687
;US-MT;1932;p90p100;;;;0.3878107071;0.3878107071
;US-MT;1932;p90p91;33489.7304688;;;;
;US-MT;1932;p95p96;46152.1640625;;;;
;US-MT;1932;p95p100;;;;0.2672207654;0.2672207654
;US-MT;1932;p99.5p100;134661.640625;;;0.0779690221;0.0779690221
;US-MT;1931;p0p100;8987.81152344;;2061028096.0;;
;US-MT;1931;p99p100;114343.320312;;;0.127220422;0.127220422
;US-MT;1931;p99.9p100;326459.0625;;;0.0363224223;0.0363224223
;US-MT;1931;p99.99p100;1031612.4375;;;0.0114779044;0.0114779044
;US-MT;1931;p90p100;;;;0.4160706103;0.4160706103
;US-MT;1931;p90p91;37395.640625;;;;
;US-MT;1931;p95p96;51367.4179688;;;;
;US-MT;1931;p95p100;;;;0.285761565;0.285761565
;US-MT;1931;p99.5p100;155321.015625;;;0.0864064693;0.0864064693
;US-MT;1930;p0p100;11213.1621094;;2532765440.0;;
;US-MT;1930;p99p100;129396.34375;;;0.1153968349;0.1153968349
;US-MT;1930;p99.9p100;384994.6875;;;0.034334179;0.034334179
;US-MT;1930;p99.99p100;1216197.625;;;0.0108461613;0.0108461613
;US-MT;1930;p90p100;;;;0.3486891091;0.3486891091
;US-MT;1930;p90p91;39099.0742188;;;;
;US-MT;1930;p95p96;57004.765625;;;;
;US-MT;1930;p95p100;;;;0.2541868687;0.2541868687
;US-MT;1930;p99.5p100;178646.0625;;;0.0796590969;0.0796590969
;US-MT;1929;p0p100;12918.3515625;;2948239360.0;;
;US-MT;1929;p99p100;176582.390625;;;0.1366911232;0.1366911232
;US-MT;1929;p99.9p100;614554.25;;;0.0475721881;0.0475721881
;US-MT;1929;p99.99p100;2485690.75;;;0.0192415472;0.0192415472
;US-MT;1929;p90p100;;;;0.3824523687;0.3824523687
;US-MT;1929;p90p91;49406.5429688;;;;
;US-MT;1929;p95p96;72598.28125;;;;
;US-MT;1929;p95p100;;;;0.2809889615;0.2809889615
;US-MT;1929;p99.5p100;254790.390625;;;0.0986156687;0.0986156687
;US-MT;1928;p0p100;11194.6269531;;2581918208.0;;
;US-MT;1928;p99p100;178778.15625;;;0.1596999615;0.1596999615
;US-MT;1928;p99.9p100;620726.3125;;;0.0554485917;0.0554485917
;US-MT;1928;p99.99p100;2692625.5;;;0.0240528379;0.0240528379
;US-MT;1928;p90p100;;;;0.4457342923;0.4457342923
;US-MT;1928;p90p91;49898.2929688;;;;
;US-MT;1928;p95p96;74069.8203125;;;;
;US-MT;1928;p95p100;;;;0.330827564;0.330827564
;US-MT;1928;p99.5p100;256153.71875;;;0.1144092306;0.1144092306
;US-MT;1927;p0p100;11062.0908203;;2573153792.0;;
;US-MT;1927;p99p100;151878.53125;;;0.1372964233;0.1372964233
;US-MT;1927;p99.9p100;496707.375;;;0.0449017622;0.0449017622
;US-MT;1927;p99.99p100;1740816.75;;;0.0157367811;0.0157367811
;US-MT;1927;p90p100;;;;0.4217484295;0.4217484295
;US-MT;1927;p90p91;46654.1953125;;;;
;US-MT;1927;p95p96;66492.59375;;;;
;US-MT;1927;p95p100;;;;0.3005426228;0.3005426228
;US-MT;1927;p99.5p100;216512.828125;;;0.0978625268;0.0978625268
;US-MT;1926;p0p100;9234.05761719;;2162707968.0;;
;US-MT;1926;p99p100;129643.546875;;;0.1403971612;0.1403971612
;US-MT;1926;p99.9p100;383702.78125;;;0.0415530019;0.0415530019
;US-MT;1926;p99.99p100;1071701.375;;;0.011605965;0.011605965
;US-MT;1926;p90p100;;;;0.4355032742;0.4355032742
;US-MT;1926;p90p91;40214.6210938;;;;
;US-MT;1926;p95p96;58285.0664062;;;;
;US-MT;1926;p95p100;;;;0.3155983686;0.3155983686
;US-MT;1926;p99.5p100;180626.421875;;;0.0978044793;0.0978044793
;US-MT;1925;p0p100;10099.7714844;;2382464256.0;;
;US-MT;1925;p99p100;122315.578125;;;0.1211072728;0.1211072728
;US-MT;1925;p99.9p100;395262.90625;;;0.0391358286;0.0391358286
;US-MT;1925;p99.99p100;1276389.25;;;0.0126378033;0.0126378033
;US-MT;1925;p90p100;;;;0.4269573987;0.4269573987
;US-MT;1925;p90p91;43121.71875;;;;
;US-MT;1925;p95p96;60276.1757812;;;;
;US-MT;1925;p95p100;;;;0.2984036803;0.2984036803
;US-MT;1925;p99.5p100;174158.4375;;;0.0862189978;0.0862189978
;US-MT;1924;p0p100;12794.765625;;3034972416.0;;
;US-MT;1924;p99p100;104439.914062;;;0.0816270635;0.0816270635
;US-MT;1924;p99.9p100;344755.0625;;;0.0269450061;0.0269450061
;US-MT;1924;p99.99p100;1019043.6875;;;0.0079645356;0.0079645356
;US-MT;1924;p90p100;;;;0.3492980599;0.3492980599
;US-MT;1924;p90p91;44691.8710938;;;;
;US-MT;1924;p95p96;56681.7265625;;;;
;US-MT;1924;p95p100;;;;0.2215035707;0.2215035707
;US-MT;1924;p99.5p100;149866.71875;;;0.0585656315;0.0585656315
;US-MT;1923;p0p100;11880.3476562;;2821665280.0;;
;US-MT;1923;p99p100;95026.46875;;;0.0799862668;0.0799862668
;US-MT;1923;p99.9p100;262223.34375;;;0.0220720265;0.0220720265
;US-MT;1923;p99.99p100;686089.8125;;;0.0057749976;0.0057749976
;US-MT;1923;p90p100;;;;0.3461635113;0.3461635113
;US-MT;1923;p90p91;41125.4296875;;;;
;US-MT;1923;p95p96;52210.0976562;;;;
;US-MT;1923;p95p100;;;;0.2197330296;0.2197330296
;US-MT;1923;p99.5p100;126914.65625;;;0.0534136966;0.0534136966
;US-MT;1922;p0p100;10389.4824219;;2475498240.0;;
;US-MT;1922;p99p100;96550.0;;;0.0929305032;0.0929305032
;US-MT;1922;p99.9p100;277856.46875;;;0.0267440137;0.0267440137
;US-MT;1922;p99.99p100;799215.125;;;0.0076925396;0.0076925396
;US-MT;1922;p90p100;;;;0.3765942156;0.3765942156
;US-MT;1922;p90p91;39126.1953125;;;;
;US-MT;1922;p95p96;50443.5;;;;
;US-MT;1922;p95p100;;;;0.2427623123;0.2427623123
;US-MT;1922;p99.5p100;128483.40625;;;0.0618334003;0.0618334003
;US-MT;1921;p0p100;9317.76660156;;2234359040.0;;
;US-MT;1921;p99p100;84815.1015625;;;0.0910251364;0.0910251364
;US-MT;1921;p99.9p100;240556.78125;;;0.0258170012;0.0258170012
;US-MT;1921;p99.99p100;668782.25;;;0.0071774949;0.0071774949
;US-MT;1921;p90p100;;;;0.3824395537;0.3824395537
;US-MT;1921;p90p91;35634.8242188;;;;
;US-MT;1921;p95p96;44952.2734375;;;;
;US-MT;1921;p95p100;;;;0.2412180603;0.2412180603
;US-MT;1921;p99.5p100;113240.53125;;;0.0607659183;0.0607659183
;US-MT;1920;p0p100;10971.1474609;;2632918528.0;;
;US-MT;1920;p99p100;87054.46875;;;0.0793485641;0.0793485641
;US-MT;1920;p99.9p100;253314.984375;;;0.0230891965;0.0230891965
;US-MT;1920;p99.99p100;855960.125;;;0.0078019202;0.0078019202
;US-MT;1920;p90p100;;;;0.3113203943;0.3113203943
;US-MT;1920;p90p91;34155.4179688;;;;
;US-MT;1920;p95p96;43172.5078125;;;;
;US-MT;1920;p95p100;;;;0.1967547536;0.1967547536
;US-MT;1920;p99.5p100;119368.78125;;;0.0544012338;0.0544012338
;US-MT;1919;p0p100;14826.3056641;;3384961792.0;;
;US-MT;1919;p99p100;119715.578125;;;0.0807453766;0.0807453766
;US-MT;1919;p99.9p100;365088.6875;;;0.0246243849;0.0246243849
;US-MT;1919;p99.99p100;1166236.5;;;0.0078659952;0.0078659952
;US-MT;1919;p90p100;;;;0.2954039872;0.2954039872
;US-MT;1919;p90p91;43797.5039062;;;;
;US-MT;1919;p95p96;57956.2773438;;;;
;US-MT;1919;p95p100;;;;0.1954508275;0.1954508275
;US-MT;1919;p99.5p100;167188.140625;;;0.0563822612;0.0563822612
;US-MT;1918;p0p100;15947.4042969;;3483977984.0;;
;US-MT;1918;p99p100;144430.046875;;;0.090566501;0.090566501
;US-MT;1918;p99.9p100;466508.5625;;;0.0292529482;0.0292529482
;US-MT;1918;p99.99p100;1706818.25;;;0.0107027972;0.0107027972
;US-MT;1918;p90p100;;;;0.3049800992;0.3049800992
;US-MT;1918;p90p91;48636.4101562;;;;
;US-MT;1918;p95p96;63248.2617188;;;;
;US-MT;1918;p95p100;;;;0.1983026862;0.1983026862
;US-MT;1918;p99.5p100;204668.140625;;;0.0641697347;0.0641697347
;US-MT;1917;p0p100;18437.9863281;;3905274880.0;;
