Variable Name;.;.;.;Fiscal income  | tax unit | Average | Adults | constant 2015 local currency;Fiscal income  | tax unit | Threshold | Adults | constant 2015 local currency;Fiscal income  | tax unit | Total | Adults | constant 2015 local currency;Fiscal income  | tax unit | Share | Adults | share of total (ratio);Pre-tax national income  | tax unit | Share | Adults | share of total (ratio)
Variable Category;.;.;.;Income inequality;Income inequality;Income inequality;Income inequality;Income inequality
Variable Description;.;.;.;Average Fiscal income within a given percentile group. Fiscal income is defined as the sum of all income items reported on income tax returns, before any deduction. It includes labour income, capital income and mixed income. The concept of fiscal income varies with national tax legislations, so in order to make international comparisons it is preferable to use the concept of national income. The population is comprised of individuals over age 20. The base unit is the tax unit defined by national fiscal administrations to measure personal income taxes.;Fiscal income threshold value at a given percentile.  Fiscal income is defined as the sum of all income items reported on income tax returns, before any deduction. It includes labour income, capital income and mixed income. The concept of fiscal income varies with national tax legislations, so in order to make international comparisons it is preferable to use the concept of national income. The population is comprised of individuals over age 20. The base unit is the tax unit defined by national fiscal administrations to measure personal income taxes.;Total Fiscal income  within a given percentile group. Fiscal income is defined as the sum of all income items reported on income tax returns, before any deduction. It includes labour income, capital income and mixed income. The concept of fiscal income varies with national tax legislations, so in order to make international comparisons it is preferable to use the concept of national income. The population is comprised of individuals over age 20.;Fiscal income share held by a given percentile group. Fiscal income is defined as the sum of all income items reported on income tax returns, before any deduction. It includes labour income, capital income and mixed income. The concept of fiscal income varies with national tax legislations, so in order to make international comparisons it is preferable to use the concept of national income. The population is comprised of individuals over age 20. The base unit is the tax unit defined by national fiscal administrations to measure personal income taxes.;Pre-tax national income share held by a given percentile group. Pre-tax national income  is the sum of all pre-tax personal income flows accruing to the owners of the production factors, labor and capital, before taking into account the operation of the tax/transfer system, but after taking into account the operation of pension system. The central difference between personal factor income and pre-tax income is the treatment of pensions, which are counted on a contribution basis by factor income and on a distribution basis by pre-tax income. The population is comprised of individuals over age 20. The base unit is the tax unit defined by national fiscal administrations to measure personal income taxes.
Variable Decomposition;.;.;.;[Fiscal income ]=[Fiscal labour income ]+[Fiscal capital income ];[Fiscal income ]=[Fiscal labour income ]+[Fiscal capital income ];[Fiscal income ]=[Fiscal labour income ]+[Fiscal capital income ];[Fiscal income ]=[Fiscal labour income ]+[Fiscal capital income ];Pre-tax national income =Pre-tax labor income [total pre-tax income ranking]+Pre-tax capital income [total pre-tax income ranking]
Variable Unit;.;.;.;"USD; United States dollar | local currency | market";"USD; United States dollar | local currency | market";"USD; United States dollar | local currency | market";share;share
Methodological Notes;.;.;.;;;;;Assuming the same distribution as fiscal income.
Sources;.;.;.;Frank, Sommeiller, Price & Saez (2015);Frank, Sommeiller, Price & Saez (2015);Frank, Sommeiller, Price & Saez (2015);Frank, Sommeiller, Price & Saez (2015);WID.world computations using: Frank, Sommeiller, Price & Saez (2015)
Variable Code;country;year;perc;afiinc992t;tfiinc992t;mfiinc992t;sfiinc992t;sptinc992t
;US-KS;2014;p0p100;65777.8984375;;93041008640.0;;
;US-KS;2014;p99p100;;380059.71875;;0.1683933437;0.1683933437
;US-KS;2014;p99.9p100;;1644033.125;;0.080101788;0.080101788
;US-KS;2014;p99.99p100;;8105299.5;;0.0381199792;0.0381199792
;US-KS;2014;p90p100;;126112.375;;0.4165626764;0.4165626764
;US-KS;2014;p90p91;277572.75;;;;
;US-KS;2014;p95p96;411007.0625;;;;
;US-KS;2014;p90p95;144138.421875;126112.375;;0.1070057154;0.1070057154
;US-KS;2014;p95p99;233752.046875;161444.96875;;0.1410937309;0.1410937309
;US-KS;2014;p99.5p99.9;875023.0;600804.375;;0.0530384779;0.0530384779
;US-KS;2014;p99.9p99.99;3015270.25;1644033.125;;0.0420069546;0.0420069546
;US-KS;2014;p99p99.5;469497.78125;380059.71875;;0.0352653973;0.0352653973
;US-KS;2014;p95p100;;161444.96875;;0.309463203;0.309463203
;US-KS;2014;p0p90;42245.1367188;;;0.5834697485;0.5834697485
;US-KS;2014;p0p99;55128.9179688;;;0.8316066861;0.8316066861
;US-KS;2014;p99.5p100;;600804.375;;0.1331261843;0.1331261843
;US-KS;2014;p99.5p99.6;1770556.375;;;;
;US-KS;2014;p99.99p99.991;26389462.0;;;;
;US-KS;2014;p99.9p99.91;5352689.5;;;;
;US-KS;2014;p99p99.1;1120027.0;;;;
;US-KS;2013;p0p100;65379.2148438;;92275376128.0;;
;US-KS;2013;p99p100;;366821.40625;;0.154455632;0.154455632
;US-KS;2013;p99.9p100;;1508200.875;;0.0703536272;0.0703536272
;US-KS;2013;p99.99p100;;7167344.5;;0.032994777;0.032994777
;US-KS;2013;p90p100;;125022.234375;;0.3984208703;0.3984208703
;US-KS;2013;p90p91;266049.6875;;;;
;US-KS;2013;p95p96;387518.3125;;;;
;US-KS;2013;p90p95;144581.03125;125022.234375;;0.1065472513;0.1065472513
;US-KS;2013;p95p99;228382.9375;158226.765625;;0.1372524798;0.1372524798
;US-KS;2013;p99.5p99.9;830290.375;572340.9375;;0.0499565974;0.0499565974
;US-KS;2013;p99.9p99.99;2721772.5;1508200.875;;0.0373670533;0.0373670533
;US-KS;2013;p99p99.5;450308.5;366821.40625;;0.0341551602;0.0341551602
;US-KS;2013;p95p100;;158226.765625;;0.2917301655;0.2917301655
;US-KS;2013;p0p90;43082.4960938;;;0.6017266512;0.6017266512
;US-KS;2013;p0p99;55695.5742188;;;0.8455443382;0.8455443382
;US-KS;2013;p99.5p100;;572340.9375;;0.1203130633;0.1203130633
;US-KS;2013;p99.5p99.6;1597811.125;;;;
;US-KS;2013;p99.99p99.991;22182988.0;;;;
;US-KS;2013;p99.9p99.91;4667894.0;;;;
;US-KS;2013;p99p99.1;1024059.8125;;;;
;US-KS;2012;p0p100;62246.1484375;;88231919616.0;;
;US-KS;2012;p99p100;1124670.875;;;0.1806811988;0.1806811988
;US-KS;2012;p99.9p100;5308881.5;;;0.0852885097;0.0852885097
;US-KS;2012;p99.99p100;24306928.0;;;0.0390496887;0.0390496887
;US-KS;2012;p90p100;;;;0.4350293875;0.4350293875
;US-KS;2012;p90p91;270789.0625;;;;
;US-KS;2012;p95p96;404053.40625;;;;
;US-KS;2012;p95p100;;;;0.3245609403;0.3245609403
;US-KS;2012;p99.5p100;1784302.375;;;0.1433263123;0.1433263123
;US-KS;2011;p0p100;59096.8359375;;84121214976.0;;
;US-KS;2011;p99p100;947700.0;;;0.1603639126;0.1603639126
;US-KS;2011;p99.9p100;4351462.5;;;0.0736327469;0.0736327469
;US-KS;2011;p99.99p100;20439046.0;;;0.0345856845;0.0345856845
;US-KS;2011;p90p100;;;;0.4178041518;0.4178041518
;US-KS;2011;p90p91;246909.03125;;;;
;US-KS;2011;p95p96;358913.75;;;;
;US-KS;2011;p95p100;;;;0.303665787;0.303665787
;US-KS;2011;p99.5p100;1480731.375;;;0.1252800971;0.1252800971
;US-KS;2010;p0p100;57424.4140625;;80384114688.0;;
;US-KS;2010;p99p100;946043.875;;;0.1647459269;0.1647459269
;US-KS;2010;p99.9p100;4470823.0;;;0.0778557807;0.0778557807
;US-KS;2010;p99.99p100;22191910.0;;;0.0386454277;0.0386454277
;US-KS;2010;p90p100;;;;0.4251502454;0.4251502454
;US-KS;2010;p90p91;244140.046875;;;;
;US-KS;2010;p95p96;353716.15625;;;;
;US-KS;2010;p95p100;;;;0.3079841435;0.3079841435
;US-KS;2010;p99.5p100;1490438.875;;;0.1297739595;0.1297739595
;US-KS;2009;p0p100;57020.5117188;;78402019328.0;;
;US-KS;2009;p99p100;834831.25;;;0.1464089304;0.1464089304
;US-KS;2009;p99.9p100;3626335.25;;;0.0635970309;0.0635970309
;US-KS;2009;p99.99p100;16152309.0;;;0.0283271894;0.0283271894
;US-KS;2009;p90p100;;;;0.4030432403;0.4030432403
;US-KS;2009;p90p91;229817.328125;;;;
;US-KS;2009;p95p96;326106.875;;;;
;US-KS;2009;p95p100;;;;0.2859557271;0.2859557271
;US-KS;2009;p99.5p100;1283645.0;;;0.1125599295;0.1125599295
;US-KS;2008;p0p100;64399.25;;86634430464.0;;
;US-KS;2008;p99p100;1048234.3125;;;0.1627712101;0.1627712101
;US-KS;2008;p99.9p100;4881416.0;;;0.0757992715;0.0757992715
;US-KS;2008;p99.99p100;22160568.0;;;0.0344112217;0.0344112217
;US-KS;2008;p90p100;;;;0.4047932923;0.4047932923
;US-KS;2008;p90p91;260683.828125;;;;
;US-KS;2008;p95p96;382279.28125;;;;
;US-KS;2008;p95p100;;;;0.2968041599;0.2968041599
;US-KS;2008;p99.5p100;1655934.0;;;0.1285677999;0.1285677999
;US-KS;2007;p0p100;65407.2734375;;88329158656.0;;
;US-KS;2007;p99p100;1174689.375;;;0.1795961261;0.1795961261
;US-KS;2007;p99.9p100;5588474.5;;;0.0854411796;0.0854411796
;US-KS;2007;p99.99p100;25031856.0;;;0.0382707529;0.0382707529
;US-KS;2007;p90p100;;;;0.423718363;0.423718363
;US-KS;2007;p90p91;277142.625;;;;
;US-KS;2007;p95p96;412581.03125;;;;
;US-KS;2007;p95p100;;;;0.3153938353;0.3153938353
;US-KS;2007;p99.5p100;1877162.375;;;0.1434979737;0.1434979737
;US-KS;2006;p0p100;63334.6015625;;83397312512.0;;
;US-KS;2006;p99p100;1105013.875;;;0.1744723767;0.1744723767
;US-KS;2006;p99.9p100;5137371.5;;;0.0811147615;0.0811147615
;US-KS;2006;p99.99p100;22164738.0;;;0.0349962525;0.0349962525
;US-KS;2006;p90p100;;;;0.419337213;0.419337213
;US-KS;2006;p90p91;265585.5625;;;;
;US-KS;2006;p95p96;392193.625;;;;
;US-KS;2006;p95p100;;;;0.3096203208;0.3096203208
;US-KS;2006;p99.5p100;1755374.875;;;0.1385794431;0.1385794431
;US-KS;2005;p0p100;60928.6679688;;78963564544.0;;
;US-KS;2005;p99p100;979230.75;;;0.1607175618;0.1607175618
;US-KS;2005;p99.9p100;4390396.0;;;0.0720579699;0.0720579699
;US-KS;2005;p99.99p100;18336254.0;;;0.0300946254;0.0300946254
;US-KS;2005;p90p100;;;;0.4033209682;0.4033209682
;US-KS;2005;p90p91;245738.09375;;;;
;US-KS;2005;p95p96;358950.28125;;;;
;US-KS;2005;p95p100;;;;0.2945660353;0.2945660353
;US-KS;2005;p99.5p100;1535683.125;;;0.1260230392;0.1260230392
;US-KS;2004;p0p100;57544.9609375;;74912874496.0;;
;US-KS;2004;p99p100;835043.3125;;;0.1451114565;0.1451114565
;US-KS;2004;p99.9p100;3529868.5;;;0.0613410622;0.0613410622
;US-KS;2004;p99.99p100;14285313.0;;;0.0248246137;0.0248246137
;US-KS;2004;p90p100;;;;0.391910553;0.391910553
;US-KS;2004;p90p91;225524.734375;;;;
;US-KS;2004;p95p96;329114.34375;;;;
;US-KS;2004;p95p100;;;;0.2859628201;0.2859628201
;US-KS;2004;p99.5p100;1281676.25;;;0.1113630459;0.1113630459
;US-KS;2003;p0p100;55258.53125;;71264911360.0;;
;US-KS;2003;p99p100;757345.0;;;0.1370548606;0.1370548606
;US-KS;2003;p99.9p100;3128757.75;;;0.0566203557;0.0566203557
;US-KS;2003;p99.99p100;12783166.0;;;0.0231333803;0.0231333803
;US-KS;2003;p90p100;;;;0.3851132691;0.3851132691
;US-KS;2003;p90p91;212807.9375;;;;
;US-KS;2003;p95p96;304258.5;;;;
;US-KS;2003;p95p100;;;;0.2753045261;0.2753045261
;US-KS;2003;p99.5p100;1152272.0;;;0.1042619124;0.1042619124
;US-KS;2002;p0p100;54126.4609375;;70640558080.0;;
;US-KS;2002;p99p100;717546.875;;;0.1325685978;0.1325685978
;US-KS;2002;p99.9p100;2829310.0;;;0.0522722155;0.0522722155
;US-KS;2002;p99.99p100;10969652.0;;;0.020266708;0.020266708
;US-KS;2002;p90p100;;;;0.3874634802;0.3874634802
;US-KS;2002;p90p91;209720.25;;;;
;US-KS;2002;p95p96;296319.625;;;;
;US-KS;2002;p95p100;;;;0.2737289965;0.2737289965
;US-KS;2002;p99.5p100;1076909.25;;;0.0994808525;0.0994808525
;US-KS;2001;p0p100;58384.0429688;;73697730560.0;;
;US-KS;2001;p99p100;742320.0;;;0.1271443218;0.1271443218
;US-KS;2001;p99.9p100;2736939.0;;;0.0468782075;0.0468782075
;US-KS;2001;p99.99p100;9449585.0;;;0.0161852185;0.0161852185
;US-KS;2001;p90p100;;;;0.3719702363;0.3719702363
;US-KS;2001;p90p91;217171.25;;;;
;US-KS;2001;p95p96;308258.09375;;;;
;US-KS;2001;p95p100;;;;0.2639917433;0.2639917433
;US-KS;2001;p99.5p100;1094999.125;;;0.0937755406;0.0937755406
;US-KS;2000;p0p100;62979.8242188;;77287825408.0;;
;US-KS;2000;p99p100;935846.625;;;0.1485946774;0.1485946774
;US-KS;2000;p99.9p100;3982828.5;;;0.0632397458;0.0632397458
;US-KS;2000;p99.99p100;15683268.0;;;0.0249020495;0.0249020495
;US-KS;2000;p90p100;;;;0.3899652362;0.3899652362
;US-KS;2000;p90p91;245599.421875;;;;
;US-KS;2000;p95p96;359266.9375;;;;
;US-KS;2000;p95p100;;;;0.2852238119;0.2852238119
;US-KS;2000;p99.5p100;1438555.75;;;0.1142076626;0.1142076626
;US-KS;1999;p0p100;60751.71875;;74777083904.0;;
;US-KS;1999;p99p100;919855.4375;;;0.1514122486;0.1514122486
;US-KS;1999;p99.9p100;3990271.0;;;0.0656816214;0.0656816214
;US-KS;1999;p99.99p100;16098770.0;;;0.0264992844;0.0264992844
;US-KS;1999;p90p100;;;;0.3989416063;0.3989416063
;US-KS;1999;p90p91;242363.859375;;;;
;US-KS;1999;p95p96;353393.78125;;;;
;US-KS;1999;p95p100;;;;0.290850848;0.290850848
;US-KS;1999;p99.5p100;1415397.5;;;0.1164903268;0.1164903268
;US-KS;1998;p0p100;58625.484375;;71311032320.0;;
;US-KS;1998;p99p100;859078.625;;;0.1465367228;0.1465367228
;US-KS;1998;p99.9p100;3661647.25;;;0.0624582879;0.0624582879
;US-KS;1998;p99.99p100;14522237.0;;;0.0247712042;0.0247712042
;US-KS;1998;p90p100;;;;0.3925306797;0.3925306797
;US-KS;1998;p90p91;230123.0;;;;
;US-KS;1998;p95p96;333121.78125;;;;
;US-KS;1998;p95p100;;;;0.2841100395;0.2841100395
;US-KS;1998;p99.5p100;1314019.5;;;0.112068966;0.112068966
;US-KS;1997;p0p100;55909.8671875;;66243596288.0;;
;US-KS;1997;p99p100;793963.1875;;;0.1420076936;0.1420076936
;US-KS;1997;p99.9p100;3315764.0;;;0.0593055263;0.0593055263
;US-KS;1997;p99.99p100;13604189.0;;;0.0243323576;0.0243323576
;US-KS;1997;p90p100;;;;0.3912603259;0.3912603259
;US-KS;1997;p90p91;218753.140625;;;;
;US-KS;1997;p95p96;314235.9375;;;;
;US-KS;1997;p95p100;;;;0.2810201049;0.2810201049
;US-KS;1997;p99.5p100;1202915.5;;;0.1075763181;0.1075763181
;US-KS;1996;p0p100;53145.09375;;61772664832.0;;
;US-KS;1996;p99p100;695733.3125;;;0.1309120357;0.1309120357
;US-KS;1996;p99.9p100;2691781.75;;;0.0506496765;0.0506496765
;US-KS;1996;p99.99p100;10138543.0;;;0.0190771017;0.0190771017
;US-KS;1996;p90p100;;;;0.3805044293;0.3805044293
;US-KS;1996;p90p91;202219.421875;;;;
;US-KS;1996;p95p96;285627.28125;;;;
;US-KS;1996;p95p100;;;;0.2687240541;0.2687240541
;US-KS;1996;p99.5p100;1039775.5;;;0.0978242233;0.0978242233
;US-KS;1995;p0p100;49201.5507812;;57680060416.0;;
;US-KS;1995;p99p100;636553.25;;;0.1293766648;0.1293766648
;US-KS;1995;p99.9p100;2420685.0;;;0.0491993651;0.0491993651
;US-KS;1995;p99.99p100;8968022.0;;;0.0182271134;0.0182271134
;US-KS;1995;p90p100;;;;0.3844594657;0.3844594657
;US-KS;1995;p90p91;189160.015625;;;;
;US-KS;1995;p95p96;265041.8125;;;;
;US-KS;1995;p95p100;;;;0.2693429291;0.2693429291
;US-KS;1995;p99.5p100;947076.5;;;0.096244581;0.096244581
;US-KS;1994;p0p100;49229.5117188;;56049106944.0;;
;US-KS;1994;p99p100;571781.25;;;0.1161460206;0.1161460206
;US-KS;1994;p99.9p100;2116441.0;;;0.0429913066;0.0429913066
;US-KS;1994;p99.99p100;7863608.0;;;0.0159733612;0.0159733612
;US-KS;1994;p90p100;;;;0.3593811393;0.3593811393
;US-KS;1994;p90p91;176921.59375;;;;
;US-KS;1994;p95p96;245377.09375;;;;
;US-KS;1994;p95p100;;;;0.2492174655;0.2492174655
;US-KS;1994;p99.5p100;842112.125;;;0.0855291933;0.0855291933
;US-KS;1993;p0p100;47598.5703125;;54699732992.0;;
;US-KS;1993;p99p100;572961.375;;;0.1203736588;0.1203736588
;US-KS;1993;p99.9p100;2204254.5;;;0.0463092588;0.0463092588
;US-KS;1993;p99.99p100;8521536.0;;;0.0179029256;0.0179029256
;US-KS;1993;p90p100;;;;0.3648116291;0.3648116291
;US-KS;1993;p90p91;173645.125;;;;
;US-KS;1993;p95p96;242764.359375;;;;
;US-KS;1993;p95p100;;;;0.255012244;0.255012244
;US-KS;1993;p99.5p100;855676.0;;;0.0898846239;0.0898846239
;US-KS;1992;p0p100;47627.2265625;;54391484416.0;;
;US-KS;1992;p99p100;594541.6875;;;0.1248323172;0.1248323172
;US-KS;1992;p99.9p100;2291263.0;;;0.0481082648;0.0481082648
;US-KS;1992;p99.99p100;8771024.0;;;0.0184159875;0.0184159875
;US-KS;1992;p90p100;;;;0.3683903813;0.3683903813
;US-KS;1992;p90p91;175454.109375;;;;
;US-KS;1992;p95p96;246091.40625;;;;
;US-KS;1992;p95p100;;;;0.258351624;0.258351624
;US-KS;1992;p99.5p100;890197.5625;;;0.0934546962;0.0934546962
;US-KS;1991;p0p100;46326.1210938;;52365586432.0;;
;US-KS;1991;p99p100;542841.9375;;;0.1171783805;0.1171783805
;US-KS;1991;p99.9p100;1996803.875;;;0.0431031957;0.0431031957
;US-KS;1991;p99.99p100;7318213.5;;;0.0157971643;0.0157971643
;US-KS;1991;p90p100;;;;0.3671307564;0.3671307564
;US-KS;1991;p90p91;170077.4375;;;;
;US-KS;1991;p95p96;232749.1875;;;;
;US-KS;1991;p95p100;;;;0.2512073219;0.2512073219
;US-KS;1991;p99.5p100;801358.25;;;0.0864909738;0.0864909738
;US-KS;1990;p0p100;47889.7460938;;53100068864.0;;
;US-KS;1990;p99p100;579064.4375;;;0.120916158;0.120916158
;US-KS;1990;p99.9p100;2230563.75;;;0.0465770662;0.0465770662
;US-KS;1990;p99.99p100;8468977.0;;;0.01768432;0.01768432
;US-KS;1990;p90p100;;;;0.3632335067;0.3632335067
;US-KS;1990;p90p91;173951.609375;;;;
;US-KS;1990;p95p96;241209.921875;;;;
;US-KS;1990;p95p100;;;;0.2518387735;0.2518387735
;US-KS;1990;p99.5p100;870328.9375;;;0.0908679813;0.0908679813
;US-KS;1989;p0p100;46279.0859375;;52325134336.0;;
;US-KS;1989;p99p100;592090.1875;;;0.1279390454;0.1279390454
;US-KS;1989;p99.9p100;2294548.5;;;0.0495806821;0.0495806821
;US-KS;1989;p99.99p100;8785153.0;;;0.0189829879;0.0189829879
;US-KS;1989;p90p100;;;;0.3783154488;0.3783154488
;US-KS;1989;p90p91;175080.921875;;;;
;US-KS;1989;p95p96;244447.125;;;;
;US-KS;1989;p95p100;;;;0.264101088;0.264101088
;US-KS;1989;p99.5p100;887713.6875;;;0.0959087312;0.0959087312
;US-KS;1988;p0p100;46984.2265625;;52936069120.0;;
;US-KS;1988;p99p100;619055.25;;;0.1317581087;0.1317581087
;US-KS;1988;p99.9p100;2510865.25;;;0.0534406006;0.0534406006
;US-KS;1988;p99.99p100;9770673.0;;;0.0207956452;0.0207956452
;US-KS;1988;p90p100;;;;0.3738296032;0.3738296032
;US-KS;1988;p90p91;175640.953125;;;;
;US-KS;1988;p95p96;247306.25;;;;
;US-KS;1988;p95p100;;;;0.2631800771;0.2631800771
;US-KS;1988;p99.5p100;943616.5;;;0.1004184335;0.1004184335
;US-KS;1987;p0p100;46310.9570312;;50964717568.0;;
;US-KS;1987;p99p100;481102.25;;;0.1038851887;0.1038851887
;US-KS;1987;p99.9p100;1701709.625;;;0.0367452912;0.0367452912
;US-KS;1987;p99.99p100;6058344.0;;;0.0130818812;0.0130818812
;US-KS;1987;p90p100;;;;0.3432289362;0.3432289362
;US-KS;1987;p90p91;158952.609375;;;;
;US-KS;1987;p95p96;214719.0625;;;;
;US-KS;1987;p95p100;;;;0.2318231612;0.2318231612
;US-KS;1987;p99.5p100;698863.0625;;;0.0754533187;0.0754533187
;US-KS;1986;p0p100;48384.1679688;;52900237312.0;;
;US-KS;1986;p99p100;613856.125;;;0.1268712878;0.1268712878
;US-KS;1986;p99.9p100;2599434.0;;;0.0537248887;0.0537248887
;US-KS;1986;p99.99p100;10693205.0;;;0.0221006311;0.0221006311
;US-KS;1986;p90p100;;;;0.3575690389;0.3575690389
;US-KS;1986;p90p91;173006.796875;;;;
;US-KS;1986;p95p96;243600.6875;;;;
;US-KS;1986;p95p100;;;;0.2517359555;0.2517359555
;US-KS;1986;p99.5p100;945970.0625;;;0.0977561548;0.0977561548
;US-KS;1985;p0p100;45249.3632812;;48602312704.0;;
;US-KS;1985;p99p100;429018.3125;;;0.0948120132;0.0948120132
;US-KS;1985;p99.9p100;1489890.375;;;0.0329262167;0.0329262167
;US-KS;1985;p99.99p100;4985469.5;;;0.0110177668;0.0110177668
;US-KS;1985;p90p100;;;;0.3301313221;0.3301313221
;US-KS;1985;p90p91;149382.3125;;;;
;US-KS;1985;p95p96;197315.140625;;;;
;US-KS;1985;p95p100;;;;0.2180308551;0.2180308551
;US-KS;1985;p99.5p100;613466.8125;;;0.0677873418;0.0677873418
;US-KS;1984;p0p100;43931.6992188;;46377713664.0;;
;US-KS;1984;p99p100;453446.8125;;;0.1032163203;0.1032163203
;US-KS;1984;p99.9p100;1722422.25;;;0.0392068215;0.0392068215
;US-KS;1984;p99.99p100;6882001.5;;;0.0156652313;0.0156652313
;US-KS;1984;p90p100;;;;0.3362418711;0.3362418711
;US-KS;1984;p90p91;147716.765625;;;;
;US-KS;1984;p95p96;199041.75;;;;
;US-KS;1984;p95p100;;;;0.2265354842;0.2265354842
;US-KS;1984;p99.5p100;661166.5;;;0.0752493739;0.0752493739
;US-KS;1983;p0p100;42226.9453125;;43825487872.0;;
;US-KS;1983;p99p100;478206.875;;;0.1132468507;0.1132468507
;US-KS;1983;p99.9p100;1910954.0;;;0.0452543721;0.0452543721
;US-KS;1983;p99.99p100;7788937.0;;;0.0184454191;0.0184454191
;US-KS;1983;p90p100;;;;0.3442135155;0.3442135155
;US-KS;1983;p90p91;145350.859375;;;;
;US-KS;1983;p95p96;201841.640625;;;;
;US-KS;1983;p95p100;;;;0.2389962524;0.2389962524
;US-KS;1983;p99.5p100;713509.0;;;0.0844850317;0.0844850317
;US-KS;1982;p0p100;43859.984375;;45512826880.0;;
;US-KS;1982;p99p100;462681.84375;;;0.1054906547;0.1054906547
;US-KS;1982;p99.9p100;1789634.125;;;0.0408033468;0.0408033468
;US-KS;1982;p99.99p100;7430618.5;;;0.0169416796;0.0169416796
;US-KS;1982;p90p100;;;;0.3376425803;0.3376425803
;US-KS;1982;p90p91;148090.0;;;;
;US-KS;1982;p95p96;200693.5;;;;
;US-KS;1982;p95p100;;;;0.2287888378;0.2287888378
;US-KS;1982;p99.5p100;682724.625;;;0.0778300092;0.0778300092
;US-KS;1981;p0p100;42087.625;;44994056192.0;;
;US-KS;1981;p99p100;414312.6875;;;0.0984405056;0.0984405056
;US-KS;1981;p99.9p100;1381688.375;;;0.0328288525;0.0328288525
;US-KS;1981;p99.99p100;4772015.5;;;0.0113382861;0.0113382861
;US-KS;1981;p90p100;;;;0.3439185619;0.3439185619
;US-KS;1981;p90p91;144747.15625;;;;
;US-KS;1981;p95p96;192576.1875;;;;
;US-KS;1981;p95p100;;;;0.2287800461;0.2287800461
;US-KS;1981;p99.5p100;589927.5625;;;0.0700832531;0.0700832531
;US-KS;1980;p0p100;42269.4960938;;44152647680.0;;
;US-KS;1980;p99p100;435087.875;;;0.102931872;0.102931872
;US-KS;1980;p99.9p100;1550621.625;;;0.0366841704;0.0366841704
;US-KS;1980;p99.99p100;6608958.0;;;0.0156352874;0.0156352874
;US-KS;1980;p90p100;;;;0.3478677273;0.3478677273
;US-KS;1980;p90p91;147041.96875;;;;
;US-KS;1980;p95p96;198133.734375;;;;
;US-KS;1980;p95p100;;;;0.2343696058;0.2343696058
;US-KS;1980;p99.5p100;627456.75;;;0.0742209703;0.0742209703
;US-KS;1979;p0p100;42804.5039062;;44468068352.0;;
;US-KS;1979;p99p100;421767.375;;;0.0985334143;0.0985334143
;US-KS;1979;p99.9p100;1424618.0;;;0.033281967;0.033281967
;US-KS;1979;p99.99p100;5252551.5;;;0.0122710252;0.0122710252
;US-KS;1979;p90p100;;;;0.3392485678;0.3392485678
;US-KS;1979;p90p91;145213.671875;;;;
;US-KS;1979;p95p96;193688.734375;;;;
;US-KS;1979;p95p100;;;;0.2262480855;0.2262480855
;US-KS;1979;p99.5p100;599214.4375;;;0.069994323;0.069994323
;US-KS;1978;p0p100;40541.3242188;;41382264832.0;;
;US-KS;1978;p99p100;363430.46875;;;0.0896444544;0.0896444544
;US-KS;1978;p99.9p100;981148.9375;;;0.0242012069;0.0242012069
;US-KS;1978;p99.99p100;3117038.75;;;0.0076885475;0.0076885475
;US-KS;1978;p90p100;;;;0.3353091776;0.3353091776
;US-KS;1978;p90p91;135938.78125;;;;
;US-KS;1978;p95p96;182012.671875;;;;
;US-KS;1978;p95p100;;;;0.2244779617;0.2244779617
;US-KS;1978;p99.5p100;489095.75;;;0.0603206418;0.0603206418
;US-KS;1977;p0p100;39956.9101562;;40214360064.0;;
;US-KS;1977;p99p100;370546.53125;;;0.0927365348;0.0927365348
;US-KS;1977;p99.9p100;1087604.625;;;0.0272194333;0.0272194333
;US-KS;1977;p99.99p100;3892415.25;;;0.0097415317;0.0097415317
;US-KS;1977;p90p100;;;;0.3351097405;0.3351097405
;US-KS;1977;p90p91;133899.5;;;;
;US-KS;1977;p95p96;178589.75;;;;
;US-KS;1977;p95p100;;;;0.2234779;0.2234779
;US-KS;1977;p99.5p100;510396.65625;;;0.0638683811;0.0638683811
;US-KS;1976;p0p100;39795.1757812;;39514800128.0;;
;US-KS;1976;p99p100;344688.8125;;;0.0866157264;0.0866157264
;US-KS;1976;p99.9p100;910516.625;;;0.0228800736;0.0228800736
;US-KS;1976;p99.99p100;2694030.25;;;0.00676974;0.00676974
;US-KS;1976;p90p100;;;;0.3366238177;0.3366238177
;US-KS;1976;p90p91;133960.046875;;;;
;US-KS;1976;p95p96;175933.046875;;;;
;US-KS;1976;p95p100;;;;0.2210482061;0.2210482061
;US-KS;1976;p99.5p100;473523.28125;;;0.0594950579;0.0594950579
;US-KS;1975;p0p100;38861.2890625;;38094553088.0;;
;US-KS;1975;p99p100;356302.5625;;;0.0916857272;0.0916857272
;US-KS;1975;p99.9p100;1003012.75;;;0.0258100722;0.0258100722
;US-KS;1975;p99.99p100;3246799.5;;;0.0083548427;0.0083548427
;US-KS;1975;p90p100;;;;0.3433709443;0.3433709443
;US-KS;1975;p90p91;133438.375;;;;
;US-KS;1975;p95p96;180078.34375;;;;
;US-KS;1975;p95p100;;;;0.2316937149;0.2316937149
;US-KS;1975;p99.5p100;481851.65625;;;0.0619963519;0.0619963519
;US-KS;1974;p0p100;40459.203125;;39143223296.0;;
;US-KS;1974;p99p100;390529.40625;;;0.0965242386;0.0965242386
;US-KS;1974;p99.9p100;1198575.75;;;0.0296243019;0.0296243019
;US-KS;1974;p99.99p100;3958136.75;;;0.0097830314;0.0097830314
;US-KS;1974;p90p100;;;;0.343365401;0.343365401
;US-KS;1974;p90p91;138922.90625;;;;
;US-KS;1974;p95p96;185947.4375;;;;
;US-KS;1974;p95p100;;;;0.229796201;0.229796201
;US-KS;1974;p99.5p100;544213.1875;;;0.0672545582;0.0672545582
;US-KS;1973;p0p100;41575.3867188;;39729713152.0;;
;US-KS;1973;p99p100;362573.375;;;0.087208651;0.087208651
;US-KS;1973;p99.9p100;999486.5;;;0.0240403377;0.0240403377
;US-KS;1973;p99.99p100;3222157.75;;;0.0077501563;0.0077501563
;US-KS;1973;p90p100;;;;0.3310391605;0.3310391605
;US-KS;1973;p90p91;137630.8125;;;;
;US-KS;1973;p95p96;183564.421875;;;;
;US-KS;1973;p95p100;;;;0.2207609117;0.2207609117
;US-KS;1973;p99.5p100;490802.3125;;;0.0590255782;0.0590255782
;US-KS;1972;p0p100;39324.3515625;;37105201152.0;;
;US-KS;1972;p99p100;345904.09375;;;0.0879618004;0.0879618004
;US-KS;1972;p99.9p100;991953.75;;;0.0252249222;0.0252249222
;US-KS;1972;p99.99p100;3372715.75;;;0.0085766586;0.0085766586
;US-KS;1972;p90p100;;;;0.326694876;0.326694876
;US-KS;1972;p90p91;128470.65625;;;;
;US-KS;1972;p95p96;171713.90625;;;;
;US-KS;1972;p95p100;;;;0.2183302343;0.2183302343
;US-KS;1972;p99.5p100;470875.625;;;0.0598707385;0.0598707385
;US-KS;1971;p0p100;36812.5273438;;34260008960.0;;
;US-KS;1971;p99p100;322925.25;;;0.0877215639;0.0877215639
;US-KS;1971;p99.9p100;874674.0625;;;0.0237602275;0.0237602275
;US-KS;1971;p99.99p100;2714113.75;;;0.0073727989;0.0073727989
;US-KS;1971;p90p100;;;;0.3323072791;0.3323072791
;US-KS;1971;p90p91;122330.710938;;;;
;US-KS;1971;p95p96;162377.890625;;;;
;US-KS;1971;p95p100;;;;0.2205470502;0.2205470502
;US-KS;1971;p99.5p100;434987.0625;;;0.0590813905;0.0590813905
;US-KS;1970;p0p100;36136.0664062;;33108541440.0;;
;US-KS;1970;p99p100;306689.65625;;;0.0848707855;0.0848707855
;US-KS;1970;p99.9p100;850331.25;;;0.0235313717;0.0235313717
;US-KS;1970;p99.99p100;2883055.75;;;0.0079783322;0.0079783322
;US-KS;1970;p90p100;;;;0.3213968277;0.3213968277
;US-KS;1970;p90p91;116140.179688;;;;
;US-KS;1970;p95p96;152561.71875;;;;
;US-KS;1970;p95p100;;;;0.211093381;0.211093381
;US-KS;1970;p99.5p100;414809.125;;;0.0573954359;0.0573954359
;US-KS;1969;p0p100;35950.3789062;;32813103104.0;;
;US-KS;1969;p99p100;339048.125;;;0.0943100154;0.0943100154
;US-KS;1969;p99.9p100;1110008.875;;;0.0308761317;0.0308761317
;US-KS;1969;p99.99p100;4732319.5;;;0.0131634744;0.0131634744
;US-KS;1969;p90p100;;;;0.331944108;0.331944108
;US-KS;1969;p90p91;119335.179688;;;;
;US-KS;1969;p95p96;159375.953125;;;;
;US-KS;1969;p95p100;;;;0.2216610014;0.2216610014
;US-KS;1969;p99.5p100;477391.03125;;;0.0663958192;0.0663958192
;US-KS;1968;p0p100;34835.9648438;;31733317632.0;;
;US-KS;1968;p99p100;368170.96875;;;0.1056870297;0.1056870297
;US-KS;1968;p99.9p100;1276432.75;;;0.0366412327;0.0366412327
;US-KS;1968;p99.99p100;5655000.5;;;0.0162332244;0.0162332244
;US-KS;1968;p90p100;;;;0.3474475443;0.3474475443
;US-KS;1968;p90p91;121036.710938;;;;
;US-KS;1968;p95p96;165056.390625;;;;
;US-KS;1968;p95p100;;;;0.2369051427;0.2369051427
;US-KS;1968;p99.5p100;529050.4375;;;0.0759345219;0.0759345219
;US-KS;1967;p0p100;33399.3671875;;30357110784.0;;
;US-KS;1967;p99p100;324745.75;;;0.0972311124;0.0972311124
;US-KS;1967;p99.9p100;922788.4375;;;0.027628921;0.027628921
;US-KS;1967;p99.99p100;2975216.5;;;0.0089080026;0.0089080026
;US-KS;1967;p90p100;;;;0.3408435285;0.3408435285
;US-KS;1967;p90p91;113839.578125;;;;
;US-KS;1967;p95p96;153449.921875;;;;
;US-KS;1967;p95p100;;;;0.2297197878;0.2297197878
;US-KS;1967;p99.5p100;440802.59375;;;0.0659896582;0.0659896582
;US-KS;1966;p0p100;32678.7890625;;29608323072.0;;
;US-KS;1966;p99p100;299995.78125;;;0.0918013752;0.0918013752
;US-KS;1966;p99.9p100;875319.8125;;;0.0267855655;0.0267855655
;US-KS;1966;p99.99p100;3007446.75;;;0.009203054;0.009203054
;US-KS;1966;p90p100;;;;0.3373623192;0.3373623192
;US-KS;1966;p90p91;110245.921875;;;;
;US-KS;1966;p95p96;144893.53125;;;;
;US-KS;1966;p95p100;;;;0.2216935456;0.2216935456
;US-KS;1966;p99.5p100;413507.375;;;0.0632684678;0.0632684678
;US-KS;1965;p0p100;31456.3066406;;28390715392.0;;
;US-KS;1965;p99p100;300197.65625;;;0.0954332277;0.0954332277
;US-KS;1965;p99.9p100;826190.75;;;0.0262647122;0.0262647122
;US-KS;1965;p99.99p100;2397609.0;;;0.0076220301;0.0076220301
;US-KS;1965;p90p100;;;;0.3413438201;0.3413438201
;US-KS;1965;p90p91;107374.15625;;;;
;US-KS;1965;p95p96;142615.25;;;;
;US-KS;1965;p95p100;;;;0.2266878784;0.2266878784
;US-KS;1965;p99.5p100;403595.9375;;;0.064151831;0.064151831
;US-KS;1964;p0p100;30174.359375;;27101751296.0;;
;US-KS;1964;p99p100;280010.4375;;;0.0927974805;0.0927974805
;US-KS;1964;p99.9p100;775392.375;;;0.0256970618;0.0256970618
;US-KS;1964;p99.99p100;1988131.0;;;0.0065888097;0.0065888097
;US-KS;1964;p90p100;;;;0.3372723758;0.3372723758
;US-KS;1964;p90p91;101769.789062;;;;
;US-KS;1964;p95p96;135114.109375;;;;
;US-KS;1964;p95p100;;;;0.2238889337;0.2238889337
;US-KS;1964;p99.5p100;376786.0625;;;0.0624348037;0.0624348037
;US-KS;1963;p0p100;29004.9101562;;25888219136.0;;
;US-KS;1963;p99p100;258111.5;;;0.0889889076;0.0889889076
;US-KS;1963;p99.9p100;721913.75;;;0.0248893648;0.0248893648
;US-KS;1963;p99.99p100;2038090.25;;;0.0070267078;0.0070267078
;US-KS;1963;p90p100;;;;0.3344962001;0.3344962001
;US-KS;1963;p90p91;97020.3125;;;;
;US-KS;1963;p95p96;128108.945312;;;;
;US-KS;1963;p95p100;;;;0.2208401263;0.2208401263
;US-KS;1963;p99.5p100;349472.03125;;;0.0602435991;0.0602435991
;US-KS;1962;p0p100;28633.0683594;;25382565888.0;;
;US-KS;1962;p99p100;253480.765625;;;0.0885272846;0.0885272846
;US-KS;1962;p99.9p100;713956.125;;;0.0249346718;0.0249346718
;US-KS;1962;p99.99p100;2096877.75;;;0.007323273;0.007323273
;US-KS;1962;p90p100;;;;0.3325114846;0.3325114846
;US-KS;1962;p90p91;95208.234375;;;;
;US-KS;1962;p95p96;124965.953125;;;;
;US-KS;1962;p95p100;;;;0.2182196379;0.2182196379
;US-KS;1962;p99.5p100;349188.59375;;;0.0609764531;0.0609764531
;US-KS;1961;p0p100;28415.3125;;24992702464.0;;
;US-KS;1961;p99p100;260612.0;;;0.0917153507;0.0917153507
;US-KS;1961;p99.9p100;786130.75;;;0.0276657473;0.0276657473
;US-KS;1961;p99.99p100;2680177.5;;;0.0094321594;0.0094321594
;US-KS;1961;p90p100;;;;0.3287116885;0.3287116885
;US-KS;1961;p90p91;93404.4453125;;;;
;US-KS;1961;p95p96;124086.875;;;;
;US-KS;1961;p95p100;;;;0.2183451056;0.2183451056
;US-KS;1961;p99.5p100;366815.6875;;;0.0645454302;0.0645454302
;US-KS;1960;p0p100;27422.4960938;;23901327360.0;;
;US-KS;1960;p99p100;239000.03125;;;0.0871547312;0.0871547312
;US-KS;1960;p99.9p100;645124.0;;;0.0235253554;0.0235253554
;US-KS;1960;p99.99p100;1843381.875;;;0.0067221518;0.0067221518
;US-KS;1960;p90p100;;;;0.3209640682;0.3209640682
;US-KS;1960;p90p91;88016.3671875;;;;
;US-KS;1960;p95p96;116401.992188;;;;
;US-KS;1960;p95p100;;;;0.2122381181;0.2122381181
;US-KS;1960;p99.5p100;325651.25;;;0.0593766607;0.0593766607
;US-KS;1959;p0p100;27115.53125;;23635079168.0;;
;US-KS;1959;p99p100;233837.84375;;;0.0862376019;0.0862376019
;US-KS;1959;p99.9p100;671189.5625;;;0.0247529577;0.0247529577
;US-KS;1959;p99.99p100;1864310.0;;;0.006875433;0.006875433
;US-KS;1959;p90p100;;;;0.314426899;0.314426899
;US-KS;1959;p90p91;85258.515625;;;;
;US-KS;1959;p95p96;113286.65625;;;;
;US-KS;1959;p95p100;;;;0.2088962644;0.2088962644
;US-KS;1959;p99.5p100;324895.71875;;;0.05990953;0.05990953
;US-KS;1958;p0p100;26890.4941406;;23414466560.0;;
;US-KS;1958;p99p100;228108.390625;;;0.0848286301;0.0848286301
;US-KS;1958;p99.9p100;646003.6875;;;0.0240234956;0.0240234956
;US-KS;1958;p99.99p100;1885212.125;;;0.0070107006;0.0070107006
;US-KS;1958;p90p100;;;;0.3096613586;0.3096613586
;US-KS;1958;p90p91;83269.46875;;;;
;US-KS;1958;p95p96;110526.84375;;;;
;US-KS;1958;p95p100;;;;0.2055128515;0.2055128515
;US-KS;1958;p99.5p100;312018.53125;;;0.0580165088;0.0580165088
;US-KS;1957;p0p100;25385.1738281;;22075672576.0;;
;US-KS;1957;p99p100;229752.15625;;;0.0905064419;0.0905064419
;US-KS;1957;p99.9p100;648496.5;;;0.0255462732;0.0255462732
;US-KS;1957;p99.99p100;2012327.25;;;0.0079271756;0.0079271756
;US-KS;1957;p90p100;;;;0.3121697605;0.3121697605
;US-KS;1957;p90p91;79244.828125;;;;
;US-KS;1957;p95p96;106961.851562;;;;
;US-KS;1957;p95p100;;;;0.2106778175;0.2106778175
;US-KS;1957;p99.5p100;314497.59375;;;0.0619451366;0.0619451366
;US-KS;1956;p0p100;25370.6445312;;21999880192.0;;
;US-KS;1956;p99p100;228112.65625;;;0.0899120495;0.0899120495
;US-KS;1956;p99.9p100;669773.3125;;;0.0263995361;0.0263995361
;US-KS;1956;p99.99p100;2031840.125;;;0.0080086263;0.0080086263
;US-KS;1956;p90p100;;;;0.3063774109;0.3063774109
;US-KS;1956;p90p91;77729.921875;;;;
;US-KS;1956;p95p96;105650.46875;;;;
;US-KS;1956;p95p100;;;;0.2082139999;0.2082139999
;US-KS;1956;p99.5p100;314695.5625;;;0.0620196201;0.0620196201
;US-KS;1955;p0p100;25090.2109375;;21696645120.0;;
;US-KS;1955;p99p100;229688.46875;;;0.0915450528;0.0915450528
;US-KS;1955;p99.9p100;685770.6875;;;0.0273322016;0.0273322016
;US-KS;1955;p99.99p100;2007810.5;;;0.0080023659;0.0080023659
;US-KS;1955;p90p100;;;;0.3151221871;0.3151221871
;US-KS;1955;p90p91;79064.8203125;;;;
;US-KS;1955;p95p96;106555.578125;;;;
;US-KS;1955;p95p100;;;;0.2123449296;0.2123449296
;US-KS;1955;p99.5p100;322803.34375;;;0.0643285438;0.0643285438
;US-KS;1954;p0p100;25361.8417969;;21868101632.0;;
;US-KS;1954;p99p100;230162.734375;;;0.0907515883;0.0907515883
;US-KS;1954;p99.9p100;707851.1875;;;0.0279100854;0.0279100854
;US-KS;1954;p99.99p100;2128464.25;;;0.008392388;0.008392388
;US-KS;1954;p90p100;;;;0.3048483729;0.3048483729
;US-KS;1954;p90p91;77315.1640625;;;;
;US-KS;1954;p95p96;105166.898438;;;;
;US-KS;1954;p95p100;;;;0.207332924;0.207332924
;US-KS;1954;p99.5p100;324917.25;;;0.064056322;0.064056322
;US-KS;1953;p0p100;24086.9765625;;20705986560.0;;
;US-KS;1953;p99p100;205884.859375;;;0.0854755938;0.0854755938
;US-KS;1953;p99.9p100;585539.625;;;0.0243093874;0.0243093874
;US-KS;1953;p99.99p100;1824438.625;;;0.007574378;0.007574378
;US-KS;1953;p90p100;;;;0.3122042716;0.3122042716
;US-KS;1953;p90p91;75200.5703125;;;;
;US-KS;1953;p95p96;99415.296875;;;;
;US-KS;1953;p95p100;;;;0.2063673288;0.2063673288
;US-KS;1953;p99.5p100;281395.59375;;;0.0584123954;0.0584123954
;US-KS;1952;p0p100;25783.8378906;;22115459072.0;;
;US-KS;1952;p99p100;230715.828125;;;0.089480795;0.089480795
;US-KS;1952;p99.9p100;663036.3125;;;0.0257151909;0.0257151909
;US-KS;1952;p99.99p100;2078452.125;;;0.0080610663;0.0080610663
;US-KS;1952;p90p100;;;;0.314689219;0.314689219
;US-KS;1952;p90p91;81138.953125;;;;
;US-KS;1952;p95p96;103972.414062;;;;
;US-KS;1952;p95p100;;;;0.2016232312;0.2016232312
;US-KS;1952;p99.5p100;319269.28125;;;0.0619126819;0.0619126819
;US-KS;1951;p0p100;22886.7441406;;19571961856.0;;
;US-KS;1951;p99p100;242160.265625;;;0.1058080941;0.1058080941
;US-KS;1951;p99.9p100;710193.375;;;0.031030776;0.031030776
;US-KS;1951;p99.99p100;2314537.75;;;0.0101130065;0.0101130065
;US-KS;1951;p90p100;;;;0.337562263;0.337562263
;US-KS;1951;p90p91;77257.0078125;;;;
;US-KS;1951;p95p96;107845.015625;;;;
;US-KS;1951;p95p100;;;;0.2356058657;0.2356058657
;US-KS;1951;p99.5p100;335680.96875;;;0.0733352453;0.0733352453
;US-KS;1950;p0p100;22193.1777344;;18921211904.0;;
;US-KS;1950;p99p100;250664.09375;;;0.1129464731;0.1129464731
;US-KS;1950;p99.9p100;736395.8125;;;0.0331811793;0.0331811793
;US-KS;1950;p99.99p100;1722206.5;;;0.0077600726;0.0077600726
;US-KS;1950;p90p100;;;;0.3466167748;0.3466167748
;US-KS;1950;p90p91;76925.2734375;;;;
;US-KS;1950;p95p96;108245.71875;;;;
;US-KS;1950;p95p100;;;;0.2438716143;0.2438716143
;US-KS;1950;p99.5p100;352393.78125;;;0.0793923661;0.0793923661
;US-KS;1949;p0p100;19843.0117188;;16792638464.0;;
;US-KS;1949;p99p100;218279.578125;;;0.1100032553;0.1100032553
;US-KS;1949;p99.9p100;600729.375;;;0.0302741062;0.0302741062
;US-KS;1949;p99.99p100;1617089.25;;;0.0081494153;0.0081494153
;US-KS;1949;p90p100;;;;0.3525973856;0.3525973856
;US-KS;1949;p90p91;69965.9296875;;;;
;US-KS;1949;p95p96;97730.9453125;;;;
;US-KS;1949;p95p100;;;;0.2462603897;0.2462603897
;US-KS;1949;p99.5p100;299857.53125;;;0.0755574778;0.0755574778
;US-KS;1948;p0p100;20212.4726562;;17029126144.0;;
;US-KS;1948;p99p100;249142.9375;;;0.1232619807;0.1232619807
;US-KS;1948;p99.9p100;701479.75;;;0.0347052887;0.0347052887
;US-KS;1948;p99.99p100;1875596.25;;;0.0092794001;0.0092794001
;US-KS;1948;p90p100;;;;0.3792439103;0.3792439103
;US-KS;1948;p90p91;76654.5703125;;;;
;US-KS;1948;p95p96;111351.953125;;;;
;US-KS;1948;p95p100;;;;0.2754535675;0.2754535675
;US-KS;1948;p99.5p100;345547.78125;;;0.0854788497;0.0854788497
;US-KS;1947;p0p100;20139.3574219;;16889195520.0;;
;US-KS;1947;p99p100;231667.640625;;;0.1150322855;0.1150322855
;US-KS;1947;p99.9p100;673133.25;;;0.0334237665;0.0334237665
;US-KS;1947;p99.99p100;2215817.25;;;0.0110024214;0.0110024214
;US-KS;1947;p90p100;;;;0.3659268022;0.3659268022
;US-KS;1947;p90p91;73695.3125;;;;
;US-KS;1947;p95p96;104846.78125;;;;
;US-KS;1947;p95p100;;;;0.2603031695;0.2603031695
;US-KS;1947;p99.5p100;319586.8125;;;0.0793438405;0.0793438405
;US-KS;1946;p0p100;18538.5566406;;15441629184.0;;
;US-KS;1946;p99p100;221610.84375;;;0.1195404977;0.1195404977
;US-KS;1946;p99.9p100;609325.4375;;;0.0328680053;0.0328680053
;US-KS;1946;p99.99p100;1555780.75;;;0.0083921347;0.0083921347
;US-KS;1946;p90p100;;;;0.3846140206;0.3846140206
;US-KS;1946;p90p91;71301.890625;;;;
;US-KS;1946;p95p96;101045.164062;;;;
;US-KS;1946;p95p100;;;;0.2725270391;0.2725270391
;US-KS;1946;p99.5p100;303697.71875;;;0.0819097459;0.0819097459
;US-KS;1945;p0p100;19732.4257812;;16465705984.0;;
;US-KS;1945;p99p100;208471.25;;;0.1056490839;0.1056490839
;US-KS;1945;p99.9p100;611176.3125;;;0.0309732016;0.0309732016
;US-KS;1945;p99.99p100;1653250.5;;;0.0083783446;0.0083783446
;US-KS;1945;p90p100;;;;0.3402231932;0.3402231932
;US-KS;1945;p90p91;67134.28125;;;;
;US-KS;1945;p95p96;93265.8828125;;;;
;US-KS;1945;p95p100;;;;0.2363264412;0.2363264412
;US-KS;1945;p99.5p100;291421.5625;;;0.0738433301;0.0738433301
;US-KS;1944;p0p100;20842.7675781;;17409306624.0;;
;US-KS;1944;p99p100;247517.671875;;;0.1187546998;0.1187546998
;US-KS;1944;p99.9p100;818288.625;;;0.0392600708;0.0392600708
;US-KS;1944;p99.99p100;2410622.0;;;0.0115657477;0.0115657477
;US-KS;1944;p90p100;;;;0.3470848799;0.3470848799
;US-KS;1944;p90p91;72342.09375;;;;
;US-KS;1944;p95p96;100905.132812;;;;
;US-KS;1944;p95p100;;;;0.2420627028;0.2420627028
;US-KS;1944;p99.5p100;362252.40625;;;0.0869012251;0.0869012251
;US-KS;1943;p0p100;20696.7460938;;17282682880.0;;
;US-KS;1943;p99p100;217099.875;;;0.1048956588;0.1048956588
;US-KS;1943;p99.9p100;695969.75;;;0.0336270146;0.0336270146
;US-KS;1943;p99.99p100;1946656.875;;;0.0094056185;0.0094056185
;US-KS;1943;p90p100;;;;0.3243689835;0.3243689835
;US-KS;1943;p90p91;67133.8203125;;;;
;US-KS;1943;p95p96;93218.4140625;;;;
;US-KS;1943;p95p100;;;;0.225200668;0.225200668
;US-KS;1943;p99.5p100;310607.125;;;0.0750376731;0.0750376731
;US-KS;1942;p0p100;16944.4082031;;14117463040.0;;
;US-KS;1942;p99p100;200736.734375;;;0.1184678301;0.1184678301
;US-KS;1942;p99.9p100;654906.375;;;0.0386502929;0.0386502929
;US-KS;1942;p99.99p100;2126303.75;;;0.0125487046;0.0125487046
;US-KS;1942;p90p100;;;;0.3564856946;0.3564856946
;US-KS;1942;p90p91;60404.3945312;;;;
;US-KS;1942;p95p96;84435.0625;;;;
;US-KS;1942;p95p100;;;;0.2491531819;0.2491531819
;US-KS;1942;p99.5p100;289085.375;;;0.0853040591;0.0853040591
;US-KS;1941;p0p100;11749.9345703;;9794860032.0;;
;US-KS;1941;p99p100;167466.078125;;;0.1425251067;0.1425251067
;US-KS;1941;p99.9p100;533461.6875;;;0.0454012454;0.0454012454
;US-KS;1941;p99.99p100;1657393.125;;;0.0141055519;0.0141055519
;US-KS;1941;p90p100;;;;0.4446151555;0.4446151555
;US-KS;1941;p90p91;52241.9921875;;;;
;US-KS;1941;p95p96;71904.96875;;;;
;US-KS;1941;p95p100;;;;0.3059802651;0.3059802651
;US-KS;1941;p99.5p100;240331.40625;;;0.1022692546;0.1022692546
;US-KS;1940;p0p100;9631.33007812;;8041394176.0;;
;US-KS;1940;p99p100;129777.71875;;;0.1347453743;0.1347453743
;US-KS;1940;p99.9p100;395716.03125;;;0.041086331;0.041086331
;US-KS;1940;p99.99p100;1061279.625;;;0.0110190362;0.0110190362
;US-KS;1940;p90p100;;;;0.4561932385;0.4561932385
;US-KS;1940;p90p91;43937.4765625;;;;
;US-KS;1940;p95p96;59652.3671875;;;;
;US-KS;1940;p95p100;;;;0.3096787632;0.3096787632
;US-KS;1940;p99.5p100;183619.546875;;;0.0953240842;0.0953240842
;US-KS;1939;p0p100;8994.91503906;;7466441216.0;;
;US-KS;1939;p99p100;121686.304688;;;0.1352834404;0.1352834404
;US-KS;1939;p99.9p100;352035.34375;;;0.0391371511;0.0391371511
;US-KS;1939;p99.99p100;930018.375;;;0.0103393802;0.0103393802
;US-KS;1939;p90p100;;;;0.4055306911;0.4055306911
;US-KS;1939;p90p91;36477.1367188;;;;
;US-KS;1939;p95p96;55780.3203125;;;;
;US-KS;1939;p95p100;;;;0.3100658357;0.3100658357
;US-KS;1939;p99.5p100;167456.46875;;;0.0930839628;0.0930839628
;US-KS;1938;p0p100;9120.11816406;;7536967680.0;;
;US-KS;1938;p99p100;115739.976562;;;0.1269062161;0.1269062161
;US-KS;1938;p99.9p100;358215.71875;;;0.0392775275;0.0392775275
;US-KS;1938;p99.99p100;1067261.125;;;0.0117022721;0.0117022721
;US-KS;1938;p90p100;;;;0.3750602305;0.3750602305
;US-KS;1938;p90p91;34205.9375;;;;
;US-KS;1938;p95p96;50342.5976562;;;;
;US-KS;1938;p95p100;;;;0.2759974599;0.2759974599
;US-KS;1938;p99.5p100;163542.5625;;;0.0896603242;0.0896603242
;US-KS;1937;p0p100;10107.8408203;;8319691776.0;;
;US-KS;1937;p99p100;133450.921875;;;0.1320271492;0.1320271492
;US-KS;1937;p99.9p100;420725.65625;;;0.0416236967;0.0416236967
;US-KS;1937;p99.99p100;1095702.125;;;0.0108401217;0.0108401217
;US-KS;1937;p90p100;;;;0.3643394411;0.3643394411
;US-KS;1937;p90p91;36826.8476562;;;;
;US-KS;1937;p95p96;56127.2539062;;;;
;US-KS;1937;p95p100;;;;0.2776421905;0.2776421905
;US-KS;1937;p99.5p100;190795.421875;;;0.0943799168;0.0943799168
;US-KS;1936;p0p100;9518.07910156;;7816588288.0;;
;US-KS;1936;p99p100;140832.375;;;0.1479630023;0.1479630023
;US-KS;1936;p99.9p100;440436.9375;;;0.0462737195;0.0462737195
;US-KS;1936;p99.99p100;1101753.25;;;0.0115753738;0.0115753738
;US-KS;1936;p90p100;;;;0.4021904171;0.4021904171
;US-KS;1936;p90p91;38280.8046875;;;;
;US-KS;1936;p95p96;57907.53125;;;;
;US-KS;1936;p95p100;;;;0.3041975796;0.3041975796
;US-KS;1936;p99.5p100;201018.6875;;;0.1055983454;0.1055983454
;US-KS;1935;p0p100;9132.61523438;;7481282048.0;;
;US-KS;1935;p99p100;115204.914062;;;0.1261466891;0.1261466891
;US-KS;1935;p99.9p100;332112.125;;;0.0363655016;0.0363655016
;US-KS;1935;p99.99p100;806702.75;;;0.0088332072;0.0088332072
;US-KS;1935;p90p100;;;;0.3617508411;0.3617508411
;US-KS;1935;p90p91;33037.3085938;;;;
;US-KS;1935;p95p96;47933.0546875;;;;
;US-KS;1935;p95p100;;;;0.2624278963;0.2624278963
;US-KS;1935;p99.5p100;159690.65625;;;0.0874287635;0.0874287635
;US-KS;1934;p0p100;7352.08642578;;6004138496.0;;
;US-KS;1934;p99p100;102521.203125;;;0.1394450366;0.1394450366
;US-KS;1934;p99.9p100;296290.0625;;;0.0403001308;0.0403001308
;US-KS;1934;p99.99p100;722712.3125;;;0.0098300297;0.0098300297
;US-KS;1934;p90p100;;;;0.4105809033;0.4105809033
;US-KS;1934;p90p91;30186.265625;;;;
;US-KS;1934;p95p96;43547.6875;;;;
;US-KS;1934;p95p100;;;;0.2961586714;0.2961586714
;US-KS;1934;p99.5p100;143244.5;;;0.0974175856;0.0974175856
;US-KS;1933;p0p100;6721.59326172;;5475806208.0;;
;US-KS;1933;p99p100;87017.09375;;;0.1294590235;0.1294590235
;US-KS;1933;p99.9p100;243980.5625;;;0.0362980217;0.0362980217
;US-KS;1933;p99.99p100;632934.875;;;0.0094164414;0.0094164414
;US-KS;1933;p90p100;;;;0.3945550919;0.3945550919
;US-KS;1933;p90p91;26520.3886719;;;;
;US-KS;1933;p95p96;36967.2226562;;;;
;US-KS;1933;p95p100;;;;0.2749885321;0.2749885321
;US-KS;1933;p99.5p100;117748.703125;;;0.0875898749;0.0875898749
;US-KS;1932;p0p100;6899.84521484;;5609782784.0;;
;US-KS;1932;p99p100;89370.1015625;;;0.1295247823;0.1295247823
;US-KS;1932;p99.9p100;272423.71875;;;0.0394825786;0.0394825786
;US-KS;1932;p99.99p100;944361.375;;;0.0136867035;0.0136867035
;US-KS;1932;p90p100;;;;0.3936647177;0.3936647177
;US-KS;1932;p90p91;27162.2578125;;;;
;US-KS;1932;p95p96;37381.3203125;;;;
;US-KS;1932;p95p100;;;;0.2708851993;0.2708851993
;US-KS;1932;p99.5p100;122157.554688;;;0.0885219425;0.0885219425
;US-KS;1931;p0p100;9128.9609375;;7403541504.0;;
;US-KS;1931;p99p100;105736.390625;;;0.1158252284;0.1158252284
;US-KS;1931;p99.9p100;324015.71875;;;0.035493169;0.035493169
;US-KS;1931;p99.99p100;1039521.0625;;;0.0113870688;0.0113870688
;US-KS;1931;p90p100;;;;0.3291325569;0.3291325569
;US-KS;1931;p90p91;30046.3789062;;;;
;US-KS;1931;p95p96;41377.7460938;;;;
;US-KS;1931;p95p100;;;;0.2266290337;0.2266290337
;US-KS;1931;p99.5p100;147375.21875;;;0.0807185173;0.0807185173
;US-KS;1930;p0p100;10043.2519531;;8113884672.0;;
;US-KS;1930;p99p100;123192.960938;;;0.122662425;0.122662425
;US-KS;1930;p99.9p100;374799.71875;;;0.0373185612;0.0373185612
;US-KS;1930;p99.99p100;1045195.5625;;;0.010406944;0.010406944
;US-KS;1930;p90p100;;;;0.3241406977;0.3241406977
;US-KS;1930;p90p91;32554.2675781;;;;
;US-KS;1930;p95p96;47881.7382812;;;;
;US-KS;1930;p95p100;;;;0.2383776754;0.2383776754
;US-KS;1930;p99.5p100;173731.171875;;;0.0864914954;0.0864914954
;US-KS;1929;p0p100;11550.2519531;;9298420736.0;;
;US-KS;1929;p99p100;160168.515625;;;0.1386710107;0.1386710107
;US-KS;1929;p99.9p100;507225.90625;;;0.0439147018;0.0439147018
;US-KS;1929;p99.99p100;1624957.625;;;0.0140685895;0.0140685895
;US-KS;1929;p90p100;;;;0.3378260434;0.3378260434
;US-KS;1929;p90p91;39019.7617188;;;;
;US-KS;1929;p95p96;61745.8085938;;;;
;US-KS;1929;p95p100;;;;0.2672920227;0.2672920227
;US-KS;1929;p99.5p100;227776.03125;;;0.0986021832;0.0986021832
;US-KS;1928;p0p100;9441.87792969;;7575789056.0;;
;US-KS;1928;p99p100;152233.765625;;;0.1612325311;0.1612325311
;US-KS;1928;p99.9p100;510187.5625;;;0.054034546;0.054034546
;US-KS;1928;p99.99p100;1652855.25;;;0.0175055806;0.0175055806
;US-KS;1928;p90p100;;;;0.3793699145;0.3793699145
;US-KS;1928;p90p91;35819.6445312;;;;
;US-KS;1928;p95p96;56935.7539062;;;;
;US-KS;1928;p95p100;;;;0.3015065193;0.3015065193
;US-KS;1928;p99.5p100;220060.75;;;0.1165344268;0.1165344268
;US-KS;1927;p0p100;9597.50585938;;7659459072.0;;
;US-KS;1927;p99p100;137849.515625;;;0.1436305493;0.1436305493
;US-KS;1927;p99.9p100;445191.8125;;;0.0463861935;0.0463861935
;US-KS;1927;p99.99p100;1242291.75;;;0.0129439011;0.0129439011
;US-KS;1927;p90p100;;;;0.3632127941;0.3632127941
;US-KS;1927;p90p91;34859.3710938;;;;
;US-KS;1927;p95p96;54319.765625;;;;
;US-KS;1927;p95p100;;;;0.2829889357;0.2829889357
;US-KS;1927;p99.5p100;198630.078125;;;0.103480041;0.103480041
;US-KS;1926;p0p100;9317.79003906;;7384207872.0;;
;US-KS;1926;p99p100;141245.421875;;;0.1515868157;0.1515868157
;US-KS;1926;p99.9p100;469152.15625;;;0.050350152;0.050350152
;US-KS;1926;p99.99p100;1396908.0;;;0.0149918385;0.0149918385
;US-KS;1926;p90p100;;;;0.3628485203;0.3628485203
;US-KS;1926;p90p91;33809.4609375;;;;
;US-KS;1926;p95p96;53250.1875;;;;
;US-KS;1926;p95p100;;;;0.2857447267;0.2857447267
;US-KS;1926;p99.5p100;203957.703125;;;0.109445326;0.109445326
;US-KS;1925;p0p100;8442.85058594;;6646059008.0;;
;US-KS;1925;p99p100;122142.929688;;;0.144670248;0.144670248
;US-KS;1925;p99.9p100;436182.84375;;;0.0516629852;0.0516629852
;US-KS;1925;p99.99p100;1430229.125;;;0.0169401206;0.0169401206
;US-KS;1925;p90p100;;;;0.3761669993;0.3761669993
;US-KS;1925;p90p91;31759.21875;;;;
;US-KS;1925;p95p96;49152.484375;;;;
;US-KS;1925;p95p100;;;;0.2910893857;0.2910893857
;US-KS;1925;p99.5p100;180275.625;;;0.1067622975;0.1067622975
;US-KS;1924;p0p100;9695.99023438;;7569188864.0;;
;US-KS;1924;p99p100;107630.992188;;;0.1110056713;0.1110056713
;US-KS;1924;p99.9p100;335659.15625;;;0.0346183442;0.0346183442
;US-KS;1924;p99.99p100;871498.5625;;;0.0089882361;0.0089882361
;US-KS;1924;p90p100;;;;0.3512170017;0.3512170017
;US-KS;1924;p90p91;34053.96875;;;;
;US-KS;1924;p95p96;48742.9140625;;;;
;US-KS;1924;p95p100;;;;0.2513560355;0.2513560355
;US-KS;1924;p99.5p100;152978.671875;;;0.0788875967;0.0788875967
;US-KS;1923;p0p100;10461.4160156;;8064476160.0;;
;US-KS;1923;p99p100;95922.46875;;;0.0916916728;0.0916916728
;US-KS;1923;p99.9p100;289212.40625;;;0.0276456289;0.0276456289
;US-KS;1923;p99.99p100;763945.875;;;0.0073025092;0.0073025092
;US-KS;1923;p90p100;;;;0.339568913;0.339568913
;US-KS;1923;p90p91;35523.71875;;;;
;US-KS;1923;p95p96;48606.8125;;;;
;US-KS;1923;p95p100;;;;0.232314676;0.232314676
;US-KS;1923;p99.5p100;131044.507812;;;0.0626323;0.0626323
;US-KS;1922;p0p100;10755.4228516;;8203138560.0;;
;US-KS;1922;p99p100;108668.726562;;;0.1010362133;0.1010362133
;US-KS;1922;p99.9p100;320596.0;;;0.029807847;0.029807847
;US-KS;1922;p99.99p100;798737.0625;;;0.0074263648;0.0074263648
;US-KS;1922;p90p100;;;;0.3412988186;0.3412988186
;US-KS;1922;p90p91;36708.1367188;;;;
;US-KS;1922;p95p96;51611.59375;;;;
;US-KS;1922;p95p100;;;;0.2399328649;0.2399328649
;US-KS;1922;p99.5p100;150846.1875;;;0.0701256394;0.0701256394
;US-KS;1921;p0p100;10360.2958984;;7842809344.0;;
;US-KS;1921;p99p100;98312.0;;;0.0948930383;0.0948930383
;US-KS;1921;p99.9p100;267059.84375;;;0.0257772412;0.0257772412
;US-KS;1921;p99.99p100;600030.0;;;0.0057916292;0.0057916292
;US-KS;1921;p90p100;;;;0.3374900222;0.3374900222
;US-KS;1921;p90p91;34964.9648438;;;;
;US-KS;1921;p95p96;48236.0039062;;;;
;US-KS;1921;p95p100;;;;0.232792601;0.232792601
;US-KS;1921;p99.5p100;133231.796875;;;0.0642992184;0.0642992184
;US-KS;1920;p0p100;13007.8232422;;9719029760.0;;
;US-KS;1920;p99p100;121586.742188;;;0.0934720039;0.0934720039
;US-KS;1920;p99.9p100;360928.875;;;0.0277470611;0.0277470611
;US-KS;1920;p99.99p100;858075.125;;;0.0065966076;0.0065966076
;US-KS;1920;p90p100;;;;0.3090356588;0.3090356588
;US-KS;1920;p90p91;40198.8164062;;;;
;US-KS;1920;p95p96;56090.671875;;;;
;US-KS;1920;p95p100;;;;0.2156036049;0.2156036049
;US-KS;1920;p99.5p100;169984.4375;;;0.0653393045;0.0653393045
;US-KS;1919;p0p100;14759.3984375;;10901609472.0;;
;US-KS;1919;p99p100;136824.109375;;;0.092703037;0.092703037
;US-KS;1919;p99.9p100;430812.625;;;0.0291890353;0.0291890353
;US-KS;1919;p99.99p100;1309665.5;;;0.0088734338;0.0088734338
;US-KS;1919;p90p100;;;;0.3079455793;0.3079455793
;US-KS;1919;p90p91;45450.9101562;;;;
;US-KS;1919;p95p96;64728.0703125;;;;
;US-KS;1919;p95p100;;;;0.2192774713;0.2192774713
;US-KS;1919;p99.5p100;191959.125;;;0.0650294498;0.0650294498
;US-KS;1918;p0p100;15157.3623047;;11132138496.0;;
;US-KS;1918;p99p100;135767.171875;;;0.0895717591;0.0895717591
;US-KS;1918;p99.9p100;390188.65625;;;0.0257425178;0.0257425178
;US-KS;1918;p99.99p100;1011346.1875;;;0.0066723102;0.0066723102
;US-KS;1918;p90p100;;;;0.3024407327;0.3024407327
;US-KS;1918;p90p91;45842.0351562;;;;
;US-KS;1918;p95p96;66437.015625;;;;
;US-KS;1918;p95p100;;;;0.2191575766;0.2191575766
;US-KS;1918;p99.5p100;185293.96875;;;0.0611234196;0.0611234196
;US-KS;1917;p0p100;17308.4921875;;12806640640.0;;
