Variable Name;.;.;.;Pre-tax national income  | equal-split adults | Share | Adults | share of total (ratio);Fiscal income  | equal-split adults | Share | Adults | share of total (ratio)
Variable Category;.;.;.;Income inequality;Income inequality
Variable Description;.;.;.;Pre-tax national income share held by a given percentile group. Pre-tax national income  is the sum of all pre-tax personal income flows accruing to the owners of the production factors, labor and capital, before taking into account the operation of the tax/transfer system, but after taking into account the operation of pension system. The central difference between personal factor income and pre-tax income is the treatment of pensions, which are counted on a contribution basis by factor income and on a distribution basis by pre-tax income. The population is comprised of individuals over age 20. The base unit is the individual (rather than the household) but resources are split equally within couples.;Fiscal income share held by a given percentile group. Fiscal income is defined as the sum of all income items reported on income tax returns, before any deduction. It includes labour income, capital income and mixed income. The concept of fiscal income varies with national tax legislations, so in order to make international comparisons it is preferable to use the concept of national income. The population is comprised of individuals over age 20. The base unit is the individual (rather than the household) but resources are split equally within couples.
Variable Decomposition;.;.;.;Pre-tax national income =Pre-tax labor income [total pre-tax income ranking]+Pre-tax capital income [total pre-tax income ranking];[Fiscal income ]=[Fiscal labour income ]+[Fiscal capital income ]
Variable Unit;.;.;.;share;share
Methodological Notes;.;.;.;;
Sources;.;.;.;;
Variable Code;country;year;perc;sptinc992j;sfiinc992j
;BG;1945;p99.9p100;0.0120520703;0.0120520703
;BG;1945;p99.99p100;0.0034744963;0.0034744963
;BG;1945;p99.5p100;0.0291371346;0.0291371346
;BG;1945;p99.8p100;0.0175127033;0.0175127033
;BG;1945;p99.95p100;0.0082952492;0.0082952492
;BG;1944;p99.9p100;0.0080784652;0.0080784652
;BG;1944;p99.99p100;0.0018900522;0.0018900522
;BG;1944;p99.5p100;0.0199671593;0.0199671593
;BG;1944;p99.8p100;0.0119302822;0.0119302822
;BG;1944;p99.95p100;0.0053284951;0.0053284951
;BG;1943;p99.9p100;0.0102815414;0.0102815414
;BG;1943;p99.99p100;0.0024206324;0.0024206324
;BG;1943;p99.5p100;0.0245804563;0.0245804563
;BG;1943;p99.8p100;0.0152344787;0.0152344787
;BG;1943;p99.95p100;0.0069056358;0.0069056358
;BG;1942;p99.9p100;0.0142472079;0.0142472079
;BG;1942;p99.99p100;0.0040076985;0.0040076985
;BG;1942;p99.5p100;0.032140933;0.032140933
;BG;1942;p99.8p100;0.0202522464;0.0202522464
;BG;1942;p99.95p100;0.009962217;0.009962217
;BG;1941;p99.9p100;0.0145027004;0.0145027004
;BG;1941;p99.99p100;0.0049976781;0.0049976781
;BG;1941;p99.8p100;0.0204620119;0.0204620119
;BG;1941;p99.95p100;0.0106114894;0.0106114894
;BG;1940;p99.9p100;0.0153233949;0.0153233949
;BG;1940;p99.99p100;0.0048306333;0.0048306333
;BG;1940;p99.8p100;0.0214229487;0.0214229487
;BG;1940;p99.95p100;0.0109027587;0.0109027587
;BG;1939;p99.9p100;0.0140148811;0.0140148811
;BG;1939;p99.99p100;0.0038339307;0.0038339307
;BG;1939;p99.8p100;0.0204713866;0.0204713866
;BG;1939;p99.95p100;0.0095624048;0.0095624048
;BG;1938;p99.9p100;0.0157618541;0.0157618541
;BG;1938;p99.99p100;0.0041827941;0.0041827941
;BG;1938;p99.8p100;0.022939384;0.022939384
;BG;1938;p99.95p100;0.0107799685;0.0107799685
;BG;1937;p99.9p100;0.0165370889;0.0165370889
;BG;1937;p99.99p100;0.0044410634;0.0044410634
;BG;1937;p99.8p100;0.0240387451;0.0240387451
;BG;1937;p99.95p100;0.0113370521;0.0113370521
;BG;1936;p99.9p100;0.0161242336;0.0161242336
;BG;1936;p99.99p100;0.0040795542;0.0040795542
;BG;1936;p99.8p100;0.0239629578;0.0239629578
;BG;1936;p99.95p100;0.0108496994;0.0108496994
;BG;1935;p99.9p100;0.0198814832;0.0198814832
;BG;1935;p99.99p100;0.0051019955;0.0051019955
;BG;1935;p99.8p100;0.0293934774;0.0293934774
;BG;1935;p99.95p100;0.0133809;0.0133809
;BG;1934;p99.9p100;0.0229121074;0.0229121074
;BG;1934;p99.99p100;0.0059588198;0.0059588198
;BG;1934;p99.8p100;0.0335097276;0.0335097276
;BG;1934;p99.95p100;0.0155152269;0.0155152269
;BG;1933;p99.9p100;0.0208163988;0.0208163988
;BG;1933;p99.99p100;0.0050329776;0.0050329776
;BG;1933;p99.8p100;0.0317165032;0.0317165032
;BG;1933;p99.95p100;0.0136463195;0.0136463195
;BG;1932;p99.9p100;0.0205100216;0.0205100216
;BG;1932;p99.99p100;0.0048657171;0.0048657171
;BG;1932;p99.8p100;0.0305972062;0.0305972062
;BG;1932;p99.95p100;0.0135073671;0.0135073671
;BG;1931;p99.9p100;0.0191978533;0.0191978533
;BG;1931;p99.99p100;0.0044104247;0.0044104247
;BG;1931;p99.8p100;0.0284516104;0.0284516104
;BG;1931;p99.95p100;0.0125205554;0.0125205554
;BG;1930;p99.9p100;0.0181368999;0.0181368999
;BG;1930;p99.99p100;0.0042597065;0.0042597065
;BG;1930;p99.8p100;0.0271623377;0.0271623377
;BG;1930;p99.95p100;0.0118613625;0.0118613625
;BG;1929;p99.9p100;0.0173002742;0.0173002742
;BG;1929;p99.99p100;0.0038419531;0.0038419531
;BG;1929;p99.8p100;0.0263868347;0.0263868347
;BG;1929;p99.95p100;0.0113160815;0.0113160815
;BG;1928;p99.9p100;0.015565238;0.015565238
;BG;1928;p99.99p100;0.0028065853;0.0028065853
;BG;1928;p99.8p100;0.0245537236;0.0245537236
;BG;1928;p99.95p100;0.0096146977;0.0096146977
;BG;1927;p99.9p100;0.0158864725;0.0158864725
;BG;1927;p99.99p100;0.0032516588;0.0032516588
;BG;1927;p99.8p100;0.0246153567;0.0246153567
;BG;1927;p99.95p100;0.0100197075;0.0100197075
;BG;1926;p99.9p100;0.0161516517;0.0161516517
;BG;1926;p99.99p100;0.0032281713;0.0032281713
;BG;1926;p99.8p100;0.0248870142;0.0248870142
;BG;1926;p99.95p100;0.0101828985;0.0101828985
