Variable Name;.;.;.;Fiscal income  | tax unit | Average | Adults | constant 2015 local currency;Fiscal income  | tax unit | Threshold | Adults | constant 2015 local currency;Fiscal income  | tax unit | Total | Adults | constant 2015 local currency;Fiscal income  | tax unit | Share | Adults | share of total (ratio);Pre-tax national income  | tax unit | Share | Adults | share of total (ratio)
Variable Category;.;.;.;Income inequality;Income inequality;Income inequality;Income inequality;Income inequality
Variable Description;.;.;.;Average Fiscal income within a given percentile group. Fiscal income is defined as the sum of all income items reported on income tax returns, before any deduction. It includes labour income, capital income and mixed income. The concept of fiscal income varies with national tax legislations, so in order to make international comparisons it is preferable to use the concept of national income. The population is comprised of individuals over age 20. The base unit is the tax unit defined by national fiscal administrations to measure personal income taxes.;Fiscal income threshold value at a given percentile.  Fiscal income is defined as the sum of all income items reported on income tax returns, before any deduction. It includes labour income, capital income and mixed income. The concept of fiscal income varies with national tax legislations, so in order to make international comparisons it is preferable to use the concept of national income. The population is comprised of individuals over age 20. The base unit is the tax unit defined by national fiscal administrations to measure personal income taxes.;Total Fiscal income  within a given percentile group. Fiscal income is defined as the sum of all income items reported on income tax returns, before any deduction. It includes labour income, capital income and mixed income. The concept of fiscal income varies with national tax legislations, so in order to make international comparisons it is preferable to use the concept of national income. The population is comprised of individuals over age 20.;Fiscal income share held by a given percentile group. Fiscal income is defined as the sum of all income items reported on income tax returns, before any deduction. It includes labour income, capital income and mixed income. The concept of fiscal income varies with national tax legislations, so in order to make international comparisons it is preferable to use the concept of national income. The population is comprised of individuals over age 20. The base unit is the tax unit defined by national fiscal administrations to measure personal income taxes.;Pre-tax national income share held by a given percentile group. Pre-tax national income  is the sum of all pre-tax personal income flows accruing to the owners of the production factors, labor and capital, before taking into account the operation of the tax/transfer system, but after taking into account the operation of pension system. The central difference between personal factor income and pre-tax income is the treatment of pensions, which are counted on a contribution basis by factor income and on a distribution basis by pre-tax income. The population is comprised of individuals over age 20. The base unit is the tax unit defined by national fiscal administrations to measure personal income taxes.
Variable Decomposition;.;.;.;[Fiscal income ]=[Fiscal labour income ]+[Fiscal capital income ];[Fiscal income ]=[Fiscal labour income ]+[Fiscal capital income ];[Fiscal income ]=[Fiscal labour income ]+[Fiscal capital income ];[Fiscal income ]=[Fiscal labour income ]+[Fiscal capital income ];Pre-tax national income =Pre-tax labor income [total pre-tax income ranking]+Pre-tax capital income [total pre-tax income ranking]
Variable Unit;.;.;.;"USD; United States dollar | local currency | market";"USD; United States dollar | local currency | market";"USD; United States dollar | local currency | market";share;share
Methodological Notes;.;.;.;;;;;Assuming the same distribution as fiscal income.
Sources;.;.;.;Frank, Sommeiller, Price & Saez (2015);Frank, Sommeiller, Price & Saez (2015);Frank, Sommeiller, Price & Saez (2015);Frank, Sommeiller, Price & Saez (2015);WID.world computations using: Frank, Sommeiller, Price & Saez (2015)
Variable Code;country;year;perc;afiinc992t;tfiinc992t;mfiinc992t;sfiinc992t;sptinc992t
;US-SC;2014;p0p100;43895.8203125;;1.12189120512e+11;;
;US-SC;2014;p99p100;;298905.125;;0.1626163423;0.1626163423
;US-SC;2014;p99.9p100;;1121112.625;;0.0631950796;0.0631950796
;US-SC;2014;p99.99p100;;4485629.5;;0.0244067162;0.0244067162
;US-SC;2014;p90p100;;104684.578125;;0.4739536643;0.4739536643
;US-SC;2014;p90p91;210753.84375;;;;
;US-SC;2014;p95p96;296566.96875;;;;
;US-SC;2014;p90p95;124940.71875;104684.578125;;0.1389914304;0.1389914304
;US-SC;2014;p95p99;190261.1875;133844.5625;;0.1720914394;0.1720914394
;US-SC;2014;p99.5p99.9;649696.1875;448644.03125;;0.0590117797;0.0590117797
;US-SC;2014;p99.9p99.99;1878403.5;1121112.625;;0.0392139554;0.0392139554
;US-SC;2014;p99p99.5;360203.59375;298905.125;;0.0405433923;0.0405433923
;US-SC;2014;p95p100;;133844.5625;;0.334610343;0.334610343
;US-SC;2014;p0p90;25356.0390625;;;0.5257412791;0.5257412791
;US-SC;2014;p0p99;37048.4023438;;;0.8373836875;0.8373836875
;US-SC;2014;p99.5p100;;448644.03125;;0.1220646948;0.1220646948
;US-SC;2014;p99.5p99.6;1083376.75;;;;
;US-SC;2014;p99.99p99.991;11275360.0;;;;
;US-SC;2014;p99.9p99.91;2818099.0;;;;
;US-SC;2014;p99p99.1;721790.1875;;;;
;US-SC;2013;p0p100;44730.7695312;;1.06390396928e+11;;
;US-SC;2013;p99p100;;300600.03125;;0.1538513452;0.1538513452
;US-SC;2013;p99.9p100;;1105561.375;;0.0574122667;0.0574122667
;US-SC;2013;p99.99p100;;4162714.75;;0.0213333033;0.0213333033
;US-SC;2013;p90p100;;107311.742188;;0.4610821009;0.4610821009
;US-SC;2013;p90p91;210651.984375;;;;
;US-SC;2013;p95p96;293235.9375;;;;
;US-SC;2013;p90p95;128068.039062;107311.742188;;0.1379446983;0.1379446983
;US-SC;2013;p95p99;192071.40625;135856.1875;;0.1687145829;0.1687145829
;US-SC;2013;p99.5p99.9;642852.9375;446023.8125;;0.0565337539;0.0565337539
;US-SC;2013;p99.9p99.99;1805437.25;1105561.375;;0.0362287052;0.0362287052
;US-SC;2013;p99p99.5;360268.0625;300600.03125;;0.0399397463;0.0399397463
;US-SC;2013;p95p100;;135856.1875;;0.322655946;0.322655946
;US-SC;2013;p0p90;26295.0761719;;;0.5393052101;0.5393052101
;US-SC;2013;p0p99;38133.1601562;;;0.8461486697;0.8461486697
;US-SC;2013;p99.5p100;;446023.8125;;0.1139670238;0.1139670238
;US-SC;2013;p99.5p99.6;1035520.0625;;;;
;US-SC;2013;p99.99p99.991;9812950.0;;;;
;US-SC;2013;p99.9p99.91;2606188.5;;;;
;US-SC;2013;p99p99.1;697894.0625;;;;
;US-SC;2012;p0p100;44550.5390625;;1.08373573632e+11;;
;US-SC;2012;p99p100;744971.6875;;;0.16721946;0.16721946
;US-SC;2012;p99.9p100;3078715.0;;;0.0691061243;0.0691061243
;US-SC;2012;p99.99p100;12167976.0;;;0.0273127481;0.0273127481
;US-SC;2012;p90p100;;;;0.4666160345;0.4666160345
;US-SC;2012;p90p91;207879.953125;;;;
;US-SC;2012;p95p96;293186.46875;;;;
;US-SC;2012;p95p100;;;;0.329049319;0.329049319
;US-SC;2012;p99.5p100;1140570.625;;;0.128008619;0.128008619
;US-SC;2011;p0p100;43102.8632812;;1.02278324224e+11;;
;US-SC;2011;p99p100;633011.9375;;;0.1468607634;0.1468607634
;US-SC;2011;p99.9p100;2307578.5;;;0.0535365455;0.0535365455
;US-SC;2011;p99.99p100;8223120.5;;;0.0190778989;0.0190778989
;US-SC;2011;p90p100;;;;0.4503151178;0.4503151178
;US-SC;2011;p90p91;194098.71875;;;;
;US-SC;2011;p95p96;267816.40625;;;;
;US-SC;2011;p95p100;;;;0.3106712699;0.3106712699
;US-SC;2011;p99.5p100;931124.0;;;0.1080118492;0.1080118492
;US-SC;2010;p0p100;43120.84375;;1.009686528e+11;;
;US-SC;2010;p99p100;650942.5625;;;0.1509577334;0.1509577334
;US-SC;2010;p99.9p100;2527998.25;;;0.0586258955;0.0586258955
;US-SC;2010;p99.99p100;10221224.0;;;0.0237036701;0.0237036701
;US-SC;2010;p90p100;;;;0.4511257708;0.4511257708
;US-SC;2010;p90p91;194529.25;;;;
;US-SC;2010;p95p96;274953.03125;;;;
;US-SC;2010;p95p100;;;;0.3188168108;0.3188168108
;US-SC;2010;p99.5p100;968348.8125;;;0.112283133;0.112283133
;US-SC;2009;p0p100;43032.9335938;;98359713792.0;;
;US-SC;2009;p99p100;611693.6875;;;0.1421454996;0.1421454996
;US-SC;2009;p99.9p100;2410777.25;;;0.0560216866;0.0560216866
;US-SC;2009;p99.99p100;9742660.0;;;0.0226400103;0.0226400103
;US-SC;2009;p90p100;;;;0.4366514981;0.4366514981
;US-SC;2009;p90p91;187903.921875;;;;
;US-SC;2009;p95p96;263227.65625;;;;
;US-SC;2009;p95p100;;;;0.305844456;0.305844456
;US-SC;2009;p99.5p100;913403.875;;;0.106128484;0.106128484
;US-SC;2008;p0p100;47965.953125;;1.06419838976e+11;;
;US-SC;2008;p99p100;751810.875;;;0.1567384303;0.1567384303
;US-SC;2008;p99.9p100;3172209.75;;;0.0661346093;0.0661346093
;US-SC;2008;p99.99p100;13048568.0;;;0.0272038095;0.0272038095
;US-SC;2008;p90p100;;;;0.4370865822;0.4370865822
;US-SC;2008;p90p91;209652.765625;;;;
;US-SC;2008;p95p96;293745.15625;;;;
;US-SC;2008;p95p100;;;;0.3062016964;0.3062016964
;US-SC;2008;p99.5p100;1152919.125;;;0.1201809794;0.1201809794
;US-SC;2007;p0p100;51929.1601562;;1.13993621504e+11;;
;US-SC;2007;p99p100;989544.0;;;0.1905565113;0.1905565113
;US-SC;2007;p99.9p100;4610987.5;;;0.0887938067;0.0887938067
;US-SC;2007;p99.99p100;20229372.0;;;0.0389557034;0.0389557034
;US-SC;2007;p90p100;;;;0.4635238349;0.4635238349
;US-SC;2007;p90p91;240704.046875;;;;
;US-SC;2007;p95p96;352630.59375;;;;
;US-SC;2007;p95p100;;;;0.3395304382;0.3395304382
;US-SC;2007;p99.5p100;1571452.375;;;0.1513072997;0.1513072997
;US-SC;2006;p0p100;49644.9648438;;1.0780782592e+11;;
;US-SC;2006;p99p100;939790.1875;;;0.189302206;0.189302206
;US-SC;2006;p99.9p100;4237045.0;;;0.0853469148;0.0853469148
;US-SC;2006;p99.99p100;17727342.0;;;0.0357082374;0.0357082374
;US-SC;2006;p90p100;;;;0.4696757197;0.4696757197
;US-SC;2006;p90p91;233170.359375;;;;
;US-SC;2006;p95p96;345442.9375;;;;
;US-SC;2006;p95p100;;;;0.3479133248;0.3479133248
;US-SC;2006;p99.5p100;1479166.125;;;0.1489744335;0.1489744335
;US-SC;2005;p0p100;49850.1640625;;1.02363447296e+11;;
;US-SC;2005;p99p100;883485.5625;;;0.1772282124;0.1772282124
;US-SC;2005;p99.9p100;3916709.5;;;0.0785696432;0.0785696432
;US-SC;2005;p99.99p100;16174525.0;;;0.0324462838;0.0324462838
;US-SC;2005;p90p100;;;;0.4493533969;0.4493533969
;US-SC;2005;p90p91;224003.390625;;;;
;US-SC;2005;p95p96;332271.09375;;;;
;US-SC;2005;p95p100;;;;0.3332698047;0.3332698047
;US-SC;2005;p99.5p100;1380835.5;;;0.1384986043;0.1384986043
;US-SC;2004;p0p100;47490.5859375;;96331669504.0;;
;US-SC;2004;p99p100;745889.8125;;;0.1570605487;0.1570605487
;US-SC;2004;p99.9p100;3125982.25;;;0.0658231899;0.0658231899
;US-SC;2004;p99.99p100;12542380.0;;;0.0264102425;0.0264102425
;US-SC;2004;p90p100;;;;0.4323094189;0.4323094189
;US-SC;2004;p90p91;205306.296875;;;;
;US-SC;2004;p95p96;298374.8125;;;;
;US-SC;2004;p95p100;;;;0.3141410053;0.3141410053
;US-SC;2004;p99.5p100;1141875.875;;;0.1202212721;0.1202212721
;US-SC;2003;p0p100;44766.8476562;;90819985408.0;;
;US-SC;2003;p99p100;622493.125;;;0.1390522569;0.1390522569
;US-SC;2003;p99.9p100;2380379.0;;;0.0531728081;0.0531728081
;US-SC;2003;p99.99p100;9002144.0;;;0.0201089531;0.0201089531
;US-SC;2003;p90p100;;;;0.419965744;0.419965744
;US-SC;2003;p90p91;188005.40625;;;;
;US-SC;2003;p95p96;263841.3125;;;;
;US-SC;2003;p95p100;;;;0.2946838439;0.2946838439
;US-SC;2003;p99.5p100;925318.5;;;0.1033486351;0.1033486351
;US-SC;2002;p0p100;45561.8945312;;90027016192.0;;
;US-SC;2002;p99p100;608920.4375;;;0.1336468607;0.1336468607
;US-SC;2002;p99.9p100;2290696.0;;;0.0502765737;0.0502765737
;US-SC;2002;p99.99p100;8473375.0;;;0.018597506;0.018597506
;US-SC;2002;p90p100;;;;0.4097836018;0.4097836018
;US-SC;2002;p90p91;186705.15625;;;;
;US-SC;2002;p95p96;260607.421875;;;;
;US-SC;2002;p95p100;;;;0.2859927416;0.2859927416
;US-SC;2002;p99.5p100;901034.25;;;0.0988802463;0.0988802463
;US-SC;2001;p0p100;47678.3046875;;92548251648.0;;
;US-SC;2001;p99p100;650273.6875;;;0.1363877356;0.1363877356
;US-SC;2001;p99.9p100;2347268.25;;;0.0492313653;0.0492313653
;US-SC;2001;p99.99p100;8030416.5;;;0.0168429147;0.0168429147
;US-SC;2001;p90p100;;;;0.406770438;0.406770438
;US-SC;2001;p90p91;193941.265625;;;;
;US-SC;2001;p95p96;273393.0;;;;
;US-SC;2001;p95p100;;;;0.2867058516;0.2867058516
;US-SC;2001;p99.5p100;956331.5;;;0.100289993;0.100289993
;US-SC;2000;p0p100;52499.1015625;;98564448256.0;;
;US-SC;2000;p99p100;766944.625;;;0.1460871845;0.1460871845
;US-SC;2000;p99.9p100;3051108.0;;;0.0581173301;0.0581173301
;US-SC;2000;p99.99p100;11369255.0;;;0.0216560941;0.0216560941
;US-SC;2000;p90p100;;;;0.4032634199;0.4032634199
;US-SC;2000;p90p91;211709.6875;;;;
;US-SC;2000;p95p96;305387.6875;;;;
;US-SC;2000;p95p100;;;;0.2908504009;0.2908504009
;US-SC;2000;p99.5p100;1152935.125;;;0.1098052189;0.1098052189
;US-SC;1999;p0p100;50811.1289062;;94157512704.0;;
;US-SC;1999;p99p100;771832.0;;;0.151902169;0.151902169
;US-SC;1999;p99.9p100;3092327.25;;;0.0608592555;0.0608592555
;US-SC;1999;p99.99p100;11368890.0;;;0.0223748051;0.0223748051
;US-SC;1999;p90p100;;;;0.4165588915;0.4165588915
;US-SC;1999;p90p91;211658.28125;;;;
;US-SC;1999;p95p96;305546.8125;;;;
;US-SC;1999;p95p100;;;;0.3006692231;0.3006692231
;US-SC;1999;p99.5p100;1163755.125;;;0.1145177484;0.1145177484
;US-SC;1998;p0p100;47841.6445312;;88059355136.0;;
;US-SC;1998;p99p100;743707.5625;;;0.1554519236;0.1554519236
;US-SC;1998;p99.9p100;3079541.25;;;0.0643694699;0.0643694699
;US-SC;1998;p99.99p100;12028148.0;;;0.0251415856;0.0251415856
;US-SC;1998;p90p100;;;;0.4224351943;0.4224351943
;US-SC;1998;p90p91;202099.921875;;;;
;US-SC;1998;p95p96;291116.3125;;;;
;US-SC;1998;p95p100;;;;0.3042498827;0.3042498827
;US-SC;1998;p99.5p100;1128479.625;;;0.117939055;0.117939055
;US-SC;1997;p0p100;45797.296875;;81764704256.0;;
;US-SC;1997;p99p100;656250.4375;;;0.1432945579;0.1432945579
;US-SC;1997;p99.9p100;2503374.25;;;0.0546620488;0.0546620488
;US-SC;1997;p99.99p100;8788739.0;;;0.0191905182;0.0191905182
;US-SC;1997;p90p100;;;;0.4106508791;0.4106508791
;US-SC;1997;p90p91;188067.03125;;;;
;US-SC;1997;p95p96;266867.28125;;;;
;US-SC;1997;p95p100;;;;0.2913570106;0.2913570106
;US-SC;1997;p99.5p100;980598.125;;;0.1070585102;0.1070585102
;US-SC;1996;p0p100;43409.0195312;;76110446592.0;;
;US-SC;1996;p99p100;594410.6875;;;0.1369325221;0.1369325221
;US-SC;1996;p99.9p100;2262272.5;;;0.052115269;0.052115269
;US-SC;1996;p99.99p100;8381888.5;;;0.019309096;0.019309096
;US-SC;1996;p90p100;;;;0.4063047767;0.4063047767
;US-SC;1996;p90p91;176372.90625;;;;
;US-SC;1996;p95p96;247652.078125;;;;
;US-SC;1996;p95p100;;;;0.2852542102;0.2852542102
;US-SC;1996;p99.5p100;883963.6875;;;0.1018179804;0.1018179804
;US-SC;1995;p0p100;41636.3476562;;71930888192.0;;
;US-SC;1995;p99p100;542895.75;;;0.1303898543;0.1303898543
;US-SC;1995;p99.9p100;2016779.625;;;0.0484379567;0.0484379567
;US-SC;1995;p99.99p100;7298864.5;;;0.0175300296;0.0175300296
;US-SC;1995;p90p100;;;;0.3991333246;0.3991333246
;US-SC;1995;p90p91;166184.546875;;;;
;US-SC;1995;p95p96;231727.1875;;;;
;US-SC;1995;p95p100;;;;0.2782751024;0.2782751024
;US-SC;1995;p99.5p100;802061.8125;;;0.0963174999;0.0963174999
;US-SC;1994;p0p100;39786.9179688;;68730003456.0;;
;US-SC;1994;p99p100;482648.59375;;;0.121308364;0.121308364
;US-SC;1994;p99.9p100;1765222.625;;;0.0443669111;0.0443669111
;US-SC;1994;p99.99p100;6480481.0;;;0.0162879713;0.0162879713
;US-SC;1994;p90p100;;;;0.390283227;0.390283227
;US-SC;1994;p90p91;155281.65625;;;;
;US-SC;1994;p95p96;212174.46875;;;;
;US-SC;1994;p95p100;;;;0.2666384876;0.2666384876
;US-SC;1994;p99.5p100;708277.3125;;;0.089008823;0.089008823
;US-SC;1993;p0p100;39671.1640625;;66731081728.0;;
;US-SC;1993;p99p100;454374.28125;;;0.1145351455;0.1145351455
;US-SC;1993;p99.9p100;1611883.625;;;0.0406311117;0.0406311117
;US-SC;1993;p99.99p100;5746103.0;;;0.0144843301;0.0144843301
;US-SC;1993;p90p100;;;;0.3798058331;0.3798058331
;US-SC;1993;p90p91;150673.40625;;;;
;US-SC;1993;p95p96;204317.390625;;;;
;US-SC;1993;p95p100;;;;0.2575137317;0.2575137317
;US-SC;1993;p99.5p100;662211.125;;;0.0834625289;0.0834625289
;US-SC;1992;p0p100;40109.7851562;;66019581952.0;;
;US-SC;1992;p99p100;459929.46875;;;0.1146676391;0.1146676391
;US-SC;1992;p99.9p100;1652931.625;;;0.041210182;0.041210182
;US-SC;1992;p99.99p100;5900668.0;;;0.0147112925;0.0147112925
;US-SC;1992;p90p100;;;;0.3766285181;0.3766285181
;US-SC;1992;p90p91;151064.890625;;;;
;US-SC;1992;p95p96;203706.71875;;;;
;US-SC;1992;p95p100;;;;0.25393641;0.25393641
;US-SC;1992;p99.5p100;674319.0;;;0.0840591565;0.0840591565
;US-SC;1991;p0p100;39772.375;;64638754816.0;;
;US-SC;1991;p99p100;416894.65625;;;0.1048201546;0.1048201546
;US-SC;1991;p99.9p100;1395363.625;;;0.0350837409;0.0350837409
;US-SC;1991;p99.99p100;4653247.5;;;0.011699697;0.011699697
;US-SC;1991;p90p100;;;;0.3659558594;0.3659558594
;US-SC;1991;p90p91;145549.328125;;;;
;US-SC;1991;p95p96;192585.53125;;;;
;US-SC;1991;p95p100;;;;0.2421096563;0.2421096563
;US-SC;1991;p99.5p100;598187.25;;;0.0752013475;0.0752013475
;US-SC;1990;p0p100;41042.46875;;65602629632.0;;
;US-SC;1990;p99p100;443838.34375;;;0.1081412286;0.1081412286
;US-SC;1990;p99.9p100;1554259.625;;;0.0378695428;0.0378695428
;US-SC;1990;p99.99p100;5334808.0;;;0.0129982624;0.0129982624
;US-SC;1990;p90p100;;;;0.3627215922;0.3627215922
;US-SC;1990;p90p91;148869.90625;;;;
;US-SC;1990;p95p96;199206.75;;;;
;US-SC;1990;p95p100;;;;0.2426836789;0.2426836789
;US-SC;1990;p99.5p100;650761.625;;;0.0792790502;0.0792790502
;US-SC;1989;p0p100;41015.9570312;;64092176384.0;;
;US-SC;1989;p99p100;471317.9375;;;0.1149108708;0.1149108708
;US-SC;1989;p99.9p100;1694019.875;;;0.0413014814;0.0413014814
;US-SC;1989;p99.99p100;6015416.0;;;0.0146660386;0.0146660386
;US-SC;1989;p90p100;;;;0.3663675189;0.3663675189
;US-SC;1989;p90p91;150269.15625;;;;
;US-SC;1989;p95p96;205102.421875;;;;
;US-SC;1989;p95p100;;;;0.250027597;0.250027597
;US-SC;1989;p99.5p100;690802.4375;;;0.084211424;0.084211424
;US-SC;1988;p0p100;42411.7304688;;62986735616.0;;
;US-SC;1988;p99p100;480521.09375;;;0.1132990941;0.1132990941
;US-SC;1988;p99.9p100;1782588.75;;;0.042030558;0.042030558
;US-SC;1988;p99.99p100;6344494.5;;;0.0149592916;0.0149592916
;US-SC;1988;p90p100;;;;0.3514617085;0.3514617085
;US-SC;1988;p90p91;149060.984375;;;;
;US-SC;1988;p95p96;204318.09375;;;;
;US-SC;1988;p95p100;;;;0.240874514;0.240874514
;US-SC;1988;p99.5p100;713036.9375;;;0.0840612873;0.0840612873
;US-SC;1987;p0p100;39326.5;;58455298048.0;;
;US-SC;1987;p99p100;406409.0;;;0.1033422798;0.1033422798
;US-SC;1987;p99.9p100;1389967.125;;;0.0353442915;0.0353442915
;US-SC;1987;p99.99p100;4784827.0;;;0.0121669285;0.0121669285
;US-SC;1987;p90p100;;;;0.3531141579;0.3531141579
;US-SC;1987;p90p91;138867.4375;;;;
;US-SC;1987;p95p96;185697.578125;;;;
;US-SC;1987;p95p100;;;;0.2360972762;0.2360972762
;US-SC;1987;p99.5p100;584414.4375;;;0.074302882;0.074302882
;US-SC;1986;p0p100;39855.5898438;;58948694016.0;;
;US-SC;1986;p99p100;541972.6875;;;0.1359841228;0.1359841228
;US-SC;1986;p99.9p100;2303464.75;;;0.057795275;0.057795275
;US-SC;1986;p99.99p100;9510977.0;;;0.0238635987;0.0238635987
;US-SC;1986;p90p100;;;;0.3817647696;0.3817647696
;US-SC;1986;p90p91;152154.59375;;;;
;US-SC;1986;p95p96;214495.453125;;;;
;US-SC;1986;p95p100;;;;0.2690908313;0.2690908313
;US-SC;1986;p99.5p100;836140.875;;;0.1048963219;0.1048963219
;US-SC;1985;p0p100;37273.3476562;;54159360000.0;;
;US-SC;1985;p99p100;385576.78125;;;0.1034457013;0.1034457013
;US-SC;1985;p99.9p100;1378987.25;;;0.036996603;0.036996603
;US-SC;1985;p99.99p100;4763807.5;;;0.0127807343;0.0127807343
;US-SC;1985;p90p100;;;;0.3499427736;0.3499427736
;US-SC;1985;p90p91;130435.390625;;;;
;US-SC;1985;p95p96;175472.296875;;;;
;US-SC;1985;p95p100;;;;0.235385716;0.235385716
;US-SC;1985;p99.5p100;558559.8125;;;0.0749275088;0.0749275088
;US-SC;1984;p0p100;36187.9453125;;51680407552.0;;
;US-SC;1984;p99p100;386523.375;;;0.1068099737;0.1068099737
;US-SC;1984;p99.9p100;1434967.125;;;0.0396531783;0.0396531783
;US-SC;1984;p99.99p100;5749187.5;;;0.0158870239;0.0158870239
;US-SC;1984;p90p100;;;;0.3359823823;0.3359823823
;US-SC;1984;p90p91;121585.117188;;;;
;US-SC;1984;p95p96;167079.609375;;;;
;US-SC;1984;p95p100;;;;0.2308497876;0.2308497876
;US-SC;1984;p99.5p100;548528.5625;;;0.0757888481;0.0757888481
;US-SC;1983;p0p100;34783.6875;;48836366336.0;;
;US-SC;1983;p99p100;392568.375;;;0.1128599122;0.1128599122
;US-SC;1983;p99.9p100;1463582.875;;;0.0420767032;0.0420767032
;US-SC;1983;p99.99p100;5957067.5;;;0.0171260387;0.0171260387
;US-SC;1983;p90p100;;;;0.3272093534;0.3272093534
;US-SC;1983;p90p91;113815.476562;;;;
;US-SC;1983;p95p96;160192.8125;;;;
;US-SC;1983;p95p100;;;;0.2302700281;0.2302700281
;US-SC;1983;p99.5p100;545573.8125;;;0.0784238055;0.0784238055
;US-SC;1982;p0p100;34668.296875;;45178486784.0;;
;US-SC;1982;p99p100;337236.84375;;;0.0972752795;0.0972752795
;US-SC;1982;p99.9p100;1304418.0;;;0.0376256742;0.0376256742
;US-SC;1982;p99.99p100;5415985.5;;;0.015622301;0.015622301
;US-SC;1982;p90p100;;;;0.3269734085;0.3269734085
;US-SC;1982;p90p91;113356.109375;;;;
;US-SC;1982;p95p96;152583.90625;;;;
;US-SC;1982;p95p100;;;;0.2200626135;0.2200626135
;US-SC;1982;p99.5p100;497620.28125;;;0.071768783;0.071768783
;US-SC;1981;p0p100;37438.2695312;;45491855360.0;;
;US-SC;1981;p99p100;310370.0625;;;0.0829018131;0.0829018131
;US-SC;1981;p99.9p100;907264.25;;;0.0242336039;0.0242336039
;US-SC;1981;p99.99p100;2827322.0;;;0.0075519569;0.0075519569
;US-SC;1981;p90p100;;;;0.3198767304;0.3198767304
;US-SC;1981;p90p91;119756.3125;;;;
;US-SC;1981;p95p96;154213.71875;;;;
;US-SC;1981;p95p100;;;;0.2059573233;0.2059573233
;US-SC;1981;p99.5p100;429377.125;;;0.0573446825;0.0573446825
;US-SC;1980;p0p100;37906.1210938;;44940288000.0;;
;US-SC;1980;p99p100;311245.09375;;;0.0821094513;0.0821094513
;US-SC;1980;p99.9p100;874035.75;;;0.023057906;0.023057906
;US-SC;1980;p99.99p100;2710192.5;;;0.007149749;0.007149749
;US-SC;1980;p90p100;;;;0.3151106536;0.3151106536
;US-SC;1980;p90p91;119446.226562;;;;
;US-SC;1980;p95p96;153569.390625;;;;
;US-SC;1980;p95p100;;;;0.2025654167;0.2025654167
;US-SC;1980;p99.5p100;419459.0;;;0.0553286634;0.0553286634
;US-SC;1979;p0p100;37121.5859375;;44329275392.0;;
;US-SC;1979;p99p100;313184.34375;;;0.0843671858;0.0843671858
;US-SC;1979;p99.9p100;944640.5;;;0.0254472028;0.0254472028
;US-SC;1979;p99.99p100;3060105.75;;;0.0082434667;0.0082434667
;US-SC;1979;p90p100;;;;0.3254282176;0.3254282176
;US-SC;1979;p90p91;120804.125;;;;
;US-SC;1979;p95p96;158852.40625;;;;
;US-SC;1979;p95p100;;;;0.2139623016;0.2139623016
;US-SC;1979;p99.5p100;427749.21875;;;0.057614617;0.057614617
;US-SC;1978;p0p100;37337.03125;;42255822848.0;;
;US-SC;1978;p99p100;281159.84375;;;0.0753032193;0.0753032193
;US-SC;1978;p99.9p100;752044.0625;;;0.0201420449;0.0201420449
;US-SC;1978;p99.99p100;1994460.375;;;0.0053417762;0.0053417762
;US-SC;1978;p90p100;;;;0.3054044545;0.3054044545
;US-SC;1978;p90p91;114028.953125;;;;
;US-SC;1978;p95p96;148819.171875;;;;
;US-SC;1978;p95p100;;;;0.1992916614;0.1992916614
;US-SC;1978;p99.5p100;375420.28125;;;0.0502745248;0.0502745248
;US-SC;1977;p0p100;36438.2460938;;40187781120.0;;
;US-SC;1977;p99p100;290835.09375;;;0.0798158944;0.0798158944
;US-SC;1977;p99.9p100;805193.6875;;;0.0220974889;0.0220974889
;US-SC;1977;p99.99p100;2783171.75;;;0.0076380512;0.0076380512
;US-SC;1977;p90p100;;;;0.3091100454;0.3091100454
;US-SC;1977;p90p91;112634.273438;;;;
;US-SC;1977;p95p96;147145.890625;;;;
;US-SC;1977;p95p100;;;;0.2019113451;0.2019113451
;US-SC;1977;p99.5p100;392336.90625;;;0.0538358688;0.0538358688
;US-SC;1976;p0p100;36420.3085938;;39168512000.0;;
;US-SC;1976;p99p100;283159.71875;;;0.0777477548;0.0777477548
;US-SC;1976;p99.9p100;757410.125;;;0.020796366;0.020796366
;US-SC;1976;p99.99p100;1924512.625;;;0.0052841743;0.0052841743
;US-SC;1976;p90p100;;;;0.3027432263;0.3027432263
;US-SC;1976;p90p91;110260.015625;;;;
;US-SC;1976;p95p96;141387.546875;;;;
;US-SC;1976;p95p100;;;;0.1941053569;0.1941053569
;US-SC;1976;p99.5p100;382167.21875;;;0.0524662249;0.0524662249
;US-SC;1975;p0p100;34499.1835938;;36202237952.0;;
;US-SC;1975;p99p100;265720.71875;;;0.0770223215;0.0770223215
;US-SC;1975;p99.9p100;667063.5625;;;0.0193356331;0.0193356331
;US-SC;1975;p99.99p100;1803608.0;;;0.0052279732;0.0052279732
;US-SC;1975;p90p100;;;;0.3161603212;0.3161603212
;US-SC;1975;p90p91;109072.734375;;;;
;US-SC;1975;p95p96;140095.65625;;;;
;US-SC;1975;p95p100;;;;0.2030419707;0.2030419707
;US-SC;1975;p99.5p100;353195.25;;;0.0511889271;0.0511889271
;US-SC;1974;p0p100;37294.796875;;38175539200.0;;
;US-SC;1974;p99p100;282245.40625;;;0.075679563;0.075679563
;US-SC;1974;p99.9p100;765826.625;;;0.0205344073;0.0205344073
;US-SC;1974;p99.99p100;2246813.0;;;0.0060244678;0.0060244678
;US-SC;1974;p90p100;;;;0.3047984838;0.3047984838
;US-SC;1974;p90p91;113673.976562;;;;
;US-SC;1974;p95p96;146584.0;;;;
;US-SC;1974;p95p100;;;;0.1965206861;0.1965206861
;US-SC;1974;p99.5p100;379003.03125;;;0.0508117862;0.0508117862
;US-SC;1973;p0p100;37216.8007812;;37190549504.0;;
;US-SC;1973;p99p100;315140.71875;;;0.0846770108;0.0846770108
;US-SC;1973;p99.9p100;842486.1875;;;0.0226372536;0.0226372536
;US-SC;1973;p99.99p100;2472416.75;;;0.0066432818;0.0066432818
;US-SC;1973;p90p100;;;;0.3117978871;0.3117978871
;US-SC;1973;p90p91;116041.195312;;;;
;US-SC;1973;p95p96;153324.375;;;;
;US-SC;1973;p95p100;;;;0.205988124;0.205988124
;US-SC;1973;p99.5p100;429772.375;;;0.0577390231;0.0577390231
;US-SC;1972;p0p100;35870.625;;34981904384.0;;
;US-SC;1972;p99p100;303750.375;;;0.0846794248;0.0846794248
;US-SC;1972;p99.9p100;828039.375;;;0.0230840538;0.0230840538
;US-SC;1972;p99.99p100;2370377.25;;;0.0066081295;0.0066081295
;US-SC;1972;p90p100;;;;0.3186295331;0.3186295331
;US-SC;1972;p90p91;114294.390625;;;;
;US-SC;1972;p95p96;149934.125;;;;
;US-SC;1972;p95p100;;;;0.2089929134;0.2089929134
;US-SC;1972;p99.5p100;416141.5;;;0.0580058955;0.0580058955
;US-SC;1971;p0p100;33909.2929688;;32237299712.0;;
;US-SC;1971;p99p100;268038.53125;;;0.0790457502;0.0790457502
;US-SC;1971;p99.9p100;729230.375;;;0.0215053242;0.0215053242
;US-SC;1971;p99.99p100;2116483.25;;;0.0062416024;0.0062416024
;US-SC;1971;p90p100;;;;0.3110151589;0.3110151589
;US-SC;1971;p90p91;105463.039062;;;;
;US-SC;1971;p95p96;135526.671875;;;;
;US-SC;1971;p95p100;;;;0.1998370588;0.1998370588
;US-SC;1971;p99.5p100;373143.5625;;;0.0550208427;0.0550208427
;US-SC;1970;p0p100;33382.1445312;;30880065536.0;;
;US-SC;1970;p99p100;254490.109375;;;0.0762354061;0.0762354061
;US-SC;1970;p99.9p100;659939.1875;;;0.0197692309;0.0197692309
;US-SC;1970;p99.99p100;1748353.375;;;0.0052373912;0.0052373912
;US-SC;1970;p90p100;;;;0.3066589534;0.3066589534
;US-SC;1970;p90p91;102369.320312;;;;
;US-SC;1970;p95p96;131344.890625;;;;
;US-SC;1970;p95p100;;;;0.1967292726;0.1967292726
;US-SC;1970;p99.5p100;348138.03125;;;0.0521443561;0.0521443561
;US-SC;1969;p0p100;33308.3554688;;30333448192.0;;
;US-SC;1969;p99p100;288748.84375;;;0.0866896212;0.0866896212
;US-SC;1969;p99.9p100;795047.75;;;0.0238693208;0.0238693208
;US-SC;1969;p99.99p100;2673971.25;;;0.0080279298;0.0080279298
;US-SC;1969;p90p100;;;;0.3124561906;0.3124561906
;US-SC;1969;p90p91;104074.0;;;;
;US-SC;1969;p95p96;138402.984375;;;;
;US-SC;1969;p95p100;;;;0.2077601701;0.2077601701
;US-SC;1969;p99.5p100;397072.78125;;;0.0596055835;0.0596055835
;US-SC;1968;p0p100;32764.4492188;;29428983808.0;;
;US-SC;1968;p99p100;298898.4375;;;0.0912264585;0.0912264585
;US-SC;1968;p99.9p100;824797.5625;;;0.0251735523;0.0251735523
;US-SC;1968;p99.99p100;2564690.0;;;0.007827661;0.007827661
;US-SC;1968;p90p100;;;;0.3221848905;0.3221848905
;US-SC;1968;p90p91;105562.109375;;;;
;US-SC;1968;p95p96;140839.609375;;;;
;US-SC;1968;p95p100;;;;0.2149274945;0.2149274945
;US-SC;1968;p99.5p100;412014.53125;;;0.062875241;0.062875241
;US-SC;1967;p0p100;31096.1679688;;27540621312.0;;
;US-SC;1967;p99p100;275591.125;;;0.0886254311;0.0886254311
;US-SC;1967;p99.9p100;735401.1875;;;0.0236492548;0.0236492548
;US-SC;1967;p99.99p100;2265322.5;;;0.0072848923;0.0072848923
;US-SC;1967;p90p100;;;;0.3229898512;0.3229898512
;US-SC;1967;p90p91;100437.460938;;;;
;US-SC;1967;p95p96;132220.765625;;;;
;US-SC;1967;p95p100;;;;0.2125997841;0.2125997841
;US-SC;1967;p99.5p100;385171.125;;;0.0619322509;0.0619322509
;US-SC;1966;p0p100;29657.2832031;;25875202048.0;;
;US-SC;1966;p99p100;269778.4375;;;0.0909653306;0.0909653306
;US-SC;1966;p99.9p100;736025.75;;;0.024817707;0.024817707
;US-SC;1966;p99.99p100;2477172.0;;;0.0083526606;0.0083526606
;US-SC;1966;p90p100;;;;0.3272212744;0.3272212744
;US-SC;1966;p90p91;97044.9375;;;;
;US-SC;1966;p95p96;124757.765625;;;;
;US-SC;1966;p95p100;;;;0.2103324383;0.2103324383
;US-SC;1966;p99.5p100;375606.875;;;0.0633245632;0.0633245632
;US-SC;1965;p0p100;27566.9707031;;23676751872.0;;
;US-SC;1965;p99p100;252767.625;;;0.0916922092;0.0916922092
;US-SC;1965;p99.9p100;743848.8125;;;0.0269833375;0.0269833375
;US-SC;1965;p99.99p100;2448921.0;;;0.008883534;0.008883534
;US-SC;1965;p90p100;;;;0.3301176131;0.3301176131
;US-SC;1965;p90p91;91003.421875;;;;
;US-SC;1965;p95p96;118592.289062;;;;
;US-SC;1965;p95p100;;;;0.2150985152;0.2150985152
;US-SC;1965;p99.5p100;360090.0625;;;0.0653118715;0.0653118715
;US-SC;1964;p0p100;25820.3007812;;21809465344.0;;
;US-SC;1964;p99p100;244432.296875;;;0.0946667194;0.0946667194
;US-SC;1964;p99.9p100;766282.9375;;;0.0296775382;0.0296775382
;US-SC;1964;p99.99p100;3127175.25;;;0.0121113053;0.0121113053
;US-SC;1964;p90p100;;;;0.3372147381;0.3372147381
;US-SC;1964;p90p91;87069.8515625;;;;
;US-SC;1964;p95p96;115220.257812;;;;
;US-SC;1964;p95p100;;;;0.2231195271;0.2231195271
;US-SC;1964;p99.5p100;328788.25;;;0.0636685565;0.0636685565
;US-SC;1963;p0p100;24489.6035156;;20314060800.0;;
;US-SC;1963;p99p100;210637.953125;;;0.0860111713;0.0860111713
;US-SC;1963;p99.9p100;600483.625;;;0.024519939;0.024519939
;US-SC;1963;p99.99p100;1767985.625;;;0.0072193309;0.0072193309
;US-SC;1963;p90p100;;;;0.3224638999;0.3224638999
;US-SC;1963;p90p91;78970.1328125;;;;
;US-SC;1963;p95p96;102942.6875;;;;
;US-SC;1963;p95p100;;;;0.210176304;0.210176304
;US-SC;1963;p99.5p100;293283.15625;;;0.0598791167;0.0598791167
;US-SC;1962;p0p100;23687.5976562;;19285590016.0;;
;US-SC;1962;p99p100;202864.625;;;0.0856417045;0.0856417045
;US-SC;1962;p99.9p100;584371.625;;;0.0246699397;0.0246699397
;US-SC;1962;p99.99p100;1725981.125;;;0.0072864336;0.0072864336
;US-SC;1962;p90p100;;;;0.3293758929;0.3293758929
;US-SC;1962;p90p91;78021.234375;;;;
;US-SC;1962;p95p96;101226.65625;;;;
;US-SC;1962;p95p100;;;;0.2136701643;0.2136701643
;US-SC;1962;p99.5p100;282821.8125;;;0.0596982874;0.0596982874
;US-SC;1961;p0p100;23066.2617188;;18413748224.0;;
;US-SC;1961;p99p100;194376.46875;;;0.0842687339;0.0842687339
;US-SC;1961;p99.9p100;560506.0625;;;0.0242998227;0.0242998227
;US-SC;1961;p99.99p100;1776942.75;;;0.0077036442;0.0077036442
;US-SC;1961;p90p100;;;;0.3233258724;0.3233258724
;US-SC;1961;p90p91;74579.1953125;;;;
;US-SC;1961;p95p96;97433.09375;;;;
;US-SC;1961;p95p100;;;;0.2112026066;0.2112026066
;US-SC;1961;p99.5p100;267132.375;;;0.0579054318;0.0579054318
;US-SC;1960;p0p100;22411.6347656;;17520748544.0;;
;US-SC;1960;p99p100;187535.109375;;;0.0836775601;0.0836775601
;US-SC;1960;p99.9p100;518573.21875;;;0.0231385715;0.0231385715
;US-SC;1960;p99.99p100;1504526.375;;;0.0067131482;0.0067131482
;US-SC;1960;p90p100;;;;0.318898499;0.318898499
;US-SC;1960;p90p91;71470.375;;;;
;US-SC;1960;p95p96;93253.421875;;;;
;US-SC;1960;p95p100;;;;0.2080468833;0.2080468833
;US-SC;1960;p99.5p100;259092.875;;;0.0578032024;0.0578032024
;US-SC;1959;p0p100;21934.8710938;;17110945792.0;;
;US-SC;1959;p99p100;191808.40625;;;0.0874445066;0.0874445066
;US-SC;1959;p99.9p100;496910.1875;;;0.0226538908;0.0226538908
;US-SC;1959;p99.99p100;1253274.125;;;0.0057136151;0.0057136151
;US-SC;1959;p90p100;;;;0.3276094794;0.3276094794
;US-SC;1959;p90p91;71860.71875;;;;
;US-SC;1959;p95p96;94527.59375;;;;
;US-SC;1959;p95p100;;;;0.2154733241;0.2154733241
;US-SC;1959;p99.5p100;261960.609375;;;0.059713278;0.059713278
;US-SC;1958;p0p100;20273.6621094;;15763530752.0;;
;US-SC;1958;p99p100;166637.5;;;0.0821940824;0.0821940824
;US-SC;1958;p99.9p100;493563.8125;;;0.0243450757;0.0243450757
;US-SC;1958;p99.99p100;1297074.5;;;0.0063978303;0.0063978303
;US-SC;1958;p90p100;;;;0.3169984221;0.3169984221
;US-SC;1958;p90p91;64267.1875;;;;
;US-SC;1958;p95p96;84156.5703125;;;;
;US-SC;1958;p95p100;;;;0.2075514942;0.2075514942
;US-SC;1958;p99.5p100;228226.390625;;;0.0562864318;0.0562864318
;US-SC;1957;p0p100;20333.5292969;;15754995712.0;;
;US-SC;1957;p99p100;173650.90625;;;0.0854012668;0.0854012668
;US-SC;1957;p99.9p100;485319.03125;;;0.02386792;0.02386792
;US-SC;1957;p99.99p100;1360064.5;;;0.0066887778;0.0066887778
;US-SC;1957;p90p100;;;;0.3200593889;0.3200593889
;US-SC;1957;p90p91;65079.3632812;;;;
;US-SC;1957;p95p96;84739.5546875;;;;
;US-SC;1957;p95p100;;;;0.2083739638;0.2083739638
;US-SC;1957;p99.5p100;237592.1875;;;0.0584237464;0.0584237464
;US-SC;1956;p0p100;20594.8730469;;15876527104.0;;
;US-SC;1956;p99p100;183547.0625;;;0.0891226977;0.0891226977
;US-SC;1956;p99.9p100;519831.5625;;;0.0252408236;0.0252408236
;US-SC;1956;p99.99p100;1357465.375;;;0.0065912781;0.0065912781
;US-SC;1956;p90p100;;;;0.3282569051;0.3282569051
;US-SC;1956;p90p91;67604.0859375;;;;
;US-SC;1956;p95p96;86068.1015625;;;;
;US-SC;1956;p95p100;;;;0.2089551687;0.2089551687
;US-SC;1956;p99.5p100;254416.609375;;;0.0617669821;0.0617669821
;US-SC;1955;p0p100;20663.9785156;;15850596352.0;;
;US-SC;1955;p99p100;182198.734375;;;0.0881721452;0.0881721452
;US-SC;1955;p99.9p100;558996.6875;;;0.027051745;0.027051745
;US-SC;1955;p99.99p100;1535561.125;;;0.0074311006;0.0074311006
;US-SC;1955;p90p100;;;;0.3231202662;0.3231202662
;US-SC;1955;p90p91;66769.5;;;;
;US-SC;1955;p95p96;83461.1640625;;;;
;US-SC;1955;p95p100;;;;0.201948449;0.201948449
;US-SC;1955;p99.5p100;256074.25;;;0.0619615093;0.0619615093
;US-SC;1954;p0p100;19529.5195312;;14903941120.0;;
;US-SC;1954;p99p100;167896.703125;;;0.0859707296;0.0859707296
;US-SC;1954;p99.9p100;472145.25;;;0.0241759792;0.0241759792
;US-SC;1954;p99.99p100;1303348.125;;;0.0066737342;0.0066737342
;US-SC;1954;p90p100;;;;0.3289861679;0.3289861679
;US-SC;1954;p90p91;64249.4101562;;;;
;US-SC;1954;p95p96;79792.125;;;;
;US-SC;1954;p95p100;;;;0.2042859495;0.2042859495
;US-SC;1954;p99.5p100;230897.359375;;;0.0591149628;0.0591149628
;US-SC;1953;p0p100;21030.9882812;;15965719552.0;;
;US-SC;1953;p99p100;164084.796875;;;0.0780204907;0.0780204907
;US-SC;1953;p99.9p100;437216.96875;;;0.0207891781;0.0207891781
;US-SC;1953;p99.99p100;1229554.875;;;0.0058463956;0.0058463956
;US-SC;1953;p90p100;;;;0.3116578162;0.3116578162
;US-SC;1953;p90p91;65544.7109375;;;;
;US-SC;1953;p95p96;78359.546875;;;;
;US-SC;1953;p95p100;;;;0.1862954497;0.1862954497
;US-SC;1953;p99.5p100;219741.8125;;;0.0522423908;0.0522423908
;US-SC;1952;p0p100;20750.9804688;;15683322880.0;;
;US-SC;1952;p99p100;215850.484375;;;0.1040194109;0.1040194109
;US-SC;1952;p99.9p100;760861.8125;;;0.0366663076;0.0366663076
;US-SC;1952;p99.99p100;2953591.25;;;0.0142335016;0.0142335016
;US-SC;1952;p90p100;;;;0.3344832063;0.3344832063
;US-SC;1952;p90p91;69408.546875;;;;
;US-SC;1952;p95p96;84961.875;;;;
;US-SC;1952;p95p100;;;;0.2047177255;0.2047177255
;US-SC;1952;p99.5p100;323847.28125;;;0.0780318007;0.0780318007
;US-SC;1951;p0p100;19829.4277344;;14908963840.0;;
;US-SC;1951;p99p100;185756.859375;;;0.0936773643;0.0936773643
;US-SC;1951;p99.9p100;577925.25;;;0.0291448273;0.0291448273
;US-SC;1951;p99.99p100;1919599.0;;;0.0096805571;0.0096805571
;US-SC;1951;p90p100;;;;0.306417793;0.306417793
;US-SC;1951;p90p91;60760.890625;;;;
;US-SC;1951;p95p96;82282.7265625;;;;
;US-SC;1951;p95p100;;;;0.207476303;0.207476303
;US-SC;1951;p99.5p100;264085.78125;;;0.0665893629;0.0665893629
;US-SC;1950;p0p100;17015.8828125;;12726432768.0;;
;US-SC;1950;p99p100;188381.625;;;0.1107093021;0.1107093021
;US-SC;1950;p99.9p100;569052.75;;;0.0334424525;0.0334424525
;US-SC;1950;p99.99p100;1519166.0;;;0.0089279301;0.0089279301
;US-SC;1950;p90p100;;;;0.3577819169;0.3577819169
;US-SC;1950;p90p91;60879.7421875;;;;
;US-SC;1950;p95p96;83362.8125;;;;
;US-SC;1950;p95p100;;;;0.2449558973;0.2449558973
;US-SC;1950;p99.5p100;270992.5;;;0.0796292871;0.0796292871
;US-SC;1949;p0p100;15523.7314453;;11489797120.0;;
;US-SC;1949;p99p100;158378.578125;;;0.102023527;0.102023527
;US-SC;1949;p99.9p100;508980.5625;;;0.0327872559;0.0327872559
;US-SC;1949;p99.99p100;1649861.75;;;0.010627998;0.010627998
;US-SC;1949;p90p100;;;;0.3319982886;0.3319982886
;US-SC;1949;p90p91;51538.5195312;;;;
;US-SC;1949;p95p96;69694.6796875;;;;
;US-SC;1949;p95p100;;;;0.2244778574;0.2244778574
;US-SC;1949;p99.5p100;229678.0625;;;0.0739764348;0.0739764348
;US-SC;1948;p0p100;16228.5302734;;11921724416.0;;
;US-SC;1948;p99p100;170035.265625;;;0.1047755182;0.1047755182
;US-SC;1948;p99.9p100;536068.4375;;;0.0330324695;0.0330324695
;US-SC;1948;p99.99p100;1554741.75;;;0.0095802993;0.0095802993
;US-SC;1948;p90p100;;;;0.3211863637;0.3211863637
;US-SC;1948;p90p91;52123.8242188;;;;
;US-SC;1948;p95p96;71734.9140625;;;;
;US-SC;1948;p95p100;;;;0.2210148126;0.2210148126
;US-SC;1948;p99.5p100;245882.296875;;;0.0757561773;0.0757561773
;US-SC;1947;p0p100;14911.6630859;;10870724608.0;;
;US-SC;1947;p99p100;169386.28125;;;0.1135931388;0.1135931388
;US-SC;1947;p99.9p100;565345.75;;;0.0379129909;0.0379129909
;US-SC;1947;p99.99p100;1823051.0;;;0.0122256717;0.0122256717
;US-SC;1947;p90p100;;;;0.3492667079;0.3492667079
;US-SC;1947;p90p91;52081.4765625;;;;
;US-SC;1947;p95p96;71683.765625;;;;
;US-SC;1947;p95p100;;;;0.2403613925;0.2403613925
;US-SC;1947;p99.5p100;247355.546875;;;0.0829402879;0.0829402879
;US-SC;1946;p0p100;15787.2294922;;11396574208.0;;
;US-SC;1946;p99p100;191410.546875;;;0.121243909;0.121243909
;US-SC;1946;p99.9p100;609831.875;;;0.0386281721;0.0386281721
;US-SC;1946;p99.99p100;1890870.25;;;0.0119772134;0.0119772134
;US-SC;1946;p90p100;;;;0.359566927;0.359566927
;US-SC;1946;p90p91;56765.6601562;;;;
;US-SC;1946;p95p96;80203.0;;;;
;US-SC;1946;p95p100;;;;0.2540122569;0.2540122569
;US-SC;1946;p99.5p100;278421.625;;;0.0881793723;0.0881793723
;US-SC;1945;p0p100;16513.8378906;;11906420736.0;;
;US-SC;1945;p99p100;166502.828125;;;0.1008262336;0.1008262336
;US-SC;1945;p99.9p100;550860.25;;;0.0333574899;0.0333574899
;US-SC;1945;p99.99p100;1631954.25;;;0.0098823421;0.0098823421
;US-SC;1945;p90p100;;;;0.3163084686;0.3163084686
;US-SC;1945;p90p91;52234.6757812;;;;
;US-SC;1945;p95p96;70763.390625;;;;
;US-SC;1945;p95p100;;;;0.2142547965;0.2142547965
;US-SC;1945;p99.5p100;242870.734375;;;0.0735355094;0.0735355094
;US-SC;1944;p0p100;16796.7773438;;12085578752.0;;
;US-SC;1944;p99p100;202688.40625;;;0.1206709966;0.1206709966
;US-SC;1944;p99.9p100;684565.8125;;;0.0407557786;0.0407557786
;US-SC;1944;p99.99p100;1950584.375;;;0.0116128474;0.0116128474
;US-SC;1944;p90p100;;;;0.3714757562;0.3714757562
;US-SC;1944;p90p91;62395.9648438;;;;
;US-SC;1944;p95p96;85161.1015625;;;;
;US-SC;1944;p95p100;;;;0.2535042763;0.2535042763
;US-SC;1944;p99.5p100;298782.78125;;;0.0889405012;0.0889405012
;US-SC;1943;p0p100;16447.3964844;;11795158016.0;;
;US-SC;1943;p99p100;157585.3125;;;0.0958117098;0.0958117098
;US-SC;1943;p99.9p100;538225.8125;;;0.032724075;0.032724075
;US-SC;1943;p99.99p100;1415743.875;;;0.0086077088;0.0086077088
;US-SC;1943;p90p100;;;;0.313883245;0.313883245
;US-SC;1943;p90p91;51625.6171875;;;;
;US-SC;1943;p95p96;69585.703125;;;;
;US-SC;1943;p95p100;;;;0.2115401924;0.2115401924
;US-SC;1943;p99.5p100;233658.34375;;;0.0710320175;0.0710320175
;US-SC;1942;p0p100;14584.3134766;;10403891200.0;;
;US-SC;1942;p99p100;145646.8125;;;0.0998653919;0.0998653919
;US-SC;1942;p99.9p100;517029.65625;;;0.0354510807;0.0354510807
;US-SC;1942;p99.99p100;1566266.875;;;0.0107393945;0.0107393945
;US-SC;1942;p90p100;;;;0.3071041107;0.3071041107
;US-SC;1942;p90p91;44789.0234375;;;;
;US-SC;1942;p95p96;63988.0273438;;;;
;US-SC;1942;p95p100;;;;0.2193727791;0.2193727791
;US-SC;1942;p99.5p100;216966.765625;;;0.0743836015;0.0743836015
;US-SC;1941;p0p100;11078.4521484;;7883217920.0;;
;US-SC;1941;p99p100;140977.640625;;;0.1272539049;0.1272539049
;US-SC;1941;p99.9p100;492716.4375;;;0.0444752015;0.0444752015
;US-SC;1941;p99.99p100;1566736.875;;;0.0141421994;0.0141421994
;US-SC;1941;p90p100;;;;0.3580577075;0.3580577075
;US-SC;1941;p90p91;39667.2539062;;;;
;US-SC;1941;p95p96;59152.7109375;;;;
;US-SC;1941;p95p100;;;;0.2669718862;0.2669718862
;US-SC;1941;p99.5p100;207672.0625;;;0.0937279239;0.0937279239
;US-SC;1940;p0p100;8853.74121094;;6290941952.0;;
;US-SC;1940;p99p100;116029.140625;;;0.1310509741;0.1310509741
;US-SC;1940;p99.9p100;378513.90625;;;0.0427518599;0.0427518599
;US-SC;1940;p99.99p100;1142156.25;;;0.0129002668;0.0129002668
;US-SC;1940;p90p100;;;;0.3881216645;0.3881216645
;US-SC;1940;p90p91;34363.2851562;;;;
;US-SC;1940;p95p96;53011.5820312;;;;
;US-SC;1940;p95p100;;;;0.2993738949;0.2993738949
;US-SC;1940;p99.5p100;167426.59375;;;0.0945513174;0.0945513174
;US-SC;1939;p0p100;7982.05126953;;5568279040.0;;
;US-SC;1939;p99p100;106448.484375;;;0.1333598197;0.1333598197
;US-SC;1939;p99.9p100;329039.375;;;0.0412224121;0.0412224121
;US-SC;1939;p99.99p100;934472.4375;;;0.0117071727;0.0117071727
;US-SC;1939;p90p100;;;;0.3448339701;0.3448339701
;US-SC;1939;p90p91;27524.8222656;;;;
;US-SC;1939;p95p96;42829.8671875;;;;
;US-SC;1939;p95p100;;;;0.2682886422;0.2682886422
;US-SC;1939;p99.5p100;149716.90625;;;0.0937834904;0.0937834904
;US-SC;1938;p0p100;7123.98876953;;4886021120.0;;
;US-SC;1938;p99p100;94449.46875;;;0.1325794756;0.1325794756
;US-SC;1938;p99.9p100;286471.15625;;;0.0402121842;0.0402121842
;US-SC;1938;p99.99p100;856334.6875;;;0.0120204389;0.0120204389
;US-SC;1938;p90p100;;;;0.3491244912;0.3491244912
;US-SC;1938;p90p91;24871.5898438;;;;
;US-SC;1938;p95p96;37007.0859375;;;;
;US-SC;1938;p95p100;;;;0.2597357035;0.2597357035
;US-SC;1938;p99.5p100;131540.0625;;;0.0923219174;0.0923219174
;US-SC;1937;p0p100;7636.70410156;;5151537664.0;;
;US-SC;1937;p99p100;103609.632812;;;0.1356732398;0.1356732398
;US-SC;1937;p99.9p100;332629.25;;;0.043556653;0.043556653
;US-SC;1937;p99.99p100;930116.9375;;;0.01217956;0.01217956
;US-SC;1937;p90p100;;;;0.3262695968;0.3262695968
;US-SC;1937;p90p91;24916.2421875;;;;
;US-SC;1937;p95p96;38318.6171875;;;;
;US-SC;1937;p95p100;;;;0.2508845627;0.2508845627
;US-SC;1937;p99.5p100;148617.375;;;0.097304672;0.097304672
;US-SC;1936;p0p100;7455.50048828;;4955333120.0;;
;US-SC;1936;p99p100;104183.0625;;;0.139739871;0.139739871
;US-SC;1936;p99.9p100;332442.9375;;;0.0445902906;0.0445902906
;US-SC;1936;p99.99p100;870206.0;;;0.0116719995;0.0116719995
;US-SC;1936;p90p100;;;;0.3290723264;0.3290723264
;US-SC;1936;p90p91;24533.9882812;;;;
;US-SC;1936;p95p96;37127.9804688;;;;
;US-SC;1936;p95p100;;;;0.2489972413;0.2489972413
;US-SC;1936;p99.5p100;149910.34375;;;0.1005367413;0.1005367413
;US-SC;1935;p0p100;6839.91699219;;4478225408.0;;
;US-SC;1935;p99p100;84433.6875;;;0.123442553;0.123442553
;US-SC;1935;p99.9p100;248981.28125;;;0.0364012122;0.0364012122
;US-SC;1935;p99.99p100;660343.3125;;;0.0096542584;0.0096542584
;US-SC;1935;p90p100;;;;0.3159149885;0.3159149885
;US-SC;1935;p90p91;21608.3242188;;;;
;US-SC;1935;p95p96;31254.0410156;;;;
;US-SC;1935;p95p100;;;;0.228467986;0.228467986
;US-SC;1935;p99.5p100;117566.929688;;;0.0859417766;0.0859417766
;US-SC;1934;p0p100;6313.27490234;;4069256704.0;;
;US-SC;1934;p99p100;80866.0546875;;;0.1280889213;0.1280889213
;US-SC;1934;p99.9p100;244950.21875;;;0.03879923;0.03879923
;US-SC;1934;p99.99p100;654987.875;;;0.0103747724;0.0103747724
;US-SC;1934;p90p100;;;;0.3303368688;0.3303368688
;US-SC;1934;p90p91;20855.0742188;;;;
;US-SC;1934;p95p96;30403.2949219;;;;
;US-SC;1934;p95p100;;;;0.2407886237;0.2407886237
;US-SC;1934;p99.5p100;113685.921875;;;0.0900371969;0.0900371969
;US-SC;1933;p0p100;5560.91503906;;3530924800.0;;
;US-SC;1933;p99p100;70023.078125;;;0.1259200722;0.1259200722
;US-SC;1933;p99.9p100;198727.421875;;;0.0357364602;0.0357364602
;US-SC;1933;p99.99p100;532825.125;;;0.0095816096;0.0095816096
;US-SC;1933;p90p100;;;;0.337235719;0.337235719
;US-SC;1933;p90p91;18753.3925781;;;;
;US-SC;1933;p95p96;26449.2167969;;;;
;US-SC;1933;p95p100;;;;0.2378135324;0.2378135324
;US-SC;1933;p99.5p100;95268.09375;;;0.0856586546;0.0856586546
;US-SC;1932;p0p100;4874.81835938;;3050545920.0;;
;US-SC;1932;p99p100;63984.578125;;;0.1312552989;0.1312552989
;US-SC;1932;p99.9p100;171213.953125;;;0.0351221152;0.0351221152
;US-SC;1932;p99.99p100;467007.75;;;0.0095800031;0.0095800031
;US-SC;1932;p90p100;;;;0.368996948;0.368996948
;US-SC;1932;p90p91;17987.9316406;;;;
;US-SC;1932;p95p96;24551.296875;;;;
;US-SC;1932;p95p100;;;;0.2518175542;0.2518175542
;US-SC;1932;p99.5p100;85152.90625;;;0.0873395652;0.0873395652
;US-SC;1931;p0p100;5713.8984375;;3522161920.0;;
;US-SC;1931;p99p100;71173.8203125;;;0.1245626211;0.1245626211
;US-SC;1931;p99.9p100;206985.453125;;;0.0362249091;0.0362249091
;US-SC;1931;p99.99p100;545328.4375;;;0.0095438939;0.0095438939
;US-SC;1931;p90p100;;;;0.3183779716;0.3183779716
;US-SC;1931;p90p91;18191.7949219;;;;
;US-SC;1931;p95p96;24783.734375;;;;
;US-SC;1931;p95p100;;;;0.2168723643;0.2168723643
;US-SC;1931;p99.5p100;99773.2890625;;;0.0873075426;0.0873075426
;US-SC;1930;p0p100;6459.53271484;;3917059840.0;;
;US-SC;1930;p99p100;76414.2734375;;;0.1182968915;0.1182968915
;US-SC;1930;p99.9p100;221705.609375;;;0.0343222357;0.0343222357
;US-SC;1930;p99.99p100;556974.875;;;0.0086225253;0.0086225253
;US-SC;1930;p90p100;;;;0.2791519165;0.2791519165
;US-SC;1930;p90p91;18031.9101562;;;;
;US-SC;1930;p95p96;26043.9511719;;;;
;US-SC;1930;p95p100;;;;0.2015931457;0.2015931457
;US-SC;1930;p99.5p100;105682.398438;;;0.0818034336;0.0818034336
;US-SC;1929;p0p100;7267.72607422;;4420484608.0;;
;US-SC;1929;p99p100;87866.4375;;;0.1208994985;0.1208994985
;US-SC;1929;p99.9p100;298419.59375;;;0.041060932;0.041060932
;US-SC;1929;p99.99p100;819366.75;;;0.0112740463;0.0112740463
;US-SC;1929;p90p100;;;;0.2502609789;0.2502609789
;US-SC;1929;p90p91;18188.28125;;;;
;US-SC;1929;p95p96;27818.3710938;;;;
;US-SC;1929;p95p100;;;;0.1913829297;0.1913829297
;US-SC;1929;p99.5p100;129644.101562;;;0.0891916603;0.0891916603
;US-SC;1928;p0p100;6028.41455078;;3678537472.0;;
;US-SC;1928;p99p100;92066.5;;;0.1527209133;0.1527209133
;US-SC;1928;p99.9p100;304392.46875;;;0.0504929572;0.0504929572
;US-SC;1928;p99.99p100;906612.8125;;;0.0150389932;0.0150389932
;US-SC;1928;p90p100;;;;0.3208284676;0.3208284676
;US-SC;1928;p90p91;19340.8710938;;;;
;US-SC;1928;p95p96;29989.2890625;;;;
;US-SC;1928;p95p100;;;;0.2487328053;0.2487328053
;US-SC;1928;p99.5p100;132575.78125;;;0.1099590734;0.1099590734
;US-SC;1927;p0p100;6248.11279297;;3817157888.0;;
;US-SC;1927;p99p100;87734.1875;;;0.140417099;0.140417099
;US-SC;1927;p99.9p100;274034.65625;;;0.0438587889;0.0438587889
;US-SC;1927;p99.99p100;687149.1875;;;0.010997708;0.010997708
;US-SC;1927;p90p100;;;;0.3088903427;0.3088903427
;US-SC;1927;p90p91;19299.8183594;;;;
;US-SC;1927;p95p96;29551.9628906;;;;
;US-SC;1927;p95p100;;;;0.2364870906;0.2364870906
;US-SC;1927;p99.5p100;124206.546875;;;0.0993952453;0.0993952453
;US-SC;1926;p0p100;5931.02099609;;3621770752.0;;
;US-SC;1926;p99p100;82213.78125;;;0.1386165768;0.1386165768
;US-SC;1926;p99.9p100;238045.75;;;0.0401357114;0.0401357114
;US-SC;1926;p99.99p100;593048.9375;;;0.0099991038;0.0099991038
;US-SC;1926;p90p100;;;;0.3105279505;0.3105279505
;US-SC;1926;p90p91;18417.4765625;;;;
;US-SC;1926;p95p96;28163.4394531;;;;
;US-SC;1926;p95p100;;;;0.2374248803;0.2374248803
;US-SC;1926;p99.5p100;111428.335938;;;0.0939368904;0.0939368904
;US-SC;1925;p0p100;6300.58007812;;3846848768.0;;
;US-SC;1925;p99p100;83166.4609375;;;0.1319980919;0.1319980919
;US-SC;1925;p99.9p100;245907.65625;;;0.0390293673;0.0390293673
;US-SC;1925;p99.99p100;585572.0;;;0.0092939381;0.0092939381
;US-SC;1925;p90p100;;;;0.3122636974;0.3122636974
;US-SC;1925;p90p91;19674.4238281;;;;
;US-SC;1925;p95p96;29954.2480469;;;;
;US-SC;1925;p95p100;;;;0.2377102375;0.2377102375
;US-SC;1925;p99.5p100;112363.65625;;;0.0891692862;0.0891692862
;US-SC;1924;p0p100;6917.64013672;;4216125952.0;;
;US-SC;1924;p99p100;84360.6640625;;;0.1219500676;0.1219500676
;US-SC;1924;p99.9p100;256585.203125;;;0.0370914377;0.0370914377
;US-SC;1924;p99.99p100;666696.375;;;0.0096376278;0.0096376278
;US-SC;1924;p90p100;;;;0.3309573233;0.3309573233
;US-SC;1924;p90p91;22894.4355469;;;;
;US-SC;1924;p95p96;35825.1328125;;;;
;US-SC;1924;p95p100;;;;0.2589404285;0.2589404285
;US-SC;1924;p99.5p100;117104.648438;;;0.0846420527;0.0846420527
;US-SC;1923;p0p100;7642.33691406;;4629768704.0;;
;US-SC;1923;p99p100;98164.671875;;;0.1284484863;0.1284484863
;US-SC;1923;p99.9p100;365295.5;;;0.0477989241;0.0477989241
;US-SC;1923;p99.99p100;1455541.25;;;0.0190457609;0.0190457609
;US-SC;1923;p90p100;;;;0.3189769983;0.3189769983
;US-SC;1923;p90p91;24377.296875;;;;
;US-SC;1923;p95p96;39212.375;;;;
;US-SC;1923;p95p100;;;;0.256547004;0.256547004
;US-SC;1923;p99.5p100;141761.375;;;0.0927473903;0.0927473903
;US-SC;1922;p0p100;6657.84667969;;4016823040.0;;
;US-SC;1922;p99p100;80213.6015625;;;0.1204797998;0.1204797998
;US-SC;1922;p99.9p100;248515.296875;;;0.0373266749;0.0373266749
;US-SC;1922;p99.99p100;642451.625;;;0.0096495403;0.0096495403
;US-SC;1922;p90p100;;;;0.3328154981;0.3328154981
;US-SC;1922;p90p91;22158.3476562;;;;
;US-SC;1922;p95p96;34612.3828125;;;;
;US-SC;1922;p95p100;;;;0.2599367499;0.2599367499
;US-SC;1922;p99.5p100;111232.53125;;;0.0835349038;0.0835349038
;US-SC;1921;p0p100;5807.34179688;;3500436992.0;;
;US-SC;1921;p99p100;70309.78125;;;0.1210705042;0.1210705042
;US-SC;1921;p99.9p100;211231.140625;;;0.0363731198;0.0363731198
;US-SC;1921;p99.99p100;589508.9375;;;0.0101510976;0.0101510976
;US-SC;1921;p90p100;;;;0.3420162797;0.3420162797
;US-SC;1921;p90p91;19862.0566406;;;;
;US-SC;1921;p95p96;30924.4570312;;;;
;US-SC;1921;p95p100;;;;0.2662531137;0.2662531137
;US-SC;1921;p99.5p100;96512.1953125;;;0.0830949843;0.0830949843
;US-SC;1920;p0p100;8219.69921875;;4922305024.0;;
;US-SC;1920;p99p100;89690.9609375;;;0.1091170758;0.1091170758
;US-SC;1920;p99.9p100;296627.125;;;0.0360873453;0.0360873453
;US-SC;1920;p99.99p100;772961.125;;;0.0094037633;0.0094037633
;US-SC;1920;p90p100;;;;0.294585824;0.294585824
;US-SC;1920;p90p91;24214.0703125;;;;
;US-SC;1920;p95p96;39007.8554688;;;;
;US-SC;1920;p95p100;;;;0.2372827232;0.2372827232
;US-SC;1920;p99.5p100;128425.96875;;;0.0781208426;0.0781208426
;US-SC;1919;p0p100;14095.640625;;8339239936.0;;
;US-SC;1919;p99p100;128596.078125;;;0.0912311077;0.0912311077
;US-SC;1919;p99.9p100;403876.96875;;;0.0286526158;0.0286526158
;US-SC;1919;p99.99p100;1017296.8125;;;0.0072171027;0.0072171027
;US-SC;1919;p90p100;;;;0.2484209538;0.2484209538
;US-SC;1919;p90p91;35016.5234375;;;;
;US-SC;1919;p95p96;56442.6757812;;;;
;US-SC;1919;p95p100;;;;0.2002132535;0.2002132535
;US-SC;1919;p99.5p100;182143.859375;;;0.064609997;0.064609997
;US-SC;1918;p0p100;9090.89355469;;5344493056.0;;
;US-SC;1918;p99p100;103598.390625;;;0.1139584184;0.1139584184
;US-SC;1918;p99.9p100;298360.78125;;;0.0328197405;0.0328197405
;US-SC;1918;p99.99p100;756534.125;;;0.0083218897;0.0083218897
;US-SC;1918;p90p100;;;;0.2772792876;0.2772792876
;US-SC;1918;p90p91;25207.1660156;;;;
;US-SC;1918;p95p96;40512.4726562;;;;
;US-SC;1918;p95p100;;;;0.2228189558;0.2228189558
;US-SC;1918;p99.5p100;142634.734375;;;0.0784492344;0.0784492344
;US-SC;1917;p0p100;10781.8564453;;6381751808.0;;
