Variable Name;.;.;.;Fiscal income  | tax unit | Average | Adults | constant 2015 local currency;Fiscal income  | tax unit | Threshold | Adults | constant 2015 local currency;Fiscal income  | tax unit | Total | Adults | constant 2015 local currency;Fiscal income  | tax unit | Share | Adults | share of total (ratio);Pre-tax national income  | tax unit | Share | Adults | share of total (ratio)
Variable Category;.;.;.;Income inequality;Income inequality;Income inequality;Income inequality;Income inequality
Variable Description;.;.;.;Average Fiscal income within a given percentile group. Fiscal income is defined as the sum of all income items reported on income tax returns, before any deduction. It includes labour income, capital income and mixed income. The concept of fiscal income varies with national tax legislations, so in order to make international comparisons it is preferable to use the concept of national income. The population is comprised of individuals over age 20. The base unit is the tax unit defined by national fiscal administrations to measure personal income taxes.;Fiscal income threshold value at a given percentile.  Fiscal income is defined as the sum of all income items reported on income tax returns, before any deduction. It includes labour income, capital income and mixed income. The concept of fiscal income varies with national tax legislations, so in order to make international comparisons it is preferable to use the concept of national income. The population is comprised of individuals over age 20. The base unit is the tax unit defined by national fiscal administrations to measure personal income taxes.;Total Fiscal income  within a given percentile group. Fiscal income is defined as the sum of all income items reported on income tax returns, before any deduction. It includes labour income, capital income and mixed income. The concept of fiscal income varies with national tax legislations, so in order to make international comparisons it is preferable to use the concept of national income. The population is comprised of individuals over age 20.;Fiscal income share held by a given percentile group. Fiscal income is defined as the sum of all income items reported on income tax returns, before any deduction. It includes labour income, capital income and mixed income. The concept of fiscal income varies with national tax legislations, so in order to make international comparisons it is preferable to use the concept of national income. The population is comprised of individuals over age 20. The base unit is the tax unit defined by national fiscal administrations to measure personal income taxes.;Pre-tax national income share held by a given percentile group. Pre-tax national income  is the sum of all pre-tax personal income flows accruing to the owners of the production factors, labor and capital, before taking into account the operation of the tax/transfer system, but after taking into account the operation of pension system. The central difference between personal factor income and pre-tax income is the treatment of pensions, which are counted on a contribution basis by factor income and on a distribution basis by pre-tax income. The population is comprised of individuals over age 20. The base unit is the tax unit defined by national fiscal administrations to measure personal income taxes.
Variable Decomposition;.;.;.;[Fiscal income ]=[Fiscal labour income ]+[Fiscal capital income ];[Fiscal income ]=[Fiscal labour income ]+[Fiscal capital income ];[Fiscal income ]=[Fiscal labour income ]+[Fiscal capital income ];[Fiscal income ]=[Fiscal labour income ]+[Fiscal capital income ];Pre-tax national income =Pre-tax labor income [total pre-tax income ranking]+Pre-tax capital income [total pre-tax income ranking]
Variable Unit;.;.;.;"USD; United States dollar | local currency | market";"USD; United States dollar | local currency | market";"USD; United States dollar | local currency | market";share;share
Methodological Notes;.;.;.;;;;;Assuming the same distribution as fiscal income.
Sources;.;.;.;Frank, Sommeiller, Price & Saez (2015);Frank, Sommeiller, Price & Saez (2015);Frank, Sommeiller, Price & Saez (2015);Frank, Sommeiller, Price & Saez (2015);WID.world computations using: Frank, Sommeiller, Price & Saez (2015)
Variable Code;country;year;perc;afiinc992t;tfiinc992t;mfiinc992t;sfiinc992t;sptinc992t
;US-OK;2014;p0p100;60752.8007812;;1.17847089152e+11;;
;US-OK;2014;p99p100;;357579.5;;0.1667894721;0.1667894721
;US-OK;2014;p99.9p100;;1570054.875;;0.0754089877;0.0754089877
;US-OK;2014;p99.99p100;;7220525.5;;0.0334756523;0.0334756523
;US-OK;2014;p90p100;;111995.898438;;0.4118008912;0.4118008912
;US-OK;2014;p90p91;253437.0;;;;
;US-OK;2014;p95p96;374882.5;;;;
;US-OK;2014;p90p95;131991.5;111995.898438;;0.1060930341;0.1060930341
;US-OK;2014;p95p99;212450.671875;143419.765625;;0.1388430297;0.1388430297
;US-OK;2014;p99.5p99.9;847603.3125;561495.0;;0.0556260124;0.0556260124
;US-OK;2014;p99.9p99.99;2793051.5;1570054.875;;0.0421296246;0.0421296246
;US-OK;2014;p99p99.5;440309.53125;357579.5;;0.0358085744;0.0358085744
;US-OK;2014;p95p100;;143419.765625;;0.3056107461;0.3056107461
;US-OK;2014;p0p90;39343.4414062;;;0.5880240798;0.5880240798
;US-OK;2014;p0p99;51016.8671875;;;0.8332105279;0.8332105279
;US-OK;2014;p99.5p100;;561495.0;;0.1309782565;0.1309782565
;US-OK;2014;p99.5p99.6;1608910.25;;;;
;US-OK;2014;p99.99p99.991;21403914.0;;;;
;US-OK;2014;p99.9p99.91;4654137.5;;;;
;US-OK;2014;p99p99.1;1024609.875;;;;
;US-OK;2013;p0p100;58055.7226562;;1.10342684672e+11;;
;US-OK;2013;p99p100;;339101.71875;;0.1648856848;0.1648856848
;US-OK;2013;p99.9p100;;1491996.75;;0.0746328235;0.0746328235
;US-OK;2013;p99.99p100;;6830566.5;;0.0337192863;0.0337192863
;US-OK;2013;p90p100;;111403.335938;;0.4151037931;0.4151037931
;US-OK;2013;p90p91;246140.296875;;;;
;US-OK;2013;p95p96;359867.90625;;;;
;US-OK;2013;p90p95;132412.6875;111403.335938;;0.1098892316;0.1098892316
;US-OK;2013;p95p99;207146.0;139851.8125;;0.1401934624;0.1401934624
;US-OK;2013;p99.5p99.9;805716.0;532359.5;;0.0545933209;0.0545933209
;US-OK;2013;p99.9p99.99;2648962.0;1491996.75;;0.0409550481;0.0409550481
;US-OK;2013;p99p99.5;417511.375;339101.71875;;0.0356622823;0.0356622823
;US-OK;2013;p95p100;;139851.8125;;0.3050892353;0.3050892353
;US-OK;2013;p0p90;37157.4375;;;0.5849873424;0.5849873424
;US-OK;2013;p0p99;48836.5351562;;;0.8351143003;0.8351143003
;US-OK;2013;p99.5p100;;532359.5;;0.1292310506;0.1292310506
;US-OK;2013;p99.5p99.6;1523999.625;;;;
;US-OK;2013;p99.99p99.991;20130684.0;;;;
;US-OK;2013;p99.9p99.91;4397134.0;;;;
;US-OK;2013;p99p99.1;970755.5;;;;
;US-OK;2012;p0p100;55744.4453125;;1.063337984e+11;;
;US-OK;2012;p99p100;1136530.0;;;0.2038821876;0.2038821876
;US-OK;2012;p99.9p100;5646177.0;;;0.1012868062;0.1012868062
;US-OK;2012;p99.99p100;26711608.0;;;0.0479179695;0.0479179695
;US-OK;2012;p90p100;;;;0.4601557553;0.4601557553
;US-OK;2012;p90p91;256511.28125;;;;
;US-OK;2012;p95p96;386706.0625;;;;
;US-OK;2012;p95p100;;;;0.3468561172;0.3468561172
;US-OK;2012;p99.5p100;1842013.5;;;0.165219456;0.165219456
;US-OK;2011;p0p100;54734.4648438;;99157639168.0;;
;US-OK;2011;p99p100;947401.875;;;0.1730905473;0.1730905473
;US-OK;2011;p99.9p100;4227466.5;;;0.0772359222;0.0772359222
;US-OK;2011;p99.99p100;18541918.0;;;0.0338761322;0.0338761322
;US-OK;2011;p90p100;;;;0.4294533432;0.4294533432
;US-OK;2011;p90p91;235058.96875;;;;
;US-OK;2011;p95p96;345138.46875;;;;
;US-OK;2011;p95p100;;;;0.315284431;0.315284431
;US-OK;2011;p99.5p100;1479501.75;;;0.1351526678;0.1351526678
;US-OK;2010;p0p100;53899.34375;;94088945664.0;;
;US-OK;2010;p99p100;878595.5;;;0.1630067229;0.1630067229
;US-OK;2010;p99.9p100;3871884.0;;;0.0718354583;0.0718354583
;US-OK;2010;p99.99p100;17194836.0;;;0.0319017544;0.0319017544
;US-OK;2010;p90p100;;;;0.4182132483;0.4182132483
;US-OK;2010;p90p91;225414.1875;;;;
;US-OK;2010;p95p96;326799.90625;;;;
;US-OK;2010;p95p100;;;;0.3031576276;0.3031576276
;US-OK;2010;p99.5p100;1365020.5;;;0.1266268343;0.1266268343
;US-OK;2009;p0p100;50089.6953125;;87901298688.0;;
;US-OK;2009;p99p100;831170.1875;;;0.1659363657;0.1659363657
;US-OK;2009;p99.9p100;3902132.75;;;0.0779029056;0.0779029056
;US-OK;2009;p99.99p100;18785014.0;;;0.0375027545;0.0375027545
;US-OK;2009;p90p100;;;;0.4286130369;0.4286130369
;US-OK;2009;p90p91;214690.953125;;;;
;US-OK;2009;p95p96;307514.75;;;;
;US-OK;2009;p95p100;;;;0.3069640696;0.3069640696
;US-OK;2009;p99.5p100;1308259.125;;;0.1305916458;0.1305916458
;US-OK;2008;p0p100;58261.7226562;;1.0127822848e+11;;
;US-OK;2008;p99p100;1127932.0;;;0.1935974211;0.1935974211
;US-OK;2008;p99.9p100;5868848.0;;;0.1007324904;0.1007324904
;US-OK;2008;p99.99p100;29769428.0;;;0.0510960333;0.0510960333
;US-OK;2008;p90p100;;;;0.4355551302;0.4355551302
;US-OK;2008;p90p91;253761.921875;;;;
;US-OK;2008;p95p96;380651.09375;;;;
;US-OK;2008;p95p100;;;;0.3266733885;0.3266733885
;US-OK;2008;p99.5p100;1842349.125;;;0.1581097245;0.1581097245
;US-OK;2007;p0p100;59597.6523438;;1.01381087232e+11;;
;US-OK;2007;p99p100;1267481.75;;;0.2126730978;0.2126730978
;US-OK;2007;p99.9p100;6847846.5;;;0.114901267;0.114901267
;US-OK;2007;p99.99p100;34833392.0;;;0.058447592;0.058447592
;US-OK;2007;p90p100;;;;0.4500966966;0.4500966966
;US-OK;2007;p90p91;268247.0625;;;;
;US-OK;2007;p95p96;407301.0;;;;
;US-OK;2007;p95p100;;;;0.3417088985;0.3417088985
;US-OK;2007;p99.5p100;2104505.25;;;0.1765594035;0.1765594035
;US-OK;2006;p0p100;57910.4960938;;98508898304.0;;
;US-OK;2006;p99p100;1168653.5;;;0.2018033862;0.2018033862
;US-OK;2006;p99.9p100;6176648.5;;;0.1066585258;0.1066585258
;US-OK;2006;p99.99p100;30294824.0;;;0.0523131788;0.0523131788
;US-OK;2006;p90p100;;;;0.4347372353;0.4347372353
;US-OK;2006;p90p91;251758.515625;;;;
;US-OK;2006;p95p96;386439.21875;;;;
;US-OK;2006;p95p100;;;;0.3336521387;0.3336521387
;US-OK;2006;p99.5p100;1929538.5;;;0.1665966064;0.1665966064
;US-OK;2005;p0p100;53871.3710938;;92210421760.0;;
;US-OK;2005;p99p100;954836.375;;;0.1772437543;0.1772437543
;US-OK;2005;p99.9p100;4760005.5;;;0.0883587226;0.0883587226
;US-OK;2005;p99.99p100;22104170.0;;;0.0410313867;0.0410313867
;US-OK;2005;p90p100;;;;0.4125771821;0.4125771821
;US-OK;2005;p90p91;222260.984375;;;;
;US-OK;2005;p95p96;335683.09375;;;;
;US-OK;2005;p95p100;;;;0.3115598261;0.3115598261
;US-OK;2005;p99.5p100;1546005.0;;;0.1434904188;0.1434904188
;US-OK;2004;p0p100;50505.1992188;;85506269184.0;;
;US-OK;2004;p99p100;825095.0625;;;0.1633683443;0.1633683443
;US-OK;2004;p99.9p100;4015350.25;;;0.0795037001;0.0795037001
;US-OK;2004;p99.99p100;18707878.0;;;0.037041489;0.037041489
;US-OK;2004;p90p100;;;;0.4047055542;0.4047055542
;US-OK;2004;p90p91;204397.34375;;;;
;US-OK;2004;p95p96;304093.5;;;;
;US-OK;2004;p95p100;;;;0.3010517061;0.3010517061
;US-OK;2004;p99.5p100;1321257.125;;;0.1308040768;0.1308040768
;US-OK;2003;p0p100;48987.5429688;;80268435456.0;;
;US-OK;2003;p99p100;687643.5;;;0.1403710991;0.1403710991
;US-OK;2003;p99.9p100;3034372.5;;;0.0619417168;0.0619417168
;US-OK;2003;p99.99p100;13242278.0;;;0.0270319302;0.0270319302
;US-OK;2003;p90p100;;;;0.3845917881;0.3845917881
;US-OK;2003;p90p91;188402.0625;;;;
;US-OK;2003;p95p96;269808.9375;;;;
;US-OK;2003;p95p100;;;;0.2753852606;0.2753852606
;US-OK;2003;p99.5p100;1067191.375;;;0.1089247689;0.1089247689
;US-OK;2002;p0p100;48601.2226562;;79572262912.0;;
;US-OK;2002;p99p100;632332.1875;;;0.1301062405;0.1301062405
;US-OK;2002;p99.9p100;2621626.5;;;0.0539415739;0.0539415739
;US-OK;2002;p99.99p100;10687555.0;;;0.0219903011;0.0219903011
;US-OK;2002;p90p100;;;;0.3766459525;0.3766459525
;US-OK;2002;p90p91;183054.546875;;;;
;US-OK;2002;p95p96;258199.484375;;;;
;US-OK;2002;p95p100;;;;0.2656306326;0.2656306326
;US-OK;2002;p99.5p100;963463.1875;;;0.0991192386;0.0991192386
;US-OK;2001;p0p100;50904.4570312;;82186305536.0;;
;US-OK;2001;p99p100;698385.3125;;;0.1371953338;0.1371953338
;US-OK;2001;p99.9p100;2908932.25;;;0.0571449474;0.0571449474
;US-OK;2001;p99.99p100;11706680.0;;;0.0229973607;0.0229973607
;US-OK;2001;p90p100;;;;0.3806075454;0.3806075454
;US-OK;2001;p90p91;193746.1875;;;;
;US-OK;2001;p95p96;276987.1875;;;;
;US-OK;2001;p95p100;;;;0.2720657587;0.2720657587
;US-OK;2001;p99.5p100;1059347.75;;;0.104052566;0.104052566
;US-OK;2000;p0p100;52694.3984375;;83257909248.0;;
;US-OK;2000;p99p100;770478.25;;;0.1462163627;0.1462163627
;US-OK;2000;p99.9p100;3316532.0;;;0.0629389808;0.0629389808
;US-OK;2000;p99.99p100;13395938.0;;;0.0254219398;0.0254219398
;US-OK;2000;p90p100;;;;0.3881530166;0.3881530166
;US-OK;2000;p90p91;204534.90625;;;;
;US-OK;2000;p95p96;297042.84375;;;;
;US-OK;2000;p95p100;;;;0.2818542719;0.2818542719
;US-OK;2000;p99.5p100;1185641.375;;;0.112501651;0.112501651
;US-OK;1999;p0p100;50579.7695312;;78574075904.0;;
;US-OK;1999;p99p100;712063.5625;;;0.1407803148;0.1407803148
;US-OK;1999;p99.9p100;2958736.25;;;0.0584964342;0.0584964342
;US-OK;1999;p99.99p100;11450460.0;;;0.0226384178;0.0226384178
;US-OK;1999;p90p100;;;;0.3900553882;0.3900553882
;US-OK;1999;p90p91;197289.109375;;;;
;US-OK;1999;p95p96;282861.34375;;;;
;US-OK;1999;p95p100;;;;0.2796190679;0.2796190679
;US-OK;1999;p99.5p100;1076569.0;;;0.1064228863;0.1064228863
;US-OK;1998;p0p100;48049.8984375;;74214719488.0;;
;US-OK;1998;p99p100;698706.75;;;0.1454127282;0.1454127282
;US-OK;1998;p99.9p100;2989791.5;;;0.0622226335;0.0622226335
;US-OK;1998;p99.99p100;11802617.0;;;0.0245632511;0.0245632511
;US-OK;1998;p90p100;;;;0.3961980939;0.3961980939
;US-OK;1998;p90p91;190372.796875;;;;
;US-OK;1998;p95p96;272596.53125;;;;
;US-OK;1998;p95p100;;;;0.2836598158;0.2836598158
;US-OK;1998;p99.5p100;1065447.875;;;0.1108688936;0.1108688936
;US-OK;1997;p0p100;45578.1171875;;69785780224.0;;
;US-OK;1997;p99p100;646577.25;;;0.1418613344;0.1418613344
;US-OK;1997;p99.9p100;2699128.25;;;0.059219826;0.059219826
;US-OK;1997;p99.99p100;10886486.0;;;0.0238853358;0.0238853358
;US-OK;1997;p90p100;;;;0.3958943486;0.3958943486
;US-OK;1997;p90p91;180441.1875;;;;
;US-OK;1997;p95p96;256374.09375;;;;
;US-OK;1997;p95p100;;;;0.2812469006;0.2812469006
;US-OK;1997;p99.5p100;985465.6875;;;0.1081073359;0.1081073359
;US-OK;1996;p0p100;43674.4726562;;65033453568.0;;
;US-OK;1996;p99p100;568951.375;;;0.1302709281;0.1302709281
;US-OK;1996;p99.9p100;2238020.25;;;0.0512432083;0.0512432083
;US-OK;1996;p99.99p100;8570209.0;;;0.0196229238;0.0196229238
;US-OK;1996;p90p100;;;;0.3850568533;0.3850568533
;US-OK;1996;p90p91;168171.546875;;;;
;US-OK;1996;p95p96;236629.0625;;;;
;US-OK;1996;p95p100;;;;0.2709008753;0.2709008753
;US-OK;1996;p99.5p100;854548.9375;;;0.0978316218;0.0978316218
;US-OK;1995;p0p100;42086.0742188;;61354102784.0;;
;US-OK;1995;p99p100;500755.59375;;;0.1189836785;0.1189836785
;US-OK;1995;p99.9p100;1813868.375;;;0.043099016;0.043099016
;US-OK;1995;p99.99p100;6400892.0;;;0.0152090508;0.0152090508
;US-OK;1995;p90p100;;;;0.3770356476;0.3770356476
;US-OK;1995;p90p91;158679.515625;;;;
;US-OK;1995;p95p96;218225.71875;;;;
;US-OK;1995;p95p100;;;;0.2592611611;0.2592611611
;US-OK;1995;p99.5p100;734204.9375;;;0.087226592;0.087226592
;US-OK;1994;p0p100;40920.6757812;;59923660800.0;;
;US-OK;1994;p99p100;501434.4375;;;0.1225381568;0.1225381568
;US-OK;1994;p99.9p100;1978766.125;;;0.0483561456;0.0483561456
;US-OK;1994;p99.99p100;7838160.5;;;0.0191545226;0.0191545226
;US-OK;1994;p90p100;;;;0.378316015;0.378316015
;US-OK;1994;p90p91;154809.46875;;;;
;US-OK;1994;p95p96;213883.140625;;;;
;US-OK;1994;p95p100;;;;0.2613387108;0.2613387108
;US-OK;1994;p99.5p100;752877.0;;;0.0919922441;0.0919922441
;US-OK;1993;p0p100;40766.1992188;;59170529280.0;;
;US-OK;1993;p99p100;481410.0625;;;0.1180904955;0.1180904955
;US-OK;1993;p99.9p100;1817113.625;;;0.0445740223;0.0445740223
;US-OK;1993;p99.99p100;6892372.0;;;0.0169070754;0.0169070754
;US-OK;1993;p90p100;;;;0.3707638979;0.3707638979
;US-OK;1993;p90p91;151146.359375;;;;
;US-OK;1993;p95p96;207783.4375;;;;
;US-OK;1993;p95p100;;;;0.2548477054;0.2548477054
;US-OK;1993;p99.5p100;714841.5;;;0.0876757577;0.0876757577
;US-OK;1992;p0p100;41250.4882812;;59056631808.0;;
;US-OK;1992;p99p100;507216.15625;;;0.1229600385;0.1229600385
;US-OK;1992;p99.9p100;1973141.25;;;0.0478331596;0.0478331596
;US-OK;1992;p99.99p100;7624405.0;;;0.0184831861;0.0184831861
;US-OK;1992;p90p100;;;;0.3753444552;0.3753444552
;US-OK;1992;p90p91;154831.421875;;;;
;US-OK;1992;p95p96;213062.0625;;;;
;US-OK;1992;p95p100;;;;0.2582539618;0.2582539618
;US-OK;1992;p99.5p100;761593.3125;;;0.0923132449;0.0923132449
;US-OK;1991;p0p100;40582.484375;;57507835904.0;;
;US-OK;1991;p99p100;465379.875;;;0.1146750599;0.1146750599
;US-OK;1991;p99.9p100;1665563.0;;;0.0410414264;0.0410414264
;US-OK;1991;p99.99p100;5939121.5;;;0.0146346921;0.0146346921
;US-OK;1991;p90p100;;;;0.371279031;0.371279031
;US-OK;1991;p90p91;150674.265625;;;;
;US-OK;1991;p95p96;203374.359375;;;;
;US-OK;1991;p95p100;;;;0.250569135;0.250569135
;US-OK;1991;p99.5p100;681359.125;;;0.0839474425;0.0839474425
;US-OK;1990;p0p100;41807.1210938;;58955132928.0;;
;US-OK;1990;p99p100;501819.59375;;;0.120032087;0.120032087
;US-OK;1990;p99.9p100;1892134.625;;;0.045258671;0.045258671
;US-OK;1990;p99.99p100;7032098.5;;;0.0168203376;0.0168203376
;US-OK;1990;p90p100;;;;0.3687993288;0.3687993288
;US-OK;1990;p90p91;154184.375;;;;
;US-OK;1990;p95p96;210748.546875;;;;
;US-OK;1990;p95p100;;;;0.2520486414;0.2520486414
;US-OK;1990;p99.5p100;749392.9375;;;0.0896250308;0.0896250308
;US-OK;1989;p0p100;41063.78125;;58435063808.0;;
;US-OK;1989;p99p100;480206.125;;;0.116941534;0.116941534
;US-OK;1989;p99.9p100;1768555.625;;;0.0430685021;0.0430685021
;US-OK;1989;p99.99p100;6435056.0;;;0.0156708825;0.0156708825
;US-OK;1989;p90p100;;;;0.3638632298;0.3638632298
;US-OK;1989;p90p91;149415.984375;;;;
;US-OK;1989;p95p96;205439.953125;;;;
;US-OK;1989;p95p100;;;;0.2501474023;0.2501474023
;US-OK;1989;p99.5p100;709013.375;;;0.0863307491;0.0863307491
;US-OK;1988;p0p100;41062.5351562;;58084163584.0;;
;US-OK;1988;p99p100;501574.96875;;;0.1221490502;0.1221490502
;US-OK;1988;p99.9p100;1933851.25;;;0.047095269;0.047095269
;US-OK;1988;p99.99p100;7153480.0;;;0.0174209401;0.0174209401
;US-OK;1988;p90p100;;;;0.3645803034;0.3645803034
;US-OK;1988;p90p91;149705.921875;;;;
;US-OK;1988;p95p96;207598.21875;;;;
;US-OK;1988;p95p100;;;;0.2527830005;0.2527830005
;US-OK;1988;p99.5p100;752969.3125;;;0.0916856751;0.0916856751
;US-OK;1987;p0p100;39700.9414062;;56584507392.0;;
;US-OK;1987;p99p100;418993.09375;;;0.1055373177;0.1055373177
;US-OK;1987;p99.9p100;1466789.25;;;0.0369459577;0.0369459577
;US-OK;1987;p99.99p100;5168316.0;;;0.0130181182;0.0130181182
;US-OK;1987;p90p100;;;;0.3523088396;0.3523088396
;US-OK;1987;p90p91;139869.9375;;;;
;US-OK;1987;p95p96;188354.71875;;;;
;US-OK;1987;p95p100;;;;0.2372169346;0.2372169346
;US-OK;1987;p99.5p100;606751.4375;;;0.0764152408;0.0764152408
;US-OK;1986;p0p100;43003.9648438;;62147137536.0;;
;US-OK;1986;p99p100;585391.375;;;0.1361249685;0.1361249685
;US-OK;1986;p99.9p100;2542776.5;;;0.0591288842;0.0591288842
;US-OK;1986;p99.99p100;10733147.0;;;0.0249585062;0.0249585062
;US-OK;1986;p90p100;;;;0.3734097183;0.3734097183
;US-OK;1986;p90p91;160580.984375;;;;
;US-OK;1986;p95p96;227989.90625;;;;
;US-OK;1986;p95p100;;;;0.2650800943;0.2650800943
;US-OK;1986;p99.5p100;909220.0625;;;0.105713509;0.105713509
;US-OK;1985;p0p100;40217.7421875;;57097940992.0;;
;US-OK;1985;p99p100;417696.21875;;;0.1038587019;0.1038587019
;US-OK;1985;p99.9p100;1541554.5;;;0.0383302122;0.0383302122
;US-OK;1985;p99.99p100;5580469.0;;;0.0138756419;0.0138756419
;US-OK;1985;p90p100;;;;0.3524551392;0.3524551392
;US-OK;1985;p90p91;141749.5;;;;
;US-OK;1985;p95p96;186107.578125;;;;
;US-OK;1985;p95p100;;;;0.231374979;0.231374979
;US-OK;1985;p99.5p100;609256.0625;;;0.075744696;0.075744696
;US-OK;1984;p0p100;39046.5976562;;54484484096.0;;
;US-OK;1984;p99p100;436000.5625;;;0.1116615981;0.1116615981
;US-OK;1984;p99.9p100;1715712.875;;;0.0439401381;0.0439401381
;US-OK;1984;p99.99p100;7004013.5;;;0.0179375764;0.0179375764
;US-OK;1984;p90p100;;;;0.3591217399;0.3591217399
;US-OK;1984;p90p91;140224.828125;;;;
;US-OK;1984;p95p96;188154.9375;;;;
;US-OK;1984;p95p100;;;;0.2409364134;0.2409364134
;US-OK;1984;p99.5p100;648975.3125;;;0.0831026658;0.0831026658
;US-OK;1983;p0p100;37531.4101562;;51486130176.0;;
;US-OK;1983;p99p100;453775.03125;;;0.1209053993;0.1209053993
;US-OK;1983;p99.9p100;1850936.75;;;0.049317006;0.049317006
;US-OK;1983;p99.99p100;7555912.0;;;0.0201322362;0.0201322362
;US-OK;1983;p90p100;;;;0.3657989204;0.3657989204
;US-OK;1983;p90p91;137289.5;;;;
;US-OK;1983;p95p96;191000.34375;;;;
;US-OK;1983;p95p100;;;;0.2544540167;0.2544540167
;US-OK;1983;p99.5p100;692336.3125;;;0.0922342613;0.0922342613
;US-OK;1982;p0p100;43653.296875;;60094689280.0;;
;US-OK;1982;p99p100;506351.8125;;;0.1159939468;0.1159939468
;US-OK;1982;p99.9p100;1958547.875;;;0.044865977;0.044865977
;US-OK;1982;p99.99p100;8131953.5;;;0.0186284985;0.0186284985
;US-OK;1982;p90p100;;;;0.3575277627;0.3575277627
;US-OK;1982;p90p91;156072.65625;;;;
;US-OK;1982;p95p96;213243.375;;;;
;US-OK;1982;p95p100;;;;0.2442465872;0.2442465872
;US-OK;1982;p99.5p100;747163.1875;;;0.0855792388;0.0855792388
;US-OK;1981;p0p100;43522.6367188;;57384394752.0;;
;US-OK;1981;p99p100;482226.71875;;;0.1107990667;0.1107990667
;US-OK;1981;p99.9p100;1758927.125;;;0.0404140763;0.0404140763
;US-OK;1981;p99.99p100;5918539.0;;;0.0135987606;0.0135987606
;US-OK;1981;p90p100;;;;0.3562339842;0.3562339842
;US-OK;1981;p90p91;155042.40625;;;;
;US-OK;1981;p95p96;212181.671875;;;;
;US-OK;1981;p95p100;;;;0.2437601388;0.2437601388
;US-OK;1981;p99.5p100;696912.0625;;;0.0800631717;0.0800631717
;US-OK;1980;p0p100;41814.3164062;;54021763072.0;;
;US-OK;1980;p99p100;478766.0;;;0.1144980937;0.1144980937
;US-OK;1980;p99.9p100;1759900.0;;;0.0420884527;0.0420884527
;US-OK;1980;p99.99p100;7117534.0;;;0.0170217622;0.0170217622
;US-OK;1980;p90p100;;;;0.3603418171;0.3603418171
;US-OK;1980;p90p91;150674.46875;;;;
;US-OK;1980;p95p96;205640.34375;;;;
;US-OK;1980;p95p100;;;;0.2458970398;0.2458970398
;US-OK;1980;p99.5p100;698445.6875;;;0.0835175216;0.0835175216
;US-OK;1979;p0p100;39897.7734375;;51209469952.0;;
;US-OK;1979;p99p100;423460.6875;;;0.1061364263;0.1061364263
;US-OK;1979;p99.9p100;1475007.875;;;0.0369696841;0.0369696841
;US-OK;1979;p99.99p100;5793061.5;;;0.0145197622;0.0145197622
;US-OK;1979;p90p100;;;;0.3530323207;0.3530323207
;US-OK;1979;p90p91;140852.015625;;;;
;US-OK;1979;p95p96;190125.671875;;;;
;US-OK;1979;p95p100;;;;0.238266021;0.238266021
;US-OK;1979;p99.5p100;611704.375;;;0.0766589642;0.0766589642
;US-OK;1978;p0p100;37562.046875;;46895620096.0;;
;US-OK;1978;p99p100;360183.0625;;;0.0958901569;0.0958901569
;US-OK;1978;p99.9p100;1017723.4375;;;0.027094461;0.027094461
;US-OK;1978;p99.99p100;2971833.25;;;0.0079117976;0.0079117976
;US-OK;1978;p90p100;;;;0.3537664115;0.3537664115
;US-OK;1978;p90p91;132881.90625;;;;
;US-OK;1978;p95p96;178357.234375;;;;
;US-OK;1978;p95p100;;;;0.2374168187;0.2374168187
;US-OK;1978;p99.5p100;491904.375;;;0.065478906;0.065478906
;US-OK;1977;p0p100;36141.7304688;;44242661376.0;;
;US-OK;1977;p99p100;366537.40625;;;0.1014166698;0.1014166698
;US-OK;1977;p99.9p100;1158074.25;;;0.0320425779;0.0320425779
;US-OK;1977;p99.99p100;3938238.0;;;0.0108966501;0.0108966501
;US-OK;1977;p90p100;;;;0.3563989699;0.3563989699
;US-OK;1977;p90p91;128808.757812;;;;
;US-OK;1977;p95p96;172976.796875;;;;
;US-OK;1977;p95p100;;;;0.239303425;0.239303425
;US-OK;1977;p99.5p100;519056.25;;;0.071808435;0.071808435
;US-OK;1976;p0p100;35227.5351562;;42308825088.0;;
;US-OK;1976;p99p100;354757.4375;;;0.100704588;0.100704588
;US-OK;1976;p99.9p100;1130689.125;;;0.0320967399;0.0320967399
;US-OK;1976;p99.99p100;3648670.75;;;0.0103574395;0.0103574395
;US-OK;1976;p90p100;;;;0.3541672826;0.3541672826
;US-OK;1976;p90p91;124764.398438;;;;
;US-OK;1976;p95p96;166845.203125;;;;
;US-OK;1976;p95p100;;;;0.2368107885;0.2368107885
;US-OK;1976;p99.5p100;502151.75;;;0.0712726191;0.0712726191
;US-OK;1975;p0p100;33980.2851562;;40065294336.0;;
;US-OK;1975;p99p100;337021.625;;;0.0991815254;0.0991815254
;US-OK;1975;p99.9p100;1041042.4375;;;0.0306366626;0.0306366626
;US-OK;1975;p99.99p100;3186248.0;;;0.0093767559;0.0093767559
;US-OK;1975;p90p100;;;;0.3519352376;0.3519352376
;US-OK;1975;p90p91;119588.585938;;;;
;US-OK;1975;p95p96;159270.046875;;;;
;US-OK;1975;p95p100;;;;0.2343565822;0.2343565822
;US-OK;1975;p99.5p100;471780.25;;;0.0694197118;0.0694197118
;US-OK;1974;p0p100;34719.7890625;;40177995776.0;;
;US-OK;1974;p99p100;337087.15625;;;0.0970879123;0.0970879123
;US-OK;1974;p99.9p100;1017593.1875;;;0.0293087382;0.0293087382
;US-OK;1974;p99.99p100;3307575.0;;;0.0095264837;0.0095264837
;US-OK;1974;p90p100;;;;0.3511738479;0.3511738479
;US-OK;1974;p90p91;121926.820312;;;;
;US-OK;1974;p95p96;162383.609375;;;;
;US-OK;1974;p95p100;;;;0.2338488102;0.2338488102
;US-OK;1974;p99.5p100;467408.53125;;;0.0673115477;0.0673115477
;US-OK;1973;p0p100;34842.9453125;;39604289536.0;;
;US-OK;1973;p99p100;338514.8125;;;0.0971544757;0.0971544757
;US-OK;1973;p99.9p100;971303.75;;;0.0278766267;0.0278766267
;US-OK;1973;p99.99p100;2731845.75;;;0.0078404564;0.0078404564
;US-OK;1973;p90p100;;;;0.3566456437;0.3566456437
;US-OK;1973;p90p91;124265.84375;;;;
;US-OK;1973;p95p96;166713.484375;;;;
;US-OK;1973;p95p100;;;;0.2392356694;0.2392356694
;US-OK;1973;p99.5p100;466789.65625;;;0.0669848174;0.0669848174
;US-OK;1972;p0p100;33241.0117188;;37099839488.0;;
;US-OK;1972;p99p100;338280.40625;;;0.1017659754;0.1017659754
;US-OK;1972;p99.9p100;1028374.625;;;0.0309369229;0.0309369229
;US-OK;1972;p99.99p100;3300301.0;;;0.0099284006;0.0099284006
;US-OK;1972;p90p100;;;;0.3570429087;0.3570429087
;US-OK;1972;p90p91;118684.679688;;;;
;US-OK;1972;p95p96;158747.3125;;;;
;US-OK;1972;p95p100;;;;0.2387823164;0.2387823164
;US-OK;1972;p99.5p100;477110.125;;;0.0717652813;0.0717652813
;US-OK;1971;p0p100;31935.3515625;;34959437824.0;;
;US-OK;1971;p99p100;306713.375;;;0.0960419551;0.0960419551
;US-OK;1971;p99.9p100;900043.0;;;0.0281832796;0.0281832796
;US-OK;1971;p99.99p100;2900322.5;;;0.0090818554;0.0090818554
;US-OK;1971;p90p100;;;;0.3491850197;0.3491850197
;US-OK;1971;p90p91;111513.46875;;;;
;US-OK;1971;p95p96;147166.234375;;;;
;US-OK;1971;p95p100;;;;0.2304127365;0.2304127365
;US-OK;1971;p99.5p100;425659.03125;;;0.0666438639;0.0666438639
;US-OK;1970;p0p100;31469.7929688;;33726418944.0;;
;US-OK;1970;p99p100;293132.0625;;;0.0931471139;0.0931471139
;US-OK;1970;p99.9p100;833938.125;;;0.0264996346;0.0264996346
;US-OK;1970;p99.99p100;2516028.25;;;0.0079950579;0.0079950579
;US-OK;1970;p90p100;;;;0.3462054431;0.3462054431
;US-OK;1970;p90p91;108950.140625;;;;
;US-OK;1970;p95p96;142315.359375;;;;
;US-OK;1970;p95p100;;;;0.2261142135;0.2261142135
;US-OK;1970;p99.5p100;407341.84375;;;0.0647194907;0.0647194907
;US-OK;1969;p0p100;30968.40625;;32835362816.0;;
;US-OK;1969;p99p100;326458.375;;;0.1054165885;0.1054165885
;US-OK;1969;p99.9p100;1063702.875;;;0.0343480036;0.0343480036
;US-OK;1969;p99.99p100;3922711.25;;;0.0126668168;0.0126668168
;US-OK;1969;p90p100;;;;0.3589181006;0.3589181006
;US-OK;1969;p90p91;111151.21875;;;;
;US-OK;1969;p95p96;149970.8125;;;;
;US-OK;1969;p95p100;;;;0.242135182;0.242135182
;US-OK;1969;p99.5p100;463460.5;;;0.0748279542;0.0748279542
;US-OK;1968;p0p100;30254.234375;;31794716672.0;;
;US-OK;1968;p99p100;342539.8125;;;0.1132204458;0.1132204458
;US-OK;1968;p99.9p100;1147494.25;;;0.0379283838;0.0379283838
;US-OK;1968;p99.99p100;4381508.5;;;0.0144822979;0.0144822979
;US-OK;1968;p90p100;;;;0.3738290966;0.3738290966
;US-OK;1968;p90p91;113099.132812;;;;
;US-OK;1968;p95p96;154970.90625;;;;
;US-OK;1968;p95p100;;;;0.2561144233;0.2561144233
;US-OK;1968;p99.5p100;487544.46875;;;0.080574587;0.080574587
;US-OK;1967;p0p100;28872.9570312;;30067447808.0;;
;US-OK;1967;p99p100;321269.09375;;;0.1112698987;0.1112698987
;US-OK;1967;p99.9p100;975825.375;;;0.0337972119;0.0337972119
;US-OK;1967;p99.99p100;3354796.5;;;0.0116191655;0.0116191655
;US-OK;1967;p90p100;;;;0.3731312156;0.3731312156
;US-OK;1967;p90p91;107734.007812;;;;
;US-OK;1967;p95p96;144688.75;;;;
;US-OK;1967;p95p100;;;;0.2505610287;0.2505610287
;US-OK;1967;p99.5p100;444654.5;;;0.0770018995;0.0770018995
;US-OK;1966;p0p100;27312.7363281;;28157765632.0;;
;US-OK;1966;p99p100;286884.0;;;0.1050367057;0.1050367057
;US-OK;1966;p99.9p100;849504.1875;;;0.0311028566;0.0311028566
;US-OK;1966;p99.99p100;2722576.75;;;0.0099681569;0.0099681569
;US-OK;1966;p90p100;;;;0.3736947775;0.3736947775
;US-OK;1966;p90p91;102066.273438;;;;
;US-OK;1966;p95p96;133968.5;;;;
;US-OK;1966;p95p100;;;;0.2452491373;0.2452491373
;US-OK;1966;p99.5p100;404716.03125;;;0.074089244;0.074089244
;US-OK;1965;p0p100;26608.2675781;;27137652736.0;;
;US-OK;1965;p99p100;305567.34375;;;0.1148392558;0.1148392558
;US-OK;1965;p99.9p100;954019.4375;;;0.0358542502;0.0358542502
;US-OK;1965;p99.99p100;3773677.0;;;0.0141823469;0.0141823469
;US-OK;1965;p90p100;;;;0.3839090168;0.3839090168
;US-OK;1965;p90p91;102151.539062;;;;
;US-OK;1965;p95p96;136455.875;;;;
;US-OK;1965;p95p100;;;;0.2564163208;0.2564163208
;US-OK;1965;p99.5p100;419528.4375;;;0.0788342282;0.0788342282
;US-OK;1964;p0p100;25535.9238281;;25739489280.0;;
;US-OK;1964;p99p100;285664.125;;;0.111867547;0.111867547
;US-OK;1964;p99.9p100;906802.6875;;;0.0355108604;0.0355108604
;US-OK;1964;p99.99p100;3781235.25;;;0.0148075121;0.0148075121
;US-OK;1964;p90p100;;;;0.3878977299;0.3878977299
;US-OK;1964;p90p91;99053.2734375;;;;
;US-OK;1964;p95p96;131926.125;;;;
;US-OK;1964;p95p100;;;;0.2583147585;0.2583147585
;US-OK;1964;p99.5p100;391470.96875;;;0.0766510293;0.0766510293
;US-OK;1963;p0p100;24215.3085938;;24088606720.0;;
;US-OK;1963;p99p100;266301.53125;;;0.1099723876;0.1099723876
;US-OK;1963;p99.9p100;870259.5625;;;0.0359384045;0.0359384045
;US-OK;1963;p99.99p100;3228530.75;;;0.0133326007;0.0133326007
;US-OK;1963;p90p100;;;;0.3777320981;0.3777320981
;US-OK;1963;p90p91;91468.9921875;;;;
;US-OK;1963;p95p96;122444.484375;;;;
;US-OK;1963;p95p100;;;;0.2528245449;0.2528245449
;US-OK;1963;p99.5p100;377828.75;;;0.0780144408;0.0780144408
;US-OK;1962;p0p100;23894.4277344;;23445379072.0;;
;US-OK;1962;p99p100;257519.265625;;;0.1077737734;0.1077737734
;US-OK;1962;p99.9p100;822585.1875;;;0.0344258137;0.0344258137
;US-OK;1962;p99.99p100;2705855.25;;;0.0113242092;0.0113242092
;US-OK;1962;p90p100;;;;0.3717721701;0.3717721701
;US-OK;1962;p90p91;88832.8359375;;;;
;US-OK;1962;p95p96;119576.140625;;;;
;US-OK;1962;p95p100;;;;0.2502176166;0.2502176166
;US-OK;1962;p99.5p100;365448.1875;;;0.0764714181;0.0764714181
;US-OK;1961;p0p100;23918.9199219;;23125827584.0;;
;US-OK;1961;p99p100;274424.4375;;;0.1147311106;0.1147311106
;US-OK;1961;p99.9p100;981285.9375;;;0.0410255082;0.0410255082
;US-OK;1961;p99.99p100;3910013.25;;;0.0163469464;0.0163469464
;US-OK;1961;p90p100;;;;0.3755297661;0.3755297661
;US-OK;1961;p90p91;89822.671875;;;;
;US-OK;1961;p95p96;122418.921875;;;;
;US-OK;1961;p95p100;;;;0.2559039295;0.2559039295
;US-OK;1961;p99.5p100;400901.09375;;;0.0838041753;0.0838041753
;US-OK;1960;p0p100;23504.9277344;;22365100032.0;;
;US-OK;1960;p99p100;243373.078125;;;0.1035413072;0.1035413072
;US-OK;1960;p99.9p100;761239.5;;;0.0323863775;0.0323863775
;US-OK;1960;p99.99p100;2461878.25;;;0.0104738818;0.0104738818
;US-OK;1960;p90p100;;;;0.360299021;0.360299021
;US-OK;1960;p90p91;84688.0234375;;;;
;US-OK;1960;p95p96;114023.03125;;;;
;US-OK;1960;p95p100;;;;0.2425513417;0.2425513417
;US-OK;1960;p99.5p100;342993.25;;;0.0729619861;0.0729619861
;US-OK;1959;p0p100;22856.1464844;;21825085440.0;;
;US-OK;1959;p99p100;246381.921875;;;0.1077967957;0.1077967957
;US-OK;1959;p99.9p100;778099.75;;;0.0340433493;0.0340433493
;US-OK;1959;p99.99p100;2570011.0;;;0.0112442886;0.0112442886
;US-OK;1959;p90p100;;;;0.3669675291;0.3669675291
;US-OK;1959;p90p91;83874.6328125;;;;
;US-OK;1959;p95p96;113887.601562;;;;
;US-OK;1959;p95p100;;;;0.2491399944;0.2491399944
;US-OK;1959;p99.5p100;347776.3125;;;0.0760793835;0.0760793835
;US-OK;1958;p0p100;21809.6445312;;20876855296.0;;
;US-OK;1958;p99p100;228394.375;;;0.1047217324;0.1047217324
;US-OK;1958;p99.9p100;775148.6875;;;0.0355415531;0.0355415531
;US-OK;1958;p99.99p100;2761574.5;;;0.0126621714;0.0126621714
;US-OK;1958;p90p100;;;;0.3607721925;0.3607721925
;US-OK;1958;p90p91;78683.1328125;;;;
;US-OK;1958;p95p96;105930.8125;;;;
;US-OK;1958;p95p100;;;;0.2428531498;0.2428531498
;US-OK;1958;p99.5p100;327999.09375;;;0.0751958787;0.0751958787
;US-OK;1957;p0p100;20829.6015625;;19983099904.0;;
;US-OK;1957;p99p100;264438.1875;;;0.1269530803;0.1269530803
;US-OK;1957;p99.9p100;899579.5625;;;0.0431875587;0.0431875587
;US-OK;1957;p99.99p100;2517893.5;;;0.0120880548;0.0120880548
;US-OK;1957;p90p100;;;;0.3872247338;0.3872247338
;US-OK;1957;p90p91;80657.3671875;;;;
;US-OK;1957;p95p96;111836.226562;;;;
;US-OK;1957;p95p100;;;;0.2684550583;0.2684550583
;US-OK;1957;p99.5p100;383905.375;;;0.0921538025;0.0921538025
;US-OK;1956;p0p100;20949.1230469;;20110356480.0;;
;US-OK;1956;p99p100;242533.5;;;0.1157726273;0.1157726273
;US-OK;1956;p99.9p100;805183.0;;;0.0384351648;0.0384351648
;US-OK;1956;p99.99p100;2697414.5;;;0.0128760263;0.0128760263
;US-OK;1956;p90p100;;;;0.3722600937;0.3722600937
;US-OK;1956;p90p91;77985.2265625;;;;
;US-OK;1956;p95p96;107514.898438;;;;
;US-OK;1956;p95p100;;;;0.2566095591;0.2566095591
;US-OK;1956;p99.5p100;349974.03125;;;0.0835295171;0.0835295171
;US-OK;1955;p0p100;20381.0605469;;19579301888.0;;
;US-OK;1955;p99p100;244227.828125;;;0.1198307648;0.1198307648
;US-OK;1955;p99.9p100;789948.6875;;;0.0387589559;0.0387589559
;US-OK;1955;p99.99p100;2864813.75;;;0.0140562542;0.0140562542
;US-OK;1955;p90p100;;;;0.3936312199;0.3936312199
;US-OK;1955;p90p91;80226.21875;;;;
;US-OK;1955;p95p96;104400.023438;;;;
;US-OK;1955;p95p100;;;;0.2561201751;0.2561201751
;US-OK;1955;p99.5p100;351603.3125;;;0.0862573609;0.0862573609
;US-OK;1954;p0p100;19386.3144531;;18634801152.0;;
;US-OK;1954;p99p100;242740.171875;;;0.1252121329;0.1252121329
;US-OK;1954;p99.9p100;873988.8125;;;0.0450827703;0.0450827703
;US-OK;1954;p99.99p100;3664984.75;;;0.0189050101;0.0189050101
;US-OK;1954;p90p100;;;;0.4040715992;0.4040715992
;US-OK;1954;p90p91;78334.5859375;;;;
;US-OK;1954;p95p96;101780.023438;;;;
;US-OK;1954;p95p100;;;;0.2625048459;0.2625048459
;US-OK;1954;p99.5p100;352599.03125;;;0.0909401849;0.0909401849
;US-OK;1953;p0p100;19386.1054688;;18643197952.0;;
;US-OK;1953;p99p100;225622.890625;;;0.1163838208;0.1163838208
;US-OK;1953;p99.9p100;723247.5625;;;0.0373075232;0.0373075232
;US-OK;1953;p99.99p100;2135250.75;;;0.0110143367;0.0110143367
;US-OK;1953;p90p100;;;;0.3900177479;0.3900177479
;US-OK;1953;p90p91;75609.25;;;;
;US-OK;1953;p95p96;97216.171875;;;;
;US-OK;1953;p95p100;;;;0.2507367134;0.2507367134
;US-OK;1953;p99.5p100;323008.53125;;;0.0833092928;0.0833092928
;US-OK;1952;p0p100;19057.7617188;;18350739456.0;;
;US-OK;1952;p99p100;222752.625;;;0.1168828905;0.1168828905
;US-OK;1952;p99.9p100;735078.375;;;0.0385710783;0.0385710783
;US-OK;1952;p99.99p100;2422847.0;;;0.012713179;0.012713179
;US-OK;1952;p90p100;;;;0.3938103318;0.3938103318
;US-OK;1952;p90p91;75051.4296875;;;;
;US-OK;1952;p95p96;95067.9453125;;;;
;US-OK;1952;p95p100;;;;0.2494205534;0.2494205534
;US-OK;1952;p99.5p100;324831.6875;;;0.0852229446;0.0852229446
;US-OK;1951;p0p100;17942.5019531;;17285570560.0;;
;US-OK;1951;p99p100;242433.609375;;;0.1351169497;0.1351169497
;US-OK;1951;p99.9p100;865083.375;;;0.0482142009;0.0482142009
;US-OK;1951;p99.99p100;3358416.75;;;0.0187176615;0.0187176615
;US-OK;1951;p90p100;;;;0.3992030025;0.3992030025
;US-OK;1951;p90p91;71627.0078125;;;;
;US-OK;1951;p95p96;98055.671875;;;;
;US-OK;1951;p95p100;;;;0.2732497156;0.2732497156
;US-OK;1951;p99.5p100;357665.34375;;;0.0996698588;0.0996698588
;US-OK;1950;p0p100;17099.296875;;16480679936.0;;
;US-OK;1950;p99p100;256059.171875;;;0.1497483701;0.1497483701
;US-OK;1950;p99.9p100;874038.125;;;0.0511154421;0.0511154421
;US-OK;1950;p99.99p100;2537047.25;;;0.0148371439;0.0148371439
;US-OK;1950;p90p100;;;;0.4239372015;0.4239372015
;US-OK;1950;p90p91;72490.28125;;;;
;US-OK;1950;p95p96;104274.882812;;;;
;US-OK;1950;p95p100;;;;0.3049098849;0.3049098849
;US-OK;1950;p99.5p100;373743.0625;;;0.1092860922;0.1092860922
;US-OK;1949;p0p100;16434.6347656;;15809858560.0;;
;US-OK;1949;p99p100;217952.9375;;;0.1326180547;0.1326180547
;US-OK;1949;p99.9p100;711366.6875;;;0.0432846062;0.0432846062
;US-OK;1949;p99.99p100;2394007.0;;;0.0145668397;0.0145668397
;US-OK;1949;p90p100;;;;0.3933979869;0.3933979869
;US-OK;1949;p90p91;64653.5234375;;;;
;US-OK;1949;p95p96;92604.265625;;;;
;US-OK;1949;p95p100;;;;0.2817350626;0.2817350626
;US-OK;1949;p99.5p100;314963.96875;;;0.0958232284;0.0958232284
;US-OK;1948;p0p100;15830.9228516;;15244907520.0;;
;US-OK;1948;p99p100;231491.234375;;;0.1462272555;0.1462272555
;US-OK;1948;p99.9p100;799776.5;;;0.0505198948;0.0505198948
;US-OK;1948;p99.99p100;2679213.25;;;0.0169239249;0.0169239249
;US-OK;1948;p90p100;;;;0.4159744084;0.4159744084
;US-OK;1948;p90p91;65852.578125;;;;
;US-OK;1948;p95p96;93942.1484375;;;;
;US-OK;1948;p95p100;;;;0.2967046201;0.2967046201
;US-OK;1948;p99.5p100;341988.9375;;;0.1080129594;0.1080129594
;US-OK;1947;p0p100;15172.6630859;;14623788032.0;;
;US-OK;1947;p99p100;167359.8125;;;0.1103035286;0.1103035286
;US-OK;1947;p99.9p100;535751.3125;;;0.0353103057;0.0353103057
;US-OK;1947;p99.99p100;1675360.125;;;0.0110419663;0.0110419663
;US-OK;1947;p90p100;;;;0.3501962125;0.3501962125
;US-OK;1947;p90p91;53134.0859375;;;;
;US-OK;1947;p95p96;72637.078125;;;;
;US-OK;1947;p95p100;;;;0.2393682748;0.2393682748
;US-OK;1947;p99.5p100;240642.40625;;;0.0793013126;0.0793013126
;US-OK;1946;p0p100;15306.7705078;;14734134272.0;;
;US-OK;1946;p99p100;175926.765625;;;0.1149339676;0.1149339676
;US-OK;1946;p99.9p100;636360.6875;;;0.0415738113;0.0415738113
;US-OK;1946;p99.99p100;2512383.75;;;0.0164135471;0.0164135471
;US-OK;1946;p90p100;;;;0.3637338281;0.3637338281
;US-OK;1946;p90p91;55675.8945312;;;;
;US-OK;1946;p95p96;75870.453125;;;;
;US-OK;1946;p95p100;;;;0.2478330284;0.2478330284
;US-OK;1946;p99.5p100;260011.421875;;;0.0849334821;0.0849334821
;US-OK;1945;p0p100;16426.4355469;;15927817216.0;;
;US-OK;1945;p99p100;173817.5625;;;0.1058157384;0.1058157384
;US-OK;1945;p99.9p100;564046.5;;;0.0343377292;0.0343377292
;US-OK;1945;p99.99p100;1708059.125;;;0.0103982324;0.0103982324
;US-OK;1945;p90p100;;;;0.3425379694;0.3425379694
;US-OK;1945;p90p91;56266.78125;;;;
;US-OK;1945;p95p96;76040.0390625;;;;
;US-OK;1945;p95p100;;;;0.2314562798;0.2314562798
;US-OK;1945;p99.5p100;251583.9375;;;0.0765789747;0.0765789747
;US-OK;1944;p0p100;16728.6582031;;16326359040.0;;
;US-OK;1944;p99p100;203354.453125;;;0.1215605214;0.1215605214
;US-OK;1944;p99.9p100;699498.375;;;0.0418143794;0.0418143794
;US-OK;1944;p99.99p100;2114274.75;;;0.0126386387;0.0126386387
;US-OK;1944;p90p100;;;;0.3724392951;0.3724392951
;US-OK;1944;p90p91;62304.0976562;;;;
;US-OK;1944;p95p96;85128.234375;;;;
;US-OK;1944;p95p100;;;;0.2544383109;0.2544383109
;US-OK;1944;p99.5p100;300843.375;;;0.0899185613;0.0899185613
;US-OK;1943;p0p100;16024.5029297;;15721174016.0;;
;US-OK;1943;p99p100;184286.375;;;0.1150028631;0.1150028631
;US-OK;1943;p99.9p100;655340.375;;;0.0408961475;0.0408961475
;US-OK;1943;p99.99p100;1875793.125;;;0.0117057804;0.0117057804
;US-OK;1943;p90p100;;;;0.3508660793;0.3508660793
;US-OK;1943;p90p91;56224.5429688;;;;
;US-OK;1943;p95p96;78041.4296875;;;;
;US-OK;1943;p95p100;;;;0.2435065359;0.2435065359
;US-OK;1943;p99.5p100;273140.90625;;;0.0852260143;0.0852260143
;US-OK;1942;p0p100;13172.3505859;;12965041152.0;;
;US-OK;1942;p99p100;170446.796875;;;0.1293974072;0.1293974072
;US-OK;1942;p99.9p100;618562.625;;;0.0469591655;0.0469591655
;US-OK;1942;p99.99p100;1992908.375;;;0.0151294814;0.0151294814
;US-OK;1942;p90p100;;;;0.3583151102;0.3583151102
;US-OK;1942;p90p91;47198.5234375;;;;
;US-OK;1942;p95p96;67181.515625;;;;
;US-OK;1942;p95p100;;;;0.2550095618;0.2550095618
;US-OK;1942;p99.5p100;253843.3125;;;0.0963546038;0.0963546038
;US-OK;1941;p0p100;9818.84570312;;9722829824.0;;
;US-OK;1941;p99p100;169166.265625;;;0.1722873151;0.1722873151
;US-OK;1941;p99.9p100;654562.75;;;0.0666639209;0.0666639209
;US-OK;1941;p99.99p100;2518340.75;;;0.0256480314;0.0256480314
;US-OK;1941;p90p100;;;;0.5019035339;0.5019035339
;US-OK;1941;p90p91;49281.1328125;;;;
;US-OK;1941;p95p96;68729.4296875;;;;
;US-OK;1941;p95p100;;;;0.3499872983;0.3499872983
;US-OK;1941;p99.5p100;254300.390625;;;0.1294960678;0.1294960678
;US-OK;1940;p0p100;9166.91601562;;9141699584.0;;
;US-OK;1940;p99p100;143992.90625;;;0.1570789069;0.1570789069
;US-OK;1940;p99.9p100;482148.6875;;;0.0525966063;0.0525966063
;US-OK;1940;p99.99p100;1460828.0;;;0.0159358718;0.0159358718
;US-OK;1940;p90p100;;;;0.4771634936;0.4771634936
;US-OK;1940;p90p91;43741.1757812;;;;
;US-OK;1940;p95p96;63008.8164062;;;;
;US-OK;1940;p95p100;;;;0.343675077;0.343675077
;US-OK;1940;p99.5p100;208408.859375;;;0.1136744618;0.1136744618
;US-OK;1939;p0p100;8792.01953125;;8689982464.0;;
;US-OK;1939;p99p100;136462.3125;;;0.1552115679;0.1552115679
;US-OK;1939;p99.9p100;432768.90625;;;0.0492229238;0.0492229238
;US-OK;1939;p99.99p100;1223181.625;;;0.0139124077;0.0139124077
;US-OK;1939;p90p100;;;;0.4260317087;0.4260317087
;US-OK;1939;p90p91;37456.7890625;;;;
;US-OK;1939;p95p96;58889.1367188;;;;
;US-OK;1939;p95p100;;;;0.3349010646;0.3349010646
;US-OK;1939;p99.5p100;194014.8125;;;0.1103357524;0.1103357524
;US-OK;1938;p0p100;8731.97753906;;8565986816.0;;
;US-OK;1938;p99p100;140015.890625;;;0.1603484601;0.1603484601
;US-OK;1938;p99.9p100;485434.46875;;;0.0555927344;0.0555927344
;US-OK;1938;p99.99p100;1538258.125;;;0.01761638;0.01761638
;US-OK;1938;p90p100;;;;0.4207838476;0.4207838476
;US-OK;1938;p90p91;36742.75;;;;
;US-OK;1938;p95p96;55823.0351562;;;;
;US-OK;1938;p95p100;;;;0.3196471632;0.3196471632
;US-OK;1938;p99.5p100;205497.6875;;;0.1176696271;0.1176696271
;US-OK;1937;p0p100;9376.53515625;;9133031424.0;;
;US-OK;1937;p99p100;159951.59375;;;0.1705870926;0.1705870926
;US-OK;1937;p99.9p100;584484.25;;;0.0623347796;0.0623347796
;US-OK;1937;p99.99p100;1737820.625;;;0.018533716;0.018533716
;US-OK;1937;p90p100;;;;0.4169498086;0.4169498086
;US-OK;1937;p90p91;39095.4492188;;;;
;US-OK;1937;p95p96;61487.5195312;;;;
;US-OK;1937;p95p100;;;;0.3278797567;0.3278797567
;US-OK;1937;p99.5p100;239132.9375;;;0.127516672;0.127516672
;US-OK;1936;p0p100;8470.48535156;;8206442496.0;;
;US-OK;1936;p99p100;157622.578125;;;0.1860844642;0.1860844642
;US-OK;1936;p99.9p100;564950.875;;;0.066696398;0.066696398
;US-OK;1936;p99.99p100;1559677.5;;;0.0184130818;0.0184130818
;US-OK;1936;p90p100;;;;0.456707716;0.456707716
;US-OK;1936;p90p91;38685.3632812;;;;
;US-OK;1936;p95p96;59411.1015625;;;;
;US-OK;1936;p95p100;;;;0.3506947458;0.3506947458
;US-OK;1936;p99.5p100;235152.328125;;;0.1388068646;0.1388068646
;US-OK;1935;p0p100;8206.59375;;7906377728.0;;
;US-OK;1935;p99p100;128381.28125;;;0.1564367563;0.1564367563
;US-OK;1935;p99.9p100;419434.25;;;0.0511094183;0.0511094183
;US-OK;1935;p99.99p100;1096675.25;;;0.0133633427;0.0133633427
;US-OK;1935;p90p100;;;;0.4245920777;0.4245920777
;US-OK;1935;p90p91;34844.546875;;;;
;US-OK;1935;p95p96;51359.65625;;;;
;US-OK;1935;p95p100;;;;0.3129169941;0.3129169941
;US-OK;1935;p99.5p100;184314.890625;;;0.1122968346;0.1122968346
;US-OK;1934;p0p100;7028.24804688;;6729393152.0;;
;US-OK;1934;p99p100;118169.648438;;;0.1681353003;0.1681353003
;US-OK;1934;p99.9p100;376784.03125;;;0.0536099486;0.0536099486
;US-OK;1934;p99.99p100;927849.3125;;;0.0132017154;0.0132017154
;US-OK;1934;p90p100;;;;0.4685641229;0.4685641229
;US-OK;1934;p90p91;32931.8476562;;;;
;US-OK;1934;p95p96;48924.4804688;;;;
;US-OK;1934;p95p100;;;;0.3480560184;0.3480560184
;US-OK;1934;p99.5p100;168111.109375;;;0.1195967421;0.1195967421
;US-OK;1933;p0p100;6472.22070312;;6162726400.0;;
;US-OK;1933;p99p100;98599.6328125;;;0.1523427963;0.1523427963
;US-OK;1933;p99.9p100;302275.96875;;;0.0467035882;0.0467035882
;US-OK;1933;p99.99p100;757478.25;;;0.0117035285;0.0117035285
;US-OK;1933;p90p100;;;;0.430965662;0.430965662
;US-OK;1933;p90p91;27893.0507812;;;;
;US-OK;1933;p95p96;39970.7578125;;;;
;US-OK;1933;p95p100;;;;0.3087870181;0.3087870181
;US-OK;1933;p99.5p100;137233.953125;;;0.1060176566;0.1060176566
;US-OK;1932;p0p100;6067.34960938;;5747837440.0;;
;US-OK;1932;p99p100;88781.7890625;;;0.1463271081;0.1463271081
;US-OK;1932;p99.9p100;259334.703125;;;0.0427426621;0.0427426621
;US-OK;1932;p99.99p100;669438.6875;;;0.0110334605;0.0110334605
;US-OK;1932;p90p100;;;;0.4410352111;0.4410352111
;US-OK;1932;p90p91;26759.1503906;;;;
;US-OK;1932;p95p96;37132.5039062;;;;
;US-OK;1932;p95p100;;;;0.3060026467;0.3060026467
;US-OK;1932;p99.5p100;120836.476562;;;0.0995792896;0.0995792896
;US-OK;1931;p0p100;7565.66796875;;7127204864.0;;
;US-OK;1931;p99p100;101231.375;;;0.133803606;0.133803606
;US-OK;1931;p99.9p100;318524.59375;;;0.0421013162;0.0421013162
;US-OK;1931;p99.99p100;855968.125;;;0.0113138473;0.0113138473
;US-OK;1931;p90p100;;;;0.3621775806;0.3621775806
;US-OK;1931;p90p91;27401.1542969;;;;
;US-OK;1931;p95p96;37744.9414062;;;;
;US-OK;1931;p95p100;;;;0.2494488209;0.2494488209
;US-OK;1931;p99.5p100;142550.109375;;;0.0942085311;0.0942085311
;US-OK;1930;p0p100;8867.19726562;;8295633920.0;;
;US-OK;1930;p99p100;150657.265625;;;0.1699040681;0.1699040681
;US-OK;1930;p99.9p100;569994.3125;;;0.0642812327;0.0642812327
;US-OK;1930;p99.99p100;1955444.625;;;0.0220525712;0.0220525712
;US-OK;1930;p90p100;;;;0.3884410262;0.3884410262
;US-OK;1930;p90p91;34443.828125;;;;
;US-OK;1930;p95p96;52125.1445312;;;;
;US-OK;1930;p95p100;;;;0.2939212322;0.2939212322
;US-OK;1930;p99.5p100;225852.46875;;;0.1273528188;0.1273528188
;US-OK;1929;p0p100;11094.0751953;;10212392960.0;;
;US-OK;1929;p99p100;200779.671875;;;0.1809792072;0.1809792072
;US-OK;1929;p99.9p100;792452.25;;;0.0714302287;0.0714302287
;US-OK;1929;p99.99p100;2971555.25;;;0.0267850645;0.0267850645
;US-OK;1929;p90p100;;;;0.367919445;0.367919445
;US-OK;1929;p90p91;40817.2578125;;;;
;US-OK;1929;p95p96;66108.1640625;;;;
;US-OK;1929;p95p100;;;;0.2979435623;0.2979435623
;US-OK;1929;p99.5p100;306783.25;;;0.1382644624;0.1382644624
;US-OK;1928;p0p100;9752.95214844;;8835561472.0;;
;US-OK;1928;p99p100;196234.46875;;;0.2012051791;0.2012051791
;US-OK;1928;p99.9p100;766600.375;;;0.0786018744;0.0786018744
;US-OK;1928;p99.99p100;2680187.25;;;0.0274807774;0.0274807774
;US-OK;1928;p90p100;;;;0.4144726098;0.4144726098
;US-OK;1928;p90p91;40423.3164062;;;;
;US-OK;1928;p95p96;65500.8398438;;;;
;US-OK;1928;p95p100;;;;0.3358000517;0.3358000517
;US-OK;1928;p99.5p100;299402.5;;;0.1534932554;0.1534932554
;US-OK;1927;p0p100;10421.6259766;;9272856576.0;;
;US-OK;1927;p99p100;189479.9375;;;0.1818141788;0.1818141788
;US-OK;1927;p99.9p100;727486.3125;;;0.0698054507;0.0698054507
;US-OK;1927;p99.99p100;2643852.25;;;0.0253689047;0.0253689047
;US-OK;1927;p90p100;;;;0.3942029476;0.3942029476
;US-OK;1927;p90p91;41082.3554688;;;;
;US-OK;1927;p95p96;65725.765625;;;;
;US-OK;1927;p95p100;;;;0.315333575;0.315333575
;US-OK;1927;p99.5p100;287171.125;;;0.1377765536;0.1377765536
;US-OK;1926;p0p100;11023.3251953;;9617269760.0;;
;US-OK;1926;p99p100;205665.46875;;;0.1865729988;0.1865729988
;US-OK;1926;p99.9p100;886825.0;;;0.0804498643;0.0804498643
;US-OK;1926;p99.99p100;4062110.75;;;0.0368501395;0.0368501395
;US-OK;1926;p90p100;;;;0.3880980313;0.3880980313
;US-OK;1926;p90p91;42781.3046875;;;;
;US-OK;1926;p95p96;69445.796875;;;;
;US-OK;1926;p95p100;;;;0.314994812;0.314994812
;US-OK;1926;p99.5p100;318625.25;;;0.1445232034;0.1445232034
;US-OK;1925;p0p100;10833.1708984;;9270193152.0;;
;US-OK;1925;p99p100;201001.3125;;;0.1855424494;0.1855424494
;US-OK;1925;p99.9p100;882195.1875;;;0.0814346224;0.0814346224
;US-OK;1925;p99.99p100;4667924.0;;;0.0430891775;0.0430891775
;US-OK;1925;p90p100;;;;0.3956798315;0.3956798315
;US-OK;1925;p90p91;42864.671875;;;;
;US-OK;1925;p95p96;69037.6640625;;;;
;US-OK;1925;p95p100;;;;0.3186401427;0.3186401427
;US-OK;1925;p99.5p100;310718.9375;;;0.1434108913;0.1434108913
;US-OK;1924;p0p100;8434.61328125;;7067897344.0;;
;US-OK;1924;p99p100;133906.09375;;;0.1587578654;0.1587578654
;US-OK;1924;p99.9p100;484468.34375;;;0.0574381314;0.0574381314
;US-OK;1924;p99.99p100;1530317.875;;;0.0181433111;0.0181433111
;US-OK;1924;p90p100;;;;0.4372413456;0.4372413456
;US-OK;1924;p90p91;36879.6132812;;;;
;US-OK;1924;p95p96;57429.3554688;;;;
;US-OK;1924;p95p100;;;;0.3404386342;0.3404386342
;US-OK;1924;p99.5p100;199672.953125;;;0.1183652282;0.1183652282
;US-OK;1923;p0p100;9101.48730469;;7436624384.0;;
;US-OK;1923;p99p100;129920.90625;;;0.1427468807;0.1427468807
;US-OK;1923;p99.9p100;396997.59375;;;0.0436189808;0.0436189808
;US-OK;1923;p99.99p100;1190911.375;;;0.0130847991;0.0130847991
;US-OK;1923;p90p100;;;;0.4157274663;0.4157274663
;US-OK;1923;p90p91;37837.3867188;;;;
;US-OK;1923;p95p96;57120.890625;;;;
;US-OK;1923;p95p100;;;;0.3137997389;0.3137997389
;US-OK;1923;p99.5p100;185518.5625;;;0.1019166186;0.1019166186
;US-OK;1922;p0p100;9505.38378906;;7587694592.0;;
;US-OK;1922;p99p100;145719.953125;;;0.1533025354;0.1533025354
;US-OK;1922;p99.9p100;516088.8125;;;0.0542943664;0.0542943664
;US-OK;1922;p99.99p100;1978467.875;;;0.0208141804;0.0208141804
;US-OK;1922;p90p100;;;;0.4099390507;0.4099390507
;US-OK;1922;p90p91;38966.2851562;;;;
;US-OK;1922;p95p96;59061.1679688;;;;
;US-OK;1922;p95p100;;;;0.3106721938;0.3106721938
;US-OK;1922;p99.5p100;213641.84375;;;0.1123793721;0.1123793721
;US-OK;1921;p0p100;7943.18701172;;6214294016.0;;
;US-OK;1921;p99p100;104587.53125;;;0.1316694766;0.1316694766
;US-OK;1921;p99.9p100;316843.0;;;0.0398886465;0.0398886465
;US-OK;1921;p99.99p100;781546.4375;;;0.0098392041;0.0098392041
;US-OK;1921;p90p100;;;;0.413238287;0.413238287
;US-OK;1921;p90p91;32824.2929688;;;;
;US-OK;1921;p95p96;47658.0859375;;;;
;US-OK;1921;p95p100;;;;0.2999934554;0.2999934554
;US-OK;1921;p99.5p100;147542.640625;;;0.0928737;0.0928737
;US-OK;1920;p0p100;11041.8955078;;8419169792.0;;
;US-OK;1920;p99p100;152104.125;;;0.1377518177;0.1377518177
;US-OK;1920;p99.9p100;536191.75;;;0.0485597551;0.0485597551
;US-OK;1920;p99.99p100;1633088.0;;;0.014789925;0.014789925
;US-OK;1920;p90p100;;;;0.381501466;0.381501466
;US-OK;1920;p90p91;42124.9921875;;;;
;US-OK;1920;p95p96;61471.4765625;;;;
;US-OK;1920;p95p100;;;;0.2783556283;0.2783556283
;US-OK;1920;p99.5p100;223375.890625;;;0.1011492386;0.1011492386
;US-OK;1919;p0p100;12029.5996094;;8941425664.0;;
;US-OK;1919;p99p100;162569.71875;;;0.1351414025;0.1351414025
;US-OK;1919;p99.9p100;570014.6875;;;0.0473843403;0.0473843403
;US-OK;1919;p99.99p100;1931412.5;;;0.0160555001;0.0160555001
;US-OK;1919;p90p100;;;;0.3656812012;0.3656812012
;US-OK;1919;p90p91;43989.9882812;;;;
;US-OK;1919;p95p96;68280.546875;;;;
;US-OK;1919;p95p100;;;;0.2838022113;0.2838022113
;US-OK;1919;p99.5p100;237156.90625;;;0.0985722244;0.0985722244
;US-OK;1918;p0p100;10266.5654297;;7482382848.0;;
;US-OK;1918;p99p100;135782.890625;;;0.132257387;0.132257387
;US-OK;1918;p99.9p100;459818.21875;;;0.0447879322;0.0447879322
;US-OK;1918;p99.99p100;1481063.875;;;0.0144260898;0.0144260898
;US-OK;1918;p90p100;;;;0.3703894019;0.3703894019
;US-OK;1918;p90p91;38026.265625;;;;
;US-OK;1918;p95p96;59281.7265625;;;;
;US-OK;1918;p95p100;;;;0.2887125611;0.2887125611
;US-OK;1918;p99.5p100;195185.5;;;0.0950588137;0.0950588137
;US-OK;1917;p0p100;13406.4501953;;9706795008.0;;
