Variable Name;.;.;.;Fiscal income  | tax unit | Average | Adults | constant 2015 local currency;Fiscal income  | tax unit | Threshold | Adults | constant 2015 local currency;Fiscal income  | tax unit | Total | Adults | constant 2015 local currency;Fiscal income  | tax unit | Share | Adults | share of total (ratio);Pre-tax national income  | tax unit | Share | Adults | share of total (ratio)
Variable Category;.;.;.;Income inequality;Income inequality;Income inequality;Income inequality;Income inequality
Variable Description;.;.;.;Average Fiscal income within a given percentile group. Fiscal income is defined as the sum of all income items reported on income tax returns, before any deduction. It includes labour income, capital income and mixed income. The concept of fiscal income varies with national tax legislations, so in order to make international comparisons it is preferable to use the concept of national income. The population is comprised of individuals over age 20. The base unit is the tax unit defined by national fiscal administrations to measure personal income taxes.;Fiscal income threshold value at a given percentile.  Fiscal income is defined as the sum of all income items reported on income tax returns, before any deduction. It includes labour income, capital income and mixed income. The concept of fiscal income varies with national tax legislations, so in order to make international comparisons it is preferable to use the concept of national income. The population is comprised of individuals over age 20. The base unit is the tax unit defined by national fiscal administrations to measure personal income taxes.;Total Fiscal income  within a given percentile group. Fiscal income is defined as the sum of all income items reported on income tax returns, before any deduction. It includes labour income, capital income and mixed income. The concept of fiscal income varies with national tax legislations, so in order to make international comparisons it is preferable to use the concept of national income. The population is comprised of individuals over age 20.;Fiscal income share held by a given percentile group. Fiscal income is defined as the sum of all income items reported on income tax returns, before any deduction. It includes labour income, capital income and mixed income. The concept of fiscal income varies with national tax legislations, so in order to make international comparisons it is preferable to use the concept of national income. The population is comprised of individuals over age 20. The base unit is the tax unit defined by national fiscal administrations to measure personal income taxes.;Pre-tax national income share held by a given percentile group. Pre-tax national income  is the sum of all pre-tax personal income flows accruing to the owners of the production factors, labor and capital, before taking into account the operation of the tax/transfer system, but after taking into account the operation of pension system. The central difference between personal factor income and pre-tax income is the treatment of pensions, which are counted on a contribution basis by factor income and on a distribution basis by pre-tax income. The population is comprised of individuals over age 20. The base unit is the tax unit defined by national fiscal administrations to measure personal income taxes.
Variable Decomposition;.;.;.;[Fiscal income ]=[Fiscal labour income ]+[Fiscal capital income ];[Fiscal income ]=[Fiscal labour income ]+[Fiscal capital income ];[Fiscal income ]=[Fiscal labour income ]+[Fiscal capital income ];[Fiscal income ]=[Fiscal labour income ]+[Fiscal capital income ];Pre-tax national income =Pre-tax labor income [total pre-tax income ranking]+Pre-tax capital income [total pre-tax income ranking]
Variable Unit;.;.;.;"USD; United States dollar | local currency | market";"USD; United States dollar | local currency | market";"USD; United States dollar | local currency | market";share;share
Methodological Notes;.;.;.;;;;;Assuming the same distribution as fiscal income.
Sources;.;.;.;Frank, Sommeiller, Price & Saez (2015);Frank, Sommeiller, Price & Saez (2015);Frank, Sommeiller, Price & Saez (2015);Frank, Sommeiller, Price & Saez (2015);WID.world computations using: Frank, Sommeiller, Price & Saez (2015)
Variable Code;country;year;perc;afiinc992t;tfiinc992t;mfiinc992t;sfiinc992t;sptinc992t
;US-CA;2014;p0p100;67820.5703125;;1.36582148915e+12;;
;US-CA;2014;p99p100;;500913.6875;;0.2377550751;0.2377550751
;US-CA;2014;p99.9p100;;2401509.5;;0.1205298826;0.1205298826
;US-CA;2014;p99.99p100;;12339502.0;;0.0597805604;0.0597805604
;US-CA;2014;p90p100;;131023.5;;0.5232620835;0.5232620835
;US-CA;2014;p90p91;359498.5625;;;;
;US-CA;2014;p95p96;558487.1875;;;;
;US-CA;2014;p90p95;160509.9375;131023.5;;0.1155706793;0.1155706793
;US-CA;2014;p95p99;290489.59375;203547.25;;0.1700596958;0.1700596958
;US-CA;2014;p99.5p99.9;1230489.25;764974.8125;;0.0723382458;0.0723382458
;US-CA;2014;p99.9p99.99;4485988.5;2401509.5;;0.0606138222;0.0606138222
;US-CA;2014;p99p99.5;615692.4375;500913.6875;;0.0448536351;0.0448536351
;US-CA;2014;p95p100;;203547.25;;0.407841593;0.407841593
;US-CA;2014;p0p90;35411.9023438;;;0.476783365;0.476783365
;US-CA;2014;p0p99;52036.1523438;;;0.7622449398;0.7622449398
;US-CA;2014;p99.5p100;;764974.8125;;0.1929039508;0.1929039508
;US-CA;2014;p99.5p99.6;2645262.75;;;;
;US-CA;2014;p99.99p99.991;42669672.0;;;;
;US-CA;2014;p99.9p99.91;8304357.0;;;;
;US-CA;2014;p99p99.1;1630477.625;;;;
;US-CA;2013;p0p100;66196.8046875;;1.28966223462e+12;;
;US-CA;2013;p99p100;;473555.375;;0.2194100618;0.2194100618
;US-CA;2013;p99.9p100;;2187747.25;;0.1082238331;0.1082238331
;US-CA;2013;p99.99p100;;10941658.0;;0.0534156561;0.0534156561
;US-CA;2013;p90p100;;138207.71875;;0.5098100305;0.5098100305
;US-CA;2013;p90p91;344688.1875;;;;
;US-CA;2013;p95p96;522010.34375;;;;
;US-CA;2013;p90p95;167366.015625;138207.71875;;0.1218150184;0.1218150184
;US-CA;2013;p95p99;284286.0625;200283.15625;;0.1687387228;0.1687387228
;US-CA;2013;p99.5p99.9;1132432.625;710161.3125;;0.06729424;0.06729424
;US-CA;2013;p99.9p99.99;4037999.25;2187747.25;;0.0547527522;0.0547527522
;US-CA;2013;p99p99.5;585800.6875;473555.375;;0.0438832417;0.0438832417
;US-CA;2013;p95p100;;200283.15625;;0.3881243467;0.3881243467
;US-CA;2013;p0p90;35253.3242188;;;0.4901003838;0.4901003838
;US-CA;2013;p0p99;51987.609375;;;0.7805899382;0.7805899382
;US-CA;2013;p99.5p100;;710161.3125;;0.1755111068;0.1755111068
;US-CA;2013;p99.5p99.6;2360014.25;;;;
;US-CA;2013;p99.99p99.991;36361412.0;;;;
;US-CA;2013;p99.9p99.91;7270340.5;;;;
;US-CA;2013;p99p99.1;1472907.375;;;;
;US-CA;2012;p0p100;64925.6171875;;1.26203841741e+12;;
;US-CA;2012;p99p100;1642987.875;;;0.2530569136;0.2530569136
;US-CA;2012;p99.9p100;8760120.0;;;0.1349254549;0.1349254549
;US-CA;2012;p99.99p100;44645260.0;;;0.0687637031;0.0687637031
;US-CA;2012;p90p100;;;;0.5402234793;0.5402234793
;US-CA;2012;p90p91;350743.46875;;;;
;US-CA;2012;p95p96;546626.375;;;;
;US-CA;2012;p95p100;;;;0.420963496;0.420963496
;US-CA;2012;p99.5p100;2711687.0;;;0.2088302523;0.2088302523
;US-CA;2011;p0p100;61883.9453125;;1.17715841843e+12;;
;US-CA;2011;p99p100;1312740.75;;;0.2121294439;0.2121294439
;US-CA;2011;p99.9p100;6406926.0;;;0.1035313085;0.1035313085
;US-CA;2011;p99.99p100;30798016.0;;;0.0497673787;0.0497673787
;US-CA;2011;p90p100;;;;0.5039823651;0.5039823651
;US-CA;2011;p90p91;311884.1875;;;;
;US-CA;2011;p95p96;471791.8125;;;;
;US-CA;2011;p95p100;;;;0.3811908066;0.3811908066
;US-CA;2011;p99.5p100;2097611.0;;;0.1694794297;0.1694794297
;US-CA;2010;p0p100;60918.625;;1.14960446259e+12;;
;US-CA;2010;p99p100;1327999.625;;;0.2179956585;0.2179956585
;US-CA;2010;p99.9p100;6721145.0;;;0.1103298813;0.1103298813
;US-CA;2010;p99.99p100;34393304.0;;;0.0564577803;0.0564577803
;US-CA;2010;p90p100;;;;0.5081487894;0.5081487894
;US-CA;2010;p90p91;309557.25;;;;
;US-CA;2010;p95p96;470112.09375;;;;
;US-CA;2010;p95p100;;;;0.3858525157;0.3858525157
;US-CA;2010;p99.5p100;2142068.0;;;0.1758138835;0.1758138835
;US-CA;2009;p0p100;59765.546875;;1.1077779456e+12;;
;US-CA;2009;p99p100;1121327.375;;;0.1876210272;0.1876210272
;US-CA;2009;p99.9p100;5046636.5;;;0.0844405591;0.0844405591
;US-CA;2009;p99.99p100;23289974.0;;;0.0389688946;0.0389688946
;US-CA;2009;p90p100;;;;0.4814227521;0.4814227521
;US-CA;2009;p90p91;287724.9375;;;;
;US-CA;2009;p95p96;427296.4375;;;;
;US-CA;2009;p95p100;;;;0.3574772179;0.3574772179
;US-CA;2009;p99.5p100;1742667.75;;;0.1457920074;0.1457920074
;US-CA;2008;p0p100;66626.65625;;1.22248285389e+12;;
;US-CA;2008;p99p100;1378688.875;;;0.2069275081;0.2069275081
;US-CA;2008;p99.9p100;6601992.0;;;0.0990893468;0.0990893468
;US-CA;2008;p99.99p100;30819910.0;;;0.0462576263;0.0462576263
;US-CA;2008;p90p100;;;;0.4875694811;0.4875694811
;US-CA;2008;p90p91;324851.25;;;;
;US-CA;2008;p95p96;493078.625;;;;
;US-CA;2008;p95p100;;;;0.370031029;0.370031029
;US-CA;2008;p99.5p100;2196341.0;;;0.1648244858;0.1648244858
;US-CA;2007;p0p100;73230.2578125;;1.33156411802e+12;;
;US-CA;2007;p99p100;1799654.25;;;0.2457528114;0.2457528114
;US-CA;2007;p99.9p100;9380282.0;;;0.1280929744;0.1280929744
;US-CA;2007;p99.99p100;46033320.0;;;0.0628610626;0.0628610626
;US-CA;2007;p90p100;;;;0.5148081183;0.5148081183
;US-CA;2007;p90p91;376995.34375;;;;
;US-CA;2007;p95p96;593002.5;;;;
;US-CA;2007;p95p100;;;;0.4048889875;0.4048889875
;US-CA;2007;p99.5p100;2956008.5;;;0.2018297166;0.2018297166
;US-CA;2006;p0p100;71764.8671875;;1.28111909274e+12;;
;US-CA;2006;p99p100;1724448.875;;;0.2402915359;0.2402915359
;US-CA;2006;p99.9p100;8814216.0;;;0.1228207722;0.1228207722
;US-CA;2006;p99.99p100;41808580.0;;;0.0582577325;0.0582577325
;US-CA;2006;p90p100;;;;0.5086468458;0.5086468458
;US-CA;2006;p90p91;365029.71875;;;;
;US-CA;2006;p95p96;572813.6875;;;;
;US-CA;2006;p95p100;;;;0.3990906477;0.3990906477
;US-CA;2006;p99.5p100;2818661.25;;;0.1963817179;0.1963817179
;US-CA;2005;p0p100;68667.1484375;;1.22518949069e+12;;
;US-CA;2005;p99p100;1660500.125;;;0.2418187112;0.2418187112
;US-CA;2005;p99.9p100;8539033.0;;;0.1243539825;0.1243539825
;US-CA;2005;p99.99p100;40904092.0;;;0.0595686473;0.0595686473
;US-CA;2005;p90p100;;;;0.5119848251;0.5119848251
;US-CA;2005;p90p91;351565.34375;;;;
;US-CA;2005;p95p96;553049.1875;;;;
;US-CA;2005;p95p100;;;;0.4027028978;0.4027028978
;US-CA;2005;p99.5p100;2713827.0;;;0.1976073831;0.1976073831
;US-CA;2004;p0p100;65989.203125;;1.15361683866e+12;;
;US-CA;2004;p99p100;1430762.75;;;0.2168176919;0.2168176919
;US-CA;2004;p99.9p100;7032422.0;;;0.1065692827;0.1065692827
;US-CA;2004;p99.99p100;33092068.0;;;0.0501477011;0.0501477011
;US-CA;2004;p90p100;;;;0.4882352352;0.4882352352
;US-CA;2004;p90p91;322182.5625;;;;
;US-CA;2004;p95p96;497379.96875;;;;
;US-CA;2004;p95p100;;;;0.3768646419;0.3768646419
;US-CA;2004;p99.5p100;2298004.0;;;0.174119696;0.174119696
;US-CA;2003;p0p100;62679.6796875;;1.07774627021e+12;;
;US-CA;2003;p99p100;1194628.0;;;0.1905925572;0.1905925572
;US-CA;2003;p99.9p100;5518647.0;;;0.088045232;0.088045232
;US-CA;2003;p99.99p100;25212786.0;;;0.0402248167;0.0402248167
;US-CA;2003;p90p100;;;;0.4637562037;0.4637562037
;US-CA;2003;p90p91;290680.90625;;;;
;US-CA;2003;p95p96;430408.59375;;;;
;US-CA;2003;p95p100;;;;0.3433398306;0.3433398306
;US-CA;2003;p99.5p100;1879751.625;;;0.149949044;0.149949044
;US-CA;2002;p0p100;64380.7851562;;1.05863426867e+12;;
;US-CA;2002;p99p100;1139198.75;;;0.1769469976;0.1769469976
;US-CA;2002;p99.9p100;5035181.5;;;0.0782093778;0.0782093778
;US-CA;2002;p99.99p100;21883300.0;;;0.0339904204;0.0339904204
;US-CA;2002;p90p100;;;;0.4471803308;0.4471803308
;US-CA;2002;p90p91;287898.25;;;;
;US-CA;2002;p95p96;420857.875;;;;
;US-CA;2002;p95p100;;;;0.3268505037;0.3268505037
;US-CA;2002;p99.5p100;1769517.875;;;0.1374259293;0.1374259293
;US-CA;2001;p0p100;66902.796875;;1.09505006797e+12;;
;US-CA;2001;p99p100;1339289.375;;;0.2001843601;0.2001843601
;US-CA;2001;p99.9p100;6438260.5;;;0.096233055;0.096233055
;US-CA;2001;p99.99p100;29641060.0;;;0.0443046615;0.0443046615
;US-CA;2001;p90p100;;;;0.4686512351;0.4686512351
;US-CA;2001;p90p91;313540.78125;;;;
;US-CA;2001;p95p96;475110.375;;;;
;US-CA;2001;p95p100;;;;0.3550751209;0.3550751209
;US-CA;2001;p99.5p100;2138604.0;;;0.1598291844;0.1598291844
;US-CA;2000;p0p100;72087.703125;;1.16831931597e+12;;
;US-CA;2000;p99p100;2043672.25;;;0.2834980488;0.2834980488
;US-CA;2000;p99.9p100;11490863.0;;;0.1594011486;0.1594011486
;US-CA;2000;p99.99p100;59402024.0;;;0.0824024379;0.0824024379
;US-CA;2000;p90p100;;;;0.5472388864;0.5472388864
;US-CA;2000;p90p91;394491.96875;;;;
;US-CA;2000;p95p96;634032.75;;;;
;US-CA;2000;p95p100;;;;0.4397648275;0.4397648275
;US-CA;2000;p99.5p100;3436318.75;;;0.2383428961;0.2383428961
;US-CA;1999;p0p100;66892.21875;;1.08154087014e+12;;
;US-CA;1999;p99p100;1598928.25;;;0.23903054;0.23903054
;US-CA;1999;p99.9p100;8369304.5;;;0.1251162738;0.1251162738
;US-CA;1999;p99.99p100;39835872.0;;;0.0595523305;0.0595523305
;US-CA;1999;p90p100;;;;0.508767128;0.508767128
;US-CA;1999;p90p91;340325.625;;;;
;US-CA;1999;p95p96;530482.125;;;;
;US-CA;1999;p95p100;;;;0.3965200782;0.3965200782
;US-CA;1999;p99.5p100;2630306.5;;;0.1966078132;0.1966078132
;US-CA;1998;p0p100;63272.3046875;;9.99984726016e+11;;
;US-CA;1998;p99p100;1256682.75;;;0.1986149997;0.1986149997
;US-CA;1998;p99.9p100;6140652.0;;;0.0970511809;0.0970511809
;US-CA;1998;p99.99p100;27646428.0;;;0.043694362;0.043694362
;US-CA;1998;p90p100;;;;0.4620839357;0.4620839357
;US-CA;1998;p90p91;292371.15625;;;;
;US-CA;1998;p95p96;442191.65625;;;;
;US-CA;1998;p95p100;;;;0.349435389;0.349435389
;US-CA;1998;p99.5p100;2023505.625;;;0.1599045396;0.1599045396
;US-CA;1997;p0p100;58646.5703125;;9.1217166336e+11;;
;US-CA;1997;p99p100;1123597.375;;;0.1915879101;0.1915879101
;US-CA;1997;p99.9p100;5431804.0;;;0.0926192999;0.0926192999
;US-CA;1997;p99.99p100;24912860.0;;;0.0424796566;0.0424796566
;US-CA;1997;p90p100;;;;0.4612088203;0.4612088203
;US-CA;1997;p90p91;270483.15625;;;;
;US-CA;1997;p95p96;405019.65625;;;;
;US-CA;1997;p95p100;;;;0.3453055024;0.3453055024
;US-CA;1997;p99.5p100;1798836.0;;;0.1533624232;0.1533624232
;US-CA;1996;p0p100;55360.453125;;8.42763337728e+11;;
;US-CA;1996;p99p100;963074.0;;;0.1739642769;0.1739642769
;US-CA;1996;p99.9p100;4258535.5;;;0.0769237801;0.0769237801
;US-CA;1996;p99.99p100;18331560.0;;;0.0331130959;0.0331130959
;US-CA;1996;p90p100;;;;0.4440411329;0.4440411329
;US-CA;1996;p90p91;245823.1875;;;;
;US-CA;1996;p95p96;361605.84375;;;;
;US-CA;1996;p95p100;;;;0.326592207;0.326592207
;US-CA;1996;p99.5p100;1498363.875;;;0.1353280097;0.1353280097
;US-CA;1995;p0p100;52632.0585938;;7.9385034752e+11;;
;US-CA;1995;p99p100;824657.5;;;0.1566835046;0.1566835046
;US-CA;1995;p99.9p100;3420393.5;;;0.0649868846;0.0649868846
;US-CA;1995;p99.99p100;13820805.0;;;0.0262592901;0.0262592901
;US-CA;1995;p90p100;;;;0.4260495603;0.4260495603
;US-CA;1995;p90p91;224238.640625;;;;
;US-CA;1995;p95p96;323990.5;;;;
;US-CA;1995;p95p100;;;;0.3077881932;0.3077881932
;US-CA;1995;p99.5p100;1259425.375;;;0.119644329;0.119644329
;US-CA;1994;p0p100;50450.7148438;;7.59020978176e+11;;
;US-CA;1994;p99p100;713848.0625;;;0.14149414;0.14149414
;US-CA;1994;p99.9p100;2839709.5;;;0.0562868044;0.0562868044
;US-CA;1994;p99.99p100;11339172.0;;;0.0224757437;0.0224757437
;US-CA;1994;p90p100;;;;0.4080061316;0.4080061316
;US-CA;1994;p90p91;205842.015625;;;;
;US-CA;1994;p95p96;292081.84375;;;;
;US-CA;1994;p95p100;;;;0.2894724905;0.2894724905
;US-CA;1994;p99.5p100;1074399.0;;;0.106480062;0.106480062
;US-CA;1993;p0p100;49967.609375;;7.51549546496e+11;;
;US-CA;1993;p99p100;708177.1875;;;0.1417272389;0.1417272389
;US-CA;1993;p99.9p100;2834097.25;;;0.0567186885;0.0567186885
;US-CA;1993;p99.99p100;11397441.0;;;0.0228096582;0.0228096582
;US-CA;1993;p90p100;;;;0.4081507325;0.4081507325
;US-CA;1993;p90p91;203943.171875;;;;
;US-CA;1993;p95p96;289451.71875;;;;
;US-CA;1993;p95p100;;;;0.2896393239;0.2896393239
;US-CA;1993;p99.5p100;1070248.125;;;0.1070941836;0.1070941836
;US-CA;1992;p0p100;51197.0429688;;7.6356714496e+11;;
;US-CA;1992;p99p100;756514.1875;;;0.1477652043;0.1477652043
;US-CA;1992;p99.9p100;3076996.5;;;0.0601010546;0.0601010546
;US-CA;1992;p99.99p100;12431387.0;;;0.0242814552;0.0242814552
;US-CA;1992;p90p100;;;;0.4130195379;0.4130195379
;US-CA;1992;p90p91;211453.796875;;;;
;US-CA;1992;p95p96;300608.5;;;;
;US-CA;1992;p95p100;;;;0.293579936;0.293579936
;US-CA;1992;p99.5p100;1151252.125;;;0.1124334633;0.1124334633
;US-CA;1991;p0p100;51705.0273438;;7.58422634496e+11;;
;US-CA;1991;p99p100;727353.0625;;;0.1406735778;0.1406735778
;US-CA;1991;p99.9p100;2830837.0;;;0.0547497496;0.0547497496
;US-CA;1991;p99.99p100;10977215.0;;;0.0212304611;0.0212304611
;US-CA;1991;p90p100;;;;0.4075257182;0.4075257182
;US-CA;1991;p90p91;210711.265625;;;;
;US-CA;1991;p95p96;296107.4375;;;;
;US-CA;1991;p95p100;;;;0.2863430083;0.2863430083
;US-CA;1991;p99.5p100;1092134.5;;;0.1056120247;0.1056120247
;US-CA;1990;p0p100;53364.6601562;;7.74755713024e+11;;
;US-CA;1990;p99p100;853472.9375;;;0.1599322408;0.1599322408
;US-CA;1990;p99.9p100;3605982.0;;;0.0675724745;0.0675724745
;US-CA;1990;p99.99p100;15017092.0;;;0.0281405188;0.0281405188
;US-CA;1990;p90p100;;;;0.4218372107;0.4218372107
;US-CA;1990;p90p91;225111.96875;;;;
;US-CA;1990;p95p96;325257.375;;;;
;US-CA;1990;p95p100;;;;0.3047497869;0.3047497869
;US-CA;1990;p99.5p100;1318959.5;;;0.1235798672;0.1235798672
;US-CA;1989;p0p100;55872.5273438;;7.57828747264e+11;;
;US-CA;1989;p99p100;881092.3125;;;0.1576968879;0.1576968879
;US-CA;1989;p99.9p100;3865250.0;;;0.0691798031;0.0691798031
;US-CA;1989;p99.99p100;16752377.0;;;0.0299832132;0.0299832132
;US-CA;1989;p90p100;;;;0.4119336903;0.4119336903
;US-CA;1989;p90p91;230157.75;;;;
;US-CA;1989;p95p96;333565.5625;;;;
;US-CA;1989;p95p100;;;;0.2985059023;0.2985059023
;US-CA;1989;p99.5p100;1371247.875;;;0.12271218;0.12271218
;US-CA;1988;p0p100;56205.0585938;;7.48708560896e+11;;
;US-CA;1988;p99p100;911024.25;;;0.1620893627;0.1620893627
;US-CA;1988;p99.9p100;4155118.5;;;0.0739278346;0.0739278346
;US-CA;1988;p99.99p100;18182098.0;;;0.0323495753;0.0323495753
;US-CA;1988;p90p100;;;;0.408969909;0.408969909
;US-CA;1988;p90p91;229861.78125;;;;
;US-CA;1988;p95p96;335286.78125;;;;
;US-CA;1988;p95p100;;;;0.2982710004;0.2982710004
;US-CA;1988;p99.5p100;1438587.75;;;0.1279767156;0.1279767156
;US-CA;1987;p0p100;53576.8515625;;6.95814914048e+11;;
;US-CA;1987;p99p100;695912.3125;;;0.1298904866;0.1298904866
;US-CA;1987;p99.9p100;2788864.75;;;0.0520535372;0.0520535372
;US-CA;1987;p99.99p100;11249179.0;;;0.0209963415;0.0209963415
;US-CA;1987;p90p100;;;;0.3787762523;0.3787762523
;US-CA;1987;p90p91;202936.390625;;;;
;US-CA;1987;p95p96;284633.625;;;;
;US-CA;1987;p95p100;;;;0.2656311393;0.2656311393
;US-CA;1987;p99.5p100;1049621.125;;;0.0979547203;0.0979547203
;US-CA;1986;p0p100;55532.9375;;6.99332165632e+11;;
;US-CA;1986;p99p100;875706.0;;;0.157691285;0.157691285
;US-CA;1986;p99.9p100;4111109.0;;;0.0740301013;0.0740301013
;US-CA;1986;p99.99p100;18775770.0;;;0.0338101499;0.0338101499
;US-CA;1986;p90p100;;;;0.3982337713;0.3982337713
;US-CA;1986;p90p91;221150.921875;;;;
;US-CA;1986;p95p96;322070.21875;;;;
;US-CA;1986;p95p100;;;;0.289981246;0.289981246
;US-CA;1986;p99.5p100;1393157.375;;;0.1254352182;0.1254352182
;US-CA;1985;p0p100;51934.9609375;;6.42514223104e+11;;
;US-CA;1985;p99p100;652079.125;;;0.1255568713;0.1255568713
;US-CA;1985;p99.9p100;2764572.25;;;0.0532314293;0.0532314293
;US-CA;1985;p99.99p100;11803408.0;;;0.0227272864;0.0227272864
;US-CA;1985;p90p100;;;;0.3712357879;0.3712357879
;US-CA;1985;p90p91;192801.15625;;;;
;US-CA;1985;p95p96;266193.8125;;;;
;US-CA;1985;p95p100;;;;0.2562761307;0.2562761307
;US-CA;1985;p99.5p100;991608.875;;;0.0954664126;0.0954664126
;US-CA;1984;p0p100;50422.6132812;;6.13105401856e+11;;
;US-CA;1984;p99p100;583168.375;;;0.11565613;0.11565613
;US-CA;1984;p99.9p100;2477153.5;;;0.0491278283;0.0491278283
;US-CA;1984;p99.99p100;10802455.0;;;0.0214238297;0.0214238297
;US-CA;1984;p90p100;;;;0.3630492985;0.3630492985
;US-CA;1984;p90p91;183058.9375;;;;
;US-CA;1984;p95p96;250373.3125;;;;
;US-CA;1984;p95p100;;;;0.2482748479;0.2482748479
;US-CA;1984;p99.5p100;893964.0625;;;0.0886471421;0.0886471421
;US-CA;1983;p0p100;48465.984375;;5.7936543744e+11;;
;US-CA;1983;p99p100;524746.125;;;0.1082710177;0.1082710177
;US-CA;1983;p99.9p100;2170848.25;;;0.0447911732;0.0447911732
;US-CA;1983;p99.99p100;8846543.0;;;0.0182530973;0.0182530973
;US-CA;1983;p90p100;;;;0.3586187661;0.3586187661
;US-CA;1983;p90p91;173808.109375;;;;
;US-CA;1983;p95p96;236736.65625;;;;
;US-CA;1983;p95p100;;;;0.2442297041;0.2442297041
;US-CA;1983;p99.5p100;810365.8125;;;0.0836015046;0.0836015046
;US-CA;1982;p0p100;47178.6015625;;5.40471721984e+11;;
;US-CA;1982;p99p100;492040.375;;;0.1042931229;0.1042931229
;US-CA;1982;p99.9p100;1903191.625;;;0.0403401479;0.0403401479
;US-CA;1982;p99.99p100;7902113.0;;;0.0167493578;0.0167493578
;US-CA;1982;p90p100;;;;0.349141717;0.349141717
;US-CA;1982;p90p91;164720.171875;;;;
;US-CA;1982;p95p96;220816.875;;;;
;US-CA;1982;p95p100;;;;0.2340222895;0.2340222895
;US-CA;1982;p99.5p100;726045.5;;;0.0769464821;0.0769464821
;US-CA;1981;p0p100;48958.4296875;;5.41292756992e+11;;
;US-CA;1981;p99p100;484993.34375;;;0.0990622714;0.0990622714
;US-CA;1981;p99.9p100;1802475.0;;;0.0368164331;0.0368164331
;US-CA;1981;p99.99p100;7328728.5;;;0.0149692874;0.0149692874
;US-CA;1981;p90p100;;;;0.3341156542;0.3341156542
;US-CA;1981;p90p91;163577.796875;;;;
;US-CA;1981;p95p96;217556.984375;;;;
;US-CA;1981;p95p100;;;;0.2221853882;0.2221853882
;US-CA;1981;p99.5p100;708676.0625;;;0.0723752826;0.0723752826
;US-CA;1980;p0p100;49879.7734375;;5.3768093696e+11;;
;US-CA;1980;p99p100;489646.71875;;;0.0981653854;0.0981653854
;US-CA;1980;p99.9p100;1760256.25;;;0.0352899805;0.0352899805
;US-CA;1980;p99.99p100;6947137.0;;;0.0139277643;0.0139277643
;US-CA;1980;p90p100;;;;0.3246086538;0.3246086538
;US-CA;1980;p90p91;161914.0625;;;;
;US-CA;1980;p95p96;223137.96875;;;;
;US-CA;1980;p95p100;;;;0.2236757874;0.2236757874
;US-CA;1980;p99.5p100;707275.5625;;;0.0708980337;0.0708980337
;US-CA;1979;p0p100;49927.9726562;;5.1908722688e+11;;
;US-CA;1979;p99p100;514312.8125;;;0.1030109599;0.1030109599
;US-CA;1979;p99.9p100;2005513.375;;;0.0401681326;0.0401681326
;US-CA;1979;p99.99p100;9475961.0;;;0.0189792626;0.0189792626
;US-CA;1979;p90p100;;;;0.3347049057;0.3347049057
;US-CA;1979;p90p91;167111.375;;;;
;US-CA;1979;p95p96;229232.671875;;;;
;US-CA;1979;p95p100;;;;0.2295633703;0.2295633703
;US-CA;1979;p99.5p100;755016.4375;;;0.0756105632;0.0756105632
;US-CA;1978;p0p100;47252.7929688;;4.84723326976e+11;;
;US-CA;1978;p99p100;422585.65625;;;0.0894308388;0.0894308388
;US-CA;1978;p99.9p100;1315350.375;;;0.0278364588;0.0278364588
;US-CA;1978;p99.99p100;4575102.5;;;0.009682185;0.009682185
;US-CA;1978;p90p100;;;;0.328066498;0.328066498
;US-CA;1978;p90p91;155020.578125;;;;
;US-CA;1978;p95p96;207363.640625;;;;
;US-CA;1978;p95p100;;;;0.2194194496;0.2194194496
;US-CA;1978;p99.5p100;588308.0625;;;0.0622511432;0.0622511432
;US-CA;1977;p0p100;45642.9023438;;4.55567245312e+11;;
;US-CA;1977;p99p100;410458.0625;;;0.0899281278;0.0899281278
;US-CA;1977;p99.9p100;1301285.375;;;0.0285101365;0.0285101365
;US-CA;1977;p99.99p100;4674932.0;;;0.0102424081;0.0102424081
;US-CA;1977;p90p100;;;;0.3319126964;0.3319126964
;US-CA;1977;p90p91;151494.578125;;;;
;US-CA;1977;p95p96;196536.375;;;;
;US-CA;1977;p95p100;;;;0.2152978629;0.2152978629
;US-CA;1977;p99.5p100;574860.125;;;0.0629736632;0.0629736632
;US-CA;1976;p0p100;44922.2773438;;4.36536836096e+11;;
;US-CA;1976;p99p100;388683.375;;;0.0865235329;0.0865235329
;US-CA;1976;p99.9p100;1194998.0;;;0.026601458;0.026601458
;US-CA;1976;p99.99p100;4225242.5;;;0.0094056744;0.0094056744
;US-CA;1976;p90p100;;;;0.3229618073;0.3229618073
;US-CA;1976;p90p91;145081.78125;;;;
;US-CA;1976;p95p96;190571.109375;;;;
;US-CA;1976;p95p100;;;;0.2121120542;0.2121120542
;US-CA;1976;p99.5p100;536257.375;;;0.0596872456;0.0596872456
;US-CA;1975;p0p100;43266.21875;;4.09604063232e+11;;
;US-CA;1975;p99p100;364661.75;;;0.0842832476;0.0842832476
;US-CA;1975;p99.9p100;1073717.375;;;0.0248165298;0.0248165298
;US-CA;1975;p99.99p100;3592990.5;;;0.0083043789;0.0083043789
;US-CA;1975;p90p100;;;;0.3204270899;0.3204270899
;US-CA;1975;p90p91;138636.671875;;;;
;US-CA;1975;p95p96;180461.53125;;;;
;US-CA;1975;p95p100;;;;0.2085478306;0.2085478306
;US-CA;1975;p99.5p100;499587.625;;;0.0577341467;0.0577341467
;US-CA;1974;p0p100;45176.25;;4.1654206464e+11;;
;US-CA;1974;p99p100;409034.84375;;;0.0905420035;0.0905420035
;US-CA;1974;p99.9p100;1248096.625;;;0.0276272744;0.0276272744
;US-CA;1974;p99.99p100;4098740.75;;;0.0090727778;0.0090727778
;US-CA;1974;p90p100;;;;0.3239759803;0.3239759803
;US-CA;1974;p90p91;146360.1875;;;;
;US-CA;1974;p95p96;195558.125;;;;
;US-CA;1974;p95p100;;;;0.2164390832;0.2164390832
;US-CA;1974;p99.5p100;569005.125;;;0.0629761294;0.0629761294
;US-CA;1973;p0p100;45578.2578125;;4.09624641536e+11;;
;US-CA;1973;p99p100;397138.25;;;0.0871332586;0.0871332586
;US-CA;1973;p99.9p100;1210894.0;;;0.0265673585;0.0265673585
;US-CA;1973;p99.99p100;4215064.0;;;0.0092479698;0.0092479698
;US-CA;1973;p90p100;;;;0.3224284351;0.3224284351
;US-CA;1973;p90p91;146957.28125;;;;
;US-CA;1973;p95p96;194025.0625;;;;
;US-CA;1973;p95p100;;;;0.212848261;0.212848261
;US-CA;1973;p99.5p100;545511.8125;;;0.059843421;0.059843421
;US-CA;1972;p0p100;45226.5664062;;3.960553472e+11;;
;US-CA;1972;p99p100;410235.125;;;0.0907066762;0.0907066762
;US-CA;1972;p99.9p100;1364539.0;;;0.0301711857;0.0301711857
;US-CA;1972;p99.99p100;5367787.0;;;0.0118686585;0.0118686585
;US-CA;1972;p90p100;;;;0.3242134154;0.3242134154
;US-CA;1972;p90p91;146630.578125;;;;
;US-CA;1972;p95p96;194849.28125;;;;
;US-CA;1972;p95p100;;;;0.2154146433;0.2154146433
;US-CA;1972;p99.5p100;578739.0;;;0.0639822036;0.0639822036
;US-CA;1971;p0p100;43774.5390625;;3.73114667008e+11;;
;US-CA;1971;p99p100;381263.375;;;0.0870970637;0.0870970637
;US-CA;1971;p99.9p100;1237378.25;;;0.0282670781;0.0282670781
;US-CA;1971;p99.99p100;4778479.5;;;0.0109161166;0.0109161166
;US-CA;1971;p90p100;;;;0.3185678422;0.3185678422
;US-CA;1971;p90p91;139451.59375;;;;
;US-CA;1971;p95p96;183692.359375;;;;
;US-CA;1971;p95p100;;;;0.2098164409;0.2098164409
;US-CA;1971;p99.5p100;533378.3125;;;0.0609233528;0.0609233528
;US-CA;1970;p0p100;44553.953125;;3.68938582016e+11;;
;US-CA;1970;p99p100;371313.25;;;0.0833401456;0.0833401456
;US-CA;1970;p99.9p100;1147265.375;;;0.0257500242;0.0257500242
;US-CA;1970;p99.99p100;4143217.75;;;0.0092993276;0.0092993276
;US-CA;1970;p90p100;;;;0.310490191;0.310490191
;US-CA;1970;p90p91;138335.640625;;;;
;US-CA;1970;p95p96;182062.546875;;;;
;US-CA;1970;p95p100;;;;0.2043169588;0.2043169588
;US-CA;1970;p99.5p100;513215.25;;;0.0575948097;0.0575948097
;US-CA;1969;p0p100;45670.1757812;;3.69304502272e+11;;
;US-CA;1969;p99p100;431650.0;;;0.0945146456;0.0945146456
;US-CA;1969;p99.9p100;1568918.5;;;0.034353245;0.034353245
;US-CA;1969;p99.99p100;6848927.0;;;0.0149964988;0.0149964988
;US-CA;1969;p90p100;;;;0.3213441372;0.3213441372
;US-CA;1969;p90p91;146758.40625;;;;
;US-CA;1969;p95p96;197222.390625;;;;
;US-CA;1969;p95p100;;;;0.2159203589;0.2159203589
;US-CA;1969;p99.5p100;623025.625;;;0.0682092533;0.0682092533
;US-CA;1968;p0p100;45944.1289062;;3.6346724352e+11;;
;US-CA;1968;p99p100;475519.5625;;;0.1034995243;0.1034995243
;US-CA;1968;p99.9p100;1740582.875;;;0.0378847718;0.0378847718
;US-CA;1968;p99.99p100;7156087.5;;;0.0155756306;0.0155756306
;US-CA;1968;p90p100;;;;0.3329252601;0.3329252601
;US-CA;1968;p90p91;152959.609375;;;;
;US-CA;1968;p95p96;210094.34375;;;;
;US-CA;1968;p95p100;;;;0.2286411226;0.2286411226
;US-CA;1968;p99.5p100;692087.1875;;;0.0753183439;0.0753183439
;US-CA;1967;p0p100;44480.859375;;3.44177475584e+11;;
;US-CA;1967;p99p100;441696.625;;;0.0993003771;0.0993003771
;US-CA;1967;p99.9p100;1537048.5;;;0.0345552787;0.0345552787
;US-CA;1967;p99.99p100;6119047.5;;;0.0137565862;0.0137565862
;US-CA;1967;p90p100;;;;0.3297509551;0.3297509551
;US-CA;1967;p90p91;146676.046875;;;;
;US-CA;1967;p95p96;198974.453125;;;;
;US-CA;1967;p95p100;;;;0.2236630023;0.2236630023
;US-CA;1967;p99.5p100;632536.625;;;0.0711021125;0.0711021125
;US-CA;1966;p0p100;43149.3125;;3.26248333312e+11;;
;US-CA;1966;p99p100;399103.03125;;;0.0924934745;0.0924934745
;US-CA;1966;p99.9p100;1279853.125;;;0.0296610314;0.0296610314
;US-CA;1966;p99.99p100;4630292.0;;;0.010730858;0.010730858
;US-CA;1966;p90p100;;;;0.320117414;0.320117414
;US-CA;1966;p90p91;138128.46875;;;;
;US-CA;1966;p95p96;183605.53125;;;;
;US-CA;1966;p95p100;;;;0.2127560228;0.2127560228
;US-CA;1966;p99.5p100;559877.5625;;;0.064876765;0.064876765
;US-CA;1965;p0p100;41881.5039062;;3.09212381184e+11;;
;US-CA;1965;p99p100;418620.21875;;;0.0999534801;0.0999534801
;US-CA;1965;p99.9p100;1357476.75;;;0.0324123204;0.0324123204
;US-CA;1965;p99.99p100;5233432.0;;;0.0124958074;0.0124958074
;US-CA;1965;p90p100;;;;0.3315308392;0.3315308392
;US-CA;1965;p90p91;138850.109375;;;;
;US-CA;1965;p95p96;188793.328125;;;;
;US-CA;1965;p95p100;;;;0.2253898531;0.2253898531
;US-CA;1965;p99.5p100;586641.5625;;;0.0700358748;0.0700358748
;US-CA;1964;p0p100;41012.09375;;2.95377010688e+11;;
;US-CA;1964;p99p100;398417.3125;;;0.097146295;0.097146295
;US-CA;1964;p99.9p100;1253227.5;;;0.0305575114;0.0305575114
;US-CA;1964;p99.99p100;4497912.0;;;0.0109672816;0.0109672816
;US-CA;1964;p90p100;;;;0.3261393011;0.3261393011
;US-CA;1964;p90p91;133756.546875;;;;
;US-CA;1964;p95p96;182352.21875;;;;
;US-CA;1964;p95p100;;;;0.2223151922;0.2223151922
;US-CA;1964;p99.5p100;555655.75;;;0.067742914;0.067742914
;US-CA;1963;p0p100;39038.234375;;2.73883430912e+11;;
;US-CA;1963;p99p100;356005.90625;;;0.0911941528;0.0911941528
;US-CA;1963;p99.9p100;1125983.25;;;0.0288430862;0.0288430862
;US-CA;1963;p99.99p100;3951992.75;;;0.0101233888;0.0101233888
;US-CA;1963;p90p100;;;;0.3213160038;0.3213160038
;US-CA;1963;p90p91;125436.101562;;;;
;US-CA;1963;p95p96;167950.984375;;;;
;US-CA;1963;p95p100;;;;0.2151108682;0.2151108682
;US-CA;1963;p99.5p100;498278.59375;;;0.0638193041;0.0638193041
;US-CA;1962;p0p100;37722.6992188;;2.57664598016e+11;;
;US-CA;1962;p99p100;344466.875;;;0.0913155377;0.0913155377
;US-CA;1962;p99.9p100;1087298.625;;;0.0288234558;0.0288234558
;US-CA;1962;p99.99p100;3779524.75;;;0.0100192316;0.0100192316
;US-CA;1962;p90p100;;;;0.3211187124;0.3211187124
;US-CA;1962;p90p91;121134.664062;;;;
;US-CA;1962;p95p96;162448.3125;;;;
;US-CA;1962;p95p100;;;;0.2153190225;0.2153190225
;US-CA;1962;p99.5p100;485013.0;;;0.0642866194;0.0642866194
;US-CA;1961;p0p100;36845.59375;;2.44776747008e+11;;
;US-CA;1961;p99p100;367125.15625;;;0.0996388197;0.0996388197
;US-CA;1961;p99.9p100;1241370.25;;;0.0336911455;0.0336911455
;US-CA;1961;p99.99p100;4556431.0;;;0.0123662837;0.0123662837
;US-CA;1961;p90p100;;;;0.3302034736;0.3302034736
;US-CA;1961;p90p91;121665.4375;;;;
;US-CA;1961;p95p96;165809.796875;;;;
;US-CA;1961;p95p100;;;;0.2250062823;0.2250062823
;US-CA;1961;p99.5p100;523254.0;;;0.071006313;0.071006313
;US-CA;1960;p0p100;35753.0390625;;2.30723207168e+11;;
;US-CA;1960;p99p100;334784.1875;;;0.0936379656;0.0936379656
;US-CA;1960;p99.9p100;1046501.4375;;;0.0292702783;0.0292702783
;US-CA;1960;p99.99p100;3369239.0;;;0.0094236434;0.0094236434
;US-CA;1960;p90p100;;;;0.3213322461;0.3213322461
;US-CA;1960;p90p91;114886.046875;;;;
;US-CA;1960;p95p96;155109.859375;;;;
;US-CA;1960;p95p100;;;;0.2169184238;0.2169184238
;US-CA;1960;p99.5p100;472147.1875;;;0.06602896;0.06602896
;US-CA;1959;p0p100;35832.9609375;;2.25210974208e+11;;
;US-CA;1959;p99p100;357595.59375;;;0.0997951478;0.0997951478
;US-CA;1959;p99.9p100;1134355.75;;;0.0316567682;0.0316567682
;US-CA;1959;p99.99p100;3603037.75;;;0.0100550931;0.0100550931
;US-CA;1959;p90p100;;;;0.3263530731;0.3263530731
;US-CA;1959;p90p91;116941.976562;;;;
;US-CA;1959;p95p96;160044.828125;;;;
;US-CA;1959;p95p100;;;;0.2233206928;0.2233206928
;US-CA;1959;p99.5p100;511208.46875;;;0.0713321492;0.0713321492
;US-CA;1958;p0p100;33245.7617188;;2.0327981056e+11;;
;US-CA;1958;p99p100;315526.875;;;0.0949073881;0.0949073881
;US-CA;1958;p99.9p100;950944.9375;;;0.0286034923;0.0286034923
;US-CA;1958;p99.99p100;3048589.5;;;0.0091698579;0.0091698579
;US-CA;1958;p90p100;;;;0.3225441873;0.3225441873
;US-CA;1958;p90p91;107232.273438;;;;
;US-CA;1958;p95p96;144442.15625;;;;
;US-CA;1958;p95p100;;;;0.2172339112;0.2172339112
;US-CA;1958;p99.5p100;449942.15625;;;0.0676690936;0.0676690936
;US-CA;1957;p0p100;33809.5195312;;2.01071181824e+11;;
;US-CA;1957;p99p100;310564.9375;;;0.0918572545;0.0918572545
;US-CA;1957;p99.9p100;963082.4375;;;0.0284855422;0.0284855422
;US-CA;1957;p99.99p100;3174587.0;;;0.0093896259;0.0093896259
;US-CA;1957;p90p100;;;;0.3130184114;0.3130184114
;US-CA;1957;p90p91;105830.015625;;;;
;US-CA;1957;p95p96;142526.78125;;;;
;US-CA;1957;p95p100;;;;0.2107790858;0.2107790858
;US-CA;1957;p99.5p100;442363.53125;;;0.0654199719;0.0654199719
;US-CA;1956;p0p100;33941.0351562;;1.96017799168e+11;;
;US-CA;1956;p99p100;320823.59375;;;0.0945238024;0.0945238024
;US-CA;1956;p99.9p100;968370.875;;;0.0285309739;0.0285309739
;US-CA;1956;p99.99p100;3097721.5;;;0.0091267731;0.0091267731
;US-CA;1956;p90p100;;;;0.3209953606;0.3209953606
;US-CA;1956;p90p91;108949.15625;;;;
;US-CA;1956;p95p96;146316.40625;;;;
;US-CA;1956;p95p100;;;;0.2155449986;0.2155449986
;US-CA;1956;p99.5p100;448928.625;;;0.0661336035;0.0661336035
;US-CA;1955;p0p100;33020.8085938;;1.85209028608e+11;;
;US-CA;1955;p99p100;351263.71875;;;0.1063764691;0.1063764691
;US-CA;1955;p99.9p100;1112251.0;;;0.0336833373;0.0336833373
;US-CA;1955;p99.99p100;3623237.0;;;0.0109725874;0.0109725874
;US-CA;1955;p90p100;;;;0.3394652307;0.3394652307
;US-CA;1955;p90p91;112094.164062;;;;
;US-CA;1955;p95p96;153629.1875;;;;
;US-CA;1955;p95p100;;;;0.2326248139;0.2326248139
;US-CA;1955;p99.5p100;495755.125;;;0.0750670806;0.0750670806
;US-CA;1954;p0p100;30962.1015625;;1.68636481536e+11;;
;US-CA;1954;p99p100;319737.21875;;;0.1032672897;0.1032672897
;US-CA;1954;p99.9p100;1029905.875;;;0.0332634374;0.0332634374
;US-CA;1954;p99.99p100;3279610.5;;;0.0105923386;0.0105923386
;US-CA;1954;p90p100;;;;0.330607295;0.330607295
;US-CA;1954;p90p91;102362.960938;;;;
;US-CA;1954;p95p96;140130.015625;;;;
;US-CA;1954;p95p100;;;;0.2262928039;0.2262928039
;US-CA;1954;p99.5p100;455184.34375;;;0.073506698;0.073506698
;US-CA;1953;p0p100;31042.9257812;;1.6416161792e+11;;
;US-CA;1953;p99p100;285000.71875;;;0.0918085948;0.0918085948
;US-CA;1953;p99.9p100;850460.5;;;0.0273962766;0.0273962766
;US-CA;1953;p99.99p100;2431778.25;;;0.0078335991;0.0078335991
;US-CA;1953;p90p100;;;;0.3076139092;0.3076139092
;US-CA;1953;p90p91;95492.3515625;;;;
;US-CA;1953;p95p96;128652.632812;;;;
;US-CA;1953;p95p100;;;;0.2072173208;0.2072173208
;US-CA;1953;p99.5p100;403957.9375;;;0.0650644153;0.0650644153
;US-CA;1952;p0p100;30245.2480469;;1.5541952512e+11;;
;US-CA;1952;p99p100;309480.78125;;;0.1023237556;0.1023237556
;US-CA;1952;p99.9p100;947683.5;;;0.0313332975;0.0313332975
;US-CA;1952;p99.99p100;2717348.5;;;0.0089843804;0.0089843804
;US-CA;1952;p90p100;;;;0.3252815306;0.3252815306
;US-CA;1952;p90p91;98382.2265625;;;;
;US-CA;1952;p95p96;135182.96875;;;;
;US-CA;1952;p95p100;;;;0.2234780043;0.2234780043
;US-CA;1952;p99.5p100;438107.75;;;0.0724258721;0.0724258721
;US-CA;1951;p0p100;28859.8457031;;1.43995486208e+11;;
;US-CA;1951;p99p100;337752.9375;;;0.117032133;0.117032133
;US-CA;1951;p99.9p100;1084939.375;;;0.0375933908;0.0375933908
;US-CA;1951;p99.99p100;3327239.75;;;0.0115289595;0.0115289595
;US-CA;1951;p90p100;;;;0.3263737857;0.3263737857
;US-CA;1951;p90p91;94190.96875;;;;
;US-CA;1951;p95p96;139200.171875;;;;
;US-CA;1951;p95p100;;;;0.2411658317;0.2411658317
;US-CA;1951;p99.5p100;486782.0;;;0.0843355134;0.0843355134
;US-CA;1950;p0p100;27478.3378906;;1.33115625472e+11;;
;US-CA;1950;p99p100;351474.09375;;;0.1279095262;0.1279095262
;US-CA;1950;p99.9p100;1181855.25;;;0.043010436;0.043010436
;US-CA;1950;p99.99p100;3080575.5;;;0.0112109249;0.0112109249
;US-CA;1950;p90p100;;;;0.3539407849;0.3539407849
;US-CA;1950;p90p91;97257.0390625;;;;
;US-CA;1950;p95p96;141675.09375;;;;
;US-CA;1950;p95p100;;;;0.2577941716;0.2577941716
;US-CA;1950;p99.5p100;511697.40625;;;0.0931092426;0.0931092426
;US-CA;1949;p0p100;25533.7910156;;1.1908067328e+11;;
;US-CA;1949;p99p100;296924.6875;;;0.1162869632;0.1162869632
;US-CA;1949;p99.9p100;986401.625;;;0.0386312269;0.0386312269
;US-CA;1949;p99.99p100;3307815.25;;;0.0129546588;0.0129546588
;US-CA;1949;p90p100;;;;0.3378956318;0.3378956318
;US-CA;1949;p90p91;86277.5625;;;;
;US-CA;1949;p95p96;122984.53125;;;;
;US-CA;1949;p95p100;;;;0.2408270091;0.2408270091
;US-CA;1949;p99.5p100;431334.1875;;;0.0844634026;0.0844634026
;US-CA;1948;p0p100;26214.6875;;1.18042304512e+11;;
;US-CA;1948;p99p100;326782.53125;;;0.1246562675;0.1246562675
;US-CA;1948;p99.9p100;1042689.4375;;;0.0397750102;0.0397750102
;US-CA;1948;p99.99p100;3103974.0;;;0.0118405912;0.0118405912
;US-CA;1948;p90p100;;;;0.3522066772;0.3522066772
;US-CA;1948;p90p91;92329.8828125;;;;
;US-CA;1948;p95p96;134307.96875;;;;
;US-CA;1948;p95p100;;;;0.2561692894;0.2561692894
;US-CA;1948;p99.5p100;470699.25;;;0.0897777677;0.0897777677
;US-CA;1947;p0p100;26969.2285156;;1.17235023872e+11;;
;US-CA;1947;p99p100;288015.625;;;0.106794171;0.106794171
;US-CA;1947;p99.9p100;905419.0625;;;0.0335723013;0.0335723013
;US-CA;1947;p99.99p100;2625100.0;;;0.0097336862;0.0097336862
;US-CA;1947;p90p100;;;;0.3028464019;0.3028464019
;US-CA;1947;p90p91;81675.3359375;;;;
;US-CA;1947;p95p96;119522.546875;;;;
;US-CA;1947;p95p100;;;;0.2215905786;0.2215905786
;US-CA;1947;p99.5p100;411117.1875;;;0.0762196779;0.0762196779
;US-CA;1946;p0p100;29639.7304688;;1.24114485248e+11;;
;US-CA;1946;p99p100;345411.59375;;;0.1165366918;0.1165366918
;US-CA;1946;p99.9p100;1075611.875;;;0.0362895317;0.0362895317
;US-CA;1946;p99.99p100;3131846.75;;;0.0105663808;0.0105663808
;US-CA;1946;p90p100;;;;0.3233537376;0.3233537376
;US-CA;1946;p90p91;95841.1640625;;;;
;US-CA;1946;p95p96;142179.09375;;;;
;US-CA;1946;p95p100;;;;0.2398454696;0.2398454696
;US-CA;1946;p99.5p100;493629.40625;;;0.083271578;0.083271578
;US-CA;1945;p0p100;30950.1796875;;1.25921394688e+11;;
;US-CA;1945;p99p100;340731.71875;;;0.1100903824;0.1100903824
;US-CA;1945;p99.9p100;1066766.0;;;0.034467198;0.034467198
;US-CA;1945;p99.99p100;2879386.0;;;0.0093032932;0.0093032932
;US-CA;1945;p90p100;;;;0.3002528846;0.3002528846
;US-CA;1945;p90p91;92928.8125;;;;
;US-CA;1945;p95p96;137119.40625;;;;
;US-CA;1945;p95p100;;;;0.221516341;0.221516341
;US-CA;1945;p99.5p100;489262.46875;;;0.0790403262;0.0790403262
;US-CA;1944;p0p100;31456.3828125;;1.24244402176e+11;;
;US-CA;1944;p99p100;295992.78125;;;0.0940962508;0.0940962508
;US-CA;1944;p99.9p100;963977.5;;;0.0306448955;0.0306448955
;US-CA;1944;p99.99p100;2899868.0;;;0.0092186956;0.0092186956
;US-CA;1944;p90p100;;;;0.2659333646;0.2659333646
;US-CA;1944;p90p91;83653.015625;;;;
;US-CA;1944;p95p96;119036.429688;;;;
;US-CA;1944;p95p100;;;;0.1892087162;0.1892087162
;US-CA;1944;p99.5p100;428706.75;;;0.0681430474;0.0681430474
;US-CA;1943;p0p100;32121.0722656;;1.23011743744e+11;;
;US-CA;1943;p99p100;355370.03125;;;0.1106345505;0.1106345505
;US-CA;1943;p99.9p100;1128388.25;;;0.035129223;0.035129223
;US-CA;1943;p99.99p100;2812791.5;;;0.0087568425;0.0087568425
;US-CA;1943;p90p100;;;;0.2910772264;0.2910772264
;US-CA;1943;p90p91;93497.125;;;;
;US-CA;1943;p95p96;139980.125;;;;
;US-CA;1943;p95p100;;;;0.217894569;0.217894569
;US-CA;1943;p99.5p100;516671.09375;;;0.0804255754;0.0804255754
;US-CA;1942;p0p100;25532.1582031;;94617321472.0;;
;US-CA;1942;p99p100;299013.71875;;;0.1171125919;0.1171125919
;US-CA;1942;p99.9p100;1047456.6875;;;0.0410249978;0.0410249978
;US-CA;1942;p99.99p100;3126425.0;;;0.0122450469;0.0122450469
;US-CA;1942;p90p100;;;;0.3014094234;0.3014094234
;US-CA;1942;p90p91;76956.3359375;;;;
;US-CA;1942;p95p96;111710.195312;;;;
;US-CA;1942;p95p100;;;;0.2187636942;0.2187636942
;US-CA;1942;p99.5p100;445749.53125;;;0.0872917771;0.0872917771
;US-CA;1941;p0p100;20649.1054688;;74254426112.0;;
;US-CA;1941;p99p100;281061.5;;;0.1361131668;0.1361131668
;US-CA;1941;p99.9p100;982243.125;;;0.0475683138;0.0475683138
;US-CA;1941;p99.99p100;3014663.75;;;0.0145994881;0.0145994881
;US-CA;1941;p90p100;;;;0.3797967434;0.3797967434
;US-CA;1941;p90p91;78424.625;;;;
;US-CA;1941;p95p96;108934.09375;;;;
;US-CA;1941;p95p100;;;;0.2637743652;0.2637743652
;US-CA;1941;p99.5p100;417355.15625;;;0.1010588929;0.1010588929
;US-CA;1940;p0p100;17834.0253906;;62295736320.0;;
;US-CA;1940;p99p100;246231.1875;;;0.1380681992;0.1380681992
;US-CA;1940;p99.9p100;823572.5625;;;0.0461798459;0.0461798459
;US-CA;1940;p99.99p100;2300828.75;;;0.0129013415;0.0129013415
;US-CA;1940;p90p100;;;;0.4093560576;0.4093560576
;US-CA;1940;p90p91;73004.6640625;;;;
;US-CA;1940;p95p96;102690.78125;;;;
;US-CA;1940;p95p100;;;;0.2879068851;0.2879068851
;US-CA;1940;p99.5p100;361220.25;;;0.1012727618;0.1012727618
;US-CA;1939;p0p100;16867.4667969;;57212071936.0;;
;US-CA;1939;p99p100;236335.78125;;;0.1401133835;0.1401133835
;US-CA;1939;p99.9p100;793634.5625;;;0.0470512025;0.0470512025
;US-CA;1939;p99.99p100;2086826.125;;;0.0123719005;0.0123719005
;US-CA;1939;p90p100;;;;0.4407652318;0.4407652318
;US-CA;1939;p90p91;74345.9296875;;;;
;US-CA;1939;p95p96;102021.695312;;;;
;US-CA;1939;p95p100;;;;0.3024215102;0.3024215102
;US-CA;1939;p99.5p100;345756.03125;;;0.1024919897;0.1024919897
;US-CA;1938;p0p100;16721.2519531;;55149748224.0;;
;US-CA;1938;p99p100;241021.125;;;0.1441405863;0.1441405863
;US-CA;1938;p99.9p100;915986.5;;;0.0547797754;0.0547797754
;US-CA;1938;p99.99p100;3364489.25;;;0.0201210342;0.0201210342
;US-CA;1938;p90p100;;;;0.4332712293;0.4332712293
;US-CA;1938;p90p91;72448.3828125;;;;
;US-CA;1938;p95p96;97800.4140625;;;;
;US-CA;1938;p95p100;;;;0.2924434245;0.2924434245
;US-CA;1938;p99.5p100;361417.40625;;;0.1080712676;0.1080712676
;US-CA;1937;p0p100;17093.953125;;54843764736.0;;
;US-CA;1937;p99p100;269493.46875;;;0.1576542705;0.1576542705
;US-CA;1937;p99.9p100;930173.9375;;;0.0544153787;0.0544153787
;US-CA;1937;p99.99p100;2512269.75;;;0.0146968346;0.0146968346
;US-CA;1937;p90p100;;;;0.4469336271;0.4469336271
;US-CA;1937;p90p91;76398.6171875;;;;
;US-CA;1937;p95p96;106937.054688;;;;
;US-CA;1937;p95p100;;;;0.3127920926;0.3127920926
;US-CA;1937;p99.5p100;400806.4375;;;0.1172363311;0.1172363311
;US-CA;1936;p0p100;17277.03125;;54016974848.0;;
;US-CA;1936;p99p100;295985.8125;;;0.1713175327;0.1713175327
;US-CA;1936;p99.9p100;1042061.6875;;;0.0603148639;0.0603148639
;US-CA;1936;p99.99p100;2859857.75;;;0.0165529475;0.0165529475
;US-CA;1936;p90p100;;;;0.4570100605;0.4570100605
;US-CA;1936;p90p91;78957.765625;;;;
;US-CA;1936;p95p96;112038.84375;;;;
;US-CA;1936;p95p100;;;;0.3242422044;0.3242422044
;US-CA;1936;p99.5p100;444759.78125;;;0.1287141889;0.1287141889
;US-CA;1935;p0p100;14905.2724609;;45401628672.0;;
;US-CA;1935;p99p100;229268.375;;;0.1538169533;0.1538169533
;US-CA;1935;p99.9p100;811620.75;;;0.0544519201;0.0544519201
;US-CA;1935;p99.99p100;2288107.75;;;0.0153509956;0.0153509956
;US-CA;1935;p90p100;;;;0.4669587612;0.4669587612
;US-CA;1935;p90p91;69601.4765625;;;;
;US-CA;1935;p95p96;94607.953125;;;;
;US-CA;1935;p95p100;;;;0.317364037;0.317364037
;US-CA;1935;p99.5p100;339816.5625;;;0.1139920652;0.1139920652
;US-CA;1934;p0p100;13859.3476562;;41104642048.0;;
;US-CA;1934;p99p100;206307.171875;;;0.1488577873;0.1488577873
;US-CA;1934;p99.9p100;739661.125;;;0.053369116;0.053369116
;US-CA;1934;p99.99p100;2099627.75;;;0.0151495412;0.0151495412
;US-CA;1934;p90p100;;;;0.4629078507;0.4629078507
;US-CA;1934;p90p91;64156.0078125;;;;
;US-CA;1934;p95p96;89915.2734375;;;;
;US-CA;1934;p95p100;;;;0.3243849277;0.3243849277
;US-CA;1934;p99.5p100;304818.53125;;;0.1099685654;0.1099685654
;US-CA;1933;p0p100;13392.4365234;;38699085824.0;;
;US-CA;1933;p99p100;182568.171875;;;0.1363218576;0.1363218576
;US-CA;1933;p99.9p100;689540.4375;;;0.0514873043;0.0514873043
;US-CA;1933;p99.99p100;2134157.75;;;0.0159355458;0.0159355458
;US-CA;1933;p90p100;;;;0.4210467041;0.4210467041
;US-CA;1933;p90p91;56388.4101562;;;;
;US-CA;1933;p95p96;78352.5859375;;;;
;US-CA;1933;p95p100;;;;0.2925255299;0.2925255299
;US-CA;1933;p99.5p100;269310.34375;;;0.1005456969;0.1005456969
;US-CA;1932;p0p100;13883.1582031;;39103676416.0;;
;US-CA;1932;p99p100;182387.375;;;0.1313731372;0.1313731372
;US-CA;1932;p99.9p100;664257.25;;;0.0478462689;0.0478462689
;US-CA;1932;p99.99p100;1968812.875;;;0.0141813047;0.0141813047
;US-CA;1932;p90p100;;;;0.4390712976;0.4390712976
;US-CA;1932;p90p91;60956.9609375;;;;
;US-CA;1932;p95p96;81090.2890625;;;;
;US-CA;1932;p95p100;;;;0.2920455635;0.2920455635
;US-CA;1932;p99.5p100;266847.25;;;0.0961046666;0.0961046666
;US-CA;1931;p0p100;16207.4560547;;44474707968.0;;
;US-CA;1931;p99p100;214918.59375;;;0.1326047778;0.1326047778
;US-CA;1931;p99.9p100;756061.5;;;0.0466489904;0.0466489904
;US-CA;1931;p99.99p100;2515366.5;;;0.0155198099;0.0155198099
;US-CA;1931;p90p100;;;;0.4365830719;0.4365830719
;US-CA;1931;p90p91;70759.0078125;;;;
;US-CA;1931;p95p96;93728.015625;;;;
;US-CA;1931;p95p100;;;;0.2891508937;0.2891508937
;US-CA;1931;p99.5p100;312032.5625;;;0.0962620378;0.0962620378
;US-CA;1930;p0p100;17994.2714844;;48042557440.0;;
;US-CA;1930;p99p100;265297.78125;;;0.1474345624;0.1474345624
;US-CA;1930;p99.9p100;980135.25;;;0.0544692874;0.0544692874
;US-CA;1930;p99.99p100;3342689.0;;;0.0185764041;0.0185764041
;US-CA;1930;p90p100;;;;0.4465560019;0.4465560019
;US-CA;1930;p90p91;80354.5078125;;;;
;US-CA;1930;p95p96;108292.070312;;;;
;US-CA;1930;p95p100;;;;0.3009070754;0.3009070754
;US-CA;1930;p99.5p100;394273.5;;;0.1095552817;0.1095552817
;US-CA;1929;p0p100;20711.6757812;;52575485952.0;;
;US-CA;1929;p99p100;371300.75;;;0.1792712063;0.1792712063
;US-CA;1929;p99.9p100;1461652.25;;;0.0705714077;0.0705714077
;US-CA;1929;p99.99p100;5016176.5;;;0.0242190734;0.0242190734
;US-CA;1929;p90p100;;;;0.4539243579;0.4539243579
;US-CA;1929;p90p91;94015.34375;;;;
;US-CA;1929;p95p96;135785.984375;;;;
;US-CA;1929;p95p100;;;;0.3278005719;0.3278005719
;US-CA;1929;p99.5p100;566543.9375;;;0.1367692053;0.1367692053
;US-CA;1928;p0p100;21053.3632812;;50822283264.0;;
;US-CA;1928;p99p100;430973.96875;;;0.2047055215;0.2047055215
;US-CA;1928;p99.9p100;1803667.0;;;0.0856712088;0.0856712088
;US-CA;1928;p99.99p100;6620478.5;;;0.0314461812;0.0314461812
;US-CA;1928;p90p100;;;;0.482073456;0.482073456
;US-CA;1928;p90p91;101492.664062;;;;
;US-CA;1928;p95p96;149003.0625;;;;
;US-CA;1928;p95p100;;;;0.3538699746;0.3538699746
;US-CA;1928;p99.5p100;671313.9375;;;0.159431532;0.159431532
;US-CA;1927;p0p100;20742.9355469;;47521058816.0;;
;US-CA;1927;p99p100;372339.625;;;0.1795018762;0.1795018762
;US-CA;1927;p99.9p100;1415467.25;;;0.0682385117;0.0682385117
;US-CA;1927;p99.99p100;4872078.5;;;0.0234878901;0.0234878901
;US-CA;1927;p90p100;;;;0.4506162107;0.4506162107
;US-CA;1927;p90p91;93471.03125;;;;
;US-CA;1927;p95p96;133343.5;;;;
;US-CA;1927;p95p100;;;;0.3214190602;0.3214190602
;US-CA;1927;p99.5p100;565120.375;;;0.1362199485;0.1362199485
;US-CA;1926;p0p100;21468.4492188;;46599442432.0;;
;US-CA;1926;p99p100;380209.625;;;0.1771015823;0.1771015823
;US-CA;1926;p99.9p100;1492333.25;;;0.069512859;0.069512859
;US-CA;1926;p99.99p100;5576883.0;;;0.0259771124;0.0259771124
;US-CA;1926;p90p100;;;;0.4403847158;0.4403847158
;US-CA;1926;p90p91;94543.7734375;;;;
;US-CA;1926;p95p96;134737.96875;;;;
;US-CA;1926;p95p100;;;;0.3138046265;0.3138046265
;US-CA;1926;p99.5p100;581092.75;;;0.1353364587;0.1353364587
;US-CA;1925;p0p100;20995.0898438;;43191152640.0;;
;US-CA;1925;p99p100;350228.59375;;;0.166814521;0.166814521
;US-CA;1925;p99.9p100;1247709.25;;;0.0594286211;0.0594286211
;US-CA;1925;p99.99p100;4063043.75;;;0.0193523522;0.0193523522
;US-CA;1925;p90p100;;;;0.4425009191;0.4425009191
;US-CA;1925;p90p91;92903.4609375;;;;
;US-CA;1925;p95p96;128783.648438;;;;
;US-CA;1925;p95p100;;;;0.306699425;0.306699425
;US-CA;1925;p99.5p100;523836.71875;;;0.1247521937;0.1247521937
;US-CA;1924;p0p100;20574.7558594;;40050388992.0;;
;US-CA;1924;p99p100;311000.28125;;;0.1511562467;0.1511562467
;US-CA;1924;p99.9p100;1037898.5625;;;0.0504452437;0.0504452437
;US-CA;1924;p99.99p100;3054665.5;;;0.0148466667;0.0148466667
;US-CA;1924;p90p100;;;;0.3902368844;0.3902368844
;US-CA;1924;p90p91;80290.28125;;;;
;US-CA;1924;p95p96;115795.046875;;;;
;US-CA;1924;p95p100;;;;0.2814007699;0.2814007699
;US-CA;1924;p99.5p100;458324.5625;;;0.1113803163;0.1113803163
;US-CA;1923;p0p100;21391.9414062;;39234101248.0;;
;US-CA;1923;p99p100;293902.96875;;;0.1373895705;0.1373895705
;US-CA;1923;p99.9p100;926720.0;;;0.0433209836;0.0433209836
;US-CA;1923;p99.99p100;2618472.25;;;0.012240462;0.012240462
;US-CA;1923;p90p100;;;;0.3683691919;0.3683691919
;US-CA;1923;p90p91;78801.3125;;;;
;US-CA;1923;p95p96;113439.359375;;;;
;US-CA;1923;p95p100;;;;0.2651450932;0.2651450932
;US-CA;1923;p99.5p100;426059.15625;;;0.0995840356;0.0995840356
;US-CA;1922;p0p100;18803.4277344;;32555945984.0;;
;US-CA;1922;p99p100;274587.09375;;;0.1460303217;0.1460303217
;US-CA;1922;p99.9p100;869135.5625;;;0.0462221839;0.0462221839
;US-CA;1922;p99.99p100;2293746.75;;;0.0121985553;0.0121985553
;US-CA;1922;p90p100;;;;0.3907581568;0.3907581568
;US-CA;1922;p90p91;73475.9375;;;;
;US-CA;1922;p95p96;106850.210938;;;;
;US-CA;1922;p95p100;;;;0.2841242552;0.2841242552
;US-CA;1922;p99.5p100;399785.15625;;;0.1063064486;0.1063064486
;US-CA;1921;p0p100;15868.9257812;;26019602432.0;;
;US-CA;1921;p99p100;217711.984375;;;0.1371939182;0.1371939182
;US-CA;1921;p99.9p100;659933.75;;;0.0415865444;0.0415865444
;US-CA;1921;p99.99p100;1507455.875;;;0.0094994204;0.0094994204
;US-CA;1921;p90p100;;;;0.3929774165;0.3929774165
;US-CA;1921;p90p91;62361.2890625;;;;
;US-CA;1921;p95p96;88890.8515625;;;;
;US-CA;1921;p95p100;;;;0.2800783813;0.2800783813
;US-CA;1921;p99.5p100;312344.75;;;0.0984139666;0.0984139666
;US-CA;1920;p0p100;16844.9609375;;26010865664.0;;
;US-CA;1920;p99p100;219724.8125;;;0.1304394901;0.1304394901
;US-CA;1920;p99.9p100;670267.5;;;0.0397903919;0.0397903919
;US-CA;1920;p99.99p100;1620563.75;;;0.0096204672;0.0096204672
;US-CA;1920;p90p100;;;;0.3733205497;0.3733205497
;US-CA;1920;p90p91;62885.6953125;;;;
;US-CA;1920;p95p96;89669.71875;;;;
;US-CA;1920;p95p100;;;;0.266161859;0.266161859
;US-CA;1920;p99.5p100;315375.34375;;;0.0936111957;0.0936111957
;US-CA;1919;p0p100;16936.7910156;;24908556288.0;;
;US-CA;1919;p99p100;260518.390625;;;0.1538180262;0.1538180262
;US-CA;1919;p99.9p100;880209.3125;;;0.0519702509;0.0519702509
;US-CA;1919;p99.99p100;2456638.25;;;0.0145047428;0.0145047428
;US-CA;1919;p90p100;;;;0.4077445269;0.4077445269
;US-CA;1919;p90p91;69058.84375;;;;
;US-CA;1919;p95p96;101186.78125;;;;
;US-CA;1919;p95p100;;;;0.2987188399;0.2987188399
;US-CA;1919;p99.5p100;382080.5625;;;0.1127960235;0.1127960235
;US-CA;1918;p0p100;15658.7578125;;22061572096.0;;
;US-CA;1918;p99p100;238366.546875;;;0.1522257179;0.1522257179
;US-CA;1918;p99.9p100;837944.75;;;0.0535128526;0.0535128526
;US-CA;1918;p99.99p100;2327482.0;;;0.0148637723;0.0148637723
;US-CA;1918;p90p100;;;;0.412822485;0.412822485
;US-CA;1918;p90p91;64642.8710938;;;;
;US-CA;1918;p95p96;92370.7109375;;;;
;US-CA;1918;p95p100;;;;0.2949490547;0.2949490547
;US-CA;1918;p99.5p100;355728.6875;;;0.1135877743;0.1135877743
;US-CA;1917;p0p100;18082.5976562;;24728047616.0;;
