Variable Name;.;.;.;Fiscal income  | tax unit | Average | Adults | constant 2015 local currency;Fiscal income  | tax unit | Threshold | Adults | constant 2015 local currency;Fiscal income  | tax unit | Total | Adults | constant 2015 local currency;Fiscal income  | tax unit | Share | Adults | share of total (ratio);Pre-tax national income  | tax unit | Share | Adults | share of total (ratio)
Variable Category;.;.;.;Income inequality;Income inequality;Income inequality;Income inequality;Income inequality
Variable Description;.;.;.;Average Fiscal income within a given percentile group. Fiscal income is defined as the sum of all income items reported on income tax returns, before any deduction. It includes labour income, capital income and mixed income. The concept of fiscal income varies with national tax legislations, so in order to make international comparisons it is preferable to use the concept of national income. The population is comprised of individuals over age 20. The base unit is the tax unit defined by national fiscal administrations to measure personal income taxes.;Fiscal income threshold value at a given percentile.  Fiscal income is defined as the sum of all income items reported on income tax returns, before any deduction. It includes labour income, capital income and mixed income. The concept of fiscal income varies with national tax legislations, so in order to make international comparisons it is preferable to use the concept of national income. The population is comprised of individuals over age 20. The base unit is the tax unit defined by national fiscal administrations to measure personal income taxes.;Total Fiscal income  within a given percentile group. Fiscal income is defined as the sum of all income items reported on income tax returns, before any deduction. It includes labour income, capital income and mixed income. The concept of fiscal income varies with national tax legislations, so in order to make international comparisons it is preferable to use the concept of national income. The population is comprised of individuals over age 20.;Fiscal income share held by a given percentile group. Fiscal income is defined as the sum of all income items reported on income tax returns, before any deduction. It includes labour income, capital income and mixed income. The concept of fiscal income varies with national tax legislations, so in order to make international comparisons it is preferable to use the concept of national income. The population is comprised of individuals over age 20. The base unit is the tax unit defined by national fiscal administrations to measure personal income taxes.;Pre-tax national income share held by a given percentile group. Pre-tax national income  is the sum of all pre-tax personal income flows accruing to the owners of the production factors, labor and capital, before taking into account the operation of the tax/transfer system, but after taking into account the operation of pension system. The central difference between personal factor income and pre-tax income is the treatment of pensions, which are counted on a contribution basis by factor income and on a distribution basis by pre-tax income. The population is comprised of individuals over age 20. The base unit is the tax unit defined by national fiscal administrations to measure personal income taxes.
Variable Decomposition;.;.;.;[Fiscal income ]=[Fiscal labour income ]+[Fiscal capital income ];[Fiscal income ]=[Fiscal labour income ]+[Fiscal capital income ];[Fiscal income ]=[Fiscal labour income ]+[Fiscal capital income ];[Fiscal income ]=[Fiscal labour income ]+[Fiscal capital income ];Pre-tax national income =Pre-tax labor income [total pre-tax income ranking]+Pre-tax capital income [total pre-tax income ranking]
Variable Unit;.;.;.;"USD; United States dollar | local currency | market";"USD; United States dollar | local currency | market";"USD; United States dollar | local currency | market";share;share
Methodological Notes;.;.;.;;;;;Assuming the same distribution as fiscal income.
Sources;.;.;.;Frank, Sommeiller, Price & Saez (2015);Frank, Sommeiller, Price & Saez (2015);Frank, Sommeiller, Price & Saez (2015);Frank, Sommeiller, Price & Saez (2015);WID.world computations using: Frank, Sommeiller, Price & Saez (2015)
Variable Code;country;year;perc;afiinc992t;tfiinc992t;mfiinc992t;sfiinc992t;sptinc992t
;US-TX;2014;p0p100;66147.546875;;8.59423637504e+11;;
;US-TX;2014;p99p100;;462263.59375;;0.2250710577;0.2250710577
;US-TX;2014;p99.9p100;;2237737.5;;0.1126918569;0.1126918569
;US-TX;2014;p99.99p100;;11332146.0;;0.055086799;0.055086799
;US-TX;2014;p90p100;;129853.5625;;0.4973584116;0.4973584116
;US-TX;2014;p90p91;333272.625;;;;
;US-TX;2014;p95p96;513869.65625;;;;
;US-TX;2014;p90p95;152675.59375;129853.5625;;0.112710163;0.112710163
;US-TX;2014;p95p99;265982.6875;181673.765625;;0.1596510857;0.1596510857
;US-TX;2014;p99.5p99.9;1152869.875;720083.125;;0.0694893301;0.0694893301
;US-TX;2014;p99.9p99.99;4153164.75;2237737.5;;0.0575360954;0.0575360954
;US-TX;2014;p99p99.5;573980.6875;462263.59375;;0.0428724959;0.0428724959
;US-TX;2014;p95p100;;181673.765625;;0.3847503066;0.3847503066
;US-TX;2014;p0p90;36466.9804688;;;0.502654016;0.502654016
;US-TX;2014;p0p99;51609.4609375;;;0.7749289274;0.7749289274
;US-TX;2014;p99.5p100;;720083.125;;0.1822005212;0.1822005212
;US-TX;2014;p99.5p99.6;2436854.5;;;;
;US-TX;2014;p99.99p99.991;38349452.0;;;;
;US-TX;2014;p99.9p99.91;7572793.5;;;;
;US-TX;2014;p99p99.1;1505417.625;;;;
;US-TX;2013;p0p100;63459.5234375;;7.99389581312e+11;;
;US-TX;2013;p99p100;;443014.46875;;0.2110755444;0.2110755444
;US-TX;2013;p99.9p100;;2045542.875;;0.1016924903;0.1016924903
;US-TX;2013;p99.99p100;;9964791.0;;0.0488886647;0.0488886647
;US-TX;2013;p90p100;;130348.375;;0.4896194935;0.4896194935
;US-TX;2013;p90p91;317348.5;;;;
;US-TX;2013;p95p96;481301.5625;;;;
;US-TX;2013;p90p95;153395.46875;130348.375;;0.1164625585;0.1164625585
;US-TX;2013;p95p99;262035.625;180194.0625;;0.162240684;0.162240684
;US-TX;2013;p99.5p99.9;1069410.0;676324.5;;0.0662903041;0.0662903041
;US-TX;2013;p99.9p99.99;3731910.5;2045542.875;;0.0527850799;0.0527850799
;US-TX;2013;p99p99.5;551386.125;443014.46875;;0.0430868678;0.0430868678
;US-TX;2013;p95p100;;180194.0625;;0.3732925355;0.3732925355
;US-TX;2013;p0p90;35249.6367188;;;0.5102458596;0.5102458596
;US-TX;2013;p0p99;50379.6679688;;;0.7889244556;0.7889244556
;US-TX;2013;p99.5p100;;676324.5;;0.1679798812;0.1679798812
;US-TX;2013;p99.5p99.6;2165344.5;;;;
;US-TX;2013;p99.99p99.991;31903630.0;;;;
;US-TX;2013;p99.9p99.91;6549082.5;;;;
;US-TX;2013;p99p99.1;1358365.375;;;;
;US-TX;2012;p0p100;64228.53125;;7.98964580352e+11;;
;US-TX;2012;p99p100;1542016.25;;;0.2400827408;0.2400827408
;US-TX;2012;p99.9p100;7955327.0;;;0.1238597035;0.1238597035
;US-TX;2012;p99.99p100;39059788.0;;;0.0608137622;0.0608137622
;US-TX;2012;p90p100;;;;0.5089366436;0.5089366436
;US-TX;2012;p90p91;326882.53125;;;;
;US-TX;2012;p95p96;510546.34375;;;;
;US-TX;2012;p95p100;;;;0.3974451423;0.3974451423
;US-TX;2012;p99.5p100;2527588.0;;;0.1967651993;0.1967651993
;US-TX;2011;p0p100;60977.9257812;;7.39666427904e+11;;
;US-TX;2011;p99p100;1271346.125;;;0.2084928453;0.2084928453
;US-TX;2011;p99.9p100;6214209.5;;;0.1019091681;0.1019091681
;US-TX;2011;p99.99p100;29946962.0;;;0.0491111539;0.0491111539
;US-TX;2011;p90p100;;;;0.4810339212;0.4810339212
;US-TX;2011;p90p91;293324.53125;;;;
;US-TX;2011;p95p96;446730.375;;;;
;US-TX;2011;p95p100;;;;0.3663049936;0.3663049936
;US-TX;2011;p99.5p100;2033821.0;;;0.1667669863;0.1667669863
;US-TX;2010;p0p100;59446.09375;;7.0359678976e+11;;
;US-TX;2010;p99p100;1212516.75;;;0.203969121;0.203969121
;US-TX;2010;p99.9p100;5926356.0;;;0.0996929407;0.0996929407
;US-TX;2010;p99.99p100;29402994.0;;;0.0494616106;0.0494616106
;US-TX;2010;p90p100;;;;0.476493448;0.476493448
;US-TX;2010;p90p91;283256.75;;;;
;US-TX;2010;p95p96;428951.78125;;;;
;US-TX;2010;p95p100;;;;0.3607905507;0.3607905507
;US-TX;2010;p99.5p100;1935221.0;;;0.162771076;0.162771076
;US-TX;2009;p0p100;57134.078125;;6.61178023936e+11;;
;US-TX;2009;p99p100;1048122.1875;;;0.1834495813;0.1834495813
;US-TX;2009;p99.9p100;4871584.0;;;0.0852658302;0.0852658302
;US-TX;2009;p99.99p100;23218060.0;;;0.0406378508;0.0406378508
;US-TX;2009;p90p100;;;;0.4606907964;0.4606907964
;US-TX;2009;p90p91;263211.4375;;;;
;US-TX;2009;p95p96;390509.0;;;;
;US-TX;2009;p95p100;;;;0.3417479098;0.3417479098
;US-TX;2009;p99.5p100;1644769.75;;;0.1439394802;0.1439394802
;US-TX;2008;p0p100;64474.015625;;7.39358670848e+11;;
;US-TX;2008;p99p100;1555280.75;;;0.2412259728;0.2412259728
;US-TX;2008;p99.9p100;8415819.0;;;0.1305303872;0.1305303872
;US-TX;2008;p99.99p100;44394748.0;;;0.0688568056;0.0688568056
;US-TX;2008;p90p100;;;;0.5070373416;0.5070373416
;US-TX;2008;p90p91;326907.34375;;;;
;US-TX;2008;p95p96;510691.03125;;;;
;US-TX;2008;p95p100;;;;0.3960440457;0.3960440457
;US-TX;2008;p99.5p100;2570517.75;;;0.199345246;0.199345246
;US-TX;2007;p0p100;66389.9765625;;7.42069764096e+11;;
;US-TX;2007;p99p100;1507463.5;;;0.2270619273;0.2270619273
;US-TX;2007;p99.9p100;7859940.0;;;0.1183904782;0.1183904782
;US-TX;2007;p99.99p100;38585240.0;;;0.0581190847;0.0581190847
;US-TX;2007;p90p100;;;;0.4820713997;0.4820713997
;US-TX;2007;p90p91;320047.03125;;;;
;US-TX;2007;p95p96;496606.5625;;;;
;US-TX;2007;p95p100;;;;0.3740072548;0.3740072548
;US-TX;2007;p99.5p100;2476322.75;;;0.1864982545;0.1864982545
;US-TX;2006;p0p100;65414.7695312;;7.04833585152e+11;;
;US-TX;2006;p99p100;1516560.75;;;0.2318376601;0.2318376601
;US-TX;2006;p99.9p100;7943577.5;;;0.1214339957;0.1214339957
;US-TX;2006;p99.99p100;38611868.0;;;0.059026219;0.059026219
;US-TX;2006;p90p100;;;;0.4865701497;0.4865701497
;US-TX;2006;p90p91;318288.78125;;;;
;US-TX;2006;p95p96;495219.5625;;;;
;US-TX;2006;p95p100;;;;0.3785227239;0.3785227239
;US-TX;2006;p99.5p100;2497182.5;;;0.1908729523;0.1908729523
;US-TX;2005;p0p100;62139.6445312;;6.585417728e+11;;
;US-TX;2005;p99p100;1359523.0;;;0.2187851369;0.2187851369
;US-TX;2005;p99.9p100;6987704.0;;;0.1124516353;0.1124516353
;US-TX;2005;p99.99p100;33455744.0;;;0.0538396202;0.0538396202
;US-TX;2005;p90p100;;;;0.4735237062;0.4735237062
;US-TX;2005;p90p91;294245.9375;;;;
;US-TX;2005;p95p96;452966.84375;;;;
;US-TX;2005;p95p100;;;;0.364474982;0.364474982
;US-TX;2005;p99.5p100;2221585.5;;;0.1787575036;0.1787575036
;US-TX;2004;p0p100;58318.7890625;;6.04666855424e+11;;
;US-TX;2004;p99p100;1089507.375;;;0.1868192852;0.1868192852
;US-TX;2004;p99.9p100;5194425.0;;;0.0890695006;0.0890695006
;US-TX;2004;p99.99p100;23709722.0;;;0.0406553783;0.0406553783
;US-TX;2004;p90p100;;;;0.4459235966;0.4459235966
;US-TX;2004;p90p91;260057.234375;;;;
;US-TX;2004;p95p96;386899.53125;;;;
;US-TX;2004;p95p100;;;;0.3317109048;0.3317109048
;US-TX;2004;p99.5p100;1733926.625;;;0.1486593485;0.1486593485
;US-TX;2003;p0p100;56041.734375;;5.71351171072e+11;;
;US-TX;2003;p99p100;938288.9375;;;0.1674268097;0.1674268097
;US-TX;2003;p99.9p100;4217362.5;;;0.075253956;0.075253956
;US-TX;2003;p99.99p100;18747076.0;;;0.0334519893;0.0334519893
;US-TX;2003;p90p100;;;;0.429141283;0.429141283
;US-TX;2003;p90p91;240498.234375;;;;
;US-TX;2003;p95p96;353255.90625;;;;
;US-TX;2003;p95p100;;;;0.3151721656;0.3151721656
;US-TX;2003;p99.5p100;1464277.625;;;0.1306416988;0.1306416988
;US-TX;2002;p0p100;58114.3164062;;5.64745273344e+11;;
;US-TX;2002;p99p100;914191.0625;;;0.1573090851;0.1573090851
;US-TX;2002;p99.9p100;3943978.5;;;0.0678658634;0.0678658634
;US-TX;2002;p99.99p100;16730703.0;;;0.0287892967;0.0287892967
;US-TX;2002;p90p100;;;;0.4153825641;0.4153825641
;US-TX;2002;p90p91;241396.765625;;;;
;US-TX;2002;p95p96;351862.5625;;;;
;US-TX;2002;p95p100;;;;0.3027331233;0.3027331233
;US-TX;2002;p99.5p100;1409698.375;;;0.1212866679;0.1212866679
;US-TX;2001;p0p100;61366.640625;;5.92333176832e+11;;
;US-TX;2001;p99p100;1053220.5;;;0.1716275066;0.1716275066
;US-TX;2001;p99.9p100;4805842.5;;;0.078313604;0.078313604
;US-TX;2001;p99.99p100;21168426.0;;;0.0344950035;0.0344950035
;US-TX;2001;p90p100;;;;0.4262533188;0.4262533188
;US-TX;2001;p90p91;261577.34375;;;;
;US-TX;2001;p95p96;388004.125;;;;
;US-TX;2001;p95p100;;;;0.3161360323;0.3161360323
;US-TX;2001;p99.5p100;1652539.125;;;0.1346447319;0.1346447319
;US-TX;2000;p0p100;65349.6601562;;6.13888229376e+11;;
;US-TX;2000;p99p100;1311296.625;;;0.2006585151;0.2006585151
;US-TX;2000;p99.9p100;6560149.0;;;0.1003853604;0.1003853604
;US-TX;2000;p99.99p100;30275530.0;;;0.0463285185;0.0463285185
;US-TX;2000;p90p100;;;;0.4495862424;0.4495862424
;US-TX;2000;p90p91;293803.0625;;;;
;US-TX;2000;p95p96;450100.65625;;;;
;US-TX;2000;p95p100;;;;0.3443787396;0.3443787396
;US-TX;2000;p99.5p100;2120968.75;;;0.1622784883;0.1622784883
;US-TX;1999;p0p100;62400.703125;;5.72324184064e+11;;
;US-TX;1999;p99p100;1179189.125;;;0.1889704913;0.1889704913
;US-TX;1999;p99.9p100;5663112.0;;;0.0907539725;0.0907539725
;US-TX;1999;p99.99p100;24830116.0;;;0.0397914015;0.0397914015
;US-TX;1999;p90p100;;;;0.4445623457;0.4445623457
;US-TX;1999;p90p91;277410.03125;;;;
;US-TX;1999;p95p96;419136.59375;;;;
;US-TX;1999;p95p100;;;;0.335842818;0.335842818
;US-TX;1999;p99.5p100;1886804.5;;;0.1511845589;0.1511845589
;US-TX;1998;p0p100;58782.9609375;;5.31305070592e+11;;
;US-TX;1998;p99p100;1128732.0;;;0.1920168549;0.1920168549
;US-TX;1998;p99.9p100;5530553.5;;;0.0940842927;0.0940842927
;US-TX;1998;p99.99p100;25253362.0;;;0.0429603383;0.0429603383
;US-TX;1998;p90p100;;;;0.4489731193;0.4489731193
;US-TX;1998;p90p91;263919.71875;;;;
;US-TX;1998;p95p96;397996.59375;;;;
;US-TX;1998;p95p100;;;;0.3385305405;0.3385305405
;US-TX;1998;p99.5p100;1813618.0;;;0.1542639136;0.1542639136
;US-TX;1997;p0p100;54548.0039062;;4.86100566016e+11;;
;US-TX;1997;p99p100;979833.625;;;0.1796277612;0.1796277612
;US-TX;1997;p99.9p100;4517685.5;;;0.0828203559;0.0828203559
;US-TX;1997;p99.99p100;19746690.0;;;0.0362005718;0.0362005718
;US-TX;1997;p90p100;;;;0.44193995;0.44193995
;US-TX;1997;p90p91;241069.4375;;;;
;US-TX;1997;p95p96;358563.53125;;;;
;US-TX;1997;p95p100;;;;0.3286678791;0.3286678791
;US-TX;1997;p99.5p100;1547593.125;;;0.1418560594;0.1418560594
;US-TX;1996;p0p100;50845.1601562;;4.3901124608e+11;;
;US-TX;1996;p99p100;832807.6875;;;0.1637929082;0.1637929082
;US-TX;1996;p99.9p100;3612538.75;;;0.071049802;0.071049802
;US-TX;1996;p99.99p100;15255236.0;;;0.0300033167;0.0300033167
;US-TX;1996;p90p100;;;;0.4303321838;0.4303321838
;US-TX;1996;p90p91;218803.09375;;;;
;US-TX;1996;p95p96;318936.71875;;;;
;US-TX;1996;p95p100;;;;0.3136352599;0.3136352599
;US-TX;1996;p99.5p100;1288231.5;;;0.1266818196;0.1266818196
;US-TX;1995;p0p100;47954.9375;;4.08171053056e+11;;
;US-TX;1995;p99p100;722202.3125;;;0.1506002098;0.1506002098
;US-TX;1995;p99.9p100;2957930.0;;;0.0616814494;0.0616814494
;US-TX;1995;p99.99p100;11802438.0;;;0.0246115178;0.0246115178
;US-TX;1995;p90p100;;;;0.4190276563;0.4190276563
;US-TX;1995;p90p91;200944.4375;;;;
;US-TX;1995;p95p96;287752.53125;;;;
;US-TX;1995;p95p100;;;;0.3000238836;0.3000238836
;US-TX;1995;p99.5p100;1098778.25;;;0.1145636216;0.1145636216
;US-TX;1994;p0p100;45899.6914062;;3.8581436416e+11;;
;US-TX;1994;p99p100;651615.625;;;0.1419651508;0.1419651508
;US-TX;1994;p99.9p100;2621445.5;;;0.0571124889;0.0571124889
;US-TX;1994;p99.99p100;10585943.0;;;0.0230632126;0.0230632126
;US-TX;1994;p90p100;;;;0.4083914161;0.4083914161
;US-TX;1994;p90p91;187450.40625;;;;
;US-TX;1994;p95p96;265315.5625;;;;
;US-TX;1994;p95p100;;;;0.2890166938;0.2890166938
;US-TX;1994;p99.5p100;984058.0;;;0.1071965843;0.1071965843
;US-TX;1993;p0p100;45443.0742188;;3.74950854656e+11;;
;US-TX;1993;p99p100;645036.125;;;0.1419437677;0.1419437677
;US-TX;1993;p99.9p100;2590097.25;;;0.0569965318;0.0569965318
;US-TX;1993;p99.99p100;10451244.0;;;0.0229985416;0.0229985416
;US-TX;1993;p90p100;;;;0.4080889523;0.4080889523
;US-TX;1993;p90p91;185448.15625;;;;
;US-TX;1993;p95p96;263609.15625;;;;
;US-TX;1993;p95p100;;;;0.2900433242;0.2900433242
;US-TX;1993;p99.5p100;975811.3125;;;0.1073663458;0.1073663458
;US-TX;1992;p0p100;45585.1953125;;3.674144768e+11;;
;US-TX;1992;p99p100;679289.125;;;0.1490152925;0.1490152925
;US-TX;1992;p99.9p100;2817973.25;;;0.0618177243;0.0618177243
;US-TX;1992;p99.99p100;11611858.0;;;0.0254728701;0.0254728701
;US-TX;1992;p90p100;;;;0.4137310088;0.4137310088
;US-TX;1992;p90p91;188600.09375;;;;
;US-TX;1992;p95p96;269195.78125;;;;
;US-TX;1992;p95p100;;;;0.2952666581;0.2952666581
;US-TX;1992;p99.5p100;1039892.875;;;0.1140603572;0.1140603572
;US-TX;1991;p0p100;44963.9375;;3.54876555264e+11;;
;US-TX;1991;p99p100;620986.8125;;;0.1381077319;0.1381077319
;US-TX;1991;p99.9p100;2413268.0;;;0.0536711887;0.0536711887
;US-TX;1991;p99.99p100;9344078.0;;;0.0207812693;0.0207812693
;US-TX;1991;p90p100;;;;0.4078341424;0.4078341424
;US-TX;1991;p90p91;183378.296875;;;;
;US-TX;1991;p95p96;255941.765625;;;;
;US-TX;1991;p95p100;;;;0.2846077979;0.2846077979
;US-TX;1991;p99.5p100;932005.8125;;;0.103639245;0.103639245
;US-TX;1990;p0p100;46151.4140625;;3.56322377728e+11;;
;US-TX;1990;p99p100;689105.6875;;;0.1493141055;0.1493141055
;US-TX;1990;p99.9p100;2884965.75;;;0.0625108853;0.0625108853
;US-TX;1990;p99.99p100;11904852.0;;;0.0257952046;0.0257952046
;US-TX;1990;p90p100;;;;0.4109163284;0.4109163284
;US-TX;1990;p90p91;189643.703125;;;;
;US-TX;1990;p95p96;270186.21875;;;;
;US-TX;1990;p95p100;;;;0.2927171588;0.2927171588
;US-TX;1990;p99.5p100;1062012.75;;;0.1150574461;0.1150574461
;US-TX;1989;p0p100;47449.3320312;;3.450494976e+11;;
;US-TX;1989;p99p100;691915.4375;;;0.1458219588;0.1458219588
;US-TX;1989;p99.9p100;2879565.0;;;0.0606871508;0.0606871508
;US-TX;1989;p99.99p100;11839772.0;;;0.0249524526;0.0249524526
;US-TX;1989;p90p100;;;;0.4015221;0.4015221
;US-TX;1989;p90p91;190519.5625;;;;
;US-TX;1989;p95p96;271773.375;;;;
;US-TX;1989;p95p100;;;;0.2863827348;0.2863827348
;US-TX;1989;p99.5p100;1059886.25;;;0.1116861179;0.1116861179
;US-TX;1988;p0p100;47614.21875;;3.43363158016e+11;;
;US-TX;1988;p99p100;731282.875;;;0.1535849869;0.1535849869
;US-TX;1988;p99.9p100;3202431.25;;;0.0672578812;0.0672578812
;US-TX;1988;p99.99p100;13454927.0;;;0.0282582138;0.0282582138
;US-TX;1988;p90p100;;;;0.4035939574;0.4035939574
;US-TX;1988;p90p91;192168.109375;;;;
;US-TX;1988;p95p96;276894.96875;;;;
;US-TX;1988;p95p100;;;;0.2907692194;0.2907692194
;US-TX;1988;p99.5p100;1140711.875;;;0.1197868884;0.1197868884
;US-TX;1987;p0p100;44579.3710938;;3.27325155328e+11;;
;US-TX;1987;p99p100;555674.6875;;;0.1246483922;0.1246483922
;US-TX;1987;p99.9p100;2119941.25;;;0.0475543104;0.0475543104
;US-TX;1987;p99.99p100;8140432.0;;;0.0182605367;0.0182605367
;US-TX;1987;p90p100;;;;0.3818227351;0.3818227351
;US-TX;1987;p90p91;170214.171875;;;;
;US-TX;1987;p95p96;235228.015625;;;;
;US-TX;1987;p95p100;;;;0.2638305724;0.2638305724
;US-TX;1987;p99.5p100;825782.5625;;;0.0926193595;0.0926193595
;US-TX;1986;p0p100;48726.4492188;;3.49427171328e+11;;
;US-TX;1986;p99p100;766644.875;;;0.1573364884;0.1573364884
;US-TX;1986;p99.9p100;3561828.0;;;0.0730984434;0.0730984434
;US-TX;1986;p99.99p100;16096154.0;;;0.0330337062;0.0330337062
;US-TX;1986;p90p100;;;;0.4017714262;0.4017714262
;US-TX;1986;p90p91;195768.96875;;;;
;US-TX;1986;p95p96;284133.6875;;;;
;US-TX;1986;p95p100;;;;0.2915599942;0.2915599942
;US-TX;1986;p99.5p100;1215736.375;;;0.1247511581;0.1247511581
;US-TX;1985;p0p100;45569.46875;;3.21037664256e+11;;
;US-TX;1985;p99p100;568688.25;;;0.1247958913;0.1247958913
;US-TX;1985;p99.9p100;2383272.75;;;0.0522997752;0.0522997752
;US-TX;1985;p99.99p100;10002883.0;;;0.0219508428;0.0219508428
;US-TX;1985;p90p100;;;;0.3759524524;0.3759524524
;US-TX;1985;p90p91;171319.546875;;;;
;US-TX;1985;p95p96;235006.21875;;;;
;US-TX;1985;p95p100;;;;0.2578549087;0.2578549087
;US-TX;1985;p99.5p100;863836.25;;;0.094782345;0.094782345
;US-TX;1984;p0p100;44242.4804688;;3.06343313408e+11;;
;US-TX;1984;p99p100;523435.5625;;;0.1183106229;0.1183106229
;US-TX;1984;p99.9p100;2228445.0;;;0.0503688939;0.0503688939
;US-TX;1984;p99.99p100;9620225.0;;;0.0217443146;0.0217443146
;US-TX;1984;p90p100;;;;0.3717437387;0.3717437387
;US-TX;1984;p90p91;164468.671875;;;;
;US-TX;1984;p95p96;224354.84375;;;;
;US-TX;1984;p95p100;;;;0.2535513937;0.2535513937
;US-TX;1984;p99.5p100;810176.375;;;0.0915609077;0.0915609077
;US-TX;1983;p0p100;42525.6679688;;2.89484832768e+11;;
;US-TX;1983;p99p100;485886.40625;;;0.1142572016;0.1142572016
;US-TX;1983;p99.9p100;2049948.375;;;0.0482049584;0.0482049584
;US-TX;1983;p99.99p100;8365017.5;;;0.0196705125;0.0196705125
;US-TX;1983;p90p100;;;;0.3697758615;0.3697758615
;US-TX;1983;p90p91;157249.65625;;;;
;US-TX;1983;p95p96;215353.421875;;;;
;US-TX;1983;p95p100;;;;0.2532040179;0.2532040179
;US-TX;1983;p99.5p100;766424.0;;;0.0901130959;0.0901130959
;US-TX;1982;p0p100;46837.6757812;;2.9938515968e+11;;
;US-TX;1982;p99p100;529822.75;;;0.1131189317;0.1131189317
;US-TX;1982;p99.9p100;2049332.375;;;0.0437539332;0.0437539332
;US-TX;1982;p99.99p100;8508894.0;;;0.018166773;0.018166773
;US-TX;1982;p90p100;;;;0.3581635356;0.3581635356
;US-TX;1982;p90p91;167755.46875;;;;
;US-TX;1982;p95p96;227627.90625;;;;
;US-TX;1982;p95p100;;;;0.2429966033;0.2429966033
;US-TX;1982;p99.5p100;781796.4375;;;0.0834580809;0.0834580809
;US-TX;1981;p0p100;49282.140625;;2.91582836736e+11;;
;US-TX;1981;p99p100;596105.8125;;;0.1209577769;0.1209577769
;US-TX;1981;p99.9p100;2479876.75;;;0.0503199846;0.0503199846
;US-TX;1981;p99.99p100;11105223.0;;;0.0225339718;0.0225339718
;US-TX;1981;p90p100;;;;0.3595457971;0.3595457971
;US-TX;1981;p90p91;177191.875;;;;
;US-TX;1981;p95p96;245207.515625;;;;
;US-TX;1981;p95p100;;;;0.2487792969;0.2487792969
;US-TX;1981;p99.5p100;909205.6875;;;0.0922449529;0.0922449529
;US-TX;1980;p0p100;47647.9335938;;2.73520082944e+11;;
;US-TX;1980;p99p100;569760.9375;;;0.1195772588;0.1195772588
;US-TX;1980;p99.9p100;2255508.5;;;0.0473369621;0.0473369621
;US-TX;1980;p99.99p100;9407797.0;;;0.0197443962;0.0197443962
;US-TX;1980;p90p100;;;;0.3592185974;0.3592185974
;US-TX;1980;p90p91;171160.265625;;;;
;US-TX;1980;p95p96;237946.078125;;;;
;US-TX;1980;p95p100;;;;0.2496919036;0.2496919036
;US-TX;1980;p99.5p100;845893.1875;;;0.0887649283;0.0887649283
;US-TX;1979;p0p100;46999.4335938;;2.60372267008e+11;;
;US-TX;1979;p99p100;560987.6875;;;0.1193605289;0.1193605289
;US-TX;1979;p99.9p100;2276390.0;;;0.048434414;0.048434414
;US-TX;1979;p99.99p100;10885454.0;;;0.023160819;0.023160819
;US-TX;1979;p90p100;;;;0.3578872383;0.3578872383
;US-TX;1979;p90p91;168204.953125;;;;
;US-TX;1979;p95p96;234673.4375;;;;
;US-TX;1979;p95p100;;;;0.2496556044;0.2496556044
;US-TX;1979;p99.5p100;839746.375;;;0.0893358067;0.0893358067
;US-TX;1978;p0p100;44183.671875;;2.40436297728e+11;;
;US-TX;1978;p99p100;456899.53125;;;0.1034091413;0.1034091413
;US-TX;1978;p99.9p100;1510880.0;;;0.0341954418;0.0341954418
;US-TX;1978;p99.99p100;5381631.0;;;0.0121801365;0.0121801365
;US-TX;1978;p90p100;;;;0.3468337059;0.3468337059
;US-TX;1978;p90p91;153243.859375;;;;
;US-TX;1978;p95p96;207227.875;;;;
;US-TX;1978;p95p100;;;;0.2345073074;0.2345073074
;US-TX;1978;p99.5p100;650344.375;;;0.0735955611;0.0735955611
;US-TX;1977;p0p100;42278.6289062;;2.23426854912e+11;;
;US-TX;1977;p99p100;455790.84375;;;0.1078064516;0.1078064516
;US-TX;1977;p99.9p100;1612547.0;;;0.0381409526;0.0381409526
;US-TX;1977;p99.99p100;6255691.0;;;0.0147963446;0.0147963446
;US-TX;1977;p90p100;;;;0.3560976684;0.3560976684
;US-TX;1977;p90p91;150553.203125;;;;
;US-TX;1977;p95p96;204717.3125;;;;
;US-TX;1977;p95p100;;;;0.2421049774;0.2421049774
;US-TX;1977;p99.5p100;659593.625;;;0.0780055672;0.0780055672
;US-TX;1976;p0p100;41604.5429688;;2.13647884288e+11;;
;US-TX;1976;p99p100;448001.3125;;;0.1076808572;0.1076808572
;US-TX;1976;p99.9p100;1630511.5;;;0.0391907059;0.0391907059
;US-TX;1976;p99.99p100;6899327.0;;;0.0165831093;0.0165831093
;US-TX;1976;p90p100;;;;0.3516521454;0.3516521454
;US-TX;1976;p90p91;146303.265625;;;;
;US-TX;1976;p95p96;199002.546875;;;;
;US-TX;1976;p95p100;;;;0.2391596287;0.2391596287
;US-TX;1976;p99.5p100;652618.6875;;;0.0784311742;0.0784311742
;US-TX;1975;p0p100;39429.4023438;;1.96878188544e+11;;
;US-TX;1975;p99p100;413506.59375;;;0.1048726514;0.1048726514
;US-TX;1975;p99.9p100;1376272.25;;;0.0349047221;0.0349047221
;US-TX;1975;p99.99p100;5020601.0;;;0.012733141;0.012733141
;US-TX;1975;p90p100;;;;0.3519460857;0.3519460857
;US-TX;1975;p90p91;138770.234375;;;;
;US-TX;1975;p95p96;188032.078125;;;;
;US-TX;1975;p95p100;;;;0.2384414822;0.2384414822
;US-TX;1975;p99.5p100;588688.3125;;;0.0746509284;0.0746509284
;US-TX;1974;p0p100;39901.796875;;1.93671921664e+11;;
;US-TX;1974;p99p100;414412.09375;;;0.1038580015;0.1038580015
;US-TX;1974;p99.9p100;1326247.5;;;0.0332377888;0.0332377888
;US-TX;1974;p99.99p100;4559293.5;;;0.0114262868;0.0114262868
;US-TX;1974;p90p100;;;;0.3541921973;0.3541921973
;US-TX;1974;p90p91;141329.046875;;;;
;US-TX;1974;p95p96;191579.515625;;;;
;US-TX;1974;p95p100;;;;0.2400637716;0.2400637716
;US-TX;1974;p99.5p100;584816.5625;;;0.0732819811;0.0732819811
;US-TX;1973;p0p100;39796.7226562;;1.8791636992e+11;;
;US-TX;1973;p99p100;444321.34375;;;0.1116477326;0.1116477326
;US-TX;1973;p99.9p100;1509273.75;;;0.0379245766;0.0379245766
;US-TX;1973;p99.99p100;5781861.0;;;0.0145284859;0.0145284859
;US-TX;1973;p90p100;;;;0.3605787456;0.3605787456
;US-TX;1973;p90p91;143498.5;;;;
;US-TX;1973;p95p96;196940.6875;;;;
;US-TX;1973;p95p100;;;;0.2474333197;0.2474333197
;US-TX;1973;p99.5p100;633613.9375;;;0.0796063021;0.0796063021
;US-TX;1972;p0p100;38522.5976562;;1.76900964352e+11;;
;US-TX;1972;p99p100;448586.34375;;;0.1164475977;0.1164475977
;US-TX;1972;p99.9p100;1619886.75;;;0.042050302;0.042050302
;US-TX;1972;p99.99p100;7330749.5;;;0.0190297402;0.0190297402
;US-TX;1972;p90p100;;;;0.3627923727;0.3627923727
;US-TX;1972;p90p91;139757.03125;;;;
;US-TX;1972;p95p96;193268.4375;;;;
;US-TX;1972;p95p100;;;;0.2508507669;0.2508507669
;US-TX;1972;p99.5p100;653794.125;;;0.0848585218;0.0848585218
;US-TX;1971;p0p100;37017.6679688;;1.65137465344e+11;;
;US-TX;1971;p99p100;409767.03125;;;0.1106949896;0.1106949896
;US-TX;1971;p99.9p100;1504890.75;;;0.0406533107;0.0406533107
;US-TX;1971;p99.99p100;6960912.5;;;0.0188042987;0.0188042987
;US-TX;1971;p90p100;;;;0.3558059037;0.3558059037
;US-TX;1971;p90p91;131711.046875;;;;
;US-TX;1971;p95p96;180174.890625;;;;
;US-TX;1971;p95p100;;;;0.2433633804;0.2433633804
;US-TX;1971;p99.5p100;594002.625;;;0.0802323222;0.0802323222
;US-TX;1970;p0p100;36964.5703125;;1.59894208512e+11;;
;US-TX;1970;p99p100;371352.9375;;;0.1004618704;0.1004618704
;US-TX;1970;p99.9p100;1262492.5;;;0.0341541283;0.0341541283
;US-TX;1970;p99.99p100;5167853.5;;;0.01398056;0.01398056
;US-TX;1970;p90p100;;;;0.3441085815;0.3441085815
;US-TX;1970;p90p91;127198.25;;;;
;US-TX;1970;p95p96;170891.9375;;;;
;US-TX;1970;p95p100;;;;0.2311564237;0.2311564237
;US-TX;1970;p99.5p100;528795.125;;;0.0715272948;0.0715272948
;US-TX;1969;p0p100;36676.8125;;1.5594037248e+11;;
;US-TX;1969;p99p100;412051.625;;;0.1123466268;0.1123466268
;US-TX;1969;p99.9p100;1538838.75;;;0.041956719;0.041956719
;US-TX;1969;p99.99p100;6638290.5;;;0.0180994216;0.0180994216
;US-TX;1969;p90p100;;;;0.3559562862;0.3559562862
;US-TX;1969;p90p91;130553.421875;;;;
;US-TX;1969;p95p96;178244.203125;;;;
;US-TX;1969;p95p100;;;;0.2429930568;0.2429930568
;US-TX;1969;p99.5p100;600928.625;;;0.0819221437;0.0819221437
;US-TX;1968;p0p100;36203.6523438;;1.51578820608e+11;;
;US-TX;1968;p99p100;442399.09375;;;0.1221973598;0.1221973598
;US-TX;1968;p99.9p100;1676179.875;;;0.0462986343;0.0462986343
;US-TX;1968;p99.99p100;7274487.0;;;0.020093238;0.020093238
;US-TX;1968;p90p100;;;;0.3690021336;0.3690021336
;US-TX;1968;p90p91;133592.265625;;;;
;US-TX;1968;p95p96;186340.140625;;;;
;US-TX;1968;p95p100;;;;0.2573499084;0.2573499084
;US-TX;1968;p99.5p100;651443.6875;;;0.0899693221;0.0899693221
;US-TX;1967;p0p100;34233.09375;;1.4110490624e+11;;
;US-TX;1967;p99p100;393339.125;;;0.1149002537;0.1149002537
;US-TX;1967;p99.9p100;1438037.125;;;0.042007219;0.042007219
;US-TX;1967;p99.99p100;6114507.0;;;0.0178613923;0.0178613923
;US-TX;1967;p90p100;;;;0.3631308377;0.3631308377
;US-TX;1967;p90p91;124310.921875;;;;
;US-TX;1967;p95p96;172664.78125;;;;
;US-TX;1967;p95p100;;;;0.2521898448;0.2521898448
;US-TX;1967;p99.5p100;573836.5;;;0.0838131234;0.0838131234
;US-TX;1966;p0p100;32400.453125;;1.31355394048e+11;;
;US-TX;1966;p99p100;353324.65625;;;0.1090492904;0.1090492904
;US-TX;1966;p99.9p100;1221097.75;;;0.0376876742;0.0376876742
;US-TX;1966;p99.99p100;4904083.0;;;0.015135847;0.015135847
;US-TX;1966;p90p100;;;;0.3669037223;0.3669037223
;US-TX;1966;p90p91;118878.460938;;;;
;US-TX;1966;p95p96;160713.46875;;;;
;US-TX;1966;p95p100;;;;0.248011142;0.248011142
;US-TX;1966;p99.5p100;507201.09375;;;0.0782706738;0.0782706738
;US-TX;1965;p0p100;31059.9492188;;1.2376379392e+11;;
;US-TX;1965;p99p100;351352.4375;;;0.1131207347;0.1131207347
;US-TX;1965;p99.9p100;1230380.125;;;0.0396130756;0.0396130756
;US-TX;1965;p99.99p100;5032611.5;;;0.016202895;0.016202895
;US-TX;1965;p90p100;;;;0.3651758134;0.3651758134
;US-TX;1965;p90p91;113423.429688;;;;
;US-TX;1965;p95p96;154370.34375;;;;
;US-TX;1965;p95p100;;;;0.2485038489;0.2485038489
;US-TX;1965;p99.5p100;502380.375;;;0.0808726922;0.0808726922
;US-TX;1964;p0p100;29925.4667969;;1.17084594176e+11;;
;US-TX;1964;p99p100;335813.75;;;0.1122166961;0.1122166961
;US-TX;1964;p99.9p100;1127948.5;;;0.037691921;0.037691921
;US-TX;1964;p99.99p100;4526255.0;;;0.0151250931;0.0151250931
;US-TX;1964;p90p100;;;;0.3656521142;0.3656521142
;US-TX;1964;p90p91;109423.109375;;;;
;US-TX;1964;p95p96;149188.46875;;;;
;US-TX;1964;p95p100;;;;0.2492667288;0.2492667288
;US-TX;1964;p99.5p100;474695.21875;;;0.0793129131;0.0793129131
;US-TX;1963;p0p100;28576.75;;1.09627179008e+11;;
;US-TX;1963;p99p100;304657.90625;;;0.1066104174;0.1066104174
;US-TX;1963;p99.9p100;1020593.375;;;0.0357141159;0.0357141159
;US-TX;1963;p99.99p100;3978755.0;;;0.0139230508;0.0139230508
;US-TX;1963;p90p100;;;;0.3570798039;0.3570798039
;US-TX;1963;p90p91;102041.796875;;;;
;US-TX;1963;p95p96;138249.375;;;;
;US-TX;1963;p95p100;;;;0.2418913692;0.2418913692
;US-TX;1963;p99.5p100;433797.53125;;;0.075900428;0.075900428
;US-TX;1962;p0p100;28011.5;;1.05306218496e+11;;
;US-TX;1962;p99p100;297229.6875;;;0.1061098725;0.1061098725
;US-TX;1962;p99.9p100;1011411.5625;;;0.0361070074;0.0361070074
;US-TX;1962;p99.99p100;3931244.5;;;0.0140343942;0.0140343942
;US-TX;1962;p90p100;;;;0.354873091;0.354873091
;US-TX;1962;p90p91;99405.28125;;;;
;US-TX;1962;p95p96;135165.390625;;;;
;US-TX;1962;p95p100;;;;0.2412676513;0.2412676513
;US-TX;1962;p99.5p100;429102.0625;;;0.0765939057;0.0765939057
;US-TX;1961;p0p100;28031.0429688;;1.03163314176e+11;;
;US-TX;1961;p99p100;305994.53125;;;0.1091627404;0.1091627404
;US-TX;1961;p99.9p100;1013498.25;;;0.0361562818;0.0361562818
;US-TX;1961;p99.99p100;3673728.25;;;0.013105927;0.013105927
;US-TX;1961;p90p100;;;;0.3557398915;0.3557398915
;US-TX;1961;p90p91;99717.6015625;;;;
;US-TX;1961;p95p96;136740.703125;;;;
;US-TX;1961;p95p100;;;;0.2439094186;0.2439094186
;US-TX;1961;p99.5p100;441092.28125;;;0.0786792561;0.0786792561
;US-TX;1960;p0p100;27078.8574219;;97441923072.0;;
;US-TX;1960;p99p100;288841.46875;;;0.1066667885;0.1066667885
;US-TX;1960;p99.9p100;927532.0;;;0.0342529975;0.0342529975
;US-TX;1960;p99.99p100;3189113.0;;;0.0117771337;0.0117771337
;US-TX;1960;p90p100;;;;0.3487614393;0.3487614393
;US-TX;1960;p90p91;94440.6171875;;;;
;US-TX;1960;p95p96;129013.179688;;;;
;US-TX;1960;p95p100;;;;0.2382175475;0.2382175475
;US-TX;1960;p99.5p100;415716.28125;;;0.076760307;0.076760307
;US-TX;1959;p0p100;27375.7480469;;97524924416.0;;
;US-TX;1959;p99p100;296134.75;;;0.1081741303;0.1081741303
;US-TX;1959;p99.9p100;944960.9375;;;0.0345181823;0.0345181823
;US-TX;1959;p99.99p100;3216231.0;;;0.0117484685;0.0117484685
;US-TX;1959;p90p100;;;;0.3495182097;0.3495182097
;US-TX;1959;p90p91;95683.2265625;;;;
;US-TX;1959;p95p96;131981.4375;;;;
;US-TX;1959;p95p100;;;;0.241055429;0.241055429
;US-TX;1959;p99.5p100;427061.4375;;;0.0779999644;0.0779999644
;US-TX;1958;p0p100;26063.03125;;91818713088.0;;
;US-TX;1958;p99p100;274749.5;;;0.1054173186;0.1054173186
;US-TX;1958;p99.9p100;906114.75;;;0.0347662866;0.0347662866
;US-TX;1958;p99.99p100;3252979.25;;;0.0124812014;0.0124812014
;US-TX;1958;p90p100;;;;0.3478284776;0.3478284776
;US-TX;1958;p90p91;90654.6484375;;;;
;US-TX;1958;p95p96;124459.03125;;;;
;US-TX;1958;p95p100;;;;0.2387654632;0.2387654632
;US-TX;1958;p99.5p100;391012.8125;;;0.0750129148;0.0750129148
;US-TX;1957;p0p100;26445.8105469;;92113158144.0;;
;US-TX;1957;p99p100;285813.15625;;;0.1080750152;0.1080750152
;US-TX;1957;p99.9p100;923567.3125;;;0.0349230096;0.0349230096
;US-TX;1957;p99.99p100;3359970.25;;;0.0127051137;0.0127051137
;US-TX;1957;p90p100;;;;0.3462013602;0.3462013602
;US-TX;1957;p90p91;91555.7578125;;;;
;US-TX;1957;p95p96;125700.523438;;;;
;US-TX;1957;p95p100;;;;0.237656787;0.237656787
;US-TX;1957;p99.5p100;407197.875;;;0.0769872144;0.0769872144
;US-TX;1956;p0p100;26273.8339844;;90334437376.0;;
;US-TX;1956;p99p100;290583.5;;;0.110598065;0.110598065
;US-TX;1956;p99.9p100;991539.9375;;;0.0377386846;0.0377386846
;US-TX;1956;p99.99p100;3541151.5;;;0.0134778647;0.0134778647
;US-TX;1956;p90p100;;;;0.3442096114;0.3442096114
;US-TX;1956;p90p91;90437.0546875;;;;
;US-TX;1956;p95p96;125748.078125;;;;
;US-TX;1956;p95p100;;;;0.2393028885;0.2393028885
;US-TX;1956;p99.5p100;421184.25;;;0.0801527947;0.0801527947
;US-TX;1955;p0p100;25723.6953125;;87311777792.0;;
;US-TX;1955;p99p100;311935.8125;;;0.1212640107;0.1212640107
;US-TX;1955;p99.9p100;1142232.75;;;0.0444039218;0.0444039218
;US-TX;1955;p99.99p100;4748864.5;;;0.0184610523;0.0184610523
;US-TX;1955;p90p100;;;;0.3509223163;0.3509223163
;US-TX;1955;p90p91;90270.1796875;;;;
;US-TX;1955;p95p96;127882.773438;;;;
;US-TX;1955;p95p100;;;;0.248570025;0.248570025
;US-TX;1955;p99.5p100;459994.25;;;0.0894106179;0.0894106179
;US-TX;1954;p0p100;24293.0898438;;81390641152.0;;
;US-TX;1954;p99p100;296100.0625;;;0.1218865365;0.1218865365
;US-TX;1954;p99.9p100;1014564.5625;;;0.0417635031;0.0417635031
;US-TX;1954;p99.99p100;3802949.0;;;0.0156544466;0.0156544466
;US-TX;1954;p90p100;;;;0.3623809814;0.3623809814
;US-TX;1954;p90p91;88033.546875;;;;
;US-TX;1954;p95p96;124158.140625;;;;
;US-TX;1954;p95p100;;;;0.2555420697;0.2555420697
;US-TX;1954;p99.5p100;428473.84375;;;0.0881884098;0.0881884098
;US-TX;1953;p0p100;23991.6796875;;79331532800.0;;
;US-TX;1953;p99p100;265742.5625;;;0.1107644662;0.1107644662
;US-TX;1953;p99.9p100;890966.6875;;;0.0371364877;0.0371364877
;US-TX;1953;p99.99p100;3177659.5;;;0.0132448394;0.0132448394
;US-TX;1953;p90p100;;;;0.3471604288;0.3471604288
;US-TX;1953;p90p91;83289.6171875;;;;
;US-TX;1953;p95p96;114840.125;;;;
;US-TX;1953;p95p100;;;;0.2393332124;0.2393332124
;US-TX;1953;p99.5p100;383212.0;;;0.0798635185;0.0798635185
;US-TX;1952;p0p100;24125.7226562;;78797144064.0;;
;US-TX;1952;p99p100;293877.78125;;;0.1218109652;0.1218109652
;US-TX;1952;p99.9p100;1000781.5;;;0.041481927;0.041481927
;US-TX;1952;p99.99p100;3559160.5;;;0.0147525538;0.0147525538
;US-TX;1952;p90p100;;;;0.3645196855;0.3645196855
;US-TX;1952;p90p91;87943.015625;;;;
;US-TX;1952;p95p96;119807.757812;;;;
;US-TX;1952;p95p100;;;;0.2482987791;0.2482987791
;US-TX;1952;p99.5p100;432008.53125;;;0.0895327553;0.0895327553
;US-TX;1951;p0p100;23290.3222656;;75078868992.0;;
;US-TX;1951;p99p100;311052.09375;;;0.1335542202;0.1335542202
;US-TX;1951;p99.9p100;1060093.25;;;0.0455164686;0.0455164686
;US-TX;1951;p99.99p100;3513096.5;;;0.0150839323;0.0150839323
;US-TX;1951;p90p100;;;;0.3689769804;0.3689769804
;US-TX;1951;p90p91;85935.921875;;;;
;US-TX;1951;p95p96;123275.476562;;;;
;US-TX;1951;p95p100;;;;0.26464957;0.26464957
;US-TX;1951;p99.5p100;455754.84375;;;0.0978421122;0.0978421122
;US-TX;1950;p0p100;22134.7070312;;70421504000.0;;
;US-TX;1950;p99p100;339530.28125;;;0.1533926874;0.1533926874
;US-TX;1950;p99.9p100;1222124.0;;;0.0552130081;0.0552130081
;US-TX;1950;p99.99p100;3685392.25;;;0.0166498311;0.0166498311
;US-TX;1950;p90p100;;;;0.3999552429;0.3999552429
;US-TX;1950;p90p91;88528.9296875;;;;
;US-TX;1950;p95p96;130860.40625;;;;
;US-TX;1950;p95p100;;;;0.295599997;0.295599997
;US-TX;1950;p99.5p100;502966.875;;;0.1136149615;0.1136149615
;US-TX;1949;p0p100;21135.7246094;;65898938368.0;;
;US-TX;1949;p99p100;273865.9375;;;0.1295748949;0.1295748949
;US-TX;1949;p99.9p100;922366.25;;;0.0436401516;0.0436401516
;US-TX;1949;p99.99p100;3117505.0;;;0.0147499312;0.0147499312
;US-TX;1949;p90p100;;;;0.357393682;0.357393682
;US-TX;1949;p90p91;75537.75;;;;
;US-TX;1949;p95p96;108935.960938;;;;
;US-TX;1949;p95p100;;;;0.2577057481;0.2577057481
;US-TX;1949;p99.5p100;401974.40625;;;0.0950935856;0.0950935856
;US-TX;1948;p0p100;19935.28125;;61093224448.0;;
;US-TX;1948;p99p100;302595.96875;;;0.1517891586;0.1517891586
;US-TX;1948;p99.9p100;1094182.625;;;0.0548867397;0.0548867397
;US-TX;1948;p99.99p100;3819516.75;;;0.0191595834;0.0191595834
;US-TX;1948;p90p100;;;;0.3889472187;0.3889472187
;US-TX;1948;p90p91;77537.7265625;;;;
;US-TX;1948;p95p96;114959.390625;;;;
;US-TX;1948;p95p100;;;;0.2883314788;0.2883314788
;US-TX;1948;p99.5p100;452578.59375;;;0.1135119647;0.1135119647
;US-TX;1947;p0p100;19465.9414062;;58625216512.0;;
;US-TX;1947;p99p100;242926.46875;;;0.1247956306;0.1247956306
;US-TX;1947;p99.9p100;839718.25;;;0.0431378148;0.0431378148
;US-TX;1947;p99.99p100;3044233.5;;;0.0156387668;0.0156387668
;US-TX;1947;p90p100;;;;0.3416598141;0.3416598141
;US-TX;1947;p90p91;66507.3046875;;;;
;US-TX;1947;p95p96;95759.4609375;;;;
;US-TX;1947;p95p100;;;;0.2459666729;0.2459666729
;US-TX;1947;p99.5p100;355080.96875;;;0.0912056938;0.0912056938
;US-TX;1946;p0p100;19206.3984375;;56722677760.0;;
;US-TX;1946;p99p100;266669.4375;;;0.1388440579;0.1388440579
;US-TX;1946;p99.9p100;968641.9375;;;0.050433293;0.050433293
;US-TX;1946;p99.99p100;3965603.75;;;0.0206473041;0.0206473041
;US-TX;1946;p90p100;;;;0.3671254814;0.3671254814
;US-TX;1946;p90p91;70511.5859375;;;;
;US-TX;1946;p95p96;102846.804688;;;;
;US-TX;1946;p95p100;;;;0.2677409649;0.2677409649
;US-TX;1946;p99.5p100;391630.6875;;;0.1019531786;0.1019531786
;US-TX;1945;p0p100;20408.6132812;;59614900224.0;;
;US-TX;1945;p99p100;238287.125;;;0.1167581305;0.1167581305
;US-TX;1945;p99.9p100;810137.0625;;;0.0396958441;0.0396958441
;US-TX;1945;p99.99p100;2584119.0;;;0.012661905;0.012661905
;US-TX;1945;p90p100;;;;0.3220872283;0.3220872283
;US-TX;1945;p90p91;65733.53125;;;;
;US-TX;1945;p95p96;92942.390625;;;;
;US-TX;1945;p95p100;;;;0.2277038395;0.2277038395
;US-TX;1945;p99.5p100;350095.0;;;0.0857713968;0.0857713968
;US-TX;1944;p0p100;21084.6074219;;60866867200.0;;
;US-TX;1944;p99p100;237966.734375;;;0.1128627732;0.1128627732
;US-TX;1944;p99.9p100;798207.25;;;0.0378573425;0.0378573425
;US-TX;1944;p99.99p100;2428054.75;;;0.0115157701;0.0115157701
;US-TX;1944;p90p100;;;;0.3327165544;0.3327165544
;US-TX;1944;p90p91;70151.9765625;;;;
;US-TX;1944;p95p96;97283.75;;;;
;US-TX;1944;p95p100;;;;0.2306984961;0.2306984961
;US-TX;1944;p99.5p100;349507.125;;;0.0828820542;0.0828820542
;US-TX;1943;p0p100;21202.59375;;60413689856.0;;
;US-TX;1943;p99p100;262169.84375;;;0.1236498952;0.1236498952
;US-TX;1943;p99.9p100;990342.5625;;;0.0467085615;0.0467085615
;US-TX;1943;p99.99p100;3448334.0;;;0.0162637383;0.0162637383
;US-TX;1943;p90p100;;;;0.3147724867;0.3147724867
;US-TX;1943;p90p91;66739.9375;;;;
;US-TX;1943;p95p96;96728.9609375;;;;
;US-TX;1943;p95p100;;;;0.228106454;0.228106454
;US-TX;1943;p99.5p100;397397.21875;;;0.0937142968;0.0937142968
;US-TX;1942;p0p100;16352.0683594;;45897396224.0;;
;US-TX;1942;p99p100;234354.953125;;;0.1433182359;0.1433182359
;US-TX;1942;p99.9p100;940404.1875;;;0.0575098023;0.0575098023
;US-TX;1942;p99.99p100;3764612.5;;;0.0230222419;0.0230222419
;US-TX;1942;p90p100;;;;0.3642725646;0.3642725646
;US-TX;1942;p90p91;59566.0976562;;;;
;US-TX;1942;p95p96;86114.265625;;;;
;US-TX;1942;p95p100;;;;0.2633130848;0.2633130848
;US-TX;1942;p99.5p100;361248.71875;;;0.1104596481;0.1104596481
;US-TX;1941;p0p100;12747.8203125;;35345305600.0;;
;US-TX;1941;p99p100;218437.0;;;0.1713524163;0.1713524163
;US-TX;1941;p99.9p100;866008.5;;;0.06793385;0.06793385
;US-TX;1941;p99.99p100;3391020.0;;;0.02660078;0.02660078
;US-TX;1941;p90p100;;;;0.462975949;0.462975949
;US-TX;1941;p90p91;59019.3515625;;;;
;US-TX;1941;p95p96;84120.2421875;;;;
;US-TX;1941;p95p100;;;;0.3299396932;0.3299396932
;US-TX;1941;p99.5p100;334679.59375;;;0.1312693208;0.1312693208
;US-TX;1940;p0p100;11049.9541016;;30296082432.0;;
;US-TX;1940;p99p100;181724.375;;;0.1644571126;0.1644571126
;US-TX;1940;p99.9p100;627513.3125;;;0.0567887723;0.0567887723
;US-TX;1940;p99.99p100;1740011.25;;;0.0157467723;0.0157467723
;US-TX;1940;p90p100;;;;0.5079209208;0.5079209208
;US-TX;1940;p90p91;56125.0273438;;;;
;US-TX;1940;p95p96;77956.7890625;;;;
;US-TX;1940;p95p100;;;;0.3527471125;0.3527471125
;US-TX;1940;p99.5p100;266143.15625;;;0.1204272658;0.1204272658
;US-TX;1939;p0p100;10779.3408203;;28951623680.0;;
;US-TX;1939;p99p100;171803.546875;;;0.159382239;0.159382239
;US-TX;1939;p99.9p100;578221.6875;;;0.0536416546;0.0536416546
;US-TX;1939;p99.99p100;1570186.375;;;0.0145666273;0.0145666273
;US-TX;1939;p90p100;;;;0.4611000121;0.4611000121
;US-TX;1939;p90p91;49703.5429688;;;;
;US-TX;1939;p95p96;75439.03125;;;;
;US-TX;1939;p95p100;;;;0.3499241471;0.3499241471
;US-TX;1939;p99.5p100;246984.453125;;;0.1145638004;0.1145638004
;US-TX;1938;p0p100;10450.3662109;;27534358528.0;;
;US-TX;1938;p99p100;179044.890625;;;0.1713288277;0.1713288277
;US-TX;1938;p99.9p100;675084.0;;;0.0645990819;0.0645990819
;US-TX;1938;p99.99p100;2463725.75;;;0.0235754978;0.0235754978
;US-TX;1938;p90p100;;;;0.4786811769;0.4786811769
;US-TX;1938;p90p91;50023.9335938;;;;
;US-TX;1938;p95p96;74692.0234375;;;;
;US-TX;1938;p95p100;;;;0.3573655784;0.3573655784
;US-TX;1938;p99.5p100;264368.8125;;;0.1264878213;0.1264878213
;US-TX;1937;p0p100;10701.2353516;;27670259712.0;;
;US-TX;1937;p99p100;192356.640625;;;0.1797518134;0.1797518134
;US-TX;1937;p99.9p100;688779.0625;;;0.0643644407;0.0643644407
;US-TX;1937;p99.99p100;2006569.375;;;0.0187508203;0.0187508203
;US-TX;1937;p90p100;;;;0.4801886082;0.4801886082
;US-TX;1937;p90p91;51386.109375;;;;
;US-TX;1937;p95p96;78948.125;;;;
;US-TX;1937;p95p100;;;;0.3688738942;0.3688738942
;US-TX;1937;p99.5p100;285283.09375;;;0.1332944632;0.1332944632
;US-TX;1936;p0p100;9947.48925781;;25286866944.0;;
;US-TX;1936;p99p100;185738.578125;;;0.1867190599;0.1867190599
;US-TX;1936;p99.9p100;665233.875;;;0.0668745562;0.0668745562
;US-TX;1936;p99.99p100;1962223.125;;;0.0197258145;0.0197258145
;US-TX;1936;p90p100;;;;0.46826756;0.46826756
;US-TX;1936;p90p91;46580.859375;;;;
;US-TX;1936;p95p96;71982.1875;;;;
;US-TX;1936;p95p100;;;;0.361810863;0.361810863
;US-TX;1936;p99.5p100;274697.84375;;;0.138073951;0.138073951
;US-TX;1935;p0p100;8906.88769531;;22253774848.0;;
;US-TX;1935;p99p100;150296.84375;;;0.1687422693;0.1687422693
;US-TX;1935;p99.9p100;557220.3125;;;0.0625606105;0.0625606105
;US-TX;1935;p99.99p100;2143793.5;;;0.0240689404;0.0240689404
;US-TX;1935;p90p100;;;;0.4536861777;0.4536861777
;US-TX;1935;p90p91;40409.3203125;;;;
;US-TX;1935;p95p96;60315.8671875;;;;
;US-TX;1935;p95p100;;;;0.3385911584;0.3385911584
;US-TX;1935;p99.5p100;219125.0625;;;0.1230087727;0.1230087727
;US-TX;1934;p0p100;8113.23486328;;19911966720.0;;
;US-TX;1934;p99p100;131488.078125;;;0.1620661467;0.1620661467
;US-TX;1934;p99.9p100;437506.03125;;;0.0539249815;0.0539249815
;US-TX;1934;p99.99p100;1312544.625;;;0.01617782;0.01617782
;US-TX;1934;p90p100;;;;0.4582804441;0.4582804441
;US-TX;1934;p90p91;37181.3671875;;;;
;US-TX;1934;p95p96;55451.1523438;;;;
;US-TX;1934;p95p100;;;;0.3417326808;0.3417326808
;US-TX;1934;p99.5p100;187292.6875;;;0.1154241711;0.1154241711
;US-TX;1933;p0p100;7508.08105469;;18112063488.0;;
;US-TX;1933;p99p100;113921.601562;;;0.1517319977;0.1517319977
;US-TX;1933;p99.9p100;368636.125;;;0.0490985811;0.0490985811
;US-TX;1933;p99.99p100;1260239.125;;;0.016785102;0.016785102
;US-TX;1933;p90p100;;;;0.4469772577;0.4469772577
;US-TX;1933;p90p91;33559.4101562;;;;
;US-TX;1933;p95p96;48410.21875;;;;
;US-TX;1933;p95p100;;;;0.3223874271;0.3223874271
;US-TX;1933;p99.5p100;157947.328125;;;0.1051848829;0.1051848829
;US-TX;1932;p0p100;7518.48535156;;17835421696.0;;
;US-TX;1932;p99p100;103903.789062;;;0.1381977797;0.1381977797
;US-TX;1932;p99.9p100;325523.9375;;;0.0432964787;0.0432964787
;US-TX;1932;p99.99p100;1110591.75;;;0.0147714829;0.0147714829
;US-TX;1932;p90p100;;;;0.4318416119;0.4318416119
;US-TX;1932;p90p91;32467.9433594;;;;
;US-TX;1932;p95p96;45301.9179688;;;;
;US-TX;1932;p95p100;;;;0.3012702465;0.3012702465
;US-TX;1932;p99.5p100;142694.875;;;0.0948960334;0.0948960334
;US-TX;1931;p0p100;8812.43847656;;20546783232.0;;
;US-TX;1931;p99p100;125556.648438;;;0.1424766332;0.1424766332
;US-TX;1931;p99.9p100;419069.4375;;;0.0475543141;0.0475543141
;US-TX;1931;p99.99p100;1494595.875;;;0.0169600733;0.0169600733
;US-TX;1931;p90p100;;;;0.4069552422;0.4069552422
;US-TX;1931;p90p91;35862.6796875;;;;
;US-TX;1931;p95p96;50172.6757812;;;;
;US-TX;1931;p95p100;;;;0.2846696675;0.2846696675
;US-TX;1931;p99.5p100;176752.0625;;;0.1002855673;0.1002855673
;US-TX;1930;p0p100;9893.59863281;;22642348032.0;;
;US-TX;1930;p99p100;145889.765625;;;0.1474587619;0.1474587619
;US-TX;1930;p99.9p100;533427.625;;;0.0539164469;0.0539164469
;US-TX;1930;p99.99p100;2168503.5;;;0.0219182484;0.0219182484
;US-TX;1930;p90p100;;;;0.3901945353;0.3901945353
;US-TX;1930;p90p91;38604.2773438;;;;
;US-TX;1930;p95p96;57412.8320312;;;;
;US-TX;1930;p95p100;;;;0.2901514173;0.2901514173
;US-TX;1930;p99.5p100;211646.015625;;;0.1069610938;0.1069610938
;US-TX;1929;p0p100;11710.1708984;;26194696192.0;;
;US-TX;1929;p99p100;188946.625;;;0.1613526046;0.1613526046
;US-TX;1929;p99.9p100;729534.375;;;0.062299218;0.062299218
;US-TX;1929;p99.99p100;2982035.0;;;0.025465345;0.025465345
;US-TX;1929;p90p100;;;;0.3810709417;0.3810709417
;US-TX;1929;p90p91;44624.0546875;;;;
;US-TX;1929;p95p96;71311.3671875;;;;
;US-TX;1929;p95p100;;;;0.3044847548;0.3044847548
;US-TX;1929;p99.5p100;280286.625;;;0.1196765825;0.1196765825
;US-TX;1928;p0p100;9764.43652344;;21353484288.0;;
;US-TX;1928;p99p100;187298.3125;;;0.1918168068;0.1918168068
;US-TX;1928;p99.9p100;711409.8125;;;0.0728572309;0.0728572309
;US-TX;1928;p99.99p100;2685371.0;;;0.0275015477;0.0275015477
;US-TX;1928;p90p100;;;;0.4567783177;0.4567783177
;US-TX;1928;p90p91;44601.8320312;;;;
;US-TX;1928;p95p96;71382.890625;;;;
;US-TX;1928;p95p100;;;;0.365524888;0.365524888
;US-TX;1928;p99.5p100;277669.875;;;0.1421842724;0.1421842724
;US-TX;1927;p0p100;10081.8710938;;21510600704.0;;
;US-TX;1927;p99p100;178156.96875;;;0.1767102331;0.1767102331
;US-TX;1927;p99.9p100;665255.3125;;;0.0659853071;0.0659853071
;US-TX;1927;p99.99p100;2481698.0;;;0.0246154517;0.0246154517
;US-TX;1927;p90p100;;;;0.4364624918;0.4364624918
;US-TX;1927;p90p91;44003.5859375;;;;
;US-TX;1927;p95p96;69562.65625;;;;
;US-TX;1927;p95p100;;;;0.3449888229;0.3449888229
;US-TX;1927;p99.5p100;263070.21875;;;0.1304669529;0.1304669529
;US-TX;1926;p0p100;9987.63476562;;20756066304.0;;
;US-TX;1926;p99p100;178150.3125;;;0.1783708781;0.1783708781
;US-TX;1926;p99.9p100;676872.0625;;;0.0677710027;0.0677710027
;US-TX;1926;p99.99p100;2437966.5;;;0.0244098473;0.0244098473
;US-TX;1926;p90p100;;;;0.4329776466;0.4329776466
;US-TX;1926;p90p91;43244.2265625;;;;
;US-TX;1926;p95p96;68556.1015625;;;;
;US-TX;1926;p95p100;;;;0.3432048857;0.3432048857
;US-TX;1926;p99.5p100;264487.0;;;0.1324072331;0.1324072331
;US-TX;1925;p0p100;9090.59863281;;18406815744.0;;
;US-TX;1925;p99p100;156994.28125;;;0.1726996154;0.1726996154
;US-TX;1925;p99.9p100;570131.375;;;0.0627165958;0.0627165958
;US-TX;1925;p99.99p100;1801695.75;;;0.0198193304;0.0198193304
;US-TX;1925;p90p100;;;;0.4467678666;0.4467678666
;US-TX;1925;p90p91;40613.8710938;;;;
;US-TX;1925;p95p96;63861.0390625;;;;
;US-TX;1925;p95p100;;;;0.3512477279;0.3512477279
;US-TX;1925;p99.5p100;231658.3125;;;0.1274164319;0.1274164319
;US-TX;1924;p0p100;9527.79199219;;18766364672.0;;
;US-TX;1924;p99p100;142084.640625;;;0.1491265148;0.1491265148
;US-TX;1924;p99.9p100;481955.0625;;;0.0505841337;0.0505841337
;US-TX;1924;p99.99p100;1379901.5;;;0.0144829098;0.0144829098
;US-TX;1924;p90p100;;;;0.4601218998;0.4601218998
;US-TX;1924;p90p91;43839.4570312;;;;
;US-TX;1924;p95p96;64197.84375;;;;
;US-TX;1924;p95p100;;;;0.3368978202;0.3368978202
;US-TX;1924;p99.5p100;204781.90625;;;0.1074655652;0.1074655652
;US-TX;1923;p0p100;9499.89355469;;18124034048.0;;
;US-TX;1923;p99p100;128317.023438;;;0.1350720674;0.1350720674
;US-TX;1923;p99.9p100;431100.65625;;;0.0453795232;0.0453795232
;US-TX;1923;p99.99p100;1201907.0;;;0.0126517937;0.0126517937
;US-TX;1923;p90p100;;;;0.4428206682;0.4428206682
;US-TX;1923;p90p91;42067.4960938;;;;
;US-TX;1923;p95p96;60242.1679688;;;;
;US-TX;1923;p95p100;;;;0.3170675635;0.3170675635
;US-TX;1923;p99.5p100;185112.4375;;;0.0974286944;0.0974286944
;US-TX;1922;p0p100;9039.97753906;;16737476608.0;;
;US-TX;1922;p99p100;128404.789062;;;0.1420410424;0.1420410424
;US-TX;1922;p99.9p100;467189.46875;;;0.0516803749;0.0516803749
;US-TX;1922;p99.99p100;1688217.75;;;0.0186750181;0.0186750181
;US-TX;1922;p90p100;;;;0.447237134;0.447237134
;US-TX;1922;p90p91;40430.140625;;;;
;US-TX;1922;p95p96;58755.8085938;;;;
;US-TX;1922;p95p100;;;;0.3249776065;0.3249776065
;US-TX;1922;p99.5p100;186164.84375;;;0.1029675305;0.1029675305
;US-TX;1921;p0p100;8482.91210938;;15290940416.0;;
;US-TX;1921;p99p100;106385.867188;;;0.1254119724;0.1254119724
;US-TX;1921;p99.9p100;347996.4375;;;0.0410232283;0.0410232283
;US-TX;1921;p99.99p100;1009131.25;;;0.0118960477;0.0118960477
;US-TX;1921;p90p100;;;;0.4367319942;0.4367319942
;US-TX;1921;p90p91;37047.5898438;;;;
;US-TX;1921;p95p96;51630.2890625;;;;
;US-TX;1921;p95p100;;;;0.3043193817;0.3043193817
;US-TX;1921;p99.5p100;149506.0;;;0.0881218687;0.0881218687
;US-TX;1920;p0p100;10333.7910156;;18033805312.0;;
;US-TX;1920;p99p100;129604.640625;;;0.1254182905;0.1254182905
;US-TX;1920;p99.9p100;443547.0;;;0.0429220051;0.0429220051
;US-TX;1920;p99.99p100;1233068.75;;;0.0119323945;0.0119323945
;US-TX;1920;p90p100;;;;0.3972145617;0.3972145617
;US-TX;1920;p90p91;41047.3203125;;;;
;US-TX;1920;p95p96;57026.1054688;;;;
;US-TX;1920;p95p100;;;;0.2759205699;0.2759205699
;US-TX;1920;p99.5p100;189302.1875;;;0.0915937796;0.0915937796
;US-TX;1919;p0p100;12278.7636719;;20874889216.0;;
;US-TX;1919;p99p100;181038.578125;;;0.1474403888;0.1474403888
;US-TX;1919;p99.9p100;639322.3125;;;0.0520673208;0.0520673208
;US-TX;1919;p99.99p100;1990983.75;;;0.016214855;0.016214855
;US-TX;1919;p90p100;;;;0.3923953772;0.3923953772
;US-TX;1919;p90p91;48181.3046875;;;;
;US-TX;1919;p95p96;72181.078125;;;;
;US-TX;1919;p95p100;;;;0.2939264774;0.2939264774
;US-TX;1919;p99.5p100;266750.6875;;;0.1086227745;0.1086227745
;US-TX;1918;p0p100;9480.03320312;;15792485376.0;;
;US-TX;1918;p99p100;155583.421875;;;0.1641169637;0.1641169637
;US-TX;1918;p99.9p100;557442.125;;;0.0588017032;0.0588017032
;US-TX;1918;p99.99p100;1754959.625;;;0.018512167;0.018512167
;US-TX;1918;p90p100;;;;0.4151917994;0.4151917994
;US-TX;1918;p90p91;39360.3203125;;;;
;US-TX;1918;p95p96;61102.2539062;;;;
;US-TX;1918;p95p100;;;;0.3222681284;0.3222681284
;US-TX;1918;p99.5p100;231503.125;;;0.1221003681;0.1221003681
;US-TX;1917;p0p100;10584.8525391;;17505908736.0;;
