Variable Name;.;.;.;Fiscal income  | tax unit | Average | Adults | constant 2015 local currency;Fiscal income  | tax unit | Threshold | Adults | constant 2015 local currency;Fiscal income  | tax unit | Total | Adults | constant 2015 local currency;Fiscal income  | tax unit | Share | Adults | share of total (ratio);Pre-tax national income  | tax unit | Share | Adults | share of total (ratio)
Variable Category;.;.;.;Income inequality;Income inequality;Income inequality;Income inequality;Income inequality
Variable Description;.;.;.;Average Fiscal income within a given percentile group. Fiscal income is defined as the sum of all income items reported on income tax returns, before any deduction. It includes labour income, capital income and mixed income. The concept of fiscal income varies with national tax legislations, so in order to make international comparisons it is preferable to use the concept of national income. The population is comprised of individuals over age 20. The base unit is the tax unit defined by national fiscal administrations to measure personal income taxes.;Fiscal income threshold value at a given percentile.  Fiscal income is defined as the sum of all income items reported on income tax returns, before any deduction. It includes labour income, capital income and mixed income. The concept of fiscal income varies with national tax legislations, so in order to make international comparisons it is preferable to use the concept of national income. The population is comprised of individuals over age 20. The base unit is the tax unit defined by national fiscal administrations to measure personal income taxes.;Total Fiscal income  within a given percentile group. Fiscal income is defined as the sum of all income items reported on income tax returns, before any deduction. It includes labour income, capital income and mixed income. The concept of fiscal income varies with national tax legislations, so in order to make international comparisons it is preferable to use the concept of national income. The population is comprised of individuals over age 20.;Fiscal income share held by a given percentile group. Fiscal income is defined as the sum of all income items reported on income tax returns, before any deduction. It includes labour income, capital income and mixed income. The concept of fiscal income varies with national tax legislations, so in order to make international comparisons it is preferable to use the concept of national income. The population is comprised of individuals over age 20. The base unit is the tax unit defined by national fiscal administrations to measure personal income taxes.;Pre-tax national income share held by a given percentile group. Pre-tax national income  is the sum of all pre-tax personal income flows accruing to the owners of the production factors, labor and capital, before taking into account the operation of the tax/transfer system, but after taking into account the operation of pension system. The central difference between personal factor income and pre-tax income is the treatment of pensions, which are counted on a contribution basis by factor income and on a distribution basis by pre-tax income. The population is comprised of individuals over age 20. The base unit is the tax unit defined by national fiscal administrations to measure personal income taxes.
Variable Decomposition;.;.;.;[Fiscal income ]=[Fiscal labour income ]+[Fiscal capital income ];[Fiscal income ]=[Fiscal labour income ]+[Fiscal capital income ];[Fiscal income ]=[Fiscal labour income ]+[Fiscal capital income ];[Fiscal income ]=[Fiscal labour income ]+[Fiscal capital income ];Pre-tax national income =Pre-tax labor income [total pre-tax income ranking]+Pre-tax capital income [total pre-tax income ranking]
Variable Unit;.;.;.;"USD; United States dollar | local currency | market";"USD; United States dollar | local currency | market";"USD; United States dollar | local currency | market";share;share
Methodological Notes;.;.;.;;;;;Assuming the same distribution as fiscal income.
Sources;.;.;.;Frank, Sommeiller, Price & Saez (2015);Frank, Sommeiller, Price & Saez (2015);Frank, Sommeiller, Price & Saez (2015);Frank, Sommeiller, Price & Saez (2015);WID.world computations using: Frank, Sommeiller, Price & Saez (2015)
Variable Code;country;year;perc;afiinc992t;tfiinc992t;mfiinc992t;sfiinc992t;sptinc992t
;US-MA;2014;p0p100;76411.5234375;;2.7965669376e+11;;
;US-MA;2014;p99p100;;592420.5;;0.2530491054;0.2530491054
;US-MA;2014;p99.9p100;;2867360.25;;0.1306541413;0.1306541413
;US-MA;2014;p99.99p100;;14954306.0;;0.0657747462;0.0657747462
;US-MA;2014;p90p100;;150565.625;;0.5430553555;0.5430553555
;US-MA;2014;p90p91;420358.09375;;;;
;US-MA;2014;p95p96;655881.25;;;;
;US-MA;2014;p90p95;184834.921875;150565.625;;0.1181224287;0.1181224287
;US-MA;2014;p95p99;331055.96875;234926.296875;;0.1720183641;0.1720183641
;US-MA;2014;p99.5p99.9;1460970.75;903903.8125;;0.0762314573;0.0762314573
;US-MA;2014;p99.9p99.99;5391864.0;2867360.25;;0.0646628812;0.0646628812
;US-MA;2014;p99p99.5;713149.5;592420.5;;0.0461123176;0.0461123176
;US-MA;2014;p95p100;;234926.296875;;0.4251146615;0.4251146615
;US-MA;2014;p0p90;38195.2382812;;;0.4570778012;0.4570778012
;US-MA;2014;p0p99;57434.0390625;;;0.7469509244;0.7469509244
;US-MA;2014;p99.5p100;;903903.8125;;0.206941098;0.206941098
;US-MA;2014;p99.5p99.6;3197215.25;;;;
;US-MA;2014;p99.99p99.991;52895156.0;;;;
;US-MA;2014;p99.9p99.91;10142193.0;;;;
;US-MA;2014;p99p99.1;1955182.375;;;;
;US-MA;2013;p0p100;76526.734375;;2.66204135424e+11;;
;US-MA;2013;p99p100;;562556.8125;;0.2275404483;0.2275404483
;US-MA;2013;p99.9p100;;2607017.25;;0.1144944802;0.1144944802
;US-MA;2013;p99.99p100;;13272490.0;;0.0575244837;0.0575244837
;US-MA;2013;p90p100;;149843.8125;;0.5085406303;0.5085406303
;US-MA;2013;p90p91;397484.125;;;;
;US-MA;2013;p95p96;612163.3125;;;;
;US-MA;2013;p90p95;182804.921875;149843.8125;;0.1150920466;0.1150920466
;US-MA;2013;p95p99;323741.8125;230773.71875;;0.166219458;0.166219458
;US-MA;2013;p99.5p99.9;1340435.625;835806.875;;0.0689025521;0.0689025521
;US-MA;2013;p99.9p99.99;4849952.0;2607017.25;;0.056885425;0.056885425
;US-MA;2013;p99p99.5;680978.5625;562556.8125;;0.0441271737;0.0441271737
;US-MA;2013;p95p100;;230773.71875;;0.3937158883;0.3937158883
;US-MA;2013;p0p90;40864.8046875;;;0.4912488461;0.4912488461
;US-MA;2013;p0p99;59462.8710938;;;0.7724595666;0.7724595666
;US-MA;2013;p99.5p100;;835806.875;;0.1833869517;0.1833869517
;US-MA;2013;p99.5p99.6;2850720.25;;;;
;US-MA;2013;p99.99p99.991;45269016.0;;;;
;US-MA;2013;p99.9p99.91;8891858.0;;;;
;US-MA;2013;p99p99.1;1765849.375;;;;
;US-MA;2012;p0p100;74587.9609375;;2.65507700736e+11;;
;US-MA;2012;p99p100;1870100.25;;;0.2507241368;0.2507241368
;US-MA;2012;p99.9p100;9567464.0;;;0.1282708794;0.1282708794
;US-MA;2012;p99.99p100;46708028.0;;;0.0626213998;0.0626213998
;US-MA;2012;p90p100;;;;0.5313484073;0.5313484073
;US-MA;2012;p90p91;396321.9375;;;;
;US-MA;2012;p95p96;625888.5625;;;;
;US-MA;2012;p95p100;;;;0.4195640981;0.4195640981
;US-MA;2012;p99.5p100;3051943.75;;;0.2045868933;0.2045868933
;US-MA;2011;p0p100;70857.71875;;2.50715979776e+11;;
;US-MA;2011;p99p100;1647185.75;;;0.2324638367;0.2324638367
;US-MA;2011;p99.9p100;8209947.5;;;0.1158652529;0.1158652529
;US-MA;2011;p99.99p100;40209736.0;;;0.0567471497;0.0567471497
;US-MA;2011;p90p100;;;;0.5161010623;0.5161010623
;US-MA;2011;p90p91;365697.4375;;;;
;US-MA;2011;p95p96;570874.4375;;;;
;US-MA;2011;p95p100;;;;0.4028314948;0.4028314948
;US-MA;2011;p99.5p100;2650680.75;;;0.1870424747;0.1870424747
;US-MA;2010;p0p100;70247.296875;;2.46760701952e+11;;
;US-MA;2010;p99p100;1650002.25;;;0.2348848283;0.2348848283
;US-MA;2010;p99.9p100;8534576.0;;;0.1214933097;0.1214933097
;US-MA;2010;p99.99p100;44783992.0;;;0.0637519136;0.0637519136
;US-MA;2010;p90p100;;;;0.5116131902;0.5116131902
;US-MA;2010;p90p91;359394.40625;;;;
;US-MA;2010;p95p96;565792.625;;;;
;US-MA;2010;p95p100;;;;0.4027149081;0.4027149081
;US-MA;2010;p99.5p100;2668238.0;;;0.1899175048;0.1899175048
;US-MA;2009;p0p100;68119.1328125;;2.3466729472e+11;;
;US-MA;2009;p99p100;1300213.625;;;0.1908734739;0.1908734739
;US-MA;2009;p99.9p100;5904828.0;;;0.0866838396;0.0866838396
;US-MA;2009;p99.99p100;27497756.0;;;0.0403671563;0.0403671563
;US-MA;2009;p90p100;;;;0.4715361893;0.4715361893
;US-MA;2009;p90p91;321206.375;;;;
;US-MA;2009;p95p96;492344.9375;;;;
;US-MA;2009;p95p100;;;;0.3613851964;0.3613851964
;US-MA;2009;p99.5p100;2026179.0;;;0.1487231851;0.1487231851
;US-MA;2008;p0p100;73586.28125;;2.52560326656e+11;;
;US-MA;2008;p99p100;1607510.0;;;0.2184523791;0.2184523791
;US-MA;2008;p99.9p100;7844077.5;;;0.1065969989;0.1065969989
;US-MA;2008;p99.99p100;37314508.0;;;0.0507085063;0.0507085063
;US-MA;2008;p90p100;;;;0.493026346;0.493026346
;US-MA;2008;p90p91;362799.8125;;;;
;US-MA;2008;p95p96;567396.1875;;;;
;US-MA;2008;p95p100;;;;0.3855311871;0.3855311871
;US-MA;2008;p99.5p100;2575428.0;;;0.1749937534;0.1749937534
;US-MA;2007;p0p100;81651.8046875;;2.7232927744e+11;;
;US-MA;2007;p99p100;2184748.25;;;0.2675688863;0.2675688863
;US-MA;2007;p99.9p100;11702844.0;;;0.143326208;0.143326208
;US-MA;2007;p99.99p100;59021600.0;;;0.0722844973;0.0722844973
;US-MA;2007;p90p100;;;;0.5342431664;0.5342431664
;US-MA;2007;p90p91;436219.1875;;;;
;US-MA;2007;p95p96;706279.875;;;;
;US-MA;2007;p95p100;;;;0.4324949682;0.4324949682
;US-MA;2007;p99.5p100;3618171.75;;;0.2215610445;0.2215610445
;US-MA;2006;p0p100;78413.7734375;;2.59366453248e+11;;
;US-MA;2006;p99p100;1938339.25;;;0.2471937239;0.2471937239
;US-MA;2006;p99.9p100;9908912.0;;;0.1263669878;0.1263669878
;US-MA;2006;p99.99p100;47007868.0;;;0.0599484853;0.0599484853
;US-MA;2006;p90p100;;;;0.5178629756;0.5178629756
;US-MA;2006;p90p91;406075.90625;;;;
;US-MA;2006;p95p96;643797.0;;;;
;US-MA;2006;p95p100;;;;0.4105127156;0.4105127156
;US-MA;2006;p99.5p100;3168409.0;;;0.2020314336;0.2020314336
;US-MA;2005;p0p100;73872.8984375;;2.46458482688e+11;;
;US-MA;2005;p99p100;1756045.875;;;0.2377117723;0.2377117723
;US-MA;2005;p99.9p100;8771027.0;;;0.1187313125;0.1187313125
;US-MA;2005;p99.99p100;40808748.0;;;0.0552418344;0.0552418344
;US-MA;2005;p90p100;;;;0.5124972463;0.5124972463
;US-MA;2005;p90p91;378596.5625;;;;
;US-MA;2005;p95p96;596906.4375;;;;
;US-MA;2005;p95p100;;;;0.404009074;0.404009074
;US-MA;2005;p99.5p100;2844916.0;;;0.1925547868;0.1925547868
;US-MA;2004;p0p100;70399.2578125;;2.36176375808e+11;;
;US-MA;2004;p99p100;1545672.625;;;0.2195580751;0.2195580751
;US-MA;2004;p99.9p100;7441881.5;;;0.1057096571;0.1057096571
;US-MA;2004;p99.99p100;34302808.0;;;0.0487260893;0.0487260893
;US-MA;2004;p90p100;;;;0.4977163076;0.4977163076
;US-MA;2004;p90p91;350388.59375;;;;
;US-MA;2004;p95p96;545141.625;;;;
;US-MA;2004;p95p100;;;;0.3871785402;0.3871785402
;US-MA;2004;p99.5p100;2467174.25;;;0.1752272695;0.1752272695
;US-MA;2003;p0p100;65230.5273438;;2.23220678656e+11;;
;US-MA;2003;p99p100;1286949.125;;;0.1972924769;0.1972924769
;US-MA;2003;p99.9p100;5843713.0;;;0.0895855576;0.0895855576
;US-MA;2003;p99.99p100;26242466.0;;;0.040230345;0.040230345
;US-MA;2003;p90p100;;;;0.4809839725;0.4809839725
;US-MA;2003;p90p91;313748.375;;;;
;US-MA;2003;p95p96;469280.65625;;;;
;US-MA;2003;p95p100;;;;0.3597093821;0.3597093821
;US-MA;2003;p99.5p100;2014557.625;;;0.1544183195;0.1544183195
;US-MA;2002;p0p100;65968.2265625;;2.2378790912e+11;;
;US-MA;2002;p99p100;1212284.0;;;0.1837678403;0.1837678403
;US-MA;2002;p99.9p100;5223819.5;;;0.0791868865;0.0791868865
;US-MA;2002;p99.99p100;22133700.0;;;0.033552058;0.033552058
;US-MA;2002;p90p100;;;;0.467350781;0.467350781
;US-MA;2002;p90p91;308303.0625;;;;
;US-MA;2002;p95p96;455880.75;;;;
;US-MA;2002;p95p100;;;;0.3455305099;0.3455305099
;US-MA;2002;p99.5p100;1868697.25;;;0.1416361481;0.1416361481
;US-MA;2001;p0p100;70901.6875;;2.36067405824e+11;;
;US-MA;2001;p99p100;1551212.875;;;0.2187836021;0.2187836021
;US-MA;2001;p99.9p100;7451566.0;;;0.1050971523;0.1050971523
;US-MA;2001;p99.99p100;34407024.0;;;0.0485277884;0.0485277884
;US-MA;2001;p90p100;;;;0.4974807501;0.4974807501
;US-MA;2001;p90p91;352722.25;;;;
;US-MA;2001;p95p96;541349.75;;;;
;US-MA;2001;p95p100;;;;0.3817608058;0.3817608058
;US-MA;2001;p99.5p100;2474621.0;;;0.1745107025;0.1745107025
;US-MA;2000;p0p100;75897.6328125;;2.48119902208e+11;;
;US-MA;2000;p99p100;2341591.75;;;0.308519721;0.308519721
;US-MA;2000;p99.9p100;13077596.0;;;0.1723057181;0.1723057181
;US-MA;2000;p99.99p100;67445664.0;;;0.0888639838;0.0888639838
;US-MA;2000;p90p100;;;;0.5883872509;0.5883872509
;US-MA;2000;p90p91;446572.03125;;;;
;US-MA;2000;p95p96;723502.625;;;;
;US-MA;2000;p95p100;;;;0.4766305089;0.4766305089
;US-MA;2000;p99.5p100;3930727.75;;;0.2589492798;0.2589492798
;US-MA;1999;p0p100;72396.5859375;;2.28711530496e+11;;
;US-MA;1999;p99p100;1741854.5;;;0.2405989766;0.2405989766
;US-MA;1999;p99.9p100;8711214.0;;;0.1203263104;0.1203263104
;US-MA;1999;p99.99p100;39807588.0;;;0.0549854524;0.0549854524
;US-MA;1999;p90p100;;;;0.5198119879;0.5198119879
;US-MA;1999;p90p91;376326.125;;;;
;US-MA;1999;p95p96;587587.25;;;;
;US-MA;1999;p95p100;;;;0.4058114588;0.4058114588
;US-MA;1999;p99.5p100;2824870.0;;;0.19509691;0.19509691
;US-MA;1998;p0p100;66770.9921875;;2.13050310656e+11;;
;US-MA;1998;p99p100;1463868.875;;;0.2192372531;0.2192372531
;US-MA;1998;p99.9p100;7183233.5;;;0.1075801551;0.1075801551
;US-MA;1998;p99.99p100;32712818.0;;;0.048992563;0.048992563
;US-MA;1998;p90p100;;;;0.4944942892;0.4944942892
;US-MA;1998;p90p91;330178.71875;;;;
;US-MA;1998;p95p96;506836.4375;;;;
;US-MA;1998;p95p100;;;;0.3795334101;0.3795334101
;US-MA;1998;p99.5p100;2358505.0;;;0.176611498;0.176611498
;US-MA;1997;p0p100;62237.3046875;;1.96923031552e+11;;
;US-MA;1997;p99p100;1246065.875;;;0.2002120465;0.2002120465
;US-MA;1997;p99.9p100;5783828.0;;;0.0929318443;0.0929318443
;US-MA;1997;p99.99p100;25314258.0;;;0.0406737663;0.0406737663
;US-MA;1997;p90p100;;;;0.475969702;0.475969702
;US-MA;1997;p90p91;296230.71875;;;;
;US-MA;1997;p95p96;447593.0;;;;
;US-MA;1997;p95p100;;;;0.3595857918;0.3595857918
;US-MA;1997;p99.5p100;1977913.25;;;0.1589009315;0.1589009315
;US-MA;1996;p0p100;59036.1484375;;1.82925737984e+11;;
;US-MA;1996;p99p100;1064555.625;;;0.180322662;0.180322662
;US-MA;1996;p99.9p100;4600463.5;;;0.0779262111;0.0779262111
;US-MA;1996;p99.99p100;19354122.0;;;0.0327835083;0.0327835083
;US-MA;1996;p90p100;;;;0.4546589255;0.4546589255
;US-MA;1996;p90p91;268413.125;;;;
;US-MA;1996;p95p96;398199.5625;;;;
;US-MA;1996;p95p100;;;;0.3372506499;0.3372506499
;US-MA;1996;p99.5p100;1644847.0;;;0.1393084526;0.1393084526
;US-MA;1995;p0p100;55712.2070312;;1.71420680192e+11;;
;US-MA;1995;p99p100;931529.0;;;0.1672037393;0.1672037393
;US-MA;1995;p99.9p100;3882612.75;;;0.0696905181;0.0696905181
;US-MA;1995;p99.99p100;15765457.0;;;0.0282980297;0.0282980297
;US-MA;1995;p90p100;;;;0.4404959679;0.4404959679
;US-MA;1995;p90p91;245410.015625;;;;
;US-MA;1995;p95p96;358987.375;;;;
;US-MA;1995;p95p100;;;;0.3221801817;0.3221801817
;US-MA;1995;p99.5p100;1424737.875;;;0.1278658509;0.1278658509
;US-MA;1994;p0p100;52990.0078125;;1.63466493952e+11;;
;US-MA;1994;p99p100;775835.0625;;;0.1464115679;0.1464115679
;US-MA;1994;p99.9p100;3071253.5;;;0.0579591058;0.0579591058
;US-MA;1994;p99.99p100;12203974.0;;;0.0230307095;0.0230307095
;US-MA;1994;p90p100;;;;0.4139775336;0.4139775336
;US-MA;1994;p90p91;219366.734375;;;;
;US-MA;1994;p95p96;313996.5;;;;
;US-MA;1994;p95p100;;;;0.2962789536;0.2962789536
;US-MA;1994;p99.5p100;1165978.25;;;0.1100186929;0.1100186929
;US-MA;1993;p0p100;51784.2265625;;1.59800786944e+11;;
;US-MA;1993;p99p100;747505.5;;;0.144350037;0.144350037
;US-MA;1993;p99.9p100;2925305.0;;;0.0564902686;0.0564902686
;US-MA;1993;p99.99p100;11503967.0;;;0.0222151969;0.0222151969
;US-MA;1993;p90p100;;;;0.411536634;0.411536634
;US-MA;1993;p90p91;213111.0625;;;;
;US-MA;1993;p95p96;304397.125;;;;
;US-MA;1993;p95p100;;;;0.2939091027;0.2939091027
;US-MA;1993;p99.5p100;1122101.375;;;0.1083439365;0.1083439365
;US-MA;1992;p0p100;51666.6953125;;1.59373623296e+11;;
;US-MA;1992;p99p100;746779.0;;;0.1445377916;0.1445377916
;US-MA;1992;p99.9p100;2933865.5;;;0.0567844622;0.0567844622
;US-MA;1992;p99.99p100;11449090.0;;;0.0221595168;0.0221595168
;US-MA;1992;p90p100;;;;0.4100355804;0.4100355804
;US-MA;1992;p90p91;211851.828125;;;;
;US-MA;1992;p95p96;300635.59375;;;;
;US-MA;1992;p95p100;;;;0.2909375429;0.2909375429
;US-MA;1992;p99.5p100;1124634.5;;;0.1088355407;0.1088355407
;US-MA;1991;p0p100;50743.5859375;;1.56081389568e+11;;
;US-MA;1991;p99p100;666971.1875;;;0.131439507;0.131439507
;US-MA;1991;p99.9p100;2447902.25;;;0.0482406206;0.0482406206
;US-MA;1991;p99.99p100;8951353.0;;;0.0176403616;0.0176403616
;US-MA;1991;p90p100;;;;0.3974359035;0.3974359035
;US-MA;1991;p90p91;201673.25;;;;
;US-MA;1991;p95p96;280470.75;;;;
;US-MA;1991;p95p100;;;;0.27636078;0.27636078
;US-MA;1991;p99.5p100;983936.125;;;0.0969517604;0.0969517604
;US-MA;1990;p0p100;52671.2070312;;1.62723495936e+11;;
;US-MA;1990;p99p100;711121.1875;;;0.13501136;0.13501136
;US-MA;1990;p99.9p100;2697493.75;;;0.0512138195;0.0512138195
;US-MA;1990;p99.99p100;10085695.0;;;0.0191484001;0.0191484001
;US-MA;1990;p90p100;;;;0.3912474811;0.3912474811
;US-MA;1990;p90p91;206074.78125;;;;
;US-MA;1990;p95p96;291085.8125;;;;
;US-MA;1990;p95p100;;;;0.2763234377;0.2763234377
;US-MA;1990;p99.5p100;1063878.375;;;0.1009924039;0.1009924039
;US-MA;1989;p0p100;55924.1679688;;1.66536118272e+11;;
;US-MA;1989;p99p100;773680.125;;;0.1383444965;0.1383444965
;US-MA;1989;p99.9p100;3162291.5;;;0.0565460622;0.0565460622
;US-MA;1989;p99.99p100;12769827.0;;;0.0228341818;0.0228341818
;US-MA;1989;p90p100;;;;0.3878660798;0.3878660798
;US-MA;1989;p90p91;216910.890625;;;;
;US-MA;1989;p95p96;307744.71875;;;;
;US-MA;1989;p95p100;;;;0.2751446366;0.2751446366
;US-MA;1989;p99.5p100;1178717.125;;;0.1053853109;0.1053853109
;US-MA;1988;p0p100;57649.2578125;;1.69360457728e+11;;
;US-MA;1988;p99p100;863023.1875;;;0.1497023851;0.1497023851
;US-MA;1988;p99.9p100;3780282.5;;;0.0655738264;0.0655738264
;US-MA;1988;p99.99p100;15886681.0;;;0.0275574736;0.0275574736
;US-MA;1988;p90p100;;;;0.393293947;0.393293947
;US-MA;1988;p90p91;226731.046875;;;;
;US-MA;1988;p95p96;326721.0;;;;
;US-MA;1988;p95p100;;;;0.2833696604;0.2833696604
;US-MA;1988;p99.5p100;1346310.75;;;0.1167673916;0.1167673916
;US-MA;1987;p0p100;53469.203125;;1.55352055808e+11;;
;US-MA;1987;p99p100;706208.9375;;;0.1320776939;0.1320776939
;US-MA;1987;p99.9p100;2825206.25;;;0.0528380051;0.0528380051
;US-MA;1987;p99.99p100;11375947.0;;;0.0212756973;0.0212756973
;US-MA;1987;p90p100;;;;0.3858254254;0.3858254254
;US-MA;1987;p90p91;206297.796875;;;;
;US-MA;1987;p95p96;289196.65625;;;;
;US-MA;1987;p95p100;;;;0.2704329193;0.2704329193
;US-MA;1987;p99.5p100;1064593.125;;;0.0995519906;0.0995519906
;US-MA;1986;p0p100;53257.4414062;;1.55056340992e+11;;
;US-MA;1986;p99p100;882757.9375;;;0.1657529771;0.1657529771
;US-MA;1986;p99.9p100;4202845.0;;;0.0789156407;0.0789156407
;US-MA;1986;p99.99p100;19470980.0;;;0.0365601145;0.0365601145
;US-MA;1986;p90p100;;;;0.4123805463;0.4123805463
;US-MA;1986;p90p91;219623.328125;;;;
;US-MA;1986;p95p96;321320.03125;;;;
;US-MA;1986;p95p100;;;;0.3016667962;0.3016667962
;US-MA;1986;p99.5p100;1410479.875;;;0.1324209273;0.1324209273
;US-MA;1985;p0p100;49806.8945312;;1.42458650624e+11;;
;US-MA;1985;p99p100;672385.5;;;0.1349984705;0.1349984705
;US-MA;1985;p99.9p100;2894625.5;;;0.0581169687;0.0581169687
;US-MA;1985;p99.99p100;12689427.0;;;0.0254772492;0.0254772492
;US-MA;1985;p90p100;;;;0.3850199878;0.3850199878
;US-MA;1985;p90p91;191766.5;;;;
;US-MA;1985;p95p96;266926.78125;;;;
;US-MA;1985;p95p100;;;;0.2679616809;0.2679616809
;US-MA;1985;p99.5p100;1020564.25;;;0.1024521068;0.1024521068
;US-MA;1984;p0p100;48356.515625;;1.35938105344e+11;;
;US-MA;1984;p99p100;616276.375;;;0.1274443269;0.1274443269
;US-MA;1984;p99.9p100;2591342.0;;;0.0535882711;0.0535882711
;US-MA;1984;p99.99p100;11429815.0;;;0.0236365553;0.0236365553
;US-MA;1984;p90p100;;;;0.3777110279;0.3777110279
;US-MA;1984;p90p91;182647.890625;;;;
;US-MA;1984;p95p96;252614.640625;;;;
;US-MA;1984;p95p100;;;;0.2612001896;0.2612001896
;US-MA;1984;p99.5p100;928334.6875;;;0.0959885865;0.0959885865
;US-MA;1983;p0p100;46480.0585938;;1.28457261056e+11;;
;US-MA;1983;p99p100;567452.0;;;0.1220850423;0.1220850423
;US-MA;1983;p99.9p100;2269459.75;;;0.0488265194;0.0488265194
;US-MA;1983;p99.99p100;9262819.0;;;0.0199285857;0.0199285857
;US-MA;1983;p90p100;;;;0.3746562302;0.3746562302
;US-MA;1983;p90p91;174140.453125;;;;
;US-MA;1983;p95p96;240204.1875;;;;
;US-MA;1983;p95p100;;;;0.2583948672;0.2583948672
;US-MA;1983;p99.5p100;848713.75;;;0.0912986919;0.0912986919
;US-MA;1982;p0p100;41294.7617188;;1.1540107264e+11;;
;US-MA;1982;p99p100;473757.78125;;;0.1147258803;0.1147258803
;US-MA;1982;p99.9p100;1832475.375;;;0.0443754941;0.0443754941
;US-MA;1982;p99.99p100;7608496.5;;;0.0184248481;0.0184248481
;US-MA;1982;p90p100;;;;0.3661032617;0.3661032617
;US-MA;1982;p90p91;151181.46875;;;;
;US-MA;1982;p95p96;204976.828125;;;;
;US-MA;1982;p95p100;;;;0.2481874526;0.2481874526
;US-MA;1982;p99.5p100;699068.0;;;0.0846436694;0.0846436694
;US-MA;1981;p0p100;40073.4179688;;1.11797460992e+11;;
;US-MA;1981;p99p100;408638.78125;;;0.1019725278;0.1019725278
;US-MA;1981;p99.9p100;1361428.0;;;0.0339733437;0.0339733437
;US-MA;1981;p99.99p100;4568722.0;;;0.0114008803;0.0114008803
;US-MA;1981;p90p100;;;;0.3670738339;0.3670738339
;US-MA;1981;p90p91;147099.03125;;;;
;US-MA;1981;p95p96;193331.203125;;;;
;US-MA;1981;p95p100;;;;0.2412212491;0.2412212491
;US-MA;1981;p99.5p100;575956.5;;;0.0718626603;0.0718626603
;US-MA;1980;p0p100;40934.6132812;;1.11630303232e+11;;
;US-MA;1980;p99p100;409907.625;;;0.1001371667;0.1001371667
;US-MA;1980;p99.9p100;1276855.0;;;0.0311925523;0.0311925523
;US-MA;1980;p99.99p100;4446073.5;;;0.0108614042;0.0108614042
;US-MA;1980;p90p100;;;;0.353464365;0.353464365
;US-MA;1980;p90p91;144689.265625;;;;
;US-MA;1980;p95p96;195471.9375;;;;
;US-MA;1980;p95p100;;;;0.2387611866;0.2387611866
;US-MA;1980;p99.5p100;571983.5;;;0.0698655099;0.0698655099
;US-MA;1979;p0p100;40204.7460938;;1.08767264768e+11;;
;US-MA;1979;p99p100;391007.40625;;;0.0972540379;0.0972540379
;US-MA;1979;p99.9p100;1195050.125;;;0.0297241062;0.0297241062
;US-MA;1979;p99.99p100;4076361.25;;;0.0101390053;0.0101390053
;US-MA;1979;p90p100;;;;0.3502253592;0.3502253592
;US-MA;1979;p90p91;140807.21875;;;;
;US-MA;1979;p95p96;188635.125;;;;
;US-MA;1979;p95p100;;;;0.2345931083;0.2345931083
;US-MA;1979;p99.5p100;538440.875;;;0.0669623539;0.0669623539
;US-MA;1978;p0p100;39780.4414062;;1.04407646208e+11;;
;US-MA;1978;p99p100;355808.6875;;;0.0894431248;0.0894431248
;US-MA;1978;p99.9p100;984860.0;;;0.0247573927;0.0247573927
;US-MA;1978;p99.99p100;3062715.75;;;0.0076990491;0.0076990491
;US-MA;1978;p90p100;;;;0.3386020064;0.3386020064
;US-MA;1978;p90p91;134697.375;;;;
;US-MA;1978;p95p96;178761.84375;;;;
;US-MA;1978;p95p100;;;;0.2246855944;0.2246855944
;US-MA;1978;p99.5p100;479299.3125;;;0.060243085;0.060243085
;US-MA;1977;p0p100;39418.9023438;;1.01235433472e+11;;
;US-MA;1977;p99p100;345450.625;;;0.0876357779;0.0876357779
;US-MA;1977;p99.9p100;947250.25;;;0.0240303539;0.0240303539
;US-MA;1977;p99.99p100;2918842.0;;;0.0074046752;0.0074046752
;US-MA;1977;p90p100;;;;0.3386276066;0.3386276066
;US-MA;1977;p90p91;133483.296875;;;;
;US-MA;1977;p95p96;174349.328125;;;;
;US-MA;1977;p95p100;;;;0.221149385;0.221149385
;US-MA;1977;p99.5p100;464819.5;;;0.0589589551;0.0589589551
;US-MA;1976;p0p100;39425.453125;;99137298432.0;;
;US-MA;1976;p99p100;337080.1875;;;0.0854981095;0.0854981095
;US-MA;1976;p99.9p100;901052.0;;;0.022854574;0.022854574
;US-MA;1976;p99.99p100;2555143.5;;;0.006480949;0.006480949
;US-MA;1976;p90p100;;;;0.3360830843;0.3360830843
;US-MA;1976;p90p91;132502.296875;;;;
;US-MA;1976;p95p96;173057.359375;;;;
;US-MA;1976;p95p100;;;;0.2194741219;0.2194741219
;US-MA;1976;p99.5p100;453454.3125;;;0.0575078055;0.0575078055
;US-MA;1975;p0p100;38826.671875;;95653134336.0;;
;US-MA;1975;p99p100;334179.25;;;0.0860695094;0.0860695094
;US-MA;1975;p99.9p100;862533.0;;;0.0222149603;0.0222149603
;US-MA;1975;p99.99p100;2392069.0;;;0.0061608907;0.0061608907
;US-MA;1975;p90p100;;;;0.3379411399;0.3379411399
;US-MA;1975;p90p91;131211.296875;;;;
;US-MA;1975;p95p96;172084.3125;;;;
;US-MA;1975;p95p100;;;;0.2216057777;0.2216057777
;US-MA;1975;p99.5p100;448039.5;;;0.0576973818;0.0576973818
;US-MA;1974;p0p100;42307.3203125;;1.0208698368e+11;;
;US-MA;1974;p99p100;369038.8125;;;0.0872281194;0.0872281194
;US-MA;1974;p99.9p100;1076780.125;;;0.0254513882;0.0254513882
;US-MA;1974;p99.99p100;3387460.5;;;0.0080067944;0.0080067944
;US-MA;1974;p90p100;;;;0.3265143931;0.3265143931
;US-MA;1974;p90p91;138139.5;;;;
;US-MA;1974;p95p96;182091.625;;;;
;US-MA;1974;p95p100;;;;0.2152010649;0.2152010649
;US-MA;1974;p99.5p100;506500.625;;;0.0598596893;0.0598596893
;US-MA;1973;p0p100;44091.265625;;1.04289255424e+11;;
;US-MA;1973;p99p100;388022.25;;;0.0880043358;0.0880043358
;US-MA;1973;p99.9p100;1093627.625;;;0.0248037241;0.0248037241
;US-MA;1973;p99.99p100;3418650.5;;;0.007753578;0.007753578
;US-MA;1973;p90p100;;;;0.328399539;0.328399539
;US-MA;1973;p90p91;144795.5;;;;
;US-MA;1973;p95p96;192440.390625;;;;
;US-MA;1973;p95p100;;;;0.2182296067;0.2182296067
;US-MA;1973;p99.5p100;529925.875;;;0.0600942001;0.0600942001
;US-MA;1972;p0p100;44265.453125;;1.02597869568e+11;;
;US-MA;1972;p99p100;410926.71875;;;0.0928323716;0.0928323716
;US-MA;1972;p99.9p100;1207606.625;;;0.0272810161;0.0272810161
;US-MA;1972;p99.99p100;3974066.5;;;0.0089778062;0.0089778062
;US-MA;1972;p90p100;;;;0.3265326321;0.3265326321
;US-MA;1972;p90p91;144541.15625;;;;
;US-MA;1972;p95p96;193876.171875;;;;
;US-MA;1972;p95p100;;;;0.2189926356;0.2189926356
;US-MA;1972;p99.5p100;566288.6875;;;0.0639650822;0.0639650822
;US-MA;1971;p0p100;43451.8203125;;98580807680.0;;
;US-MA;1971;p99p100;398254.53125;;;0.0916542709;0.0916542709
;US-MA;1971;p99.9p100;1173656.125;;;0.0270105172;0.0270105172
;US-MA;1971;p99.99p100;3891186.5;;;0.0089551741;0.0089551741
;US-MA;1971;p90p100;;;;0.3250023425;0.3250023425
;US-MA;1971;p90p91;141219.4375;;;;
;US-MA;1971;p95p96;189669.359375;;;;
;US-MA;1971;p95p100;;;;0.2182524651;0.2182524651
;US-MA;1971;p99.5p100;547511.625;;;0.0630021468;0.0630021468
;US-MA;1970;p0p100;44000.5429688;;97530855424.0;;
;US-MA;1970;p99p100;393301.65625;;;0.0893856362;0.0893856362
;US-MA;1970;p99.9p100;1142356.0;;;0.0259623174;0.0259623174
;US-MA;1970;p99.99p100;3653782.25;;;0.0083039477;0.0083039477
;US-MA;1970;p90p100;;;;0.3196561038;0.3196561038
;US-MA;1970;p90p91;140650.421875;;;;
;US-MA;1970;p95p96;188281.125;;;;
;US-MA;1970;p95p100;;;;0.213953197;0.213953197
;US-MA;1970;p99.5p100;537249.4375;;;0.0610503219;0.0610503219
;US-MA;1969;p0p100;44238.8085938;;97113358336.0;;
;US-MA;1969;p99p100;453410.1875;;;0.1024915054;0.1024915054
;US-MA;1969;p99.9p100;1518579.875;;;0.0343268737;0.0343268737
;US-MA;1969;p99.99p100;5705866.0;;;0.0128978752;0.0128978752
;US-MA;1969;p90p100;;;;0.3339741528;0.3339741528
;US-MA;1969;p90p91;147746.171875;;;;
;US-MA;1969;p95p96;203789.359375;;;;
;US-MA;1969;p95p100;;;;0.2303287238;0.2303287238
;US-MA;1969;p99.5p100;641298.75;;;0.0724814758;0.0724814758
;US-MA;1968;p0p100;44248.4023438;;96374906880.0;;
;US-MA;1968;p99p100;500865.65625;;;0.1131940484;0.1131940484
;US-MA;1968;p99.9p100;1758223.375;;;0.0397352949;0.0397352949
;US-MA;1968;p99.99p100;6653169.5;;;0.0150359534;0.0150359534
;US-MA;1968;p90p100;;;;0.3449314535;0.3449314535
;US-MA;1968;p90p91;152626.671875;;;;
;US-MA;1968;p95p96;215351.8125;;;;
;US-MA;1968;p95p100;;;;0.243344143;0.243344143
;US-MA;1968;p99.5p100;721771.5;;;0.0815590397;0.0815590397
;US-MA;1967;p0p100;42570.8671875;;91973009408.0;;
;US-MA;1967;p99p100;455891.84375;;;0.1070900932;0.1070900932
;US-MA;1967;p99.9p100;1486843.875;;;0.0349263214;0.0349263214
;US-MA;1967;p99.99p100;5071859.0;;;0.0119139189;0.0119139189
;US-MA;1967;p90p100;;;;0.3364572525;0.3364572525
;US-MA;1967;p90p91;143232.765625;;;;
;US-MA;1967;p95p96;200240.265625;;;;
;US-MA;1967;p95p100;;;;0.235184595;0.235184595
;US-MA;1967;p99.5p100;644608.125;;;0.0757099986;0.0757099986
;US-MA;1966;p0p100;40314.5351562;;86314180608.0;;
;US-MA;1966;p99p100;418162.34375;;;0.1037249565;0.1037249565
;US-MA;1966;p99.9p100;1303166.0;;;0.032324966;0.032324966
;US-MA;1966;p99.99p100;4704939.5;;;0.0116705783;0.0116705783
;US-MA;1966;p90p100;;;;0.3328161836;0.3328161836
;US-MA;1966;p90p91;134173.3125;;;;
;US-MA;1966;p95p96;185327.640625;;;;
;US-MA;1966;p95p100;;;;0.2298521399;0.2298521399
;US-MA;1966;p99.5p100;580305.4375;;;0.0719722286;0.0719722286
;US-MA;1965;p0p100;38795.4179688;;82256199680.0;;
;US-MA;1965;p99p100;424673.25;;;0.1094647869;0.1094647869
;US-MA;1965;p99.9p100;1355950.0;;;0.0349512883;0.0349512883
;US-MA;1965;p99.99p100;5232201.5;;;0.0134866461;0.0134866461
;US-MA;1965;p90p100;;;;0.3345011175;0.3345011175
;US-MA;1965;p90p91;129771.125;;;;
;US-MA;1965;p95p96;182982.640625;;;;
;US-MA;1965;p95p100;;;;0.2358302027;0.2358302027
;US-MA;1965;p99.5p100;592463.0625;;;0.0763573349;0.0763573349
;US-MA;1964;p0p100;37320.1289062;;78283276288.0;;
;US-MA;1964;p99p100;380919.5;;;0.1020681038;0.1020681038
;US-MA;1964;p99.9p100;1118674.0;;;0.0299750846;0.0299750846
;US-MA;1964;p99.99p100;3924045.25;;;0.0105145546;0.0105145546
;US-MA;1964;p90p100;;;;0.3284754455;0.3284754455
;US-MA;1964;p90p91;122587.46875;;;;
;US-MA;1964;p95p96;169386.140625;;;;
;US-MA;1964;p95p100;;;;0.226936698;0.226936698
;US-MA;1964;p99.5p100;522186.5625;;;0.0699604377;0.0699604377
;US-MA;1963;p0p100;35483.8164062;;73531670528.0;;
;US-MA;1963;p99p100;343082.9375;;;0.0966871455;0.0966871455
;US-MA;1963;p99.9p100;993005.8125;;;0.0279847514;0.0279847514
;US-MA;1963;p99.99p100;2901921.0;;;0.0081781531;0.0081781531
;US-MA;1963;p90p100;;;;0.3241454363;0.3241454363
;US-MA;1963;p90p91;115019.171875;;;;
;US-MA;1963;p95p96;157818.4375;;;;
;US-MA;1963;p95p100;;;;0.2223808616;0.2223808616
;US-MA;1963;p99.5p100;477534.375;;;0.067289032;0.067289032
;US-MA;1962;p0p100;34719.703125;;71040172032.0;;
;US-MA;1962;p99p100;332931.53125;;;0.0958912447;0.0958912447
;US-MA;1962;p99.9p100;1001595.375;;;0.0288480408;0.0288480408
;US-MA;1962;p99.99p100;3566069.75;;;0.0102710268;0.0102710268
;US-MA;1962;p90p100;;;;0.3190310001;0.3190310001
;US-MA;1962;p90p91;110766.601562;;;;
;US-MA;1962;p95p96;151780.296875;;;;
;US-MA;1962;p95p100;;;;0.2185795009;0.2185795009
;US-MA;1962;p99.5p100;460249.3125;;;0.0662807152;0.0662807152
;US-MA;1961;p0p100;34051.8945312;;68724146176.0;;
;US-MA;1961;p99p100;348818.96875;;;0.1024374664;0.1024374664
;US-MA;1961;p99.9p100;1131257.875;;;0.0332215875;0.0332215875
;US-MA;1961;p99.99p100;3690848.0;;;0.0108388923;0.0108388923
;US-MA;1961;p90p100;;;;0.3248906136;0.3248906136
;US-MA;1961;p90p91;110631.40625;;;;
;US-MA;1961;p95p96;153242.109375;;;;
;US-MA;1961;p95p100;;;;0.2250126004;0.2250126004
;US-MA;1961;p99.5p100;500058.34375;;;0.0734259263;0.0734259263
;US-MA;1960;p0p100;32874.8320312;;65363132416.0;;
;US-MA;1960;p99p100;353276.875;;;0.1074611917;0.1074611917
;US-MA;1960;p99.9p100;1147060.125;;;0.0348917432;0.0348917432
;US-MA;1960;p99.99p100;4380923.5;;;0.0133260703;0.0133260703
;US-MA;1960;p90p100;;;;0.3349339068;0.3349339068
;US-MA;1960;p90p91;110108.96875;;;;
;US-MA;1960;p95p96;154081.546875;;;;
;US-MA;1960;p95p100;;;;0.2343457639;0.2343457639
;US-MA;1960;p99.5p100;501064.34375;;;0.0762078911;0.0762078911
;US-MA;1959;p0p100;32519.1386719;;64498028544.0;;
;US-MA;1959;p99p100;347311.78125;;;0.1068022773;0.1068022773
;US-MA;1959;p99.9p100;963386.125;;;0.0296252035;0.0296252035
;US-MA;1959;p99.99p100;2562826.5;;;0.0078809792;0.0078809792
;US-MA;1959;p90p100;;;;0.3320616186;0.3320616186
;US-MA;1959;p90p91;107983.570312;;;;
;US-MA;1959;p95p96;151870.265625;;;;
;US-MA;1959;p95p100;;;;0.2335090488;0.2335090488
;US-MA;1959;p99.5p100;488139.25;;;0.0750541538;0.0750541538
;US-MA;1958;p0p100;30190.8789062;;59668324352.0;;
;US-MA;1958;p99p100;300098.25;;;0.0994003043;0.0994003043
;US-MA;1958;p99.9p100;826351.3125;;;0.0273708925;0.0273708925
;US-MA;1958;p99.99p100;2316561.75;;;0.0076730521;0.0076730521
;US-MA;1958;p90p100;;;;0.3231674433;0.3231674433
;US-MA;1958;p90p91;97567.1015625;;;;
;US-MA;1958;p95p96;135233.609375;;;;
;US-MA;1958;p95p100;;;;0.2239643484;0.2239643484
;US-MA;1958;p99.5p100;425326.96875;;;0.0704396516;0.0704396516
;US-MA;1957;p0p100;30836.2226562;;60714414080.0;;
;US-MA;1957;p99p100;307544.59375;;;0.0997348502;0.0997348502
;US-MA;1957;p99.9p100;912349.25;;;0.0295869317;0.0295869317
;US-MA;1957;p99.99p100;2634883.25;;;0.0085447663;0.0085447663
;US-MA;1957;p90p100;;;;0.315875262;0.315875262
;US-MA;1957;p90p91;97404.0078125;;;;
;US-MA;1957;p95p96;135892.015625;;;;
;US-MA;1957;p95p100;;;;0.2203447819;0.2203447819
;US-MA;1957;p99.5p100;433506.28125;;;0.0702917278;0.0702917278
;US-MA;1956;p0p100;30875.1582031;;60465688576.0;;
;US-MA;1956;p99p100;315030.125;;;0.1020335108;0.1020335108
;US-MA;1956;p99.9p100;972708.8125;;;0.0315045752;0.0315045752
;US-MA;1956;p99.99p100;2812539.0;;;0.0091093909;0.0091093909
;US-MA;1956;p90p100;;;;0.3149360716;0.3149360716
;US-MA;1956;p90p91;97237.015625;;;;
;US-MA;1956;p95p96;136607.21875;;;;
;US-MA;1956;p95p100;;;;0.2212251127;0.2212251127
;US-MA;1956;p99.5p100;448704.03125;;;0.0726642385;0.0726642385
;US-MA;1955;p0p100;30240.2558594;;58911334400.0;;
;US-MA;1955;p99p100;367003.03125;;;0.1213624105;0.1213624105
;US-MA;1955;p99.9p100;1093550.125;;;0.0361620672;0.0361620672
;US-MA;1955;p99.99p100;2965676.5;;;0.0098070484;0.0098070484
;US-MA;1955;p90p100;;;;0.3358061612;0.3358061612
;US-MA;1955;p90p91;101548.640625;;;;
;US-MA;1955;p95p96;146858.015625;;;;
;US-MA;1955;p95p100;;;;0.2428187579;0.2428187579
;US-MA;1955;p99.5p100;526899.875;;;0.087118946;0.087118946
;US-MA;1954;p0p100;28565.7167969;;55349628928.0;;
;US-MA;1954;p99p100;298389.40625;;;0.1044571698;0.1044571698
;US-MA;1954;p99.9p100;939927.5;;;0.0329040401;0.0329040401
;US-MA;1954;p99.99p100;2666301.25;;;0.0093339207;0.0093339207
;US-MA;1954;p90p100;;;;0.3062241673;0.3062241673
;US-MA;1954;p90p91;87475.125;;;;
;US-MA;1954;p95p96;124119.632812;;;;
;US-MA;1954;p95p100;;;;0.2172528058;0.2172528058
;US-MA;1954;p99.5p100;425948.125;;;0.0745558292;0.0745558292
;US-MA;1953;p0p100;28543.1347656;;55000768512.0;;
;US-MA;1953;p99p100;283364.5;;;0.099275887;0.099275887
;US-MA;1953;p99.9p100;836229.8125;;;0.0292970557;0.0292970557
;US-MA;1953;p99.99p100;2436815.5;;;0.0085373083;0.0085373083
;US-MA;1953;p90p100;;;;0.3092132509;0.3092132509
;US-MA;1953;p90p91;88259.15625;;;;
;US-MA;1953;p95p96;122648.820312;;;;
;US-MA;1953;p95p100;;;;0.2148481905;0.2148481905
;US-MA;1953;p99.5p100;400297.0;;;0.070121415;0.070121415
;US-MA;1952;p0p100;27484.6796875;;52711665664.0;;
;US-MA;1952;p99p100;304009.96875;;;0.1106106937;0.1106106937
;US-MA;1952;p99.9p100;894939.25;;;0.0325613841;0.0325613841
;US-MA;1952;p99.99p100;2389929.75;;;0.0086954981;0.0086954981
;US-MA;1952;p90p100;;;;0.3271544278;0.3271544278
;US-MA;1952;p90p91;89917.34375;;;;
;US-MA;1952;p95p96;127265.625;;;;
;US-MA;1952;p95p100;;;;0.2315210402;0.2315210402
;US-MA;1952;p99.5p100;427672.15625;;;0.0778019205;0.0778019205
;US-MA;1951;p0p100;27383.8105469;;52230729728.0;;
;US-MA;1951;p99p100;320761.25;;;0.1171353534;0.1171353534
;US-MA;1951;p99.9p100;1014441.5;;;0.0370452963;0.0370452963
;US-MA;1951;p99.99p100;2892499.0;;;0.0105628064;0.0105628064
;US-MA;1951;p90p100;;;;0.3182005584;0.3182005584
;US-MA;1951;p90p91;87135.4453125;;;;
;US-MA;1951;p95p96;126551.328125;;;;
;US-MA;1951;p95p100;;;;0.2310695946;0.2310695946
;US-MA;1951;p99.5p100;463116.4375;;;0.0845602527;0.0845602527
;US-MA;1950;p0p100;27130.0449219;;51460734976.0;;
;US-MA;1950;p99p100;338472.875;;;0.1247594208;0.1247594208
;US-MA;1950;p99.9p100;1086904.125;;;0.0400627479;0.0400627479
;US-MA;1950;p99.99p100;2510502.75;;;0.0092535885;0.0092535885
;US-MA;1950;p90p100;;;;0.3319300711;0.3319300711
;US-MA;1950;p90p91;90052.7734375;;;;
;US-MA;1950;p95p96;132210.46875;;;;
;US-MA;1950;p95p100;;;;0.243660599;0.243660599
;US-MA;1950;p99.5p100;490217.5;;;0.090345867;0.090345867
;US-MA;1949;p0p100;24508.8710938;;46078509056.0;;
;US-MA;1949;p99p100;283262.71875;;;0.1155755892;0.1155755892
;US-MA;1949;p99.9p100;868184.75;;;0.0354232863;0.0354232863
;US-MA;1949;p99.99p100;2404317.75;;;0.0098099904;0.0098099904
;US-MA;1949;p90p100;;;;0.3293948472;0.3293948472
;US-MA;1949;p90p91;80730.9609375;;;;
;US-MA;1949;p95p96;116501.195312;;;;
;US-MA;1949;p95p100;;;;0.2376714945;0.2376714945
;US-MA;1949;p99.5p100;405850.125;;;0.0827965811;0.0827965811
;US-MA;1948;p0p100;25063.890625;;46843883520.0;;
;US-MA;1948;p99p100;300853.0625;;;0.1200344637;0.1200344637
;US-MA;1948;p99.9p100;961059.0625;;;0.0383443683;0.0383443683
;US-MA;1948;p99.99p100;2804249.5;;;0.0111884046;0.0111884046
;US-MA;1948;p90p100;;;;0.3308393061;0.3308393061
;US-MA;1948;p90p91;82921.203125;;;;
;US-MA;1948;p95p96;120842.265625;;;;
;US-MA;1948;p95p100;;;;0.2410684675;0.2410684675
;US-MA;1948;p99.5p100;433979.3125;;;0.086574614;0.086574614
;US-MA;1947;p0p100;24486.5742188;;45487349760.0;;
;US-MA;1947;p99p100;292932.15625;;;0.1196297035;0.1196297035
;US-MA;1947;p99.9p100;928026.125;;;0.0378993861;0.0378993861
;US-MA;1947;p99.99p100;2778351.0;;;0.0113464249;0.0113464249
;US-MA;1947;p90p100;;;;0.3275384009;0.3275384009
;US-MA;1947;p90p91;80202.9375;;;;
;US-MA;1947;p95p96;118099.398438;;;;
;US-MA;1947;p95p100;;;;0.241151318;0.241151318
;US-MA;1947;p99.5p100;421273.03125;;;0.0860212147;0.0860212147
;US-MA;1946;p0p100;25533.9921875;;47043858432.0;;
;US-MA;1946;p99p100;332143.59375;;;0.1300790012;0.1300790012
;US-MA;1946;p99.9p100;1015039.0;;;0.039752461;0.039752461
;US-MA;1946;p99.99p100;2768330.75;;;0.0108417468;0.0108417468
;US-MA;1946;p90p100;;;;0.3476756513;0.3476756513
;US-MA;1946;p90p91;88775.4609375;;;;
;US-MA;1946;p95p96;131958.78125;;;;
;US-MA;1946;p95p100;;;;0.2583982944;0.2583982944
;US-MA;1946;p99.5p100;474784.21875;;;0.0929710194;0.0929710194
;US-MA;1945;p0p100;25865.3261719;;47670820864.0;;
;US-MA;1945;p99p100;330553.84375;;;0.1277980506;0.1277980506
;US-MA;1945;p99.9p100;1008267.0625;;;0.0389814153;0.0389814153
;US-MA;1945;p99.99p100;2475841.0;;;0.0095720468;0.0095720468
;US-MA;1945;p90p100;;;;0.3407629132;0.3407629132
;US-MA;1945;p90p91;88139.4453125;;;;
;US-MA;1945;p95p96;129626.320312;;;;
;US-MA;1945;p95p100;;;;0.2505793273;0.2505793273
;US-MA;1945;p99.5p100;474787.78125;;;0.0917807445;0.0917807445
;US-MA;1944;p0p100;25997.1445312;;47891042304.0;;
;US-MA;1944;p99p100;289550.4375;;;0.1113777757;0.1113777757
;US-MA;1944;p99.9p100;935039.0625;;;0.0359669887;0.0359669887
;US-MA;1944;p99.99p100;2691673.5;;;0.0103537273;0.0103537273
;US-MA;1944;p90p100;;;;0.3168855906;0.3168855906
;US-MA;1944;p90p91;82381.2109375;;;;
;US-MA;1944;p95p96;116872.875;;;;
;US-MA;1944;p95p100;;;;0.224780187;0.224780187
;US-MA;1944;p99.5p100;418774.0;;;0.0805423036;0.0805423036
;US-MA;1943;p0p100;26966.3457031;;49590849536.0;;
;US-MA;1943;p99p100;324208.46875;;;0.1202270538;0.1202270538
;US-MA;1943;p99.9p100;1010704.0;;;0.0374801978;0.0374801978
;US-MA;1943;p99.99p100;2451586.5;;;0.0090912813;0.0090912813
;US-MA;1943;p90p100;;;;0.3233780563;0.3233780563
;US-MA;1943;p90p91;87203.2578125;;;;
;US-MA;1943;p95p96;126563.34375;;;;
;US-MA;1943;p95p100;;;;0.2346690297;0.2346690297
;US-MA;1943;p99.5p100;470429.15625;;;0.0872252285;0.0872252285
;US-MA;1942;p0p100;24172.8535156;;44289028096.0;;
;US-MA;1942;p99p100;316504.6875;;;0.1309339404;0.1309339404
;US-MA;1942;p99.9p100;1000307.3125;;;0.0413814336;0.0413814336
;US-MA;1942;p99.99p100;2605524.75;;;0.0107787224;0.0107787224
;US-MA;1942;p90p100;;;;0.3455952108;0.3455952108
;US-MA;1942;p90p91;83540.2265625;;;;
;US-MA;1942;p95p96;121062.398438;;;;
;US-MA;1942;p95p100;;;;0.2504098117;0.2504098117
;US-MA;1942;p99.5p100;462235.59375;;;0.095610477;0.095610477
;US-MA;1941;p0p100;21904.2128906;;40095547392.0;;
;US-MA;1941;p99p100;324832.28125;;;0.1482967138;0.1482967138
;US-MA;1941;p99.9p100;1094774.125;;;0.0499800742;0.0499800742
;US-MA;1941;p99.99p100;3127788.25;;;0.0142793907;0.0142793907
;US-MA;1941;p90p100;;;;0.3788390458;0.3788390458
;US-MA;1941;p90p91;82981.7109375;;;;
;US-MA;1941;p95p96;120517.382812;;;;
;US-MA;1941;p95p100;;;;0.2751009166;0.2751009166
;US-MA;1941;p99.5p100;479568.34375;;;0.1094694287;0.1094694287
;US-MA;1940;p0p100;19630.6542969;;35937951744.0;;
;US-MA;1940;p99p100;306596.9375;;;0.1561827362;0.1561827362
;US-MA;1940;p99.9p100;997782.1875;;;0.0508277602;0.0508277602
;US-MA;1940;p99.99p100;2646804.75;;;0.0134830195;0.0134830195
;US-MA;1940;p90p100;;;;0.4089761376;0.4089761376
;US-MA;1940;p90p91;80284.6875;;;;
;US-MA;1940;p95p96;116680.914062;;;;
;US-MA;1940;p95p100;;;;0.2971906066;0.2971906066
;US-MA;1940;p99.5p100;450334.21875;;;0.1147017851;0.1147017851
;US-MA;1939;p0p100;18811.7851562;;34084935680.0;;
;US-MA;1939;p99p100;292894.03125;;;0.1556971222;0.1556971222
;US-MA;1939;p99.9p100;941799.875;;;0.0500643589;0.0500643589
;US-MA;1939;p99.99p100;2437129.25;;;0.0129553331;0.0129553331
;US-MA;1939;p90p100;;;;0.4243906736;0.4243906736
;US-MA;1939;p90p91;79835.453125;;;;
;US-MA;1939;p95p96;113151.515625;;;;
;US-MA;1939;p95p100;;;;0.3007463813;0.3007463813
;US-MA;1939;p99.5p100;428832.875;;;0.1139798537;0.1139798537
;US-MA;1938;p0p100;17455.1699219;;31345741824.0;;
;US-MA;1938;p99p100;245762.609375;;;0.1407964379;0.1407964379
;US-MA;1938;p99.9p100;777760.5;;;0.0445575975;0.0445575975
;US-MA;1938;p99.99p100;2168901.0;;;0.0124255484;0.0124255484
;US-MA;1938;p90p100;;;;0.4102913737;0.4102913737
;US-MA;1938;p90p91;71617.0625;;;;
;US-MA;1938;p95p96;97771.203125;;;;
;US-MA;1938;p95p100;;;;0.2800637186;0.2800637186
;US-MA;1938;p99.5p100;355810.25;;;0.101921156;0.101921156
;US-MA;1937;p0p100;18939.2109375;;33721847808.0;;
;US-MA;1937;p99p100;325497.1875;;;0.1718641818;0.1718641818
;US-MA;1937;p99.9p100;1084341.5;;;0.0572537854;0.0572537854
;US-MA;1937;p99.99p100;2727672.5;;;0.0144022508;0.0144022508
;US-MA;1937;p90p100;;;;0.4429145157;0.4429145157
;US-MA;1937;p90p91;83884.5078125;;;;
;US-MA;1937;p95p96;119777.578125;;;;
;US-MA;1937;p95p100;;;;0.3162158728;0.3162158728
;US-MA;1937;p99.5p100;484246.84375;;;0.1278424114;0.1278424114
;US-MA;1936;p0p100;19441.125;;34382094336.0;;
;US-MA;1936;p99p100;368830.96875;;;0.1897168607;0.1897168607
;US-MA;1936;p99.9p100;1267601.875;;;0.0652020723;0.0652020723
;US-MA;1936;p99.99p100;3373129.5;;;0.0173504837;0.0173504837
;US-MA;1936;p90p100;;;;0.4605608284;0.4605608284
;US-MA;1936;p90p91;89538.2109375;;;;
;US-MA;1936;p95p96;129275.359375;;;;
;US-MA;1936;p95p100;;;;0.3324790895;0.3324790895
;US-MA;1936;p99.5p100;555842.0;;;0.1429551989;0.1429551989
;US-MA;1935;p0p100;17778.4648438;;31221987328.0;;
;US-MA;1935;p99p100;289930.5;;;0.1630795896;0.1630795896
;US-MA;1935;p99.9p100;975770.3125;;;0.0548849553;0.0548849553
;US-MA;1935;p99.99p100;2691582.0;;;0.015139563;0.015139563
;US-MA;1935;p90p100;;;;0.4517296851;0.4517296851
;US-MA;1935;p90p91;80310.6015625;;;;
;US-MA;1935;p95p96;110240.742188;;;;
;US-MA;1935;p95p100;;;;0.3100400865;0.3100400865
;US-MA;1935;p99.5p100;431014.5;;;0.12121813;0.12121813
;US-MA;1934;p0p100;16961.4199219;;29561743360.0;;
;US-MA;1934;p99p100;263950.09375;;;0.1556179374;0.1556179374
;US-MA;1934;p99.9p100;858564.875;;;0.050618697;0.050618697
;US-MA;1934;p99.99p100;2139617.75;;;0.0126146153;0.0126146153
;US-MA;1934;p90p100;;;;0.4514430463;0.4514430463
;US-MA;1934;p90p91;76571.1484375;;;;
;US-MA;1934;p95p96;106479.28125;;;;
;US-MA;1934;p95p100;;;;0.3138867021;0.3138867021
;US-MA;1934;p99.5p100;388903.34375;;;0.1146435067;0.1146435067
;US-MA;1933;p0p100;16359.0410156;;28314167296.0;;
;US-MA;1933;p99p100;258351.265625;;;0.1579256803;0.1579256803
;US-MA;1933;p99.9p100;909361.4375;;;0.0555876978;0.0555876978
;US-MA;1933;p99.99p100;2420744.5;;;0.0147975935;0.0147975935
;US-MA;1933;p90p100;;;;0.4576945305;0.4576945305
;US-MA;1933;p90p91;74874.4375;;;;
;US-MA;1933;p95p96;102072.632812;;;;
;US-MA;1933;p95p100;;;;0.3119761944;0.3119761944
;US-MA;1933;p99.5p100;387496.1875;;;0.1184348613;0.1184348613
;US-MA;1932;p0p100;17364.9042969;;29860116480.0;;
;US-MA;1932;p99p100;252754.578125;;;0.1455548406;0.1455548406
;US-MA;1932;p99.9p100;859633.875;;;0.0495040976;0.0495040976
;US-MA;1932;p99.99p100;2106515.5;;;0.0121308807;0.0121308807
;US-MA;1932;p90p100;;;;0.4548806846;0.4548806846
;US-MA;1932;p90p91;78989.59375;;;;
;US-MA;1932;p95p96;101714.117188;;;;
;US-MA;1932;p95p100;;;;0.2928726971;0.2928726971
;US-MA;1932;p99.5p100;374715.1875;;;0.1078944132;0.1078944132
;US-MA;1931;p0p100;19246.7460938;;32864751616.0;;
;US-MA;1931;p99p100;286819.5625;;;0.1490224004;0.1490224004
;US-MA;1931;p99.9p100;972765.625;;;0.0505418256;0.0505418256
;US-MA;1931;p99.99p100;2819901.5;;;0.0146513171;0.0146513171
;US-MA;1931;p90p100;;;;0.4648243189;0.4648243189
;US-MA;1931;p90p91;89463.546875;;;;
;US-MA;1931;p95p96;115820.09375;;;;
;US-MA;1931;p95p100;;;;0.3008822799;0.3008822799
;US-MA;1931;p99.5p100;421145.46875;;;0.1094069406;0.1094069406
;US-MA;1930;p0p100;19907.1132812;;33710096384.0;;
;US-MA;1930;p99p100;360432.0;;;0.1810568869;0.1810568869
;US-MA;1930;p99.9p100;1339671.125;;;0.0672960952;0.0672960952
;US-MA;1930;p99.99p100;4260590.5;;;0.0214023516;0.0214023516
;US-MA;1930;p90p100;;;;0.4786596298;0.4786596298
;US-MA;1930;p90p91;95287.3203125;;;;
;US-MA;1930;p95p96;131130.046875;;;;
;US-MA;1930;p95p100;;;;0.3293547034;0.3293547034
;US-MA;1930;p99.5p100;545615.375;;;0.1370403022;0.1370403022
;US-MA;1929;p0p100;21867.4199219;;36741320704.0;;
;US-MA;1929;p99p100;562676.4375;;;0.2573126853;0.2573126853
;US-MA;1929;p99.9p100;2506564.0;;;0.1146255061;0.1146255061
;US-MA;1929;p99.99p100;9449157.0;;;0.0432111211;0.0432111211
;US-MA;1929;p90p100;;;;0.5311992168;0.5311992168
;US-MA;1929;p90p91;116159.5625;;;;
;US-MA;1929;p95p96;176613.65625;;;;
;US-MA;1929;p95p100;;;;0.4038282633;0.4038282633
;US-MA;1929;p99.5p100;901631.3125;;;0.2061585784;0.2061585784
;US-MA;1928;p0p100;21859.2695312;;36449107968.0;;
;US-MA;1928;p99p100;541473.3125;;;0.2477088273;0.2477088273
;US-MA;1928;p99.9p100;2285561.5;;;0.1045580134;0.1045580134
;US-MA;1928;p99.99p100;8560980.0;;;0.0391640775;0.0391640775
;US-MA;1928;p90p100;;;;0.5244597197;0.5244597197
;US-MA;1928;p90p91;114643.046875;;;;
;US-MA;1928;p95p96;172857.25;;;;
;US-MA;1928;p95p100;;;;0.3953866661;0.3953866661
;US-MA;1928;p99.5p100;855160.9375;;;0.195606038;0.195606038
;US-MA;1927;p0p100;20176.8535156;;33320937472.0;;
;US-MA;1927;p99p100;452639.625;;;0.2243360728;0.2243360728
;US-MA;1927;p99.9p100;1741695.0;;;0.0863214284;0.0863214284
;US-MA;1927;p99.99p100;5470651.5;;;0.0271134991;0.0271134991
;US-MA;1927;p90p100;;;;0.4995088577;0.4995088577
;US-MA;1927;p90p91;100785.179688;;;;
;US-MA;1927;p95p96;150081.546875;;;;
;US-MA;1927;p95p100;;;;0.371915102;0.371915102
;US-MA;1927;p99.5p100;699034.375;;;0.1732267886;0.1732267886
;US-MA;1926;p0p100;19442.7109375;;31747833856.0;;
;US-MA;1926;p99p100;405620.4375;;;0.2086234093;0.2086234093
;US-MA;1926;p99.9p100;1577183.875;;;0.0811195523;0.0811195523
;US-MA;1926;p99.99p100;5281862.0;;;0.0271662828;0.0271662828
;US-MA;1926;p90p100;;;;0.4832268357;0.4832268357
;US-MA;1926;p90p91;93952.390625;;;;
;US-MA;1926;p95p96;137404.109375;;;;
;US-MA;1926;p95p100;;;;0.3533563614;0.3533563614
;US-MA;1926;p99.5p100;625392.875;;;0.1608296484;0.1608296484
;US-MA;1925;p0p100;18957.203125;;30616670208.0;;
;US-MA;1925;p99p100;432244.53125;;;0.2280106992;0.2280106992
;US-MA;1925;p99.9p100;1757834.625;;;0.0927264616;0.0927264616
;US-MA;1925;p99.99p100;6373877.5;;;0.0336224511;0.0336224511
;US-MA;1925;p90p100;;;;0.4970087409;0.4970087409
;US-MA;1925;p90p91;94218.96875;;;;
;US-MA;1925;p95p96;138984.3125;;;;
;US-MA;1925;p95p100;;;;0.3665738404;0.3665738404
;US-MA;1925;p99.5p100;676067.9375;;;0.1783142388;0.1783142388
;US-MA;1924;p0p100;17767.3964844;;28335556608.0;;
;US-MA;1924;p99p100;364113.46875;;;0.2049335092;0.2049335092
;US-MA;1924;p99.9p100;1308622.125;;;0.0736530125;0.0736530125
;US-MA;1924;p99.99p100;3759501.0;;;0.0211595502;0.0211595502
;US-MA;1924;p90p100;;;;0.4625208378;0.4625208378
;US-MA;1924;p90p91;82177.90625;;;;
;US-MA;1924;p95p96;123464.6875;;;;
;US-MA;1924;p95p100;;;;0.3474473655;0.3474473655
;US-MA;1924;p99.5p100;553988.875;;;0.1559004188;0.1559004188
;US-MA;1923;p0p100;19428.2324219;;30465763328.0;;
;US-MA;1923;p99p100;331910.96875;;;0.1708395034;0.1708395034
;US-MA;1923;p99.9p100;1146109.75;;;0.0589919724;0.0589919724
;US-MA;1923;p99.99p100;3215919.75;;;0.0165528152;0.0165528152
;US-MA;1923;p90p100;;;;0.4227245152;0.4227245152
;US-MA;1923;p90p91;82127.8984375;;;;
;US-MA;1923;p95p96;120042.625;;;;
;US-MA;1923;p95p100;;;;0.3089386225;0.3089386225
;US-MA;1923;p99.5p100;499119.90625;;;0.1284522116;0.1284522116
;US-MA;1922;p0p100;17930.4882812;;27700015104.0;;
;US-MA;1922;p99p100;346209.5625;;;0.1930843145;0.1930843145
;US-MA;1922;p99.9p100;1266206.25;;;0.0706175044;0.0706175044
;US-MA;1922;p99.99p100;3805897.25;;;0.0212258454;0.0212258454
;US-MA;1922;p90p100;;;;0.4450347424;0.4450347424
;US-MA;1922;p90p91;79796.8984375;;;;
;US-MA;1922;p95p96;120783.078125;;;;
;US-MA;1922;p95p100;;;;0.3368092477;0.3368092477
;US-MA;1922;p99.5p100;528624.5;;;0.1474093944;0.1474093944
;US-MA;1921;p0p100;15697.0927734;;23966046208.0;;
;US-MA;1921;p99p100;267972.25;;;0.1707145721;0.1707145721
;US-MA;1921;p99.9p100;916143.5;;;0.0583638921;0.0583638921
;US-MA;1921;p99.99p100;2451183.75;;;0.0156155275;0.0156155275
;US-MA;1921;p90p100;;;;0.4234502912;0.4234502912
;US-MA;1921;p90p91;66469.390625;;;;
;US-MA;1921;p95p96;98024.1328125;;;;
;US-MA;1921;p95p100;;;;0.3122365773;0.3122365773
;US-MA;1921;p99.5p100;401386.84375;;;0.1278538704;0.1278538704
;US-MA;1920;p0p100;16654.0097656;;24989464576.0;;
;US-MA;1920;p99p100;280723.84375;;;0.1685623378;0.1685623378
;US-MA;1920;p99.9p100;1001428.4375;;;0.0601313785;0.0601313785
;US-MA;1920;p99.99p100;2929535.75;;;0.0175905749;0.0175905749
;US-MA;1920;p90p100;;;;0.4024599791;0.4024599791
;US-MA;1920;p90p91;67025.71875;;;;
;US-MA;1920;p95p96;98966.171875;;;;
;US-MA;1920;p95p100;;;;0.2971241772;0.2971241772
;US-MA;1920;p99.5p100;426428.8125;;;0.1280258894;0.1280258894
;US-MA;1919;p0p100;17558.2167969;;25838440448.0;;
;US-MA;1919;p99p100;369183.90625;;;0.2102627456;0.2102627456
;US-MA;1919;p99.9p100;1467839.0;;;0.0835983977;0.0835983977
;US-MA;1919;p99.99p100;4321841.0;;;0.024614349;0.024614349
;US-MA;1919;p90p100;;;;0.4491887987;0.4491887987
;US-MA;1919;p90p91;78869.546875;;;;
;US-MA;1919;p95p96;121326.46875;;;;
;US-MA;1919;p95p100;;;;0.3454976678;0.3454976678
;US-MA;1919;p99.5p100;577599.6875;;;0.1644812971;0.1644812971
;US-MA;1918;p0p100;17546.6113281;;25471592448.0;;
;US-MA;1918;p99p100;373009.9375;;;0.21258232;0.21258232
;US-MA;1918;p99.9p100;1579648.0;;;0.0900258198;0.0900258198
;US-MA;1918;p99.99p100;5062286.0;;;0.0288505051;0.0288505051
;US-MA;1918;p90p100;;;;0.4583489299;0.4583489299
;US-MA;1918;p90p91;80424.703125;;;;
;US-MA;1918;p95p96;121993.648438;;;;
;US-MA;1918;p95p100;;;;0.3476273715;0.3476273715
;US-MA;1918;p99.5p100;593461.5625;;;0.169110015;0.169110015
;US-MA;1917;p0p100;18037.2441406;;26169657344.0;;
