Variable Name;.;.;.;Fiscal income  | tax unit | Average | Adults | constant 2015 local currency;Fiscal income  | tax unit | Threshold | Adults | constant 2015 local currency;Fiscal income  | tax unit | Total | Adults | constant 2015 local currency;Fiscal income  | tax unit | Share | Adults | share of total (ratio);Pre-tax national income  | tax unit | Share | Adults | share of total (ratio)
Variable Category;.;.;.;Income inequality;Income inequality;Income inequality;Income inequality;Income inequality
Variable Description;.;.;.;Average Fiscal income within a given percentile group. Fiscal income is defined as the sum of all income items reported on income tax returns, before any deduction. It includes labour income, capital income and mixed income. The concept of fiscal income varies with national tax legislations, so in order to make international comparisons it is preferable to use the concept of national income. The population is comprised of individuals over age 20. The base unit is the tax unit defined by national fiscal administrations to measure personal income taxes.;Fiscal income threshold value at a given percentile.  Fiscal income is defined as the sum of all income items reported on income tax returns, before any deduction. It includes labour income, capital income and mixed income. The concept of fiscal income varies with national tax legislations, so in order to make international comparisons it is preferable to use the concept of national income. The population is comprised of individuals over age 20. The base unit is the tax unit defined by national fiscal administrations to measure personal income taxes.;Total Fiscal income  within a given percentile group. Fiscal income is defined as the sum of all income items reported on income tax returns, before any deduction. It includes labour income, capital income and mixed income. The concept of fiscal income varies with national tax legislations, so in order to make international comparisons it is preferable to use the concept of national income. The population is comprised of individuals over age 20.;Fiscal income share held by a given percentile group. Fiscal income is defined as the sum of all income items reported on income tax returns, before any deduction. It includes labour income, capital income and mixed income. The concept of fiscal income varies with national tax legislations, so in order to make international comparisons it is preferable to use the concept of national income. The population is comprised of individuals over age 20. The base unit is the tax unit defined by national fiscal administrations to measure personal income taxes.;Pre-tax national income share held by a given percentile group. Pre-tax national income  is the sum of all pre-tax personal income flows accruing to the owners of the production factors, labor and capital, before taking into account the operation of the tax/transfer system, but after taking into account the operation of pension system. The central difference between personal factor income and pre-tax income is the treatment of pensions, which are counted on a contribution basis by factor income and on a distribution basis by pre-tax income. The population is comprised of individuals over age 20. The base unit is the tax unit defined by national fiscal administrations to measure personal income taxes.
Variable Decomposition;.;.;.;[Fiscal income ]=[Fiscal labour income ]+[Fiscal capital income ];[Fiscal income ]=[Fiscal labour income ]+[Fiscal capital income ];[Fiscal income ]=[Fiscal labour income ]+[Fiscal capital income ];[Fiscal income ]=[Fiscal labour income ]+[Fiscal capital income ];Pre-tax national income =Pre-tax labor income [total pre-tax income ranking]+Pre-tax capital income [total pre-tax income ranking]
Variable Unit;.;.;.;"USD; United States dollar | local currency | market";"USD; United States dollar | local currency | market";"USD; United States dollar | local currency | market";share;share
Methodological Notes;.;.;.;;;;;Assuming the same distribution as fiscal income.
Sources;.;.;.;Frank, Sommeiller, Price & Saez (2015);Frank, Sommeiller, Price & Saez (2015);Frank, Sommeiller, Price & Saez (2015);Frank, Sommeiller, Price & Saez (2015);WID.world computations using: Frank, Sommeiller, Price & Saez (2015)
Variable Code;country;year;perc;afiinc992t;tfiinc992t;mfiinc992t;sfiinc992t;sptinc992t
;US-OH;2014;p0p100;52824.359375;;3.18192156672e+11;;
;US-OH;2014;p99p100;;337063.34375;;0.1622612327;0.1622612327
;US-OH;2014;p99.9p100;;1330609.25;;0.067334868;0.067334868
;US-OH;2014;p99.99p100;;5699206.0;;0.0278391391;0.0278391391
;US-OH;2014;p90p100;;113047.710938;;0.4387987554;0.4387987554
;US-OH;2014;p90p91;234809.734375;;;;
;US-OH;2014;p95p96;338222.8125;;;;
;US-OH;2014;p90p95;131396.640625;113047.710938;;0.1214666888;0.1214666888
;US-OH;2014;p95p99;206101.609375;143174.0;;0.1549099833;0.1549099833
;US-OH;2014;p99.5p99.9;751419.25;514838.125;;0.0567152202;0.0567152202
;US-OH;2014;p99.9p99.99;2295292.0;1330609.25;;0.0398179293;0.0398179293
;US-OH;2014;p99p99.5;409586.5625;337063.34375;;0.0383095182;0.0383095182
;US-OH;2014;p95p100;;143174.0;;0.3171088696;0.3171088696
;US-OH;2014;p0p90;32603.7617188;;;0.5609415174;0.5609415174
;US-OH;2014;p0p99;44603.3164062;;;0.8377387524;0.8377387524
;US-OH;2014;p99.5p100;;514838.125;;0.1239456534;0.1239456534
;US-OH;2014;p99.5p99.6;1323828.75;;;;
;US-OH;2014;p99.99p99.991;15477040.0;;;;
;US-OH;2014;p99.9p99.91;3613467.0;;;;
;US-OH;2014;p99p99.1;866707.6875;;;;
;US-OH;2013;p0p100;51714.7460938;;3.08104921088e+11;;
;US-OH;2013;p99p100;;330949.78125;;0.1497581154;0.1497581154
;US-OH;2013;p99.9p100;;1218943.0;;0.0575362332;0.0575362332
;US-OH;2013;p99.99p100;;4811799.5;;0.0224143025;0.0224143025
;US-OH;2013;p90p100;;112051.453125;;0.4249662161;0.4249662161
;US-OH;2013;p90p91;224465.578125;;;;
;US-OH;2013;p95p96;317751.21875;;;;
;US-OH;2013;p90p95;131179.9375;112051.453125;;0.1222147495;0.1222147495
;US-OH;2013;p95p99;200840.96875;141075.8125;;0.1525928378;0.1525928378
;US-OH;2013;p99.5p99.9;711247.0625;494246.53125;;0.0541014224;0.0541014224
;US-OH;2013;p99.9p99.99;2030680.375;1218943.0;;0.0352455229;0.0352455229
;US-OH;2013;p99p99.5;397865.21875;330949.78125;;0.0381511338;0.0381511338
;US-OH;2013;p95p100;;141075.8125;;0.302413851;0.302413851
;US-OH;2013;p0p90;32520.2089844;;;0.5752800107;0.5752800107
;US-OH;2013;p0p99;44303.8632812;;;0.8502418995;0.8502418995
;US-OH;2013;p99.5p100;;494246.53125;;0.1116556749;0.1116556749
;US-OH;2013;p99.5p99.6;1172919.375;;;;
;US-OH;2013;p99.99p99.991;11919959.0;;;;
;US-OH;2013;p99.9p99.91;3019608.25;;;;
;US-OH;2013;p99p99.1;785392.25;;;;
;US-OH;2012;p0p100;51464.9414062;;3.11591108608e+11;;
;US-OH;2012;p99p100;876482.9375;;;0.1703067869;0.1703067869
;US-OH;2012;p99.9p100;3692391.0;;;0.0717457533;0.0717457533
;US-OH;2012;p99.99p100;14945799.0;;;0.0290407352;0.0290407352
;US-OH;2012;p90p100;;;;0.4437520802;0.4437520802
;US-OH;2012;p90p91;228376.765625;;;;
;US-OH;2012;p95p96;330512.96875;;;;
;US-OH;2012;p95p100;;;;0.3211049736;0.3211049736
;US-OH;2012;p99.5p100;1349782.125;;;0.1311360747;0.1311360747
;US-OH;2011;p0p100;48751.1015625;;2.9332062208e+11;;
;US-OH;2011;p99p100;750656.125;;;0.1539772749;0.1539772749
;US-OH;2011;p99.9p100;3047973.25;;;0.0625211149;0.0625211149
;US-OH;2011;p99.99p100;12586681.0;;;0.0258182492;0.0258182492
;US-OH;2011;p90p100;;;;0.4340905547;0.4340905547
;US-OH;2011;p90p91;211623.921875;;;;
;US-OH;2011;p95p96;298871.21875;;;;
;US-OH;2011;p95p100;;;;0.3065276742;0.3065276742
;US-OH;2011;p99.5p100;1135434.125;;;0.1164521649;0.1164521649
;US-OH;2010;p0p100;48660.734375;;2.87207391232e+11;;
;US-OH;2010;p99p100;732454.3125;;;0.1505226493;0.1505226493
;US-OH;2010;p99.9p100;3000432.5;;;0.0616602376;0.0616602376
;US-OH;2010;p99.99p100;12906198.0;;;0.0265228171;0.0265228171
;US-OH;2010;p90p100;;;;0.4270886481;0.4270886481
;US-OH;2010;p90p91;207824.46875;;;;
;US-OH;2010;p95p96;291828.90625;;;;
;US-OH;2010;p95p100;;;;0.2998608053;0.2998608053
;US-OH;2010;p99.5p100;1108983.625;;;0.113950558;0.113950558
;US-OH;2009;p0p100;47261.2421875;;2.76355743744e+11;;
;US-OH;2009;p99p100;652907.375;;;0.138148576;0.138148576
;US-OH;2009;p99.9p100;2614144.0;;;0.0553126372;0.0553126372
;US-OH;2009;p99.99p100;10732596.0;;;0.0227090865;0.0227090865
;US-OH;2009;p90p100;;;;0.4149295688;0.4149295688
;US-OH;2009;p90p91;196100.875;;;;
;US-OH;2009;p95p96;269991.59375;;;;
;US-OH;2009;p95p100;;;;0.2856374383;0.2856374383
;US-OH;2009;p99.5p100;979589.0625;;;0.103635557;0.103635557
;US-OH;2008;p0p100;52724.640625;;3.02682570752e+11;;
;US-OH;2008;p99p100;822122.625;;;0.1559275985;0.1559275985
;US-OH;2008;p99.9p100;3599498.0;;;0.068269752;0.068269752
;US-OH;2008;p99.99p100;15363668.0;;;0.0291394442;0.0291394442
;US-OH;2008;p90p100;;;;0.418092221;0.418092221
;US-OH;2008;p90p91;220437.625;;;;
;US-OH;2008;p95p96;313024.875;;;;
;US-OH;2008;p95p100;;;;0.2968487442;0.2968487442
;US-OH;2008;p99.5p100;1274849.75;;;0.1208969578;0.1208969578
;US-OH;2007;p0p100;57772.4296875;;3.29377087488e+11;;
;US-OH;2007;p99p100;990954.0;;;0.1715271324;0.1715271324
;US-OH;2007;p99.9p100;4575649.0;;;0.0792012513;0.0792012513
;US-OH;2007;p99.99p100;19892136.0;;;0.0344318822;0.0344318822
;US-OH;2007;p90p100;;;;0.4216477573;0.4216477573
;US-OH;2007;p90p91;243596.171875;;;;
;US-OH;2007;p95p96;355390.75;;;;
;US-OH;2007;p95p100;;;;0.3075781167;0.3075781167
;US-OH;2007;p99.5p100;1569378.25;;;0.1358241439;0.1358241439
;US-OH;2006;p0p100;55299.734375;;3.20235798528e+11;;
;US-OH;2006;p99p100;920460.625;;;0.166449368;0.166449368
;US-OH;2006;p99.9p100;4132339.0;;;0.0747262016;0.0747262016
;US-OH;2006;p99.99p100;17216114.0;;;0.0311323609;0.0311323609
;US-OH;2006;p90p100;;;;0.4187739491;0.4187739491
;US-OH;2006;p90p91;231580.890625;;;;
;US-OH;2006;p95p96;339778.25;;;;
;US-OH;2006;p95p100;;;;0.3072150946;0.3072150946
;US-OH;2006;p99.5p100;1446894.875;;;0.1308229417;0.1308229417
;US-OH;2005;p0p100;54462.5585938;;3.1259082752e+11;;
;US-OH;2005;p99p100;862811.4375;;;0.1584228724;0.1584228724
;US-OH;2005;p99.9p100;3812623.0;;;0.0700044855;0.0700044855
;US-OH;2005;p99.99p100;15693510.0;;;0.0288152285;0.0288152285
;US-OH;2005;p90p100;;;;0.407874018;0.407874018
;US-OH;2005;p90p91;222138.609375;;;;
;US-OH;2005;p95p96;326547.21875;;;;
;US-OH;2005;p95p100;;;;0.299790591;0.299790591
;US-OH;2005;p99.5p100;1347202.125;;;0.1236815006;0.1236815006
;US-OH;2004;p0p100;53269.125;;3.03055634432e+11;;
;US-OH;2004;p99p100;814735.625;;;0.1529470533;0.1529470533
;US-OH;2004;p99.9p100;3555543.5;;;0.0667467937;0.0667467937
;US-OH;2004;p99.99p100;14855147.0;;;0.0278869718;0.0278869718
;US-OH;2004;p90p100;;;;0.4044649899;0.4044649899
;US-OH;2004;p90p91;215454.984375;;;;
;US-OH;2004;p95p96;316686.375;;;;
;US-OH;2004;p95p100;;;;0.2972513139;0.2972513139
;US-OH;2004;p99.5p100;1262560.625;;;0.1185077205;0.1185077205
;US-OH;2003;p0p100;51298.7617188;;2.9048635392e+11;;
;US-OH;2003;p99p100;698214.8125;;;0.1361075491;0.1361075491
;US-OH;2003;p99.9p100;2807337.0;;;0.0547252372;0.0547252372
;US-OH;2003;p99.99p100;11163188.0;;;0.0217611268;0.0217611268
;US-OH;2003;p90p100;;;;0.392981112;0.392981112
;US-OH;2003;p90p91;201594.4375;;;;
;US-OH;2003;p95p96;285930.46875;;;;
;US-OH;2003;p95p100;;;;0.278691411;0.278691411
;US-OH;2003;p99.5p100;1053674.25;;;0.102699779;0.102699779
;US-OH;2002;p0p100;50586.0195312;;2.89996537856e+11;;
;US-OH;2002;p99p100;695151.125;;;0.1374196261;0.1374196261
;US-OH;2002;p99.9p100;2770671.25;;;0.0547714755;0.0547714755
;US-OH;2002;p99.99p100;10858573.0;;;0.0214655604;0.0214655604
;US-OH;2002;p90p100;;;;0.3967298567;0.3967298567
;US-OH;2002;p90p91;200689.84375;;;;
;US-OH;2002;p95p96;284840.40625;;;;
;US-OH;2002;p95p100;;;;0.2815406322;0.2815406322
;US-OH;2002;p99.5p100;1046683.875;;;0.1034558415;0.1034558415
;US-OH;2001;p0p100;53406.7304688;;2.99755732992e+11;;
;US-OH;2001;p99p100;714419.4375;;;0.1337695718;0.1337695718
;US-OH;2001;p99.9p100;2716731.75;;;0.0508687161;0.0508687161
;US-OH;2001;p99.99p100;9960553.0;;;0.0186503716;0.0186503716
;US-OH;2001;p90p100;;;;0.3864512146;0.3864512146
;US-OH;2001;p90p91;206390.9375;;;;
;US-OH;2001;p95p96;294196.03125;;;;
;US-OH;2001;p95p100;;;;0.2754297554;0.2754297554
;US-OH;2001;p99.5p100;1056890.25;;;0.0989473015;0.0989473015
;US-OH;2000;p0p100;58769.3671875;;3.22600435712e+11;;
;US-OH;2000;p99p100;840003.625;;;0.1429322213;0.1429322213
;US-OH;2000;p99.9p100;3379302.0;;;0.0575010814;0.0575010814
;US-OH;2000;p99.99p100;12478323.0;;;0.0212326981;0.0212326981
;US-OH;2000;p90p100;;;;0.3867003024;0.3867003024
;US-OH;2000;p90p91;227261.328125;;;;
;US-OH;2000;p95p96;330573.9375;;;;
;US-OH;2000;p95p100;;;;0.2812467813;0.2812467813
;US-OH;2000;p99.5p100;1269116.75;;;0.107974343;0.107974343
;US-OH;1999;p0p100;57499.7226562;;3.15828240384e+11;;
;US-OH;1999;p99p100;823351.4375;;;0.1431922466;0.1431922466
;US-OH;1999;p99.9p100;3214263.75;;;0.0559005067;0.0559005067
;US-OH;1999;p99.99p100;11345401.0;;;0.0197312273;0.0197312273
;US-OH;1999;p90p100;;;;0.3917173743;0.3917173743
;US-OH;1999;p90p91;225236.40625;;;;
;US-OH;1999;p95p96;326627.71875;;;;
;US-OH;1999;p95p100;;;;0.2840254903;0.2840254903
;US-OH;1999;p99.5p100;1239265.25;;;0.1077627167;0.1077627167
;US-OH;1998;p0p100;55205.3007812;;3.0143954944e+11;;
;US-OH;1998;p99p100;825424.125;;;0.1495189965;0.1495189965
;US-OH;1998;p99.9p100;3399287.75;;;0.0615753867;0.0615753867
;US-OH;1998;p99.99p100;13003258.0;;;0.0235543642;0.0235543642
;US-OH;1998;p90p100;;;;0.3961663544;0.3961663544
;US-OH;1998;p90p91;218704.828125;;;;
;US-OH;1998;p95p96;318590.8125;;;;
;US-OH;1998;p95p100;;;;0.2885509133;0.2885509133
;US-OH;1998;p99.5p100;1258796.5;;;0.1140104681;0.1140104681
;US-OH;1997;p0p100;51962.3007812;;2.82486931456e+11;;
;US-OH;1997;p99p100;763619.375;;;0.1469564289;0.1469564289
;US-OH;1997;p99.9p100;3137053.0;;;0.0603717119;0.0603717119
;US-OH;1997;p99.99p100;12101753.0;;;0.0232894849;0.0232894849
;US-OH;1997;p90p100;;;;0.3938474357;0.3938474357
;US-OH;1997;p90p91;204652.1875;;;;
;US-OH;1997;p95p96;296653.0;;;;
;US-OH;1997;p95p100;;;;0.2854502499;0.2854502499
;US-OH;1997;p99.5p100;1164469.25;;;0.1120494306;0.1120494306
;US-OH;1996;p0p100;48605.2304688;;2.62727794688e+11;;
;US-OH;1996;p99p100;679736.0;;;0.1398483217;0.1398483217
;US-OH;1996;p99.9p100;2734308.0;;;0.0562554263;0.0562554263
;US-OH;1996;p99.99p100;10707627.0;;;0.0220297836;0.0220297836
;US-OH;1996;p90p100;;;;0.390337497;0.390337497
;US-OH;1996;p90p91;189724.4375;;;;
;US-OH;1996;p95p96;271091.0625;;;;
;US-OH;1996;p95p100;;;;0.2788702846;0.2788702846
;US-OH;1996;p99.5p100;1027844.75;;;0.1057339683;0.1057339683
;US-OH;1995;p0p100;47006.5703125;;2.52405170176e+11;;
;US-OH;1995;p99p100;619473.625;;;0.1317844838;0.1317844838
;US-OH;1995;p99.9p100;2390267.0;;;0.0508496426;0.0508496426
;US-OH;1995;p99.99p100;8985141.0;;;0.0191146489;0.0191146489
;US-OH;1995;p90p100;;;;0.3811751902;0.3811751902
;US-OH;1995;p90p91;179177.375;;;;
;US-OH;1995;p95p96;254214.796875;;;;
;US-OH;1995;p95p100;;;;0.2704035044;0.2704035044
;US-OH;1995;p99.5p100;925711.5;;;0.0984661952;0.0984661952
;US-OH;1994;p0p100;45582.828125;;2.44073807872e+11;;
;US-OH;1994;p99p100;563402.4375;;;0.1235997304;0.1235997304
;US-OH;1994;p99.9p100;2150708.5;;;0.0471824296;0.0471824296
;US-OH;1994;p99.99p100;8241072.0;;;0.0180793349;0.0180793349
;US-OH;1994;p90p100;;;;0.3669370115;0.3669370115
;US-OH;1994;p90p91;167260.265625;;;;
;US-OH;1994;p95p96;236126.96875;;;;
;US-OH;1994;p95p100;;;;0.2590087056;0.2590087056
;US-OH;1994;p99.5p100;837507.125;;;0.091866523;0.091866523
;US-OH;1993;p0p100;44592.9726562;;2.36208586752e+11;;
;US-OH;1993;p99p100;562331.75;;;0.1261032224;0.1261032224
;US-OH;1993;p99.9p100;2207659.75;;;0.0495069027;0.0495069027
;US-OH;1993;p99.99p100;8709465.0;;;0.0195310283;0.0195310283
;US-OH;1993;p90p100;;;;0.3716910481;0.3716910481
;US-OH;1993;p90p91;165748.078125;;;;
;US-OH;1993;p95p96;233059.0625;;;;
;US-OH;1993;p95p100;;;;0.261318177;0.261318177
;US-OH;1993;p99.5p100;844941.3125;;;0.094739303;0.094739303
;US-OH;1992;p0p100;44791.625;;2.35279351808e+11;;
;US-OH;1992;p99p100;565274.0625;;;0.1262008399;0.1262008399
;US-OH;1992;p99.9p100;2207286.75;;;0.0492790043;0.0492790043
;US-OH;1992;p99.99p100;8561328.0;;;0.0191136785;0.0191136785
;US-OH;1992;p90p100;;;;0.369091332;0.369091332
;US-OH;1992;p90p91;165322.015625;;;;
;US-OH;1992;p95p96;231091.140625;;;;
;US-OH;1992;p95p100;;;;0.2579624355;0.2579624355
;US-OH;1992;p99.5p100;849730.375;;;0.0948537067;0.0948537067
;US-OH;1991;p0p100;43976.4882812;;2.2943121408e+11;;
;US-OH;1991;p99p100;520129.125;;;0.1182743609;0.1182743609
;US-OH;1991;p99.9p100;1945893.75;;;0.0442485027;0.0442485027
;US-OH;1991;p99.99p100;7253285.5;;;0.0164935514;0.0164935514
;US-OH;1991;p90p100;;;;0.3639132977;0.3639132977
;US-OH;1991;p90p91;160036.28125;;;;
;US-OH;1991;p95p96;219747.703125;;;;
;US-OH;1991;p95p100;;;;0.2498468012;0.2498468012
;US-OH;1991;p99.5p100;771748.5625;;;0.0877455845;0.0877455845
;US-OH;1990;p0p100;46169.4609375;;2.35557208064e+11;;
;US-OH;1990;p99p100;556851.875;;;0.1206104457;0.1206104457
;US-OH;1990;p99.9p100;2135922.25;;;0.0462626666;0.0462626666
;US-OH;1990;p99.99p100;8075318.5;;;0.0174906086;0.0174906086
;US-OH;1990;p90p100;;;;0.3567449152;0.3567449152
;US-OH;1990;p90p91;164707.1875;;;;
;US-OH;1990;p95p96;228545.265625;;;;
;US-OH;1990;p95p100;;;;0.247506991;0.247506991
;US-OH;1990;p99.5p100;835875.6875;;;0.0905225873;0.0905225873
;US-OH;1989;p0p100;46000.15625;;2.34641342464e+11;;
;US-OH;1989;p99p100;554856.25;;;0.1206205189;0.1206205189
;US-OH;1989;p99.9p100;2123958.0;;;0.0461728461;0.0461728461
;US-OH;1989;p99.99p100;8032561.0;;;0.0174620301;0.0174620301
;US-OH;1989;p90p100;;;;0.3610905409;0.3610905409
;US-OH;1989;p90p91;166102.21875;;;;
;US-OH;1989;p95p96;231053.65625;;;;
;US-OH;1989;p95p100;;;;0.251144439;0.251144439
;US-OH;1989;p99.5p100;828813.5625;;;0.0900881216;0.0900881216
;US-OH;1988;p0p100;46076.8398438;;2.32229781504e+11;;
;US-OH;1988;p99p100;593270.3125;;;0.1287567317;0.1287567317
;US-OH;1988;p99.9p100;2390465.0;;;0.0518799648;0.0518799648
;US-OH;1988;p99.99p100;9241005.0;;;0.0200556405;0.0200556405
;US-OH;1988;p90p100;;;;0.3677312434;0.3677312434
;US-OH;1988;p90p91;169438.9375;;;;
;US-OH;1988;p95p96;238100.5;;;;
;US-OH;1988;p95p100;;;;0.2583732903;0.2583732903
;US-OH;1988;p99.5p100;902519.3125;;;0.0979363248;0.0979363248
;US-OH;1987;p0p100;43747.5234375;;2.18446430208e+11;;
;US-OH;1987;p99p100;486585.25;;;0.1112257764;0.1112257764
;US-OH;1987;p99.9p100;1769650.875;;;0.0404514521;0.0404514521
;US-OH;1987;p99.99p100;6477937.5;;;0.0148075521;0.0148075521
;US-OH;1987;p90p100;;;;0.3574004471;0.3574004471
;US-OH;1987;p90p91;156353.859375;;;;
;US-OH;1987;p95p96;212984.578125;;;;
;US-OH;1987;p95p100;;;;0.2434247136;0.2434247136
;US-OH;1987;p99.5p100;712771.375;;;0.0814642012;0.0814642012
;US-OH;1986;p0p100;45902.2929688;;2.26827255808e+11;;
;US-OH;1986;p99p100;607141.125;;;0.1322681457;0.1322681457
;US-OH;1986;p99.9p100;2591141.75;;;0.0564490668;0.0564490668
;US-OH;1986;p99.99p100;10743634.0;;;0.0234054383;0.0234054383
;US-OH;1986;p90p100;;;;0.3696990013;0.3696990013
;US-OH;1986;p90p91;169700.3125;;;;
;US-OH;1986;p95p96;239554.25;;;;
;US-OH;1986;p95p100;;;;0.2609393001;0.2609393001
;US-OH;1986;p99.5p100;937879.375;;;0.1021604091;0.1021604091
;US-OH;1985;p0p100;42928.2851562;;2.08398483456e+11;;
;US-OH;1985;p99p100;425328.34375;;;0.0990788192;0.0990788192
;US-OH;1985;p99.9p100;1530410.25;;;0.0356503949;0.0356503949
;US-OH;1985;p99.99p100;5289869.5;;;0.0123225749;0.0123225749
;US-OH;1985;p90p100;;;;0.3373580873;0.3373580873
;US-OH;1985;p90p91;144822.03125;;;;
;US-OH;1985;p95p96;195095.46875;;;;
;US-OH;1985;p95p100;;;;0.2272341996;0.2272341996
;US-OH;1985;p99.5p100;619812.1875;;;0.072191596;0.072191596
;US-OH;1984;p0p100;41678.2109375;;1.98859784192e+11;;
;US-OH;1984;p99p100;434687.375;;;0.1042960584;0.1042960584
;US-OH;1984;p99.9p100;1659205.875;;;0.0398099087;0.0398099087
;US-OH;1984;p99.99p100;6669553.5;;;0.016002493;0.016002493
;US-OH;1984;p90p100;;;;0.3355237544;0.3355237544
;US-OH;1984;p90p91;139840.296875;;;;
;US-OH;1984;p95p96;191016.140625;;;;
;US-OH;1984;p95p100;;;;0.2291558534;0.2291558534
;US-OH;1984;p99.5p100;633540.0625;;;0.0760037452;0.0760037452
;US-OH;1983;p0p100;40060.90625;;1.87916271616e+11;;
;US-OH;1983;p99p100;451008.25;;;0.1125806272;0.1125806272
;US-OH;1983;p99.9p100;1752118.625;;;0.0437363647;0.0437363647
;US-OH;1983;p99.99p100;7136906.0;;;0.0178151373;0.0178151373
;US-OH;1983;p90p100;;;;0.3391551673;0.3391551673
;US-OH;1983;p90p91;135868.640625;;;;
;US-OH;1983;p95p96;188313.234375;;;;
;US-OH;1983;p95p100;;;;0.2350336611;0.2350336611
;US-OH;1983;p99.5p100;653710.0625;;;0.0815895125;0.0815895125
;US-OH;1982;p0p100;39376.5742188;;1.89344546816e+11;;
;US-OH;1982;p99p100;399932.4375;;;0.1015660763;0.1015660763
;US-OH;1982;p99.9p100;1546922.125;;;0.0392853394;0.0392853394
;US-OH;1982;p99.99p100;6422870.5;;;0.0163113978;0.0163113978
;US-OH;1982;p90p100;;;;0.3330383301;0.3330383301
;US-OH;1982;p90p91;131139.09375;;;;
;US-OH;1982;p95p96;177057.765625;;;;
;US-OH;1982;p95p100;;;;0.2248262465;0.2248262465
;US-OH;1982;p99.5p100;590132.75;;;0.0749344975;0.0749344975
;US-OH;1981;p0p100;40213.1679688;;1.96039671808e+11;;
;US-OH;1981;p99p100;360825.5;;;0.0897281915;0.0897281915
;US-OH;1981;p99.9p100;1185926.5;;;0.029490998;0.029490998
;US-OH;1981;p99.99p100;3802969.25;;;0.0094570247;0.0094570247
;US-OH;1981;p90p100;;;;0.3339275122;0.3339275122
;US-OH;1981;p90p91;134282.84375;;;;
;US-OH;1981;p95p96;170454.640625;;;;
;US-OH;1981;p95p100;;;;0.2119388431;0.2119388431
;US-OH;1981;p99.5p100;510302.21875;;;0.0634496361;0.0634496361
;US-OH;1980;p0p100;41736.6484375;;2.00607121408e+11;;
;US-OH;1980;p99p100;377275.96875;;;0.090394415;0.090394415
;US-OH;1980;p99.9p100;1208314.125;;;0.0289509147;0.0289509147
;US-OH;1980;p99.99p100;4263315.0;;;0.0102147991;0.0102147991
;US-OH;1980;p90p100;;;;0.325632602;0.325632602
;US-OH;1980;p90p91;135908.125;;;;
;US-OH;1980;p95p96;176301.625;;;;
;US-OH;1980;p95p100;;;;0.2112072259;0.2112072259
;US-OH;1980;p99.5p100;531232.5;;;0.0636410117;0.0636410117
;US-OH;1979;p0p100;43033.1640625;;2.05249871872e+11;;
;US-OH;1979;p99p100;391339.53125;;;0.0909390524;0.0909390524
;US-OH;1979;p99.9p100;1273358.375;;;0.0295901615;0.0295901615
;US-OH;1979;p99.99p100;4716288.5;;;0.0109596588;0.0109596588
;US-OH;1979;p90p100;;;;0.3222600818;0.3222600818
;US-OH;1979;p90p91;138678.71875;;;;
;US-OH;1979;p95p96;180302.703125;;;;
;US-OH;1979;p95p100;;;;0.2094927281;0.2094927281
;US-OH;1979;p99.5p100;553789.3125;;;0.0643444732;0.0643444732
;US-OH;1978;p0p100;42504.1914062;;1.98948716544e+11;;
;US-OH;1978;p99p100;345807.96875;;;0.0813585594;0.0813585594
;US-OH;1978;p99.9p100;995791.5625;;;0.0234280806;0.0234280806
;US-OH;1978;p99.99p100;3048818.75;;;0.0071729845;0.0071729845
;US-OH;1978;p90p100;;;;0.3156755567;0.3156755567
;US-OH;1978;p90p91;134175.328125;;;;
;US-OH;1978;p95p96;176121.1875;;;;
;US-OH;1978;p95p100;;;;0.207180962;0.207180962
;US-OH;1978;p99.5p100;477856.5;;;0.0562128685;0.0562128685
;US-OH;1977;p0p100;41923.9023438;;1.93148403712e+11;;
;US-OH;1977;p99p100;345418.875;;;0.0823918656;0.0823918656
;US-OH;1977;p99.9p100;1036974.5;;;0.0247346833;0.0247346833
;US-OH;1977;p99.99p100;3429303.25;;;0.0081798285;0.0081798285
;US-OH;1977;p90p100;;;;0.3157531917;0.3157531917
;US-OH;1977;p90p91;132376.078125;;;;
;US-OH;1977;p95p96;171921.1875;;;;
;US-OH;1977;p95p100;;;;0.2050395757;0.2050395757
;US-OH;1977;p99.5p100;479928.75;;;0.0572380796;0.0572380796
;US-OH;1976;p0p100;40874.078125;;1.85466077184e+11;;
;US-OH;1976;p99p100;339875.5;;;0.0831518397;0.0831518397
;US-OH;1976;p99.9p100;961206.375;;;0.0235162824;0.0235162824
;US-OH;1976;p99.99p100;3058387.25;;;0.0074824616;0.0074824616
;US-OH;1976;p90p100;;;;0.3157222867;0.3157222867
;US-OH;1976;p90p91;129048.570312;;;;
;US-OH;1976;p95p96;169203.6875;;;;
;US-OH;1976;p95p100;;;;0.2069816589;0.2069816589
;US-OH;1976;p99.5p100;464555.125;;;0.0568275936;0.0568275936
;US-OH;1975;p0p100;39293.4453125;;1.75711387648e+11;;
;US-OH;1975;p99p100;325301.65625;;;0.0827877745;0.0827877745
;US-OH;1975;p99.9p100;907808.6875;;;0.0231033135;0.0231033135
;US-OH;1975;p99.99p100;3137590.5;;;0.0079850238;0.0079850238
;US-OH;1975;p90p100;;;;0.3170174956;0.3170174956
;US-OH;1975;p90p91;124567.070312;;;;
;US-OH;1975;p95p96;163275.65625;;;;
;US-OH;1975;p95p100;;;;0.2077645212;0.2077645212
;US-OH;1975;p99.5p100;442430.40625;;;0.0562982522;0.0562982522
;US-OH;1974;p0p100;42353.03125;;1.86597097472e+11;;
;US-OH;1974;p99p100;326227.15625;;;0.0770256892;0.0770256892
;US-OH;1974;p99.9p100;900560.1875;;;0.0212631822;0.0212631822
;US-OH;1974;p99.99p100;2686259.25;;;0.0063425433;0.0063425433
;US-OH;1974;p90p100;;;;0.3048784435;0.3048784435
;US-OH;1974;p90p91;129125.25;;;;
;US-OH;1974;p95p96;167379.34375;;;;
;US-OH;1974;p95p100;;;;0.1976002008;0.1976002008
;US-OH;1974;p99.5p100;440340.40625;;;0.0519845188;0.0519845188
;US-OH;1973;p0p100;43151.5;;1.8745761792e+11;;
;US-OH;1973;p99p100;356098.09375;;;0.0825227648;0.0825227648
;US-OH;1973;p99.9p100;991059.9375;;;0.0229669884;0.0229669884
;US-OH;1973;p99.99p100;3049372.25;;;0.0070666661;0.0070666661
;US-OH;1973;p90p100;;;;0.3115442991;0.3115442991
;US-OH;1973;p90p91;134436.03125;;;;
;US-OH;1973;p95p96;176399.015625;;;;
;US-OH;1973;p95p100;;;;0.2043949962;0.2043949962
;US-OH;1973;p99.5p100;489403.90625;;;0.0567076355;0.0567076355
;US-OH;1972;p0p100;42201.8125;;1.80708851712e+11;;
;US-OH;1972;p99p100;366916.59375;;;0.0869433284;0.0869433284
;US-OH;1972;p99.9p100;1122946.125;;;0.0266089551;0.0266089551
;US-OH;1972;p99.99p100;3833040.75;;;0.0090826442;0.0090826442
;US-OH;1972;p90p100;;;;0.3105481863;0.3105481863
;US-OH;1972;p90p91;131056.96875;;;;
;US-OH;1972;p95p96;174113.734375;;;;
;US-OH;1972;p95p100;;;;0.2062870264;0.2062870264
;US-OH;1972;p99.5p100;509081.84375;;;0.0603151619;0.0603151619
;US-OH;1971;p0p100;40951.5039062;;1.72656852992e+11;;
;US-OH;1971;p99p100;354305.5625;;;0.0865183249;0.0865183249
;US-OH;1971;p99.9p100;1060309.375;;;0.0258918293;0.0258918293
;US-OH;1971;p99.99p100;3717307.0;;;0.0090773394;0.0090773394
;US-OH;1971;p90p100;;;;0.3119502366;0.3119502366
;US-OH;1971;p90p91;127748.320312;;;;
;US-OH;1971;p95p96;168238.25;;;;
;US-OH;1971;p95p100;;;;0.2054115683;0.2054115683
;US-OH;1971;p99.5p100;489357.71875;;;0.059748441;0.059748441
;US-OH;1970;p0p100;41240.8046875;;1.70881630208e+11;;
;US-OH;1970;p99p100;343318.1875;;;0.0832472071;0.0832472071
;US-OH;1970;p99.9p100;1051469.875;;;0.0254958626;0.0254958626
;US-OH;1970;p99.99p100;3719572.5;;;0.009019156;0.009019156
;US-OH;1970;p90p100;;;;0.3060652614;0.3060652614
;US-OH;1970;p90p91;126223.78125;;;;
;US-OH;1970;p95p96;165672.875;;;;
;US-OH;1970;p95p100;;;;0.200860396;0.200860396
;US-OH;1970;p99.5p100;480707.125;;;0.0582805201;0.0582805201
;US-OH;1969;p0p100;42330.3164062;;1.73602471936e+11;;
;US-OH;1969;p99p100;400107.9375;;;0.0945204422;0.0945204422
;US-OH;1969;p99.9p100;1421319.375;;;0.0335768685;0.0335768685
;US-OH;1969;p99.99p100;6074693.5;;;0.0143506946;0.0143506946
;US-OH;1969;p90p100;;;;0.317088455;0.317088455
;US-OH;1969;p90p91;134224.515625;;;;
;US-OH;1969;p95p96;179885.0625;;;;
;US-OH;1969;p95p100;;;;0.212477833;0.212477833
;US-OH;1969;p99.5p100;578139.1875;;;0.0682890341;0.0682890341
;US-OH;1968;p0p100;42140.4257812;;1.7137156096e+11;;
;US-OH;1968;p99p100;427332.78125;;;0.1014068499;0.1014068499
;US-OH;1968;p99.9p100;1463170.625;;;0.0347213037;0.0347213037
;US-OH;1968;p99.99p100;5766092.5;;;0.0136830434;0.0136830434
;US-OH;1968;p90p100;;;;0.3224869072;0.3224869072
;US-OH;1968;p90p91;135897.359375;;;;
;US-OH;1968;p95p96;185145.84375;;;;
;US-OH;1968;p95p100;;;;0.2196772397;0.2196772397
;US-OH;1968;p99.5p100;610968.5625;;;0.0724919736;0.0724919736
;US-OH;1967;p0p100;39903.6601562;;1.60871317504e+11;;
;US-OH;1967;p99p100;395159.53125;;;0.0990284011;0.0990284011
;US-OH;1967;p99.9p100;1268345.75;;;0.0317852013;0.0317852013
;US-OH;1967;p99.99p100;4550821.0;;;0.0114045199;0.0114045199
;US-OH;1967;p90p100;;;;0.3221565485;0.3221565485
;US-OH;1967;p90p91;128552.25;;;;
;US-OH;1967;p95p96;175541.296875;;;;
;US-OH;1967;p95p100;;;;0.219956398;0.219956398
;US-OH;1967;p99.5p100;555150.6875;;;0.0695613772;0.0695613772
;US-OH;1966;p0p100;39099.8046875;;1.56119711744e+11;;
;US-OH;1966;p99p100;365331.5;;;0.0934356302;0.0934356302
;US-OH;1966;p99.9p100;1172572.75;;;0.0299892202;0.0299892202
;US-OH;1966;p99.99p100;4222805.5;;;0.0108000673;0.0108000673
;US-OH;1966;p90p100;;;;0.3148027658;0.3148027658
;US-OH;1966;p90p91;123087.273438;;;;
;US-OH;1966;p95p96;166791.375;;;;
;US-OH;1966;p95p100;;;;0.213289246;0.213289246
;US-OH;1966;p99.5p100;513616.34375;;;0.0656801611;0.0656801611
;US-OH;1965;p0p100;37190.0820312;;1.4696792064e+11;;
;US-OH;1965;p99p100;399368.5;;;0.1073857471;0.1073857471
;US-OH;1965;p99.9p100;1450186.875;;;0.0389939137;0.0389939137
;US-OH;1965;p99.99p100;7082103.0;;;0.0190429874;0.0190429874
;US-OH;1965;p90p100;;;;0.3287350833;0.3287350833
;US-OH;1965;p90p91;122256.851562;;;;
;US-OH;1965;p95p96;171749.59375;;;;
;US-OH;1965;p95p100;;;;0.230907768;0.230907768
;US-OH;1965;p99.5p100;580234.125;;;0.0780092478;0.0780092478
;US-OH;1964;p0p100;35259.1445312;;1.37768321024e+11;;
;US-OH;1964;p99p100;347022.59375;;;0.0984205976;0.0984205976
;US-OH;1964;p99.9p100;1092145.0;;;0.0309748016;0.0309748016
;US-OH;1964;p99.99p100;3972167.0;;;0.0112656364;0.0112656364
;US-OH;1964;p90p100;;;;0.325587064;0.325587064
;US-OH;1964;p90p91;114799.21875;;;;
;US-OH;1964;p95p96;154864.375;;;;
;US-OH;1964;p95p100;;;;0.2196088135;0.2196088135
;US-OH;1964;p99.5p100;486343.40625;;;0.0689669922;0.0689669922
;US-OH;1963;p0p100;33487.6601562;;1.29188937728e+11;;
;US-OH;1963;p99p100;313154.46875;;;0.0935133994;0.0935133994
;US-OH;1963;p99.9p100;962356.25;;;0.02873764;0.02873764
;US-OH;1963;p99.99p100;3136232.0;;;0.009365336;0.009365336
;US-OH;1963;p90p100;;;;0.321115464;0.321115464
;US-OH;1963;p90p91;107534.054688;;;;
;US-OH;1963;p95p96;144453.515625;;;;
;US-OH;1963;p95p100;;;;0.2156817168;0.2156817168
;US-OH;1963;p99.5p100;438409.03125;;;0.0654582977;0.0654582977
;US-OH;1962;p0p100;32654.4511719;;1.2431151104e+11;;
;US-OH;1962;p99p100;299867.875;;;0.091830641;0.091830641
;US-OH;1962;p99.9p100;942450.5;;;0.0288613196;0.0288613196
;US-OH;1962;p99.99p100;3074385.25;;;0.0094149048;0.0094149048
;US-OH;1962;p90p100;;;;0.3160060644;0.3160060644
;US-OH;1962;p90p91;103190.039062;;;;
;US-OH;1962;p95p96;137950.125;;;;
;US-OH;1962;p95p100;;;;0.2112271637;0.2112271637
;US-OH;1962;p99.5p100;427430.25;;;0.0654474795;0.0654474795
;US-OH;1961;p0p100;32085.890625;;1.20411455488e+11;;
;US-OH;1961;p99p100;314335.78125;;;0.0979669839;0.0979669839
;US-OH;1961;p99.9p100;1037161.5625;;;0.0323245376;0.0323245376
;US-OH;1961;p99.99p100;3598874.0;;;0.011216376;0.011216376
;US-OH;1961;p90p100;;;;0.3231283724;0.3231283724
;US-OH;1961;p90p91;103678.617188;;;;
;US-OH;1961;p95p96;140761.8125;;;;
;US-OH;1961;p95p100;;;;0.2193515748;0.2193515748
;US-OH;1961;p99.5p100;447348.125;;;0.069711037;0.069711037
;US-OH;1960;p0p100;32109.5839844;;1.18640828416e+11;;
;US-OH;1960;p99p100;301562.71875;;;0.0939167291;0.0939167291
;US-OH;1960;p99.9p100;974424.625;;;0.0303468462;0.0303468462
;US-OH;1960;p99.99p100;3258575.75;;;0.0101482952;0.0101482952
;US-OH;1960;p90p100;;;;0.3164477944;0.3164477944
;US-OH;1960;p90p91;101610.078125;;;;
;US-OH;1960;p95p96;135348.65625;;;;
;US-OH;1960;p95p100;;;;0.2107605189;0.2107605189
;US-OH;1960;p99.5p100;430104.0625;;;0.0669744089;0.0669744089
;US-OH;1959;p0p100;32050.578125;;1.17578817536e+11;;
;US-OH;1959;p99p100;299020.96875;;;0.0932965949;0.0932965949
;US-OH;1959;p99.9p100;970470.625;;;0.0302793495;0.0302793495
;US-OH;1959;p99.99p100;3343393.75;;;0.0104316175;0.0104316175
;US-OH;1959;p90p100;;;;0.3135795593;0.3135795593
;US-OH;1959;p90p91;100504.0625;;;;
;US-OH;1959;p95p96;135370.40625;;;;
;US-OH;1959;p95p100;;;;0.2111824751;0.2111824751
;US-OH;1959;p99.5p100;424954.5;;;0.0662943572;0.0662943572
;US-OH;1958;p0p100;29762.4726562;;1.0828754944e+11;;
;US-OH;1958;p99p100;281564.03125;;;0.0946037173;0.0946037173
;US-OH;1958;p99.9p100;845330.875;;;0.0284025762;0.0284025762
;US-OH;1958;p99.99p100;2599551.0;;;0.0087343249;0.0087343249
;US-OH;1958;p90p100;;;;0.3174526393;0.3174526393
;US-OH;1958;p90p91;94481.75;;;;
;US-OH;1958;p95p96;127420.625;;;;
;US-OH;1958;p95p100;;;;0.2140625715;0.2140625715
;US-OH;1958;p99.5p100;399406.1875;;;0.0670989603;0.0670989603
;US-OH;1957;p0p100;31736.9785156;;1.14496774144e+11;;
;US-OH;1957;p99p100;296152.78125;;;0.0933147445;0.0933147445
;US-OH;1957;p99.9p100;881278.0625;;;0.027768176;0.027768176
;US-OH;1957;p99.99p100;2711526.25;;;0.0085437447;0.0085437447
;US-OH;1957;p90p100;;;;0.309463799;0.309463799
;US-OH;1957;p90p91;98214.4609375;;;;
;US-OH;1957;p95p96;133370.59375;;;;
;US-OH;1957;p95p100;;;;0.2101186216;0.2101186216
;US-OH;1957;p99.5p100;414681.25;;;0.0653309301;0.0653309301
;US-OH;1956;p0p100;32058.8632812;;1.14498707456e+11;;
;US-OH;1956;p99p100;312092.5625;;;0.0973498523;0.0973498523
;US-OH;1956;p99.9p100;1006921.5;;;0.0314085223;0.0314085223
;US-OH;1956;p99.99p100;2992527.0;;;0.0093344757;0.0093344757
;US-OH;1956;p90p100;;;;0.3135754466;0.3135754466
;US-OH;1956;p90p91;100528.726562;;;;
;US-OH;1956;p95p96;137342.203125;;;;
;US-OH;1956;p95p100;;;;0.214203164;0.214203164
;US-OH;1956;p99.5p100;446052.90625;;;0.0695677921;0.0695677921
;US-OH;1955;p0p100;31404.4921875;;1.11048687616e+11;;
;US-OH;1955;p99p100;311601.40625;;;0.0992219225;0.0992219225
;US-OH;1955;p99.9p100;971241.125;;;0.0309268218;0.0309268218
;US-OH;1955;p99.99p100;3119892.25;;;0.0099345427;0.0099345427
;US-OH;1955;p90p100;;;;0.3165813386;0.3165813386
;US-OH;1955;p90p91;99420.7578125;;;;
;US-OH;1955;p95p96;136158.171875;;;;
;US-OH;1955;p95p100;;;;0.2167813629;0.2167813629
;US-OH;1955;p99.5p100;441678.875;;;0.0703209713;0.0703209713
;US-OH;1954;p0p100;29436.859375;;1.03044538368e+11;;
;US-OH;1954;p99p100;280203.28125;;;0.0951879025;0.0951879025
;US-OH;1954;p99.9p100;858078.5;;;0.0291497968;0.0291497968
;US-OH;1954;p99.99p100;2506668.25;;;0.0085154064;0.0085154064
;US-OH;1954;p90p100;;;;0.3079594076;0.3079594076
;US-OH;1954;p90p91;90653.578125;;;;
;US-OH;1954;p95p96;124167.8125;;;;
;US-OH;1954;p95p100;;;;0.2109053284;0.2109053284
;US-OH;1954;p99.5p100;396202.5625;;;0.0672970191;0.0672970191
;US-OH;1953;p0p100;29926.0683594;;1.03689863168e+11;;
;US-OH;1953;p99p100;281475.0;;;0.0940567926;0.0940567926
;US-OH;1953;p99.9p100;818070.9375;;;0.0273364;0.0273364
;US-OH;1953;p99.99p100;2313903.5;;;0.0077320673;0.0077320673
;US-OH;1953;p90p100;;;;0.309071213;0.309071213
;US-OH;1953;p90p91;92492.859375;;;;
;US-OH;1953;p95p96;125676.726562;;;;
;US-OH;1953;p95p100;;;;0.2099786848;0.2099786848
;US-OH;1953;p99.5p100;393947.1875;;;0.0658200681;0.0658200681
;US-OH;1952;p0p100;27961.9824219;;95975235584.0;;
;US-OH;1952;p99p100;289000.8125;;;0.103354916;0.103354916
;US-OH;1952;p99.9p100;887712.25;;;0.0317471139;0.0317471139
;US-OH;1952;p99.99p100;2675407.25;;;0.009568017;0.009568017
;US-OH;1952;p90p100;;;;0.3201117814;0.3201117814
;US-OH;1952;p90p91;89509.6015625;;;;
;US-OH;1952;p95p96;124430.34375;;;;
;US-OH;1952;p95p100;;;;0.222499162;0.222499162
;US-OH;1952;p99.5p100;409668.4375;;;0.0732545406;0.0732545406
;US-OH;1951;p0p100;27181.6308594;;92350332928.0;;
;US-OH;1951;p99p100;302975.03125;;;0.1114631519;0.1114631519
;US-OH;1951;p99.9p100;976401.875;;;0.0359213874;0.0359213874
;US-OH;1951;p99.99p100;3022455.0;;;0.0111194765;0.0111194765
;US-OH;1951;p90p100;;;;0.3084745407;0.3084745407
;US-OH;1951;p90p91;83848.4140625;;;;
;US-OH;1951;p95p96;124109.601562;;;;
;US-OH;1951;p95p100;;;;0.2282968163;0.2282968163
;US-OH;1951;p99.5p100;437270.03125;;;0.0804348364;0.0804348364
;US-OH;1950;p0p100;25560.9667969;;85958557696.0;;
;US-OH;1950;p99p100;307233.53125;;;0.1201963574;0.1201963574
;US-OH;1950;p99.9p100;1011355.625;;;0.0395664088;0.0395664088
;US-OH;1950;p99.99p100;2563216.75;;;0.0100278547;0.0100278547
;US-OH;1950;p90p100;;;;0.3383328617;0.3383328617
;US-OH;1950;p90p91;86481.1484375;;;;
;US-OH;1950;p95p96;122271.5625;;;;
;US-OH;1950;p95p100;;;;0.239176318;0.239176318
;US-OH;1950;p99.5p100;447813.78125;;;0.0875971913;0.0875971913
;US-OH;1949;p0p100;23214.8105469;;77025460224.0;;
;US-OH;1949;p99p100;263603.375;;;0.1135496423;0.1135496423
;US-OH;1949;p99.9p100;831641.625;;;0.0358237512;0.0358237512
;US-OH;1949;p99.99p100;2517022.25;;;0.0108423112;0.0108423112
;US-OH;1949;p90p100;;;;0.3425478637;0.3425478637
;US-OH;1949;p90p91;79521.84375;;;;
;US-OH;1949;p95p96;111582.15625;;;;
;US-OH;1949;p95p100;;;;0.2403253615;0.2403253615
;US-OH;1949;p99.5p100;376817.3125;;;0.0811588168;0.0811588168
;US-OH;1948;p0p100;24430.7226562;;80212549632.0;;
;US-OH;1948;p99p100;286388.625;;;0.1172247902;0.1172247902
;US-OH;1948;p99.9p100;946607.375;;;0.0387465991;0.0387465991
;US-OH;1948;p99.99p100;3048242.5;;;0.0124770869;0.0124770869
;US-OH;1948;p90p100;;;;0.3374561965;0.3374561965
;US-OH;1948;p90p91;82442.984375;;;;
;US-OH;1948;p95p96;117426.3125;;;;
;US-OH;1948;p95p100;;;;0.2403251082;0.2403251082
;US-OH;1948;p99.5p100;415171.875;;;0.0849692225;0.0849692225
;US-OH;1947;p0p100;23423.4785156;;76089237504.0;;
;US-OH;1947;p99p100;265606.375;;;0.1133932173;0.1133932173
;US-OH;1947;p99.9p100;846194.6875;;;0.036125917;0.036125917
;US-OH;1947;p99.99p100;2628149.75;;;0.0112201516;0.0112201516
;US-OH;1947;p90p100;;;;0.3286928535;0.3286928535
;US-OH;1947;p90p91;76991.3046875;;;;
;US-OH;1947;p95p96;110169.742188;;;;
;US-OH;1947;p95p100;;;;0.2351694703;0.2351694703
;US-OH;1947;p99.5p100;380432.65625;;;0.0812075436;0.0812075436
;US-OH;1946;p0p100;23421.6523438;;75113603072.0;;
;US-OH;1946;p99p100;294136.1875;;;0.1255830228;0.1255830228
;US-OH;1946;p99.9p100;971880.125;;;0.0414949432;0.0414949432
;US-OH;1946;p99.99p100;3439624.75;;;0.0146856625;0.0146856625
;US-OH;1946;p90p100;;;;0.3554142714;0.3554142714
;US-OH;1946;p90p91;83243.8984375;;;;
;US-OH;1946;p95p96;120029.976562;;;;
;US-OH;1946;p95p100;;;;0.2562372088;0.2562372088
;US-OH;1946;p99.5p100;424482.9375;;;0.0906176269;0.0906176269
;US-OH;1945;p0p100;24022.9160156;;76715794432.0;;
;US-OH;1945;p99p100;278852.625;;;0.1160777807;0.1160777807
;US-OH;1945;p99.9p100;903088.4375;;;0.0375927947;0.0375927947
;US-OH;1945;p99.99p100;2745985.0;;;0.011430691;0.011430691
;US-OH;1945;p90p100;;;;0.3332906663;0.3332906663
;US-OH;1945;p90p91;80066.1328125;;;;
;US-OH;1945;p95p96;113206.40625;;;;
;US-OH;1945;p95p100;;;;0.2356217057;0.2356217057
;US-OH;1945;p99.5p100;403664.40625;;;0.0840165392;0.0840165392
;US-OH;1944;p0p100;24304.609375;;77223469056.0;;
;US-OH;1944;p99p100;280222.3125;;;0.1152959615;0.1152959615
;US-OH;1944;p99.9p100;918250.5;;;0.0377809219;0.0377809219
;US-OH;1944;p99.99p100;2725540.5;;;0.0112140896;0.0112140896
;US-OH;1944;p90p100;;;;0.3290499747;0.3290499747
;US-OH;1944;p90p91;79974.3125;;;;
;US-OH;1944;p95p96;112965.0;;;;
;US-OH;1944;p95p100;;;;0.2323941886;0.2323941886
;US-OH;1944;p99.5p100;406917.15625;;;0.0837119296;0.0837119296
;US-OH;1943;p0p100;25145.0566406;;79391080448.0;;
;US-OH;1943;p99p100;294439.15625;;;0.1170962304;0.1170962304
;US-OH;1943;p99.9p100;1019172.8125;;;0.0405317321;0.0405317321
;US-OH;1943;p99.99p100;3010981.25;;;0.0119744455;0.0119744455
;US-OH;1943;p90p100;;;;0.3297805488;0.3297805488
;US-OH;1943;p90p91;82923.5078125;;;;
;US-OH;1943;p95p96;116273.804688;;;;
;US-OH;1943;p95p100;;;;0.2312060744;0.2312060744
;US-OH;1943;p99.5p100;436580.25;;;0.0868123323;0.0868123323
;US-OH;1942;p0p100;21465.0566406;;67212115968.0;;
;US-OH;1942;p99p100;285387.40625;;;0.1329544187;0.1329544187
;US-OH;1942;p99.9p100;1015563.25;;;0.0473123938;0.0473123938
;US-OH;1942;p99.99p100;3298346.5;;;0.0153661203;0.0153661203
;US-OH;1942;p90p100;;;;0.3628929257;0.3628929257
;US-OH;1942;p90p91;77895.171875;;;;
;US-OH;1942;p95p96;110270.257812;;;;
;US-OH;1942;p95p100;;;;0.2568599284;0.2568599284
;US-OH;1942;p99.5p100;426799.5;;;0.0994172767;0.0994172767
;US-OH;1941;p0p100;18662.5917969;;58115944448.0;;
;US-OH;1941;p99p100;287742.09375;;;0.1541812271;0.1541812271
;US-OH;1941;p99.9p100;1028220.9375;;;0.0550953001;0.0550953001
;US-OH;1941;p99.99p100;3187892.0;;;0.0170817245;0.0170817245
;US-OH;1941;p90p100;;;;0.407271117;0.407271117
;US-OH;1941;p90p91;76007.3359375;;;;
;US-OH;1941;p95p96;108266.367188;;;;
;US-OH;1941;p95p100;;;;0.2900625467;0.2900625467
;US-OH;1941;p99.5p100;430660.25;;;0.1153806224;0.1153806224
;US-OH;1940;p0p100;15803.4121094;;48992763904.0;;
;US-OH;1940;p99p100;255345.859375;;;0.1615764201;0.1615764201
;US-OH;1940;p99.9p100;912728.6875;;;0.0577551611;0.0577551611
;US-OH;1940;p99.99p100;2910757.25;;;0.0184185356;0.0184185356
;US-OH;1940;p90p100;;;;0.4402067661;0.4402067661
;US-OH;1940;p90p91;69567.6875;;;;
;US-OH;1940;p95p96;98785.34375;;;;
;US-OH;1940;p95p100;;;;0.3125443459;0.3125443459
;US-OH;1940;p99.5p100;381585.0625;;;0.1207286939;0.1207286939
;US-OH;1939;p0p100;15008.6660156;;45966675968.0;;
;US-OH;1939;p99p100;230020.265625;;;0.1532583088;0.1532583088
;US-OH;1939;p99.9p100;805909.125;;;0.0536962524;0.0536962524
;US-OH;1939;p99.99p100;2476189.75;;;0.0164983999;0.0164983999
;US-OH;1939;p90p100;;;;0.4316745102;0.4316745102
;US-OH;1939;p90p91;64788.5820312;;;;
;US-OH;1939;p95p96;90848.7890625;;;;
;US-OH;1939;p95p100;;;;0.3026544452;0.3026544452
;US-OH;1939;p99.5p100;341842.53125;;;0.1138817221;0.1138817221
;US-OH;1938;p0p100;13637.2392578;;41319538688.0;;
;US-OH;1938;p99p100;204146.65625;;;0.1496979296;0.1496979296
;US-OH;1938;p99.9p100;732167.875;;;0.0536888577;0.0536888577
;US-OH;1938;p99.99p100;2564474.75;;;0.0188049395;0.0188049395
;US-OH;1938;p90p100;;;;0.4171002507;0.4171002507
;US-OH;1938;p90p91;56880.96875;;;;
;US-OH;1938;p95p96;81080.859375;;;;
;US-OH;1938;p95p100;;;;0.2972773612;0.2972773612
;US-OH;1938;p99.5p100;303521.46875;;;0.1112840548;0.1112840548
;US-OH;1937;p0p100;15554.5810547;;46643208192.0;;
;US-OH;1937;p99p100;250649.859375;;;0.1611421555;0.1611421555
;US-OH;1937;p99.9p100;913860.8125;;;0.0587518848;0.0587518848
;US-OH;1937;p99.99p100;2915896.5;;;0.0187462252;0.0187462252
;US-OH;1937;p90p100;;;;0.4167486429;0.4167486429
;US-OH;1937;p90p91;64823.5;;;;
;US-OH;1937;p95p96;93575.578125;;;;
;US-OH;1937;p95p100;;;;0.3007974923;0.3007974923
;US-OH;1937;p99.5p100;378392.03125;;;0.1216336414;0.1216336414
;US-OH;1936;p0p100;14957.8662109;;44470009856.0;;
;US-OH;1936;p99p100;260536.640625;;;0.1741803586;0.1741803586
;US-OH;1936;p99.9p100;970574.6875;;;0.0648872405;0.0648872405
;US-OH;1936;p99.99p100;3062344.75;;;0.0204731394;0.0204731394
;US-OH;1936;p90p100;;;;0.4397283196;0.4397283196
;US-OH;1936;p90p91;65773.9765625;;;;
;US-OH;1936;p95p96;96160.1171875;;;;
;US-OH;1936;p95p100;;;;0.3214366138;0.3214366138
;US-OH;1936;p99.5p100;396553.46875;;;0.1325568259;0.1325568259
;US-OH;1935;p0p100;13137.2988281;;38713733120.0;;
;US-OH;1935;p99p100;193673.140625;;;0.1474223584;0.1474223584
;US-OH;1935;p99.9p100;702762.0625;;;0.0534936525;0.0534936525
;US-OH;1935;p99.99p100;2240443.5;;;0.0170540661;0.0170540661
;US-OH;1935;p90p100;;;;0.4006104767;0.4006104767
;US-OH;1935;p90p91;52629.3945312;;;;
;US-OH;1935;p95p96;76019.296875;;;;
;US-OH;1935;p95p100;;;;0.2893262208;0.2893262208
;US-OH;1935;p99.5p100;289642.0;;;0.1102365181;0.1102365181
;US-OH;1934;p0p100;11765.4492188;;34345916416.0;;
;US-OH;1934;p99p100;167718.53125;;;0.1425517499;0.1425517499
;US-OH;1934;p99.9p100;584042.0;;;0.0496404357;0.0496404357
;US-OH;1934;p99.99p100;1826773.75;;;0.0155265955;0.0155265955
;US-OH;1934;p90p100;;;;0.4080748558;0.4080748558
;US-OH;1934;p90p91;48011.8398438;;;;
;US-OH;1934;p95p96;70581.1171875;;;;
;US-OH;1934;p95p100;;;;0.2999507785;0.2999507785
;US-OH;1934;p99.5p100;247448.984375;;;0.1051591709;0.1051591709
;US-OH;1933;p0p100;10547.2089844;;30520262656.0;;
;US-OH;1933;p99p100;147275.71875;;;0.1396347731;0.1396347731
;US-OH;1933;p99.9p100;546858.1875;;;0.0518486165;0.0518486165
;US-OH;1933;p99.99p100;1865992.5;;;0.0176918134;0.0176918134
;US-OH;1933;p90p100;;;;0.4042305648;0.4042305648
;US-OH;1933;p90p91;42635.0429688;;;;
;US-OH;1933;p95p96;61253.359375;;;;
;US-OH;1933;p95p100;;;;0.2903771102;0.2903771102
;US-OH;1933;p99.5p100;218171.625;;;0.1034262329;0.1034262329
;US-OH;1932;p0p100;10614.7519531;;30460694528.0;;
;US-OH;1932;p99p100;150398.75;;;0.1416884512;0.1416884512
;US-OH;1932;p99.9p100;527880.1875;;;0.049730815;0.049730815
;US-OH;1932;p99.99p100;1583959.5;;;0.0149222482;0.0149222482
;US-OH;1932;p90p100;;;;0.4328082502;0.4328082502
;US-OH;1932;p90p91;45941.5195312;;;;
;US-OH;1932;p95p96;64807.3203125;;;;
;US-OH;1932;p95p100;;;;0.3052701056;0.3052701056
;US-OH;1932;p99.5p100;218919.0;;;0.103120178;0.103120178
;US-OH;1931;p0p100;13387.2080078;;38078509056.0;;
;US-OH;1931;p99p100;182882.34375;;;0.1366097778;0.1366097778
;US-OH;1931;p99.9p100;638049.875;;;0.0476611629;0.0476611629
;US-OH;1931;p99.99p100;2087045.0;;;0.0155898463;0.0155898463
;US-OH;1931;p90p100;;;;0.4027206898;0.4027206898
;US-OH;1931;p90p91;53913.0546875;;;;
;US-OH;1931;p95p96;76373.78125;;;;
;US-OH;1931;p95p100;;;;0.285249114;0.285249114
;US-OH;1931;p99.5p100;268107.5;;;0.1001357138;0.1001357138
;US-OH;1930;p0p100;14799.7568359;;41670541312.0;;
;US-OH;1930;p99p100;235381.328125;;;0.1590440571;0.1590440571
;US-OH;1930;p99.9p100;943974.375;;;0.0637831017;0.0637831017
;US-OH;1930;p99.99p100;3731716.75;;;0.0252147168;0.0252147168
;US-OH;1930;p90p100;;;;0.4043239057;0.4043239057
;US-OH;1930;p90p91;59838.953125;;;;
;US-OH;1930;p95p96;87685.6328125;;;;
;US-OH;1930;p95p100;;;;0.2962401211;0.2962401211
;US-OH;1930;p99.5p100;359247.03125;;;0.1213692352;0.1213692352
;US-OH;1929;p0p100;17507.1328125;;48771837952.0;;
;US-OH;1929;p99p100;329732.59375;;;0.1883418709;0.1883418709
;US-OH;1929;p99.9p100;1533538.625;;;0.0875950903;0.0875950903
;US-OH;1929;p99.99p100;6639005.5;;;0.037921723;0.037921723
;US-OH;1929;p90p100;;;;0.4012668133;0.4012668133
;US-OH;1929;p90p91;70250.3125;;;;
;US-OH;1929;p95p96;109552.460938;;;;
;US-OH;1929;p95p100;;;;0.3128795624;0.3128795624
;US-OH;1929;p99.5p100;527107.1875;;;0.1505407095;0.1505407095
;US-OH;1928;p0p100;16246.5048828;;44790099968.0;;
;US-OH;1928;p99p100;352388.71875;;;0.2169012576;0.2169012576
;US-OH;1928;p99.9p100;1679837.0;;;0.1033968255;0.1033968255
;US-OH;1928;p99.99p100;7604851.5;;;0.0468091555;0.0468091555
;US-OH;1928;p90p100;;;;0.4493145645;0.4493145645
;US-OH;1928;p90p91;72997.9140625;;;;
;US-OH;1928;p95p96;114647.171875;;;;
;US-OH;1928;p95p100;;;;0.3528364301;0.3528364301
;US-OH;1928;p99.5p100;569903.125;;;0.1753925383;0.1753925383
;US-OH;1927;p0p100;15197.6152344;;41379377152.0;;
;US-OH;1927;p99p100;288316.28125;;;0.189711526;0.189711526
;US-OH;1927;p99.9p100;1191233.0;;;0.0783828944;0.0783828944
;US-OH;1927;p99.99p100;4459928.0;;;0.0293462388;0.0293462388
;US-OH;1927;p90p100;;;;0.4295695424;0.4295695424
;US-OH;1927;p90p91;65284.3203125;;;;
;US-OH;1927;p95p96;99638.203125;;;;
;US-OH;1927;p95p100;;;;0.327808708;0.327808708
;US-OH;1927;p99.5p100;448972.90625;;;0.1477116346;0.1477116346
;US-OH;1926;p0p100;15123.8828125;;40601243648.0;;
;US-OH;1926;p99p100;273536.6875;;;0.180864051;0.180864051
;US-OH;1926;p99.9p100;1131666.25;;;0.0748264268;0.0748264268
;US-OH;1926;p99.99p100;4402793.5;;;0.0291115269;0.0291115269
;US-OH;1926;p90p100;;;;0.4219727218;0.4219727218
;US-OH;1926;p90p91;63818.6601562;;;;
;US-OH;1926;p95p96;96604.296875;;;;
;US-OH;1926;p95p100;;;;0.3193766177;0.3193766177
;US-OH;1926;p99.5p100;423886.78125;;;0.140138194;0.140138194
;US-OH;1925;p0p100;14921.6337891;;39508697088.0;;
;US-OH;1925;p99p100;266790.46875;;;0.1787944287;0.1787944287
;US-OH;1925;p99.9p100;1060887.625;;;0.071097292;0.071097292
;US-OH;1925;p99.99p100;3893901.0;;;0.0260956734;0.0260956734
;US-OH;1925;p90p100;;;;0.4328275919;0.4328275919
;US-OH;1925;p90p91;64584.9492188;;;;
;US-OH;1925;p95p96;97239.9296875;;;;
;US-OH;1925;p95p100;;;;0.3258354366;0.3258354366
;US-OH;1925;p99.5p100;411273.8125;;;0.1378112584;0.1378112584
;US-OH;1924;p0p100;14792.9648438;;38568247296.0;;
;US-OH;1924;p99p100;232742.4375;;;0.1573331952;0.1573331952
;US-OH;1924;p99.9p100;867387.875;;;0.0586351566;0.0586351566
;US-OH;1924;p99.99p100;2914708.75;;;0.0197033435;0.0197033435
;US-OH;1924;p90p100;;;;0.4143375456;0.4143375456
;US-OH;1924;p90p91;61292.8085938;;;;
;US-OH;1924;p95p96;88160.046875;;;;
;US-OH;1924;p95p100;;;;0.2979796529;0.2979796529
;US-OH;1924;p99.5p100;353352.0625;;;0.1194324717;0.1194324717
;US-OH;1923;p0p100;15737.9111328;;40231526400.0;;
;US-OH;1923;p99p100;210751.1875;;;0.13391307;0.13391307
;US-OH;1923;p99.9p100;758343.375;;;0.0481857732;0.0481857732
;US-OH;1923;p99.99p100;2405873.25;;;0.0152871199;0.0152871199
;US-OH;1923;p90p100;;;;0.3728072941;0.3728072941
;US-OH;1923;p90p91;58672.078125;;;;
;US-OH;1923;p95p96;82996.6796875;;;;
;US-OH;1923;p95p100;;;;0.2636839449;0.2636839449
;US-OH;1923;p99.5p100;316808.25;;;0.1006513089;0.1006513089
;US-OH;1922;p0p100;12990.546875;;32623456256.0;;
;US-OH;1922;p99p100;205982.8125;;;0.158563599;0.158563599
;US-OH;1922;p99.9p100;772545.6875;;;0.0594698265;0.0594698265
;US-OH;1922;p99.99p100;2606596.25;;;0.02006533;0.02006533
;US-OH;1922;p90p100;;;;0.4197928905;0.4197928905
;US-OH;1922;p90p91;54533.3945312;;;;
;US-OH;1922;p95p96;78751.234375;;;;
;US-OH;1922;p95p100;;;;0.3031097651;0.3031097651
;US-OH;1922;p99.5p100;312432.0625;;;0.1202536076;0.1202536076
;US-OH;1921;p0p100;11395.9355469;;28204320768.0;;
;US-OH;1921;p99p100;168610.734375;;;0.1479569077;0.1479569077
;US-OH;1921;p99.9p100;584282.125;;;0.0512710959;0.0512710959
;US-OH;1921;p99.99p100;1668235.625;;;0.0146388654;0.0146388654
;US-OH;1921;p90p100;;;;0.413767755;0.413767755
;US-OH;1921;p90p91;47152.703125;;;;
;US-OH;1921;p95p96;66457.34375;;;;
;US-OH;1921;p95p100;;;;0.2915835381;0.2915835381
;US-OH;1921;p99.5p100;250944.84375;;;0.1101027876;0.1101027876
;US-OH;1920;p0p100;13564.0488281;;32899555328.0;;
;US-OH;1920;p99p100;187032.671875;;;0.137888521;0.137888521
;US-OH;1920;p99.9p100;653187.625;;;0.0481557995;0.0481557995
;US-OH;1920;p99.99p100;1943021.0;;;0.0143247861;0.0143247861
;US-OH;1920;p90p100;;;;0.3612515628;0.3612515628
;US-OH;1920;p90p91;49000.3359375;;;;
;US-OH;1920;p95p96;70666.140625;;;;
;US-OH;1920;p95p100;;;;0.2604905963;0.2604905963
;US-OH;1920;p99.5p100;280081.65625;;;0.1032441109;0.1032441109
;US-OH;1919;p0p100;13761.4863281;;32599250944.0;;
;US-OH;1919;p99p100;215780.90625;;;0.1568005979;0.1568005979
;US-OH;1919;p99.9p100;819324.1875;;;0.0595374852;0.0595374852
;US-OH;1919;p99.99p100;2649762.75;;;0.0192549173;0.0192549173
;US-OH;1919;p90p100;;;;0.391164571;0.391164571
;US-OH;1919;p90p91;53830.0546875;;;;
;US-OH;1919;p95p96;79849.0390625;;;;
;US-OH;1919;p95p100;;;;0.29011783;0.29011783
;US-OH;1919;p99.5p100;328008.90625;;;0.1191764176;0.1191764176
;US-OH;1918;p0p100;16025.5898438;;37292986368.0;;
;US-OH;1918;p99p100;215627.0;;;0.134551689;0.134551689
;US-OH;1918;p99.9p100;879568.4375;;;0.0548852459;0.0548852459
;US-OH;1918;p99.99p100;3082954.25;;;0.0192376953;0.0192376953
;US-OH;1918;p90p100;;;;0.3605009317;0.3605009317
;US-OH;1918;p90p91;57772.3984375;;;;
;US-OH;1918;p95p96;81248.6640625;;;;
;US-OH;1918;p95p100;;;;0.2534966469;0.2534966469
;US-OH;1918;p99.5p100;334438.125;;;0.1043450311;0.1043450311
;US-OH;1917;p0p100;14924.5537109;;34567933952.0;;
