Variable Name;.;.;.;Fiscal income  | tax unit | Average | Adults | constant 2015 local currency;Fiscal income  | tax unit | Threshold | Adults | constant 2015 local currency;Fiscal income  | tax unit | Total | Adults | constant 2015 local currency;Fiscal income  | tax unit | Share | Adults | share of total (ratio);Pre-tax national income  | tax unit | Share | Adults | share of total (ratio)
Variable Category;.;.;.;Income inequality;Income inequality;Income inequality;Income inequality;Income inequality
Variable Description;.;.;.;Average Fiscal income within a given percentile group. Fiscal income is defined as the sum of all income items reported on income tax returns, before any deduction. It includes labour income, capital income and mixed income. The concept of fiscal income varies with national tax legislations, so in order to make international comparisons it is preferable to use the concept of national income. The population is comprised of individuals over age 20. The base unit is the tax unit defined by national fiscal administrations to measure personal income taxes.;Fiscal income threshold value at a given percentile.  Fiscal income is defined as the sum of all income items reported on income tax returns, before any deduction. It includes labour income, capital income and mixed income. The concept of fiscal income varies with national tax legislations, so in order to make international comparisons it is preferable to use the concept of national income. The population is comprised of individuals over age 20. The base unit is the tax unit defined by national fiscal administrations to measure personal income taxes.;Total Fiscal income  within a given percentile group. Fiscal income is defined as the sum of all income items reported on income tax returns, before any deduction. It includes labour income, capital income and mixed income. The concept of fiscal income varies with national tax legislations, so in order to make international comparisons it is preferable to use the concept of national income. The population is comprised of individuals over age 20.;Fiscal income share held by a given percentile group. Fiscal income is defined as the sum of all income items reported on income tax returns, before any deduction. It includes labour income, capital income and mixed income. The concept of fiscal income varies with national tax legislations, so in order to make international comparisons it is preferable to use the concept of national income. The population is comprised of individuals over age 20. The base unit is the tax unit defined by national fiscal administrations to measure personal income taxes.;Pre-tax national income share held by a given percentile group. Pre-tax national income  is the sum of all pre-tax personal income flows accruing to the owners of the production factors, labor and capital, before taking into account the operation of the tax/transfer system, but after taking into account the operation of pension system. The central difference between personal factor income and pre-tax income is the treatment of pensions, which are counted on a contribution basis by factor income and on a distribution basis by pre-tax income. The population is comprised of individuals over age 20. The base unit is the tax unit defined by national fiscal administrations to measure personal income taxes.
Variable Decomposition;.;.;.;[Fiscal income ]=[Fiscal labour income ]+[Fiscal capital income ];[Fiscal income ]=[Fiscal labour income ]+[Fiscal capital income ];[Fiscal income ]=[Fiscal labour income ]+[Fiscal capital income ];[Fiscal income ]=[Fiscal labour income ]+[Fiscal capital income ];Pre-tax national income =Pre-tax labor income [total pre-tax income ranking]+Pre-tax capital income [total pre-tax income ranking]
Variable Unit;.;.;.;"USD; United States dollar | local currency | market";"USD; United States dollar | local currency | market";"USD; United States dollar | local currency | market";share;share
Methodological Notes;.;.;.;;;;;Assuming the same distribution as fiscal income.
Sources;.;.;.;Frank, Sommeiller, Price & Saez (2015);Frank, Sommeiller, Price & Saez (2015);Frank, Sommeiller, Price & Saez (2015);Frank, Sommeiller, Price & Saez (2015);WID.world computations using: Frank, Sommeiller, Price & Saez (2015)
Variable Code;country;year;perc;afiinc992t;tfiinc992t;mfiinc992t;sfiinc992t;sptinc992t
;US-WV;2014;p0p100;39463.59375;;38868963328.0;;
;US-WV;2014;p99p100;;266853.65625;;0.1444835961;0.1444835961
;US-WV;2014;p99.9p100;;820842.75;;0.0545785688;0.0545785688
;US-WV;2014;p99.99p100;;3460363.5;;0.0222093482;0.0222093482
;US-WV;2014;p90p100;;99162.359375;;0.4550078511;0.4550078511
;US-WV;2014;p90p91;181899.703125;;;;
;US-WV;2014;p95p96;242874.90625;;;;
;US-WV;2014;p90p95;120924.5;99162.359375;;0.1496321261;0.1496321261
;US-WV;2014;p95p99;159455.53125;112413.117188;;0.1604261696;0.1604261696
;US-WV;2014;p99.5p99.9;517846.21875;358053.59375;;0.0523185544;0.0523185544
;US-WV;2014;p99.9p99.99;1406315.375;820842.75;;0.0326558538;0.0326558538
;US-WV;2014;p99p99.5;301206.375;266853.65625;;0.03771054;0.03771054
;US-WV;2014;p95p100;;112413.117188;;0.3048075438;0.3048075438
;US-WV;2014;p0p90;23637.359375;;;0.5450474024;0.5450474024
;US-WV;2014;p0p99;34038.453125;;;0.8555164337;0.8555164337
;US-WV;2014;p99.5p100;;358053.59375;;0.1067640185;0.1067640185
;US-WV;2014;p99.5p99.6;851898.4375;;;;
;US-WV;2014;p99.99p99.991;9224235.0;;;;
;US-WV;2014;p99.9p99.91;2188107.25;;;;
;US-WV;2014;p99p99.1;576552.375;;;;
;US-WV;2013;p0p100;39721.8632812;;38044274688.0;;
;US-WV;2013;p99p100;;255555.21875;;0.1265916377;0.1265916377
;US-WV;2013;p99.9p100;;785459.5;;0.0410383269;0.0410383269
;US-WV;2013;p99.99p100;;2632236.0;;0.013572203;0.013572203
;US-WV;2013;p90p100;;99379.3125;;0.4296772778;0.4296772778
;US-WV;2013;p90p91;174322.296875;;;;
;US-WV;2013;p95p96;234838.296875;;;;
;US-WV;2013;p90p95;113806.3125;99379.3125;;0.1380407661;0.1380407661
;US-WV;2013;p95p99;166063.625;133878.84375;;0.1642635316;0.1642635316
;US-WV;2013;p99.5p99.9;499823.65625;361454.25;;0.0494982414;0.0494982414
;US-WV;2013;p99.9p99.99;1222121.625;785459.5;;0.0276160538;0.0276160538
;US-WV;2013;p99p99.5;289155.125;255555.21875;;0.0360983349;0.0360983349
;US-WV;2013;p95p100;;133878.84375;;0.2909833491;0.2909833491
;US-WV;2013;p0p90;24766.2578125;;;0.570910871;0.570910871
;US-WV;2013;p0p99;34972.2148438;;;0.8734083772;0.8734083772
;US-WV;2013;p99.5p100;;361454.25;;0.090562351;0.090562351
;US-WV;2013;p99.5p99.6;730718.75;;;;
;US-WV;2013;p99.99p99.991;5543896.0;;;;
;US-WV;2013;p99.9p99.91;1654299.125;;;;
;US-WV;2013;p99p99.1;509936.9375;;;;
;US-WV;2012;p0p100;40415.6796875;;40125652992.0;;
;US-WV;2012;p99p100;553079.375;;;0.1368477196;0.1368477196
;US-WV;2012;p99.9p100;2011640.25;;;0.0497737601;0.0497737601
;US-WV;2012;p99.99p100;6880689.0;;;0.017024802;0.017024802
;US-WV;2012;p90p100;;;;0.4324311316;0.4324311316
;US-WV;2012;p90p91;174769.96875;;;;
;US-WV;2012;p95p96;240234.203125;;;;
;US-WV;2012;p95p100;;;;0.2972042263;0.2972042263
;US-WV;2012;p99.5p100;819371.125;;;0.1013679802;0.1013679802
;US-WV;2011;p0p100;39821.796875;;37984382976.0;;
;US-WV;2011;p99p100;601520.4375;;;0.1510530561;0.1510530561
;US-WV;2011;p99.9p100;2502502.5;;;0.0628425255;0.0628425255
;US-WV;2011;p99.99p100;11279129.0;;;0.0283240061;0.0283240061
;US-WV;2011;p90p100;;;;0.4532220364;0.4532220364
;US-WV;2011;p90p91;180481.15625;;;;
;US-WV;2011;p95p96;250887.140625;;;;
;US-WV;2011;p95p100;;;;0.3150123358;0.3150123358
;US-WV;2011;p99.5p100;908640.6875;;;0.1140883565;0.1140883565
;US-WV;2010;p0p100;39069.3007812;;36954062848.0;;
;US-WV;2010;p99p100;550330.8125;;;0.1408601701;0.1408601701
;US-WV;2010;p99.9p100;2134954.25;;;0.0546453148;0.0546453148
;US-WV;2010;p99.99p100;9079109.0;;;0.0232384745;0.0232384745
;US-WV;2010;p90p100;;;;0.4439488649;0.4439488649
;US-WV;2010;p90p91;173447.71875;;;;
;US-WV;2010;p95p96;239508.953125;;;;
;US-WV;2010;p95p100;;;;0.3065181077;0.3065181077
;US-WV;2010;p99.5p100;812077.0;;;0.1039277613;0.1039277613
;US-WV;2009;p0p100;37828.890625;;35680714752.0;;
;US-WV;2009;p99p100;578910.1875;;;0.1530338973;0.1530338973
;US-WV;2009;p99.9p100;2529021.5;;;0.0668542385;0.0668542385
;US-WV;2009;p99.99p100;11328991.0;;;0.0299479887;0.0299479887
;US-WV;2009;p90p100;;;;0.4574623108;0.4574623108
;US-WV;2009;p90p91;173052.90625;;;;
;US-WV;2009;p95p96;241580.8125;;;;
;US-WV;2009;p95p100;;;;0.3193073273;0.3193073273
;US-WV;2009;p99.5p100;891664.6875;;;0.1178549975;0.1178549975
;US-WV;2008;p0p100;41034.9179688;;37671804928.0;;
;US-WV;2008;p99p100;628617.4375;;;0.1531908512;0.1531908512
;US-WV;2008;p99.9p100;2737463.0;;;0.0667105764;0.0667105764
;US-WV;2008;p99.99p100;11621380.0;;;0.0283207111;0.0283207111
;US-WV;2008;p90p100;;;;0.4422785342;0.4422785342
;US-WV;2008;p90p91;181488.640625;;;;
;US-WV;2008;p95p96;254373.265625;;;;
;US-WV;2008;p95p100;;;;0.3099473417;0.3099473417
;US-WV;2008;p99.5p100;973202.8125;;;0.1185822785;0.1185822785
;US-WV;2007;p0p100;42317.4921875;;39050616832.0;;
;US-WV;2007;p99p100;651937.8125;;;0.1540586948;0.1540586948
;US-WV;2007;p99.9p100;2790302.75;;;0.0659373328;0.0659373328
;US-WV;2007;p99.99p100;11244134.0;;;0.0265708882;0.0265708882
;US-WV;2007;p90p100;;;;0.4348269403;0.4348269403
;US-WV;2007;p90p91;184007.859375;;;;
;US-WV;2007;p95p96;259373.71875;;;;
;US-WV;2007;p95p100;;;;0.3064615726;0.3064615726
;US-WV;2007;p99.5p100;1009160.25;;;0.1192367673;0.1192367673
;US-WV;2006;p0p100;40356.5390625;;37863612416.0;;
;US-WV;2006;p99p100;577084.1875;;;0.1429964453;0.1429964453
;US-WV;2006;p99.9p100;2295219.0;;;0.0568735339;0.0568735339
;US-WV;2006;p99.99p100;8471444.0;;;0.0209915042;0.0209915042
;US-WV;2006;p90p100;;;;0.4278285205;0.4278285205
;US-WV;2006;p90p91;172656.796875;;;;
;US-WV;2006;p95p96;240846.90625;;;;
;US-WV;2006;p95p100;;;;0.2983988523;0.2983988523
;US-WV;2006;p99.5p100;874651.4375;;;0.1083655134;0.1083655134
;US-WV;2005;p0p100;38864.9765625;;36238381056.0;;
;US-WV;2005;p99p100;587567.1875;;;0.151181668;0.151181668
;US-WV;2005;p99.9p100;2470932.5;;;0.0635773614;0.0635773614
;US-WV;2005;p99.99p100;9679491.0;;;0.0249054339;0.0249054339
;US-WV;2005;p90p100;;;;0.4384613633;0.4384613633
;US-WV;2005;p90p91;170407.890625;;;;
;US-WV;2005;p95p96;240443.71875;;;;
;US-WV;2005;p95p100;;;;0.3093321621;0.3093321621
;US-WV;2005;p99.5p100;903859.375;;;0.1162819937;0.1162819937
;US-WV;2004;p0p100;36881.2382812;;34559827968.0;;
;US-WV;2004;p99p100;486428.65625;;;0.1318905503;0.1318905503
;US-WV;2004;p99.9p100;1810647.25;;;0.0490939915;0.0490939915
;US-WV;2004;p99.99p100;6452532.0;;;0.017495431;0.017495431
;US-WV;2004;p90p100;;;;0.4281555414;0.4281555414
;US-WV;2004;p90p91;157909.078125;;;;
;US-WV;2004;p95p96;217825.5625;;;;
;US-WV;2004;p95p100;;;;0.2953067422;0.2953067422
;US-WV;2004;p99.5p100;718557.0;;;0.0974149629;0.0974149629
;US-WV;2003;p0p100;35608.8828125;;32629186560.0;;
;US-WV;2003;p99p100;450702.5625;;;0.1265702695;0.1265702695
;US-WV;2003;p99.9p100;1613919.125;;;0.0453235023;0.0453235023
;US-WV;2003;p99.99p100;5715600.5;;;0.0160510521;0.0160510521
;US-WV;2003;p90p100;;;;0.4278443754;0.4278443754
;US-WV;2003;p90p91;152350.59375;;;;
;US-WV;2003;p95p96;205374.390625;;;;
;US-WV;2003;p95p100;;;;0.2883752584;0.2883752584
;US-WV;2003;p99.5p100;656842.6875;;;0.0922301859;0.0922301859
;US-WV;2002;p0p100;36234.75;;32878589952.0;;
;US-WV;2002;p99p100;446093.75;;;0.1231121346;0.1231121346
;US-WV;2002;p99.9p100;1561995.0;;;0.0431076512;0.0431076512
;US-WV;2002;p99.99p100;5377930.5;;;0.0148419142;0.0148419142
;US-WV;2002;p90p100;;;;0.4189951122;0.4189951122
;US-WV;2002;p90p91;151821.828125;;;;
;US-WV;2002;p95p96;203665.140625;;;;
;US-WV;2002;p95p100;;;;0.2810356617;0.2810356617
;US-WV;2002;p99.5p100;645994.4375;;;0.0891401842;0.0891401842
;US-WV;2001;p0p100;37057.4570312;;33583724544.0;;
;US-WV;2001;p99p100;479739.5;;;0.1294582784;0.1294582784
;US-WV;2001;p99.9p100;1686228.0;;;0.045503065;0.045503065
;US-WV;2001;p99.99p100;6271614.0;;;0.0169240274;0.0169240274
;US-WV;2001;p90p100;;;;0.4206575155;0.4206575155
;US-WV;2001;p90p91;155884.984375;;;;
;US-WV;2001;p95p96;211741.359375;;;;
;US-WV;2001;p95p100;;;;0.2856933177;0.2856933177
;US-WV;2001;p99.5p100;695099.9375;;;0.0937867835;0.0937867835
;US-WV;2000;p0p100;39261.8242188;;35498561536.0;;
;US-WV;2000;p99p100;498316.9375;;;0.1269214898;0.1269214898
;US-WV;2000;p99.9p100;1720071.25;;;0.0438102745;0.0438102745
;US-WV;2000;p99.99p100;5656008.0;;;0.0144058708;0.0144058708
;US-WV;2000;p90p100;;;;0.4064646661;0.4064646661
;US-WV;2000;p90p91;159585.453125;;;;
;US-WV;2000;p95p96;218310.359375;;;;
;US-WV;2000;p95p100;;;;0.2780185938;0.2780185938
;US-WV;2000;p99.5p100;722403.8125;;;0.0919982493;0.0919982493
;US-WV;1999;p0p100;38194.6132812;;34798817280.0;;
;US-WV;1999;p99p100;485915.65625;;;0.1272209883;0.1272209883
;US-WV;1999;p99.9p100;1667707.625;;;0.0436634272;0.0436634272
;US-WV;1999;p99.99p100;5076202.0;;;0.0132903606;0.0132903606
;US-WV;1999;p90p100;;;;0.4108192027;0.4108192027
;US-WV;1999;p90p91;156910.8125;;;;
;US-WV;1999;p95p96;215271.125;;;;
;US-WV;1999;p95p100;;;;0.2818082273;0.2818082273
;US-WV;1999;p99.5p100;702905.8125;;;0.0920163542;0.0920163542
;US-WV;1998;p0p100;36508.1328125;;33485168640.0;;
;US-WV;1998;p99p100;472145.90625;;;0.1293262392;0.1293262392
;US-WV;1998;p99.9p100;1595082.5;;;0.0436911583;0.0436911583
;US-WV;1998;p99.99p100;4724549.5;;;0.0129410885;0.0129410885
;US-WV;1998;p90p100;;;;0.4165115058;0.4165115058
;US-WV;1998;p90p91;152060.5625;;;;
;US-WV;1998;p95p96;208803.953125;;;;
;US-WV;1998;p95p100;;;;0.2859691083;0.2859691083
;US-WV;1998;p99.5p100;682522.75;;;0.0934754387;0.0934754387
;US-WV;1997;p0p100;34500.1914062;;31713263616.0;;
;US-WV;1997;p99p100;444114.5;;;0.1287281215;0.1287281215
;US-WV;1997;p99.9p100;1487974.625;;;0.043129459;0.043129459
;US-WV;1997;p99.99p100;4731033.0;;;0.0137130618;0.0137130618
;US-WV;1997;p90p100;;;;0.4264109433;0.4264109433
;US-WV;1997;p90p91;147112.59375;;;;
;US-WV;1997;p95p96;198985.09375;;;;
;US-WV;1997;p95p100;;;;0.2883825898;0.2883825898
;US-WV;1997;p99.5p100;641399.375;;;0.0929559097;0.0929559097
;US-WV;1996;p0p100;32741.1191406;;30048034816.0;;
;US-WV;1996;p99p100;408851.34375;;;0.124873966;0.124873966
;US-WV;1996;p99.9p100;1373534.5;;;0.041951362;0.041951362
;US-WV;1996;p99.99p100;4492130.5;;;0.0137201492;0.0137201492
;US-WV;1996;p90p100;;;;0.4304035604;0.4304035604
;US-WV;1996;p90p91;140918.9375;;;;
;US-WV;1996;p95p96;188263.515625;;;;
;US-WV;1996;p95p100;;;;0.2875031829;0.2875031829
;US-WV;1996;p99.5p100;585601.5;;;0.0894290656;0.0894290656
;US-WV;1995;p0p100;32222.421875;;29048799232.0;;
;US-WV;1995;p99p100;400798.59375;;;0.1243850067;0.1243850067
;US-WV;1995;p99.9p100;1368282.625;;;0.0424636826;0.0424636826
;US-WV;1995;p99.99p100;4550721.5;;;0.0141228419;0.0141228419
;US-WV;1995;p90p100;;;;0.4284909964;0.4284909964
;US-WV;1995;p90p91;138070.171875;;;;
;US-WV;1995;p95p96;184156.921875;;;;
;US-WV;1995;p95p100;;;;0.2857589722;0.2857589722
;US-WV;1995;p99.5p100;577260.875;;;0.0895744041;0.0895744041
;US-WV;1994;p0p100;31370.4140625;;28258768896.0;;
;US-WV;1994;p99p100;368154.875;;;0.1173573509;0.1173573509
;US-WV;1994;p99.9p100;1204166.375;;;0.0383854173;0.0383854173
;US-WV;1994;p99.99p100;3910920.0;;;0.0124669056;0.0124669056
;US-WV;1994;p90p100;;;;0.4185608625;0.4185608625
;US-WV;1994;p90p91;131304.296875;;;;
;US-WV;1994;p95p96;173226.375;;;;
;US-WV;1994;p95p100;;;;0.2760983109;0.2760983109
;US-WV;1994;p99.5p100;526364.25;;;0.0838950053;0.0838950053
;US-WV;1993;p0p100;31119.7539062;;27574925312.0;;
;US-WV;1993;p99p100;366830.84375;;;0.1178771704;0.1178771704
;US-WV;1993;p99.9p100;1212767.125;;;0.0389709808;0.0389709808
;US-WV;1993;p99.99p100;3992672.5;;;0.0128300264;0.0128300264
;US-WV;1993;p90p100;;;;0.4161606431;0.4161606431
;US-WV;1993;p90p91;129508.148438;;;;
;US-WV;1993;p95p96;171246.3125;;;;
;US-WV;1993;p95p100;;;;0.2751408517;0.2751408517
;US-WV;1993;p99.5p100;526734.9375;;;0.0846303254;0.0846303254
;US-WV;1992;p0p100;31759.21875;;27814064128.0;;
;US-WV;1992;p99p100;382905.3125;;;0.1205651015;0.1205651015
;US-WV;1992;p99.9p100;1334817.625;;;0.0420293026;0.0420293026
;US-WV;1992;p99.99p100;4583175.5;;;0.01443101;0.01443101
;US-WV;1992;p90p100;;;;0.4146644473;0.4146644473
;US-WV;1992;p90p91;131694.1875;;;;
;US-WV;1992;p95p96;172468.21875;;;;
;US-WV;1992;p95p100;;;;0.2715246677;0.2715246677
;US-WV;1992;p99.5p100;559559.5;;;0.0880940333;0.0880940333
;US-WV;1991;p0p100;31822.2929688;;27282548736.0;;
;US-WV;1991;p99p100;358409.40625;;;0.1126284078;0.1126284078
;US-WV;1991;p99.9p100;1181913.75;;;0.0371410623;0.0371410623
;US-WV;1991;p99.99p100;3850722.5;;;0.0121007077;0.0121007077
;US-WV;1991;p90p100;;;;0.4054954052;0.4054954052
;US-WV;1991;p90p91;129037.9375;;;;
;US-WV;1991;p95p96;165993.875;;;;
;US-WV;1991;p95p100;;;;0.2608138025;0.2608138025
;US-WV;1991;p99.5p100;514995.78125;;;0.0809174627;0.0809174627
;US-WV;1990;p0p100;32689.2011719;;27770046464.0;;
;US-WV;1990;p99p100;380876.03125;;;0.1165143177;0.1165143177
;US-WV;1990;p99.9p100;1372395.5;;;0.0419831462;0.0419831462
;US-WV;1990;p99.99p100;4875221.0;;;0.0149138579;0.0149138579
;US-WV;1990;p90p100;;;;0.4005855918;0.4005855918
;US-WV;1990;p90p91;130948.242188;;;;
;US-WV;1990;p95p96;168858.5625;;;;
;US-WV;1990;p95p100;;;;0.2582788169;0.2582788169
;US-WV;1990;p99.5p100;560982.3125;;;0.0858054385;0.0858054385
;US-WV;1989;p0p100;31390.90625;;27176767488.0;;
;US-WV;1989;p99p100;378208.71875;;;0.12048354;0.12048354
;US-WV;1989;p99.9p100;1283647.875;;;0.0408923514;0.0408923514
;US-WV;1989;p99.99p100;4304304.0;;;0.0137119461;0.0137119461
;US-WV;1989;p90p100;;;;0.4067932367;0.4067932367
;US-WV;1989;p90p91;127696.078125;;;;
;US-WV;1989;p95p96;171311.234375;;;;
;US-WV;1989;p95p100;;;;0.27286762;0.27286762
;US-WV;1989;p99.5p100;544852.25;;;0.0867850482;0.0867850482
;US-WV;1988;p0p100;32105.7734375;;27299430400.0;;
;US-WV;1988;p99p100;403179.4375;;;0.1255784929;0.1255784929
;US-WV;1988;p99.9p100;1459177.125;;;0.0454490595;0.0454490595
;US-WV;1988;p99.99p100;5066695.5;;;0.0157812592;0.0157812592
;US-WV;1988;p90p100;;;;0.3992968798;0.3992968798
;US-WV;1988;p90p91;128197.351562;;;;
;US-WV;1988;p95p96;174418.3125;;;;
;US-WV;1988;p95p100;;;;0.271630764;0.271630764
;US-WV;1988;p99.5p100;593838.3125;;;0.0924815461;0.0924815461
;US-WV;1987;p0p100;29488.15625;;25868998656.0;;
;US-WV;1987;p99p100;319461.59375;;;0.1083355621;0.1083355621
;US-WV;1987;p99.9p100;1012364.3125;;;0.0343312174;0.0343312174
;US-WV;1987;p99.99p100;3229054.75;;;0.0109503446;0.0109503446
;US-WV;1987;p90p100;;;;0.3995132744;0.3995132744
;US-WV;1987;p90p91;117809.101562;;;;
;US-WV;1987;p95p96;153962.03125;;;;
;US-WV;1987;p95p100;;;;0.2610574067;0.2610574067
;US-WV;1987;p99.5p100;448957.53125;;;0.0761250556;0.0761250556
;US-WV;1986;p0p100;31265.953125;;27570634752.0;;
;US-WV;1986;p99p100;442476.34375;;;0.1415201873;0.1415201873
;US-WV;1986;p99.9p100;1777982.5;;;0.0568664111;0.0568664111
;US-WV;1986;p99.99p100;6936345.0;;;0.0221849792;0.0221849792
;US-WV;1986;p90p100;;;;0.4217181206;0.4217181206
;US-WV;1986;p90p91;131854.1875;;;;
;US-WV;1986;p95p96;182508.90625;;;;
;US-WV;1986;p95p100;;;;0.2918652594;0.2918652594
;US-WV;1986;p99.5p100;670916.3125;;;0.1072918251;0.1072918251
;US-WV;1985;p0p100;29240.234375;;25330634752.0;;
;US-WV;1985;p99p100;319164.6875;;;0.1091525778;0.1091525778
;US-WV;1985;p99.9p100;1054629.125;;;0.0360677391;0.0360677391
;US-WV;1985;p99.99p100;3246284.5;;;0.0111021148;0.0111021148
;US-WV;1985;p90p100;;;;0.3927055895;0.3927055895
;US-WV;1985;p90p91;114828.039062;;;;
;US-WV;1985;p95p96;150973.265625;;;;
;US-WV;1985;p95p100;;;;0.2581601441;0.2581601441
;US-WV;1985;p99.5p100;452188.59375;;;0.0773230121;0.0773230121
;US-WV;1984;p0p100;28388.7578125;;24171214848.0;;
;US-WV;1984;p99p100;323898.84375;;;0.1140940562;0.1140940562
;US-WV;1984;p99.9p100;1171967.5;;;0.0412828065;0.0412828065
;US-WV;1984;p99.99p100;4518688.0;;;0.0159171745;0.0159171745
;US-WV;1984;p90p100;;;;0.3716487288;0.3716487288
;US-WV;1984;p90p91;105506.453125;;;;
;US-WV;1984;p95p96;143550.3125;;;;
;US-WV;1984;p95p100;;;;0.2528295219;0.2528295219
;US-WV;1984;p99.5p100;459789.34375;;;0.0809808895;0.0809808895
;US-WV;1983;p0p100;27287.1425781;;22841040896.0;;
;US-WV;1983;p99p100;331339.34375;;;0.1214269102;0.1214269102
;US-WV;1983;p99.9p100;1262434.75;;;0.0462648161;0.0462648161
;US-WV;1983;p99.99p100;5147708.0;;;0.0188649576;0.0188649576
;US-WV;1983;p90p100;;;;0.3546386659;0.3546386659
;US-WV;1983;p90p91;96770.7578125;;;;
;US-WV;1983;p95p96;137229.78125;;;;
;US-WV;1983;p95p100;;;;0.2514550388;0.2514550388
;US-WV;1983;p99.5p100;471589.46875;;;0.0864123926;0.0864123926
;US-WV;1982;p0p100;30591.234375;;26363189248.0;;
;US-WV;1982;p99p100;330700.40625;;;0.1081029922;0.1081029922
;US-WV;1982;p99.9p100;1279135.375;;;0.0418137908;0.0418137908
;US-WV;1982;p99.99p100;5311011.5;;;0.01736122;0.01736122
;US-WV;1982;p90p100;;;;0.357242167;0.357242167
;US-WV;1982;p90p91;109284.789062;;;;
;US-WV;1982;p95p96;147601.25;;;;
;US-WV;1982;p95p100;;;;0.2412476093;0.2412476093
;US-WV;1982;p99.5p100;487975.28125;;;0.0797573701;0.0797573701
;US-WV;1981;p0p100;31644.4375;;26649796608.0;;
;US-WV;1981;p99p100;310455.65625;;;0.0981074944;0.0981074944
;US-WV;1981;p99.9p100;1051705.125;;;0.0332350694;0.0332350694
;US-WV;1981;p99.99p100;4054801.75;;;0.0128136324;0.0128136324
;US-WV;1981;p90p100;;;;0.3706269562;0.3706269562
;US-WV;1981;p90p91;117282.8125;;;;
;US-WV;1981;p95p96;146995.609375;;;;
;US-WV;1981;p95p100;;;;0.2322613746;0.2322613746
;US-WV;1981;p99.5p100;442715.8125;;;0.0699516013;0.0699516013
;US-WV;1980;p0p100;33271.2109375;;27416557568.0;;
;US-WV;1980;p99p100;311154.34375;;;0.0935205966;0.0935205966
;US-WV;1980;p99.9p100;963190.0625;;;0.0289496556;0.0289496556
;US-WV;1980;p99.99p100;3210254.0;;;0.009648744;0.009648744
;US-WV;1980;p90p100;;;;0.3581320643;0.3581320643
;US-WV;1980;p90p91;119154.875;;;;
;US-WV;1980;p95p96;149188.140625;;;;
;US-WV;1980;p95p100;;;;0.2242000401;0.2242000401
;US-WV;1980;p99.5p100;438670.375;;;0.0659234151;0.0659234151
;US-WV;1979;p0p100;33616.7734375;;27635412992.0;;
;US-WV;1979;p99p100;312220.4375;;;0.0928763822;0.0928763822
;US-WV;1979;p99.9p100;947151.9375;;;0.0281749796;0.0281749796
;US-WV;1979;p99.99p100;3286856.25;;;0.0097774286;0.0097774286
;US-WV;1979;p90p100;;;;0.3554225564;0.3554225564
;US-WV;1979;p90p91;119481.601562;;;;
;US-WV;1979;p95p96;155294.453125;;;;
;US-WV;1979;p95p100;;;;0.2309776396;0.2309776396
;US-WV;1979;p99.5p100;431850.59375;;;0.0642314181;0.0642314181
;US-WV;1978;p0p100;33497.2851562;;26718908416.0;;
;US-WV;1978;p99p100;292507.0;;;0.0873226002;0.0873226002
;US-WV;1978;p99.9p100;784016.3125;;;0.0234053712;0.0234053712
;US-WV;1978;p99.99p100;2166830.25;;;0.0064686742;0.0064686742
;US-WV;1978;p90p100;;;;0.342220217;0.342220217
;US-WV;1978;p90p91;114634.476562;;;;
;US-WV;1978;p95p96;149479.40625;;;;
;US-WV;1978;p95p100;;;;0.2231216878;0.2231216878
;US-WV;1978;p99.5p100;390628.4375;;;0.0583074838;0.0583074838
;US-WV;1977;p0p100;33046.2226562;;25866819584.0;;
;US-WV;1977;p99p100;313324.96875;;;0.0948141441;0.0948141441
;US-WV;1977;p99.9p100;883310.625;;;0.0267295465;0.0267295465
;US-WV;1977;p99.99p100;2746488.0;;;0.0083110491;0.0083110491
;US-WV;1977;p90p100;;;;0.3551257253;0.3551257253
;US-WV;1977;p90p91;117355.648438;;;;
;US-WV;1977;p95p96;152278.453125;;;;
;US-WV;1977;p95p100;;;;0.2304022014;0.2304022014
;US-WV;1977;p99.5p100;427462.625;;;0.0646764636;0.0646764636
;US-WV;1976;p0p100;32040.4511719;;24626288640.0;;
;US-WV;1976;p99p100;312399.375;;;0.0975015536;0.0975015536
;US-WV;1976;p99.9p100;939900.9375;;;0.0293348227;0.0293348227
;US-WV;1976;p99.99p100;3005080.75;;;0.0093790218;0.0093790218
;US-WV;1976;p90p100;;;;0.3593501747;0.3593501747
;US-WV;1976;p90p91;115137.414062;;;;
;US-WV;1976;p95p96;149220.015625;;;;
;US-WV;1976;p95p100;;;;0.2328619063;0.2328619063
;US-WV;1976;p99.5p100;437891.125;;;0.0683341101;0.0683341101
;US-WV;1975;p0p100;30411.7695312;;22966638592.0;;
;US-WV;1975;p99p100;302099.625;;;0.0993364155;0.0993364155
;US-WV;1975;p99.9p100;936932.6875;;;0.0308082271;0.0308082271
;US-WV;1975;p99.99p100;3181611.5;;;0.0104617774;0.0104617774
;US-WV;1975;p90p100;;;;0.3612474203;0.3612474203
;US-WV;1975;p90p91;109861.734375;;;;
;US-WV;1975;p95p96;142445.09375;;;;
;US-WV;1975;p95p100;;;;0.2341940254;0.2341940254
;US-WV;1975;p99.5p100;422834.03125;;;0.0695181563;0.0695181563
;US-WV;1974;p0p100;30445.2792969;;22584387584.0;;
;US-WV;1974;p99p100;285095.28125;;;0.0936418772;0.0936418772
;US-WV;1974;p99.9p100;794813.6875;;;0.0261063036;0.0261063036
;US-WV;1974;p99.99p100;2393399.25;;;0.0078613143;0.0078613143
;US-WV;1974;p90p100;;;;0.3669829965;0.3669829965
;US-WV;1974;p90p91;111729.0;;;;
;US-WV;1974;p95p96;145262.21875;;;;
;US-WV;1974;p95p100;;;;0.2385627925;0.2385627925
;US-WV;1974;p99.5p100;385964.09375;;;0.0633865222;0.0633865222
;US-WV;1973;p0p100;30550.2011719;;22278264832.0;;
;US-WV;1973;p99p100;295209.40625;;;0.0966309234;0.0966309234
;US-WV;1973;p99.9p100;801568.5;;;0.0262377486;0.0262377486
;US-WV;1973;p99.99p100;2454089.5;;;0.0080329729;0.0080329729
;US-WV;1973;p90p100;;;;0.3642194867;0.3642194867
;US-WV;1973;p90p91;111269.789062;;;;
;US-WV;1973;p95p96;144534.921875;;;;
;US-WV;1973;p95p100;;;;0.2365531325;0.2365531325
;US-WV;1973;p99.5p100;406009.84375;;;0.0664496198;0.0664496198
;US-WV;1972;p0p100;30755.7441406;;22040768512.0;;
;US-WV;1972;p99p100;287795.46875;;;0.0935745388;0.0935745388
;US-WV;1972;p99.9p100;795446.8125;;;0.025863355;0.025863355
;US-WV;1972;p99.99p100;2250393.5;;;0.0073169861;0.0073169861
;US-WV;1972;p90p100;;;;0.3488937616;0.3488937616
;US-WV;1972;p90p91;107304.875;;;;
;US-WV;1972;p95p96;139558.828125;;;;
;US-WV;1972;p95p100;;;;0.2268825322;0.2268825322
;US-WV;1972;p99.5p100;390487.46875;;;0.0634820312;0.0634820312
;US-WV;1971;p0p100;29492.5039062;;20747692032.0;;
;US-WV;1971;p99p100;282054.1875;;;0.0956359059;0.0956359059
;US-WV;1971;p99.9p100;844101.6875;;;0.0286208913;0.0286208913
;US-WV;1971;p99.99p100;2862447.0;;;0.0097056776;0.0097056776
;US-WV;1971;p90p100;;;;0.3543510735;0.3543510735
;US-WV;1971;p90p91;104507.0;;;;
;US-WV;1971;p95p96;137342.34375;;;;
;US-WV;1971;p95p100;;;;0.2328428328;0.2328428328
;US-WV;1971;p99.5p100;395698.3125;;;0.0670845658;0.0670845658
;US-WV;1970;p0p100;29024.3886719;;20006338560.0;;
;US-WV;1970;p99p100;266766.65625;;;0.0919111967;0.0919111967
;US-WV;1970;p99.9p100;777697.3125;;;0.0267946143;0.0267946143
;US-WV;1970;p99.99p100;2354820.25;;;0.0081132464;0.0081132464
;US-WV;1970;p90p100;;;;0.3501817286;0.3501817286
;US-WV;1970;p90p91;101638.117188;;;;
;US-WV;1970;p95p96;131931.6875;;;;
;US-WV;1970;p95p100;;;;0.2272772789;0.2272772789
;US-WV;1970;p99.5p100;374597.0;;;0.0645314157;0.0645314157
;US-WV;1969;p0p100;28057.2167969;;19322079232.0;;
;US-WV;1969;p99p100;269443.6875;;;0.0960336551;0.0960336551
;US-WV;1969;p99.9p100;814265.4375;;;0.0290216058;0.0290216058
;US-WV;1969;p99.99p100;2777994.75;;;0.0099011771;0.0099011771
;US-WV;1969;p90p100;;;;0.3551624417;0.3551624417
;US-WV;1969;p90p91;99648.703125;;;;
;US-WV;1969;p95p96;131497.96875;;;;
;US-WV;1969;p95p100;;;;0.2343389392;0.2343389392
;US-WV;1969;p99.5p100;379767.03125;;;0.0676772445;0.0676772445
;US-WV;1968;p0p100;28559.6796875;;19686410240.0;;
;US-WV;1968;p99p100;283009.3125;;;0.0990940034;0.0990940034
;US-WV;1968;p99.9p100;837229.75;;;0.0293150973;0.0293150973
;US-WV;1968;p99.99p100;2824372.25;;;0.0098893698;0.0098893698
;US-WV;1968;p90p100;;;;0.3556791544;0.3556791544
;US-WV;1968;p90p91;101580.820312;;;;
;US-WV;1968;p95p96;134699.375;;;;
;US-WV;1968;p95p100;;;;0.2358209044;0.2358209044
;US-WV;1968;p99.5p100;389005.5625;;;0.068103984;0.068103984
;US-WV;1967;p0p100;27981.890625;;19301224448.0;;
;US-WV;1967;p99p100;263629.78125;;;0.0942144319;0.0942144319
;US-WV;1967;p99.9p100;739105.375;;;0.0264137052;0.0264137052
;US-WV;1967;p99.99p100;1991401.5;;;0.0071167513;0.0071167513
;US-WV;1967;p90p100;;;;0.3509971797;0.3509971797
;US-WV;1967;p90p91;98215.6328125;;;;
;US-WV;1967;p95p96;128659.632812;;;;
;US-WV;1967;p95p100;;;;0.2298980355;0.2298980355
;US-WV;1967;p99.5p100;370039.40625;;;0.0661212355;0.0661212355
;US-WV;1966;p0p100;26866.59375;;18527045632.0;;
;US-WV;1966;p99p100;256283.984375;;;0.0953913257;0.0953913257
;US-WV;1966;p99.9p100;760097.75;;;0.0282915588;0.0282915588
;US-WV;1966;p99.99p100;2402674.0;;;0.0089429803;0.0089429803
;US-WV;1966;p90p100;;;;0.3551791012;0.3551791012
;US-WV;1966;p90p91;95424.5078125;;;;
;US-WV;1966;p95p96;123132.601562;;;;
;US-WV;1966;p95p100;;;;0.229155615;0.229155615
;US-WV;1966;p99.5p100;357173.25;;;0.0664716363;0.0664716363
;US-WV;1965;p0p100;26083.4472656;;17969639424.0;;
;US-WV;1965;p99p100;268435.3125;;;0.1029140428;0.1029140428
;US-WV;1965;p99.9p100;737471.75;;;0.0282735545;0.0282735545
;US-WV;1965;p99.99p100;1836132.125;;;0.0070394534;0.0070394534
;US-WV;1965;p90p100;;;;0.360306114;0.360306114
;US-WV;1965;p90p91;93980.2578125;;;;
;US-WV;1965;p95p96;121364.210938;;;;
;US-WV;1965;p95p100;;;;0.2326460481;0.2326460481
;US-WV;1965;p99.5p100;378129.1875;;;0.0724845082;0.0724845082
;US-WV;1964;p0p100;24840.34375;;17079800832.0;;
;US-WV;1964;p99p100;241913.65625;;;0.0973874032;0.0973874032
;US-WV;1964;p99.9p100;673393.3125;;;0.0271088537;0.0271088537
;US-WV;1964;p99.99p100;1995875.5;;;0.0080348141;0.0080348141
;US-WV;1964;p90p100;;;;0.3557612598;0.3557612598
;US-WV;1964;p90p91;88372.3203125;;;;
;US-WV;1964;p95p96;114978.15625;;;;
;US-WV;1964;p95p100;;;;0.2314342856;0.2314342856
;US-WV;1964;p99.5p100;328686.9375;;;0.066159904;0.066159904
;US-WV;1963;p0p100;23365.3769531;;16011403264.0;;
;US-WV;1963;p99p100;214542.171875;;;0.0918205529;0.0918205529
;US-WV;1963;p99.9p100;615318.875;;;0.0263346434;0.0263346434
;US-WV;1963;p99.99p100;1767129.25;;;0.0075630248;0.0075630248
;US-WV;1963;p90p100;;;;0.353893131;0.353893131
;US-WV;1963;p90p91;82688.4609375;;;;
;US-WV;1963;p95p96;106756.132812;;;;
;US-WV;1963;p95p100;;;;0.228449434;0.228449434
;US-WV;1963;p99.5p100;295602.875;;;0.0632566065;0.0632566065
;US-WV;1962;p0p100;22513.2519531;;15367099392.0;;
;US-WV;1962;p99p100;198906.21875;;;0.0883507356;0.0883507356
;US-WV;1962;p99.9p100;581433.25;;;0.0258262679;0.0258262679
;US-WV;1962;p99.99p100;1584039.25;;;0.0070360308;0.0070360308
;US-WV;1962;p90p100;;;;0.3473263681;0.3473263681
;US-WV;1962;p90p91;78194.4609375;;;;
;US-WV;1962;p95p96;100915.328125;;;;
;US-WV;1962;p95p100;;;;0.2241242826;0.2241242826
;US-WV;1962;p99.5p100;279658.96875;;;0.0621098578;0.0621098578
;US-WV;1961;p0p100;22323.4160156;;15162386432.0;;
;US-WV;1961;p99p100;196961.484375;;;0.088230893;0.088230893
;US-WV;1961;p99.9p100;558100.9375;;;0.0250006951;0.0250006951
;US-WV;1961;p99.99p100;1571131.75;;;0.0070380433;0.0070380433
;US-WV;1961;p90p100;;;;0.3484708667;0.3484708667
;US-WV;1961;p90p91;77790.6015625;;;;
;US-WV;1961;p95p96;100494.09375;;;;
;US-WV;1961;p95p100;;;;0.2250867188;0.2250867188
;US-WV;1961;p99.5p100;272069.96875;;;0.0609382503;0.0609382503
;US-WV;1960;p0p100;22321.1679688;;15067393024.0;;
;US-WV;1960;p99p100;196253.6875;;;0.0879226848;0.0879226848
;US-WV;1960;p99.9p100;565639.9375;;;0.0253409669;0.0253409669
;US-WV;1960;p99.99p100;1474615.75;;;0.0066063562;0.0066063562
;US-WV;1960;p90p100;;;;0.3461762667;0.3461762667
;US-WV;1960;p90p91;77270.578125;;;;
;US-WV;1960;p95p96;99700.5;;;;
;US-WV;1960;p95p100;;;;0.2233317196;0.2233317196
;US-WV;1960;p99.5p100;269855.71875;;;0.0604483895;0.0604483895
;US-WV;1959;p0p100;22243.5507812;;15214835712.0;;
;US-WV;1959;p99p100;203132.8125;;;0.091322124;0.091322124
;US-WV;1959;p99.9p100;577122.75;;;0.0259456243;0.0259456243
;US-WV;1959;p99.99p100;1529685.5;;;0.0068769846;0.0068769846
;US-WV;1959;p90p100;;;;0.3455820084;0.3455820084
;US-WV;1959;p90p91;76869.7109375;;;;
;US-WV;1959;p95p96;100805.734375;;;;
;US-WV;1959;p95p100;;;;0.2265954316;0.2265954316
;US-WV;1959;p99.5p100;277748.5625;;;0.0624335073;0.0624335073
;US-WV;1958;p0p100;21115.3378906;;14619271168.0;;
;US-WV;1958;p99p100;200995.640625;;;0.0951894;0.0951894
;US-WV;1958;p99.9p100;590270.1875;;;0.0279545672;0.0279545672
;US-WV;1958;p99.99p100;1325327.875;;;0.0062766117;0.0062766117
;US-WV;1958;p90p100;;;;0.3457134068;0.3457134068
;US-WV;1958;p90p91;72998.5625;;;;
;US-WV;1958;p95p96;96575.0859375;;;;
;US-WV;1958;p95p100;;;;0.2286846638;0.2286846638
;US-WV;1958;p99.5p100;281132.96875;;;0.0665707961;0.0665707961
;US-WV;1957;p0p100;22117.2441406;;15496195072.0;;
;US-WV;1957;p99p100;208178.0;;;0.0941247419;0.0941247419
;US-WV;1957;p99.9p100;536163.5;;;0.0242418777;0.0242418777
;US-WV;1957;p99.99p100;1171079.875;;;0.0052948724;0.0052948724
;US-WV;1957;p90p100;;;;0.3442620039;0.3442620039
;US-WV;1957;p90p91;76141.265625;;;;
;US-WV;1957;p95p96;99649.046875;;;;
;US-WV;1957;p95p100;;;;0.225274533;0.225274533
;US-WV;1957;p99.5p100;284264.4375;;;0.0642630756;0.0642630756
;US-WV;1956;p0p100;21437.7890625;;15175640064.0;;
;US-WV;1956;p99p100;211470.296875;;;0.0986436978;0.0986436978
;US-WV;1956;p99.9p100;673547.5;;;0.0314186998;0.0314186998
;US-WV;1956;p99.99p100;2068391.125;;;0.0096483417;0.0096483417
;US-WV;1956;p90p100;;;;0.3322459757;0.3322459757
;US-WV;1956;p90p91;71226.1953125;;;;
;US-WV;1956;p95p96;96892.0703125;;;;
;US-WV;1956;p95p100;;;;0.2259842604;0.2259842604
;US-WV;1956;p99.5p100;301316.4375;;;0.0702769384;0.0702769384
;US-WV;1955;p0p100;19656.7246094;;14060333056.0;;
;US-WV;1955;p99p100;194846.625;;;0.0991246626;0.0991246626
;US-WV;1955;p99.9p100;633848.75;;;0.0322459005;0.0322459005
;US-WV;1955;p99.99p100;1978405.5;;;0.010064777;0.010064777
;US-WV;1955;p90p100;;;;0.3635454178;0.3635454178
;US-WV;1955;p90p91;71461.125;;;;
;US-WV;1955;p95p96;90406.1015625;;;;
;US-WV;1955;p95p100;;;;0.2299622595;0.2299622595
;US-WV;1955;p99.5p100;273877.625;;;0.0696651265;0.0696651265
;US-WV;1954;p0p100;18213.6523438;;13162594304.0;;
;US-WV;1954;p99p100;183354.421875;;;0.1006686762;0.1006686762
;US-WV;1954;p99.9p100;536001.3125;;;0.0294285491;0.0294285491
;US-WV;1954;p99.99p100;1469829.125;;;0.0080699315;0.0080699315
;US-WV;1954;p90p100;;;;0.3738195598;0.3738195598
;US-WV;1954;p90p91;68086.1953125;;;;
;US-WV;1954;p95p96;86080.71875;;;;
;US-WV;1954;p95p100;;;;0.2363082469;0.2363082469
;US-WV;1954;p99.5p100;253311.671875;;;0.0695389584;0.0695389584
;US-WV;1953;p0p100;19435.5058594;;14188669952.0;;
;US-WV;1953;p99p100;159569.078125;;;0.0821018443;0.0821018443
;US-WV;1953;p99.9p100;387434.84375;;;0.019934386;0.019934386
;US-WV;1953;p99.99p100;1035421.6875;;;0.0053274753;0.0053274753
;US-WV;1953;p90p100;;;;0.3441550434;0.3441550434
;US-WV;1953;p90p91;66888.2734375;;;;
;US-WV;1953;p95p96;80229.546875;;;;
;US-WV;1953;p95p100;;;;0.2063994408;0.2063994408
;US-WV;1953;p99.5p100;212111.84375;;;0.0545681305;0.0545681305
;US-WV;1952;p0p100;19060.0273438;;14067668992.0;;
;US-WV;1952;p99p100;185978.90625;;;0.0975753665;0.0975753665
;US-WV;1952;p99.9p100;531443.8125;;;0.0278826375;0.0278826375
;US-WV;1952;p99.99p100;1231452.0;;;0.0064609144;0.0064609144
;US-WV;1952;p90p100;;;;0.3665050268;0.3665050268
;US-WV;1952;p90p91;69855.9609375;;;;
;US-WV;1952;p95p96;82337.953125;;;;
;US-WV;1952;p95p100;;;;0.2159964293;0.2159964293
;US-WV;1952;p99.5p100;263718.625;;;0.0691810772;0.0691810772
;US-WV;1951;p0p100;19233.9824219;;14341275648.0;;
;US-WV;1951;p99p100;186509.53125;;;0.0969687551;0.0969687551
;US-WV;1951;p99.9p100;569339.4375;;;0.0296007022;0.0296007022
;US-WV;1951;p99.99p100;1536268.75;;;0.0079872627;0.0079872627
;US-WV;1951;p90p100;;;;0.321228236;0.321228236
;US-WV;1951;p90p91;61784.9882812;;;;
;US-WV;1951;p95p96;78980.96875;;;;
;US-WV;1951;p95p100;;;;0.2053162158;0.2053162158
;US-WV;1951;p99.5p100;268759.28125;;;0.0698657408;0.0698657408
;US-WV;1950;p0p100;18383.0488281;;13846283264.0;;
;US-WV;1950;p99p100;191633.59375;;;0.1042447239;0.1042447239
;US-WV;1950;p99.9p100;580975.5625;;;0.0316038765;0.0316038765
;US-WV;1950;p99.99p100;1181181.5;;;0.0064253835;0.0064253835
;US-WV;1950;p90p100;;;;0.3432173729;0.3432173729
;US-WV;1950;p90p91;63093.8164062;;;;
;US-WV;1950;p95p96;85480.9296875;;;;
;US-WV;1950;p95p100;;;;0.2324993163;0.2324993163
;US-WV;1950;p99.5p100;274808.8125;;;0.0747451708;0.0747451708
;US-WV;1949;p0p100;17282.6386719;;12901956608.0;;
;US-WV;1949;p99p100;177248.6875;;;0.1025588289;0.1025588289
;US-WV;1949;p99.9p100;520735.375;;;0.0301305503;0.0301305503
;US-WV;1949;p99.99p100;1288916.5;;;0.0074578696;0.0074578696
;US-WV;1949;p90p100;;;;0.3389037251;0.3389037251
;US-WV;1949;p90p91;58571.5;;;;
;US-WV;1949;p95p96;79965.6171875;;;;
;US-WV;1949;p95p100;;;;0.2313466966;0.2313466966
;US-WV;1949;p99.5p100;251789.609375;;;0.0728446692;0.0728446692
;US-WV;1948;p0p100;18881.9726562;;14012076032.0;;
;US-WV;1948;p99p100;196801.5625;;;0.1042272151;0.1042272151
;US-WV;1948;p99.9p100;610027.4375;;;0.0323073976;0.0323073976
;US-WV;1948;p99.99p100;1693928.125;;;0.0089711389;0.0089711389
;US-WV;1948;p90p100;;;;0.3303783834;0.3303783834
;US-WV;1948;p90p91;62381.9570312;;;;
;US-WV;1948;p95p96;84862.9375;;;;
;US-WV;1948;p95p100;;;;0.2247194648;0.2247194648
;US-WV;1948;p99.5p100;283229.75;;;0.0750000402;0.0750000402
;US-WV;1947;p0p100;18292.3300781;;13491569664.0;;
;US-WV;1947;p99p100;184419.3125;;;0.1008178368;0.1008178368
;US-WV;1947;p99.9p100;559041.625;;;0.0305615291;0.0305615291
;US-WV;1947;p99.99p100;1547799.25;;;0.0084614651;0.0084614651
;US-WV;1947;p90p100;;;;0.3299742937;0.3299742937
;US-WV;1947;p90p91;60359.9921875;;;;
;US-WV;1947;p95p96;80858.9453125;;;;
;US-WV;1947;p95p100;;;;0.2210187167;0.2210187167
;US-WV;1947;p99.5p100;261610.015625;;;0.0715081096;0.0715081096
;US-WV;1946;p0p100;17120.4199219;;12523037696.0;;
;US-WV;1946;p99p100;201184.203125;;;0.1175112575;0.1175112575
;US-WV;1946;p99.9p100;663724.625;;;0.0387680084;0.0387680084
;US-WV;1946;p99.99p100;2410918.0;;;0.0140821198;0.0140821198
;US-WV;1946;p90p100;;;;0.3568472266;0.3568472266
;US-WV;1946;p90p91;61093.7421875;;;;
;US-WV;1946;p95p96;85265.765625;;;;
;US-WV;1946;p95p100;;;;0.2490177155;0.2490177155
;US-WV;1946;p99.5p100;291864.34375;;;0.0852386653;0.0852386653
;US-WV;1945;p0p100;17017.0917969;;12451201024.0;;
;US-WV;1945;p99p100;174960.65625;;;0.1028146744;0.1028146744
;US-WV;1945;p99.9p100;529074.4375;;;0.0310907681;0.0310907681
;US-WV;1945;p99.99p100;1278238.0;;;0.0075114951;0.0075114951
;US-WV;1945;p90p100;;;;0.3297467232;0.3297467232
;US-WV;1945;p90p91;56113.3007812;;;;
;US-WV;1945;p95p96;75106.7734375;;;;
;US-WV;1945;p95p100;;;;0.2206804305;0.2206804305
;US-WV;1945;p99.5p100;249452.3125;;;0.0732946396;0.0732946396
;US-WV;1944;p0p100;16213.8583984;;11857317888.0;;
;US-WV;1944;p99p100;234439.125;;;0.1445918232;0.1445918232
;US-WV;1944;p99.9p100;788247.625;;;0.0486156754;0.0486156754
;US-WV;1944;p99.99p100;2408097.75;;;0.0148520954;0.0148520954
;US-WV;1944;p90p100;;;;0.4277564883;0.4277564883
;US-WV;1944;p90p91;69355.828125;;;;
;US-WV;1944;p95p96;96010.3359375;;;;
;US-WV;1944;p95p100;;;;0.2960748971;0.2960748971
;US-WV;1944;p99.5p100;344661.3125;;;0.1062860265;0.1062860265
;US-WV;1943;p0p100;16224.5234375;;11844127744.0;;
;US-WV;1943;p99p100;169243.09375;;;0.10431315;0.10431315
;US-WV;1943;p99.9p100;532673.5;;;0.032831382;0.032831382
;US-WV;1943;p99.99p100;1258775.375;;;0.0077584735;0.0077584735
;US-WV;1943;p90p100;;;;0.3509706557;0.3509706557
;US-WV;1943;p90p91;56943.3125;;;;
;US-WV;1943;p95p96;74187.8203125;;;;
;US-WV;1943;p95p100;;;;0.2286286801;0.2286286801
;US-WV;1943;p99.5p100;246755.53125;;;0.0760440081;0.0760440081
;US-WV;1942;p0p100;14530.5224609;;10567723008.0;;
;US-WV;1942;p99p100;157361.90625;;;0.1082974896;0.1082974896
;US-WV;1942;p99.9p100;502077.3125;;;0.0345532894;0.0345532894
;US-WV;1942;p99.99p100;1296951.0;;;0.0089257015;0.0089257015
;US-WV;1942;p90p100;;;;0.3491134346;0.3491134346
;US-WV;1942;p90p91;50728.0;;;;
;US-WV;1942;p95p96;69378.2265625;;;;
;US-WV;1942;p95p100;;;;0.2387327254;0.2387327254
;US-WV;1942;p99.5p100;229123.390625;;;0.0788421035;0.0788421035
;US-WV;1941;p0p100;13124.1435547;;9535680512.0;;
;US-WV;1941;p99p100;168215.796875;;;0.1281727701;0.1281727701
;US-WV;1941;p99.9p100;537212.4375;;;0.0409331396;0.0409331396
;US-WV;1941;p99.99p100;1423392.5;;;0.0108456016;0.0108456016
;US-WV;1941;p90p100;;;;0.4041814506;0.4041814506
;US-WV;1941;p90p91;53045.359375;;;;
;US-WV;1941;p95p96;71932.234375;;;;
;US-WV;1941;p95p100;;;;0.2740454078;0.2740454078
;US-WV;1941;p99.5p100;244785.0625;;;0.0932575241;0.0932575241
;US-WV;1940;p0p100;11521.4833984;;8371810304.0;;
;US-WV;1940;p99p100;153729.046875;;;0.1334281713;0.1334281713
;US-WV;1940;p99.9p100;486523.6875;;;0.0422275215;0.0422275215
;US-WV;1940;p99.99p100;1270414.25;;;0.0110264812;0.0110264812
;US-WV;1940;p90p100;;;;0.4588652253;0.4588652253
;US-WV;1940;p90p91;52868.0820312;;;;
;US-WV;1940;p95p96;71700.9140625;;;;
;US-WV;1940;p95p100;;;;0.3111617863;0.3111617863
;US-WV;1940;p99.5p100;222521.96875;;;0.096568279;0.096568279
;US-WV;1939;p0p100;11084.4921875;;7907557888.0;;
;US-WV;1939;p99p100;145649.40625;;;0.131399259;0.131399259
;US-WV;1939;p99.9p100;460069.21875;;;0.0415056683;0.0415056683
;US-WV;1939;p99.99p100;1207604.0;;;0.010894537;0.010894537
;US-WV;1939;p90p100;;;;0.4038563073;0.4038563073
;US-WV;1939;p90p91;44765.4179688;;;;
;US-WV;1939;p95p96;65740.59375;;;;
;US-WV;1939;p95p100;;;;0.2965431213;0.2965431213
;US-WV;1939;p99.5p100;208276.609375;;;0.0939495564;0.0939495564
;US-WV;1938;p0p100;10267.9960938;;7201714176.0;;
;US-WV;1938;p99p100;136569.71875;;;0.1330052167;0.1330052167
;US-WV;1938;p99.9p100;451670.0625;;;0.0439881384;0.0439881384
;US-WV;1938;p99.99p100;1454191.375;;;0.0141623681;0.0141623681
;US-WV;1938;p90p100;;;;0.3978856504;0.3978856504
;US-WV;1938;p90p91;40854.8867188;;;;
;US-WV;1938;p95p96;59838.125;;;;
;US-WV;1938;p95p100;;;;0.2913817167;0.2913817167
;US-WV;1938;p99.5p100;196627.1875;;;0.0957475901;0.0957475901
;US-WV;1937;p0p100;11659.7099609;;8043307520.0;;
;US-WV;1937;p99p100;156576.546875;;;0.1342885494;0.1342885494
;US-WV;1937;p99.9p100;530420.1875;;;0.0454917178;0.0454917178
;US-WV;1937;p99.99p100;1429574.5;;;0.0122608077;0.0122608077
;US-WV;1937;p90p100;;;;0.385307163;0.385307163
;US-WV;1937;p90p91;44925.6914062;;;;
;US-WV;1937;p95p96;66109.5859375;;;;
;US-WV;1937;p95p100;;;;0.2834958732;0.2834958732
;US-WV;1937;p99.5p100;230363.21875;;;0.0987860039;0.0987860039
;US-WV;1936;p0p100;11438.1201172;;7774361088.0;;
;US-WV;1936;p99p100;164761.109375;;;0.1440456212;0.1440456212
;US-WV;1936;p99.9p100;572747.375;;;0.0500735603;0.0500735603
;US-WV;1936;p99.99p100;1586607.0;;;0.0138712227;0.0138712227
;US-WV;1936;p90p100;;;;0.3826211989;0.3826211989
;US-WV;1936;p90p91;43764.6679688;;;;
;US-WV;1936;p95p96;65031.0898438;;;;
;US-WV;1936;p95p100;;;;0.2842735052;0.2842735052
;US-WV;1936;p99.5p100;244956.265625;;;0.1070789024;0.1070789024
;US-WV;1935;p0p100;10072.5957031;;6743859712.0;;
;US-WV;1935;p99p100;128374.671875;;;0.127449438;0.127449438
;US-WV;1935;p99.9p100;409912.0625;;;0.0406957678;0.0406957678
;US-WV;1935;p99.99p100;1070747.0;;;0.0106302965;0.0106302965
;US-WV;1935;p90p100;;;;0.367592603;0.367592603
;US-WV;1935;p90p91;37026.1210938;;;;
;US-WV;1935;p95p96;53557.2773438;;;;
;US-WV;1935;p95p100;;;;0.2658563852;0.2658563852
;US-WV;1935;p99.5p100;183743.796875;;;0.0912097469;0.0912097469
;US-WV;1934;p0p100;9428.51660156;;6214607872.0;;
;US-WV;1934;p99p100;117091.101562;;;0.1241882443;0.1241882443
;US-WV;1934;p99.9p100;363356.0625;;;0.0385379829;0.0385379829
;US-WV;1934;p99.99p100;922074.0;;;0.0097796284;0.0097796284
;US-WV;1934;p90p100;;;;0.3633109033;0.3633109033
;US-WV;1934;p90p91;34254.8320312;;;;
;US-WV;1934;p95p96;50213.703125;;;;
;US-WV;1934;p95p100;;;;0.2662863135;0.2662863135
;US-WV;1934;p99.5p100;165305.6875;;;0.0876626074;0.0876626074
;US-WV;1933;p0p100;8205.41699219;;5327835136.0;;
;US-WV;1933;p99p100;102686.710938;;;0.1251450181;0.1251450181
;US-WV;1933;p99.9p100;322588.84375;;;0.0393141285;0.0393141285
;US-WV;1933;p99.99p100;926604.5;;;0.0112925945;0.0112925945
;US-WV;1933;p90p100;;;;0.3711862862;0.3711862862
;US-WV;1933;p90p91;30457.3828125;;;;
;US-WV;1933;p95p96;43186.9882812;;;;
;US-WV;1933;p95p100;;;;0.2631614506;0.2631614506
;US-WV;1933;p99.5p100;143545.28125;;;0.0874698311;0.0874698311
;US-WV;1932;p0p100;7914.11425781;;5064392704.0;;
;US-WV;1932;p99p100;101376.25;;;0.1280955076;0.1280955076
;US-WV;1932;p99.9p100;301058.0;;;0.0380406417;0.0380406417
;US-WV;1932;p99.99p100;818238.875;;;0.0103389816;0.0103389816
;US-WV;1932;p90p100;;;;0.4058555067;0.4058555067
;US-WV;1932;p90p91;32119.8730469;;;;
;US-WV;1932;p95p96;44556.8164062;;;;
;US-WV;1932;p95p100;;;;0.2815022171;0.2815022171
;US-WV;1932;p99.5p100;139434.890625;;;0.0880925357;0.0880925357
;US-WV;1931;p0p100;9879.59863281;;6227589120.0;;
;US-WV;1931;p99p100;115081.140625;;;0.1164836213;0.1164836213
;US-WV;1931;p99.9p100;332478.46875;;;0.033653032;0.033653032
;US-WV;1931;p99.99p100;812170.1875;;;0.0082206801;0.0082206801
;US-WV;1931;p90p100;;;;0.3340034187;0.3340034187
;US-WV;1931;p90p91;32998.1953125;;;;
;US-WV;1931;p95p96;45776.65625;;;;
;US-WV;1931;p95p100;;;;0.2316726446;0.2316726446
;US-WV;1931;p99.5p100;159901.125;;;0.0809249133;0.0809249133
;US-WV;1930;p0p100;10760.5087891;;6672580096.0;;
;US-WV;1930;p99p100;136717.734375;;;0.1270550787;0.1270550787
;US-WV;1930;p99.9p100;440859.1875;;;0.0409700982;0.0409700982
;US-WV;1930;p99.99p100;1150758.75;;;0.0106942765;0.0106942765
;US-WV;1930;p90p100;;;;0.3334400356;0.3334400356
;US-WV;1930;p90p91;35879.8515625;;;;
;US-WV;1930;p95p96;52913.5195312;;;;
;US-WV;1930;p95p100;;;;0.2458690256;0.2458690256
;US-WV;1930;p99.5p100;197123.703125;;;0.0915958881;0.0915958881
;US-WV;1929;p0p100;12267.3251953;;7523234304.0;;
;US-WV;1929;p99p100;168730.21875;;;0.1375444382;0.1375444382
;US-WV;1929;p99.9p100;617293.5;;;0.050320141;0.050320141
;US-WV;1929;p99.99p100;1785372.5;;;0.0145538859;0.0145538859
;US-WV;1929;p90p100;;;;0.3148755431;0.3148755431
;US-WV;1929;p90p91;38626.8046875;;;;
;US-WV;1929;p95p96;60696.2851562;;;;
;US-WV;1929;p95p100;;;;0.2473900467;0.2473900467
;US-WV;1929;p99.5p100;253169.390625;;;0.1031885073;0.1031885073
;US-WV;1928;p0p100;10187.6679688;;6180331008.0;;
;US-WV;1928;p99p100;172068.046875;;;0.1688983738;0.1688983738
;US-WV;1928;p99.9p100;656790.0625;;;0.0644691288;0.0644691288
;US-WV;1928;p99.99p100;2096034.125;;;0.0205742307;0.0205742307
;US-WV;1928;p90p100;;;;0.3892048001;0.3892048001
;US-WV;1928;p90p91;39650.8945312;;;;
;US-WV;1928;p95p96;62479.2539062;;;;
;US-WV;1928;p95p100;;;;0.3066415787;0.3066415787
;US-WV;1928;p99.5p100;261047.703125;;;0.1281194538;0.1281194538
;US-WV;1927;p0p100;10732.0908203;;6427201536.0;;
;US-WV;1927;p99p100;165792.375;;;0.1544828415;0.1544828415
;US-WV;1927;p99.9p100;605441.5625;;;0.0564141348;0.0564141348
;US-WV;1927;p99.99p100;1847576.125;;;0.0172154363;0.0172154363
;US-WV;1927;p90p100;;;;0.3699960113;0.3699960113
;US-WV;1927;p90p91;39708.3046875;;;;
;US-WV;1927;p95p96;61627.5976562;;;;
;US-WV;1927;p95p100;;;;0.2871183455;0.2871183455
;US-WV;1927;p99.5p100;249447.046875;;;0.1162155047;0.1162155047
;US-WV;1926;p0p100;10883.1582031;;6423537152.0;;
;US-WV;1926;p99p100;158359.71875;;;0.1455089748;0.1455089748
;US-WV;1926;p99.9p100;569387.9375;;;0.0523182675;0.0523182675
;US-WV;1926;p99.99p100;1830794.25;;;0.016822271;0.016822271
;US-WV;1926;p90p100;;;;0.3646716475;0.3646716475
;US-WV;1926;p90p91;39687.7890625;;;;
;US-WV;1926;p95p96;61767.9921875;;;;
;US-WV;1926;p95p100;;;;0.2837779224;0.2837779224
;US-WV;1926;p99.5p100;234899.40625;;;0.1079187766;0.1079187766
;US-WV;1925;p0p100;11047.6337891;;6428404224.0;;
;US-WV;1925;p99p100;153561.140625;;;0.1389991194;0.1389991194
;US-WV;1925;p99.9p100;548063.0;;;0.0496090837;0.0496090837
;US-WV;1925;p99.99p100;1596559.5;;;0.0144515969;0.0144515969
;US-WV;1925;p90p100;;;;0.3670040369;0.3670040369
;US-WV;1925;p90p91;40545.2617188;;;;
;US-WV;1925;p95p96;61558.421875;;;;
;US-WV;1925;p95p100;;;;0.2786045671;0.2786045671
;US-WV;1925;p99.5p100;229509.84375;;;0.1038728505;0.1038728505
;US-WV;1924;p0p100;13969.6962891;;8000800256.0;;
;US-WV;1924;p99p100;151959.109375;;;0.1087776721;0.1087776721
;US-WV;1924;p99.9p100;542927.625;;;0.0388646647;0.0388646647
;US-WV;1924;p99.99p100;1504338.75;;;0.0107685849;0.0107685849
;US-WV;1924;p90p100;;;;0.3496977985;0.3496977985
;US-WV;1924;p90p91;48851.7226562;;;;
;US-WV;1924;p95p96;67381.7265625;;;;
;US-WV;1924;p95p100;;;;0.2411710322;0.2411710322
;US-WV;1924;p99.5p100;226832.3125;;;0.0811872706;0.0811872706
;US-WV;1923;p0p100;16421.3066406;;9217499136.0;;
;US-WV;1923;p99p100;159235.125;;;0.0969686061;0.0969686061
;US-WV;1923;p99.9p100;571962.4375;;;0.0348305069;0.0348305069
;US-WV;1923;p99.99p100;1788844.0;;;0.0108934334;0.0108934334
;US-WV;1923;p90p100;;;;0.3091402352;0.3091402352
;US-WV;1923;p90p91;50764.8671875;;;;
;US-WV;1923;p95p96;69296.1953125;;;;
;US-WV;1923;p95p100;;;;0.2109947652;0.2109947652
;US-WV;1923;p99.5p100;237951.0;;;0.0724519119;0.0724519119
;US-WV;1922;p0p100;13118.1025391;;7230589440.0;;
;US-WV;1922;p99p100;153017.15625;;;0.1166458055;0.1166458055
;US-WV;1922;p99.9p100;534283.1875;;;0.0407286957;0.0407286957
;US-WV;1922;p99.99p100;1512161.625;;;0.0115272896;0.0115272896
;US-WV;1922;p90p100;;;;0.3475546539;0.3475546539
;US-WV;1922;p90p91;45592.578125;;;;
;US-WV;1922;p95p96;64261.7382812;;;;
;US-WV;1922;p95p100;;;;0.2449353486;0.2449353486
;US-WV;1922;p99.5p100;227281.859375;;;0.0866290927;0.0866290927
;US-WV;1921;p0p100;13022.2324219;;7070751744.0;;
;US-WV;1921;p99p100;133543.4375;;;0.1025503352;0.1025503352
;US-WV;1921;p99.9p100;438249.875;;;0.0336539745;0.0336539745
;US-WV;1921;p99.99p100;1138073.375;;;0.0087394649;0.0087394649
;US-WV;1921;p90p100;;;;0.3283885419;0.3283885419
;US-WV;1921;p90p91;42763.5234375;;;;
;US-WV;1921;p95p96;58140.4960938;;;;
;US-WV;1921;p95p100;;;;0.2232355177;0.2232355177
;US-WV;1921;p99.5p100;193723.640625;;;0.0743818805;0.0743818805
;US-WV;1920;p0p100;16221.7851562;;8628355072.0;;
;US-WV;1920;p99p100;151335.875;;;0.093291752;0.093291752
;US-WV;1920;p99.9p100;524709.4375;;;0.0323459767;0.0323459767
;US-WV;1920;p99.99p100;1198511.75;;;0.0073882858;0.0073882858
;US-WV;1920;p90p100;;;;0.2744552195;0.2744552195
;US-WV;1920;p90p91;44521.5351562;;;;
;US-WV;1920;p95p96;61555.7695312;;;;
;US-WV;1920;p95p100;;;;0.1897318065;0.1897318065
;US-WV;1920;p99.5p100;225524.0625;;;0.0695127174;0.0695127174
;US-WV;1919;p0p100;11082.9511719;;5754824704.0;;
;US-WV;1919;p99p100;138849.5625;;;0.1252821386;0.1252821386
;US-WV;1919;p99.9p100;502509.28125;;;0.0453407466;0.0453407466
;US-WV;1919;p99.99p100;1433170.875;;;0.0129313106;0.0129313106
;US-WV;1919;p90p100;;;;0.3449297845;0.3449297845
;US-WV;1919;p90p91;38228.3945312;;;;
;US-WV;1919;p95p96;57650.8046875;;;;
;US-WV;1919;p95p100;;;;0.2600877881;0.2600877881
;US-WV;1919;p99.5p100;204296.96875;;;0.0921672285;0.0921672285
;US-WV;1918;p0p100;14788.6708984;;7540193280.0;;
;US-WV;1918;p99p100;147058.625;;;0.0994400531;0.0994400531
;US-WV;1918;p99.9p100;530241.8125;;;0.0358545892;0.0358545892
;US-WV;1918;p99.99p100;1704421.75;;;0.0115251848;0.0115251848
;US-WV;1918;p90p100;;;;0.3127653301;0.3127653301
;US-WV;1918;p90p91;46253.8359375;;;;
;US-WV;1918;p95p96;66047.390625;;;;
;US-WV;1918;p95p100;;;;0.2233039737;0.2233039737
;US-WV;1918;p99.5p100;216076.234375;;;0.0730546489;0.0730546489
;US-WV;1917;p0p100;12624.5693359;;6403752960.0;;
