Variable Name;.;.;.;Fiscal income  | tax unit | Average | Adults | constant 2015 local currency;Fiscal income  | tax unit | Threshold | Adults | constant 2015 local currency;Fiscal income  | tax unit | Total | Adults | constant 2015 local currency;Fiscal income  | tax unit | Share | Adults | share of total (ratio);Pre-tax national income  | tax unit | Share | Adults | share of total (ratio)
Variable Category;.;.;.;Income inequality;Income inequality;Income inequality;Income inequality;Income inequality
Variable Description;.;.;.;Average Fiscal income within a given percentile group. Fiscal income is defined as the sum of all income items reported on income tax returns, before any deduction. It includes labour income, capital income and mixed income. The concept of fiscal income varies with national tax legislations, so in order to make international comparisons it is preferable to use the concept of national income. The population is comprised of individuals over age 20. The base unit is the tax unit defined by national fiscal administrations to measure personal income taxes.;Fiscal income threshold value at a given percentile.  Fiscal income is defined as the sum of all income items reported on income tax returns, before any deduction. It includes labour income, capital income and mixed income. The concept of fiscal income varies with national tax legislations, so in order to make international comparisons it is preferable to use the concept of national income. The population is comprised of individuals over age 20. The base unit is the tax unit defined by national fiscal administrations to measure personal income taxes.;Total Fiscal income  within a given percentile group. Fiscal income is defined as the sum of all income items reported on income tax returns, before any deduction. It includes labour income, capital income and mixed income. The concept of fiscal income varies with national tax legislations, so in order to make international comparisons it is preferable to use the concept of national income. The population is comprised of individuals over age 20.;Fiscal income share held by a given percentile group. Fiscal income is defined as the sum of all income items reported on income tax returns, before any deduction. It includes labour income, capital income and mixed income. The concept of fiscal income varies with national tax legislations, so in order to make international comparisons it is preferable to use the concept of national income. The population is comprised of individuals over age 20. The base unit is the tax unit defined by national fiscal administrations to measure personal income taxes.;Pre-tax national income share held by a given percentile group. Pre-tax national income  is the sum of all pre-tax personal income flows accruing to the owners of the production factors, labor and capital, before taking into account the operation of the tax/transfer system, but after taking into account the operation of pension system. The central difference between personal factor income and pre-tax income is the treatment of pensions, which are counted on a contribution basis by factor income and on a distribution basis by pre-tax income. The population is comprised of individuals over age 20. The base unit is the tax unit defined by national fiscal administrations to measure personal income taxes.
Variable Decomposition;.;.;.;[Fiscal income ]=[Fiscal labour income ]+[Fiscal capital income ];[Fiscal income ]=[Fiscal labour income ]+[Fiscal capital income ];[Fiscal income ]=[Fiscal labour income ]+[Fiscal capital income ];[Fiscal income ]=[Fiscal labour income ]+[Fiscal capital income ];Pre-tax national income =Pre-tax labor income [total pre-tax income ranking]+Pre-tax capital income [total pre-tax income ranking]
Variable Unit;.;.;.;"USD; United States dollar | local currency | market";"USD; United States dollar | local currency | market";"USD; United States dollar | local currency | market";share;share
Methodological Notes;.;.;.;;;;;Assuming the same distribution as fiscal income.
Sources;.;.;.;Frank, Sommeiller, Price & Saez (2015);Frank, Sommeiller, Price & Saez (2015);Frank, Sommeiller, Price & Saez (2015);Frank, Sommeiller, Price & Saez (2015);WID.world computations using: Frank, Sommeiller, Price & Saez (2015)
Variable Code;country;year;perc;afiinc992t;tfiinc992t;mfiinc992t;sfiinc992t;sptinc992t
;US-ID;2014;p0p100;53489.8203125;;40315256832.0;;
;US-ID;2014;p99p100;;314291.8125;;0.1507821679;0.1507821679
;US-ID;2014;p99.9p100;;1239291.375;;0.0630490407;0.0630490407
;US-ID;2014;p99.99p100;;5388305.5;;0.0264611803;0.0264611803
;US-ID;2014;p90p100;;109532.523438;;0.4137421548;0.4137421548
;US-ID;2014;p90p91;224190.59375;;;;
;US-ID;2014;p95p96;319746.53125;;;;
;US-ID;2014;p90p95;128634.65625;109532.523438;;0.1174340472;0.1174340472
;US-ID;2014;p95p99;195798.421875;135238.0625;;0.1453350186;0.1453350186
;US-ID;2014;p99.5p99.9;704372.4375;481229.625;;0.0525028333;0.0525028333
;US-ID;2014;p99.9p99.99;2151629.0;1239291.375;;0.0368613414;0.0368613414
;US-ID;2014;p99p99.5;382361.03125;314291.8125;;0.0353181288;0.0353181288
;US-ID;2014;p95p100;;135238.0625;;0.2960563898;0.2960563898
;US-ID;2014;p0p90;34523.0703125;;;0.5860874653;0.5860874653
;US-ID;2014;p0p99;45792.3554688;;;0.8492178321;0.8492178321
;US-ID;2014;p99.5p100;;481229.625;;0.1154586822;0.1154586822
;US-ID;2014;p99.5p99.6;1248717.0;;;;
;US-ID;2014;p99.99p99.991;14896294.0;;;;
;US-ID;2014;p99.9p99.91;3426095.5;;;;
;US-ID;2014;p99p99.1;815539.0;;;;
;US-ID;2013;p0p100;54267.9257812;;38214000640.0;;
;US-ID;2013;p99p100;;305068.375;;0.1399998665;0.1399998665
;US-ID;2013;p99.9p100;;1200931.875;;0.0569946207;0.0569946207
;US-ID;2013;p99.99p100;;4976420.0;;0.0233073086;0.0233073086
;US-ID;2013;p90p100;;109670.4375;;0.3947252929;0.3947252929
;US-ID;2013;p90p91;218785.796875;;;;
;US-ID;2013;p95p96;307785.21875;;;;
;US-ID;2013;p90p95;129786.367188;109670.4375;;0.1152275875;0.1152275875
;US-ID;2013;p95p99;192115.390625;133058.53125;;0.1390961856;0.1390961856
;US-ID;2013;p99.5p99.9;679142.375;463695.84375;;0.0492289029;0.0492289029
;US-ID;2013;p99.9p99.99;2042421.5;1200931.875;;0.0337814987;0.0337814987
;US-ID;2013;p99p99.5;369843.375;305068.375;;0.0337956287;0.0337956287
;US-ID;2013;p95p100;;133058.53125;;0.2791472673;0.2791472673
;US-ID;2013;p0p90;35988.1601562;;;0.6055628657;0.6055628657
;US-ID;2013;p0p99;47033.6132812;;;0.8600001335;0.8600001335
;US-ID;2013;p99.5p100;;463695.84375;;0.1062362045;0.1062362045
;US-ID;2013;p99.5p99.6;1171085.75;;;;
;US-ID;2013;p99.99p99.991;13006801.0;;;;
;US-ID;2013;p99.9p99.91;3138859.25;;;;
;US-ID;2013;p99p99.1;770464.5625;;;;
;US-ID;2012;p0p100;51460.3867188;;37626720256.0;;
;US-ID;2012;p99p100;879214.9375;;;0.1708527505;0.1708527505
;US-ID;2012;p99.9p100;4113044.75;;;0.0799264237;0.0799264237
;US-ID;2012;p99.99p100;18712908.0;;;0.0363637134;0.0363637134
;US-ID;2012;p90p100;;;;0.431446135;0.431446135
;US-ID;2012;p90p91;222023.84375;;;;
;US-ID;2012;p95p96;318686.53125;;;;
;US-ID;2012;p95p100;;;;0.3096425831;0.3096425831
;US-ID;2012;p99.5p100;1395262.25;;;0.135566622;0.135566622
;US-ID;2011;p0p100;48879.1171875;;35525382144.0;;
;US-ID;2011;p99p100;688499.9375;;;0.1408576965;0.1408576965
;US-ID;2011;p99.9p100;2876429.25;;;0.0588478185;0.0588478185
;US-ID;2011;p99.99p100;12091793.0;;;0.024738159;0.024738159
;US-ID;2011;p90p100;;;;0.4048189521;0.4048189521
;US-ID;2011;p90p91;197871.9375;;;;
;US-ID;2011;p95p96;274897.25;;;;
;US-ID;2011;p95p100;;;;0.2812011242;0.2812011242
;US-ID;2011;p99.5p100;1053330.875;;;0.1077485532;0.1077485532
;US-ID;2010;p0p100;49404.1601562;;35224035328.0;;
;US-ID;2010;p99p100;688454.0625;;;0.1393514425;0.1393514425
;US-ID;2010;p99.9p100;2859037.0;;;0.0578703657;0.0578703657
;US-ID;2010;p99.99p100;12200297.0;;;0.0246948767;0.0246948767
;US-ID;2010;p90p100;;;;0.3973487318;0.3973487318
;US-ID;2010;p90p91;196306.828125;;;;
;US-ID;2010;p95p96;279140.53125;;;;
;US-ID;2010;p95p100;;;;0.2825070918;0.2825070918
;US-ID;2010;p99.5p100;1045721.1875;;;0.1058333069;0.1058333069
;US-ID;2009;p0p100;48712.9570312;;34077198336.0;;
;US-ID;2009;p99p100;664630.5625;;;0.1364381462;0.1364381462
;US-ID;2009;p99.9p100;2859328.5;;;0.0586974919;0.0586974919
;US-ID;2009;p99.99p100;12613778.0;;;0.0258940924;0.0258940924
;US-ID;2009;p90p100;;;;0.3921864033;0.3921864033
;US-ID;2009;p90p91;191045.59375;;;;
;US-ID;2009;p95p96;270556.3125;;;;
;US-ID;2009;p95p100;;;;0.2777046561;0.2777046561
;US-ID;2009;p99.5p100;1018982.125;;;0.1045904607;0.1045904607
;US-ID;2008;p0p100;54735.7929688;;37269311488.0;;
;US-ID;2008;p99p100;899429.375;;;0.1643219888;0.1643219888
;US-ID;2008;p99.9p100;4314366.0;;;0.0788216665;0.0788216665
;US-ID;2008;p99.99p100;20175044.0;;;0.0368589647;0.0368589647
;US-ID;2008;p90p100;;;;0.4088040292;0.4088040292
;US-ID;2008;p90p91;223762.109375;;;;
;US-ID;2008;p95p96;321291.28125;;;;
;US-ID;2008;p95p100;;;;0.2934928834;0.2934928834
;US-ID;2008;p99.5p100;1433585.75;;;0.1309550703;0.1309550703
;US-ID;2007;p0p100;61493.8164062;;41209798656.0;;
;US-ID;2007;p99p100;1157025.625;;;0.1881531626;0.1881531626
;US-ID;2007;p99.9p100;5779708.5;;;0.0939884484;0.0939884484
;US-ID;2007;p99.99p100;27183066.0;;;0.0442045517;0.0442045517
;US-ID;2007;p90p100;;;;0.4254644215;0.4254644215
;US-ID;2007;p90p91;261634.296875;;;;
;US-ID;2007;p95p96;392749.90625;;;;
;US-ID;2007;p95p100;;;;0.3193409741;0.3193409741
;US-ID;2007;p99.5p100;1876296.25;;;0.1525597423;0.1525597423
;US-ID;2006;p0p100;58661.3632812;;39218733056.0;;
;US-ID;2006;p99p100;1200638.125;;;0.2046727389;0.2046727389
;US-ID;2006;p99.9p100;6067416.5;;;0.1034312248;0.1034312248
;US-ID;2006;p99.99p100;28454036.0;;;0.0485055819;0.0485055819
;US-ID;2006;p90p100;;;;0.4508195221;0.4508195221
;US-ID;2006;p90p91;264456.875;;;;
;US-ID;2006;p95p96;402003.0;;;;
;US-ID;2006;p95p100;;;;0.3426471651;0.3426471651
;US-ID;2006;p99.5p100;1955766.875;;;0.1666997522;0.1666997522
;US-ID;2005;p0p100;57447.0898438;;36595277824.0;;
;US-ID;2005;p99p100;1037632.4375;;;0.1806240082;0.1806240082
;US-ID;2005;p99.9p100;5041368.5;;;0.0877567157;0.0877567157
;US-ID;2005;p99.99p100;22816108.0;;;0.0397167318;0.0397167318
;US-ID;2005;p90p100;;;;0.4200578332;0.4200578332
;US-ID;2005;p90p91;241311.0;;;;
;US-ID;2005;p95p96;366111.5625;;;;
;US-ID;2005;p95p100;;;;0.3186510801;0.3186510801
;US-ID;2005;p99.5p100;1667100.875;;;0.1450988054;0.1450988054
;US-ID;2004;p0p100;53356.8710938;;34396868608.0;;
;US-ID;2004;p99p100;809268.6875;;;0.1516709477;0.1516709477
;US-ID;2004;p99.9p100;3705075.75;;;0.0694395229;0.0694395229
;US-ID;2004;p99.99p100;16239888.0;;;0.0304363593;0.0304363593
;US-ID;2004;p90p100;;;;0.3912829459;0.3912829459
;US-ID;2004;p90p91;208776.34375;;;;
;US-ID;2004;p95p96;308121.28125;;;;
;US-ID;2004;p95p100;;;;0.2887362838;0.2887362838
;US-ID;2004;p99.5p100;1272313.875;;;0.1192268059;0.1192268059
;US-ID;2003;p0p100;50112.0976562;;31228090368.0;;
;US-ID;2003;p99p100;655975.25;;;0.1309015751;0.1309015751
;US-ID;2003;p99.9p100;2720494.75;;;0.0542881824;0.0542881824
;US-ID;2003;p99.99p100;11158264.0;;;0.0222666077;0.0222666077
;US-ID;2003;p90p100;;;;0.3755905628;0.3755905628
;US-ID;2003;p90p91;188216.3125;;;;
;US-ID;2003;p95p96;266585.0;;;;
;US-ID;2003;p95p100;;;;0.2659886479;0.2659886479
;US-ID;2003;p99.5p100;999206.1875;;;0.0996970981;0.0996970981
;US-ID;2002;p0p100;50725.265625;;30782320640.0;;
;US-ID;2002;p99p100;624143.1875;;;0.1230438501;0.1230438501
;US-ID;2002;p99.9p100;2489587.75;;;0.0490798354;0.0490798354
;US-ID;2002;p99.99p100;9764561.0;;;0.0192498956;0.0192498956
;US-ID;2002;p90p100;;;;0.3657960296;0.3657960296
;US-ID;2002;p90p91;185551.0;;;;
;US-ID;2002;p95p96;260278.328125;;;;
;US-ID;2002;p95p100;;;;0.2565568984;0.2565568984
;US-ID;2002;p99.5p100;939987.5625;;;0.0926547647;0.0926547647
;US-ID;2001;p0p100;53439.9140625;;31365156864.0;;
;US-ID;2001;p99p100;671350.0;;;0.1256270707;0.1256270707
;US-ID;2001;p99.9p100;2639972.25;;;0.049400758;0.049400758
;US-ID;2001;p99.99p100;10600175.0;;;0.01983569;0.01983569
;US-ID;2001;p90p100;;;;0.3638537824;0.3638537824
;US-ID;2001;p90p91;194443.140625;;;;
;US-ID;2001;p95p96;275248.875;;;;
;US-ID;2001;p95p100;;;;0.2575311959;0.2575311959
;US-ID;2001;p99.5p100;998842.5;;;0.093454726;0.093454726
;US-ID;2000;p0p100;56435.2617188;;32214216704.0;;
;US-ID;2000;p99p100;974127.4375;;;0.1726097316;0.1726097316
;US-ID;2000;p99.9p100;4686382.0;;;0.0830399618;0.0830399618
;US-ID;2000;p99.99p100;21450852.0;;;0.0380096659;0.0380096659
;US-ID;2000;p90p100;;;;0.4161543846;0.4161543846
;US-ID;2000;p90p91;234857.8125;;;;
;US-ID;2000;p95p96;351039.53125;;;;
;US-ID;2000;p95p100;;;;0.3110108078;0.3110108078
;US-ID;2000;p99.5p100;1547208.125;;;0.1370781511;0.1370781511
;US-ID;1999;p0p100;54809.90625;;30731010048.0;;
;US-ID;1999;p99p100;832097.1875;;;0.1518151164;0.1518151164
;US-ID;1999;p99.9p100;3636423.25;;;0.066346094;0.066346094
;US-ID;1999;p99.99p100;14738228.0;;;0.0268897172;0.0268897172
;US-ID;1999;p90p100;;;;0.3948716223;0.3948716223
;US-ID;1999;p90p91;216428.765625;;;;
;US-ID;1999;p95p96;316366.21875;;;;
;US-ID;1999;p95p100;;;;0.2886031568;0.2886031568
;US-ID;1999;p99.5p100;1292592.5;;;0.1179159582;0.1179159582
;US-ID;1998;p0p100;52682.2226562;;28486764544.0;;
;US-ID;1998;p99p100;745687.875;;;0.1415444911;0.1415444911
;US-ID;1998;p99.9p100;3230238.0;;;0.0613155253;0.0613155253
;US-ID;1998;p99.99p100;12926664.0;;;0.024537053;0.024537053
;US-ID;1998;p90p100;;;;0.3808302581;0.3808302581
;US-ID;1998;p90p91;200629.84375;;;;
;US-ID;1998;p95p96;288801.9375;;;;
;US-ID;1998;p95p100;;;;0.2740981281;0.2740981281
;US-ID;1998;p99.5p100;1148781.25;;;0.1090293154;0.1090293154
;US-ID;1997;p0p100;49181.2265625;;26306242560.0;;
;US-ID;1997;p99p100;693471.375;;;0.1410032809;0.1410032809
;US-ID;1997;p99.9p100;2965032.75;;;0.060287904;0.060287904
;US-ID;1997;p99.99p100;12969962.0;;;0.0263717771;0.0263717771
;US-ID;1997;p90p100;;;;0.3851631284;0.3851631284
;US-ID;1997;p90p91;189427.9375;;;;
;US-ID;1997;p95p96;271093.125;;;;
;US-ID;1997;p95p100;;;;0.2756063342;0.2756063342
;US-ID;1997;p99.5p100;1060961.125;;;0.1078624204;0.1078624204
;US-ID;1996;p0p100;47988.421875;;25005467648.0;;
;US-ID;1996;p99p100;673092.0625;;;0.1402613521;0.1402613521
;US-ID;1996;p99.9p100;2925889.75;;;0.0609707423;0.0609707423
;US-ID;1996;p99.99p100;12381693.0;;;0.0258014183;0.0258014183
;US-ID;1996;p90p100;;;;0.3825991154;0.3825991154
;US-ID;1996;p90p91;183603.28125;;;;
;US-ID;1996;p95p96;263220.0;;;;
;US-ID;1996;p95p100;;;;0.2742536366;0.2742536366
;US-ID;1996;p99.5p100;1041835.9375;;;0.1085507572;0.1085507572
;US-ID;1995;p0p100;46468.4960938;;23531644928.0;;
;US-ID;1995;p99p100;586511.0;;;0.1262169182;0.1262169182
;US-ID;1995;p99.9p100;2292508.75;;;0.04933469;0.04933469
;US-ID;1995;p99.99p100;8729727.0;;;0.0187863354;0.0187863354
;US-ID;1995;p90p100;;;;0.3720249534;0.3720249534
;US-ID;1995;p90p91;172874.40625;;;;
;US-ID;1995;p95p96;243616.453125;;;;
;US-ID;1995;p95p100;;;;0.2621307969;0.2621307969
;US-ID;1995;p99.5p100;879869.25;;;0.0946737453;0.0946737453
;US-ID;1994;p0p100;45606.0664062;;22185117696.0;;
;US-ID;1994;p99p100;536791.875;;;0.1177018583;0.1177018583
;US-ID;1994;p99.9p100;2057709.875;;;0.0451192148;0.0451192148
;US-ID;1994;p99.99p100;7917748.5;;;0.0173611734;0.0173611734
;US-ID;1994;p90p100;;;;0.3587091863;0.3587091863
;US-ID;1994;p90p91;163593.15625;;;;
;US-ID;1994;p95p96;228954.734375;;;;
;US-ID;1994;p95p100;;;;0.2510134578;0.2510134578
;US-ID;1994;p99.5p100;798954.8125;;;0.0875930339;0.0875930339
;US-ID;1993;p0p100;44747.25;;21190483968.0;;
;US-ID;1993;p99p100;532663.5;;;0.1190382764;0.1190382764
;US-ID;1993;p99.9p100;2100502.75;;;0.0469414964;0.0469414964
;US-ID;1993;p99.99p100;8323641.5;;;0.0186014604;0.0186014604
;US-ID;1993;p90p100;;;;0.3617782891;0.3617782891
;US-ID;1993;p90p91;161885.828125;;;;
;US-ID;1993;p95p96;225489.1875;;;;
;US-ID;1993;p95p100;;;;0.2519587278;0.2519587278
;US-ID;1993;p99.5p100;801434.75;;;0.0895512849;0.0895512849
;US-ID;1992;p0p100;42917.5429688;;19911452672.0;;
;US-ID;1992;p99p100;542200.375;;;0.1263353676;0.1263353676
;US-ID;1992;p99.9p100;2238520.5;;;0.0521586351;0.0521586351
;US-ID;1992;p99.99p100;9180049.0;;;0.0213899706;0.0213899706
;US-ID;1992;p90p100;;;;0.3748067021;0.3748067021
;US-ID;1992;p90p91;160857.828125;;;;
;US-ID;1992;p95p96;223251.5;;;;
;US-ID;1992;p95p100;;;;0.26009354;0.26009354
;US-ID;1992;p99.5p100;828833.4375;;;0.0965611562;0.0965611562
;US-ID;1991;p0p100;41537.1914062;;18737309696.0;;
;US-ID;1991;p99p100;440348.625;;;0.1060130969;0.1060130969
;US-ID;1991;p99.9p100;1562996.875;;;0.0376288518;0.0376288518
;US-ID;1991;p99.99p100;5527480.5;;;0.0133073041;0.0133073041
;US-ID;1991;p90p100;;;;0.3571988642;0.3571988642
;US-ID;1991;p90p91;148370.375;;;;
;US-ID;1991;p95p96;198788.484375;;;;
;US-ID;1991;p95p100;;;;0.2392897606;0.2392897606
;US-ID;1991;p99.5p100;643107.875;;;0.0774134994;0.0774134994
;US-ID;1990;p0p100;43533.8945312;;18740897792.0;;
;US-ID;1990;p99p100;491031.84375;;;0.112793006;0.112793006
;US-ID;1990;p99.9p100;1856345.0;;;0.0426413752;0.0426413752
;US-ID;1990;p99.99p100;6917293.5;;;0.0158894435;0.0158894435
;US-ID;1990;p90p100;;;;0.351544261;0.351544261
;US-ID;1990;p90p91;153040.890625;;;;
;US-ID;1990;p95p96;209072.484375;;;;
;US-ID;1990;p95p100;;;;0.2401261181;0.2401261181
;US-ID;1990;p99.5p100;733865.0;;;0.0842866302;0.0842866302
;US-ID;1989;p0p100;42878.2851562;;18031099904.0;;
;US-ID;1989;p99p100;488318.09375;;;0.1138847172;0.1138847172
;US-ID;1989;p99.9p100;1832561.75;;;0.042738691;0.042738691
;US-ID;1989;p99.99p100;6794492.5;;;0.0158459991;0.0158459991
;US-ID;1989;p90p100;;;;0.3477523327;0.3477523327
;US-ID;1989;p90p91;149110.234375;;;;
;US-ID;1989;p95p96;206183.109375;;;;
;US-ID;1989;p95p100;;;;0.2404283732;0.2404283732
;US-ID;1989;p99.5p100;725082.5;;;0.084551245;0.084551245
;US-ID;1988;p0p100;42188.8828125;;17376317440.0;;
;US-ID;1988;p99p100;482914.71875;;;0.1144649088;0.1144649088
;US-ID;1988;p99.9p100;1872877.0;;;0.044392664;0.044392664
;US-ID;1988;p99.99p100;6968755.5;;;0.0165179875;0.0165179875
;US-ID;1988;p90p100;;;;0.3396438956;0.3396438956
;US-ID;1988;p90p91;143291.984375;;;;
;US-ID;1988;p95p96;199055.71875;;;;
;US-ID;1988;p95p100;;;;0.2359101176;0.2359101176
;US-ID;1988;p99.5p100;726239.625;;;0.086070016;0.086070016
;US-ID;1987;p0p100;40006.7851562;;16185091072.0;;
;US-ID;1987;p99p100;367357.375;;;0.0918237716;0.0918237716
;US-ID;1987;p99.9p100;1230253.375;;;0.0307511203;0.0307511203
;US-ID;1987;p99.99p100;4146873.75;;;0.0103654265;0.0103654265
;US-ID;1987;p90p100;;;;0.3204259574;0.3204259574
;US-ID;1987;p90p91;128192.109375;;;;
;US-ID;1987;p95p96;170340.1875;;;;
;US-ID;1987;p95p100;;;;0.21288912;0.21288912
;US-ID;1987;p99.5p100;524923.875;;;0.0656043664;0.0656043664
;US-ID;1986;p0p100;40370.421875;;16731276288.0;;
;US-ID;1986;p99p100;481237.875;;;0.1192055568;0.1192055568
;US-ID;1986;p99.9p100;1998174.75;;;0.0494960062;0.0494960062
;US-ID;1986;p99.99p100;8058025.5;;;0.0199602209;0.0199602209
;US-ID;1986;p90p100;;;;0.3430640101;0.3430640101
;US-ID;1986;p90p91;138496.390625;;;;
;US-ID;1986;p95p96;193761.015625;;;;
;US-ID;1986;p95p100;;;;0.2399789244;0.2399789244
;US-ID;1986;p99.5p100;737112.1875;;;0.0912935883;0.0912935883
;US-ID;1985;p0p100;37754.8242188;;15371929600.0;;
;US-ID;1985;p99p100;324620.40625;;;0.0859811753;0.0859811753
;US-ID;1985;p99.9p100;1083462.75;;;0.0286973342;0.0286973342
;US-ID;1985;p99.99p100;3351630.5;;;0.0088773565;0.0088773565
;US-ID;1985;p90p100;;;;0.3159918785;0.3159918785
;US-ID;1985;p90p91;119302.171875;;;;
;US-ID;1985;p95p96;155756.625;;;;
;US-ID;1985;p95p100;;;;0.2062738091;0.2062738091
;US-ID;1985;p99.5p100;463061.21875;;;0.0613247752;0.0613247752
;US-ID;1984;p0p100;36655.4023438;;14668334080.0;;
;US-ID;1984;p99p100;344549.375;;;0.0939968973;0.0939968973
;US-ID;1984;p99.9p100;1236517.375;;;0.0337335654;0.0337335654
;US-ID;1984;p99.99p100;4838672.0;;;0.0132004349;0.0132004349
;US-ID;1984;p90p100;;;;0.309643358;0.309643358
;US-ID;1984;p90p91;113501.007812;;;;
;US-ID;1984;p95p96;152835.25;;;;
;US-ID;1984;p95p100;;;;0.2084757686;0.2084757686
;US-ID;1984;p99.5p100;481002.0625;;;0.0656113476;0.0656113476
;US-ID;1983;p0p100;35233.0039062;;13861115904.0;;
;US-ID;1983;p99p100;363591.9375;;;0.1031964049;0.1031964049
;US-ID;1983;p99.9p100;1357765.125;;;0.0385367423;0.0385367423
;US-ID;1983;p99.99p100;5516162.5;;;0.0156562366;0.0156562366
;US-ID;1983;p90p100;;;;0.3055567443;0.3055567443
;US-ID;1983;p90p91;107656.820312;;;;
;US-ID;1983;p95p96;151243.921875;;;;
;US-ID;1983;p95p100;;;;0.2146338671;0.2146338671
;US-ID;1983;p99.5p100;505040.6875;;;0.0716715381;0.0716715381
;US-ID;1982;p0p100;37569.7734375;;14593449984.0;;
;US-ID;1982;p99p100;331077.125;;;0.0881232694;0.0881232694
;US-ID;1982;p99.9p100;1280592.5;;;0.0340857133;0.0340857133
;US-ID;1982;p99.99p100;5317061.5;;;0.014152498;0.014152498
;US-ID;1982;p90p100;;;;0.305387795;0.305387795
;US-ID;1982;p90p91;114733.5;;;;
;US-ID;1982;p95p96;153605.109375;;;;
;US-ID;1982;p95p100;;;;0.2044264525;0.2044264525
;US-ID;1982;p99.5p100;488531.15625;;;0.0650165156;0.0650165156
;US-ID;1981;p0p100;39663.8164062;;15207636992.0;;
;US-ID;1981;p99p100;319191.9375;;;0.0804743394;0.0804743394
;US-ID;1981;p99.9p100;1011519.25;;;0.0255023185;0.0255023185
;US-ID;1981;p99.99p100;3902658.0;;;0.009839341;0.009839341
;US-ID;1981;p90p100;;;;0.3140920699;0.3140920699
;US-ID;1981;p90p91;124580.898438;;;;
;US-ID;1981;p95p96;160297.71875;;;;
;US-ID;1981;p95p100;;;;0.2020704746;0.2020704746
;US-ID;1981;p99.5p100;441483.65625;;;0.0556531996;0.0556531996
;US-ID;1980;p0p100;42178.328125;;15403248640.0;;
;US-ID;1980;p99p100;322751.78125;;;0.0765207708;0.0765207708
;US-ID;1980;p99.9p100;1055666.375;;;0.0250286441;0.0250286441
;US-ID;1980;p99.99p100;4539053.5;;;0.0107615776;0.0107615776
;US-ID;1980;p90p100;;;;0.2948430777;0.2948430777
;US-ID;1980;p90p91;124359.875;;;;
;US-ID;1980;p95p96;163177.859375;;;;
;US-ID;1980;p95p100;;;;0.1934380531;0.1934380531
;US-ID;1980;p99.5p100;451772.21875;;;0.0535550155;0.0535550155
;US-ID;1979;p0p100;42368.6914062;;15118791680.0;;
;US-ID;1979;p99p100;324186.09375;;;0.0765154883;0.0765154883
;US-ID;1979;p99.9p100;937558.9375;;;0.0221285801;0.0221285801
;US-ID;1979;p99.99p100;3131565.75;;;0.0073912265;0.0073912265
;US-ID;1979;p90p100;;;;0.2946017981;0.2946017981
;US-ID;1979;p90p91;124818.929688;;;;
;US-ID;1979;p95p96;163188.296875;;;;
;US-ID;1979;p95p100;;;;0.1925812364;0.1925812364
;US-ID;1979;p99.5p100;435801.90625;;;0.0514297113;0.0514297113
;US-ID;1978;p0p100;42717.8710938;;14795279360.0;;
;US-ID;1978;p99p100;312222.71875;;;0.0730894804;0.0730894804
;US-ID;1978;p99.9p100;790080.8125;;;0.0184953213;0.0184953213
;US-ID;1978;p99.99p100;2230092.75;;;0.0052205143;0.0052205143
;US-ID;1978;p90p100;;;;0.2987275422;0.2987275422
;US-ID;1978;p90p91;127610.054688;;;;
;US-ID;1978;p95p96;167370.703125;;;;
;US-ID;1978;p95p100;;;;0.1959024221;0.1959024221
;US-ID;1978;p99.5p100;406046.125;;;0.0475264899;0.0475264899
;US-ID;1977;p0p100;40769.21875;;13715790848.0;;
;US-ID;1977;p99p100;302097.75;;;0.0740994662;0.0740994662
;US-ID;1977;p99.9p100;784562.6875;;;0.0192439966;0.0192439966
;US-ID;1977;p99.99p100;2344749.25;;;0.0057512736;0.0057512736
;US-ID;1977;p90p100;;;;0.3022495508;0.3022495508
;US-ID;1977;p90p91;123224.789062;;;;
;US-ID;1977;p95p96;158934.84375;;;;
;US-ID;1977;p95p100;;;;0.1949201524;0.1949201524
;US-ID;1977;p99.5p100;383266.46875;;;0.0470043905;0.0470043905
;US-ID;1976;p0p100;41028.9414062;;13415932928.0;;
;US-ID;1976;p99p100;289345.0;;;0.0705221668;0.0705221668
;US-ID;1976;p99.9p100;765983.0;;;0.0186693333;0.0186693333
;US-ID;1976;p99.99p100;1894071.875;;;0.0046164286;0.0046164286
;US-ID;1976;p90p100;;;;0.2862567008;0.2862567008
;US-ID;1976;p90p91;117448.09375;;;;
;US-ID;1976;p95p96;150760.640625;;;;
;US-ID;1976;p95p100;;;;0.1837247461;0.1837247461
;US-ID;1976;p99.5p100;391230.375;;;0.0476773679;0.0476773679
;US-ID;1975;p0p100;39328.2382812;;12507005952.0;;
;US-ID;1975;p99p100;312382.8125;;;0.0794296488;0.0794296488
;US-ID;1975;p99.9p100;803480.8125;;;0.0204301272;0.0204301272
;US-ID;1975;p99.99p100;2439836.5;;;0.0062037781;0.0062037781
;US-ID;1975;p90p100;;;;0.3106797934;0.3106797934
;US-ID;1975;p90p91;122184.875;;;;
;US-ID;1975;p95p96;159074.8125;;;;
;US-ID;1975;p95p100;;;;0.2022399604;0.2022399604
;US-ID;1975;p99.5p100;413071.21875;;;0.0525158606;0.0525158606
;US-ID;1974;p0p100;42510.171875;;13144292352.0;;
;US-ID;1974;p99p100;365370.40625;;;0.0859489292;0.0859489292
;US-ID;1974;p99.9p100;1109677.25;;;0.0261038058;0.0261038058
;US-ID;1974;p99.99p100;3627915.0;;;0.0085342284;0.0085342284
;US-ID;1974;p90p100;;;;0.3089902699;0.3089902699
;US-ID;1974;p90p91;131352.296875;;;;
;US-ID;1974;p95p96;175257.796875;;;;
;US-ID;1974;p95p100;;;;0.2061363012;0.2061363012
;US-ID;1974;p99.5p100;507551.09375;;;0.0596976057;0.0596976057
;US-ID;1973;p0p100;40543.0742188;;12198398976.0;;
;US-ID;1973;p99p100;334543.125;;;0.0825154781;0.0825154781
;US-ID;1973;p99.9p100;903432.0625;;;0.0222832654;0.0222832654
;US-ID;1973;p99.99p100;2632228.25;;;0.0064924238;0.0064924238
;US-ID;1973;p90p100;;;;0.3125494123;0.3125494123
;US-ID;1973;p90p91;126717.140625;;;;
;US-ID;1973;p95p96;168428.4375;;;;
;US-ID;1973;p95p100;;;;0.2077154219;0.2077154219
;US-ID;1973;p99.5p100;446169.625;;;0.0550241508;0.0550241508
;US-ID;1972;p0p100;38273.8398438;;11201710080.0;;
;US-ID;1972;p99p100;274025.25;;;0.0715959519;0.0715959519
;US-ID;1972;p99.9p100;754599.1875;;;0.0197157916;0.0197157916
;US-ID;1972;p99.99p100;2451822.75;;;0.0064060003;0.0064060003
;US-ID;1972;p90p100;;;;0.2824440002;0.2824440002
;US-ID;1972;p90p91;108102.179688;;;;
;US-ID;1972;p95p96;139159.125;;;;
;US-ID;1972;p95p100;;;;0.1817940176;0.1817940176
;US-ID;1972;p99.5p100;372943.09375;;;0.0487203598;0.0487203598
;US-ID;1971;p0p100;35717.4296875;;10157412352.0;;
;US-ID;1971;p99p100;273932.53125;;;0.0766943544;0.0766943544
;US-ID;1971;p99.9p100;654634.4375;;;0.0183281507;0.0183281507
;US-ID;1971;p99.99p100;1511836.875;;;0.0042327708;0.0042327708
;US-ID;1971;p90p100;;;;0.3056955636;0.3056955636
;US-ID;1971;p90p91;109186.59375;;;;
;US-ID;1971;p95p96;141461.625;;;;
;US-ID;1971;p95p100;;;;0.1980288327;0.1980288327
;US-ID;1971;p99.5p100;338929.71875;;;0.047445979;0.047445979
;US-ID;1970;p0p100;35575.4101562;;9812102144.0;;
;US-ID;1970;p99p100;259076.140625;;;0.0728245005;0.0728245005
;US-ID;1970;p99.9p100;618648.0;;;0.0173897631;0.0173897631
;US-ID;1970;p99.99p100;1953859.75;;;0.0054921634;0.0054921634
;US-ID;1970;p90p100;;;;0.3010409176;0.3010409176
;US-ID;1970;p90p91;107096.539062;;;;
;US-ID;1970;p95p96;138764.953125;;;;
;US-ID;1970;p95p100;;;;0.1950293034;0.1950293034
;US-ID;1970;p99.5p100;346816.6875;;;0.0487438776;0.0487438776
;US-ID;1969;p0p100;34918.0742188;;9552012288.0;;
;US-ID;1969;p99p100;280576.78125;;;0.0803528875;0.0803528875
;US-ID;1969;p99.9p100;780462.125;;;0.022351237;0.022351237
;US-ID;1969;p99.99p100;3000526.25;;;0.0085930461;0.0085930461
;US-ID;1969;p90p100;;;;0.3058411479;0.3058411479
;US-ID;1969;p90p91;106793.835938;;;;
;US-ID;1969;p95p96;139594.03125;;;;
;US-ID;1969;p95p100;;;;0.1998879313;0.1998879313
;US-ID;1969;p99.5p100;373320.0625;;;0.0534565672;0.0534565672
;US-ID;1968;p0p100;32520.8730469;;8839718912.0;;
;US-ID;1968;p99p100;281214.4375;;;0.0864719898;0.0864719898
;US-ID;1968;p99.9p100;736246.125;;;0.0226391871;0.0226391871
;US-ID;1968;p99.99p100;2704997.0;;;0.0083177257;0.0083177257
;US-ID;1968;p90p100;;;;0.3242356181;0.3242356181
;US-ID;1968;p90p91;105444.257812;;;;
;US-ID;1968;p95p96;137995.328125;;;;
;US-ID;1968;p95p100;;;;0.2121642381;0.2121642381
;US-ID;1968;p99.5p100;392384.25;;;0.0603280589;0.0603280589
;US-ID;1967;p0p100;31895.4277344;;8612457472.0;;
;US-ID;1967;p99p100;289903.90625;;;0.0908919945;0.0908919945
;US-ID;1967;p99.9p100;879881.5625;;;0.0275864471;0.0275864471
;US-ID;1967;p99.99p100;4097906.5;;;0.0128479423;0.0128479423
;US-ID;1967;p90p100;;;;0.3312543333;0.3312543333
;US-ID;1967;p90p91;105654.992188;;;;
;US-ID;1967;p95p96;138812.515625;;;;
;US-ID;1967;p95p100;;;;0.2176056504;0.2176056504
;US-ID;1967;p99.5p100;391531.09375;;;0.0613773018;0.0613773018
;US-ID;1966;p0p100;30843.2832031;;8265569280.0;;
;US-ID;1966;p99p100;240823.046875;;;0.0780795738;0.0780795738
;US-ID;1966;p99.9p100;686045.625;;;0.0222429503;0.0222429503
;US-ID;1966;p99.99p100;2301356.75;;;0.0074614515;0.0074614515
;US-ID;1966;p90p100;;;;0.3177897334;0.3177897334
;US-ID;1966;p90p91;98016.796875;;;;
;US-ID;1966;p95p96;126473.96875;;;;
;US-ID;1966;p95p100;;;;0.2050267607;0.2050267607
;US-ID;1966;p99.5p100;337351.71875;;;0.0546880364;0.0546880364
;US-ID;1965;p0p100;31655.4882812;;8413366272.0;;
;US-ID;1965;p99p100;263835.0;;;0.0833457336;0.0833457336
;US-ID;1965;p99.9p100;698766.6875;;;0.0220741089;0.0220741089
;US-ID;1965;p99.99p100;2171900.0;;;0.0068610539;0.0068610539
;US-ID;1965;p90p100;;;;0.3167271316;0.3167271316
;US-ID;1965;p90p91;100261.515625;;;;
;US-ID;1965;p95p96;130224.945312;;;;
;US-ID;1965;p95p100;;;;0.2056909502;0.2056909502
;US-ID;1965;p99.5p100;341757.375;;;0.0539807491;0.0539807491
;US-ID;1964;p0p100;28170.8476562;;7418210816.0;;
;US-ID;1964;p99p100;230641.921875;;;0.0818725526;0.0818725526
;US-ID;1964;p99.9p100;588695.9375;;;0.0208973475;0.0208973475
;US-ID;1964;p99.99p100;1757563.75;;;0.0062389448;0.0062389448
;US-ID;1964;p90p100;;;;0.3169599175;0.3169599175
;US-ID;1964;p90p91;89290.296875;;;;
;US-ID;1964;p95p96;114735.148438;;;;
;US-ID;1964;p95p100;;;;0.2036416084;0.2036416084
;US-ID;1964;p99.5p100;297739.875;;;0.0528453849;0.0528453849
;US-ID;1963;p0p100;27735.9570312;;7226060800.0;;
;US-ID;1963;p99p100;218047.234375;;;0.07861536;0.07861536
;US-ID;1963;p99.9p100;567754.375;;;0.0204699747;0.0204699747
;US-ID;1963;p99.99p100;1805966.125;;;0.0065112812;0.0065112812
;US-ID;1963;p90p100;;;;0.3150784671;0.3150784671
;US-ID;1963;p90p91;87390.03125;;;;
;US-ID;1963;p95p96;113301.84375;;;;
;US-ID;1963;p95p100;;;;0.2042508125;0.2042508125
;US-ID;1963;p99.5p100;287927.96875;;;0.0519051775;0.0519051775
;US-ID;1962;p0p100;27576.9433594;;7104432640.0;;
;US-ID;1962;p99p100;202284.984375;;;0.0733529404;0.0733529404
;US-ID;1962;p99.9p100;502370.0625;;;0.0182170328;0.0182170328
;US-ID;1962;p99.99p100;1465057.0;;;0.0053126155;0.0053126155
;US-ID;1962;p90p100;;;;0.2982866466;0.2982866466
;US-ID;1962;p90p91;82258.34375;;;;
;US-ID;1962;p95p96;105138.804688;;;;
;US-ID;1962;p95p100;;;;0.1906280965;0.1906280965
;US-ID;1962;p99.5p100;273229.28125;;;0.0495394468;0.0495394468
;US-ID;1961;p0p100;26712.5078125;;6797964800.0;;
;US-ID;1961;p99p100;210055.578125;;;0.0786356628;0.0786356628
;US-ID;1961;p99.9p100;463665.5;;;0.0173576176;0.0173576176
;US-ID;1961;p99.99p100;1221801.625;;;0.0045738933;0.0045738933
;US-ID;1961;p90p100;;;;0.3165320456;0.3165320456
;US-ID;1961;p90p91;84553.65625;;;;
;US-ID;1961;p95p96;109752.953125;;;;
;US-ID;1961;p95p100;;;;0.205433622;0.205433622
;US-ID;1961;p99.5p100;277081.40625;;;0.0518636033;0.0518636033
;US-ID;1960;p0p100;25538.5683594;;6412138496.0;;
;US-ID;1960;p99p100;200442.578125;;;0.078486219;0.078486219
;US-ID;1960;p99.9p100;531332.1875;;;0.0208050888;0.0208050888
;US-ID;1960;p99.99p100;748983.75;;;0.0029327553;0.0029327553
;US-ID;1960;p90p100;;;;0.3180211484;0.3180211484
;US-ID;1960;p90p91;81218.0546875;;;;
;US-ID;1960;p95p96;104909.507812;;;;
;US-ID;1960;p95p100;;;;0.2053942531;0.2053942531
;US-ID;1960;p99.5p100;269194.125;;;0.0527034476;0.0527034476
;US-ID;1959;p0p100;25704.0195312;;6454478848.0;;
;US-ID;1959;p99p100;216020.4375;;;0.0840415061;0.0840415061
;US-ID;1959;p99.9p100;560261.8125;;;0.0217966624;0.0217966624
;US-ID;1959;p99.99p100;1528680.125;;;0.005947242;0.005947242
;US-ID;1959;p90p100;;;;0.3141700923;0.3141700923
;US-ID;1959;p90p91;80754.34375;;;;
;US-ID;1959;p95p96;106733.875;;;;
;US-ID;1959;p95p100;;;;0.2076209933;0.2076209933
;US-ID;1959;p99.5p100;293801.96875;;;0.0571509786;0.0571509786
;US-ID;1958;p0p100;24198.9863281;;6070629888.0;;
;US-ID;1958;p99p100;197318.875;;;0.0815401301;0.0815401301
;US-ID;1958;p99.9p100;582444.8125;;;0.0240689721;0.0240689721
;US-ID;1958;p99.99p100;1623767.375;;;0.0067100632;0.0067100632
;US-ID;1958;p90p100;;;;0.3219705522;0.3219705522
;US-ID;1958;p90p91;77913.6171875;;;;
;US-ID;1958;p95p96;101967.445312;;;;
;US-ID;1958;p95p100;;;;0.2106853426;0.2106853426
;US-ID;1958;p99.5p100;271145.0;;;0.0560240373;0.0560240373
;US-ID;1957;p0p100;24654.6464844;;6177511424.0;;
;US-ID;1957;p99p100;237667.265625;;;0.0963985696;0.0963985696
;US-ID;1957;p99.9p100;631477.625;;;0.0256129242;0.0256129242
;US-ID;1957;p99.99p100;1436434.0;;;0.0058262208;0.0058262208
;US-ID;1957;p90p100;;;;0.3203795552;0.3203795552
;US-ID;1957;p90p91;78988.4453125;;;;
;US-ID;1957;p95p96;108316.929688;;;;
;US-ID;1957;p95p100;;;;0.2196684033;0.2196684033
;US-ID;1957;p99.5p100;346591.96875;;;0.0702893808;0.0702893808
;US-ID;1956;p0p100;24576.2578125;;6140664832.0;;
;US-ID;1956;p99p100;226507.234375;;;0.0921650603;0.0921650603
;US-ID;1956;p99.9p100;563389.1875;;;0.0229241233;0.0229241233
;US-ID;1956;p99.99p100;1785727.625;;;0.0072660684;0.0072660684
;US-ID;1956;p90p100;;;;0.3096480668;0.3096480668
;US-ID;1956;p90p91;76099.90625;;;;
;US-ID;1956;p95p96;104502.90625;;;;
;US-ID;1956;p95p100;;;;0.2126094699;0.2126094699
;US-ID;1956;p99.5p100;310069.4375;;;0.0630831271;0.0630831271
;US-ID;1955;p0p100;23085.3339844;;5752612864.0;;
;US-ID;1955;p99p100;187773.484375;;;0.081338875;0.081338875
;US-ID;1955;p99.9p100;496890.34375;;;0.0215240736;0.0215240736
;US-ID;1955;p99.99p100;1496752.875;;;0.0064835665;0.0064835665
;US-ID;1955;p90p100;;;;0.3115160167;0.3115160167
;US-ID;1955;p90p91;71914.515625;;;;
;US-ID;1955;p95p96;93784.9296875;;;;
;US-ID;1955;p95p100;;;;0.203126654;0.203126654
;US-ID;1955;p99.5p100;252621.109375;;;0.054714635;0.054714635
;US-ID;1954;p0p100;22088.640625;;5488705536.0;;
;US-ID;1954;p99p100;177379.234375;;;0.080303371;0.080303371
;US-ID;1954;p99.9p100;449334.3125;;;0.0203423258;0.0203423258
;US-ID;1954;p99.99p100;958250.25;;;0.0043382035;0.0043382035
;US-ID;1954;p90p100;;;;0.3343766034;0.3343766034
;US-ID;1954;p90p91;73859.25;;;;
;US-ID;1954;p95p96;91279.875;;;;
;US-ID;1954;p95p100;;;;0.2066217512;0.2066217512
;US-ID;1954;p99.5p100;236300.859375;;;0.0534892231;0.0534892231
;US-ID;1953;p0p100;21964.5117188;;5441714176.0;;
;US-ID;1953;p99p100;160919.875;;;0.0732635781;0.0732635781
;US-ID;1953;p99.9p100;359478.09375;;;0.0163663141;0.0163663141
;US-ID;1953;p99.99p100;985640.9375;;;0.0044874246;0.0044874246
;US-ID;1953;p90p100;;;;0.3140939772;0.3140939772
;US-ID;1953;p90p91;68989.2109375;;;;
;US-ID;1953;p95p96;83590.09375;;;;
;US-ID;1953;p95p100;;;;0.1902844161;0.1902844161
;US-ID;1953;p99.5p100;207097.703125;;;0.0471437089;0.0471437089
;US-ID;1952;p0p100;23541.578125;;5819885056.0;;
;US-ID;1952;p99p100;229837.359375;;;0.0976303965;0.0976303965
;US-ID;1952;p99.9p100;622330.3125;;;0.0264353696;0.0264353696
;US-ID;1952;p99.99p100;1785461.75;;;0.0075842906;0.0075842906
;US-ID;1952;p90p100;;;;0.3319764137;0.3319764137
;US-ID;1952;p90p91;78152.4921875;;;;
;US-ID;1952;p95p96;101558.75;;;;
;US-ID;1952;p95p100;;;;0.2157008052;0.2157008052
;US-ID;1952;p99.5p100;323100.53125;;;0.0686233789;0.0686233789
;US-ID;1951;p0p100;22113.796875;;5450973184.0;;
;US-ID;1951;p99p100;206500.15625;;;0.0933806822;0.0933806822
;US-ID;1951;p99.9p100;535428.3125;;;0.0242124088;0.0242124088
;US-ID;1951;p99.99p100;1301066.75;;;0.005883506;0.005883506
;US-ID;1951;p90p100;;;;0.3240495324;0.3240495324
;US-ID;1951;p90p91;71659.6640625;;;;
;US-ID;1951;p95p96;97241.2578125;;;;
;US-ID;1951;p95p100;;;;0.2198655605;0.2198655605
;US-ID;1951;p99.5p100;280371.0;;;0.0633927658;0.0633927658
;US-ID;1950;p0p100;21178.4492188;;5204917760.0;;
;US-ID;1950;p99p100;215456.625;;;0.1017338932;0.1017338932
;US-ID;1950;p99.9p100;579779.5;;;0.027375916;0.027375916
;US-ID;1950;p99.99p100;1213553.875;;;0.0057301354;0.0057301354
;US-ID;1950;p90p100;;;;0.3322890401;0.3322890401
;US-ID;1950;p90p91;70373.671875;;;;
;US-ID;1950;p95p96;98176.140625;;;;
;US-ID;1950;p95p100;;;;0.2317831069;0.2317831069
;US-ID;1950;p99.5p100;292787.5625;;;0.0691239387;0.0691239387
;US-ID;1949;p0p100;19830.3398438;;4818885120.0;;
;US-ID;1949;p99p100;173660.09375;;;0.0875729397;0.0875729397
;US-ID;1949;p99.9p100;465830.8125;;;0.0234908145;0.0234908145
;US-ID;1949;p99.99p100;1004215.5625;;;0.0050640367;0.0050640367
;US-ID;1949;p90p100;;;;0.3172686398;0.3172686398
;US-ID;1949;p90p91;62915.4492188;;;;
;US-ID;1949;p95p96;84322.0546875;;;;
;US-ID;1949;p95p100;;;;0.2126087248;0.2126087248
;US-ID;1949;p99.5p100;239840.546875;;;0.0604731366;0.0604731366
;US-ID;1948;p0p100;20302.3066406;;4892584448.0;;
;US-ID;1948;p99p100;197444.5625;;;0.097252287;0.097252287
;US-ID;1948;p99.9p100;491554.65625;;;0.0242117643;0.0242117643
;US-ID;1948;p99.99p100;1067304.5;;;0.0052570603;0.0052570603
;US-ID;1948;p90p100;;;;0.3256914914;0.3256914914
;US-ID;1948;p90p91;66122.8828125;;;;
;US-ID;1948;p95p96;93504.203125;;;;
;US-ID;1948;p95p100;;;;0.2302797437;0.2302797437
;US-ID;1948;p99.5p100;262424.03125;;;0.0646291152;0.0646291152
;US-ID;1947;p0p100;19329.375;;4618660352.0;;
;US-ID;1947;p99p100;160798.015625;;;0.0831884146;0.0831884146
;US-ID;1947;p99.9p100;398714.40625;;;0.0206273813;0.0206273813
;US-ID;1947;p99.99p100;869337.5;;;0.0044974941;0.0044974941
;US-ID;1947;p90p100;;;;0.295173943;0.295173943
;US-ID;1947;p90p91;57055.28125;;;;
;US-ID;1947;p95p96;77214.875;;;;
;US-ID;1947;p95p100;;;;0.1997345239;0.1997345239
;US-ID;1947;p99.5p100;213331.109375;;;0.055183135;0.055183135
;US-ID;1946;p0p100;19612.9179688;;4636701696.0;;
;US-ID;1946;p99p100;176677.90625;;;0.0900824219;0.0900824219
;US-ID;1946;p99.9p100;475805.78125;;;0.0242598169;0.0242598169
;US-ID;1946;p99.99p100;1298236.5;;;0.0066192928;0.0066192928
;US-ID;1946;p90p100;;;;0.2988412678;0.2988412678
;US-ID;1946;p90p91;58611.4921875;;;;
;US-ID;1946;p95p96;80525.3984375;;;;
;US-ID;1946;p95p100;;;;0.2052866518;0.2052866518
;US-ID;1946;p99.5p100;240669.03125;;;0.0613547228;0.0613547228
;US-ID;1945;p0p100;19300.4140625;;4553351168.0;;
;US-ID;1945;p99p100;169394.28125;;;0.0877671763;0.0877671763
;US-ID;1945;p99.9p100;488974.6875;;;0.0253349319;0.0253349319
;US-ID;1945;p99.99p100;1400936.75;;;0.0072585843;0.0072585843
;US-ID;1945;p90p100;;;;0.2962874472;0.2962874472
;US-ID;1945;p90p91;57184.6992188;;;;
;US-ID;1945;p95p96;76721.515625;;;;
;US-ID;1945;p95p100;;;;0.1987561285;0.1987561285
;US-ID;1945;p99.5p100;237886.875;;;0.0616274029;0.0616274029
;US-ID;1944;p0p100;20141.4394531;;4738011648.0;;
;US-ID;1944;p99p100;240632.921875;;;0.1194715723;0.1194715723
;US-ID;1944;p99.9p100;794764.25;;;0.0394591615;0.0394591615
;US-ID;1944;p99.99p100;2355247.75;;;0.0116935419;0.0116935419
;US-ID;1944;p90p100;;;;0.3522135019;0.3522135019
;US-ID;1944;p90p91;70940.8671875;;;;
;US-ID;1944;p95p96;98490.265625;;;;
;US-ID;1944;p95p100;;;;0.2444965988;0.2444965988
;US-ID;1944;p99.5p100;352294.75;;;0.0874552056;0.0874552056
;US-ID;1943;p0p100;19958.0273438;;4675425792.0;;
;US-ID;1943;p99p100;179254.296875;;;0.0898156315;0.0898156315
;US-ID;1943;p99.9p100;529053.0;;;0.026508281;0.026508281
;US-ID;1943;p99.99p100;1357833.75;;;0.006803446;0.006803446
;US-ID;1943;p90p100;;;;0.2981411815;0.2981411815
;US-ID;1943;p90p91;59503.0976562;;;;
;US-ID;1943;p95p96;80014.671875;;;;
;US-ID;1943;p95p100;;;;0.2004573494;0.2004573494
;US-ID;1943;p99.5p100;250862.4375;;;0.0628474951;0.0628474951
;US-ID;1942;p0p100;17688.0273438;;4118308864.0;;
;US-ID;1942;p99p100;170166.96875;;;0.0962046161;0.0962046161
;US-ID;1942;p99.9p100;630248.25;;;0.0356313512;0.0356313512
;US-ID;1942;p99.99p100;2875512.25;;;0.0162568297;0.0162568297
;US-ID;1942;p90p100;;;;0.3059317768;0.3059317768
;US-ID;1942;p90p91;54113.2929688;;;;
;US-ID;1942;p95p96;73094.1015625;;;;
;US-ID;1942;p95p100;;;;0.2066203058;0.2066203058
;US-ID;1942;p99.5p100;249817.890625;;;0.070617795;0.070617795
;US-ID;1941;p0p100;12865.9902344;;2985589504.0;;
;US-ID;1941;p99p100;125054.75;;;0.0971979275;0.0971979275
;US-ID;1941;p99.9p100;339311.3125;;;0.0263727345;0.0263727345
;US-ID;1941;p99.99p100;804465.4375;;;0.0062526511;0.0062526511
;US-ID;1941;p90p100;;;;0.3922601342;0.3922601342
;US-ID;1941;p90p91;50468.1445312;;;;
;US-ID;1941;p95p96;66227.3046875;;;;
;US-ID;1941;p95p100;;;;0.2573735416;0.2573735416
;US-ID;1941;p99.5p100;171560.640625;;;0.0666721538;0.0666721538
;US-ID;1940;p0p100;10981.4511719;;2542400000.0;;
;US-ID;1940;p99p100;109303.09375;;;0.0995342955;0.0995342955
;US-ID;1940;p99.9p100;281065.5625;;;0.0255945753;0.0255945753
;US-ID;1940;p99.99p100;671941.5;;;0.0061188773;0.0061188773
;US-ID;1940;p90p100;;;;0.4000204504;0.4000204504
;US-ID;1940;p90p91;43928.046875;;;;
;US-ID;1940;p95p96;56897.3164062;;;;
;US-ID;1940;p95p100;;;;0.2590610385;0.2590610385
;US-ID;1940;p99.5p100;145125.65625;;;0.0660776272;0.0660776272
;US-ID;1939;p0p100;10739.6835938;;2417372928.0;;
;US-ID;1939;p99p100;106212.257812;;;0.0988970026;0.0988970026
;US-ID;1939;p99.9p100;258111.203125;;;0.0240334086;0.0240334086
;US-ID;1939;p99.99p100;706097.25;;;0.0065746563;0.0065746563
;US-ID;1939;p90p100;;;;0.3310116529;0.3310116529
;US-ID;1939;p90p91;35549.6015625;;;;
;US-ID;1939;p95p96;53259.4492188;;;;
;US-ID;1939;p95p100;;;;0.2479563355;0.2479563355
;US-ID;1939;p99.5p100;136232.28125;;;0.0634247214;0.0634247214
;US-ID;1938;p0p100;10572.7666016;;2316951040.0;;
;US-ID;1938;p99p100;96443.7890625;;;0.0912190676;0.0912190676
;US-ID;1938;p99.9p100;222784.40625;;;0.0210715346;0.0210715346
;US-ID;1938;p99.99p100;538920.4375;;;0.0050972509;0.0050972509
;US-ID;1938;p90p100;;;;0.316103965;0.316103965
;US-ID;1938;p90p91;33420.9335938;;;;
;US-ID;1938;p95p96;48408.6953125;;;;
;US-ID;1938;p95p100;;;;0.2289310843;0.2289310843
;US-ID;1938;p99.5p100;122679.421875;;;0.05801671;0.05801671
;US-ID;1937;p0p100;10465.9785156;;2233866752.0;;
;US-ID;1937;p99p100;109646.414062;;;0.1047646031;0.1047646031
;US-ID;1937;p99.9p100;272010.75;;;0.0259899963;0.0259899963
;US-ID;1937;p99.99p100;622444.8125;;;0.0059473161;0.0059473161
;US-ID;1937;p90p100;;;;0.3644557893;0.3644557893
;US-ID;1937;p90p91;38143.8671875;;;;
;US-ID;1937;p95p96;55838.265625;;;;
;US-ID;1937;p95p100;;;;0.2667608559;0.2667608559
;US-ID;1937;p99.5p100;141857.3125;;;0.0677706823;0.0677706823
;US-ID;1936;p0p100;12079.0556641;;2515509504.0;;
;US-ID;1936;p99p100;122228.820312;;;0.1011907086;0.1011907086
;US-ID;1936;p99.9p100;314243.71875;;;0.026015589;0.026015589
;US-ID;1936;p99.99p100;705127.1875;;;0.0058376021;0.0058376021
;US-ID;1936;p90p100;;;;0.3396168351;0.3396168351
;US-ID;1936;p90p91;41022.5078125;;;;
;US-ID;1936;p95p96;59759.5976562;;;;
;US-ID;1936;p95p100;;;;0.2473686785;0.2473686785
;US-ID;1936;p99.5p100;160196.078125;;;0.0663115159;0.0663115159
;US-ID;1935;p0p100;10301.2265625;;2092624896.0;;
;US-ID;1935;p99p100;98859.5234375;;;0.0959686935;0.0959686935
;US-ID;1935;p99.9p100;226281.078125;;;0.021966422;0.021966422
;US-ID;1935;p99.99p100;517344.25;;;0.0050221621;0.0050221621
;US-ID;1935;p90p100;;;;0.3354572654;0.3354572654
;US-ID;1935;p90p91;34556.2109375;;;;
;US-ID;1935;p95p96;48877.484375;;;;
;US-ID;1935;p95p100;;;;0.2372411042;0.2372411042
;US-ID;1935;p99.5p100;126136.21875;;;0.0612238832;0.0612238832
;US-ID;1934;p0p100;10437.0185547;;2066972160.0;;
;US-ID;1934;p99p100;92146.21875;;;0.0882878751;0.0882878751
;US-ID;1934;p99.9p100;220332.421875;;;0.0211106669;0.0211106669
;US-ID;1934;p99.99p100;565923.4375;;;0.0054222713;0.0054222713
;US-ID;1934;p90p100;;;;0.3028914034;0.3028914034
;US-ID;1934;p90p91;31612.8300781;;;;
;US-ID;1934;p95p96;44970.3671875;;;;
;US-ID;1934;p95p100;;;;0.2154368609;0.2154368609
;US-ID;1934;p99.5p100;118567.960938;;;0.0568016432;0.0568016432
;US-ID;1933;p0p100;6321.73144531;;1221311488.0;;
;US-ID;1933;p99p100;73471.3984375;;;0.116220355;0.116220355
;US-ID;1933;p99.9p100;152629.40625;;;0.0241436064;0.0241436064
;US-ID;1933;p99.99p100;367237.90625;;;0.0058091343;0.0058091343
;US-ID;1933;p90p100;;;;0.3908740282;0.3908740282
;US-ID;1933;p90p91;24710.0097656;;;;
;US-ID;1933;p95p96;33747.4179688;;;;
;US-ID;1933;p95p100;;;;0.2669158876;0.2669158876
;US-ID;1933;p99.5p100;90100.7109375;;;0.07126268;0.07126268
;US-ID;1932;p0p100;7312.35302734;;1378716288.0;;
;US-ID;1932;p99p100;68822.734375;;;0.0941184536;0.0941184536
;US-ID;1932;p99.9p100;131522.765625;;;0.0179863777;0.0179863777
;US-ID;1932;p99.99p100;261879.359375;;;0.0035813281;0.0035813281
;US-ID;1932;p90p100;;;;0.3311700225;0.3311700225
;US-ID;1932;p90p91;24216.3222656;;;;
;US-ID;1932;p95p96;32230.1015625;;;;
;US-ID;1932;p95p100;;;;0.2203811854;0.2203811854
;US-ID;1932;p99.5p100;82776.6953125;;;0.0566005856;0.0566005856
;US-ID;1931;p0p100;9037.40625;;1662147584.0;;
;US-ID;1931;p99p100;82263.9765625;;;0.0910260901;0.0910260901
;US-ID;1931;p99.9p100;165532.859375;;;0.0183164123;0.0183164123
;US-ID;1931;p99.99p100;309929.53125;;;0.003429408;0.003429408
;US-ID;1931;p90p100;;;;0.3073243201;0.3073243201
;US-ID;1931;p90p91;27774.1503906;;;;
;US-ID;1931;p95p96;37344.5351562;;;;
;US-ID;1931;p95p100;;;;0.206610918;0.206610918
;US-ID;1931;p99.5p100;100794.90625;;;0.0557653941;0.0557653941
;US-ID;1930;p0p100;11480.2929688;;2056892160.0;;
;US-ID;1930;p99p100;97424.265625;;;0.0848621726;0.0848621726
;US-ID;1930;p99.9p100;221920.796875;;;0.0193305854;0.0193305854
;US-ID;1930;p99.99p100;421882.84375;;;0.0036748436;0.0036748436
;US-ID;1930;p90p100;;;;0.2780166566;0.2780166566
;US-ID;1930;p90p91;31917.1269531;;;;
;US-ID;1930;p95p96;45817.2265625;;;;
;US-ID;1930;p95p100;;;;0.1995472908;0.1995472908
;US-ID;1930;p99.5p100;124549.640625;;;0.0542449728;0.0542449728
;US-ID;1929;p0p100;11842.6464844;;2122696960.0;;
;US-ID;1929;p99p100;112607.3125;;;0.0950862765;0.0950862765
;US-ID;1929;p99.9p100;287769.84375;;;0.0242994539;0.0242994539
;US-ID;1929;p99.99p100;744934.1875;;;0.0062902677;0.0062902677
;US-ID;1929;p90p100;;;;0.3102277219;0.3102277219
;US-ID;1929;p90p91;36739.171875;;;;
;US-ID;1929;p95p96;56133.8710938;;;;
;US-ID;1929;p95p100;;;;0.2369988412;0.2369988412
;US-ID;1929;p99.5p100;146422.984375;;;0.0618202128;0.0618202128
;US-ID;1928;p0p100;10936.2001953;;1961439104.0;;
;US-ID;1928;p99p100;113286.328125;;;0.1035883874;0.1035883874
;US-ID;1928;p99.9p100;291671.875;;;0.0266703144;0.0266703144
;US-ID;1928;p99.99p100;743114.1875;;;0.0067949947;0.0067949947
;US-ID;1928;p90p100;;;;0.3254567683;0.3254567683
;US-ID;1928;p90p91;35592.6015625;;;;
;US-ID;1928;p95p96;54267.734375;;;;
;US-ID;1928;p95p100;;;;0.2481105775;0.2481105775
;US-ID;1928;p99.5p100;149608.921875;;;0.0684007853;0.0684007853
;US-ID;1927;p0p100;11832.7109375;;2119240576.0;;
;US-ID;1927;p99p100;106432.601562;;;0.089947775;0.089947775
;US-ID;1927;p99.9p100;279178.28125;;;0.0235937722;0.0235937722
;US-ID;1927;p99.99p100;799817.375;;;0.0067593758;0.0067593758
;US-ID;1927;p90p100;;;;0.3063655496;0.3063655496
;US-ID;1927;p90p91;36251.3476562;;;;
;US-ID;1927;p95p96;53766.09375;;;;
;US-ID;1927;p95p100;;;;0.2271926254;0.2271926254
;US-ID;1927;p99.5p100;140186.09375;;;0.0592366792;0.0592366792
;US-ID;1926;p0p100;12158.2724609;;2170883840.0;;
;US-ID;1926;p99p100;99653.515625;;;0.0819635466;0.0819635466
;US-ID;1926;p99.9p100;230824.15625;;;0.0189849474;0.0189849474
;US-ID;1926;p99.99p100;485294.34375;;;0.0039914744;0.0039914744
;US-ID;1926;p90p100;;;;0.2980454564;0.2980454564
;US-ID;1926;p90p91;36237.1796875;;;;
;US-ID;1926;p95p96;52521.75;;;;
;US-ID;1926;p95p100;;;;0.2159918249;0.2159918249
;US-ID;1926;p99.5p100;127619.015625;;;0.0524823777;0.0524823777
;US-ID;1925;p0p100;12082.2617188;;2151366656.0;;
;US-ID;1925;p99p100;99107.1953125;;;0.0820270255;0.0820270255
;US-ID;1925;p99.9p100;234525.71875;;;0.019410748;0.019410748
;US-ID;1925;p99.99p100;469495.9375;;;0.0038858287;0.0038858287
;US-ID;1925;p90p100;;;;0.2988072932;0.2988072932
;US-ID;1925;p90p91;36102.6757812;;;;
;US-ID;1925;p95p96;51110.0351562;;;;
;US-ID;1925;p95p100;;;;0.211508587;0.211508587
;US-ID;1925;p99.5p100;128537.601562;;;0.0531926937;0.0531926937
;US-ID;1924;p0p100;12457.1005859;;2208424960.0;;
;US-ID;1924;p99p100;88361.828125;;;0.0709329024;0.0709329024
;US-ID;1924;p99.9p100;217391.265625;;;0.017451195;0.017451195
;US-ID;1924;p99.99p100;490292.625;;;0.0039358488;0.0039358488
;US-ID;1924;p90p100;;;;0.295748651;0.295748651
;US-ID;1924;p90p91;36841.703125;;;;
;US-ID;1924;p95p96;49669.125;;;;
;US-ID;1924;p95p100;;;;0.1993607134;0.1993607134
;US-ID;1924;p99.5p100;112830.695312;;;0.0452877097;0.0452877097
;US-ID;1923;p0p100;14092.2070312;;2476798464.0;;
;US-ID;1923;p99p100;85490.4453125;;;0.0606650449;0.0606650449
;US-ID;1923;p99.9p100;234179.890625;;;0.0166176856;0.0166176856
;US-ID;1923;p99.99p100;866598.5;;;0.0061494866;0.0061494866
;US-ID;1923;p90p100;;;;0.2676594555;0.2676594555
;US-ID;1923;p90p91;37719.125;;;;
;US-ID;1923;p95p96;48638.6328125;;;;
;US-ID;1923;p95p100;;;;0.1725727916;0.1725727916
;US-ID;1923;p99.5p100;109018.515625;;;0.0386804231;0.0386804231
;US-ID;1922;p0p100;12901.8339844;;2252409344.0;;
;US-ID;1922;p99p100;81732.0859375;;;0.0633492023;0.0633492023
;US-ID;1922;p99.9p100;209311.203125;;;0.0162233692;0.0162233692
;US-ID;1922;p99.99p100;539247.125;;;0.0041796165;0.0041796165
;US-ID;1922;p90p100;;;;0.2756962478;0.2756962478
;US-ID;1922;p90p91;35569.8710938;;;;
;US-ID;1922;p95p96;45656.5;;;;
;US-ID;1922;p95p100;;;;0.176938042;0.176938042
;US-ID;1922;p99.5p100;103303.671875;;;0.0400344916;0.0400344916
;US-ID;1921;p0p100;11691.0078125;;2033818752.0;;
;US-ID;1921;p99p100;71456.0078125;;;0.061120484;0.061120484
;US-ID;1921;p99.9p100;174999.71875;;;0.0149687454;0.0149687454
;US-ID;1921;p99.99p100;492689.4375;;;0.0042142593;0.0042142593
;US-ID;1921;p90p100;;;;0.2794083059;0.2794083059
;US-ID;1921;p90p91;32665.6484375;;;;
;US-ID;1921;p95p96;41423.1484375;;;;
;US-ID;1921;p95p100;;;;0.1771581471;0.1771581471
;US-ID;1921;p99.5p100;87824.1015625;;;0.0375605337;0.0375605337
;US-ID;1920;p0p100;14044.7421875;;2421085952.0;;
;US-ID;1920;p99p100;82838.3984375;;;0.0589817874;0.0589817874
;US-ID;1920;p99.9p100;204092.484375;;;0.0145315928;0.0145315928
;US-ID;1920;p99.99p100;456418.25;;;0.0032497444;0.0032497444
;US-ID;1920;p90p100;;;;0.2478108704;0.2478108704
;US-ID;1920;p90p91;34804.3984375;;;;
;US-ID;1920;p95p96;45045.9414062;;;;
;US-ID;1920;p95p100;;;;0.1603658497;0.1603658497
;US-ID;1920;p99.5p100;108087.851562;;;0.0384798273;0.0384798273
;US-ID;1919;p0p100;18292.0800781;;3050981376.0;;
;US-ID;1919;p99p100;120716.671875;;;0.0659939572;0.0659939572
;US-ID;1919;p99.9p100;302863.25;;;0.0165570714;0.0165570714
;US-ID;1919;p99.99p100;759931.125;;;0.004154427;0.004154427
;US-ID;1919;p90p100;;;;0.2480923831;0.2480923831
;US-ID;1919;p90p91;45381.2539062;;;;
;US-ID;1919;p95p96;61799.9375;;;;
;US-ID;1919;p95p100;;;;0.1689254045;0.1689254045
;US-ID;1919;p99.5p100;158952.109375;;;0.0434483476;0.0434483476
;US-ID;1918;p0p100;19889.1503906;;3228508160.0;;
;US-ID;1918;p99p100;120101.070312;;;0.0603852235;0.0603852235
;US-ID;1918;p99.9p100;306348.65625;;;0.0154028032;0.0154028032
;US-ID;1918;p99.99p100;846124.625;;;0.0042542019;0.0042542019
;US-ID;1918;p90p100;;;;0.2416556776;0.2416556776
;US-ID;1918;p90p91;48063.2617188;;;;
;US-ID;1918;p95p96;63200.9492188;;;;
;US-ID;1918;p95p100;;;;0.1588829905;0.1588829905
;US-ID;1918;p99.5p100;156663.40625;;;0.0393841378;0.0393841378
;US-ID;1917;p0p100;20829.5097656;;3333972736.0;;
