Variable Name;.;.;.;Fiscal income  | tax unit | Average | Adults | constant 2015 local currency;Fiscal income  | tax unit | Threshold | Adults | constant 2015 local currency;Fiscal income  | tax unit | Total | Adults | constant 2015 local currency;Fiscal income  | tax unit | Share | Adults | share of total (ratio);Pre-tax national income  | tax unit | Share | Adults | share of total (ratio)
Variable Category;.;.;.;Income inequality;Income inequality;Income inequality;Income inequality;Income inequality
Variable Description;.;.;.;Average Fiscal income within a given percentile group. Fiscal income is defined as the sum of all income items reported on income tax returns, before any deduction. It includes labour income, capital income and mixed income. The concept of fiscal income varies with national tax legislations, so in order to make international comparisons it is preferable to use the concept of national income. The population is comprised of individuals over age 20. The base unit is the tax unit defined by national fiscal administrations to measure personal income taxes.;Fiscal income threshold value at a given percentile.  Fiscal income is defined as the sum of all income items reported on income tax returns, before any deduction. It includes labour income, capital income and mixed income. The concept of fiscal income varies with national tax legislations, so in order to make international comparisons it is preferable to use the concept of national income. The population is comprised of individuals over age 20. The base unit is the tax unit defined by national fiscal administrations to measure personal income taxes.;Total Fiscal income  within a given percentile group. Fiscal income is defined as the sum of all income items reported on income tax returns, before any deduction. It includes labour income, capital income and mixed income. The concept of fiscal income varies with national tax legislations, so in order to make international comparisons it is preferable to use the concept of national income. The population is comprised of individuals over age 20.;Fiscal income share held by a given percentile group. Fiscal income is defined as the sum of all income items reported on income tax returns, before any deduction. It includes labour income, capital income and mixed income. The concept of fiscal income varies with national tax legislations, so in order to make international comparisons it is preferable to use the concept of national income. The population is comprised of individuals over age 20. The base unit is the tax unit defined by national fiscal administrations to measure personal income taxes.;Pre-tax national income share held by a given percentile group. Pre-tax national income  is the sum of all pre-tax personal income flows accruing to the owners of the production factors, labor and capital, before taking into account the operation of the tax/transfer system, but after taking into account the operation of pension system. The central difference between personal factor income and pre-tax income is the treatment of pensions, which are counted on a contribution basis by factor income and on a distribution basis by pre-tax income. The population is comprised of individuals over age 20. The base unit is the tax unit defined by national fiscal administrations to measure personal income taxes.
Variable Decomposition;.;.;.;[Fiscal income ]=[Fiscal labour income ]+[Fiscal capital income ];[Fiscal income ]=[Fiscal labour income ]+[Fiscal capital income ];[Fiscal income ]=[Fiscal labour income ]+[Fiscal capital income ];[Fiscal income ]=[Fiscal labour income ]+[Fiscal capital income ];Pre-tax national income =Pre-tax labor income [total pre-tax income ranking]+Pre-tax capital income [total pre-tax income ranking]
Variable Unit;.;.;.;"USD; United States dollar | local currency | market";"USD; United States dollar | local currency | market";"USD; United States dollar | local currency | market";share;share
Methodological Notes;.;.;.;;;;;Assuming the same distribution as fiscal income.
Sources;.;.;.;Frank, Sommeiller, Price & Saez (2015);Frank, Sommeiller, Price & Saez (2015);Frank, Sommeiller, Price & Saez (2015);Frank, Sommeiller, Price & Saez (2015);WID.world computations using: Frank, Sommeiller, Price & Saez (2015)
Variable Code;country;year;perc;afiinc992t;tfiinc992t;mfiinc992t;sfiinc992t;sptinc992t
;US-MI;2014;p0p100;49681.0234375;;2.59910238208e+11;;
;US-MI;2014;p99p100;;331404.9375;;0.1803037673;0.1803037673
;US-MI;2014;p99.9p100;;1376853.875;;0.0791982636;0.0791982636
;US-MI;2014;p99.99p100;;6229216.0;;0.0345870219;0.0345870219
;US-MI;2014;p90p100;;117187.96875;;0.4838646352;0.4838646352
;US-MI;2014;p90p91;243517.90625;;;;
;US-MI;2014;p95p96;349374.25;;;;
;US-MI;2014;p90p95;137661.546875;117187.96875;;0.1353098005;0.1353098005
;US-MI;2014;p95p99;210274.78125;146344.125;;0.1680462807;0.1680462807
;US-MI;2014;p99.5p99.9;757885.8125;514337.0;;0.0608225726;0.0608225726
;US-MI;2014;p99.9p99.99;2431969.0;1376853.875;;0.0448582582;0.0448582582
;US-MI;2014;p99p99.5;405795.34375;331404.9375;;0.040356338;0.040356338
;US-MI;2014;p95p100;;146344.125;;0.3482892513;0.3482892513
;US-MI;2014;p0p90;28143.59375;;;0.516019702;0.516019702
;US-MI;2014;p0p99;41033.640625;;;0.8196962476;0.8196962476
;US-MI;2014;p99.5p100;;514337.0;;0.1399429291;0.1399429291
;US-MI;2014;p99.5p99.6;1405749.0;;;;
;US-MI;2014;p99.99p99.991;18084296.0;;;;
;US-MI;2014;p99.9p99.91;3997201.5;;;;
;US-MI;2014;p99p99.1;905772.1875;;;;
;US-MI;2013;p0p100;48715.0742188;;2.48811323392e+11;;
;US-MI;2013;p99p100;;320112.75;;0.176180467;0.176180467
;US-MI;2013;p99.9p100;;1297274.625;;0.0775870979;0.0775870979
;US-MI;2013;p99.99p100;;5954202.5;;0.0351431668;0.0351431668
;US-MI;2013;p90p100;;118274.578125;;0.4826364815;0.4826364815
;US-MI;2013;p90p91;240139.96875;;;;
;US-MI;2013;p95p96;340593.5625;;;;
;US-MI;2013;p90p95;139686.375;118274.578125;;0.1381533146;0.1381533146
;US-MI;2013;p95p99;208149.953125;144427.265625;;0.1678839624;0.1678839624
;US-MI;2013;p99.5p99.9;727338.3125;496154.71875;;0.0587321222;0.0587321222
;US-MI;2013;p99.9p99.99;2305792.5;1297274.625;;0.042484805;0.042484805
;US-MI;2013;p99p99.5;391720.15625;320112.75;;0.0398747921;0.0398747921
;US-MI;2013;p95p100;;144427.265625;;0.3441136777;0.3441136777
;US-MI;2013;p0p90;27445.6386719;;;0.5177278519;0.5177278519
;US-MI;2013;p0p99;40415.546875;;;0.8238195181;0.8238195181
;US-MI;2013;p99.5p100;;496154.71875;;0.1363266557;0.1363266557
;US-MI;2013;p99.5p99.6;1349016.0;;;;
;US-MI;2013;p99.99p99.991;17605136.0;;;;
;US-MI;2013;p99.9p99.91;3835726.75;;;;
;US-MI;2013;p99p99.1;870368.0625;;;;
;US-MI;2012;p0p100;49125.5664062;;2.49364430848e+11;;
;US-MI;2012;p99p100;969442.6875;;;0.1973397583;0.1973397583
;US-MI;2012;p99.9p100;4674149.5;;;0.0951469913;0.0951469913
;US-MI;2012;p99.99p100;22073912.0;;;0.0449336544;0.0449336544
;US-MI;2012;p90p100;;;;0.4967774451;0.4967774451
;US-MI;2012;p90p91;244044.734375;;;;
;US-MI;2012;p95p96;354147.0625;;;;
;US-MI;2012;p95p100;;;;0.3604508638;0.3604508638
;US-MI;2012;p99.5p100;1547450.0;;;0.1574994773;0.1574994773
;US-MI;2011;p0p100;46063.7148438;;2.35884363776e+11;;
;US-MI;2011;p99p100;758973.5;;;0.1647660285;0.1647660285
;US-MI;2011;p99.9p100;3207755.5;;;0.0696373582;0.0696373582
;US-MI;2011;p99.99p100;13790303.0;;;0.0299374536;0.0299374536
;US-MI;2011;p90p100;;;;0.4745660126;0.4745660126
;US-MI;2011;p90p91;218602.734375;;;;
;US-MI;2011;p95p96;305938.34375;;;;
;US-MI;2011;p95p100;;;;0.3320817351;0.3320817351
;US-MI;2011;p99.5p100;1161434.5;;;0.1260682642;0.1260682642
;US-MI;2010;p0p100;45656.96875;;2.3172988928e+11;;
;US-MI;2010;p99p100;767870.5625;;;0.1681825519;0.1681825519
;US-MI;2010;p99.9p100;3508186.25;;;0.0768379122;0.0768379122
;US-MI;2010;p99.99p100;17153822.0;;;0.0375710912;0.0375710912
;US-MI;2010;p90p100;;;;0.4750638008;0.4750638008
;US-MI;2010;p90p91;216899.734375;;;;
;US-MI;2010;p95p96;302375.5;;;;
;US-MI;2010;p95p100;;;;0.3311384022;0.3311384022
;US-MI;2010;p99.5p100;1199418.375;;;0.1313510686;0.1313510686
;US-MI;2009;p0p100;44452.3984375;;2.23073714176e+11;;
;US-MI;2009;p99p100;671853.6875;;;0.1511400342;0.1511400342
;US-MI;2009;p99.9p100;2713155.0;;;0.0610350668;0.0610350668
;US-MI;2009;p99.99p100;11234970.0;;;0.0252741594;0.0252741594
;US-MI;2009;p90p100;;;;0.4564497471;0.4564497471
;US-MI;2009;p90p91;202902.859375;;;;
;US-MI;2009;p95p96;276167.03125;;;;
;US-MI;2009;p95p100;;;;0.3106323481;0.3106323481
;US-MI;2009;p99.5p100;1010619.0625;;;0.1136743054;0.1136743054
;US-MI;2008;p0p100;49902.5;;2.53107519488e+11;;
;US-MI;2008;p99p100;822184.5625;;;0.1647581905;0.1647581905
;US-MI;2008;p99.9p100;3524621.25;;;0.0706301555;0.0706301555
;US-MI;2008;p99.99p100;14730018.0;;;0.0295175966;0.0295175966
;US-MI;2008;p90p100;;;;0.4552632868;0.4552632868
;US-MI;2008;p90p91;227187.765625;;;;
;US-MI;2008;p95p96;317698.84375;;;;
;US-MI;2008;p95p100;;;;0.3183195591;0.3183195591
;US-MI;2008;p99.5p100;1266874.5;;;0.1269349903;0.1269349903
;US-MI;2007;p0p100;54889.5976562;;2.78962438144e+11;;
;US-MI;2007;p99p100;981472.0;;;0.1788083613;0.1788083613
;US-MI;2007;p99.9p100;4420138.5;;;0.0805277973;0.0805277973
;US-MI;2007;p99.99p100;18742322.0;;;0.0341454893;0.0341454893
;US-MI;2007;p90p100;;;;0.4555029273;0.4555029273
;US-MI;2007;p90p91;250023.734375;;;;
;US-MI;2007;p95p96;358185.65625;;;;
;US-MI;2007;p95p100;;;;0.3262782395;0.3262782395
;US-MI;2007;p99.5p100;1542724.875;;;0.1405297965;0.1405297965
;US-MI;2006;p0p100;54741.9375;;2.7593326592e+11;;
;US-MI;2006;p99p100;908999.3125;;;0.1660517305;0.1660517305
;US-MI;2006;p99.9p100;3949548.5;;;0.0721484944;0.0721484944
;US-MI;2006;p99.99p100;15925011.0;;;0.029091062;0.029091062
;US-MI;2006;p90p100;;;;0.4382063746;0.4382063746
;US-MI;2006;p90p91;239882.65625;;;;
;US-MI;2006;p95p96;338250.625;;;;
;US-MI;2006;p95p100;;;;0.308950156;0.308950156
;US-MI;2006;p99.5p100;1414876.875;;;0.1292315274;0.1292315274
;US-MI;2005;p0p100;55536.3242188;;2.78435725312e+11;;
;US-MI;2005;p99p100;894405.5625;;;0.161048755;0.161048755
;US-MI;2005;p99.9p100;3890781.75;;;0.0700583309;0.0700583309
;US-MI;2005;p99.99p100;15766219.0;;;0.0283890218;0.0283890218
;US-MI;2005;p90p100;;;;0.4269731343;0.4269731343
;US-MI;2005;p90p91;237125.171875;;;;
;US-MI;2005;p95p96;334851.03125;;;;
;US-MI;2005;p95p100;;;;0.3014703095;0.3014703095
;US-MI;2005;p99.5p100;1389961.25;;;0.1251398325;0.1251398325
;US-MI;2004;p0p100;53999.5117188;;2.72079962112e+11;;
;US-MI;2004;p99p100;834379.9375;;;0.1545162052;0.1545162052
;US-MI;2004;p99.9p100;3559435.75;;;0.0659160763;0.0659160763
;US-MI;2004;p99.99p100;14537179.0;;;0.0269209463;0.0269209463
;US-MI;2004;p90p100;;;;0.4262700379;0.4262700379
;US-MI;2004;p90p91;230183.734375;;;;
;US-MI;2004;p95p96;320247.03125;;;;
;US-MI;2004;p95p100;;;;0.2965277433;0.2965277433
;US-MI;2004;p99.5p100;1284185.125;;;0.1189071089;0.1189071089
;US-MI;2003;p0p100;51704.6210938;;2.62112444416e+11;;
;US-MI;2003;p99p100;743778.5;;;0.143851459;0.143851459
;US-MI;2003;p99.9p100;2993352.25;;;0.0578933209;0.0578933209
;US-MI;2003;p99.99p100;11914075.0;;;0.0230425727;0.0230425727
;US-MI;2003;p90p100;;;;0.423920393;0.423920393
;US-MI;2003;p90p91;219186.4375;;;;
;US-MI;2003;p95p96;306097.46875;;;;
;US-MI;2003;p95p100;;;;0.2960059047;0.2960059047
;US-MI;2003;p99.5p100;1122752.375;;;0.1085736975;0.1085736975
;US-MI;2002;p0p100;51736.9492188;;2.61631803392e+11;;
;US-MI;2002;p99p100;718569.0;;;0.1388889402;0.1388889402
;US-MI;2002;p99.9p100;2816106.25;;;0.0544312373;0.0544312373
;US-MI;2002;p99.99p100;10852047.0;;;0.0209754296;0.0209754296
;US-MI;2002;p90p100;;;;0.4178436399;0.4178436399
;US-MI;2002;p90p91;216179.546875;;;;
;US-MI;2002;p95p96;300561.75;;;;
;US-MI;2002;p95p100;;;;0.290471077;0.290471077
;US-MI;2002;p99.5p100;1076464.375;;;0.1040324569;0.1040324569
;US-MI;2001;p0p100;55436.1367188;;2.72523935744e+11;;
;US-MI;2001;p99p100;762620.25;;;0.1375673413;0.1375673413
;US-MI;2001;p99.9p100;2986264.25;;;0.0538685508;0.0538685508
;US-MI;2001;p99.99p100;11445385.0;;;0.0206460729;0.0206460729
;US-MI;2001;p90p100;;;;0.4092181027;0.4092181027
;US-MI;2001;p90p91;226854.703125;;;;
;US-MI;2001;p95p96;315428.03125;;;;
;US-MI;2001;p95p100;;;;0.2844967544;0.2844967544
;US-MI;2001;p99.5p100;1133233.625;;;0.1022107378;0.1022107378
;US-MI;2000;p0p100;61245.625;;2.92321001472e+11;;
;US-MI;2000;p99p100;952836.375;;;0.155576244;0.155576244
;US-MI;2000;p99.9p100;4170049.25;;;0.0680873021;0.0680873021
;US-MI;2000;p99.99p100;16884190.0;;;0.0275679957;0.0275679957
;US-MI;2000;p90p100;;;;0.4211424589;0.4211424589
;US-MI;2000;p90p91;257931.296875;;;;
;US-MI;2000;p95p96;369988.46875;;;;
;US-MI;2000;p95p100;;;;0.3020530045;0.3020530045
;US-MI;2000;p99.5p100;1477308.375;;;0.1206052229;0.1206052229
;US-MI;1999;p0p100;59599.2148438;;2.82641498112e+11;;
;US-MI;1999;p99p100;962913.3125;;;0.1615647525;0.1615647525
;US-MI;1999;p99.9p100;4179282.5;;;0.0701231137;0.0701231137
;US-MI;1999;p99.99p100;16593993.0;;;0.0278426353;0.0278426353
;US-MI;1999;p90p100;;;;0.430860281;0.430860281
;US-MI;1999;p90p91;256789.34375;;;;
;US-MI;1999;p95p96;367278.1875;;;;
;US-MI;1999;p95p100;;;;0.3081233203;0.3081233203
;US-MI;1999;p99.5p100;1489026.75;;;0.1249199882;0.1249199882
;US-MI;1998;p0p100;56298.5429688;;2.697363456e+11;;
;US-MI;1998;p99p100;946098.375;;;0.1680502445;0.1680502445
;US-MI;1998;p99.9p100;4252321.5;;;0.0755316392;0.0755316392
;US-MI;1998;p99.99p100;17877104.0;;;0.0317541137;0.0317541137
;US-MI;1998;p90p100;;;;0.4365120828;0.4365120828
;US-MI;1998;p90p91;245749.953125;;;;
;US-MI;1998;p95p96;355708.0625;;;;
;US-MI;1998;p95p100;;;;0.3159123361;0.3159123361
;US-MI;1998;p99.5p100;1474642.375;;;0.1309663057;0.1309663057
;US-MI;1997;p0p100;54193.8671875;;2.51377369088e+11;;
;US-MI;1997;p99p100;833493.9375;;;0.1537985653;0.1537985653
;US-MI;1997;p99.9p100;3539777.75;;;0.0653169453;0.0653169453
;US-MI;1997;p99.99p100;14300462.0;;;0.0263876021;0.0263876021
;US-MI;1997;p90p100;;;;0.4224793911;0.4224793911
;US-MI;1997;p90p91;228957.921875;;;;
;US-MI;1997;p95p96;326384.75;;;;
;US-MI;1997;p95p100;;;;0.3011270165;0.3011270165
;US-MI;1997;p99.5p100;1277682.375;;;0.1178807169;0.1178807169
;US-MI;1996;p0p100;51343.1328125;;2.37947174912e+11;;
;US-MI;1996;p99p100;751166.0;;;0.1463031173;0.1463031173
;US-MI;1996;p99.9p100;3094563.5;;;0.0602722019;0.0602722019
;US-MI;1996;p99.99p100;12410850.0;;;0.0241723675;0.0241723675
;US-MI;1996;p90p100;;;;0.4182202518;0.4182202518
;US-MI;1996;p90p91;214727.375;;;;
;US-MI;1996;p95p96;302198.125;;;;
;US-MI;1996;p95p100;;;;0.2942926586;0.2942926586
;US-MI;1996;p99.5p100;1144038.75;;;0.1114110872;0.1114110872
;US-MI;1995;p0p100;49407.765625;;2.28579868672e+11;;
;US-MI;1995;p99p100;661340.75;;;0.1338535994;0.1338535994
;US-MI;1995;p99.9p100;2553988.25;;;0.0516920425;0.0516920425
;US-MI;1995;p99.99p100;9608760.0;;;0.0194478743;0.0194478743
;US-MI;1995;p90p100;;;;0.407427758;0.407427758
;US-MI;1995;p90p91;201300.953125;;;;
;US-MI;1995;p95p96;278413.96875;;;;
;US-MI;1995;p95p100;;;;0.2817512155;0.2817512155
;US-MI;1995;p99.5p100;988529.25;;;0.1000378355;0.1000378355
;US-MI;1994;p0p100;47568.9375;;2.20394438656e+11;;
;US-MI;1994;p99p100;607401.1875;;;0.1276886165;0.1276886165
;US-MI;1994;p99.9p100;2390776.5;;;0.0502591878;0.0502591878
;US-MI;1994;p99.99p100;9445862.0;;;0.0198572073;0.0198572073
;US-MI;1994;p90p100;;;;0.3965052366;0.3965052366
;US-MI;1994;p90p91;188613.328125;;;;
;US-MI;1994;p95p96;257850.078125;;;;
;US-MI;1994;p95p100;;;;0.2710277736;0.2710277736
;US-MI;1994;p99.5p100;911274.5;;;0.0957846195;0.0957846195
;US-MI;1993;p0p100;45427.515625;;2.0778975232e+11;;
;US-MI;1993;p99p100;569758.25;;;0.1254213899;0.1254213899
;US-MI;1993;p99.9p100;2214037.5;;;0.0487378053;0.0487378053
;US-MI;1993;p99.99p100;8645680.0;;;0.0190318115;0.0190318115
;US-MI;1993;p90p100;;;;0.3940464854;0.3940464854
;US-MI;1993;p90p91;179005.546875;;;;
;US-MI;1993;p95p96;243257.78125;;;;
;US-MI;1993;p95p100;;;;0.267742753;0.267742753
;US-MI;1993;p99.5p100;853466.4375;;;0.093937166;0.093937166
;US-MI;1992;p0p100;44983.1640625;;2.05531922432e+11;;
;US-MI;1992;p99p100;561972.5625;;;0.124929525;0.124929525
;US-MI;1992;p99.9p100;2165520.5;;;0.0481406897;0.0481406897
;US-MI;1992;p99.99p100;8288810.5;;;0.0184264723;0.0184264723
;US-MI;1992;p90p100;;;;0.3910107017;0.3910107017
;US-MI;1992;p90p91;175889.0;;;;
;US-MI;1992;p95p96;239781.8125;;;;
;US-MI;1992;p95p100;;;;0.2665239275;0.2665239275
;US-MI;1992;p99.5p100;841405.8125;;;0.0935245231;0.0935245231
;US-MI;1991;p0p100;44165.7148438;;1.986162688e+11;;
;US-MI;1991;p99p100;522672.46875;;;0.1183434799;0.1183434799
;US-MI;1991;p99.9p100;1921163.625;;;0.0434989817;0.0434989817
;US-MI;1991;p99.99p100;7035690.5;;;0.0159302093;0.0159302093
;US-MI;1991;p90p100;;;;0.3860518038;0.3860518038
;US-MI;1991;p90p91;170502.546875;;;;
;US-MI;1991;p95p96;230581.71875;;;;
;US-MI;1991;p95p100;;;;0.261041522;0.261041522
;US-MI;1991;p99.5p100;771408.4375;;;0.0873311386;0.0873311386
;US-MI;1990;p0p100;46322.6328125;;2.04044926976e+11;;
;US-MI;1990;p99p100;573164.625;;;0.1237331778;0.1237331778
;US-MI;1990;p99.9p100;2179263.0;;;0.0470453203;0.0470453203
;US-MI;1990;p99.99p100;8167110.5;;;0.0176309291;0.0176309291
;US-MI;1990;p90p100;;;;0.3800268173;0.3800268173
;US-MI;1990;p90p91;176038.4375;;;;
;US-MI;1990;p95p96;243323.71875;;;;
;US-MI;1990;p95p100;;;;0.262640208;0.262640208
;US-MI;1990;p99.5p100;858090.0;;;0.0926210284;0.0926210284
;US-MI;1989;p0p100;46688.6601562;;2.05902987264e+11;;
;US-MI;1989;p99p100;574805.625;;;0.1231146008;0.1231146008
;US-MI;1989;p99.9p100;2092732.125;;;0.0448231325;0.0448231325
;US-MI;1989;p99.99p100;7527467.5;;;0.0161226895;0.0161226895
;US-MI;1989;p90p100;;;;0.3875049949;0.3875049949
;US-MI;1989;p90p91;180920.921875;;;;
;US-MI;1989;p95p96;247897.359375;;;;
;US-MI;1989;p95p100;;;;0.2654791772;0.2654791772
;US-MI;1989;p99.5p100;845752.125;;;0.0905736014;0.0905736014
;US-MI;1988;p0p100;46725.8867188;;2.03575721984e+11;;
;US-MI;1988;p99p100;602286.8125;;;0.1288978904;0.1288978904
;US-MI;1988;p99.9p100;2286498.0;;;0.048934292;0.048934292
;US-MI;1988;p99.99p100;8328091.0;;;0.0178232919;0.0178232919
;US-MI;1988;p90p100;;;;0.3907226622;0.3907226622
;US-MI;1988;p90p91;182568.625;;;;
;US-MI;1988;p95p96;251992.6875;;;;
;US-MI;1988;p95p100;;;;0.2696499825;0.2696499825
;US-MI;1988;p99.5p100;899957.3125;;;0.0963017941;0.0963017941
;US-MI;1987;p0p100;44688.375;;1.92903839744e+11;;
;US-MI;1987;p99p100;486031.53125;;;0.1087601706;0.1087601706
;US-MI;1987;p99.9p100;1661693.875;;;0.0371840335;0.0371840335
;US-MI;1987;p99.99p100;5718183.5;;;0.0127956849;0.0127956849
;US-MI;1987;p90p100;;;;0.3717590868;0.3717590868
;US-MI;1987;p90p91;166133.09375;;;;
;US-MI;1987;p95p96;222134.203125;;;;
;US-MI;1987;p95p100;;;;0.2485369146;0.2485369146
;US-MI;1987;p99.5p100;698836.375;;;0.0781899542;0.0781899542
;US-MI;1986;p0p100;48121.9023438;;2.02596384768e+11;;
;US-MI;1986;p99p100;626554.1875;;;0.130201444;0.130201444
;US-MI;1986;p99.9p100;2538221.0;;;0.052745644;0.052745644
;US-MI;1986;p99.99p100;9983958.0;;;0.020747222;0.020747222
;US-MI;1986;p90p100;;;;0.3846501112;0.3846501112
;US-MI;1986;p90p91;185100.953125;;;;
;US-MI;1986;p95p96;256891.6875;;;;
;US-MI;1986;p95p100;;;;0.2669176459;0.2669176459
;US-MI;1986;p99.5p100;952418.1875;;;0.0989589021;0.0989589021
;US-MI;1985;p0p100;45004.0898438;;1.86136281088e+11;;
;US-MI;1985;p99p100;443363.25;;;0.0985162184;0.0985162184
;US-MI;1985;p99.9p100;1437744.5;;;0.031946972;0.031946972
;US-MI;1985;p99.99p100;4349357.0;;;0.0096643586;0.0096643586
;US-MI;1985;p90p100;;;;0.3576231301;0.3576231301
;US-MI;1985;p90p91;160945.03125;;;;
;US-MI;1985;p95p96;209910.359375;;;;
;US-MI;1985;p95p100;;;;0.2332125306;0.2332125306
;US-MI;1985;p99.5p100;620967.25;;;0.068990089;0.068990089
;US-MI;1984;p0p100;43693.5664062;;1.77616535552e+11;;
;US-MI;1984;p99p100;450472.40625;;;0.1030981094;0.1030981094
;US-MI;1984;p99.9p100;1651689.875;;;0.0378016755;0.0378016755
;US-MI;1984;p99.99p100;6382929.5;;;0.0146083971;0.0146083971
;US-MI;1984;p90p100;;;;0.3601484299;0.3601484299
;US-MI;1984;p90p91;157361.6875;;;;
;US-MI;1984;p95p96;208748.78125;;;;
;US-MI;1984;p95p100;;;;0.2388781905;0.2388781905
;US-MI;1984;p99.5p100;647577.375;;;0.0741044357;0.0741044357
;US-MI;1983;p0p100;41998.0546875;;1.67842086912e+11;;
;US-MI;1983;p99p100;465328.59375;;;0.1107976362;0.1107976362
;US-MI;1983;p99.9p100;1823695.25;;;0.0434233211;0.0434233211
;US-MI;1983;p99.99p100;7427424.0;;;0.01768516;0.01768516
;US-MI;1983;p90p100;;;;0.3672385812;0.3672385812
;US-MI;1983;p90p91;154233.078125;;;;
;US-MI;1983;p95p96;208730.328125;;;;
;US-MI;1983;p95p100;;;;0.2484999895;0.2484999895
;US-MI;1983;p99.5p100;680304.75;;;0.0809924006;0.0809924006
;US-MI;1982;p0p100;39268.859375;;1.59040258048e+11;;
;US-MI;1982;p99p100;395660.28125;;;0.100756757;0.100756757
;US-MI;1982;p99.9p100;1530397.5;;;0.0389722958;0.0389722958
;US-MI;1982;p99.99p100;6354259.5;;;0.0161814224;0.0161814224
;US-MI;1982;p90p100;;;;0.358753413;0.358753413
;US-MI;1982;p90p91;140878.375;;;;
;US-MI;1982;p95p96;187149.546875;;;;
;US-MI;1982;p95p100;;;;0.2382925749;0.2382925749
;US-MI;1982;p99.5p100;583828.875;;;0.0743373856;0.0743373856
;US-MI;1981;p0p100;39965.1289062;;1.67080689664e+11;;
;US-MI;1981;p99p100;349729.25;;;0.087508589;0.087508589
;US-MI;1981;p99.9p100;1117386.125;;;0.0279590227;0.0279590227
;US-MI;1981;p99.99p100;3656413.75;;;0.0091490094;0.0091490094
;US-MI;1981;p90p100;;;;0.3468587101;0.3468587101
;US-MI;1981;p90p91;138622.546875;;;;
;US-MI;1981;p95p96;176044.734375;;;;
;US-MI;1981;p95p100;;;;0.2202478945;0.2202478945
;US-MI;1981;p99.5p100;489939.75;;;0.0612958968;0.0612958968
;US-MI;1980;p0p100;42126.9570312;;1.72959072256e+11;;
;US-MI;1980;p99p100;382024.5625;;;0.0906841084;0.0906841084
;US-MI;1980;p99.9p100;1223144.5;;;0.0290347207;0.0290347207
;US-MI;1980;p99.99p100;4239960.0;;;0.0100647192;0.0100647192
;US-MI;1980;p90p100;;;;0.3459495306;0.3459495306
;US-MI;1980;p90p91;145738.015625;;;;
;US-MI;1980;p95p96;186934.984375;;;;
;US-MI;1980;p95p100;;;;0.2218709737;0.2218709737
;US-MI;1980;p99.5p100;534446.625;;;0.0634328499;0.0634328499
;US-MI;1979;p0p100;45207.1992188;;1.83092396032e+11;;
;US-MI;1979;p99p100;409233.8125;;;0.0905240178;0.0905240178
;US-MI;1979;p99.9p100;1307210.875;;;0.0289159883;0.0289159883
;US-MI;1979;p99.99p100;4546136.5;;;0.0100562219;0.0100562219
;US-MI;1979;p90p100;;;;0.3357844353;0.3357844353
;US-MI;1979;p90p91;151798.765625;;;;
;US-MI;1979;p95p96;194918.5;;;;
;US-MI;1979;p95p100;;;;0.2155834585;0.2155834585
;US-MI;1979;p99.5p100;572526.75;;;0.0633225143;0.0633225143
;US-MI;1978;p0p100;45330.7109375;;1.79172261888e+11;;
;US-MI;1978;p99p100;379500.1875;;;0.0837181136;0.0837181136
;US-MI;1978;p99.9p100;1111472.375;;;0.0245191902;0.0245191902
;US-MI;1978;p99.99p100;3594674.25;;;0.0079298876;0.0079298876
;US-MI;1978;p90p100;;;;0.3285762072;0.3285762072
;US-MI;1978;p90p91;148945.921875;;;;
;US-MI;1978;p95p96;188085.046875;;;;
;US-MI;1978;p95p100;;;;0.2074587345;0.2074587345
;US-MI;1978;p99.5p100;521961.875;;;0.0575726517;0.0575726517
;US-MI;1977;p0p100;44708.5703125;;1.72940279808e+11;;
;US-MI;1977;p99p100;365152.3125;;;0.0816738904;0.0816738904
;US-MI;1977;p99.9p100;1054999.75;;;0.0235972591;0.0235972591
;US-MI;1977;p99.99p100;3477340.5;;;0.0077777943;0.0077777943
;US-MI;1977;p90p100;;;;0.3229193389;0.3229193389
;US-MI;1977;p90p91;144372.625;;;;
;US-MI;1977;p95p96;177023.203125;;;;
;US-MI;1977;p95p100;;;;0.1979745775;0.1979745775
;US-MI;1977;p99.5p100;499437.65625;;;0.0558548011;0.0558548011
;US-MI;1976;p0p100;43039.2070312;;1.63028615168e+11;;
;US-MI;1976;p99p100;343970.25;;;0.0799202025;0.0799202025
;US-MI;1976;p99.9p100;983668.625;;;0.0228551738;0.0228551738
;US-MI;1976;p99.99p100;3309922.5;;;0.0076904823;0.0076904823
;US-MI;1976;p90p100;;;;0.3216558099;0.3216558099
;US-MI;1976;p90p91;138438.109375;;;;
;US-MI;1976;p95p96;178058.84375;;;;
;US-MI;1976;p95p100;;;;0.2068565488;0.2068565488
;US-MI;1976;p99.5p100;471834.125;;;0.0548144504;0.0548144504
;US-MI;1975;p0p100;40444.9414062;;1.50118514688e+11;;
;US-MI;1975;p99p100;327501.21875;;;0.0809745863;0.0809745863
;US-MI;1975;p99.9p100;888955.8125;;;0.0219794083;0.0219794083
;US-MI;1975;p99.99p100;2597456.25;;;0.006422203;0.006422203
;US-MI;1975;p90p100;;;;0.3220497668;0.3220497668
;US-MI;1975;p90p91;130252.835938;;;;
;US-MI;1975;p95p96;167484.109375;;;;
;US-MI;1975;p95p100;;;;0.2070519775;0.2070519775
;US-MI;1975;p99.5p100;449581.8125;;;0.0555794835;0.0555794835
;US-MI;1974;p0p100;44294.453125;;1.61052360704e+11;;
;US-MI;1974;p99p100;379215.125;;;0.0856123343;0.0856123343
;US-MI;1974;p99.9p100;1092032.625;;;0.0246539358;0.0246539358
;US-MI;1974;p99.99p100;3392377.25;;;0.0076586958;0.0076586958
;US-MI;1974;p90p100;;;;0.3247359693;0.3247359693
;US-MI;1974;p90p91;143840.015625;;;;
;US-MI;1974;p95p96;188853.734375;;;;
;US-MI;1974;p95p100;;;;0.2131799012;0.2131799012
;US-MI;1974;p99.5p100;518414.34375;;;0.0585191064;0.0585191064
;US-MI;1973;p0p100;46931.0898438;;1.67290912768e+11;;
;US-MI;1973;p99p100;384385.65625;;;0.0819042698;0.0819042698
;US-MI;1973;p99.9p100;1158412.875;;;0.0246832725;0.0246832725
;US-MI;1973;p99.99p100;4060704.0;;;0.0086524822;0.0086524822
;US-MI;1973;p90p100;;;;0.3138338923;0.3138338923
;US-MI;1973;p90p91;147285.65625;;;;
;US-MI;1973;p95p96;191842.484375;;;;
;US-MI;1973;p95p100;;;;0.2043874264;0.2043874264
;US-MI;1973;p99.5p100;535121.375;;;0.0570113994;0.0570113994
;US-MI;1972;p0p100;45636.8125;;1.59431933952e+11;;
;US-MI;1972;p99p100;394539.0625;;;0.0864519477;0.0864519477
;US-MI;1972;p99.9p100;1253188.5;;;0.0274600387;0.0274600387
;US-MI;1972;p99.99p100;4736256.5;;;0.0103781503;0.0103781503
;US-MI;1972;p90p100;;;;0.3186575472;0.3186575472
;US-MI;1972;p90p91;145425.140625;;;;
;US-MI;1972;p95p96;190746.140625;;;;
;US-MI;1972;p95p100;;;;0.2089827806;0.2089827806
;US-MI;1972;p99.5p100;551432.6875;;;0.0604153425;0.0604153425
;US-MI;1971;p0p100;43533.1992188;;1.48885848064e+11;;
;US-MI;1971;p99p100;372334.1875;;;0.0855287835;0.0855287835
;US-MI;1971;p99.9p100;1165028.25;;;0.0267618317;0.0267618317
;US-MI;1971;p99.99p100;4400773.5;;;0.0101090046;0.0101090046
;US-MI;1971;p90p100;;;;0.3174784482;0.3174784482
;US-MI;1971;p90p91;138208.53125;;;;
;US-MI;1971;p95p96;181954.28125;;;;
;US-MI;1971;p95p100;;;;0.2089833468;0.2089833468
;US-MI;1971;p99.5p100;516076.34375;;;0.05927388;0.05927388
;US-MI;1970;p0p100;43394.6601562;;1.45020878848e+11;;
;US-MI;1970;p99p100;372818.375;;;0.0859134272;0.0859134272
;US-MI;1970;p99.9p100;1168268.125;;;0.0269219317;0.0269219317
;US-MI;1970;p99.99p100;4597708.0;;;0.0105951;0.0105951
;US-MI;1970;p90p100;;;;0.3091712892;0.3091712892
;US-MI;1970;p90p91;134163.828125;;;;
;US-MI;1970;p95p96;178092.828125;;;;
;US-MI;1970;p95p100;;;;0.2052013129;0.2052013129
;US-MI;1970;p99.5p100;518250.40625;;;0.059713617;0.059713617
;US-MI;1969;p0p100;46379.0703125;;1.52993644544e+11;;
;US-MI;1969;p99p100;436781.4375;;;0.0941764042;0.0941764042
;US-MI;1969;p99.9p100;1514705.25;;;0.0326592438;0.0326592438
;US-MI;1969;p99.99p100;6235337.0;;;0.0134442905;0.0134442905
;US-MI;1969;p90p100;;;;0.3118836284;0.3118836284
;US-MI;1969;p90p91;144648.734375;;;;
;US-MI;1969;p95p96;194054.09375;;;;
;US-MI;1969;p95p100;;;;0.2092043906;0.2092043906
;US-MI;1969;p99.5p100;624655.375;;;0.0673423782;0.0673423782
;US-MI;1968;p0p100;47364.8125;;1.54512441344e+11;;
;US-MI;1968;p99p100;451859.03125;;;0.0953997374;0.0953997374
;US-MI;1968;p99.9p100;1564510.25;;;0.033031065;0.033031065
;US-MI;1968;p99.99p100;6330377.0;;;0.0133651476;0.0133651476
;US-MI;1968;p90p100;;;;0.3102458417;0.3102458417
;US-MI;1968;p90p91;146947.359375;;;;
;US-MI;1968;p95p96;200733.8125;;;;
;US-MI;1968;p95p100;;;;0.2119018435;0.2119018435
;US-MI;1968;p99.5p100;648275.75;;;0.0684343204;0.0684343204
;US-MI;1967;p0p100;44860.5429688;;1.44683548672e+11;;
;US-MI;1967;p99p100;430967.46875;;;0.0960682705;0.0960682705
;US-MI;1967;p99.9p100;1465939.0;;;0.0326776914;0.0326776914
;US-MI;1967;p99.99p100;5887386.5;;;0.0131237516;0.0131237516
;US-MI;1967;p90p100;;;;0.3137433231;0.3137433231
;US-MI;1967;p90p91;140746.953125;;;;
;US-MI;1967;p95p96;190895.84375;;;;
;US-MI;1967;p95p100;;;;0.2127658576;0.2127658576
;US-MI;1967;p99.5p100;613864.6875;;;0.0684192181;0.0684192181
;US-MI;1966;p0p100;44356.8476562;;1.41303660544e+11;;
;US-MI;1966;p99p100;412023.96875;;;0.0928884596;0.0928884596
;US-MI;1966;p99.9p100;1396709.875;;;0.0314880349;0.0314880349
;US-MI;1966;p99.99p100;5570623.5;;;0.0125586549;0.0125586549
;US-MI;1966;p90p100;;;;0.3046598136;0.3046598136
;US-MI;1966;p90p91;135137.484375;;;;
;US-MI;1966;p95p96;181373.90625;;;;
;US-MI;1966;p95p100;;;;0.2044485956;0.2044485956
;US-MI;1966;p99.5p100;586651.125;;;0.0661285892;0.0661285892
;US-MI;1965;p0p100;42338.6796875;;1.33126111232e+11;;
;US-MI;1965;p99p100;418550.09375;;;0.0988576189;0.0988576189
;US-MI;1965;p99.9p100;1421057.75;;;0.0335640535;0.0335640535
;US-MI;1965;p99.99p100;5904249.0;;;0.0139452843;0.0139452843
;US-MI;1965;p90p100;;;;0.3134254515;0.3134254515
;US-MI;1965;p90p91;132700.203125;;;;
;US-MI;1965;p95p96;182299.359375;;;;
;US-MI;1965;p95p100;;;;0.2152870297;0.2152870297
;US-MI;1965;p99.5p100;593779.0;;;0.0701225251;0.0701225251
;US-MI;1964;p0p100;39168.078125;;1.21439879168e+11;;
;US-MI;1964;p99p100;374762.03125;;;0.0956804752;0.0956804752
;US-MI;1964;p99.9p100;1284404.25;;;0.0327921174;0.0327921174
;US-MI;1964;p99.99p100;5337095.5;;;0.013626135;0.013626135
;US-MI;1964;p90p100;;;;0.3120496869;0.3120496869
;US-MI;1964;p90p91;122223.859375;;;;
;US-MI;1964;p95p96;169509.109375;;;;
;US-MI;1964;p95p100;;;;0.216386795;0.216386795
;US-MI;1964;p99.5p100;537890.1875;;;0.0686643571;0.0686643571
;US-MI;1963;p0p100;36246.5625;;1.10657200128e+11;;
;US-MI;1963;p99p100;333297.78125;;;0.0919529349;0.0919529349
;US-MI;1963;p99.9p100;1142299.625;;;0.0315147042;0.0315147042
;US-MI;1963;p99.99p100;4831039.5;;;0.0133282701;0.0133282701
;US-MI;1963;p90p100;;;;0.3137583137;0.3137583137
;US-MI;1963;p90p91;113726.601562;;;;
;US-MI;1963;p95p96;151978.359375;;;;
;US-MI;1963;p95p100;;;;0.2096452117;0.2096452117
;US-MI;1963;p99.5p100;477377.625;;;0.0658514351;0.0658514351
;US-MI;1962;p0p100;34402.3242188;;1.03359414272e+11;;
;US-MI;1962;p99p100;314333.5625;;;0.0913698673;0.0913698673
;US-MI;1962;p99.9p100;1050546.625;;;0.0305370875;0.0305370875
;US-MI;1962;p99.99p100;4362833.5;;;0.0126817999;0.0126817999
;US-MI;1962;p90p100;;;;0.3118188083;0.3118188083
;US-MI;1962;p90p91;107272.914062;;;;
;US-MI;1962;p95p96;143119.484375;;;;
;US-MI;1962;p95p100;;;;0.2080084831;0.2080084831
;US-MI;1962;p99.5p100;447609.875;;;0.0650551841;0.0650551841
;US-MI;1961;p0p100;33223.7617188;;98133360640.0;;
;US-MI;1961;p99p100;321421.6875;;;0.0967445225;0.0967445225
;US-MI;1961;p99.9p100;1124125.25;;;0.0338349827;0.0338349827
;US-MI;1961;p99.99p100;4551041.5;;;0.0136981532;0.0136981532
;US-MI;1961;p90p100;;;;0.3184298873;0.3184298873
;US-MI;1961;p90p91;105794.375;;;;
;US-MI;1961;p95p96;143122.65625;;;;
;US-MI;1961;p95p100;;;;0.2153920382;0.2153920382
;US-MI;1961;p99.5p100;462860.46875;;;0.0696580485;0.0696580485
;US-MI;1960;p0p100;33894.4882812;;98302296064.0;;
;US-MI;1960;p99p100;303427.65625;;;0.0895212367;0.0895212367
;US-MI;1960;p99.9p100;987886.0625;;;0.0291459225;0.0291459225
;US-MI;1960;p99.99p100;3829035.0;;;0.0112969251;0.0112969251
;US-MI;1960;p90p100;;;;0.3076328933;0.3076328933
;US-MI;1960;p90p91;104270.59375;;;;
;US-MI;1960;p95p96;137682.265625;;;;
;US-MI;1960;p95p100;;;;0.2031042129;0.2031042129
;US-MI;1960;p99.5p100;434936.875;;;0.064160414;0.064160414
;US-MI;1959;p0p100;33608.5039062;;96640720896.0;;
;US-MI;1959;p99p100;299625.8125;;;0.0891517848;0.0891517848
;US-MI;1959;p99.9p100;995595.6875;;;0.0296233259;0.0296233259
;US-MI;1959;p99.99p100;3806373.25;;;0.0113256257;0.0113256257
;US-MI;1959;p90p100;;;;0.3044793904;0.3044793904
;US-MI;1959;p90p91;102330.96875;;;;
;US-MI;1959;p95p96;135066.765625;;;;
;US-MI;1959;p95p100;;;;0.200941354;0.200941354
;US-MI;1959;p99.5p100;427843.53125;;;0.0636510849;0.0636510849
;US-MI;1958;p0p100;31386.5996094;;89382854656.0;;
;US-MI;1958;p99p100;292653.5625;;;0.0932415649;0.0932415649
;US-MI;1958;p99.9p100;1001011.0625;;;0.0318929479;0.0318929479
;US-MI;1958;p99.99p100;3880667.5;;;0.0123640914;0.0123640914
;US-MI;1958;p90p100;;;;0.3093897104;0.3093897104
;US-MI;1958;p90p91;97106.8984375;;;;
;US-MI;1958;p95p96;130859.210938;;;;
;US-MI;1958;p95p100;;;;0.2084635198;0.2084635198
;US-MI;1958;p99.5p100;419517.21875;;;0.0668306351;0.0668306351
;US-MI;1957;p0p100;33926.5507812;;95664439296.0;;
;US-MI;1957;p99p100;321825.1875;;;0.0948593765;0.0948593765
;US-MI;1957;p99.9p100;1062607.625;;;0.0313208215;0.0313208215
;US-MI;1957;p99.99p100;3611961.0;;;0.0106464131;0.0106464131
;US-MI;1957;p90p100;;;;0.3066624999;0.3066624999
;US-MI;1957;p90p91;104040.007812;;;;
;US-MI;1957;p95p96;141068.5625;;;;
;US-MI;1957;p95p100;;;;0.2079028785;0.2079028785
;US-MI;1957;p99.5p100;457969.0;;;0.0674941838;0.0674941838
;US-MI;1956;p0p100;34951.8867188;;97429143552.0;;
;US-MI;1956;p99p100;348985.28125;;;0.0998473316;0.0998473316
;US-MI;1956;p99.9p100;1117630.375;;;0.0319762491;0.0319762491
;US-MI;1956;p99.99p100;4128144.0;;;0.0118109323;0.0118109323
;US-MI;1956;p90p100;;;;0.3202697635;0.3202697635
;US-MI;1956;p90p91;111940.328125;;;;
;US-MI;1956;p95p96;150360.84375;;;;
;US-MI;1956;p95p100;;;;0.2150968611;0.2150968611
;US-MI;1956;p99.5p100;489915.09375;;;0.0700842068;0.0700842068
;US-MI;1955;p0p100;35260.734375;;97176559616.0;;
;US-MI;1955;p99p100;327561.40625;;;0.0928969309;0.0928969309
;US-MI;1955;p99.9p100;1108039.5;;;0.0314241722;0.0314241722
;US-MI;1955;p99.99p100;4166083.5;;;0.0118150786;0.0118150786
;US-MI;1955;p90p100;;;;0.3018798232;0.3018798232
;US-MI;1955;p90p91;106445.046875;;;;
;US-MI;1955;p95p96;142802.125;;;;
;US-MI;1955;p95p100;;;;0.202494517;0.202494517
;US-MI;1955;p99.5p100;473365.71875;;;0.0671236292;0.0671236292
;US-MI;1954;p0p100;32153.15625;;87596793856.0;;
;US-MI;1954;p99p100;315928.53125;;;0.0982574001;0.0982574001
;US-MI;1954;p99.9p100;982655.375;;;0.0305617098;0.0305617098
;US-MI;1954;p99.99p100;3373045.5;;;0.0104905581;0.0104905581
;US-MI;1954;p90p100;;;;0.3109355271;0.3109355271
;US-MI;1954;p90p91;99975.5859375;;;;
;US-MI;1954;p95p96;136522.734375;;;;
;US-MI;1954;p95p100;;;;0.212300688;0.212300688
;US-MI;1954;p99.5p100;455003.15625;;;0.0707556009;0.0707556009
;US-MI;1953;p0p100;33664.3046875;;90650484736.0;;
;US-MI;1953;p99p100;308028.375;;;0.0914999917;0.0914999917
;US-MI;1953;p99.9p100;947251.25;;;0.0281381458;0.0281381458
;US-MI;1953;p99.99p100;2937415.75;;;0.0087256087;0.0087256087
;US-MI;1953;p90p100;;;;0.3028218746;0.3028218746
;US-MI;1953;p90p91;101942.890625;;;;
;US-MI;1953;p95p96;136608.96875;;;;
;US-MI;1953;p95p100;;;;0.2028988153;0.2028988153
;US-MI;1953;p99.5p100;437617.78125;;;0.0649973005;0.0649973005
;US-MI;1952;p0p100;30270.2128906;;80631218176.0;;
;US-MI;1952;p99p100;300416.625;;;0.0992449671;0.0992449671
;US-MI;1952;p99.9p100;972291.125;;;0.0321203917;0.0321203917
;US-MI;1952;p99.99p100;3144893.0;;;0.0103893979;0.0103893979
;US-MI;1952;p90p100;;;;0.3032702506;0.3032702506
;US-MI;1952;p90p91;91800.546875;;;;
;US-MI;1952;p95p96;126775.875;;;;
;US-MI;1952;p95p100;;;;0.209406957;0.209406957
;US-MI;1952;p99.5p100;436790.78125;;;0.0721486062;0.0721486062
;US-MI;1951;p0p100;29472.0371094;;77598318592.0;;
;US-MI;1951;p99p100;320994.75;;;0.1089150086;0.1089150086
;US-MI;1951;p99.9p100;1066278.0;;;0.0361793116;0.0361793116
;US-MI;1951;p99.99p100;3453987.75;;;0.0117195416;0.0117195416
;US-MI;1951;p90p100;;;;0.3043994606;0.3043994606
;US-MI;1951;p90p91;89712.7265625;;;;
;US-MI;1951;p95p96;131986.84375;;;;
;US-MI;1951;p95p100;;;;0.2239187658;0.2239187658
;US-MI;1951;p99.5p100;466576.59375;;;0.0791558027;0.0791558027
;US-MI;1950;p0p100;28736.6738281;;74784260096.0;;
;US-MI;1950;p99p100;332502.96875;;;0.1157068461;0.1157068461
;US-MI;1950;p99.9p100;1187146.5;;;0.0413112007;0.0413112007
;US-MI;1950;p99.99p100;3509595.5;;;0.0122129507;0.0122129507
;US-MI;1950;p90p100;;;;0.3222565949;0.3222565949
;US-MI;1950;p90p91;92605.8203125;;;;
;US-MI;1950;p95p96;131493.46875;;;;
;US-MI;1950;p95p100;;;;0.2287903428;0.2287903428
;US-MI;1950;p99.5p100;489861.75;;;0.0852328613;0.0852328613
;US-MI;1949;p0p100;25431.0605469;;64967069696.0;;
;US-MI;1949;p99p100;262854.6875;;;0.1033596992;0.1033596992
;US-MI;1949;p99.9p100;884474.0;;;0.0347792804;0.0347792804
;US-MI;1949;p99.99p100;2862282.75;;;0.0112550668;0.0112550668
;US-MI;1949;p90p100;;;;0.3151428998;0.3151428998
;US-MI;1949;p90p91;80144.1796875;;;;
;US-MI;1949;p95p96;109861.945312;;;;
;US-MI;1949;p95p100;;;;0.2159995437;0.2159995437
;US-MI;1949;p99.5p100;384053.71875;;;0.0755087957;0.0755087957
;US-MI;1948;p0p100;26070.5820312;;65571377152.0;;
;US-MI;1948;p99p100;274620.6875;;;0.1053373814;0.1053373814
;US-MI;1948;p99.9p100;890909.1875;;;0.0341729708;0.0341729708
;US-MI;1948;p99.99p100;2675221.0;;;0.0102614546;0.0102614546
;US-MI;1948;p90p100;;;;0.3168329895;0.3168329895
;US-MI;1948;p90p91;82600.203125;;;;
;US-MI;1948;p95p96;114201.421875;;;;
;US-MI;1948;p95p100;;;;0.2190235555;0.2190235555
;US-MI;1948;p99.5p100;397396.90625;;;0.0762155876;0.0762155876
;US-MI;1947;p0p100;25012.375;;61927288832.0;;
;US-MI;1947;p99p100;233098.59375;;;0.0931933075;0.0931933075
;US-MI;1947;p99.9p100;755773.125;;;0.0302159712;0.0302159712
;US-MI;1947;p99.99p100;2285474.0;;;0.0091373743;0.0091373743
;US-MI;1947;p90p100;;;;0.2738056779;0.2738056779
;US-MI;1947;p90p91;68485.3046875;;;;
;US-MI;1947;p95p96;97174.5078125;;;;
;US-MI;1947;p95p100;;;;0.1942528784;0.1942528784
;US-MI;1947;p99.5p100;337230.84375;;;0.0674128085;0.0674128085
;US-MI;1946;p0p100;24429.8945312;;59412230144.0;;
;US-MI;1946;p99p100;287388.9375;;;0.1176382229;0.1176382229
;US-MI;1946;p99.9p100;905669.1875;;;0.0370721668;0.0370721668
;US-MI;1946;p99.99p100;2754532.25;;;0.0112752523;0.0112752523
;US-MI;1946;p90p100;;;;0.3448008001;0.3448008001
;US-MI;1946;p90p91;84234.4765625;;;;
;US-MI;1946;p95p96;120095.71875;;;;
;US-MI;1946;p95p100;;;;0.2457966357;0.2457966357
;US-MI;1946;p99.5p100;409972.8125;;;0.083908014;0.083908014
;US-MI;1945;p0p100;24740.015625;;59608760320.0;;
;US-MI;1945;p99p100;287511.0625;;;0.1162129641;0.1162129641
;US-MI;1945;p99.9p100;932309.6875;;;0.0376842804;0.0376842804
;US-MI;1945;p99.99p100;2797626.25;;;0.0113081029;0.0113081029
;US-MI;1945;p90p100;;;;0.3362347186;0.3362347186
;US-MI;1945;p90p91;83184.5234375;;;;
;US-MI;1945;p95p96;117986.445312;;;;
;US-MI;1945;p95p100;;;;0.2384526432;0.2384526432
;US-MI;1945;p99.5p100;415966.625;;;0.0840675756;0.0840675756
;US-MI;1944;p0p100;27121.0097656;;64686759936.0;;
;US-MI;1944;p99p100;284891.03125;;;0.1050444096;0.1050444096
;US-MI;1944;p99.9p100;935339.0625;;;0.03448762;0.03448762
;US-MI;1944;p99.99p100;2814347.25;;;0.010377001;0.010377001
;US-MI;1944;p90p100;;;;0.2986988723;0.2986988723
;US-MI;1944;p90p91;81010.15625;;;;
;US-MI;1944;p95p96;114684.632812;;;;
;US-MI;1944;p95p100;;;;0.2114313394;0.2114313394
;US-MI;1944;p99.5p100;413615.8125;;;0.0762537718;0.0762537718
;US-MI;1943;p0p100;28702.3496094;;67683565568.0;;
;US-MI;1943;p99p100;327359.96875;;;0.114053376;0.114053376
;US-MI;1943;p99.9p100;1141555.125;;;0.0397721864;0.0397721864
;US-MI;1943;p99.99p100;3220839.75;;;0.0112215206;0.0112215206
;US-MI;1943;p90p100;;;;0.3228859603;0.3228859603
;US-MI;1943;p90p91;92675.8515625;;;;
;US-MI;1943;p95p96;129747.289062;;;;
;US-MI;1943;p95p100;;;;0.2260220796;0.2260220796
;US-MI;1943;p99.5p100;487181.59375;;;0.0848679021;0.0848679021
;US-MI;1942;p0p100;23662.7519531;;55058624512.0;;
;US-MI;1942;p99p100;318592.9375;;;0.1346389949;0.1346389949
;US-MI;1942;p99.9p100;1189470.125;;;0.0502676107;0.0502676107
;US-MI;1942;p99.99p100;3647413.5;;;0.0154141542;0.0154141542
;US-MI;1942;p90p100;;;;0.3680658042;0.3680658042
;US-MI;1942;p90p91;87094.5;;;;
;US-MI;1942;p95p96;121891.796875;;;;
;US-MI;1942;p95p100;;;;0.2575604618;0.2575604618
;US-MI;1942;p99.5p100;484793.75;;;0.1024381593;0.1024381593
;US-MI;1941;p0p100;20098.1289062;;46272335872.0;;
;US-MI;1941;p99p100;309682.5;;;0.1540852338;0.1540852338
;US-MI;1941;p99.9p100;1181778.25;;;0.0588004068;0.0588004068
;US-MI;1941;p99.99p100;4048649.5;;;0.0201444086;0.0201444086
;US-MI;1941;p90p100;;;;0.4018646777;0.4018646777
;US-MI;1941;p90p91;80767.28125;;;;
;US-MI;1941;p95p96;114913.726562;;;;
;US-MI;1941;p95p100;;;;0.2858816683;0.2858816683
;US-MI;1941;p99.5p100;470913.59375;;;0.1171535924;0.1171535924
;US-MI;1940;p0p100;17115.6738281;;39031504896.0;;
;US-MI;1940;p99p100;272466.375;;;0.1591911465;0.1591911465
;US-MI;1940;p99.9p100;1053879.0;;;0.0615739189;0.0615739189
;US-MI;1940;p99.99p100;3846407.75;;;0.0224730149;0.0224730149
;US-MI;1940;p90p100;;;;0.4299525321;0.4299525321
;US-MI;1940;p90p91;73589.2734375;;;;
;US-MI;1940;p95p96;104015.984375;;;;
;US-MI;1940;p95p100;;;;0.3038617969;0.3038617969
;US-MI;1940;p99.5p100;414786.03125;;;0.1211714;0.1211714
;US-MI;1939;p0p100;15646.8574219;;35052687360.0;;
;US-MI;1939;p99p100;236303.875;;;0.1510232091;0.1510232091
;US-MI;1939;p99.9p100;898734.1875;;;0.0574386343;0.0574386343
;US-MI;1939;p99.99p100;3066098.25;;;0.0195956156;0.0195956156
;US-MI;1939;p90p100;;;;0.424084425;0.424084425
;US-MI;1939;p90p91;66355.890625;;;;
;US-MI;1939;p95p96;92858.25;;;;
;US-MI;1939;p95p100;;;;0.2967312932;0.2967312932
;US-MI;1939;p99.5p100;356089.09375;;;0.1137893274;0.1137893274
;US-MI;1938;p0p100;14026.3105469;;30911387648.0;;
;US-MI;1938;p99p100;204272.4375;;;0.1456351727;0.1456351727
;US-MI;1938;p99.9p100;781942.25;;;0.0557482466;0.0557482466
;US-MI;1938;p99.99p100;2861621.75;;;0.0204018131;0.0204018131
;US-MI;1938;p90p100;;;;0.4317798018;0.4317798018
;US-MI;1938;p90p91;60562.7773438;;;;
;US-MI;1938;p95p96;83101.1640625;;;;
;US-MI;1938;p95p100;;;;0.2962331474;0.2962331474
;US-MI;1938;p99.5p100;307165.75;;;0.1094962731;0.1094962731
;US-MI;1937;p0p100;16727.8417969;;36280139776.0;;
;US-MI;1937;p99p100;261320.390625;;;0.1562188417;0.1562188417
;US-MI;1937;p99.9p100;1020491.25;;;0.0610055588;0.0610055588
;US-MI;1937;p99.99p100;3458934.75;;;0.0206777118;0.0206777118
;US-MI;1937;p90p100;;;;0.410990566;0.410990566
;US-MI;1937;p90p91;68749.84375;;;;
;US-MI;1937;p95p96;97348.71875;;;;
;US-MI;1937;p95p100;;;;0.2909781337;0.2909781337
;US-MI;1937;p99.5p100;399829.96875;;;0.1195103303;0.1195103303
;US-MI;1936;p0p100;15715.96875;;33603964928.0;;
;US-MI;1936;p99p100;294078.1875;;;0.1871206313;0.1871206313
;US-MI;1936;p99.9p100;1236656.25;;;0.0786878765;0.0786878765
;US-MI;1936;p99.99p100;4603174.0;;;0.0292897876;0.0292897876
;US-MI;1936;p90p100;;;;0.4574265182;0.4574265182
;US-MI;1936;p90p91;71889.015625;;;;
;US-MI;1936;p95p96;104170.65625;;;;
;US-MI;1936;p95p100;;;;0.3314165771;0.3314165771
;US-MI;1936;p99.5p100;461183.53125;;;0.1467244774;0.1467244774
;US-MI;1935;p0p100;13586.3945312;;28633067520.0;;
;US-MI;1935;p99p100;206870.828125;;;0.1522632241;0.1522632241
;US-MI;1935;p99.9p100;851283.25;;;0.0626570359;0.0626570359
;US-MI;1935;p99.99p100;3307435.5;;;0.0243437327;0.0243437327
;US-MI;1935;p90p100;;;;0.4035603106;0.4035603106
;US-MI;1935;p90p91;54829.2929688;;;;
;US-MI;1935;p95p96;79607.0859375;;;;
;US-MI;1935;p95p100;;;;0.292966187;0.292966187
;US-MI;1935;p99.5p100;317929.46875;;;0.1170028821;0.1170028821
;US-MI;1934;p0p100;11784.7646484;;24464992256.0;;
;US-MI;1934;p99p100;157794.828125;;;0.1338973045;0.1338973045
;US-MI;1934;p99.9p100;583338.3125;;;0.0494993627;0.0494993627
;US-MI;1934;p99.99p100;2092305.125;;;0.0177543238;0.0177543238
;US-MI;1934;p90p100;;;;0.3876105249;0.3876105249
;US-MI;1934;p90p91;45678.984375;;;;
;US-MI;1934;p95p96;67397.8359375;;;;
;US-MI;1934;p95p100;;;;0.2859532833;0.2859532833
;US-MI;1934;p99.5p100;232835.8125;;;0.0987867936;0.0987867936
;US-MI;1933;p0p100;9497.40820312;;19434184704.0;;
;US-MI;1933;p99p100;121609.359375;;;0.1280447692;0.1280447692
;US-MI;1933;p99.9p100;438312.03125;;;0.0461506918;0.0461506918
;US-MI;1933;p99.99p100;1627057.25;;;0.0171315912;0.0171315912
;US-MI;1933;p90p100;;;;0.3843227923;0.3843227923
;US-MI;1933;p90p91;36500.7070312;;;;
;US-MI;1933;p95p96;52222.3984375;;;;
;US-MI;1933;p95p100;;;;0.2749297023;0.2749297023
;US-MI;1933;p99.5p100;174358.65625;;;0.0917927474;0.0917927474
;US-MI;1932;p0p100;10596.8125;;21382995968.0;;
;US-MI;1932;p99p100;135209.234375;;;0.1275942624;0.1275942624
;US-MI;1932;p99.9p100;519234.21875;;;0.0489990972;0.0489990972
;US-MI;1932;p99.99p100;1965592.125;;;0.0185489003;0.0185489003
;US-MI;1932;p90p100;;;;0.3965946138;0.3965946138
;US-MI;1932;p90p91;42026.3867188;;;;
;US-MI;1932;p95p96;58981.7460938;;;;
;US-MI;1932;p95p100;;;;0.2782994807;0.2782994807
;US-MI;1932;p99.5p100;199964.671875;;;0.0943513364;0.0943513364
;US-MI;1931;p0p100;13214.8134766;;26282532864.0;;
;US-MI;1931;p99p100;194719.28125;;;0.1473492384;0.1473492384
;US-MI;1931;p99.9p100;860365.1875;;;0.0651061162;0.0651061162
;US-MI;1931;p99.99p100;4293575.5;;;0.032490626;0.032490626
;US-MI;1931;p90p100;;;;0.4061791003;0.4061791003
;US-MI;1931;p90p91;53675.8125;;;;
;US-MI;1931;p95p96;75982.5859375;;;;
;US-MI;1931;p95p100;;;;0.2874901891;0.2874901891
;US-MI;1931;p99.5p100;300046.28125;;;0.1135264933;0.1135264933
;US-MI;1930;p0p100;15370.6689453;;30090993664.0;;
;US-MI;1930;p99p100;235334.9375;;;0.1531065106;0.1531065106
;US-MI;1930;p99.9p100;1015372.3125;;;0.0660590827;0.0660590827
;US-MI;1930;p99.99p100;4427412.5;;;0.0288042948;0.0288042948
;US-MI;1930;p90p100;;;;0.3901672065;0.3901672065
;US-MI;1930;p90p91;59971.3046875;;;;
;US-MI;1930;p95p96;87108.3984375;;;;
;US-MI;1930;p95p100;;;;0.28335917;0.28335917
;US-MI;1930;p99.5p100;364825.625;;;0.1186759174;0.1186759174
;US-MI;1929;p0p100;19010.9199219;;36345503744.0;;
;US-MI;1929;p99p100;384640.40625;;;0.2023260444;0.2023260444
;US-MI;1929;p99.9p100;1934273.5;;;0.1017454043;0.1017454043
;US-MI;1929;p99.99p100;9160323.0;;;0.0481845364;0.0481845364
;US-MI;1929;p90p100;;;;0.427321732;0.427321732
;US-MI;1929;p90p91;81237.7890625;;;;
;US-MI;1929;p95p96;124431.46875;;;;
;US-MI;1929;p95p100;;;;0.3272631764;0.3272631764
;US-MI;1929;p99.5p100;626728.0;;;0.1648336947;0.1648336947
;US-MI;1928;p0p100;19539.8105469;;36488851456.0;;
;US-MI;1928;p99p100;418757.59375;;;0.2143099606;0.2143099606
;US-MI;1928;p99.9p100;2112093.75;;;0.1080918238;0.1080918238
;US-MI;1928;p99.99p100;9533270.0;;;0.0487889573;0.0487889573
;US-MI;1928;p90p100;;;;0.4379200637;0.4379200637
;US-MI;1928;p90p91;85568.75;;;;
;US-MI;1928;p95p96;131646.53125;;;;
;US-MI;1928;p95p100;;;;0.3368674815;0.3368674815
;US-MI;1928;p99.5p100;688135.75;;;0.1760855764;0.1760855764
;US-MI;1927;p0p100;18627.4042969;;33908058112.0;;
;US-MI;1927;p99p100;342046.6875;;;0.1836255193;0.1836255193
;US-MI;1927;p99.9p100;1614030.625;;;0.0866481662;0.0866481662
;US-MI;1927;p99.99p100;7146985.5;;;0.0383681208;0.0383681208
;US-MI;1927;p90p100;;;;0.4180530906;0.4180530906
;US-MI;1927;p90p91;77872.4453125;;;;
;US-MI;1927;p95p96;114783.898438;;;;
;US-MI;1927;p95p100;;;;0.3081049025;0.3081049025
;US-MI;1927;p99.5p100;549380.5625;;;0.1474656761;0.1474656761
;US-MI;1926;p0p100;18019.1386719;;31920994304.0;;
;US-MI;1926;p99p100;325953.5;;;0.1808929443;0.1808929443
;US-MI;1926;p99.9p100;1472493.875;;;0.0817183256;0.0817183256
;US-MI;1926;p99.99p100;6500881.0;;;0.0360776484;0.0360776484
;US-MI;1926;p90p100;;;;0.4118646681;0.4118646681
;US-MI;1926;p90p91;74214.46875;;;;
;US-MI;1926;p95p96;110772.320312;;;;
;US-MI;1926;p95p100;;;;0.3073740602;0.3073740602
;US-MI;1926;p99.5p100;516766.8125;;;0.1433938742;0.1433938742
;US-MI;1925;p0p100;18193.3789062;;31374755840.0;;
;US-MI;1925;p99p100;330559.375;;;0.1816921532;0.1816921532
;US-MI;1925;p99.9p100;1546517.25;;;0.0850044116;0.0850044116
;US-MI;1925;p99.99p100;7056085.0;;;0.038783811;0.038783811
;US-MI;1925;p90p100;;;;0.4145165682;0.4145165682
;US-MI;1925;p90p91;75414.5625;;;;
;US-MI;1925;p95p96;110606.734375;;;;
;US-MI;1925;p95p100;;;;0.3039752841;0.3039752841
;US-MI;1925;p99.5p100;533116.875;;;0.1465139985;0.1465139985
;US-MI;1924;p0p100;17060.4511719;;28594345984.0;;
;US-MI;1924;p99p100;256240.75;;;0.1501957625;0.1501957625
;US-MI;1924;p99.9p100;1100245.375;;;0.0644909889;0.0644909889
;US-MI;1924;p99.99p100;4702171.5;;;0.0275618229;0.0275618229
;US-MI;1924;p90p100;;;;0.3818645775;0.3818645775
;US-MI;1924;p90p91;65147.8242188;;;;
;US-MI;1924;p95p96;93178.578125;;;;
;US-MI;1924;p95p100;;;;0.2730835378;0.2730835378
;US-MI;1924;p99.5p100;404389.125;;;0.1185165346;0.1185165346
;US-MI;1923;p0p100;17642.1171875;;28616028160.0;;
;US-MI;1923;p99p100;231480.1875;;;0.1312088519;0.1312088519
;US-MI;1923;p99.9p100;969142.25;;;0.0549334437;0.0549334437
;US-MI;1923;p99.99p100;4072993.0;;;0.0230867583;0.0230867583
;US-MI;1923;p90p100;;;;0.348947227;0.348947227
;US-MI;1923;p90p91;61561.6796875;;;;
;US-MI;1923;p95p96;86574.8671875;;;;
;US-MI;1923;p95p100;;;;0.2453641742;0.2453641742
;US-MI;1923;p99.5p100;360831.53125;;;0.1022642404;0.1022642404
;US-MI;1922;p0p100;14433.5439453;;22700689408.0;;
;US-MI;1922;p99p100;222304.890625;;;0.154019624;0.154019624
;US-MI;1922;p99.9p100;995642.75;;;0.0689811781;0.0689811781
;US-MI;1922;p99.99p100;4674738.0;;;0.0323880166;0.0323880166
;US-MI;1922;p90p100;;;;0.3938857019;0.3938857019
;US-MI;1922;p90p91;56851.6601562;;;;
;US-MI;1922;p95p96;82464.578125;;;;
;US-MI;1922;p95p100;;;;0.285669893;0.285669893
;US-MI;1922;p99.5p100;350105.28125;;;0.1212818176;0.1212818176
;US-MI;1921;p0p100;11384.0175781;;17416028160.0;;
;US-MI;1921;p99p100;163413.96875;;;0.1435468346;0.1435468346
;US-MI;1921;p99.9p100;615158.9375;;;0.054037068;0.054037068
;US-MI;1921;p99.99p100;2206188.0;;;0.0193796977;0.0193796977
;US-MI;1921;p90p100;;;;0.4007267058;0.4007267058
;US-MI;1921;p90p91;45618.796875;;;;
;US-MI;1921;p95p96;64252.7070312;;;;
;US-MI;1921;p95p100;;;;0.2822057605;0.2822057605
;US-MI;1921;p99.5p100;245830.09375;;;0.1079716012;0.1079716012
;US-MI;1920;p0p100;14079.4599609;;20835256320.0;;
;US-MI;1920;p99p100;185871.03125;;;0.1320157349;0.1320157349
;US-MI;1920;p99.9p100;713870.5;;;0.0507029705;0.0507029705
;US-MI;1920;p99.99p100;2720520.0;;;0.0193226151;0.0193226151
;US-MI;1920;p90p100;;;;0.3419976532;0.3419976532
;US-MI;1920;p90p91;48151.421875;;;;
;US-MI;1920;p95p96;69331.28125;;;;
;US-MI;1920;p95p100;;;;0.2462142557;0.2462142557
;US-MI;1920;p99.5p100;282589.625;;;0.1003552824;0.1003552824
;US-MI;1919;p0p100;13969.3916016;;20079568896.0;;
;US-MI;1919;p99p100;228429.4375;;;0.1635213792;0.1635213792
;US-MI;1919;p99.9p100;1080432.75;;;0.0773428604;0.0773428604
;US-MI;1919;p99.99p100;5643657.0;;;0.0404001623;0.0404001623
;US-MI;1919;p90p100;;;;0.3994092643;0.3994092643
;US-MI;1919;p90p91;55795.046875;;;;
;US-MI;1919;p95p96;83151.921875;;;;
;US-MI;1919;p95p100;;;;0.2976218462;0.2976218462
;US-MI;1919;p99.5p100;363510.875;;;0.1301097572;0.1301097572
;US-MI;1918;p0p100;11048.8261719;;15516232704.0;;
;US-MI;1918;p99p100;171772.09375;;;0.1554663777;0.1554663777
;US-MI;1918;p99.9p100;711611.0;;;0.0644060224;0.0644060224
;US-MI;1918;p99.99p100;2568215.5;;;0.0232442394;0.0232442394
;US-MI;1918;p90p100;;;;0.4047180712;0.4047180712
;US-MI;1918;p90p91;44716.59375;;;;
;US-MI;1918;p95p96;65897.3203125;;;;
;US-MI;1918;p95p100;;;;0.2982096076;0.2982096076
;US-MI;1918;p99.5p100;264737.375;;;0.1198033988;0.1198033988
;US-MI;1917;p0p100;12961.5703125;;18018105344.0;;
