Variable Name;.;.;.;Fiscal income  | tax unit | Average | Adults | constant 2015 local currency;Fiscal income  | tax unit | Threshold | Adults | constant 2015 local currency;Fiscal income  | tax unit | Total | Adults | constant 2015 local currency;Fiscal income  | tax unit | Share | Adults | share of total (ratio);Pre-tax national income  | tax unit | Share | Adults | share of total (ratio)
Variable Category;.;.;.;Income inequality;Income inequality;Income inequality;Income inequality;Income inequality
Variable Description;.;.;.;Average Fiscal income within a given percentile group. Fiscal income is defined as the sum of all income items reported on income tax returns, before any deduction. It includes labour income, capital income and mixed income. The concept of fiscal income varies with national tax legislations, so in order to make international comparisons it is preferable to use the concept of national income. The population is comprised of individuals over age 20. The base unit is the tax unit defined by national fiscal administrations to measure personal income taxes.;Fiscal income threshold value at a given percentile.  Fiscal income is defined as the sum of all income items reported on income tax returns, before any deduction. It includes labour income, capital income and mixed income. The concept of fiscal income varies with national tax legislations, so in order to make international comparisons it is preferable to use the concept of national income. The population is comprised of individuals over age 20. The base unit is the tax unit defined by national fiscal administrations to measure personal income taxes.;Total Fiscal income  within a given percentile group. Fiscal income is defined as the sum of all income items reported on income tax returns, before any deduction. It includes labour income, capital income and mixed income. The concept of fiscal income varies with national tax legislations, so in order to make international comparisons it is preferable to use the concept of national income. The population is comprised of individuals over age 20.;Fiscal income share held by a given percentile group. Fiscal income is defined as the sum of all income items reported on income tax returns, before any deduction. It includes labour income, capital income and mixed income. The concept of fiscal income varies with national tax legislations, so in order to make international comparisons it is preferable to use the concept of national income. The population is comprised of individuals over age 20. The base unit is the tax unit defined by national fiscal administrations to measure personal income taxes.;Pre-tax national income share held by a given percentile group. Pre-tax national income  is the sum of all pre-tax personal income flows accruing to the owners of the production factors, labor and capital, before taking into account the operation of the tax/transfer system, but after taking into account the operation of pension system. The central difference between personal factor income and pre-tax income is the treatment of pensions, which are counted on a contribution basis by factor income and on a distribution basis by pre-tax income. The population is comprised of individuals over age 20. The base unit is the tax unit defined by national fiscal administrations to measure personal income taxes.
Variable Decomposition;.;.;.;[Fiscal income ]=[Fiscal labour income ]+[Fiscal capital income ];[Fiscal income ]=[Fiscal labour income ]+[Fiscal capital income ];[Fiscal income ]=[Fiscal labour income ]+[Fiscal capital income ];[Fiscal income ]=[Fiscal labour income ]+[Fiscal capital income ];Pre-tax national income =Pre-tax labor income [total pre-tax income ranking]+Pre-tax capital income [total pre-tax income ranking]
Variable Unit;.;.;.;"USD; United States dollar | local currency | market";"USD; United States dollar | local currency | market";"USD; United States dollar | local currency | market";share;share
Methodological Notes;.;.;.;;;;;Assuming the same distribution as fiscal income.
Sources;.;.;.;Frank, Sommeiller, Price & Saez (2015);Frank, Sommeiller, Price & Saez (2015);Frank, Sommeiller, Price & Saez (2015);Frank, Sommeiller, Price & Saez (2015);WID.world computations using: Frank, Sommeiller, Price & Saez (2015)
Variable Code;country;year;perc;afiinc992t;tfiinc992t;mfiinc992t;sfiinc992t;sptinc992t
;US-SD;2014;p0p100;64550.8554688;;27164850176.0;;
;US-SD;2014;p99p100;;416415.21875;;0.177764684;0.177764684
;US-SD;2014;p99.9p100;;1786336.75;;0.0787265301;0.0787265301
;US-SD;2014;p99.99p100;;8052893.5;;0.0342579745;0.0342579745
;US-SD;2014;p90p100;;122006.164062;;0.4249324501;0.4249324501
;US-SD;2014;p90p91;277867.875;;;;
;US-SD;2014;p95p96;418882.9375;;;;
;US-SD;2014;p90p95;136852.828125;122006.164062;;0.1035282686;0.1035282686
;US-SD;2014;p95p99;233528.140625;157187.15625;;0.1436380446;0.1436380446
;US-SD;2014;p99.5p99.9;971249.75;649413.625;;0.0599902235;0.0599902235
;US-SD;2014;p99.9p99.99;3150337.5;1786336.75;;0.0447229072;0.0447229072
;US-SD;2014;p99p99.5;511073.84375;416415.21875;;0.0391180217;0.0391180217
;US-SD;2014;p95p100;;157187.15625;;0.3213885427;0.3213885427
;US-SD;2014;p0p90;40848.9648438;;;0.5747445822;0.5747445822
;US-SD;2014;p0p99;53482.6601562;;;0.8222353458;0.8222353458
;US-SD;2014;p99.5p100;;649413.625;;0.1386428922;0.1386428922
;US-SD;2014;p99.5p99.6;1809530.375;;;;
;US-SD;2014;p99.99p99.991;23273492.0;;;;
;US-SD;2014;p99.9p99.91;5162653.0;;;;
;US-SD;2014;p99p99.1;1160302.125;;;;
;US-SD;2013;p0p100;64030.0507812;;26205106176.0;;
;US-SD;2013;p99p100;;403477.34375;;0.1647516191;0.1647516191
;US-SD;2013;p99.9p100;;1617284.875;;0.0714161843;0.0714161843
;US-SD;2013;p99.99p100;;7249027.5;;0.0315899923;0.0315899923
;US-SD;2013;p90p100;;119554.609375;;0.406024158;0.406024158
;US-SD;2013;p90p91;265531.90625;;;;
;US-SD;2013;p95p96;394727.6875;;;;
;US-SD;2013;p90p95;136336.109375;119554.609375;;0.1025882587;0.1025882587
;US-SD;2013;p95p99;225964.015625;152311.96875;;0.1386601627;0.1386601627
;US-SD;2013;p99.5p99.9;899051.1875;621316.875;;0.0552335717;0.0552335717
;US-SD;2013;p99.9p99.99;2845097.25;1617284.875;;0.0398832038;0.0398832038
;US-SD;2013;p99p99.5;492201.15625;403477.34375;;0.0381192788;0.0381192788
;US-SD;2013;p95p100;;152311.96875;;0.3034188449;0.3034188449
;US-SD;2013;p0p90;41640.9570312;;;0.5939255357;0.5939255357
;US-SD;2013;p0p99;53870.9375;;;0.8352483511;0.8352483511
;US-SD;2013;p99.5p100;;621316.875;;0.1266579926;0.1266579926
;US-SD;2013;p99.5p99.6;1647363.375;;;;
;US-SD;2013;p99.99p99.991;20800248.0;;;;
;US-SD;2013;p99.9p99.91;4640612.5;;;;
;US-SD;2013;p99p99.1;1069782.25;;;;
;US-SD;2012;p0p100;65754.71875;;27249252352.0;;
;US-SD;2012;p99p100;1284369.0;;;0.1953272671;0.1953272671
;US-SD;2012;p99.9p100;5967316.0;;;0.0907511413;0.0907511413
;US-SD;2012;p99.99p100;26465050.0;;;0.040248137;0.040248137
;US-SD;2012;p90p100;;;;0.4309721887;0.4309721887
;US-SD;2012;p90p91;283384.5625;;;;
;US-SD;2012;p95p96;437285.34375;;;;
;US-SD;2012;p95p100;;;;0.3325125277;0.3325125277
;US-SD;2012;p99.5p100;2043558.125;;;0.1553924978;0.1553924978
;US-SD;2011;p0p100;63173.4179688;;26157959168.0;;
;US-SD;2011;p99p100;1003153.5625;;;0.1587936431;0.1587936431
;US-SD;2011;p99.9p100;4524787.5;;;0.0716248751;0.0716248751
;US-SD;2011;p99.99p100;20360554.0;;;0.0322296284;0.0322296284
;US-SD;2011;p90p100;;;;0.3820113242;0.3820113242
;US-SD;2011;p90p91;241329.59375;;;;
;US-SD;2011;p95p96;358185.09375;;;;
;US-SD;2011;p95p100;;;;0.2834935486;0.2834935486
;US-SD;2011;p99.5p100;1570469.125;;;0.1242982671;0.1242982671
;US-SD;2010;p0p100;60714.859375;;24326778880.0;;
;US-SD;2010;p99p100;962671.5;;;0.1585561782;0.1585561782
;US-SD;2010;p99.9p100;4414500.5;;;0.0727087334;0.0727087334
;US-SD;2010;p99.99p100;20903508.0;;;0.0344289877;0.0344289877
;US-SD;2010;p90p100;;;;0.386767;0.386767
;US-SD;2010;p90p91;234825.015625;;;;
;US-SD;2010;p95p96;346978.34375;;;;
;US-SD;2010;p95p100;;;;0.2857441902;0.2857441902
;US-SD;2010;p99.5p100;1509564.0;;;0.1243158653;0.1243158653
;US-SD;2009;p0p100;57359.0117188;;22765737984.0;;
;US-SD;2009;p99p100;918773.6875;;;0.1601794958;0.1601794958
;US-SD;2009;p99.9p100;4513034.5;;;0.078680478;0.078680478
;US-SD;2009;p99.99p100;22731398.0;;;0.0396300368;0.0396300368
;US-SD;2009;p90p100;;;;0.3917028606;0.3917028606
;US-SD;2009;p90p91;224676.890625;;;;
;US-SD;2009;p95p96;329345.09375;;;;
;US-SD;2009;p95p100;;;;0.287090987;0.287090987
;US-SD;2009;p99.5p100;1465976.5;;;0.127789557;0.127789557
;US-SD;2008;p0p100;62785.2304688;;24476956672.0;;
;US-SD;2008;p99p100;1059513.625;;;0.1687520593;0.1687520593
;US-SD;2008;p99.9p100;5282696.5;;;0.0841391534;0.0841391534
;US-SD;2008;p99.99p100;25677476.0;;;0.0408973172;0.0408973172
;US-SD;2008;p90p100;;;;0.39164868;0.39164868
;US-SD;2008;p90p91;245897.53125;;;;
;US-SD;2008;p95p96;368380.21875;;;;
;US-SD;2008;p95p100;;;;0.2933653593;0.2933653593
;US-SD;2008;p99.5p100;1708520.625;;;0.1360607147;0.1360607147
;US-SD;2007;p0p100;64025.8476562;;24538943488.0;;
;US-SD;2007;p99p100;1166446.375;;;0.182183668;0.182183668
;US-SD;2007;p99.9p100;5844957.0;;;0.0912905857;0.0912905857
;US-SD;2007;p99.99p100;27575756.0;;;0.043069724;0.043069724
;US-SD;2007;p90p100;;;;0.4059695899;0.4059695899
;US-SD;2007;p90p91;259925.484375;;;;
;US-SD;2007;p95p96;395086.15625;;;;
;US-SD;2007;p95p100;;;;0.3085364699;0.3085364699
;US-SD;2007;p99.5p100;1893349.0;;;0.1478581876;0.1478581876
;US-SD;2006;p0p100;58275.109375;;22050947072.0;;
;US-SD;2006;p99p100;1130896.5;;;0.1940616667;0.1940616667
;US-SD;2006;p99.9p100;5697546.0;;;0.0977697968;0.0977697968
;US-SD;2006;p99.99p100;26637974.0;;;0.0457107238;0.0457107238
;US-SD;2006;p90p100;;;;0.4280536175;0.4280536175
;US-SD;2006;p90p91;249448.71875;;;;
;US-SD;2006;p95p96;382787.0625;;;;
;US-SD;2006;p95p100;;;;0.3284309804;0.3284309804
;US-SD;2006;p99.5p100;1840468.625;;;0.1579120755;0.1579120755
;US-SD;2005;p0p100;59449.2929688;;22332764160.0;;
;US-SD;2005;p99p100;1006077.9375;;;0.1692329496;0.1692329496
;US-SD;2005;p99.9p100;4979887.5;;;0.083766982;0.083766982
;US-SD;2005;p99.99p100;22961260.0;;;0.0386232734;0.0386232734
;US-SD;2005;p90p100;;;;0.3872716725;0.3872716725
;US-SD;2005;p90p91;230230.28125;;;;
;US-SD;2005;p95p96;351219.125;;;;
;US-SD;2005;p95p100;;;;0.2953938842;0.2953938842
;US-SD;2005;p99.5p100;1625486.0;;;0.13671197;0.13671197
;US-SD;2004;p0p100;59028.328125;;21662955520.0;;
;US-SD;2004;p99p100;886461.25;;;0.1501755714;0.1501755714
;US-SD;2004;p99.9p100;4223752.0;;;0.0715546608;0.0715546608
;US-SD;2004;p99.99p100;19267204.0;;;0.0326406099;0.0326406099
;US-SD;2004;p90p100;;;;0.3635818958;0.3635818958
;US-SD;2004;p90p91;214616.296875;;;;
;US-SD;2004;p95p96;323362.375;;;;
;US-SD;2004;p95p100;;;;0.273904413;0.273904413
;US-SD;2004;p99.5p100;1410520.5;;;0.1194782779;0.1194782779
;US-SD;2003;p0p100;56126.7539062;;20317552640.0;;
;US-SD;2003;p99p100;718474.25;;;0.1280092448;0.1280092448
;US-SD;2003;p99.9p100;3069106.25;;;0.0546816997;0.0546816997
;US-SD;2003;p99.99p100;12965847.0;;;0.0231010113;0.0231010113
;US-SD;2003;p90p100;;;;0.3444139063;0.3444139063
;US-SD;2003;p90p91;193308.34375;;;;
;US-SD;2003;p95p96;279729.875;;;;
;US-SD;2003;p95p100;;;;0.249194786;0.249194786
;US-SD;2003;p99.5p100;1104191.0;;;0.0983658358;0.0983658358
;US-SD;2002;p0p100;50877.1210938;;18873942016.0;;
;US-SD;2002;p99p100;685200.1875;;;0.1346774548;0.1346774548
;US-SD;2002;p99.9p100;2908043.25;;;0.0571581759;0.0571581759
;US-SD;2002;p99.99p100;12135744.0;;;0.0238530468;0.0238530468
;US-SD;2002;p90p100;;;;0.3668510914;0.3668510914
;US-SD;2002;p90p91;186643.28125;;;;
;US-SD;2002;p95p96;268239.0;;;;
;US-SD;2002;p95p100;;;;0.2636145651;0.2636145651
;US-SD;2002;p99.5p100;1051393.125;;;0.1033267081;0.1033267081
;US-SD;2001;p0p100;55100.546875;;19688300544.0;;
;US-SD;2001;p99p100;719021.1875;;;0.1304925531;0.1304925531
;US-SD;2001;p99.9p100;2834552.75;;;0.0514432751;0.0514432751
;US-SD;2001;p99.99p100;10931717.0;;;0.0198395792;0.0198395792
;US-SD;2001;p90p100;;;;0.3528794348;0.3528794348
;US-SD;2001;p90p91;194438.515625;;;;
;US-SD;2001;p95p96;281330.6875;;;;
;US-SD;2001;p95p100;;;;0.2552884817;0.2552884817
;US-SD;2001;p99.5p100;1077663.875;;;0.0977906734;0.0977906734
;US-SD;2000;p0p100;57556.4492188;;19963975680.0;;
;US-SD;2000;p99p100;889484.75;;;0.1545412689;0.1545412689
;US-SD;2000;p99.9p100;4058825.75;;;0.0705190375;0.0705190375
;US-SD;2000;p99.99p100;17302042.0;;;0.0300609954;0.0300609954
;US-SD;2000;p90p100;;;;0.3779802322;0.3779802322
;US-SD;2000;p90p91;217552.03125;;;;
;US-SD;2000;p95p96;324209.6875;;;;
;US-SD;2000;p95p100;;;;0.2816449404;0.2816449404
;US-SD;2000;p99.5p100;1397985.625;;;0.121444732;0.121444732
;US-SD;1999;p0p100;57214.9179688;;19175057408.0;;
;US-SD;1999;p99p100;984284.0;;;0.1720327735;0.1720327735
;US-SD;1999;p99.9p100;5030155.5;;;0.0879168585;0.0879168585
;US-SD;1999;p99.99p100;25318046.0;;;0.0442507789;0.0442507789
;US-SD;1999;p90p100;;;;0.3968577087;0.3968577087
;US-SD;1999;p90p91;227061.8125;;;;
;US-SD;1999;p95p96;342973.53125;;;;
;US-SD;1999;p95p100;;;;0.2997238934;0.2997238934
;US-SD;1999;p99.5p100;1582377.125;;;0.1382836252;0.1382836252
;US-SD;1998;p0p100;53156.1523438;;17997240320.0;;
;US-SD;1998;p99p100;817484.75;;;0.1537892967;0.1537892967
;US-SD;1998;p99.9p100;3782952.0;;;0.0711667761;0.0711667761
;US-SD;1998;p99.99p100;17382270.0;;;0.0327003933;0.0327003933
;US-SD;1998;p90p100;;;;0.3781426251;0.3781426251
;US-SD;1998;p90p91;201006.0625;;;;
;US-SD;1998;p95p96;297684.9375;;;;
;US-SD;1998;p95p100;;;;0.2800098658;0.2800098658
;US-SD;1998;p99.5p100;1278954.625;;;0.120301649;0.120301649
;US-SD;1997;p0p100;50051.6679688;;16652035072.0;;
;US-SD;1997;p99p100;811738.25;;;0.1621800661;0.1621800661
;US-SD;1997;p99.9p100;4066760.0;;;0.0812512413;0.0812512413
;US-SD;1997;p99.99p100;21604274.0;;;0.043163944;0.043163944
;US-SD;1997;p90p100;;;;0.3882001042;0.3882001042
;US-SD;1997;p90p91;194300.625;;;;
;US-SD;1997;p95p96;290536.625;;;;
;US-SD;1997;p95p100;;;;0.2902367115;0.2902367115
;US-SD;1997;p99.5p100;1278051.875;;;0.1276732534;0.1276732534
;US-SD;1996;p0p100;49246.0742188;;16179885056.0;;
;US-SD;1996;p99p100;633685.5;;;0.1286773682;0.1286773682
;US-SD;1996;p99.9p100;2710547.75;;;0.0550408922;0.0550408922
;US-SD;1996;p99.99p100;11287012.0;;;0.0229196195;0.0229196195
;US-SD;1996;p90p100;;;;0.3474135399;0.3474135399
;US-SD;1996;p90p91;171087.515625;;;;
;US-SD;1996;p95p96;248805.984375;;;;
;US-SD;1996;p95p100;;;;0.2526150644;0.2526150644
;US-SD;1996;p99.5p100;976093.375;;;0.0991036743;0.0991036743
;US-SD;1995;p0p100;45144.2929688;;14479271936.0;;
;US-SD;1995;p99p100;627371.6875;;;0.1389703155;0.1389703155
;US-SD;1995;p99.9p100;2792907.25;;;0.061866235;0.061866235
;US-SD;1995;p99.99p100;12112756.0;;;0.0268312022;0.0268312022
;US-SD;1995;p90p100;;;;0.3733904958;0.3733904958
;US-SD;1995;p90p91;168564.484375;;;;
;US-SD;1995;p95p96;242719.515625;;;;
;US-SD;1995;p95p100;;;;0.2688263655;0.2688263655
;US-SD;1995;p99.5p100;978755.3125;;;0.1084029973;0.1084029973
;US-SD;1994;p0p100;46376.8085938;;14473838592.0;;
;US-SD;1994;p99p100;580660.75;;;0.1252049804;0.1252049804
;US-SD;1994;p99.9p100;2490437.25;;;0.0537000559;0.0537000559
;US-SD;1994;p99.99p100;10721810.0;;;0.0231189039;0.0231189039
;US-SD;1994;p90p100;;;;0.3456637263;0.3456637263
;US-SD;1994;p90p91;160307.8125;;;;
;US-SD;1994;p95p96;228695.84375;;;;
;US-SD;1994;p95p100;;;;0.2465627044;0.2465627044
;US-SD;1994;p99.5p100;893966.9375;;;0.0963808149;0.0963808149
;US-SD;1993;p0p100;43221.3867188;;13731449856.0;;
;US-SD;1993;p99p100;622484.375;;;0.1440223157;0.1440223157
;US-SD;1993;p99.9p100;3009252.5;;;0.0696241632;0.0696241632
;US-SD;1993;p99.99p100;14618694.0;;;0.033822827;0.033822827
;US-SD;1993;p90p100;;;;0.3761792779;0.3761792779
;US-SD;1993;p90p91;162589.890625;;;;
;US-SD;1993;p95p96;234699.859375;;;;
;US-SD;1993;p95p100;;;;0.2715089619;0.2715089619
;US-SD;1993;p99.5p100;995801.375;;;0.1151977703;0.1151977703
;US-SD;1992;p0p100;43929.5976562;;13660687360.0;;
;US-SD;1992;p99p100;616542.25;;;0.1403477937;0.1403477937
;US-SD;1992;p99.9p100;2933906.0;;;0.0667865351;0.0667865351
;US-SD;1992;p99.99p100;13867949.0;;;0.0315685719;0.0315685719
;US-SD;1992;p90p100;;;;0.3672511578;0.3672511578
;US-SD;1992;p90p91;161331.96875;;;;
;US-SD;1992;p95p96;230342.046875;;;;
;US-SD;1992;p95p100;;;;0.2621717751;0.2621717751
;US-SD;1992;p99.5p100;983645.25;;;0.1119569913;0.1119569913
;US-SD;1991;p0p100;42427.671875;;13048396800.0;;
;US-SD;1991;p99p100;492872.90625;;;0.1161678061;0.1161678061
;US-SD;1991;p99.9p100;2039766.5;;;0.0480763279;0.0480763279
;US-SD;1991;p99.99p100;8463210.0;;;0.0199473836;0.0199473836
;US-SD;1991;p90p100;;;;0.3454065621;0.3454065621
;US-SD;1991;p90p91;146547.953125;;;;
;US-SD;1991;p95p96;201048.671875;;;;
;US-SD;1991;p95p100;;;;0.2369310856;0.2369310856
;US-SD;1991;p99.5p100;750598.75;;;0.0884562731;0.0884562731
;US-SD;1990;p0p100;43731.921875;;13119291392.0;;
;US-SD;1990;p99p100;491860.71875;;;0.1124717891;0.1124717891
;US-SD;1990;p99.9p100;1903032.75;;;0.0435158722;0.0435158722
;US-SD;1990;p99.99p100;7244113.5;;;0.0165648181;0.0165648181
;US-SD;1990;p90p100;;;;0.33451581;0.33451581
;US-SD;1990;p90p91;146290.1875;;;;
;US-SD;1990;p95p96;201290.15625;;;;
;US-SD;1990;p95p100;;;;0.230140999;0.230140999
;US-SD;1990;p99.5p100;741191.1875;;;0.0847425833;0.0847425833
;US-SD;1989;p0p100;39828.7070312;;12437548032.0;;
;US-SD;1989;p99p100;443043.9375;;;0.1112373322;0.1112373322
;US-SD;1989;p99.9p100;1671936.125;;;0.0419781618;0.0419781618
;US-SD;1989;p99.99p100;6233546.0;;;0.015650887;0.015650887
;US-SD;1989;p90p100;;;;0.3377832472;0.3377832472
;US-SD;1989;p90p91;134534.703125;;;;
;US-SD;1989;p95p96;186340.65625;;;;
;US-SD;1989;p95p100;;;;0.2339275479;0.2339275479
;US-SD;1989;p99.5p100;658959.9375;;;0.082724236;0.082724236
;US-SD;1988;p0p100;39890.5898438;;12327290880.0;;
;US-SD;1988;p99p100;490392.96875;;;0.1229345128;0.1229345128
;US-SD;1988;p99.9p100;2043093.0;;;0.0512174182;0.0512174182
;US-SD;1988;p99.99p100;8166558.5;;;0.0204723962;0.0204723962
;US-SD;1988;p90p100;;;;0.3395629227;0.3395629227
;US-SD;1988;p90p91;135453.640625;;;;
;US-SD;1988;p95p96;192267.984375;;;;
;US-SD;1988;p95p100;;;;0.2409941852;0.2409941852
;US-SD;1988;p99.5p100;753559.0625;;;0.0944532454;0.0944532454
;US-SD;1987;p0p100;39546.6132812;;11954405376.0;;
;US-SD;1987;p99p100;371160.375;;;0.0938538983;0.0938538983
;US-SD;1987;p99.9p100;1317650.25;;;0.0333189145;0.0333189145
;US-SD;1987;p99.99p100;4708245.5;;;0.0119055603;0.0119055603
;US-SD;1987;p90p100;;;;0.3089527786;0.3089527786
;US-SD;1987;p90p91;122180.367188;;;;
;US-SD;1987;p95p96;165227.8125;;;;
;US-SD;1987;p95p100;;;;0.2089025974;0.2089025974
;US-SD;1987;p99.5p100;539753.0625;;;0.0682426393;0.0682426393
;US-SD;1986;p0p100;40077.9023438;;12296527872.0;;
;US-SD;1986;p99p100;483248.6875;;;0.1205773428;0.1205773428
;US-SD;1986;p99.9p100;2144099.5;;;0.0534982942;0.0534982942
;US-SD;1986;p99.99p100;9247142.0;;;0.023072917;0.023072917
;US-SD;1986;p90p100;;;;0.3326770961;0.3326770961
;US-SD;1986;p90p91;133330.0;;;;
;US-SD;1986;p95p96;185290.953125;;;;
;US-SD;1986;p95p100;;;;0.2311634868;0.2311634868
;US-SD;1986;p99.5p100;755505.0;;;0.0942545608;0.0942545608
;US-SD;1985;p0p100;37481.2578125;;11297485824.0;;
;US-SD;1985;p99p100;325249.71875;;;0.0867766291;0.0867766291
;US-SD;1985;p99.9p100;1225623.0;;;0.0326996222;0.0326996222
;US-SD;1985;p99.99p100;4494023.0;;;0.0119900536;0.0119900536
;US-SD;1985;p90p100;;;;0.3164215088;0.3164215088
;US-SD;1985;p90p91;118598.765625;;;;
;US-SD;1985;p95p96;148019.765625;;;;
;US-SD;1985;p95p100;;;;0.1974583864;0.1974583864
;US-SD;1985;p99.5p100;481902.09375;;;0.0642857477;0.0642857477
;US-SD;1984;p0p100;36389.8007812;;10780384256.0;;
;US-SD;1984;p99p100;350138.125;;;0.096218735;0.096218735
;US-SD;1984;p99.9p100;1282061.75;;;0.0352313444;0.0352313444
;US-SD;1984;p99.99p100;5293910.5;;;0.0145477848;0.0145477848
;US-SD;1984;p90p100;;;;0.3057057261;0.3057057261
;US-SD;1984;p90p91;111245.710938;;;;
;US-SD;1984;p95p96;143814.90625;;;;
;US-SD;1984;p95p100;;;;0.1976033151;0.1976033151
;US-SD;1984;p99.5p100;481303.84375;;;0.0661316887;0.0661316887
;US-SD;1983;p0p100;34977.7109375;;10187124736.0;;
;US-SD;1983;p99p100;371821.71875;;;0.1063024849;0.1063024849
;US-SD;1983;p99.9p100;1312713.875;;;0.0375300124;0.0375300124
;US-SD;1983;p99.99p100;5329987.0;;;0.0152382394;0.0152382394
;US-SD;1983;p90p100;;;;0.2911908925;0.2911908925
;US-SD;1983;p90p91;101851.90625;;;;
;US-SD;1983;p95p96;141103.15625;;;;
;US-SD;1983;p95p100;;;;0.2017043829;0.2017043829
;US-SD;1983;p99.5p100;487947.84375;;;0.0697512627;0.0697512627
;US-SD;1982;p0p100;38140.0898438;;10582642688.0;;
;US-SD;1982;p99p100;326176.03125;;;0.0855205283;0.0855205283
;US-SD;1982;p99.9p100;1261635.375;;;0.0330789872;0.0330789872
;US-SD;1982;p99.99p100;5238350.5;;;0.0137345009;0.0137345009
;US-SD;1982;p90p100;;;;0.2837454677;0.2837454677
;US-SD;1982;p90p91;108220.773438;;;;
;US-SD;1982;p95p96;146074.203125;;;;
;US-SD;1982;p95p100;;;;0.1914969683;0.1914969683
;US-SD;1982;p99.5p100;481299.1875;;;0.0630962402;0.0630962402
;US-SD;1981;p0p100;36111.4335938;;10747548672.0;;
;US-SD;1981;p99p100;274929.4375;;;0.0761336312;0.0761336312
;US-SD;1981;p99.9p100;762867.6875;;;0.0211253781;0.0211253781
;US-SD;1981;p99.99p100;2086129.875;;;0.0057769236;0.0057769236
;US-SD;1981;p90p100;;;;0.3194240332;0.3194240332
;US-SD;1981;p90p91;115348.59375;;;;
;US-SD;1981;p95p96;139193.859375;;;;
;US-SD;1981;p95p100;;;;0.1927282512;0.1927282512
;US-SD;1981;p99.5p100;377408.34375;;;0.0522560775;0.0522560775
;US-SD;1980;p0p100;34408.7382812;;10207062016.0;;
;US-SD;1980;p99p100;299424.875;;;0.0870200172;0.0870200172
;US-SD;1980;p99.9p100;786723.75;;;0.0228640679;0.0228640679
;US-SD;1980;p99.99p100;2420324.75;;;0.007034041;0.007034041
;US-SD;1980;p90p100;;;;0.3426293135;0.3426293135
;US-SD;1980;p90p91;117894.421875;;;;
;US-SD;1980;p95p96;151590.328125;;;;
;US-SD;1980;p95p100;;;;0.2202788144;0.2202788144
;US-SD;1980;p99.5p100;391175.0625;;;0.0568424016;0.0568424016
;US-SD;1979;p0p100;39638.359375;;11426718720.0;;
;US-SD;1979;p99p100;307803.625;;;0.0776529685;0.0776529685
;US-SD;1979;p99.9p100;870331.625;;;0.0219568051;0.0219568051
;US-SD;1979;p99.99p100;2582789.25;;;0.0065158838;0.0065158838
;US-SD;1979;p90p100;;;;0.29796049;0.29796049
;US-SD;1979;p90p91;118106.640625;;;;
;US-SD;1979;p95p96;154897.59375;;;;
;US-SD;1979;p95p100;;;;0.1953885257;0.1953885257
;US-SD;1979;p99.5p100;416983.53125;;;0.0525984913;0.0525984913
;US-SD;1978;p0p100;38548.9101562;;11111577600.0;;
;US-SD;1978;p99p100;283740.59375;;;0.0736053437;0.0736053437
;US-SD;1978;p99.9p100;699138.1875;;;0.0181363933;0.0181363933
;US-SD;1978;p99.99p100;1710042.25;;;0.0044360328;0.0044360328
;US-SD;1978;p90p100;;;;0.2973184586;0.2973184586
;US-SD;1978;p90p91;114613.03125;;;;
;US-SD;1978;p95p96;151500.6875;;;;
;US-SD;1978;p95p100;;;;0.1965045035;0.1965045035
;US-SD;1978;p99.5p100;371788.5625;;;0.0482229665;0.0482229665
;US-SD;1977;p0p100;36533.8671875;;10353917952.0;;
;US-SD;1977;p99p100;288414.71875;;;0.0789444819;0.0789444819
;US-SD;1977;p99.9p100;882610.5625;;;0.0241586939;0.0241586939
;US-SD;1977;p99.99p100;3420471.75;;;0.0093624676;0.0093624676
;US-SD;1977;p90p100;;;;0.3016583025;0.3016583025
;US-SD;1977;p90p91;110207.453125;;;;
;US-SD;1977;p95p96;143677.625;;;;
;US-SD;1977;p95p100;;;;0.1966362;0.1966362
;US-SD;1977;p99.5p100;388101.8125;;;0.0531153455;0.0531153455
;US-SD;1976;p0p100;34710.6132812;;9677961216.0;;
;US-SD;1976;p99p100;281117.03125;;;0.0809887797;0.0809887797
;US-SD;1976;p99.9p100;704149.3125;;;0.0202862825;0.0202862825
;US-SD;1976;p99.99p100;1994601.25;;;0.0057463725;0.0057463725
;US-SD;1976;p90p100;;;;0.32155478;0.32155478
;US-SD;1976;p90p91;111613.648438;;;;
;US-SD;1976;p95p96;146027.78125;;;;
;US-SD;1976;p95p100;;;;0.2103503346;0.2103503346
;US-SD;1976;p99.5p100;370112.78125;;;0.0533140674;0.0533140674
;US-SD;1975;p0p100;38019.9101562;;10435697664.0;;
;US-SD;1975;p99p100;286586.28125;;;0.0753779486;0.0753779486
;US-SD;1975;p99.9p100;796774.25;;;0.020956764;0.020956764
;US-SD;1975;p99.99p100;2860217.5;;;0.0075229467;0.0075229467
;US-SD;1975;p90p100;;;;0.2972927094;0.2972927094
;US-SD;1975;p90p91;113030.414062;;;;
;US-SD;1975;p95p96;148068.125;;;;
;US-SD;1975;p95p100;;;;0.1947244555;0.1947244555
;US-SD;1975;p99.5p100;385788.78125;;;0.0507351011;0.0507351011
;US-SD;1974;p0p100;39186.1914062;;10585453568.0;;
;US-SD;1974;p99p100;324080.90625;;;0.082702823;0.082702823
;US-SD;1974;p99.9p100;955009.5;;;0.0243710708;0.0243710708
;US-SD;1974;p99.99p100;3033085.25;;;0.0077401884;0.0077401884
;US-SD;1974;p90p100;;;;0.3065036535;0.3065036535
;US-SD;1974;p90p91;120107.117188;;;;
;US-SD;1974;p95p96;158796.5625;;;;
;US-SD;1974;p95p100;;;;0.202617988;0.202617988
;US-SD;1974;p99.5p100;446123.25;;;0.0569235198;0.0569235198
;US-SD;1973;p0p100;44086.5703125;;11729920000.0;;
;US-SD;1973;p99p100;291605.40625;;;0.0661438257;0.0661438257
;US-SD;1973;p99.9p100;699484.5625;;;0.0158661623;0.0158661623
;US-SD;1973;p99.99p100;1827639.25;;;0.0041455696;0.0041455696
;US-SD;1973;p90p100;;;;0.275775075;0.275775075
;US-SD;1973;p90p91;121579.757812;;;;
;US-SD;1973;p95p96;159927.40625;;;;
;US-SD;1973;p95p100;;;;0.1813788265;0.1813788265
;US-SD;1973;p99.5p100;381750.625;;;0.0432955734;0.0432955734
;US-SD;1972;p0p100;37347.1132812;;9783907328.0;;
;US-SD;1972;p99p100;241213.53125;;;0.0645869374;0.0645869374
;US-SD;1972;p99.9p100;600625.75;;;0.0160822552;0.0160822552
;US-SD;1972;p99.99p100;1601758.875;;;0.0042888429;0.0042888429
;US-SD;1972;p90p100;;;;0.265087992;0.265087992
;US-SD;1972;p90p91;99002.703125;;;;
;US-SD;1972;p95p96;127987.117188;;;;
;US-SD;1972;p95p100;;;;0.1713480949;0.1713480949
;US-SD;1972;p99.5p100;317066.8125;;;0.0424486436;0.0424486436
;US-SD;1971;p0p100;33800.515625;;8709028864.0;;
;US-SD;1971;p99p100;226844.5;;;0.0671127439;0.0671127439
;US-SD;1971;p99.9p100;546608.9375;;;0.0161716174;0.0161716174
;US-SD;1971;p99.99p100;1454824.125;;;0.0043041483;0.0043041483
;US-SD;1971;p90p100;;;;0.2811249495;0.2811249495
;US-SD;1971;p90p91;95021.671875;;;;
;US-SD;1971;p95p96;120761.960938;;;;
;US-SD;1971;p95p100;;;;0.178639248;0.178639248
;US-SD;1971;p99.5p100;300828.5;;;0.0445005819;0.0445005819
;US-SD;1970;p0p100;33067.4179688;;8364239360.0;;
;US-SD;1970;p99p100;217249.71875;;;0.065699026;0.065699026
;US-SD;1970;p99.9p100;458385.90625;;;0.0138621619;0.0138621619
;US-SD;1970;p99.99p100;1024472.125;;;0.0030981316;0.0030981316
;US-SD;1970;p90p100;;;;0.279871732;0.279871732
;US-SD;1970;p90p91;92546.3671875;;;;
;US-SD;1970;p95p96;119266.484375;;;;
;US-SD;1970;p95p100;;;;0.1803383678;0.1803383678
;US-SD;1970;p99.5p100;282783.9375;;;0.0427586958;0.0427586958
;US-SD;1969;p0p100;32665.9414062;;8270501888.0;;
;US-SD;1969;p99p100;255374.6875;;;0.0781776607;0.0781776607
;US-SD;1969;p99.9p100;576189.625;;;0.0176388491;0.0176388491
;US-SD;1969;p99.99p100;1819752.75;;;0.0055707954;0.0055707954
;US-SD;1969;p90p100;;;;0.2951685786;0.2951685786
;US-SD;1969;p90p91;96419.5859375;;;;
;US-SD;1969;p95p96;128684.140625;;;;
;US-SD;1969;p95p100;;;;0.1969699115;0.1969699115
;US-SD;1969;p99.5p100;329550.0625;;;0.0504424572;0.0504424572
;US-SD;1968;p0p100;32154.5566406;;8163736064.0;;
;US-SD;1968;p99p100;260107.328125;;;0.0808928385;0.0808928385
;US-SD;1968;p99.9p100;595144.5;;;0.0185088702;0.0185088702
;US-SD;1968;p99.99p100;1456197.375;;;0.0045287437;0.0045287437
;US-SD;1968;p90p100;;;;0.3094008267;0.3094008267
;US-SD;1968;p90p91;99486.453125;;;;
;US-SD;1968;p95p96;131226.859375;;;;
;US-SD;1968;p95p100;;;;0.204056412;0.204056412
;US-SD;1968;p99.5p100;332142.0;;;0.0516477376;0.0516477376
;US-SD;1967;p0p100;31106.1933594;;7917603840.0;;
;US-SD;1967;p99p100;233589.4375;;;0.0750941858;0.0750941858
;US-SD;1967;p99.9p100;574881.0;;;0.0184812397;0.0184812397
;US-SD;1967;p99.99p100;1312216.75;;;0.0042185066;0.0042185066
;US-SD;1967;p90p100;;;;0.3001383841;0.3001383841
;US-SD;1967;p90p91;93361.625;;;;
;US-SD;1967;p95p96;120900.21875;;;;
;US-SD;1967;p95p100;;;;0.1943346411;0.1943346411
;US-SD;1967;p99.5p100;325247.34375;;;0.0522801615;0.0522801615
;US-SD;1966;p0p100;31378.8964844;;7999744512.0;;
;US-SD;1966;p99p100;220836.328125;;;0.0703773424;0.0703773424
;US-SD;1966;p99.9p100;579815.9375;;;0.0184778944;0.0184778944
;US-SD;1966;p99.99p100;1535860.75;;;0.0048945658;0.0048945658
;US-SD;1966;p90p100;;;;0.2886645794;0.2886645794
;US-SD;1966;p90p91;90579.7578125;;;;
;US-SD;1966;p95p96;116597.5625;;;;
;US-SD;1966;p95p100;;;;0.1857897788;0.1857897788
;US-SD;1966;p99.5p100;298042.0625;;;0.0474908464;0.0474908464
;US-SD;1965;p0p100;29834.5429688;;7612801024.0;;
;US-SD;1965;p99p100;215717.34375;;;0.0723045543;0.0723045543
;US-SD;1965;p99.9p100;531811.9375;;;0.0178253744;0.0178253744
;US-SD;1965;p99.99p100;1287081.125;;;0.0043140631;0.0043140631
;US-SD;1965;p90p100;;;;0.2876560688;0.2876560688
;US-SD;1965;p90p91;85820.8828125;;;;
;US-SD;1965;p95p96;110206.984375;;;;
;US-SD;1965;p95p100;;;;0.1846969426;0.1846969426
;US-SD;1965;p99.5p100;310985.46875;;;0.0521183535;0.0521183535
;US-SD;1964;p0p100;26825.4082031;;6844284416.0;;
;US-SD;1964;p99p100;222317.609375;;;0.082875751;0.082875751
;US-SD;1964;p99.9p100;534619.625;;;0.0199295972;0.0199295972
;US-SD;1964;p99.99p100;1561724.75;;;0.005821811;0.005821811
;US-SD;1964;p90p100;;;;0.3155763149;0.3155763149
;US-SD;1964;p90p91;84654.640625;;;;
;US-SD;1964;p95p96;110209.84375;;;;
;US-SD;1964;p95p100;;;;0.2054206133;0.2054206133
;US-SD;1964;p99.5p100;303833.59375;;;0.0566316769;0.0566316769
;US-SD;1963;p0p100;27780.9277344;;7077267968.0;;
;US-SD;1963;p99p100;193389.59375;;;0.0696123689;0.0696123689
;US-SD;1963;p99.9p100;576340.625;;;0.0207459126;0.0207459126
;US-SD;1963;p99.99p100;1800480.75;;;0.0064809965;0.0064809965
;US-SD;1963;p90p100;;;;0.2855790257;0.2855790257
;US-SD;1963;p90p91;79336.4921875;;;;
;US-SD;1963;p95p96;101124.453125;;;;
;US-SD;1963;p95p100;;;;0.1820033789;0.1820033789
;US-SD;1963;p99.5p100;268800.0625;;;0.0483785272;0.0483785272
;US-SD;1962;p0p100;29125.90625;;7404593152.0;;
;US-SD;1962;p99p100;195257.03125;;;0.0670389533;0.0670389533
;US-SD;1962;p99.9p100;506617.0625;;;0.0173940361;0.0173940361
;US-SD;1962;p99.99p100;1279735.625;;;0.0043938057;0.0043938057
;US-SD;1962;p90p100;;;;0.2681927979;0.2681927979
;US-SD;1962;p90p91;78113.5859375;;;;
;US-SD;1962;p95p96;101617.375;;;;
;US-SD;1962;p95p100;;;;0.1744449884;0.1744449884
;US-SD;1962;p99.5p100;263278.25;;;0.0451965779;0.0451965779
;US-SD;1961;p0p100;26109.2421875;;6617211904.0;;
;US-SD;1961;p99p100;183436.859375;;;0.0702574477;0.0702574477
;US-SD;1961;p99.9p100;453449.75;;;0.017367404;0.017367404
;US-SD;1961;p99.99p100;1048573.5625;;;0.0040161009;0.0040161009
;US-SD;1961;p90p100;;;;0.2919039428;0.2919039428
;US-SD;1961;p90p91;76213.90625;;;;
;US-SD;1961;p95p96;98600.078125;;;;
;US-SD;1961;p95p100;;;;0.1888221949;0.1888221949
;US-SD;1961;p99.5p100;237646.71875;;;0.0455100797;0.0455100797
;US-SD;1960;p0p100;26081.3125;;6581583360.0;;
;US-SD;1960;p99p100;181902.25;;;0.0697442815;0.0697442815
;US-SD;1960;p99.9p100;486601.5625;;;0.0186570939;0.0186570939
;US-SD;1960;p99.99p100;1006547.5625;;;0.0038592669;0.0038592669
;US-SD;1960;p90p100;;;;0.2751689255;0.2751689255
;US-SD;1960;p90p91;71767.671875;;;;
;US-SD;1960;p95p96;93627.3828125;;;;
;US-SD;1960;p95p100;;;;0.1794913113;0.1794913113
;US-SD;1960;p99.5p100;248741.609375;;;0.0476857871;0.0476857871
;US-SD;1959;p0p100;21256.234375;;5404363264.0;;
;US-SD;1959;p99p100;174748.625;;;0.0822105333;0.0822105333
;US-SD;1959;p99.9p100;491974.875;;;0.0231449679;0.0231449679
;US-SD;1959;p99.99p100;1081185.375;;;0.0050864397;0.0050864397
;US-SD;1959;p90p100;;;;0.306088537;0.306088537
;US-SD;1959;p90p91;65062.8945312;;;;
;US-SD;1959;p95p96;84994.234375;;;;
;US-SD;1959;p95p100;;;;0.199927792;0.199927792
;US-SD;1959;p99.5p100;236783.1875;;;0.0556973554;0.0556973554
;US-SD;1958;p0p100;23610.1425781;;6041388544.0;;
;US-SD;1958;p99p100;181322.59375;;;0.0767986029;0.0767986029
;US-SD;1958;p99.9p100;433811.4375;;;0.0183739439;0.0183739439
;US-SD;1958;p99.99p100;1038477.25;;;0.0043984368;0.0043984368
;US-SD;1958;p90p100;;;;0.3006531596;0.3006531596
;US-SD;1958;p90p91;70984.640625;;;;
;US-SD;1958;p95p96;91837.3125;;;;
;US-SD;1958;p95p100;;;;0.1944869906;0.1944869906
;US-SD;1958;p99.5p100;240910.328125;;;0.0510183983;0.0510183983
;US-SD;1957;p0p100;23725.9296875;;6108619776.0;;
;US-SD;1957;p99p100;162947.5625;;;0.0686791092;0.0686791092
;US-SD;1957;p99.9p100;381115.53125;;;0.0160632506;0.0160632506
;US-SD;1957;p99.99p100;912664.5625;;;0.0038466968;0.0038466968
;US-SD;1957;p90p100;;;;0.264978528;0.264978528
;US-SD;1957;p90p91;62868.6171875;;;;
;US-SD;1957;p95p96;82149.0;;;;
;US-SD;1957;p95p100;;;;0.1731207222;0.1731207222
;US-SD;1957;p99.5p100;219193.90625;;;0.0461928993;0.0461928993
;US-SD;1956;p0p100;20942.2734375;;5416666112.0;;
;US-SD;1956;p99p100;175491.765625;;;0.0837978572;0.0837978572
;US-SD;1956;p99.9p100;411898.0;;;0.0196682569;0.0196682569
;US-SD;1956;p99.99p100;926586.0;;;0.0044244765;0.0044244765
;US-SD;1956;p90p100;;;;0.3039357066;0.3039357066
;US-SD;1956;p90p91;63651.0429688;;;;
;US-SD;1956;p95p96;80758.984375;;;;
;US-SD;1956;p95p100;;;;0.1928133219;0.1928133219
;US-SD;1956;p99.5p100;236776.734375;;;0.0565308146;0.0565308146
;US-SD;1955;p0p100;20170.0761719;;5241416192.0;;
;US-SD;1955;p99p100;155773.9375;;;0.0772302151;0.0772302151
;US-SD;1955;p99.9p100;380259.28125;;;0.0188526455;0.0188526455
;US-SD;1955;p99.99p100;873159.4375;;;0.0043289843;0.0043289843
;US-SD;1955;p90p100;;;;0.3203220367;0.3203220367
;US-SD;1955;p90p91;64609.1992188;;;;
;US-SD;1955;p95p96;80625.6015625;;;;
;US-SD;1955;p95p100;;;;0.1998644173;0.1998644173
;US-SD;1955;p99.5p100;207663.109375;;;0.0514780171;0.0514780171
;US-SD;1954;p0p100;21989.9609375;;5740384256.0;;
;US-SD;1954;p99p100;160759.8125;;;0.0731059983;0.0731059983
;US-SD;1954;p99.9p100;402276.15625;;;0.0182936285;0.0182936285
;US-SD;1954;p99.99p100;948206.0;;;0.0043119951;0.0043119951
;US-SD;1954;p90p100;;;;0.2915608585;0.2915608585
;US-SD;1954;p90p91;64114.1171875;;;;
;US-SD;1954;p95p96;80303.1328125;;;;
;US-SD;1954;p95p100;;;;0.1825904399;0.1825904399
;US-SD;1954;p99.5p100;219441.140625;;;0.0498957559;0.0498957559
;US-SD;1953;p0p100;21442.7460938;;5622295552.0;;
;US-SD;1953;p99p100;151664.71875;;;0.0707300827;0.0707300827
;US-SD;1953;p99.9p100;375252.15625;;;0.0175001919;0.0175001919
;US-SD;1953;p99.99p100;871458.9375;;;0.0040641199;0.0040641199
;US-SD;1953;p90p100;;;;0.290762037;0.290762037
;US-SD;1953;p90p91;62347.3632812;;;;
;US-SD;1953;p95p96;73004.1953125;;;;
;US-SD;1953;p95p100;;;;0.1702305079;0.1702305079
;US-SD;1953;p99.5p100;202204.375;;;0.0471498333;0.0471498333
;US-SD;1952;p0p100;19922.2460938;;5250972160.0;;
;US-SD;1952;p99p100;160568.8125;;;0.0805977434;0.0805977434
;US-SD;1952;p99.9p100;456298.9375;;;0.0229039919;0.0229039919
;US-SD;1952;p99.99p100;1223326.5;;;0.006140505;0.006140505
;US-SD;1952;p90p100;;;;0.3135124743;0.3135124743
;US-SD;1952;p90p91;62458.7265625;;;;
;US-SD;1952;p95p96;77378.8515625;;;;
;US-SD;1952;p95p100;;;;0.19420214;0.19420214
;US-SD;1952;p99.5p100;221748.953125;;;0.0556536093;0.0556536093
;US-SD;1951;p0p100;23384.71875;;6191115776.0;;
;US-SD;1951;p99p100;169236.71875;;;0.0723706484;0.0723706484
;US-SD;1951;p99.9p100;418511.5625;;;0.0178967975;0.0178967975
;US-SD;1951;p99.99p100;981079.75;;;0.0041953884;0.0041953884
;US-SD;1951;p90p100;;;;0.2675969601;0.2675969601
;US-SD;1951;p90p91;62576.796875;;;;
;US-SD;1951;p95p96;86306.078125;;;;
;US-SD;1951;p95p100;;;;0.1845352203;0.1845352203
;US-SD;1951;p99.5p100;226761.9375;;;0.0484850705;0.0484850705
;US-SD;1950;p0p100;21275.7558594;;5657626112.0;;
;US-SD;1950;p99p100;188197.109375;;;0.088456139;0.088456139
;US-SD;1950;p99.9p100;458131.90625;;;0.0215330496;0.0215330496
;US-SD;1950;p99.99p100;803437.75;;;0.0037763065;0.0037763065
;US-SD;1950;p90p100;;;;0.2959024906;0.2959024906
;US-SD;1950;p90p91;62955.4921875;;;;
;US-SD;1950;p95p96;87654.65625;;;;
;US-SD;1950;p95p100;;;;0.205996573;0.205996573
;US-SD;1950;p99.5p100;251931.109375;;;0.0592061505;0.0592061505
;US-SD;1949;p0p100;17623.1835938;;4668992000.0;;
;US-SD;1949;p99p100;157063.078125;;;0.0891229808;0.0891229808
;US-SD;1949;p99.9p100;382620.0625;;;0.0217111744;0.0217111744
;US-SD;1949;p99.99p100;829971.0;;;0.0047095404;0.0047095404
;US-SD;1949;p90p100;;;;0.3422575891;0.3422575891
;US-SD;1949;p90p91;60316.6875;;;;
;US-SD;1949;p95p96;80945.7421875;;;;
;US-SD;1949;p95p100;;;;0.2296569645;0.2296569645
;US-SD;1949;p99.5p100;210133.28125;;;0.0596184209;0.0596184209
;US-SD;1948;p0p100;23510.7597656;;6224071168.0;;
;US-SD;1948;p99p100;194876.140625;;;0.0828880668;0.0828880668
;US-SD;1948;p99.9p100;466399.15625;;;0.0198376905;0.0198376905
;US-SD;1948;p99.99p100;954133.0;;;0.0040582824;0.0040582824
;US-SD;1948;p90p100;;;;0.3049817383;0.3049817383
;US-SD;1948;p90p91;71703.53125;;;;
;US-SD;1948;p95p96;100321.070312;;;;
;US-SD;1948;p95p100;;;;0.2133513987;0.2133513987
;US-SD;1948;p99.5p100;256491.21875;;;0.0545476228;0.0545476228
;US-SD;1947;p0p100;19990.9453125;;5287363584.0;;
;US-SD;1947;p99p100;188192.09375;;;0.0941386595;0.0941386595
;US-SD;1947;p99.9p100;450009.65625;;;0.0225106739;0.0225106739
;US-SD;1947;p99.99p100;1024338.0;;;0.0051240097;0.0051240097
;US-SD;1947;p90p100;;;;0.3581595421;0.3581595421
;US-SD;1947;p90p91;71599.4765625;;;;
;US-SD;1947;p95p96;98137.1875;;;;
;US-SD;1947;p95p100;;;;0.2454540879;0.2454540879
;US-SD;1947;p99.5p100;247962.8125;;;0.0620187819;0.0620187819
;US-SD;1946;p0p100;19042.6503906;;5021051904.0;;
;US-SD;1946;p99p100;172327.953125;;;0.0904957652;0.0904957652
;US-SD;1946;p99.9p100;448751.1875;;;0.0235655811;0.0235655811
;US-SD;1946;p99.99p100;1051192.5;;;0.0055201994;0.0055201994
;US-SD;1946;p90p100;;;;0.3358314335;0.3358314335
;US-SD;1946;p90p91;63951.2148438;;;;
;US-SD;1946;p95p96;85772.40625;;;;
;US-SD;1946;p95p100;;;;0.2252112925;0.2252112925
;US-SD;1946;p99.5p100;233492.234375;;;0.061307691;0.061307691
;US-SD;1945;p0p100;19085.3847656;;5060092416.0;;
;US-SD;1945;p99p100;151644.125;;;0.0794556364;0.0794556364
;US-SD;1945;p99.9p100;415764.65625;;;0.0217844546;0.0217844546
;US-SD;1945;p99.99p100;966712.875;;;0.0050652004;0.0050652004
;US-SD;1945;p90p100;;;;0.2862379253;0.2862379253
;US-SD;1945;p90p91;54629.6054688;;;;
;US-SD;1945;p95p96;73262.5;;;;
;US-SD;1945;p95p100;;;;0.1919335425;0.1919335425
;US-SD;1945;p99.5p100;207917.453125;;;0.0544703342;0.0544703342
;US-SD;1944;p0p100;17204.3613281;;4582789120.0;;
;US-SD;1944;p99p100;221894.671875;;;0.1289758235;0.1289758235
;US-SD;1944;p99.9p100;747489.6875;;;0.0434476845;0.0434476845
;US-SD;1944;p99.99p100;2260946.75;;;0.0131417057;0.0131417057
;US-SD;1944;p90p100;;;;0.3870975673;0.3870975673
;US-SD;1944;p90p91;66597.671875;;;;
;US-SD;1944;p95p96;91591.6640625;;;;
;US-SD;1944;p95p100;;;;0.2661873102;0.2661873102
;US-SD;1944;p99.5p100;326716.28125;;;0.0949515775;0.0949515775
;US-SD;1943;p0p100;16865.1171875;;4507868672.0;;
;US-SD;1943;p99p100;149591.9375;;;0.0886990353;0.0886990353
;US-SD;1943;p99.9p100;432252.15625;;;0.0256299544;0.0256299544
;US-SD;1943;p99.99p100;1111185.0;;;0.0065886588;0.0065886588
;US-SD;1943;p90p100;;;;0.3150994182;0.3150994182
;US-SD;1943;p90p91;53141.8789062;;;;
;US-SD;1943;p95p96;72632.703125;;;;
;US-SD;1943;p95p100;;;;0.2153341472;0.2153341472
;US-SD;1943;p99.5p100;207612.21875;;;0.0615507886;0.0615507886
;US-SD;1942;p0p100;15646.9541016;;4188325376.0;;
;US-SD;1942;p99p100;130715.765625;;;0.0835407078;0.0835407078
;US-SD;1942;p99.9p100;379559.5;;;0.0242577214;0.0242577214
;US-SD;1942;p99.99p100;958347.4375;;;0.0061248173;0.0061248173
;US-SD;1942;p90p100;;;;0.2944128811;0.2944128811
;US-SD;1942;p90p91;46066.6523438;;;;
;US-SD;1942;p95p96;61817.4882812;;;;
;US-SD;1942;p95p100;;;;0.1975383908;0.1975383908
;US-SD;1942;p99.5p100;182252.296875;;;0.0582388975;0.0582388975
;US-SD;1941;p0p100;10723.6435547;;2882657280.0;;
;US-SD;1941;p99p100;110186.1875;;;0.1027506962;0.1027506962
;US-SD;1941;p99.9p100;303393.5625;;;0.0282920226;0.0282920226
;US-SD;1941;p99.99p100;734627.25;;;0.0068505378;0.0068505378
;US-SD;1941;p90p100;;;;0.3983232975;0.3983232975
;US-SD;1941;p90p91;42714.7695312;;;;
;US-SD;1941;p95p96;54907.6210938;;;;
;US-SD;1941;p95p100;;;;0.2560119629;0.2560119629
;US-SD;1941;p99.5p100;151023.109375;;;0.0704159513;0.0704159513
;US-SD;1940;p0p100;8892.31738281;;2403009792.0;;
;US-SD;1940;p99p100;98091.2421875;;;0.1103101;0.1103101
;US-SD;1940;p99.9p100;272880.8125;;;0.0306872539;0.0306872539
;US-SD;1940;p99.99p100;653784.875;;;0.0073522436;0.0073522436
;US-SD;1940;p90p100;;;;0.3998165131;0.3998165131
;US-SD;1940;p90p91;35552.953125;;;;
;US-SD;1940;p95p96;49328.9804688;;;;
;US-SD;1940;p95p100;;;;0.2773685157;0.2773685157
;US-SD;1940;p99.5p100;135812.328125;;;0.0763649791;0.0763649791
;US-SD;1939;p0p100;8626.29882812;;2322434560.0;;
;US-SD;1939;p99p100;94377.875;;;0.1094071418;0.1094071418
;US-SD;1939;p99.9p100;265609.75;;;0.0307906959;0.0307906959
;US-SD;1939;p99.99p100;665099.4375;;;0.0077101365;0.0077101365
;US-SD;1939;p90p100;;;;0.3240032196;0.3240032196
;US-SD;1939;p90p91;27949.4882812;;;;
;US-SD;1939;p95p96;41800.203125;;;;
;US-SD;1939;p95p100;;;;0.242283538;0.242283538
;US-SD;1939;p99.5p100;128697.992188;;;0.0745962933;0.0745962933
;US-SD;1938;p0p100;7896.99804688;;2121130880.0;;
;US-SD;1938;p99p100;85118.34375;;;0.1077856943;0.1077856943
;US-SD;1938;p99.9p100;229204.5625;;;0.0290242638;0.0290242638
;US-SD;1938;p99.99p100;526244.0625;;;0.0066638491;0.0066638491
;US-SD;1938;p90p100;;;;0.3253899813;0.3253899813
;US-SD;1938;p90p91;25696.0410156;;;;
;US-SD;1938;p95p96;36992.6679688;;;;
;US-SD;1938;p95p100;;;;0.2342197895;0.2342197895
;US-SD;1938;p99.5p100;114805.664062;;;0.0726894289;0.0726894289
;US-SD;1937;p0p100;7905.5390625;;2119319808.0;;
;US-SD;1937;p99p100;83554.6640625;;;0.1056912914;0.1056912914
;US-SD;1937;p99.9p100;224551.515625;;;0.0284043252;0.0284043252
;US-SD;1937;p99.99p100;506314.59375;;;0.0064045554;0.0064045554
;US-SD;1937;p90p100;;;;0.3099249303;0.3099249303
;US-SD;1937;p90p91;24501.2363281;;;;
;US-SD;1937;p95p96;35965.7226562;;;;
;US-SD;1937;p95p100;;;;0.2274716645;0.2274716645
;US-SD;1937;p99.5p100;112539.578125;;;0.0711776763;0.0711776763
;US-SD;1936;p0p100;6272.90527344;;1681356032.0;;
;US-SD;1936;p99p100;92784.5234375;;;0.1479131579;0.1479131579
;US-SD;1936;p99.9p100;257086.0;;;0.0409835614;0.0409835614
;US-SD;1936;p99.99p100;597865.625;;;0.0095309196;0.0095309196
;US-SD;1936;p90p100;;;;0.4182320237;0.4182320237
;US-SD;1936;p90p91;26235.2988281;;;;
;US-SD;1936;p95p96;38269.5820312;;;;
;US-SD;1936;p95p100;;;;0.3050387204;0.3050387204
;US-SD;1936;p99.5p100;127050.265625;;;0.1012690738;0.1012690738
;US-SD;1935;p0p100;8475.37109375;;2270751232.0;;
;US-SD;1935;p99p100;87225.7265625;;;0.1029167101;0.1029167101
;US-SD;1935;p99.9p100;242572.453125;;;0.0286208652;0.0286208652
;US-SD;1935;p99.99p100;647308.0;;;0.0076375185;0.0076375185
;US-SD;1935;p90p100;;;;0.3007507622;0.3007507622
;US-SD;1935;p90p91;25489.7421875;;;;
;US-SD;1935;p95p96;36199.9453125;;;;
;US-SD;1935;p95p100;;;;0.2135596424;0.2135596424
;US-SD;1935;p99.5p100;118592.835938;;;0.0699632168;0.0699632168
;US-SD;1934;p0p100;5262.11279297;;1408435840.0;;
;US-SD;1934;p99p100;78178.875;;;0.1485693753;0.1485693753
;US-SD;1934;p99.9p100;200200.015625;;;0.0380455591;0.0380455591
;US-SD;1934;p99.99p100;499219.40625;;;0.0094870524;0.0094870524
;US-SD;1934;p90p100;;;;0.4431568086;0.4431568086
;US-SD;1934;p90p91;23319.4101562;;;;
;US-SD;1934;p95p96;33136.3984375;;;;
;US-SD;1934;p95p100;;;;0.3148583472;0.3148583472
;US-SD;1934;p99.5p100;103614.734375;;;0.0984535515;0.0984535515
;US-SD;1933;p0p100;3940.84790039;;1054409152.0;;
;US-SD;1933;p99p100;70639.09375;;;0.1792484671;0.1792484671
;US-SD;1933;p99.9p100;191240.40625;;;0.0485277325;0.0485277325
;US-SD;1933;p99.99p100;524307.4375;;;0.0133044319;0.0133044319
;US-SD;1933;p90p100;;;;0.5443553925;0.5443553925
;US-SD;1933;p90p91;21452.2167969;;;;
;US-SD;1933;p95p96;29385.9121094;;;;
;US-SD;1933;p95p100;;;;0.3728374243;0.3728374243
;US-SD;1933;p99.5p100;92465.03125;;;0.1173161641;0.1173161641
;US-SD;1932;p0p100;5391.70996094;;1442725760.0;;
;US-SD;1932;p99p100;68668.90625;;;0.1273601502;0.1273601502
;US-SD;1932;p99.9p100;166682.59375;;;0.0309146047;0.0309146047
;US-SD;1932;p99.99p100;406223.4375;;;0.0075342222;0.0075342222
;US-SD;1932;p90p100;;;;0.4219700396;0.4219700396
;US-SD;1932;p90p91;22751.4023438;;;;
;US-SD;1932;p95p96;30182.2148438;;;;
;US-SD;1932;p95p100;;;;0.27989465;0.27989465
;US-SD;1932;p99.5p100;86884.78125;;;0.0805725604;0.0805725604
;US-SD;1931;p0p100;6087.21777344;;1628150528.0;;
;US-SD;1931;p99p100;83270.953125;;;0.1367964;0.1367964
;US-SD;1931;p99.9p100;217529.140625;;;0.0357353948;0.0357353948
;US-SD;1931;p99.99p100;531502.3125;;;0.008731449;0.008731449
;US-SD;1931;p90p100;;;;0.3983009458;0.3983009458
;US-SD;1931;p90p91;24245.4453125;;;;
;US-SD;1931;p95p96;32727.3300781;;;;
;US-SD;1931;p95p100;;;;0.268820107;0.268820107
;US-SD;1931;p99.5p100;110884.6875;;;0.0910799429;0.0910799429
;US-SD;1930;p0p100;8669.86132812;;2314893056.0;;
;US-SD;1930;p99p100;91232.3515625;;;0.1052293032;0.1052293032
;US-SD;1930;p99.9p100;232111.1875;;;0.0267721899;0.0267721899
;US-SD;1930;p99.99p100;578030.8125;;;0.0066671288;0.0066671288
;US-SD;1930;p90p100;;;;0.301507175;0.301507175
;US-SD;1930;p90p91;26140.2578125;;;;
;US-SD;1930;p95p96;37397.5195312;;;;
;US-SD;1930;p95p100;;;;0.2156754136;0.2156754136
;US-SD;1930;p99.5p100;121864.617188;;;0.0702805966;0.0702805966
;US-SD;1929;p0p100;10200.6181641;;2711777792.0;;
;US-SD;1929;p99p100;111632.070312;;;0.1094365716;0.1094365716
;US-SD;1929;p99.9p100;346279.09375;;;0.0339468718;0.0339468718
;US-SD;1929;p99.99p100;1337945.25;;;0.0131163141;0.0131163141
;US-SD;1929;p90p100;;;;0.2772945762;0.2772945762
;US-SD;1929;p90p91;28285.7617188;;;;
;US-SD;1929;p95p96;43375.96875;;;;
;US-SD;1929;p95p100;;;;0.2126143873;0.2126143873
;US-SD;1929;p99.5p100;155685.078125;;;0.0763115883;0.0763115883
;US-SD;1928;p0p100;8001.55029297;;2118355840.0;;
;US-SD;1928;p99p100;103452.304688;;;0.1292903274;0.1292903274
;US-SD;1928;p99.9p100;279777.75;;;0.0349654444;0.0349654444
;US-SD;1928;p99.99p100;736383.625;;;0.0092030121;0.0092030121
;US-SD;1928;p90p100;;;;0.3453986943;0.3453986943
;US-SD;1928;p90p91;27637.2480469;;;;
;US-SD;1928;p95p96;42157.453125;;;;
;US-SD;1928;p95p100;;;;0.2634330392;0.2634330392
;US-SD;1928;p99.5p100;140499.328125;;;0.0877950713;0.0877950713
;US-SD;1927;p0p100;7741.44091797;;2036865152.0;;
;US-SD;1927;p99p100;90845.4453125;;;0.1173495352;0.1173495352
;US-SD;1927;p99.9p100;234816.46875;;;0.0303323958;0.0303323958
;US-SD;1927;p99.99p100;553192.3125;;;0.0071458574;0.0071458574
;US-SD;1927;p90p100;;;;0.3359855115;0.3359855115
;US-SD;1927;p90p91;26010.1191406;;;;
;US-SD;1927;p95p96;38734.7734375;;;;
;US-SD;1927;p95p100;;;;0.2501780689;0.2501780689
;US-SD;1927;p99.5p100;121543.148438;;;0.0785016343;0.0785016343
;US-SD;1926;p0p100;8186.16357422;;2137064576.0;;
;US-SD;1926;p99p100;86704.671875;;;0.1059161276;0.1059161276
;US-SD;1926;p99.9p100;235672.390625;;;0.0287891142;0.0287891142
;US-SD;1926;p99.99p100;611062.625;;;0.0074645788;0.0074645788
;US-SD;1926;p90p100;;;;0.3249054253;0.3249054253
;US-SD;1926;p90p91;26597.2890625;;;;
;US-SD;1926;p95p96;39150.5195312;;;;
;US-SD;1926;p95p100;;;;0.2391261756;0.2391261756
;US-SD;1926;p99.5p100;116084.640625;;;0.0709029585;0.0709029585
;US-SD;1925;p0p100;11403.8203125;;2954725632.0;;
;US-SD;1925;p99p100;90402.359375;;;0.0792737529;0.0792737529
;US-SD;1925;p99.9p100;223518.90625;;;0.0196003523;0.0196003523
;US-SD;1925;p99.99p100;511825.28125;;;0.0044881916;0.0044881916
;US-SD;1925;p90p100;;;;0.2986086011;0.2986086011
;US-SD;1925;p90p91;34052.7890625;;;;
;US-SD;1925;p95p96;49131.6601562;;;;
;US-SD;1925;p95p100;;;;0.2154175639;0.2154175639
;US-SD;1925;p99.5p100;118198.289062;;;0.0518239923;0.0518239923
;US-SD;1924;p0p100;11192.4833984;;2873563392.0;;
;US-SD;1924;p99p100;82894.5234375;;;0.0740626827;0.0740626827
;US-SD;1924;p99.9p100;213063.28125;;;0.0190362837;0.0190362837
;US-SD;1924;p99.99p100;548885.125;;;0.0049040518;0.0049040518
;US-SD;1924;p90p100;;;;0.3041976988;0.3041976988
;US-SD;1924;p90p91;34047.2734375;;;;
;US-SD;1924;p95p96;45913.2578125;;;;
;US-SD;1924;p95p100;;;;0.2051075697;0.2051075697
;US-SD;1924;p99.5p100;108100.09375;;;0.0482913852;0.0482913852
;US-SD;1923;p0p100;8645.73046875;;2190130688.0;;
;US-SD;1923;p99p100;75475.015625;;;0.0872974396;0.0872974396
;US-SD;1923;p99.9p100;192828.03125;;;0.0223032665;0.0223032665
;US-SD;1923;p99.99p100;460273.8125;;;0.0053237122;0.0053237122
;US-SD;1923;p90p100;;;;0.324054718;0.324054718
;US-SD;1923;p90p91;28016.8964844;;;;
;US-SD;1923;p95p96;40705.4179688;;;;
;US-SD;1923;p95p100;;;;0.2354076356;0.2354076356
;US-SD;1923;p99.5p100;98609.3125;;;0.0570277534;0.0570277534
;US-SD;1922;p0p100;8855.60644531;;2217680384.0;;
;US-SD;1922;p99p100;79662.53125;;;0.0899571851;0.0899571851
;US-SD;1922;p99.9p100;197935.625;;;0.0223514494;0.0223514494
;US-SD;1922;p99.99p100;479235.40625;;;0.0054116612;0.0054116612
;US-SD;1922;p90p100;;;;0.3262829185;0.3262829185
;US-SD;1922;p90p91;28894.3300781;;;;
;US-SD;1922;p95p96;41912.4882812;;;;
;US-SD;1922;p95p100;;;;0.2366438359;0.2366438359
;US-SD;1922;p99.5p100;101309.148438;;;0.0572005771;0.0572005771
;US-SD;1921;p0p100;7979.02832031;;1981632384.0;;
;US-SD;1921;p99p100;72616.8984375;;;0.0910097063;0.0910097063
;US-SD;1921;p99.9p100;177983.265625;;;0.0223063845;0.0223063845
;US-SD;1921;p99.99p100;390540.3125;;;0.0048945853;0.0048945853
;US-SD;1921;p90p100;;;;0.3287748396;0.3287748396
;US-SD;1921;p90p91;26233.0371094;;;;
;US-SD;1921;p95p96;38000.9453125;;;;
;US-SD;1921;p95p100;;;;0.2381301671;0.2381301671
;US-SD;1921;p99.5p100;92502.7421875;;;0.0579661764;0.0579661764
;US-SD;1920;p0p100;15635.9990234;;3829683968.0;;
;US-SD;1920;p99p100;107708.195312;;;0.0688847527;0.0688847527
;US-SD;1920;p99.9p100;250679.3125;;;0.0160321929;0.0160321929
;US-SD;1920;p99.99p100;493760.3125;;;0.0031578434;0.0031578434
;US-SD;1920;p90p100;;;;0.2562050819;0.2562050819
;US-SD;1920;p90p91;40060.2226562;;;;
;US-SD;1920;p95p96;54575.6484375;;;;
;US-SD;1920;p95p100;;;;0.1745192409;0.1745192409
;US-SD;1920;p99.5p100;142502.171875;;;0.0455686226;0.0455686226
;US-SD;1919;p0p100;26351.8867188;;6386949120.0;;
;US-SD;1919;p99p100;139245.671875;;;0.0528408773;0.0528408773
;US-SD;1919;p99.9p100;329208.0625;;;0.0124927703;0.0124927703
;US-SD;1919;p99.99p100;675427.75;;;0.0025631096;0.0025631096
;US-SD;1919;p90p100;;;;0.2162770778;0.2162770778
;US-SD;1919;p90p91;56993.0898438;;;;
;US-SD;1919;p95p96;73968.28125;;;;
;US-SD;1919;p95p100;;;;0.1403472126;0.1403472126
;US-SD;1919;p99.5p100;180497.34375;;;0.0342475139;0.0342475139
;US-SD;1918;p0p100;37347.59375;;9009860608.0;;
;US-SD;1918;p99p100;140615.53125;;;0.0376504883;0.0376504883
;US-SD;1918;p99.9p100;317109.625;;;0.0084907636;0.0084907636
;US-SD;1918;p99.99p100;736867.8125;;;0.0019729992;0.0019729992
;US-SD;1918;p90p100;;;;0.1781500131;0.1781500131
;US-SD;1918;p90p91;66534.75;;;;
;US-SD;1918;p95p96;82368.2734375;;;;
;US-SD;1918;p95p100;;;;0.1102725193;0.1102725193
;US-SD;1918;p99.5p100;176821.96875;;;0.023672469;0.023672469
;US-SD;1917;p0p100;33326.3046875;;8107824640.0;;
