Date,Median,Upper,Lower
1850/01,-0.7,-0.757,-0.627
1850/02,-0.286,-0.342,-0.218
1850/03,-0.732,-0.799,-0.68
1850/04,-0.563,-0.62,-0.493
1850/05,-0.327,-0.386,-0.279
1850/06,-0.213,-0.273,-0.159
1850/07,-0.125,-0.187,-0.072
1850/08,-0.237,-0.286,-0.187
1850/09,-0.439,-0.491,-0.386
1850/10,-0.451,-0.504,-0.39
1850/11,-0.187,-0.242,-0.133
1850/12,-0.257,-0.321,-0.198
1851/01,-0.296,-0.354,-0.22
1851/02,-0.356,-0.413,-0.277
1851/03,-0.479,-0.546,-0.421
1851/04,-0.441,-0.504,-0.37
1851/05,-0.295,-0.356,-0.25
1851/06,-0.197,-0.264,-0.141
1851/07,-0.212,-0.277,-0.156
1851/08,-0.157,-0.204,-0.106
1851/09,-0.101,-0.154,-0.05
1851/10,-0.057,-0.109,0.005
1851/11,-0.02,-0.076,0.028
1851/12,-0.051,-0.11,0.012
1852/01,-0.315,-0.371,-0.238
1852/02,-0.477,-0.527,-0.409
1852/03,-0.502,-0.568,-0.448
1852/04,-0.557,-0.616,-0.487
1852/05,-0.211,-0.266,-0.159
1852/06,-0.04,-0.102,0.017
1852/07,-0.018,-0.077,0.041
1852/08,-0.202,-0.255,-0.153
1852/09,-0.125,-0.173,-0.07
1852/10,-0.216,-0.272,-0.159
1852/11,-0.193,-0.249,-0.141
1852/12,0.073,0.014,0.132
1853/01,-0.182,-0.232,-0.106
1853/02,-0.327,-0.376,-0.261
1853/03,-0.309,-0.371,-0.256
1853/04,-0.355,-0.411,-0.284
1853/05,-0.268,-0.325,-0.217
1853/06,-0.175,-0.234,-0.121
1853/07,-0.059,-0.116,-0.005
1853/08,-0.148,-0.201,-0.1
1853/09,-0.404,-0.455,-0.356
1853/10,-0.362,-0.412,-0.307
1853/11,-0.255,-0.306,-0.203
1853/12,-0.437,-0.494,-0.378
1854/01,-0.365,-0.412,-0.293
1854/02,-0.282,-0.334,-0.223
1854/03,-0.286,-0.347,-0.238
1854/04,-0.353,-0.416,-0.287
1854/05,-0.233,-0.291,-0.182
1854/06,-0.219,-0.276,-0.167
1854/07,-0.227,-0.278,-0.175
1854/08,-0.167,-0.219,-0.121
1854/09,-0.119,-0.174,-0.068
1854/10,-0.192,-0.247,-0.134
1854/11,-0.367,-0.418,-0.319
1854/12,-0.233,-0.298,-0.176
1855/01,-0.169,-0.219,-0.101
1855/02,-0.401,-0.452,-0.338
1855/03,-0.306,-0.368,-0.253
1855/04,-0.223,-0.28,-0.154
1855/05,-0.338,-0.394,-0.289
1855/06,-0.167,-0.227,-0.111
1855/07,-0.271,-0.325,-0.216
1855/08,-0.163,-0.216,-0.112
1855/09,-0.336,-0.387,-0.278
1855/10,-0.217,-0.279,-0.163
1855/11,-0.214,-0.27,-0.16
1855/12,-0.518,-0.58,-0.457
1856/01,-0.122,-0.175,-0.05
1856/02,-0.376,-0.426,-0.315
1856/03,-0.528,-0.596,-0.474
1856/04,-0.38,-0.445,-0.308
1856/05,-0.129,-0.185,-0.079
1856/06,-0.291,-0.354,-0.236
1856/07,-0.304,-0.361,-0.246
1856/08,-0.309,-0.358,-0.258
1856/09,-0.461,-0.51,-0.409
1856/10,-0.391,-0.451,-0.33
1856/11,-0.608,-0.655,-0.551
1856/12,-0.449,-0.506,-0.383
1857/01,-0.513,-0.562,-0.448
1857/02,-0.345,-0.395,-0.282
1857/03,-0.434,-0.493,-0.384
1857/04,-0.649,-0.706,-0.585
1857/05,-0.57,-0.634,-0.521
1857/06,-0.31,-0.379,-0.255
1857/07,-0.541,-0.593,-0.489
1857/08,-0.329,-0.375,-0.279
1857/09,-0.393,-0.442,-0.343
1857/10,-0.474,-0.538,-0.417
1857/11,-0.668,-0.723,-0.612
1857/12,-0.358,-0.421,-0.304
1858/01,-0.528,-0.579,-0.462
1858/02,-0.708,-0.763,-0.644
1858/03,-0.548,-0.619,-0.499
1858/04,-0.512,-0.571,-0.436
1858/05,-0.653,-0.718,-0.605
1858/06,-0.582,-0.654,-0.525
1858/07,-0.329,-0.386,-0.276
1858/08,-0.278,-0.328,-0.233
1858/09,-0.332,-0.388,-0.285
1858/10,-0.211,-0.283,-0.152
1858/11,-0.643,-0.701,-0.587
1858/12,-0.304,-0.366,-0.242
1859/01,-0.308,-0.365,-0.245
1859/02,-0.189,-0.244,-0.13
1859/03,-0.327,-0.398,-0.277
1859/04,-0.195,-0.256,-0.123
1859/05,-0.307,-0.377,-0.257
1859/06,-0.248,-0.323,-0.193
1859/07,-0.274,-0.338,-0.22
1859/08,-0.1,-0.168,-0.048
1859/09,-0.565,-0.62,-0.516
1859/10,-0.249,-0.313,-0.196
1859/11,-0.315,-0.376,-0.263
1859/12,-0.363,-0.426,-0.304
1860/01,-0.181,-0.239,-0.123
1860/02,-0.426,-0.482,-0.367
1860/03,-0.642,-0.713,-0.59
1860/04,-0.332,-0.395,-0.265
1860/05,-0.293,-0.368,-0.247
1860/06,-0.309,-0.378,-0.251
1860/07,-0.109,-0.172,-0.058
1860/08,-0.182,-0.238,-0.125
1860/09,-0.217,-0.268,-0.159
1860/10,-0.195,-0.258,-0.143
1860/11,-0.515,-0.581,-0.46
1860/12,-0.762,-0.839,-0.704
1861/01,-0.893,-0.96,-0.833
1861/02,-0.508,-0.577,-0.444
1861/03,-0.464,-0.553,-0.399
1861/04,-0.386,-0.458,-0.319
1861/05,-0.768,-0.859,-0.708
1861/06,-0.189,-0.281,-0.125
1861/07,-0.221,-0.316,-0.143
1861/08,-0.094,-0.16,-0.037
1861/09,-0.33,-0.402,-0.272
1861/10,-0.362,-0.432,-0.313
1861/11,-0.417,-0.484,-0.368
1861/12,-0.247,-0.336,-0.174
1862/01,-0.742,-0.818,-0.672
1862/02,-0.78,-0.858,-0.706
1862/03,-0.403,-0.475,-0.345
1862/04,-0.24,-0.306,-0.165
1862/05,-0.225,-0.302,-0.176
1862/06,-0.336,-0.406,-0.273
1862/07,-0.344,-0.419,-0.287
1862/08,-0.7,-0.774,-0.641
1862/09,-0.42,-0.483,-0.367
1862/10,-0.42,-0.503,-0.359
1862/11,-0.766,-0.845,-0.714
1862/12,-0.887,-0.978,-0.812
1863/01,0.122,0.055,0.19
1863/02,-0.024,-0.093,0.047
1863/03,-0.365,-0.442,-0.306
1863/04,-0.244,-0.315,-0.176
1863/05,-0.329,-0.406,-0.279
1863/06,-0.402,-0.478,-0.336
1863/07,-0.423,-0.51,-0.358
1863/08,-0.326,-0.397,-0.263
1863/09,-0.316,-0.393,-0.25
1863/10,-0.384,-0.453,-0.325
1863/11,-0.329,-0.406,-0.266
1863/12,-0.341,-0.423,-0.262
1864/01,-0.941,-1.014,-0.873
1864/02,-0.632,-0.704,-0.562
1864/03,-0.507,-0.588,-0.443
1864/04,-0.548,-0.616,-0.483
1864/05,-0.454,-0.544,-0.399
1864/06,-0.165,-0.242,-0.102
1864/07,-0.159,-0.239,-0.1
1864/08,-0.311,-0.391,-0.252
1864/09,-0.445,-0.525,-0.384
1864/10,-0.706,-0.788,-0.643
1864/11,-0.472,-0.544,-0.412
1864/12,-0.615,-0.694,-0.541
1865/01,-0.101,-0.176,-0.032
1865/02,-0.615,-0.702,-0.542
1865/03,-0.646,-0.729,-0.578
1865/04,-0.236,-0.31,-0.17
1865/05,-0.265,-0.353,-0.207
1865/06,-0.285,-0.367,-0.216
1865/07,-0.136,-0.218,-0.061
1865/08,-0.21,-0.292,-0.151
1865/09,-0.085,-0.17,-0.017
1865/10,-0.27,-0.378,-0.204
1865/11,-0.2,-0.287,-0.145
1865/12,-0.342,-0.425,-0.269
1866/01,0.037,-0.051,0.104
1866/02,-0.216,-0.302,-0.156
1866/03,-0.596,-0.686,-0.525
1866/04,-0.265,-0.362,-0.201
1866/05,-0.53,-0.636,-0.467
1866/06,0.098,0.007,0.159
1866/07,0.018,-0.074,0.087
1866/08,-0.273,-0.353,-0.213
1866/09,-0.232,-0.318,-0.163
1866/10,-0.425,-0.522,-0.353
1866/11,-0.309,-0.396,-0.238
1866/12,-0.334,-0.438,-0.266
1867/01,-0.313,-0.411,-0.24
1867/02,0.007,-0.079,0.08
1867/03,-0.714,-0.805,-0.646
1867/04,-0.266,-0.355,-0.2
1867/05,-0.546,-0.639,-0.483
1867/06,-0.304,-0.391,-0.242
1867/07,-0.247,-0.335,-0.177
1867/08,-0.234,-0.325,-0.164
1867/09,-0.103,-0.192,-0.036
1867/10,-0.186,-0.276,-0.116
1867/11,-0.314,-0.409,-0.243
1867/12,-0.628,-0.725,-0.562
1868/01,-0.7,-0.81,-0.622
1868/02,-0.471,-0.57,-0.383
1868/03,-0.079,-0.182,-0.005
1868/04,-0.381,-0.459,-0.31
1868/05,-0.077,-0.183,-0.023
1868/06,-0.178,-0.274,-0.114
1868/07,0.138,0.047,0.202
1868/08,-0.041,-0.136,0.021
1868/09,-0.202,-0.282,-0.142
1868/10,-0.238,-0.317,-0.17
1868/11,-0.505,-0.587,-0.442
1868/12,-0.131,-0.227,-0.064
1869/01,-0.249,-0.346,-0.186
1869/02,0.258,0.17,0.315
1869/03,-0.591,-0.672,-0.528
1869/04,-0.221,-0.292,-0.151
1869/05,-0.281,-0.36,-0.225
1869/06,-0.376,-0.451,-0.32
1869/07,-0.293,-0.372,-0.237
1869/08,-0.084,-0.151,-0.03
1869/09,-0.196,-0.256,-0.138
1869/10,-0.417,-0.488,-0.361
1869/11,-0.371,-0.441,-0.311
1869/12,-0.358,-0.432,-0.291
1870/01,-0.082,-0.163,-0.009
1870/02,-0.453,-0.523,-0.394
1870/03,-0.4,-0.467,-0.339
1870/04,-0.206,-0.262,-0.141
1870/05,-0.168,-0.247,-0.115
1870/06,-0.216,-0.283,-0.164
1870/07,0.018,-0.049,0.078
1870/08,-0.259,-0.327,-0.206
1870/09,-0.264,-0.326,-0.213
1870/10,-0.403,-0.476,-0.339
1870/11,-0.17,-0.23,-0.112
1870/12,-0.72,-0.795,-0.661
1871/01,-0.528,-0.606,-0.465
1871/02,-0.548,-0.621,-0.478
1871/03,0.003,-0.078,0.07
1871/04,-0.139,-0.208,-0.069
1871/05,-0.309,-0.389,-0.255
1871/06,-0.222,-0.292,-0.168
1871/07,-0.013,-0.084,0.049
1871/08,-0.221,-0.284,-0.167
1871/09,-0.453,-0.519,-0.401
1871/10,-0.48,-0.558,-0.422
1871/11,-0.538,-0.603,-0.483
1871/12,-0.561,-0.637,-0.507
1872/01,-0.31,-0.388,-0.247
1872/02,-0.405,-0.476,-0.346
1872/03,-0.47,-0.553,-0.405
1872/04,-0.15,-0.216,-0.08
1872/05,-0.041,-0.125,0.014
1872/06,-0.205,-0.279,-0.151
1872/07,-0.113,-0.177,-0.049
1872/08,-0.027,-0.095,0.026
1872/09,-0.128,-0.189,-0.07
1872/10,-0.227,-0.294,-0.168
1872/11,-0.244,-0.305,-0.185
1872/12,-0.426,-0.492,-0.373
1873/01,-0.03,-0.102,0.036
1873/02,-0.344,-0.417,-0.281
1873/03,-0.29,-0.37,-0.234
1873/04,-0.524,-0.587,-0.463
1873/05,-0.412,-0.486,-0.358
1873/06,-0.257,-0.321,-0.2
1873/07,-0.15,-0.222,-0.077
1873/08,-0.159,-0.215,-0.099
1873/09,-0.355,-0.415,-0.293
1873/10,-0.401,-0.462,-0.338
1873/11,-0.464,-0.524,-0.4
1873/12,-0.272,-0.334,-0.212
1874/01,0.063,-0.016,0.137
1874/02,-0.435,-0.507,-0.38
1874/03,-0.556,-0.637,-0.495
1874/04,-0.504,-0.568,-0.437
1874/05,-0.467,-0.551,-0.405
1874/06,-0.457,-0.533,-0.397
1874/07,-0.169,-0.24,-0.105
1874/08,-0.363,-0.431,-0.308
1874/09,-0.204,-0.273,-0.148
1874/10,-0.433,-0.495,-0.383
1874/11,-0.501,-0.563,-0.441
1874/12,-0.404,-0.471,-0.341
1875/01,-0.571,-0.651,-0.502
1875/02,-0.597,-0.67,-0.532
1875/03,-0.597,-0.675,-0.537
1875/04,-0.466,-0.528,-0.404
1875/05,-0.175,-0.263,-0.119
1875/06,-0.233,-0.3,-0.172
1875/07,-0.299,-0.375,-0.234
1875/08,-0.18,-0.254,-0.119
1875/09,-0.268,-0.348,-0.213
1875/10,-0.363,-0.437,-0.307
1875/11,-0.503,-0.566,-0.447
1875/12,-0.506,-0.584,-0.444
1876/01,-0.315,-0.383,-0.25
1876/02,-0.279,-0.356,-0.216
1876/03,-0.388,-0.469,-0.323
1876/04,-0.298,-0.365,-0.236
1876/05,-0.533,-0.621,-0.477
1876/06,-0.282,-0.359,-0.225
1876/07,-0.137,-0.207,-0.069
1876/08,-0.248,-0.317,-0.186
1876/09,-0.436,-0.509,-0.375
1876/10,-0.388,-0.463,-0.328
1876/11,-0.586,-0.646,-0.532
1876/12,-0.716,-0.789,-0.648
1877/01,-0.327,-0.411,-0.259
1877/02,0.049,-0.025,0.112
1877/03,-0.28,-0.367,-0.214
1877/04,-0.321,-0.389,-0.261
1877/05,-0.454,-0.547,-0.394
1877/06,-0.092,-0.17,-0.031
1877/07,0.013,-0.064,0.071
1877/08,0.147,0.072,0.21
1877/09,0.028,-0.041,0.078
1877/10,0.062,-0.006,0.123
1877/11,0.096,0.035,0.158
1877/12,0.17,0.105,0.243
1878/01,0.174,0.105,0.235
1878/02,0.403,0.33,0.468
1878/03,0.343,0.264,0.405
1878/04,0.319,0.252,0.375
1878/05,-0.082,-0.175,-0.028
1878/06,0.019,-0.047,0.076
1878/07,-0.049,-0.126,0.012
1878/08,-0.023,-0.09,0.034
1878/09,0.017,-0.048,0.067
1878/10,-0.122,-0.184,-0.065
1878/11,-0.2,-0.262,-0.147
1878/12,-0.356,-0.422,-0.295
1879/01,-0.193,-0.27,-0.134
1879/02,-0.149,-0.219,-0.084
1879/03,-0.094,-0.171,-0.037
1879/04,-0.214,-0.273,-0.155
1879/05,-0.212,-0.291,-0.16
1879/06,-0.27,-0.334,-0.216
1879/07,-0.23,-0.301,-0.173
1879/08,-0.167,-0.22,-0.115
1879/09,-0.215,-0.276,-0.165
1879/10,-0.122,-0.183,-0.062
1879/11,-0.39,-0.449,-0.33
1879/12,-0.515,-0.585,-0.452
1880/01,-0.067,-0.138,0.002
1880/02,-0.173,-0.242,-0.109
1880/03,-0.104,-0.182,-0.049
1880/04,-0.15,-0.21,-0.085
1880/05,-0.244,-0.334,-0.192
1880/06,-0.307,-0.371,-0.249
1880/07,-0.247,-0.305,-0.189
1880/08,-0.116,-0.172,-0.065
1880/09,-0.235,-0.299,-0.184
1880/10,-0.386,-0.446,-0.327
1880/11,-0.408,-0.469,-0.351
1880/12,-0.294,-0.365,-0.233
1881/01,-0.353,-0.426,-0.3
1881/02,-0.234,-0.306,-0.172
1881/03,-0.181,-0.255,-0.119
1881/04,-0.131,-0.189,-0.073
1881/05,-0.03,-0.12,0.029
1881/06,-0.23,-0.296,-0.175
1881/07,-0.148,-0.21,-0.088
1881/08,-0.123,-0.176,-0.065
1881/09,-0.24,-0.296,-0.191
1881/10,-0.275,-0.335,-0.217
1881/11,-0.334,-0.388,-0.28
1881/12,-0.13,-0.198,-0.069
1882/01,0.125,0.058,0.181
1882/02,-0.008,-0.075,0.053
1882/03,-0.051,-0.124,0.011
1882/04,-0.283,-0.34,-0.224
1882/05,-0.372,-0.461,-0.323
1882/06,-0.315,-0.382,-0.262
1882/07,-0.187,-0.247,-0.13
1882/08,-0.221,-0.28,-0.163
1882/09,-0.156,-0.22,-0.11
1882/10,-0.329,-0.393,-0.275
1882/11,-0.312,-0.375,-0.251
1882/12,-0.471,-0.538,-0.412
1883/01,-0.4,-0.466,-0.349
1883/02,-0.321,-0.385,-0.254
1883/03,-0.346,-0.414,-0.29
1883/04,-0.397,-0.455,-0.339
1883/05,-0.256,-0.344,-0.196
1883/06,-0.124,-0.183,-0.068
1883/07,-0.2,-0.266,-0.14
1883/08,-0.21,-0.266,-0.159
1883/09,-0.279,-0.335,-0.232
1883/10,-0.379,-0.435,-0.322
1883/11,-0.312,-0.371,-0.256
1883/12,-0.323,-0.393,-0.258
1884/01,-0.403,-0.47,-0.344
1884/02,-0.217,-0.287,-0.154
1884/03,-0.459,-0.533,-0.397
1884/04,-0.527,-0.582,-0.471
1884/05,-0.396,-0.475,-0.343
1884/06,-0.411,-0.465,-0.358
1884/07,-0.424,-0.483,-0.373
1884/08,-0.413,-0.469,-0.363
1884/09,-0.346,-0.399,-0.295
1884/10,-0.332,-0.391,-0.281
1884/11,-0.567,-0.625,-0.52
1884/12,-0.415,-0.477,-0.352
1885/01,-0.502,-0.571,-0.452
1885/02,-0.412,-0.478,-0.353
1885/03,-0.482,-0.547,-0.424
1885/04,-0.469,-0.528,-0.416
1885/05,-0.518,-0.605,-0.467
1885/06,-0.486,-0.546,-0.434
1885/07,-0.316,-0.384,-0.257
1885/08,-0.505,-0.561,-0.457
1885/09,-0.329,-0.383,-0.281
1885/10,-0.242,-0.296,-0.19
1885/11,-0.262,-0.323,-0.212
1885/12,-0.155,-0.218,-0.092
1886/01,-0.396,-0.465,-0.347
1886/02,-0.47,-0.535,-0.409
1886/03,-0.412,-0.473,-0.355
1886/04,-0.338,-0.396,-0.28
1886/05,-0.188,-0.271,-0.131
1886/06,-0.382,-0.436,-0.327
1886/07,-0.28,-0.34,-0.22
1886/08,-0.335,-0.39,-0.283
1886/09,-0.432,-0.485,-0.38
1886/10,-0.361,-0.417,-0.308
1886/11,-0.423,-0.485,-0.374
1886/12,-0.42,-0.485,-0.358
1887/01,-0.566,-0.634,-0.511
1887/02,-0.556,-0.624,-0.497
1887/03,-0.457,-0.523,-0.401
1887/04,-0.435,-0.496,-0.378
1887/05,-0.355,-0.445,-0.294
1887/06,-0.404,-0.466,-0.347
1887/07,-0.274,-0.339,-0.221
1887/08,-0.362,-0.421,-0.318
1887/09,-0.337,-0.394,-0.287
1887/10,-0.499,-0.556,-0.443
1887/11,-0.404,-0.461,-0.356
1887/12,-0.395,-0.459,-0.337
1888/01,-0.591,-0.658,-0.531
1888/02,-0.44,-0.513,-0.385
1888/03,-0.534,-0.606,-0.473
1888/04,-0.238,-0.295,-0.186
1888/05,-0.347,-0.427,-0.288
1888/06,-0.292,-0.353,-0.246
1888/07,-0.304,-0.368,-0.24
1888/08,-0.278,-0.343,-0.23
1888/09,-0.219,-0.279,-0.172
1888/10,-0.095,-0.146,-0.038
1888/11,-0.194,-0.262,-0.146
1888/12,-0.169,-0.246,-0.114
1889/01,-0.067,-0.135,-0.005
1889/02,-0.082,-0.158,-0.023
1889/03,-0.064,-0.137,0.001
1889/04,0.01,-0.048,0.068
1889/05,-0.08,-0.171,-0.021
1889/06,-0.144,-0.215,-0.084
1889/07,-0.191,-0.263,-0.123
1889/08,-0.22,-0.282,-0.17
1889/09,-0.381,-0.449,-0.332
1889/10,-0.298,-0.361,-0.236
1889/11,-0.398,-0.467,-0.335
1889/12,-0.179,-0.254,-0.122
1890/01,-0.329,-0.394,-0.272
1890/02,-0.368,-0.446,-0.302
1890/03,-0.463,-0.537,-0.393
1890/04,-0.324,-0.39,-0.259
1890/05,-0.417,-0.512,-0.356
1890/06,-0.371,-0.446,-0.311
1890/07,-0.405,-0.489,-0.337
1890/08,-0.416,-0.493,-0.369
1890/09,-0.473,-0.538,-0.422
1890/10,-0.498,-0.568,-0.435
1890/11,-0.555,-0.62,-0.499
1890/12,-0.411,-0.488,-0.353
1891/01,-0.512,-0.584,-0.453
1891/02,-0.474,-0.551,-0.407
1891/03,-0.363,-0.442,-0.291
1891/04,-0.358,-0.429,-0.296
1891/05,-0.199,-0.306,-0.137
1891/06,-0.288,-0.37,-0.221
1891/07,-0.323,-0.406,-0.246
1891/08,-0.313,-0.4,-0.254
1891/09,-0.193,-0.275,-0.137
1891/10,-0.322,-0.407,-0.267
1891/11,-0.541,-0.607,-0.478
1891/12,-0.115,-0.206,-0.054
1892/01,-0.398,-0.473,-0.337
1892/02,-0.112,-0.188,-0.055
1892/03,-0.47,-0.546,-0.404
1892/04,-0.484,-0.551,-0.421
1892/05,-0.403,-0.5,-0.338
1892/06,-0.461,-0.535,-0.386
1892/07,-0.526,-0.608,-0.453
1892/08,-0.443,-0.535,-0.382
1892/09,-0.325,-0.398,-0.277
1892/10,-0.441,-0.524,-0.382
1892/11,-0.627,-0.695,-0.56
1892/12,-0.793,-0.876,-0.731
1893/01,-0.974,-1.057,-0.913
1893/02,-0.727,-0.807,-0.659
1893/03,-0.373,-0.458,-0.305
1893/04,-0.567,-0.64,-0.507
1893/05,-0.559,-0.656,-0.494
1893/06,-0.459,-0.542,-0.393
1893/07,-0.277,-0.362,-0.204
1893/08,-0.291,-0.377,-0.238
1893/09,-0.43,-0.501,-0.38
1893/10,-0.274,-0.35,-0.217
1893/11,-0.415,-0.485,-0.348
1893/12,-0.34,-0.417,-0.274
1894/01,-0.465,-0.539,-0.411
1894/02,-0.374,-0.461,-0.312
1894/03,-0.38,-0.468,-0.31
1894/04,-0.388,-0.463,-0.328
1894/05,-0.421,-0.524,-0.361
1894/06,-0.493,-0.572,-0.424
1894/07,-0.315,-0.406,-0.241
1894/08,-0.341,-0.424,-0.281
1894/09,-0.458,-0.528,-0.405
1894/10,-0.444,-0.528,-0.378
1894/11,-0.42,-0.497,-0.351
1894/12,-0.41,-0.484,-0.352
1895/01,-0.497,-0.576,-0.44
1895/02,-0.677,-0.76,-0.616
1895/03,-0.519,-0.61,-0.453
1895/04,-0.405,-0.48,-0.337
1895/05,-0.415,-0.508,-0.354
1895/06,-0.333,-0.418,-0.265
1895/07,-0.348,-0.437,-0.268
1895/08,-0.261,-0.338,-0.203
1895/09,-0.284,-0.355,-0.238
1895/10,-0.337,-0.403,-0.279
1895/11,-0.297,-0.367,-0.227
1895/12,-0.318,-0.397,-0.258
1896/01,-0.219,-0.295,-0.162
1896/02,-0.23,-0.311,-0.165
1896/03,-0.387,-0.475,-0.317
1896/04,-0.352,-0.423,-0.287
1896/05,-0.205,-0.309,-0.143
1896/06,-0.119,-0.205,-0.052
1896/07,-0.112,-0.189,-0.047
1896/08,-0.063,-0.135,-0.011
1896/09,-0.109,-0.18,-0.06
1896/10,-0.123,-0.191,-0.062
1896/11,-0.286,-0.359,-0.221
1896/12,-0.034,-0.115,0.024
1897/01,-0.203,-0.277,-0.134
1897/02,-0.125,-0.204,-0.062
1897/03,-0.275,-0.364,-0.211
1897/04,-0.076,-0.147,-0.015
1897/05,-0.031,-0.119,0.032
1897/06,-0.155,-0.24,-0.087
1897/07,-0.157,-0.236,-0.082
1897/08,-0.149,-0.219,-0.09
1897/09,-0.135,-0.204,-0.087
1897/10,-0.258,-0.33,-0.196
1897/11,-0.453,-0.516,-0.383
1897/12,-0.477,-0.559,-0.417
1898/01,-0.085,-0.156,-0.022
1898/02,-0.38,-0.462,-0.322
1898/03,-0.749,-0.833,-0.677
1898/04,-0.573,-0.644,-0.508
1898/05,-0.474,-0.57,-0.416
1898/06,-0.319,-0.403,-0.259
1898/07,-0.377,-0.455,-0.306
1898/08,-0.306,-0.377,-0.252
1898/09,-0.332,-0.405,-0.282
1898/10,-0.556,-0.624,-0.491
1898/11,-0.449,-0.52,-0.376
1898/12,-0.346,-0.427,-0.284
1899/01,-0.208,-0.284,-0.152
1899/02,-0.494,-0.579,-0.432
1899/03,-0.544,-0.626,-0.478
1899/04,-0.351,-0.418,-0.283
1899/05,-0.316,-0.404,-0.252
1899/06,-0.39,-0.478,-0.319
1899/07,-0.275,-0.351,-0.201
1899/08,-0.147,-0.216,-0.092
1899/09,-0.136,-0.206,-0.074
1899/10,-0.188,-0.262,-0.124
1899/11,0.028,-0.048,0.098
1899/12,-0.45,-0.531,-0.38
1900/01,-0.266,-0.343,-0.2
1900/02,-0.172,-0.261,-0.105
1900/03,-0.285,-0.368,-0.214
1900/04,-0.261,-0.328,-0.188
1900/05,-0.273,-0.372,-0.201
1900/06,-0.18,-0.274,-0.104
1900/07,-0.19,-0.265,-0.119
1900/08,-0.185,-0.254,-0.128
1900/09,-0.23,-0.304,-0.176
1900/10,-0.058,-0.132,0.004
1900/11,-0.263,-0.325,-0.193
1900/12,-0.075,-0.161,-0.008
1901/01,-0.176,-0.259,-0.11
1901/02,-0.272,-0.358,-0.21
1901/03,-0.236,-0.317,-0.164
1901/04,-0.187,-0.259,-0.122
1901/05,-0.196,-0.29,-0.13
1901/06,-0.146,-0.235,-0.074
1901/07,-0.188,-0.273,-0.11
1901/08,-0.196,-0.271,-0.139
1901/09,-0.343,-0.418,-0.284
1901/10,-0.298,-0.37,-0.237
1901/11,-0.442,-0.514,-0.364
1901/12,-0.428,-0.517,-0.354
1902/01,-0.232,-0.314,-0.166
1902/02,-0.26,-0.341,-0.195
1902/03,-0.398,-0.473,-0.33
1902/04,-0.451,-0.512,-0.386
1902/05,-0.401,-0.485,-0.341
1902/06,-0.424,-0.511,-0.356
1902/07,-0.391,-0.469,-0.322
1902/08,-0.368,-0.43,-0.32
1902/09,-0.361,-0.433,-0.303
1902/10,-0.477,-0.551,-0.415
1902/11,-0.538,-0.609,-0.474
1902/12,-0.526,-0.608,-0.469
1903/01,-0.269,-0.344,-0.207
1903/02,-0.181,-0.27,-0.125
1903/03,-0.358,-0.43,-0.286
1903/04,-0.473,-0.537,-0.408
1903/05,-0.463,-0.545,-0.406
1903/06,-0.537,-0.627,-0.473
1903/07,-0.485,-0.562,-0.419
1903/08,-0.587,-0.654,-0.539
1903/09,-0.518,-0.589,-0.458
1903/10,-0.653,-0.72,-0.596
1903/11,-0.634,-0.709,-0.569
1903/12,-0.604,-0.681,-0.535
1904/01,-0.644,-0.716,-0.586
1904/02,-0.59,-0.678,-0.532
1904/03,-0.661,-0.731,-0.597
1904/04,-0.553,-0.62,-0.491
1904/05,-0.527,-0.618,-0.47
1904/06,-0.522,-0.617,-0.459
1904/07,-0.522,-0.6,-0.455
1904/08,-0.477,-0.545,-0.426
1904/09,-0.478,-0.553,-0.413
1904/10,-0.473,-0.541,-0.413
1904/11,-0.387,-0.461,-0.317
1904/12,-0.407,-0.484,-0.346
1905/01,-0.46,-0.532,-0.394
1905/02,-0.703,-0.794,-0.647
1905/03,-0.462,-0.535,-0.397
1905/04,-0.555,-0.617,-0.484
1905/05,-0.344,-0.44,-0.287
1905/06,-0.314,-0.402,-0.245
1905/07,-0.297,-0.367,-0.227
1905/08,-0.301,-0.367,-0.247
1905/09,-0.313,-0.385,-0.247
1905/10,-0.363,-0.431,-0.305
1905/11,-0.218,-0.288,-0.152
1905/12,-0.199,-0.273,-0.135
1906/01,-0.075,-0.148,-0.011
1906/02,-0.225,-0.306,-0.166
1906/03,-0.284,-0.356,-0.21
1906/04,-0.115,-0.176,-0.046
1906/05,-0.329,-0.416,-0.268
1906/06,-0.287,-0.372,-0.222
1906/07,-0.315,-0.387,-0.247
1906/08,-0.319,-0.387,-0.262
1906/09,-0.385,-0.459,-0.328
1906/10,-0.351,-0.413,-0.289
1906/11,-0.427,-0.495,-0.36
1906/12,-0.283,-0.357,-0.218
1907/01,-0.431,-0.503,-0.367
1907/02,-0.512,-0.592,-0.45
1907/03,-0.338,-0.408,-0.272
1907/04,-0.507,-0.565,-0.435
1907/05,-0.555,-0.649,-0.499
1907/06,-0.524,-0.611,-0.459
1907/07,-0.402,-0.471,-0.333
1907/08,-0.452,-0.525,-0.407
1907/09,-0.405,-0.473,-0.353
1907/10,-0.359,-0.424,-0.305
1907/11,-0.581,-0.655,-0.529
1907/12,-0.525,-0.599,-0.464
1908/01,-0.412,-0.486,-0.354
1908/02,-0.413,-0.495,-0.355
1908/03,-0.636,-0.711,-0.565
1908/04,-0.55,-0.611,-0.488
1908/05,-0.474,-0.566,-0.416
1908/06,-0.472,-0.559,-0.411
1908/07,-0.469,-0.543,-0.404
1908/08,-0.532,-0.596,-0.478
1908/09,-0.454,-0.528,-0.39
1908/10,-0.579,-0.644,-0.519
1908/11,-0.596,-0.666,-0.539
1908/12,-0.568,-0.639,-0.507
1909/01,-0.579,-0.646,-0.512
1909/02,-0.531,-0.608,-0.471
1909/03,-0.69,-0.762,-0.617
1909/04,-0.604,-0.661,-0.543
1909/05,-0.586,-0.672,-0.525
1909/06,-0.512,-0.591,-0.452
1909/07,-0.573,-0.65,-0.508
1909/08,-0.317,-0.376,-0.259
1909/09,-0.398,-0.465,-0.342
1909/10,-0.481,-0.55,-0.425
1909/11,-0.42,-0.501,-0.361
1909/12,-0.591,-0.661,-0.526
1910/01,-0.352,-0.422,-0.289
1910/02,-0.514,-0.591,-0.45
1910/03,-0.487,-0.558,-0.414
1910/04,-0.45,-0.512,-0.382
1910/05,-0.466,-0.556,-0.41
1910/06,-0.482,-0.565,-0.42
1910/07,-0.466,-0.531,-0.397
1910/08,-0.436,-0.515,-0.38
1910/09,-0.441,-0.511,-0.38
1910/10,-0.482,-0.55,-0.425
1910/11,-0.652,-0.722,-0.594
1910/12,-0.666,-0.745,-0.604
1911/01,-0.554,-0.622,-0.494
1911/02,-0.753,-0.833,-0.691
1911/03,-0.701,-0.769,-0.618
1911/04,-0.717,-0.773,-0.651
1911/05,-0.6,-0.687,-0.548
1911/06,-0.567,-0.65,-0.503
1911/07,-0.51,-0.577,-0.445
1911/08,-0.5,-0.562,-0.448
1911/09,-0.511,-0.588,-0.442
1911/10,-0.465,-0.531,-0.403
1911/11,-0.374,-0.445,-0.313
1911/12,-0.293,-0.374,-0.229
1912/01,-0.361,-0.432,-0.295
1912/02,-0.288,-0.369,-0.219
1912/03,-0.385,-0.455,-0.309
1912/04,-0.342,-0.402,-0.275
1912/05,-0.375,-0.468,-0.311
1912/06,-0.312,-0.394,-0.244
1912/07,-0.453,-0.519,-0.388
1912/08,-0.559,-0.615,-0.497
1912/09,-0.557,-0.631,-0.499
1912/10,-0.641,-0.712,-0.578
1912/11,-0.518,-0.584,-0.459
1912/12,-0.484,-0.562,-0.422
1913/01,-0.451,-0.522,-0.39
1913/02,-0.508,-0.579,-0.445
1913/03,-0.537,-0.607,-0.457
1913/04,-0.431,-0.488,-0.366
1913/05,-0.513,-0.602,-0.446
1913/06,-0.505,-0.585,-0.439
1913/07,-0.431,-0.497,-0.369
1913/08,-0.39,-0.449,-0.338
1913/09,-0.426,-0.499,-0.37
1913/10,-0.425,-0.489,-0.362
1913/11,-0.264,-0.332,-0.211
1913/12,-0.232,-0.305,-0.164
1914/01,-0.079,-0.155,-0.015
1914/02,-0.211,-0.29,-0.148
1914/03,-0.326,-0.394,-0.248
1914/04,-0.39,-0.45,-0.33
1914/05,-0.282,-0.377,-0.213
1914/06,-0.281,-0.363,-0.211
1914/07,-0.328,-0.397,-0.261
1914/08,-0.214,-0.272,-0.165
1914/09,-0.255,-0.334,-0.181
1914/10,-0.146,-0.216,-0.081
1914/11,-0.183,-0.258,-0.12
1914/12,-0.249,-0.333,-0.177
1915/01,-0.111,-0.188,-0.046
1915/02,-0.044,-0.128,0.02
1915/03,-0.187,-0.262,-0.107
1915/04,-0.046,-0.108,0.019
1915/05,-0.196,-0.301,-0.13
1915/06,-0.215,-0.301,-0.142
1915/07,-0.1,-0.171,-0.015
1915/08,-0.065,-0.143,-0.003
1915/09,-0.128,-0.21,-0.055
1915/10,-0.255,-0.325,-0.182
1915/11,-0.138,-0.207,-0.068
1915/12,-0.253,-0.33,-0.188
1916/01,-0.235,-0.308,-0.164
1916/02,-0.181,-0.264,-0.116
1916/03,-0.406,-0.476,-0.327
1916/04,-0.339,-0.405,-0.257
1916/05,-0.351,-0.449,-0.281
1916/06,-0.472,-0.563,-0.391
1916/07,-0.378,-0.455,-0.292
1916/08,-0.342,-0.411,-0.278
1916/09,-0.335,-0.413,-0.267
1916/10,-0.395,-0.467,-0.324
1916/11,-0.572,-0.646,-0.513
1916/12,-0.629,-0.706,-0.56
1917/01,-0.68,-0.755,-0.607
1917/02,-0.765,-0.851,-0.682
1917/03,-0.832,-0.91,-0.745
1917/04,-0.477,-0.543,-0.415
1917/05,-0.662,-0.768,-0.591
1917/06,-0.357,-0.445,-0.279
1917/07,-0.122,-0.206,-0.042
1917/08,-0.226,-0.289,-0.151
1917/09,-0.125,-0.202,-0.051
1917/10,-0.385,-0.459,-0.316
1917/11,-0.386,-0.463,-0.316
1917/12,-0.635,-0.721,-0.564
1918/01,-0.501,-0.591,-0.427
1918/02,-0.514,-0.604,-0.439
1918/03,-0.445,-0.52,-0.355
1918/04,-0.49,-0.554,-0.41
1918/05,-0.426,-0.539,-0.351
1918/06,-0.329,-0.416,-0.246
1918/07,-0.336,-0.419,-0.25
1918/08,-0.358,-0.422,-0.286
1918/09,-0.243,-0.328,-0.165
1918/10,-0.095,-0.174,-0.024
1918/11,-0.05,-0.129,0.028
1918/12,-0.232,-0.321,-0.151
1919/01,-0.106,-0.198,-0.033
1919/02,-0.085,-0.182,0.003
1919/03,-0.306,-0.393,-0.225
1919/04,-0.072,-0.142,0.002
1919/05,-0.255,-0.347,-0.185
1919/06,-0.252,-0.339,-0.18
1919/07,-0.362,-0.44,-0.272
1919/08,-0.336,-0.403,-0.273
1919/09,-0.239,-0.323,-0.156
1919/10,-0.296,-0.382,-0.224
1919/11,-0.532,-0.606,-0.467
1919/12,-0.46,-0.536,-0.392
1920/01,-0.239,-0.321,-0.161
1920/02,-0.427,-0.516,-0.358
1920/03,-0.119,-0.194,-0.03
1920/04,-0.264,-0.335,-0.172
1920/05,-0.2,-0.29,-0.124
1920/06,-0.211,-0.299,-0.131
1920/07,-0.285,-0.369,-0.203
1920/08,-0.233,-0.294,-0.163
1920/09,-0.139,-0.223,-0.064
1920/10,-0.233,-0.313,-0.147
1920/11,-0.289,-0.355,-0.225
1920/12,-0.358,-0.437,-0.289
1921/01,-0.141,-0.221,-0.067
1921/02,-0.183,-0.266,-0.115
1921/03,-0.249,-0.323,-0.154
1921/04,-0.22,-0.284,-0.134
1921/05,-0.203,-0.292,-0.132
1921/06,-0.121,-0.213,-0.051
1921/07,-0.14,-0.224,-0.07
1921/08,-0.283,-0.344,-0.203
1921/09,-0.165,-0.242,-0.095
1921/10,-0.142,-0.223,-0.075
1921/11,-0.301,-0.373,-0.231
1921/12,-0.147,-0.227,-0.076
1922/01,-0.387,-0.467,-0.313
1922/02,-0.275,-0.358,-0.21
1922/03,-0.267,-0.347,-0.162
1922/04,-0.235,-0.299,-0.133
1922/05,-0.371,-0.456,-0.3
1922/06,-0.324,-0.404,-0.257
1922/07,-0.229,-0.308,-0.152
1922/08,-0.348,-0.405,-0.278
1922/09,-0.282,-0.354,-0.21
1922/10,-0.33,-0.408,-0.253
1922/11,-0.292,-0.365,-0.225
1922/12,-0.308,-0.387,-0.24
1923/01,-0.237,-0.319,-0.16
1923/02,-0.419,-0.506,-0.353
1923/03,-0.412,-0.493,-0.306
1923/04,-0.36,-0.435,-0.271
1923/05,-0.319,-0.406,-0.247
1923/06,-0.243,-0.332,-0.176
1923/07,-0.352,-0.437,-0.282
1923/08,-0.377,-0.438,-0.299
1923/09,-0.327,-0.398,-0.257
1923/10,-0.27,-0.352,-0.196
1923/11,-0.021,-0.099,0.042
1923/12,-0.014,-0.094,0.056
1924/01,-0.315,-0.395,-0.24
1924/02,-0.204,-0.281,-0.136
1924/03,-0.271,-0.348,-0.172
1924/04,-0.283,-0.351,-0.193
1924/05,-0.245,-0.333,-0.179
1924/06,-0.214,-0.303,-0.143
1924/07,-0.263,-0.351,-0.189
1924/08,-0.284,-0.345,-0.212
1924/09,-0.284,-0.354,-0.198
1924/10,-0.316,-0.4,-0.245
1924/11,-0.361,-0.439,-0.286
1924/12,-0.53,-0.614,-0.468
1925/01,-0.403,-0.482,-0.321
1925/02,-0.308,-0.392,-0.233
1925/03,-0.23,-0.312,-0.125
1925/04,-0.273,-0.351,-0.187
1925/05,-0.256,-0.346,-0.19
1925/06,-0.257,-0.349,-0.188
1925/07,-0.214,-0.301,-0.139
1925/08,-0.128,-0.189,-0.036
1925/09,-0.191,-0.27,-0.109
1925/10,-0.309,-0.386,-0.225
1925/11,-0.063,-0.148,0.007
1925/12,0.001,-0.074,0.071
1926/01,0.086,0.004,0.158
1926/02,-0.042,-0.118,0.033
1926/03,-0.028,-0.117,0.077
1926/04,-0.176,-0.242,-0.085
1926/05,-0.217,-0.302,-0.14
1926/06,-0.087,-0.182,-0.017
1926/07,-0.239,-0.325,-0.169
1926/08,-0.09,-0.154,-0.015
1926/09,-0.097,-0.168,-0.026
1926/10,-0.088,-0.166,-0.011
1926/11,-0.109,-0.194,-0.044
1926/12,-0.244,-0.327,-0.185
1927/01,-0.261,-0.337,-0.186
1927/02,-0.146,-0.22,-0.074
1927/03,-0.333,-0.422,-0.238
1927/04,-0.258,-0.328,-0.186
1927/05,-0.257,-0.344,-0.192
1927/06,-0.236,-0.325,-0.173
1927/07,-0.147,-0.234,-0.076
1927/08,-0.145,-0.203,-0.071
1927/09,-0.134,-0.2,-0.065
1927/10,-0.038,-0.12,0.037
1927/11,-0.173,-0.253,-0.1
1927/12,-0.422,-0.518,-0.355
1928/01,-0.054,-0.131,0.022
1928/02,-0.133,-0.219,-0.056
1928/03,-0.344,-0.434,-0.246
1928/04,-0.251,-0.328,-0.168
1928/05,-0.281,-0.365,-0.213
1928/06,-0.337,-0.427,-0.268
1928/07,-0.166,-0.246,-0.091
1928/08,-0.176,-0.234,-0.088
1928/09,-0.221,-0.295,-0.138
1928/10,-0.161,-0.236,-0.082
1928/11,-0.153,-0.231,-0.087
1928/12,-0.24,-0.336,-0.166
1929/01,-0.487,-0.569,-0.41
1929/02,-0.67,-0.753,-0.598
1929/03,-0.409,-0.497,-0.301
1929/04,-0.389,-0.475,-0.313
1929/05,-0.391,-0.474,-0.318
1929/06,-0.351,-0.44,-0.282
1929/07,-0.358,-0.443,-0.278
1929/08,-0.185,-0.255,-0.111
1929/09,-0.265,-0.335,-0.182
1929/10,-0.176,-0.253,-0.1
1929/11,-0.072,-0.15,0.001
1929/12,-0.488,-0.581,-0.411
1930/01,-0.327,-0.42,-0.243
1930/02,-0.287,-0.379,-0.214
1930/03,-0.15,-0.249,-0.03
1930/04,-0.201,-0.301,-0.106
1930/05,-0.201,-0.287,-0.126
1930/06,-0.165,-0.253,-0.084
1930/07,-0.122,-0.215,-0.035
1930/08,-0.056,-0.138,0.05
1930/09,-0.079,-0.16,0.002
1930/10,-0.089,-0.166,0.001
1930/11,0.078,-0.012,0.153
1930/12,-0.079,-0.188,0.003
1931/01,-0.007,-0.1,0.077
1931/02,-0.162,-0.253,-0.088
1931/03,-0.123,-0.22,-0.01
1931/04,-0.182,-0.279,-0.086
1931/05,-0.166,-0.253,-0.088
1931/06,-0.04,-0.13,0.044
1931/07,0.002,-0.086,0.086
1931/08,-0.054,-0.134,0.055
1931/09,-0.05,-0.127,0.031
1931/10,-0.046,-0.123,0.047
1931/11,-0.153,-0.241,-0.078
1931/12,-0.105,-0.211,-0.026
1932/01,0.157,0.062,0.244
1932/02,-0.196,-0.289,-0.121
1932/03,-0.243,-0.346,-0.132
1932/04,-0.069,-0.166,0.026
1932/05,-0.169,-0.256,-0.097
1932/06,-0.191,-0.279,-0.107
1932/07,-0.128,-0.218,-0.045
1932/08,-0.197,-0.273,-0.096
1932/09,-0.039,-0.117,0.036
1932/10,-0.176,-0.252,-0.086
1932/11,-0.235,-0.321,-0.161
1932/12,-0.194,-0.296,-0.113
1933/01,-0.295,-0.382,-0.212
1933/02,-0.324,-0.413,-0.252
1933/03,-0.348,-0.437,-0.239
1933/04,-0.222,-0.313,-0.132
1933/05,-0.213,-0.296,-0.14
1933/06,-0.261,-0.344,-0.183
1933/07,-0.185,-0.271,-0.104
1933/08,-0.179,-0.25,-0.078
1933/09,-0.235,-0.314,-0.163
1933/10,-0.204,-0.281,-0.121
1933/11,-0.316,-0.402,-0.247
1933/12,-0.531,-0.63,-0.459
1934/01,-0.225,-0.314,-0.149
1934/02,-0.165,-0.253,-0.096
1934/03,-0.396,-0.49,-0.292
1934/04,-0.25,-0.341,-0.163
1934/05,-0.082,-0.168,-0.011
1934/06,-0.043,-0.122,0.032
1934/07,-0.068,-0.152,0.01
1934/08,-0.058,-0.133,0.04
1934/09,-0.101,-0.174,-0.031
1934/10,-0.091,-0.17,-0.004
1934/11,0.022,-0.059,0.089
1934/12,-0.142,-0.237,-0.072
1935/01,-0.233,-0.319,-0.161
1935/02,0.101,0.02,0.174
1935/03,-0.23,-0.318,-0.131
1935/04,-0.273,-0.361,-0.186
1935/05,-0.245,-0.328,-0.177
1935/06,-0.188,-0.269,-0.112
1935/07,-0.142,-0.223,-0.068
1935/08,-0.154,-0.228,-0.059
1935/09,-0.141,-0.21,-0.073
1935/10,-0.075,-0.15,0.007
1935/11,-0.308,-0.389,-0.235
1935/12,-0.274,-0.373,-0.208
1936/01,-0.31,-0.397,-0.238
1936/02,-0.365,-0.441,-0.296
1936/03,-0.31,-0.402,-0.209
1936/04,-0.213,-0.297,-0.131
1936/05,-0.16,-0.24,-0.092
1936/06,-0.161,-0.238,-0.091
1936/07,-0.021,-0.1,0.053
1936/08,-0.045,-0.116,0.048
1936/09,-0.108,-0.175,-0.038
1936/10,-0.006,-0.08,0.078
1936/11,-0.071,-0.155,0.002
1936/12,-0.014,-0.11,0.052
1937/01,-0.134,-0.223,-0.057
1937/02,0.039,-0.04,0.107
1937/03,-0.279,-0.368,-0.178
1937/04,-0.135,-0.212,-0.054
1937/05,-0.083,-0.163,-0.018
1937/06,-0.006,-0.082,0.065
1937/07,0.055,-0.025,0.128
1937/08,0.085,0.014,0.176
1937/09,0.115,0.044,0.188
1937/10,0.12,0.05,0.2
1937/11,0.002,-0.076,0.069
1937/12,-0.113,-0.206,-0.048
1938/01,0.013,-0.066,0.085
1938/02,0.017,-0.056,0.079
1938/03,0.057,-0.026,0.151
1938/04,0.077,-0.002,0.156
1938/05,-0.092,-0.172,-0.031
1938/06,-0.059,-0.135,0.002
1938/07,-0.044,-0.115,0.021
1938/08,0.015,-0.05,0.1
1938/09,0.056,-0.013,0.118
1938/10,0.141,0.075,0.218
1938/11,0.021,-0.051,0.087
1938/12,-0.296,-0.38,-0.233
1939/01,-0.068,-0.149,0.001
1939/02,-0.045,-0.119,0.017
1939/03,-0.271,-0.352,-0.177
1939/04,-0.106,-0.177,-0.033
1939/05,-0.031,-0.103,0.024
1939/06,0.062,-0.008,0.118
1939/07,0.047,-0.018,0.112
1939/08,0.036,-0.024,0.114
1939/09,-0.081,-0.13,-0.024
1939/10,-0.278,-0.334,-0.223
1939/11,-0.129,-0.183,-0.072
1939/12,0.229,0.173,0.27
1940/01,-0.192,-0.246,-0.133
1940/02,-0.043,-0.099,0.01
1940/03,-0.119,-0.175,-0.054
1940/04,0.047,-0.007,0.096
1940/05,0.019,-0.036,0.065
1940/06,0.034,-0.017,0.084
1940/07,0.145,0.083,0.193
1940/08,0.043,-0.006,0.095
1940/09,0.122,0.079,0.178
1940/10,0.011,-0.041,0.065
1940/11,-0.067,-0.122,-0.015
1940/12,0.161,0.104,0.209
1941/01,-0.092,-0.134,-0.05
1941/02,-0.017,-0.06,0.032
1941/03,-0.136,-0.176,-0.094
1941/04,0.019,-0.028,0.055
1941/05,-0.022,-0.075,0.009
1941/06,0.119,0.064,0.15
1941/07,0.122,0.076,0.157
1941/08,0.024,-0.014,0.054
1941/09,-0.135,-0.181,-0.097
1941/10,0.216,0.167,0.254
1941/11,0.051,0.001,0.09
1941/12,0.095,0.051,0.129
1942/01,0.206,0.153,0.255
1942/02,-0.088,-0.147,-0.036
1942/03,-0.09,-0.146,-0.051
1942/04,-0.065,-0.13,-0.021
1942/05,-0.019,-0.074,0.022
1942/06,0.034,-0.027,0.08
1942/07,-0.081,-0.136,-0.038
1942/08,-0.067,-0.129,-0.024
1942/09,0.002,-0.052,0.048
1942/10,-0.084,-0.143,-0.04
1942/11,-0.066,-0.12,-0.022
1942/12,0,-0.062,0.04
1943/01,-0.214,-0.265,-0.168
1943/02,0.068,0.02,0.115
1943/03,-0.204,-0.255,-0.165
1943/04,-0.003,-0.053,0.042
1943/05,-0.018,-0.08,0.023
1943/06,-0.096,-0.145,-0.048
1943/07,0.003,-0.054,0.043
1943/08,-0.009,-0.067,0.028
1943/09,-0.025,-0.077,0.016
1943/10,0.229,0.167,0.266
1943/11,0.014,-0.042,0.054
1943/12,0.191,0.126,0.233
1944/01,0.281,0.229,0.328
1944/02,0.125,0.077,0.18
1944/03,0.135,0.086,0.177
1944/04,0.046,0,0.091
1944/05,0.057,0.005,0.103
1944/06,0.152,0.094,0.196
1944/07,0.22,0.173,0.256
1944/08,0.236,0.173,0.275
1944/09,0.293,0.244,0.332
1944/10,0.209,0.158,0.245
1944/11,0.007,-0.041,0.043
1944/12,-0.034,-0.096,0.002
1945/01,-0.01,-0.065,0.035
1945/02,-0.103,-0.154,-0.054
1945/03,-0.048,-0.096,-0.01
1945/04,0.168,0.119,0.207
1945/05,-0.108,-0.162,-0.071
1945/06,-0.003,-0.06,0.034
1945/07,-0.084,-0.133,-0.045
1945/08,0.364,0.306,0.405
1945/09,0.161,0.113,0.2
1945/10,0.173,0.123,0.206
1945/11,-0.012,-0.047,0.015
1945/12,-0.202,-0.244,-0.171
1946/01,0.096,0.056,0.123
1946/02,0.039,0,0.078
1946/03,-0.062,-0.106,-0.025
1946/04,0.139,0.095,0.182
1946/05,-0.11,-0.161,-0.076
1946/06,-0.255,-0.304,-0.206
1946/07,-0.043,-0.092,0.014
1946/08,-0.147,-0.207,-0.101
1946/09,-0.015,-0.07,0.028
1946/10,-0.052,-0.093,0.001
1946/11,-0.094,-0.155,-0.05
1946/12,-0.361,-0.421,-0.299
1947/01,-0.113,-0.169,-0.052
1947/02,-0.174,-0.234,-0.126
1947/03,-0.064,-0.131,-0.001
1947/04,0.089,0.028,0.15
1947/05,-0.057,-0.115,-0.006
1947/06,0.004,-0.056,0.06
1947/07,-0.003,-0.063,0.071
1947/08,-0.04,-0.102,0.025
1947/09,-0.068,-0.124,-0.015
1947/10,0.068,0.019,0.134
1947/11,0.047,-0.031,0.104
1947/12,-0.175,-0.244,-0.11
1948/01,0.089,0.037,0.153
1948/02,-0.123,-0.181,-0.068
1948/03,-0.178,-0.248,-0.097
1948/04,-0.045,-0.109,0.013
1948/05,0.101,0.034,0.153
1948/06,0.069,0.006,0.13
1948/07,-0.104,-0.167,-0.029
1948/08,-0.003,-0.072,0.063
1948/09,-0.056,-0.118,-0.004
1948/10,0.022,-0.032,0.096
1948/11,-0.059,-0.13,-0.002
1948/12,-0.198,-0.26,-0.136
1949/01,0.149,0.104,0.202
1949/02,-0.144,-0.19,-0.09
1949/03,-0.175,-0.235,-0.111
1949/04,0.004,-0.05,0.049
1949/05,-0.053,-0.108,-0.009
1949/06,-0.184,-0.233,-0.138
1949/07,-0.099,-0.151,-0.036
1949/08,-0.042,-0.099,0.012
1949/09,-0.079,-0.125,-0.033
1949/10,-0.034,-0.078,0.015
1949/11,-0.081,-0.137,-0.039
1949/12,-0.19,-0.246,-0.141
1950/01,-0.318,-0.36,-0.268
1950/02,-0.25,-0.293,-0.193
1950/03,-0.181,-0.238,-0.12
1950/04,-0.173,-0.22,-0.125
1950/05,-0.094,-0.145,-0.049
1950/06,-0.076,-0.124,-0.027
1950/07,-0.044,-0.088,0.022
1950/08,-0.12,-0.172,-0.066
1950/09,-0.106,-0.15,-0.059
1950/10,-0.129,-0.175,-0.074
1950/11,-0.391,-0.443,-0.346
1950/12,-0.25,-0.297,-0.195
1951/01,-0.354,-0.396,-0.31
1951/02,-0.461,-0.498,-0.405
1951/03,-0.293,-0.341,-0.244
1951/04,-0.108,-0.154,-0.064
1951/05,-0.015,-0.058,0.025
1951/06,0.033,-0.007,0.077
1951/07,0.041,0.001,0.096
1951/08,0.135,0.093,0.191
1951/09,0.091,0.054,0.136
1951/10,0.135,0.094,0.191
1951/11,-0.035,-0.083,0.003
1951/12,0.18,0.14,0.23
1952/01,0.184,0.146,0.226
1952/02,0.13,0.098,0.181
1952/03,-0.131,-0.177,-0.078
1952/04,0.053,0.006,0.106
1952/05,0.036,-0.012,0.076
1952/06,0.039,-0.005,0.087
1952/07,0.1,0.055,0.157
1952/08,0.093,0.048,0.142
1952/09,0.1,0.059,0.145
1952/10,-0.007,-0.052,0.047
1952/11,-0.186,-0.236,-0.146
1952/12,-0.062,-0.103,-0.012
1953/01,0.064,0.019,0.104
1953/02,0.147,0.105,0.195
1953/03,0.126,0.079,0.178
1953/04,0.191,0.152,0.234
1953/05,0.138,0.089,0.182
1953/06,0.167,0.124,0.216
1953/07,0.048,0.008,0.094
1953/08,0.099,0.055,0.146
1953/09,0.077,0.039,0.121
1953/10,0.073,0.029,0.127
1953/11,-0.067,-0.106,-0.03
1953/12,0.091,0.051,0.14
1954/01,-0.237,-0.275,-0.198
1954/02,-0.086,-0.12,-0.039
1954/03,-0.153,-0.195,-0.102
1954/04,-0.145,-0.19,-0.098
1954/05,-0.205,-0.25,-0.163
1954/06,-0.126,-0.163,-0.081
1954/07,-0.199,-0.24,-0.145
1954/08,-0.093,-0.131,-0.056
1954/09,-0.086,-0.121,-0.042
1954/10,-0.03,-0.071,0.028
1954/11,0.022,-0.019,0.058
1954/12,-0.232,-0.274,-0.191
1955/01,0.124,0.083,0.164
1955/02,-0.168,-0.197,-0.119
1955/03,-0.405,-0.444,-0.364
1955/04,-0.246,-0.288,-0.206
1955/05,-0.232,-0.277,-0.194
1955/06,-0.163,-0.194,-0.122
1955/07,-0.199,-0.237,-0.157
1955/08,-0.062,-0.098,-0.021
1955/09,-0.114,-0.153,-0.075
1955/10,-0.166,-0.206,-0.119
1955/11,-0.316,-0.357,-0.279
1955/12,-0.337,-0.381,-0.297
1956/01,-0.247,-0.28,-0.216
1956/02,-0.346,-0.377,-0.3
1956/03,-0.315,-0.349,-0.277
1956/04,-0.335,-0.376,-0.296
1956/05,-0.28,-0.327,-0.243
1956/06,-0.23,-0.26,-0.2
1956/07,-0.206,-0.245,-0.169
1956/08,-0.25,-0.289,-0.212
1956/09,-0.283,-0.316,-0.248
1956/10,-0.233,-0.271,-0.195
1956/11,-0.262,-0.296,-0.231
1956/12,-0.209,-0.243,-0.171
1957/01,-0.167,-0.196,-0.132
1957/02,-0.131,-0.159,-0.089
1957/03,-0.188,-0.226,-0.145
1957/04,-0.064,-0.098,-0.03
1957/05,0.049,0.014,0.087
1957/06,0.082,0.049,0.115
1957/07,0,-0.037,0.043
1957/08,0.093,0.063,0.139
1957/09,0.037,0.009,0.074
1957/10,-0.015,-0.052,0.024
1957/11,0.055,0.021,0.093
1957/12,0.151,0.118,0.195
1958/01,0.267,0.241,0.309
1958/02,0.184,0.157,0.224
1958/03,0.001,-0.03,0.04
1958/04,0.035,0,0.066
1958/05,0.032,-0.005,0.073
1958/06,-0.015,-0.044,0.016
1958/07,0.041,0.004,0.081
1958/08,0.004,-0.026,0.037
1958/09,-0.053,-0.085,-0.015
1958/10,0.014,-0.016,0.052
1958/11,0.011,-0.02,0.043
1958/12,0.03,-0.004,0.069
1959/01,0.087,0.062,0.122
1959/02,0.033,0.006,0.066
1959/03,0.079,0.044,0.114
1959/04,0.046,0.009,0.075
1959/05,-0.01,-0.04,0.022
1959/06,0.062,0.035,0.092
1959/07,0.03,-0.003,0.066
1959/08,0.047,0.014,0.075
1959/09,0.041,0.013,0.072
1959/10,-0.034,-0.061,0
1959/11,-0.111,-0.138,-0.083
1959/12,-0.069,-0.103,-0.032
1960/01,-0.032,-0.06,0.003
1960/02,0.104,0.08,0.136
1960/03,-0.314,-0.343,-0.281
1960/04,-0.176,-0.204,-0.148
1960/05,-0.156,-0.183,-0.13
1960/06,-0.03,-0.061,-0.001
1960/07,-0.028,-0.054,0
1960/08,0.008,-0.026,0.034
1960/09,0.064,0.036,0.093
1960/10,-0.027,-0.056,0.001
1960/11,-0.149,-0.178,-0.121
1960/12,0.146,0.116,0.178
1961/01,0.045,0.014,0.072
1961/02,0.177,0.148,0.203
1961/03,0.093,0.064,0.126
1961/04,0.096,0.07,0.12
1961/05,0.092,0.059,0.117
1961/06,0.111,0.076,0.135
1961/07,0.019,-0.009,0.058
1961/08,0.033,-0.003,0.057
1961/09,-0.029,-0.055,-0.004
1961/10,-0.033,-0.066,-0.007
1961/11,-0.018,-0.051,0.004
1961/12,-0.117,-0.145,-0.087
1962/01,0.053,0.021,0.081
1962/02,0.135,0.111,0.158
1962/03,0.028,-0.001,0.057
1962/04,0.024,-0.003,0.048
1962/05,-0.047,-0.085,-0.021
1962/06,-0.052,-0.086,-0.031
1962/07,0.018,-0.01,0.048
1962/08,-0.005,-0.037,0.016
1962/09,-0.017,-0.044,0.01
1962/10,0.042,0.012,0.065
1962/11,0.01,-0.021,0.03
1962/12,-0.012,-0.049,0.014
1963/01,-0.045,-0.083,-0.021
1963/02,0.148,0.12,0.173
1963/03,-0.147,-0.17,-0.116
1963/04,-0.069,-0.093,-0.049
1963/05,-0.022,-0.05,0
1963/06,-0.033,-0.058,-0.01
1963/07,0.111,0.084,0.151
1963/08,0.126,0.09,0.167
1963/09,0.127,0.093,0.162
1963/10,0.225,0.196,0.266
1963/11,0.164,0.131,0.197
1963/12,-0.006,-0.046,0.033
1964/01,-0.053,-0.083,-0.021
1964/02,-0.127,-0.158,-0.099
1964/03,-0.278,-0.306,-0.229
1964/04,-0.246,-0.27,-0.21
1964/05,-0.177,-0.209,-0.152
1964/06,-0.161,-0.188,-0.127
1964/07,-0.172,-0.191,-0.138
1964/08,-0.256,-0.282,-0.224
1964/09,-0.282,-0.308,-0.251
1964/10,-0.267,-0.295,-0.233
1964/11,-0.295,-0.323,-0.266
1964/12,-0.353,-0.387,-0.32
1965/01,-0.106,-0.131,-0.072
1965/02,-0.249,-0.274,-0.214
1965/03,-0.218,-0.248,-0.173
1965/04,-0.255,-0.276,-0.221
1965/05,-0.162,-0.187,-0.127
1965/06,-0.11,-0.139,-0.076
1965/07,-0.183,-0.207,-0.147
1965/08,-0.106,-0.13,-0.065
1965/09,-0.088,-0.114,-0.056
1965/10,-0.024,-0.047,0.009
1965/11,-0.13,-0.158,-0.099
1965/12,-0.065,-0.095,-0.035
1966/01,-0.094,-0.122,-0.062
1966/02,-0.093,-0.122,-0.062
1966/03,-0.067,-0.095,-0.034
1966/04,-0.105,-0.131,-0.077
1966/05,-0.138,-0.162,-0.109
1966/06,0.038,0.013,0.068
1966/07,0.03,0.006,0.061
1966/08,-0.017,-0.039,0.015
1966/09,-0.038,-0.062,-0.013
1966/10,-0.104,-0.127,-0.073
1966/11,-0.095,-0.121,-0.07
1966/12,-0.14,-0.163,-0.109
1967/01,-0.172,-0.193,-0.148
1967/02,-0.237,-0.258,-0.207
1967/03,-0.05,-0.078,-0.023
1967/04,-0.063,-0.085,-0.032
1967/05,0.076,0.054,0.102
1967/06,-0.081,-0.105,-0.055
1967/07,-0.063,-0.087,-0.027
1967/08,-0.061,-0.082,-0.037
1967/09,-0.093,-0.114,-0.076
1967/10,0.062,0.048,0.08
1967/11,-0.059,-0.078,-0.041
1967/12,-0.147,-0.168,-0.128
1968/01,-0.241,-0.263,-0.224
1968/02,-0.212,-0.23,-0.195
1968/03,0.036,0.017,0.056
1968/04,-0.169,-0.186,-0.148
1968/05,-0.218,-0.236,-0.198
1968/06,-0.107,-0.126,-0.086
1968/07,-0.102,-0.122,-0.087
1968/08,-0.059,-0.078,-0.039
1968/09,-0.086,-0.106,-0.065
1968/10,-0.021,-0.038,-0.001
1968/11,-0.071,-0.096,-0.052
1968/12,-0.11,-0.132,-0.087
1969/01,-0.172,-0.19,-0.154
1969/02,-0.168,-0.189,-0.151
1969/03,-0.005,-0.025,0.014
1969/04,0.106,0.085,0.131
1969/05,0.132,0.113,0.153
1969/06,0.025,0.006,0.043
1969/07,0.038,0.015,0.056
1969/08,0.054,0.034,0.08
1969/09,0.019,-0.001,0.038
1969/10,0.031,0.009,0.052
1969/11,0.131,0.108,0.154
1969/12,0.194,0.172,0.221
1970/01,0.07,0.048,0.088
1970/02,0.144,0.122,0.164
1970/03,-0.069,-0.091,-0.051
1970/04,0.056,0.036,0.079
1970/05,-0.036,-0.06,-0.012
1970/06,-0.015,-0.036,0.006
1970/07,-0.05,-0.075,-0.028
1970/08,-0.093,-0.113,-0.069
1970/09,-0.04,-0.059,-0.019
1970/10,-0.075,-0.094,-0.056
1970/11,-0.05,-0.07,-0.028
1970/12,-0.166,-0.187,-0.142
1971/01,-0.102,-0.12,-0.082
1971/02,-0.289,-0.308,-0.267
1971/03,-0.282,-0.3,-0.258
1971/04,-0.237,-0.256,-0.214
1971/05,-0.214,-0.232,-0.187
1971/06,-0.235,-0.258,-0.212
1971/07,-0.13,-0.15,-0.105
1971/08,-0.168,-0.187,-0.14
1971/09,-0.124,-0.139,-0.097
1971/10,-0.165,-0.181,-0.142
1971/11,-0.086,-0.103,-0.061
1971/12,-0.199,-0.219,-0.172
1972/01,-0.379,-0.398,-0.357
1972/02,-0.291,-0.309,-0.269
1972/03,-0.132,-0.148,-0.101
1972/04,-0.077,-0.094,-0.051
1972/05,-0.065,-0.084,-0.041
1972/06,0.008,-0.008,0.032
1972/07,-0.017,-0.036,0.009
1972/08,0.016,0,0.04
1972/09,-0.053,-0.07,-0.032
1972/10,0.007,-0.007,0.027
1972/11,0.002,-0.012,0.027
1972/12,0.187,0.175,0.214
1973/01,0.147,0.132,0.164
1973/02,0.278,0.264,0.302
1973/03,0.226,0.21,0.254
1973/04,0.162,0.144,0.18
1973/05,0.085,0.066,0.104
1973/06,0.11,0.096,0.129
1973/07,0.026,0.01,0.047
1973/08,0.017,0.003,0.033
1973/09,-0.042,-0.06,-0.024
1973/10,-0.047,-0.064,-0.031
1973/11,-0.099,-0.113,-0.079
1973/12,-0.113,-0.131,-0.095
1974/01,-0.372,-0.387,-0.354
1974/02,-0.41,-0.428,-0.396
1974/03,-0.229,-0.249,-0.21
1974/04,-0.18,-0.196,-0.16
1974/05,-0.196,-0.214,-0.177
1974/06,-0.153,-0.169,-0.136
1974/07,-0.127,-0.147,-0.109
1974/08,-0.083,-0.096,-0.065
1974/09,-0.129,-0.144,-0.113
1974/10,-0.22,-0.235,-0.206
1974/11,-0.217,-0.235,-0.199
1974/12,-0.242,-0.261,-0.223
1975/01,-0.075,-0.09,-0.059
1975/02,-0.093,-0.11,-0.077
1975/03,-0.077,-0.096,-0.06
1975/04,-0.09,-0.105,-0.073
1975/05,-0.086,-0.102,-0.068
1975/06,-0.086,-0.102,-0.069
1975/07,-0.11,-0.125,-0.093
1975/08,-0.18,-0.192,-0.161
1975/09,-0.126,-0.141,-0.108
1975/10,-0.234,-0.253,-0.221
1975/11,-0.319,-0.333,-0.302
1975/12,-0.309,-0.327,-0.294
1976/01,-0.233,-0.247,-0.22
1976/02,-0.329,-0.348,-0.312
1976/03,-0.445,-0.462,-0.429
1976/04,-0.195,-0.209,-0.176
1976/05,-0.317,-0.332,-0.299
1976/06,-0.25,-0.266,-0.232
1976/07,-0.182,-0.201,-0.164
1976/08,-0.202,-0.218,-0.184
1976/09,-0.162,-0.178,-0.141
1976/10,-0.316,-0.332,-0.302
1976/11,-0.18,-0.193,-0.157
1976/12,-0.087,-0.102,-0.069
1977/01,-0.074,-0.091,-0.059
1977/02,0.077,0.061,0.093
1977/03,0.102,0.086,0.122
1977/04,0.094,0.077,0.112
1977/05,0.072,0.055,0.092
1977/06,0.112,0.099,0.133
1977/07,0.065,0.048,0.086
1977/08,-0.001,-0.016,0.018
1977/09,0.033,0.02,0.053
1977/10,-0.005,-0.018,0.011
1977/11,0.141,0.127,0.157
1977/12,-0.051,-0.065,-0.032
1978/01,0.017,0.002,0.038
1978/02,-0.035,-0.056,-0.016
1978/03,0.028,0.011,0.048
1978/04,-0.061,-0.08,-0.042
1978/05,-0.085,-0.099,-0.066
1978/06,-0.135,-0.148,-0.118
1978/07,-0.066,-0.084,-0.044
1978/08,-0.185,-0.2,-0.164
1978/09,-0.054,-0.068,-0.035
1978/10,-0.112,-0.129,-0.092
1978/11,0.046,0.034,0.065
1978/12,-0.098,-0.119,-0.08
1979/01,-0.029,-0.046,-0.008
1979/02,-0.138,-0.158,-0.119
1979/03,0.016,-0.007,0.039
1979/04,-0.05,-0.071,-0.028
1979/05,-0.033,-0.055,-0.017
1979/06,0.058,0.04,0.075
1979/07,0.054,0.033,0.073
1979/08,0.083,0.058,0.103
1979/09,0.092,0.072,0.112
1979/10,0.135,0.109,0.151
1979/11,0.146,0.125,0.163
1979/12,0.355,0.337,0.369
1980/01,0.134,0.115,0.149
1980/02,0.217,0.196,0.232
1980/03,0.069,0.046,0.087
1980/04,0.144,0.121,0.158
1980/05,0.142,0.124,0.158
1980/06,0.07,0.053,0.083
1980/07,0.061,0.045,0.076
1980/08,0.038,0.018,0.052
1980/09,0.039,0.025,0.053
1980/10,0.011,-0.009,0.025
1980/11,0.129,0.115,0.147
1980/12,0.055,0.034,0.067
1981/01,0.329,0.307,0.342
1981/02,0.197,0.175,0.213
1981/03,0.208,0.186,0.223
1981/04,0.131,0.108,0.147
1981/05,0.066,0.047,0.084
1981/06,0.125,0.104,0.142
1981/07,0.089,0.07,0.103
1981/08,0.121,0.103,0.137
1981/09,0.072,0.051,0.087
1981/10,0.004,-0.016,0.017
1981/11,0.072,0.057,0.089
1981/12,0.265,0.247,0.283
1982/01,-0.045,-0.071,-0.027
1982/02,0.006,-0.016,0.022
1982/03,-0.129,-0.154,-0.111
1982/04,0.029,0.005,0.044
1982/05,0.04,0.018,0.06
1982/06,-0.055,-0.081,-0.035
1982/07,-0.016,-0.04,0.005
1982/08,-0.009,-0.032,0.009
1982/09,0.075,0.048,0.093
1982/10,0.006,-0.02,0.024
1982/11,-0.009,-0.028,0.012
1982/12,0.25,0.222,0.267
1983/01,0.428,0.403,0.446
1983/02,0.313,0.286,0.329
1983/03,0.213,0.187,0.233
1983/04,0.12,0.092,0.136
1983/05,0.137,0.115,0.158
1983/06,0.134,0.111,0.156
1983/07,0.152,0.131,0.17
1983/08,0.2,0.176,0.216
1983/09,0.188,0.164,0.207
1983/10,0.099,0.077,0.115
1983/11,0.256,0.238,0.278
1983/12,0.089,0.066,0.106
1984/01,0.118,0.097,0.139
1984/02,0.013,-0.008,0.035
1984/03,0.049,0.025,0.07
1984/04,-0.046,-0.071,-0.028
1984/05,0.092,0.072,0.114
1984/06,-0.015,-0.037,0.009
1984/07,-0.037,-0.058,-0.017
1984/08,0.041,0.02,0.061
1984/09,0.033,0.011,0.048
1984/10,-0.022,-0.041,-0.004
1984/11,-0.121,-0.139,-0.097
1984/12,-0.274,-0.3,-0.254
1985/01,0.011,-0.009,0.031
1985/02,-0.133,-0.156,-0.116
1985/03,-0.026,-0.049,-0.008
1985/04,-0.04,-0.065,-0.025
1985/05,-0.003,-0.023,0.013
1985/06,-0.061,-0.08,-0.045
1985/07,-0.06,-0.078,-0.04
1985/08,0.026,0.005,0.047
1985/09,-0.032,-0.054,-0.012
1985/10,0.018,0,0.036
1985/11,-0.072,-0.09,-0.05
1985/12,0.014,-0.014,0.039
1986/01,0.124,0.098,0.143
1986/02,0.09,0.062,0.109
1986/03,0.075,0.047,0.094
1986/04,0.078,0.046,0.095
1986/05,0.045,0.023,0.062
1986/06,0.049,0.023,0.068
1986/07,-0.002,-0.031,0.016
1986/08,0.002,-0.024,0.026
1986/09,0.011,-0.009,0.035
1986/10,0.066,0.041,0.085
1986/11,-0.007,-0.028,0.024
1986/12,0.01,-0.022,0.036
1987/01,0.112,0.08,0.144
1987/02,0.302,0.268,0.324
1987/03,0.022,-0.01,0.05
1987/04,0.095,0.071,0.118
1987/05,0.148,0.123,0.174
1987/06,0.127,0.106,0.155
1987/07,0.269,0.244,0.293
1987/08,0.237,0.21,0.261
1987/09,0.274,0.247,0.301
1987/10,0.204,0.183,0.228
1987/11,0.197,0.176,0.22
1987/12,0.322,0.295,0.347
1988/01,0.388,0.358,0.418
1988/02,0.233,0.203,0.257
1988/03,0.262,0.227,0.283
1988/04,0.225,0.196,0.243
1988/05,0.211,0.183,0.23
1988/06,0.221,0.193,0.244
1988/07,0.173,0.147,0.192
1988/08,0.176,0.15,0.198
1988/09,0.183,0.15,0.207
1988/10,0.139,0.112,0.168
1988/11,0.027,0.002,0.058
1988/12,0.146,0.117,0.173
1989/01,0.012,-0.021,0.044
1989/02,0.149,0.116,0.178
1989/03,0.136,0.106,0.162
1989/04,0.081,0.049,0.109
1989/05,0.079,0.05,0.107
1989/06,0.074,0.051,0.103
1989/07,0.156,0.129,0.183
1989/08,0.177,0.147,0.204
1989/09,0.142,0.114,0.172
1989/10,0.151,0.13,0.181
1989/11,0.06,0.04,0.093
1989/12,0.201,0.169,0.23
1990/01,0.217,0.181,0.254
1990/02,0.307,0.272,0.34
1990/03,0.562,0.53,0.594
1990/04,0.366,0.335,0.396
1990/05,0.278,0.244,0.308
1990/06,0.277,0.249,0.309
1990/07,0.231,0.203,0.261
1990/08,0.25,0.219,0.28
1990/09,0.178,0.15,0.21
1990/10,0.332,0.305,0.363
1990/11,0.318,0.289,0.36
1990/12,0.248,0.212,0.283
1991/01,0.288,0.252,0.327
1991/02,0.298,0.26,0.331
1991/03,0.198,0.165,0.231
1991/04,0.383,0.34,0.416
1991/05,0.303,0.269,0.337
1991/06,0.306,0.269,0.345
1991/07,0.307,0.276,0.338
1991/08,0.258,0.226,0.293
1991/09,0.243,0.208,0.28
1991/10,0.191,0.157,0.225
1991/11,0.16,0.132,0.196
1991/12,0.12,0.084,0.153
1992/01,0.367,0.328,0.41
1992/02,0.319,0.279,0.352
1992/03,0.258,0.216,0.292
1992/04,0.137,0.094,0.168
1992/05,0.173,0.14,0.204
1992/06,0.13,0.098,0.169
1992/07,-0.016,-0.051,0.019
1992/08,0.007,-0.023,0.041
1992/09,-0.064,-0.098,-0.028
1992/10,-0.048,-0.086,-0.015
1992/11,-0.084,-0.117,-0.048
1992/12,0.082,0.045,0.114
1993/01,0.307,0.271,0.35
1993/02,0.253,0.214,0.293
1993/03,0.239,0.197,0.274
1993/04,0.131,0.09,0.165
1993/05,0.178,0.141,0.212
1993/06,0.179,0.141,0.217
1993/07,0.131,0.097,0.168
1993/08,0.097,0.056,0.134
1993/09,0.07,0.04,0.108
1993/10,0.109,0.075,0.146
1993/11,-0.036,-0.068,0.002
1993/12,0.129,0.088,0.164
1994/01,0.182,0.141,0.223
1994/02,-0.048,-0.092,-0.01
1994/03,0.222,0.181,0.253
1994/04,0.21,0.17,0.246
1994/05,0.268,0.232,0.302
1994/06,0.262,0.229,0.309
1994/07,0.17,0.136,0.206
1994/08,0.186,0.142,0.217
1994/09,0.19,0.158,0.238
1994/10,0.311,0.272,0.351
1994/11,0.314,0.274,0.351
1994/12,0.246,0.192,0.289
1995/01,0.421,0.382,0.472
1995/02,0.601,0.556,0.639
1995/03,0.322,0.281,0.36
1995/04,0.285,0.243,0.326
1995/05,0.218,0.179,0.253
1995/06,0.312,0.279,0.357
1995/07,0.331,0.292,0.37
1995/08,0.357,0.313,0.392
1995/09,0.263,0.229,0.303
1995/10,0.336,0.298,0.37
1995/11,0.324,0.284,0.36
1995/12,0.132,0.085,0.168
1996/01,0.116,0.077,0.16
1996/02,0.323,0.275,0.363
1996/03,0.186,0.143,0.221
1996/04,0.13,0.085,0.164
1996/05,0.224,0.183,0.258
1996/06,0.168,0.134,0.205
1996/07,0.221,0.182,0.256
1996/08,0.207,0.162,0.242
1996/09,0.104,0.071,0.143
1996/10,0.132,0.097,0.165
1996/11,0.146,0.11,0.18
1996/12,0.232,0.188,0.264
1997/01,0.211,0.177,0.252
1997/02,0.313,0.267,0.355
1997/03,0.344,0.304,0.382
1997/04,0.266,0.225,0.302
1997/05,0.286,0.249,0.317
1997/06,0.411,0.378,0.448
1997/07,0.373,0.339,0.406
1997/08,0.44,0.4,0.477
1997/09,0.479,0.45,0.517
1997/10,0.558,0.526,0.594
1997/11,0.501,0.47,0.534
1997/12,0.503,0.464,0.535
1998/01,0.489,0.45,0.537
1998/02,0.763,0.721,0.805
1998/03,0.549,0.504,0.587
1998/04,0.65,0.601,0.685
1998/05,0.582,0.538,0.615
1998/06,0.591,0.553,0.63
1998/07,0.673,0.63,0.709
1998/08,0.605,0.555,0.644
1998/09,0.4,0.359,0.442
1998/10,0.407,0.365,0.444
1998/11,0.298,0.258,0.335
1998/12,0.472,0.421,0.507
1999/01,0.347,0.302,0.391
1999/02,0.583,0.527,0.619
1999/03,0.226,0.177,0.272
1999/04,0.324,0.272,0.36
1999/05,0.245,0.2,0.28
1999/06,0.273,0.234,0.313
1999/07,0.288,0.244,0.324
1999/08,0.228,0.185,0.269
1999/09,0.305,0.265,0.349
1999/10,0.253,0.214,0.29
1999/11,0.241,0.206,0.278
1999/12,0.37,0.319,0.406
2000/01,0.224,0.184,0.268
2000/02,0.449,0.403,0.489
2000/03,0.382,0.338,0.42
2000/04,0.479,0.435,0.52
2000/05,0.279,0.232,0.318
2000/06,0.27,0.232,0.312
2000/07,0.261,0.22,0.304
2000/08,0.353,0.312,0.397
2000/09,0.312,0.277,0.359
2000/10,0.225,0.19,0.267
2000/11,0.16,0.123,0.203
2000/12,0.157,0.107,0.196
2001/01,0.357,0.315,0.411
2001/02,0.319,0.275,0.364
2001/03,0.51,0.464,0.552
2001/04,0.462,0.415,0.505
2001/05,0.418,0.377,0.462
2001/06,0.419,0.382,0.466
2001/07,0.464,0.424,0.503
2001/08,0.505,0.459,0.544
2001/09,0.431,0.394,0.476
2001/10,0.421,0.387,0.462
2001/11,0.613,0.578,0.66
2001/12,0.383,0.334,0.427
2002/01,0.654,0.615,0.702
2002/02,0.703,0.659,0.747
2002/03,0.701,0.658,0.747
2002/04,0.46,0.415,0.501
2002/05,0.427,0.384,0.47
2002/06,0.471,0.431,0.518
2002/07,0.491,0.451,0.529
2002/08,0.453,0.41,0.492
2002/09,0.424,0.392,0.467
2002/10,0.411,0.377,0.454
2002/11,0.45,0.416,0.496
2002/12,0.325,0.282,0.366
2003/01,0.6,0.556,0.647
2003/02,0.459,0.413,0.504
2003/03,0.45,0.408,0.497
2003/04,0.437,0.391,0.479
2003/05,0.473,0.426,0.511
2003/06,0.454,0.415,0.498
2003/07,0.475,0.434,0.511
2003/08,0.549,0.508,0.588
2003/09,0.536,0.5,0.577
2003/10,0.612,0.576,0.654
2003/11,0.457,0.425,0.501
2003/12,0.589,0.541,0.628
2004/01,0.507,0.463,0.551
2004/02,0.613,0.567,0.65
2004/03,0.532,0.488,0.576
2004/04,0.477,0.432,0.514
2004/05,0.311,0.268,0.354
2004/06,0.322,0.283,0.361
2004/07,0.359,0.32,0.392
2004/08,0.394,0.352,0.431
2004/09,0.438,0.404,0.477
2004/10,0.464,0.432,0.503
2004/11,0.604,0.569,0.644
2004/12,0.355,0.303,0.396
2005/01,0.549,0.505,0.597
2005/02,0.396,0.348,0.438
2005/03,0.565,0.52,0.611
2005/04,0.611,0.566,0.651
2005/05,0.518,0.475,0.556
2005/06,0.552,0.509,0.594
2005/07,0.547,0.504,0.581
2005/08,0.538,0.495,0.577
2005/09,0.574,0.534,0.616
2005/10,0.614,0.576,0.653
2005/11,0.627,0.589,0.669
2005/12,0.462,0.406,0.501
2006/01,0.383,0.34,0.433
2006/02,0.571,0.524,0.613
2006/03,0.461,0.414,0.506
2006/04,0.407,0.359,0.448
2006/05,0.405,0.361,0.441
2006/06,0.518,0.477,0.563
2006/07,0.486,0.446,0.519
2006/08,0.535,0.487,0.574
2006/09,0.503,0.465,0.546
2006/10,0.569,0.531,0.61
2006/11,0.54,0.502,0.585
2006/12,0.691,0.637,0.738
2007/01,0.828,0.785,0.874
2007/02,0.567,0.523,0.608
2007/03,0.517,0.474,0.556
2007/04,0.587,0.54,0.622
2007/05,0.448,0.404,0.485
2007/06,0.42,0.383,0.461
2007/07,0.439,0.403,0.475
2007/08,0.44,0.395,0.479
2007/09,0.455,0.419,0.498
2007/10,0.467,0.434,0.508
2007/11,0.391,0.355,0.435
2007/12,0.341,0.296,0.385
2008/01,0.158,0.113,0.202
2008/02,0.235,0.19,0.277
2008/03,0.559,0.509,0.598
2008/04,0.327,0.278,0.363
2008/05,0.34,0.297,0.376
2008/06,0.365,0.33,0.41
2008/07,0.451,0.413,0.488
2008/08,0.432,0.379,0.467
2008/09,0.407,0.371,0.449
2008/10,0.546,0.51,0.586
2008/11,0.526,0.493,0.57
2008/12,0.395,0.348,0.437
2009/01,0.478,0.433,0.522
2009/02,0.443,0.397,0.485
2009/03,0.404,0.354,0.444
2009/04,0.511,0.462,0.551
2009/05,0.441,0.396,0.48
2009/06,0.546,0.51,0.59
2009/07,0.536,0.498,0.573
2009/08,0.586,0.537,0.627
2009/09,0.567,0.53,0.611
2009/10,0.516,0.484,0.561
2009/11,0.55,0.514,0.593
2009/12,0.484,0.435,0.524
2010/01,0.56,0.516,0.608
2010/02,0.592,0.544,0.637
2010/03,0.682,0.635,0.723
2010/04,0.689,0.641,0.729
2010/05,0.592,0.548,0.635
2010/06,0.585,0.549,0.63
2010/07,0.615,0.576,0.653
2010/08,0.539,0.487,0.58
2010/09,0.448,0.413,0.489
2010/10,0.497,0.463,0.542
2010/11,0.592,0.552,0.636
2010/12,0.334,0.289,0.378
2011/01,0.315,0.276,0.361
2011/02,0.324,0.281,0.369
2011/03,0.42,0.377,0.463
2011/04,0.491,0.447,0.531
2011/05,0.393,0.35,0.436
2011/06,0.494,0.457,0.54
2011/07,0.511,0.475,0.55
2011/08,0.491,0.439,0.533
2011/09,0.446,0.414,0.494
2011/10,0.458,0.421,0.501
2011/11,0.353,0.315,0.395
2011/12,0.402,0.36,0.446
2012/01,0.31,0.263,0.354
2012/02,0.301,0.254,0.345
2012/03,0.36,0.319,0.399
2012/04,0.574,0.532,0.613
2012/05,0.573,0.527,0.609
2012/06,0.556,0.517,0.602
2012/07,0.507,0.469,0.543
2012/08,0.536,0.487,0.576
2012/09,0.556,0.521,0.594
2012/10,0.556,0.517,0.593
2012/11,0.55,0.51,0.592
2012/12,0.271,0.222,0.311
2013/01,0.471,0.426,0.517
2013/02,0.498,0.445,0.538
2013/03,0.421,0.378,0.46
2013/04,0.45,0.407,0.487
2013/05,0.525,0.483,0.568
2013/06,0.501,0.461,0.547
2013/07,0.518,0.48,0.554
2013/08,0.541,0.49,0.583
2013/09,0.546,0.506,0.587
2013/10,0.516,0.473,0.553
2013/11,0.66,0.62,0.7
2013/12,0.532,0.485,0.572
2014/01,0.534,0.49,0.577
2014/02,0.327,0.275,0.373
2014/03,0.584,0.544,0.626
2014/04,0.667,0.623,0.704
2014/05,0.608,0.568,0.649
2014/06,0.625,0.583,0.668
2014/07,0.544,0.503,0.58
2014/08,0.677,0.624,0.716
2014/09,0.601,0.562,0.638
2014/10,0.635,0.594,0.672
2014/11,0.504,0.467,0.547
2014/12,0.655,0.608,0.698
2015/01,0.705,0.663,0.751
2015/02,0.689,0.638,0.732
2015/03,0.708,0.667,0.748
2015/04,0.673,0.628,0.712
2015/05,0.711,0.667,0.749
2015/06,0.743,0.707,0.788
2015/07,0.697,0.659,0.733
2015/08,0.74,0.683,0.778
2015/09,0.796,0.758,0.839
2015/10,0.845,0.806,0.885
2015/11,0.84,0.803,0.884
2015/12,1.024,0.975,1.064
2016/01,0.934,0.889,0.981
2016/02,1.111,1.058,1.155
2016/03,1.106,1.062,1.144
2016/04,0.937,0.892,0.977
2016/05,0.707,0.66,0.745
2016/06,0.744,0.704,0.788
2016/07,0.744,0.707,0.783
2016/08,0.79,0.735,0.828
2016/09,0.729,0.693,0.772
2016/10,0.598,0.565,0.64
2016/11,0.553,0.516,0.593
2016/12,0.62,0.568,0.655
2017/01,0.739,0.694,0.783
2017/02,0.845,0.793,0.891
2017/03,0.873,0.837,0.914
2017/04,0.737,0.698,0.777
2017/05,0.659,0.614,0.698
2017/06,0.641,0.596,0.686
2017/07,0.651,0.609,0.685
2017/08,0.714,0.659,0.756
2017/09,0.557,0.517,0.597
2017/10,0.571,0.531,0.612
2017/11,0.554,0.512,0.592
2017/12,0.6,0.542,0.64
2018/01,0.554,0.507,0.603
2018/02,0.528,0.477,0.578
2018/03,0.615,0.575,0.655
2018/04,0.627,0.586,0.666
2018/05,0.587,0.544,0.626
2018/06,0.573,0.536,0.619
2018/07,0.594,0.553,0.632
2018/08,0.586,0.53,0.625
2018/09,0.598,0.563,0.642
2018/10,0.678,0.64,0.721
2018/11,0.59,0.549,0.63
2018/12,0.638,0.583,0.682
2019/01,0.738,0.69,0.785
2019/02,0.662,0.61,0.713
2019/03,0.874,0.833,0.915
2019/04,0.779,0.737,0.823