Variable Name;.;.;.;Fiscal income  | tax unit | Average | Adults | constant 2015 local currency;Fiscal income  | tax unit | Threshold | Adults | constant 2015 local currency;Fiscal income  | tax unit | Total | Adults | constant 2015 local currency;Fiscal income  | tax unit | Share | Adults | share of total (ratio);Pre-tax national income  | tax unit | Share | Adults | share of total (ratio)
Variable Category;.;.;.;Income inequality;Income inequality;Income inequality;Income inequality;Income inequality
Variable Description;.;.;.;Average Fiscal income within a given percentile group. Fiscal income is defined as the sum of all income items reported on income tax returns, before any deduction. It includes labour income, capital income and mixed income. The concept of fiscal income varies with national tax legislations, so in order to make international comparisons it is preferable to use the concept of national income. The population is comprised of individuals over age 20. The base unit is the tax unit defined by national fiscal administrations to measure personal income taxes.;Fiscal income threshold value at a given percentile.  Fiscal income is defined as the sum of all income items reported on income tax returns, before any deduction. It includes labour income, capital income and mixed income. The concept of fiscal income varies with national tax legislations, so in order to make international comparisons it is preferable to use the concept of national income. The population is comprised of individuals over age 20. The base unit is the tax unit defined by national fiscal administrations to measure personal income taxes.;Total Fiscal income  within a given percentile group. Fiscal income is defined as the sum of all income items reported on income tax returns, before any deduction. It includes labour income, capital income and mixed income. The concept of fiscal income varies with national tax legislations, so in order to make international comparisons it is preferable to use the concept of national income. The population is comprised of individuals over age 20.;Fiscal income share held by a given percentile group. Fiscal income is defined as the sum of all income items reported on income tax returns, before any deduction. It includes labour income, capital income and mixed income. The concept of fiscal income varies with national tax legislations, so in order to make international comparisons it is preferable to use the concept of national income. The population is comprised of individuals over age 20. The base unit is the tax unit defined by national fiscal administrations to measure personal income taxes.;Pre-tax national income share held by a given percentile group. Pre-tax national income  is the sum of all pre-tax personal income flows accruing to the owners of the production factors, labor and capital, before taking into account the operation of the tax/transfer system, but after taking into account the operation of pension system. The central difference between personal factor income and pre-tax income is the treatment of pensions, which are counted on a contribution basis by factor income and on a distribution basis by pre-tax income. The population is comprised of individuals over age 20. The base unit is the tax unit defined by national fiscal administrations to measure personal income taxes.
Variable Decomposition;.;.;.;[Fiscal income ]=[Fiscal labour income ]+[Fiscal capital income ];[Fiscal income ]=[Fiscal labour income ]+[Fiscal capital income ];[Fiscal income ]=[Fiscal labour income ]+[Fiscal capital income ];[Fiscal income ]=[Fiscal labour income ]+[Fiscal capital income ];Pre-tax national income =Pre-tax labor income [total pre-tax income ranking]+Pre-tax capital income [total pre-tax income ranking]
Variable Unit;.;.;.;"USD; United States dollar | local currency | market";"USD; United States dollar | local currency | market";"USD; United States dollar | local currency | market";share;share
Methodological Notes;.;.;.;;;;;Assuming the same distribution as fiscal income.
Sources;.;.;.;Frank, Sommeiller, Price & Saez (2015);Frank, Sommeiller, Price & Saez (2015);Frank, Sommeiller, Price & Saez (2015);Frank, Sommeiller, Price & Saez (2015);WID.world computations using: Frank, Sommeiller, Price & Saez (2015)
Variable Code;country;year;perc;afiinc992t;tfiinc992t;mfiinc992t;sfiinc992t;sptinc992t
;US-CO;2014;p0p100;70995.8515625;;1.8915713024e+11;;
;US-CO;2014;p99p100;;461570.46875;;0.1806058139;0.1806058139
;US-CO;2014;p99.9p100;;1992890.25;;0.0813522935;0.0813522935
;US-CO;2014;p99.99p100;;9116624.0;;0.0359229892;0.0359229892
;US-CO;2014;p90p100;;133870.84375;;0.4476464987;0.4476464987
;US-CO;2014;p90p91;321947.1875;;;;
;US-CO;2014;p95p96;482660.21875;;;;
;US-CO;2014;p90p95;161234.171875;133870.84375;;0.1108999327;0.1108999327
;US-CO;2014;p95p99;279188.46875;200697.90625;;0.156133756;0.156133756
;US-CO;2014;p99.5p99.9;1067072.375;688522.375;;0.0599256121;0.0599256121
;US-CO;2014;p99.9p99.99;3537072.25;1992890.25;;0.0456547439;0.0456547439
;US-CO;2014;p99p99.5;565937.625;461570.46875;;0.0393849984;0.0393849984
;US-CO;2014;p95p100;;200697.90625;;0.3367039859;0.3367039859
;US-CO;2014;p0p90;43112.3671875;;;0.552077949;0.552077949
;US-CO;2014;p0p99;58616.546875;;;0.8193941712;0.8193941712
;US-CO;2014;p99.5p100;;688522.375;;0.141217351;0.141217351
;US-CO;2014;p99.5p99.6;2027156.625;;;;
;US-CO;2014;p99.99p99.991;26841286.0;;;;
;US-CO;2014;p99.9p99.91;5867493.5;;;;
;US-CO;2014;p99p99.1;1296547.125;;;;
;US-CO;2013;p0p100;68695.2265625;;1.75329918976e+11;;
;US-CO;2013;p99p100;;428622.46875;;0.1649667323;0.1649667323
;US-CO;2013;p99.9p100;;1769309.875;;0.0718560815;0.0718560815
;US-CO;2013;p99.99p100;;7845222.5;;0.0314430445;0.0314430445
;US-CO;2013;p90p100;;131656.609375;;0.4299913645;0.4299913645
;US-CO;2013;p90p91;301694.375;;;;
;US-CO;2013;p95p96;445892.875;;;;
;US-CO;2013;p90p95;157495.875;131656.609375;;0.1104620919;0.1104620919
;US-CO;2013;p95p99;270060.03125;194583.484375;;0.154464975;0.154464975
;US-CO;2013;p99.5p99.9;966209.4375;661958.4375;;0.0553282984;0.0553282984
;US-CO;2013;p99.9p99.99;3097997.5;1769309.875;;0.0404791385;0.0404791385
;US-CO;2013;p99p99.5;523602.84375;428622.46875;;0.0377973504;0.0377973504
;US-CO;2013;p95p100;;194583.484375;;0.3194720149;0.3194720149
;US-CO;2013;p0p90;42806.4296875;;;0.5700250864;0.5700250864
;US-CO;2013;p0p99;57780.7890625;;;0.8350332379;0.8350332379
;US-CO;2013;p99.5p100;;661958.4375;;0.127192378;0.127192378
;US-CO;2013;p99.5p99.6;1774845.625;;;;
;US-CO;2013;p99.99p99.991;22211928.0;;;;
;US-CO;2013;p99.9p99.91;5009390.5;;;;
;US-CO;2013;p99p99.1;1149224.25;;;;
;US-CO;2012;p0p100;67084.75;;1.74457356288e+11;;
;US-CO;2012;p99p100;1385174.0;;;0.2064812183;0.2064812183
;US-CO;2012;p99.9p100;6993355.0;;;0.1042465717;0.1042465717
;US-CO;2012;p99.99p100;34079844.0;;;0.0508011803;0.0508011803
;US-CO;2012;p90p100;;;;0.4770466983;0.4770466983
;US-CO;2012;p90p91;320025.5625;;;;
;US-CO;2012;p95p96;485847.34375;;;;
;US-CO;2012;p95p100;;;;0.3621145785;0.3621145785
;US-CO;2012;p99.5p100;2238654.0;;;0.1668526828;0.1668526828
;US-CO;2011;p0p100;62937.4179688;;1.62605613056e+11;;
;US-CO;2011;p99p100;1178706.0;;;0.1872822344;0.1872822344
;US-CO;2011;p99.9p100;5801411.5;;;0.092177473;0.092177473
;US-CO;2011;p99.99p100;28581488.0;;;0.0454125553;0.0454125553
;US-CO;2011;p90p100;;;;0.4634850919;0.4634850919
;US-CO;2011;p90p91;291705.53125;;;;
;US-CO;2011;p95p96;433489.46875;;;;
;US-CO;2011;p95p100;;;;0.3443813622;0.3443813622
;US-CO;2011;p99.5p100;1879313.125;;;0.149300158;0.149300158
;US-CO;2010;p0p100;62357.5;;1.58703435776e+11;;
;US-CO;2010;p99p100;1102715.625;;;0.1768376827;0.1768376827
;US-CO;2010;p99.9p100;5333580.0;;;0.0855322853;0.0855322853
;US-CO;2010;p99.99p100;26567110.0;;;0.0426045097;0.0426045097
;US-CO;2010;p90p100;;;;0.4494436383;0.4494436383
;US-CO;2010;p90p91;280261.84375;;;;
;US-CO;2010;p95p96;412923.96875;;;;
;US-CO;2010;p95p100;;;;0.3310940266;0.3310940266
;US-CO;2010;p99.5p100;1747940.375;;;0.140154779;0.140154779
;US-CO;2009;p0p100;61891.8007812;;1.54179715072e+11;;
;US-CO;2009;p99p100;952681.375;;;0.153926909;0.153926909
;US-CO;2009;p99.9p100;4046814.5;;;0.0653853044;0.0653853044
;US-CO;2009;p99.99p100;17626914.0;;;0.0284802075;0.0284802075
;US-CO;2009;p90p100;;;;0.4236293733;0.4236293733
;US-CO;2009;p90p91;262191.84375;;;;
;US-CO;2009;p95p96;377999.6875;;;;
;US-CO;2009;p95p100;;;;0.3053714037;0.3053714037
;US-CO;2009;p99.5p100;1455032.875;;;0.1175464988;0.1175464988
;US-CO;2008;p0p100;68551.0546875;;1.67624916992e+11;;
;US-CO;2008;p99p100;1239676.875;;;0.180839926;0.180839926
;US-CO;2008;p99.9p100;5725986.0;;;0.0835287794;0.0835287794
;US-CO;2008;p99.99p100;25783374.0;;;0.0376119241;0.0376119241
;US-CO;2008;p90p100;;;;0.4438632429;0.4438632429
;US-CO;2008;p90p91;304272.9375;;;;
;US-CO;2008;p95p96;454683.4375;;;;
;US-CO;2008;p95p100;;;;0.3316385448;0.3316385448
;US-CO;2008;p99.5p100;1953555.5;;;0.1424890906;0.1424890906
;US-CO;2007;p0p100;74919.953125;;1.77220763648e+11;;
;US-CO;2007;p99p100;1592053.0;;;0.2125005424;0.2125005424
;US-CO;2007;p99.9p100;7836936.5;;;0.1046041325;0.1046041325
;US-CO;2007;p99.99p100;36321572.0;;;0.0484805107;0.0484805107
;US-CO;2007;p90p100;;;;0.4714461863;0.4714461863
;US-CO;2007;p90p91;353207.25;;;;
;US-CO;2007;p95p96;545991.6875;;;;
;US-CO;2007;p95p100;;;;0.3643833697;0.3643833697
;US-CO;2007;p99.5p100;2570379.0;;;0.1715416759;0.1715416759
;US-CO;2006;p0p100;73294.828125;;1.68207597568e+11;;
;US-CO;2006;p99p100;1561556.875;;;0.2130514681;0.2130514681
;US-CO;2006;p99.9p100;7690361.5;;;0.104923673;0.104923673
;US-CO;2006;p99.99p100;35146664.0;;;0.0479524545;0.0479524545
;US-CO;2006;p90p100;;;;0.4697595239;0.4697595239
;US-CO;2006;p90p91;344309.40625;;;;
;US-CO;2006;p95p96;532359.9375;;;;
;US-CO;2006;p95p100;;;;0.3631634116;0.3631634116
;US-CO;2006;p99.5p100;2524006.25;;;0.1721817702;0.1721817702
;US-CO;2005;p0p100;70564.2109375;;1.60158695424e+11;;
;US-CO;2005;p99p100;1379038.125;;;0.1954302788;0.1954302788
;US-CO;2005;p99.9p100;6613138.0;;;0.0937180221;0.0937180221
;US-CO;2005;p99.99p100;29541132.0;;;0.0418641865;0.0418641865
;US-CO;2005;p90p100;;;;0.44781968;0.44781968
;US-CO;2005;p90p91;316000.40625;;;;
;US-CO;2005;p95p96;482288.4375;;;;
;US-CO;2005;p95p100;;;;0.3417373002;0.3417373002
;US-CO;2005;p99.5p100;2206920.75;;;0.156376794;0.156376794
;US-CO;2004;p0p100;65155.6210938;;1.49556527104e+11;;
;US-CO;2004;p99p100;1180456.5;;;0.181174919;0.181174919
;US-CO;2004;p99.9p100;5476361.0;;;0.084050484;0.084050484
;US-CO;2004;p99.99p100;24322930.0;;;0.037330512;0.037330512
;US-CO;2004;p90p100;;;;0.4393992722;0.4393992722
;US-CO;2004;p90p91;286293.34375;;;;
;US-CO;2004;p95p96;427278.90625;;;;
;US-CO;2004;p95p100;;;;0.327891022;0.327891022
;US-CO;2004;p99.5p100;1863282.5;;;0.1429870874;0.1429870874
;US-CO;2003;p0p100;64639.6328125;;1.42138130432e+11;;
;US-CO;2003;p99p100;999367.5;;;0.1546059847;0.1546059847
;US-CO;2003;p99.9p100;4293460.5;;;0.0664214864;0.0664214864
;US-CO;2003;p99.99p100;18242234.0;;;0.0282214377;0.0282214377
;US-CO;2003;p90p100;;;;0.4086057544;0.4086057544
;US-CO;2003;p90p91;264121.25;;;;
;US-CO;2003;p95p96;378794.21875;;;;
;US-CO;2003;p95p100;;;;0.2930046022;0.2930046022
;US-CO;2003;p99.5p100;1538527.25;;;0.1190080419;0.1190080419
;US-CO;2002;p0p100;66137.0390625;;1.42697938944e+11;;
;US-CO;2002;p99p100;992672.125;;;0.1500932276;0.1500932276
;US-CO;2002;p99.9p100;4165421.0;;;0.0629816651;0.0629816651
;US-CO;2002;p99.99p100;17186760.0;;;0.0259865895;0.0259865895
;US-CO;2002;p90p100;;;;0.4023230374;0.4023230374
;US-CO;2002;p90p91;266084.5625;;;;
;US-CO;2002;p95p96;380287.75;;;;
;US-CO;2002;p95p100;;;;0.287499845;0.287499845
;US-CO;2002;p99.5p100;1517991.375;;;0.1147610694;0.1147610694
;US-CO;2001;p0p100;71262.6875;;1.50440116224e+11;;
;US-CO;2001;p99p100;1178292.75;;;0.1653449982;0.1653449982
;US-CO;2001;p99.9p100;5396734.0;;;0.0757301524;0.0757301524
;US-CO;2001;p99.99p100;23794570.0;;;0.0333899446;0.0333899446
;US-CO;2001;p90p100;;;;0.4142287374;0.4142287374
;US-CO;2001;p90p91;295190.5;;;;
;US-CO;2001;p95p96;438214.625;;;;
;US-CO;2001;p95p100;;;;0.3074643314;0.3074643314
;US-CO;2001;p99.5p100;1849798.875;;;0.1297873408;0.1297873408
;US-CO;2000;p0p100;74601.9921875;;1.55650998272e+11;;
;US-CO;2000;p99p100;1571687.25;;;0.2106763124;0.2106763124
;US-CO;2000;p99.9p100;8055812.5;;;0.1079838723;0.1079838723
;US-CO;2000;p99.99p100;38343212.0;;;0.0513970368;0.0513970368
;US-CO;2000;p90p100;;;;0.4634649158;0.4634649158
;US-CO;2000;p90p91;345754.0625;;;;
;US-CO;2000;p95p96;534011.0625;;;;
;US-CO;2000;p95p100;;;;0.3579066694;0.3579066694
;US-CO;2000;p99.5p100;2556527.5;;;0.1713444442;0.1713444442
;US-CO;1999;p0p100;71938.203125;;1.41666516992e+11;;
;US-CO;1999;p99p100;1372074.75;;;0.190729633;0.190729633
;US-CO;1999;p99.9p100;6627924.0;;;0.0921335667;0.0921335667
;US-CO;1999;p99.99p100;29140026.0;;;0.0405070223;0.0405070223
;US-CO;1999;p90p100;;;;0.4456481934;0.4456481934
;US-CO;1999;p90p91;320591.3125;;;;
;US-CO;1999;p95p96;485764.46875;;;;
;US-CO;1999;p95p100;;;;0.3376262188;0.3376262188
;US-CO;1999;p99.5p100;2201663.75;;;0.1530246586;0.1530246586
;US-CO;1998;p0p100;65596.0625;;1.28457515008e+11;;
;US-CO;1998;p99p100;1168765.25;;;0.1781761199;0.1781761199
;US-CO;1998;p99.9p100;5414884.5;;;0.0825489312;0.0825489312
;US-CO;1998;p99.99p100;22913368.0;;;0.0349310078;0.0349310078
;US-CO;1998;p90p100;;;;0.4347167611;0.4347167611
;US-CO;1998;p90p91;285157.0625;;;;
;US-CO;1998;p95p96;424776.28125;;;;
;US-CO;1998;p95p100;;;;0.323781848;0.323781848
;US-CO;1998;p99.5p100;1855639.5;;;0.1414444298;0.1414444298
;US-CO;1997;p0p100;60986.8671875;;1.17471289344e+11;;
;US-CO;1997;p99p100;1000917.375;;;0.1641201377;0.1641201377
;US-CO;1997;p99.9p100;4524643.5;;;0.0741904452;0.0741904452
;US-CO;1997;p99.99p100;19441902.0;;;0.031878829;0.031878829
;US-CO;1997;p90p100;;;;0.4211390913;0.4211390913
;US-CO;1997;p90p91;256839.578125;;;;
;US-CO;1997;p95p96;377559.0;;;;
;US-CO;1997;p95p100;;;;0.3095411956;0.3095411956
;US-CO;1997;p99.5p100;1568786.125;;;0.1286166906;0.1286166906
;US-CO;1996;p0p100;58193.0976562;;1.06999390208e+11;;
;US-CO;1996;p99p100;869933.125;;;0.1494907737;0.1494907737
;US-CO;1996;p99.9p100;3616134.5;;;0.0621402636;0.0621402636
;US-CO;1996;p99.99p100;14633287.0;;;0.0251460876;0.0251460876
;US-CO;1996;p90p100;;;;0.4051938653;0.4051938653
;US-CO;1996;p90p91;235794.859375;;;;
;US-CO;1996;p95p96;340965.8125;;;;
;US-CO;1996;p95p100;;;;0.2929607034;0.2929607034
;US-CO;1996;p99.5p100;1328505.25;;;0.1141462922;0.1141462922
;US-CO;1995;p0p100;55179.53125;;98684665856.0;;
;US-CO;1995;p99p100;759621.875;;;0.1376637071;0.1376637071
;US-CO;1995;p99.9p100;3011768.25;;;0.0545812622;0.0545812622
;US-CO;1995;p99.99p100;11633235.0;;;0.0210825186;0.0210825186
;US-CO;1995;p90p100;;;;0.3926720619;0.3926720619
;US-CO;1995;p90p91;216674.59375;;;;
;US-CO;1995;p95p96;308601.28125;;;;
;US-CO;1995;p95p100;;;;0.2796338499;0.2796338499
;US-CO;1995;p99.5p100;1144465.25;;;0.1037037894;0.1037037894
;US-CO;1994;p0p100;51559.3945312;;91732271104.0;;
;US-CO;1994;p99p100;681254.625;;;0.1321300566;0.1321300566
;US-CO;1994;p99.9p100;2657831.0;;;0.0515489168;0.0515489168
;US-CO;1994;p99.99p100;10408416.0;;;0.0201872345;0.0201872345
;US-CO;1994;p90p100;;;;0.3900263011;0.3900263011
;US-CO;1994;p90p91;201095.21875;;;;
;US-CO;1994;p95p96;283455.0625;;;;
;US-CO;1994;p95p100;;;;0.2748820484;0.2748820484
;US-CO;1994;p99.5p100;1019355.125;;;0.0988525003;0.0988525003
;US-CO;1993;p0p100;50448.4726562;;87197892608.0;;
;US-CO;1993;p99p100;650237.0;;;0.128891319;0.128891319
;US-CO;1993;p99.9p100;2489833.75;;;0.0493539944;0.0493539944
;US-CO;1993;p99.99p100;9580513.0;;;0.0189906899;0.0189906899
;US-CO;1993;p90p100;;;;0.3873696923;0.3873696923
;US-CO;1993;p90p91;195422.09375;;;;
;US-CO;1993;p95p96;274143.40625;;;;
;US-CO;1993;p95p100;;;;0.2717063725;0.2717063725
;US-CO;1993;p99.5p100;969710.8125;;;0.0961090326;0.0961090326
;US-CO;1992;p0p100;50640.9648438;;83053576192.0;;
;US-CO;1992;p99p100;654007.0625;;;0.1291458458;0.1291458458
;US-CO;1992;p99.9p100;2536605.0;;;0.0500899814;0.0500899814
;US-CO;1992;p99.99p100;9772506.0;;;0.0192976296;0.0192976296
;US-CO;1992;p90p100;;;;0.38475281;0.38475281
;US-CO;1992;p90p91;194842.53125;;;;
;US-CO;1992;p95p96;271390.75;;;;
;US-CO;1992;p95p100;;;;0.2679557502;0.2679557502
;US-CO;1992;p99.5p100;981121.25;;;0.0968703255;0.0968703255
;US-CO;1991;p0p100;49897.4375;;79268986880.0;;
;US-CO;1991;p99p100;583139.25;;;0.1168675795;0.1168675795
;US-CO;1991;p99.9p100;2127477.25;;;0.0426370092;0.0426370092
;US-CO;1991;p99.99p100;7733307.5;;;0.0154984072;0.0154984072
;US-CO;1991;p90p100;;;;0.3701049387;0.3701049387
;US-CO;1991;p90p91;184672.859375;;;;
;US-CO;1991;p95p96;253385.140625;;;;
;US-CO;1991;p95p100;;;;0.2539059818;0.2539059818
;US-CO;1991;p99.5p100;858719.0625;;;0.0860484168;0.0860484168
;US-CO;1990;p0p100;50385.359375;;78396522496.0;;
;US-CO;1990;p99p100;620028.4375;;;0.1230572611;0.1230572611
;US-CO;1990;p99.9p100;2418321.25;;;0.0479965061;0.0479965061
;US-CO;1990;p99.99p100;9297044.0;;;0.0184518751;0.0184518751
;US-CO;1990;p90p100;;;;0.3674048781;0.3674048781
;US-CO;1990;p90p91;185118.28125;;;;
;US-CO;1990;p95p96;259388.578125;;;;
;US-CO;1990;p95p100;;;;0.2574047148;0.2574047148
;US-CO;1990;p99.5p100;935401.625;;;0.0928247422;0.0928247422
;US-CO;1989;p0p100;50939.5117188;;77135495168.0;;
;US-CO;1989;p99p100;599403.3125;;;0.1176696122;0.1176696122
;US-CO;1989;p99.9p100;2256150.25;;;0.0442907661;0.0442907661
;US-CO;1989;p99.99p100;8389952.0;;;0.0164704211;0.0164704211
;US-CO;1989;p90p100;;;;0.3582414389;0.3582414389
;US-CO;1989;p90p91;182486.453125;;;;
;US-CO;1989;p95p96;252560.578125;;;;
;US-CO;1989;p95p100;;;;0.2479024082;0.2479024082
;US-CO;1989;p99.5p100;890826.125;;;0.0874396041;0.0874396041
;US-CO;1988;p0p100;49094.3046875;;75836973056.0;;
;US-CO;1988;p99p100;615148.875;;;0.1252994239;0.1252994239
;US-CO;1988;p99.9p100;2413807.25;;;0.0491667427;0.0491667427
;US-CO;1988;p99.99p100;9087241.0;;;0.0185097661;0.0185097661
;US-CO;1988;p90p100;;;;0.3674658835;0.3674658835
;US-CO;1988;p90p91;180404.828125;;;;
;US-CO;1988;p95p96;251496.078125;;;;
;US-CO;1988;p95p100;;;;0.2561356723;0.2561356723
;US-CO;1988;p99.5p100;928367.6875;;;0.0945494249;0.0945494249
;US-CO;1987;p0p100;48414.5117188;;72572878848.0;;
;US-CO;1987;p99p100;490920.5625;;;0.1013994738;0.1013994738
;US-CO;1987;p99.9p100;1697779.75;;;0.0350675844;0.0350675844
;US-CO;1987;p99.99p100;5909789.0;;;0.0122066485;0.0122066485
;US-CO;1987;p90p100;;;;0.3426446021;0.3426446021
;US-CO;1987;p90p91;165889.703125;;;;
;US-CO;1987;p95p96;222576.28125;;;;
;US-CO;1987;p95p100;;;;0.2298652828;0.2298652828
;US-CO;1987;p99.5p100;708308.5625;;;0.0731504411;0.0731504411
;US-CO;1986;p0p100;51030.3984375;;76345016320.0;;
;US-CO;1986;p99p100;668236.0625;;;0.1309486181;0.1309486181
;US-CO;1986;p99.9p100;2845147.0;;;0.0557539612;0.0557539612
;US-CO;1986;p99.99p100;11768538.0;;;0.0230618175;0.0230618175
;US-CO;1986;p90p100;;;;0.3669293225;0.3669293225
;US-CO;1986;p90p91;187245.515625;;;;
;US-CO;1986;p95p96;264118.65625;;;;
;US-CO;1986;p95p100;;;;0.2587856054;0.2587856054
;US-CO;1986;p99.5p100;1031502.9375;;;0.1010674983;0.1010674983
;US-CO;1985;p0p100;47724.1445312;;70142296064.0;;
;US-CO;1985;p99p100;473119.34375;;;0.0991362706;0.0991362706
;US-CO;1985;p99.9p100;1668211.125;;;0.0349552892;0.0349552892
;US-CO;1985;p99.99p100;5716853.0;;;0.0119789541;0.0119789541
;US-CO;1985;p90p100;;;;0.3425649703;0.3425649703
;US-CO;1985;p90p91;163486.203125;;;;
;US-CO;1985;p95p96;214835.46875;;;;
;US-CO;1985;p95p100;;;;0.225080505;0.225080505
;US-CO;1985;p99.5p100;678624.75;;;0.0710986853;0.0710986853
;US-CO;1984;p0p100;46334.4140625;;66931781632.0;;
;US-CO;1984;p99p100;473246.96875;;;0.1021372527;0.1021372527
;US-CO;1984;p99.9p100;1830568.125;;;0.039507743;0.039507743
;US-CO;1984;p99.99p100;7343785.5;;;0.0158495288;0.0158495288
;US-CO;1984;p90p100;;;;0.3451773822;0.3451773822
;US-CO;1984;p90p91;159935.90625;;;;
;US-CO;1984;p95p96;213962.78125;;;;
;US-CO;1984;p95p100;;;;0.2308897227;0.2308897227
;US-CO;1984;p99.5p100;700056.125;;;0.0755438581;0.0755438581
;US-CO;1983;p0p100;44536.4257812;;63248437248.0;;
;US-CO;1983;p99p100;482041.125;;;0.1082352474;0.1082352474
;US-CO;1983;p99.9p100;1951904.125;;;0.0438271388;0.0438271388
;US-CO;1983;p99.99p100;7951010.5;;;0.017852826;0.017852826
;US-CO;1983;p90p100;;;;0.3526956737;0.3526956737
;US-CO;1983;p90p91;157078.03125;;;;
;US-CO;1983;p95p96;214358.34375;;;;
;US-CO;1983;p95p100;;;;0.2406550795;0.2406550795
;US-CO;1983;p99.5p100;728283.3125;;;0.081762664;0.081762664
;US-CO;1982;p0p100;48659.625;;64516521984.0;;
;US-CO;1982;p99p100;495358.65625;;;0.1018007621;0.1018007621
;US-CO;1982;p99.9p100;1916026.75;;;0.0393761136;0.0393761136
;US-CO;1982;p99.99p100;7955404.5;;;0.0163490884;0.0163490884
;US-CO;1982;p90p100;;;;0.3447263539;0.3447263539
;US-CO;1982;p90p91;167742.53125;;;;
;US-CO;1982;p95p96;224269.9375;;;;
;US-CO;1982;p95p100;;;;0.2304476649;0.2304476649
;US-CO;1982;p99.5p100;730941.875;;;0.0751076415;0.0751076415
;US-CO;1981;p0p100;49055.6875;;62841163776.0;;
;US-CO;1981;p99p100;455475.125;;;0.0928485841;0.0928485841
;US-CO;1981;p99.9p100;1621192.875;;;0.0330480114;0.0330480114
;US-CO;1981;p99.99p100;6176511.5;;;0.0125908172;0.0125908172
;US-CO;1981;p90p100;;;;0.3284092247;0.3284092247
;US-CO;1981;p90p91;161103.40625;;;;
;US-CO;1981;p95p96;212175.09375;;;;
;US-CO;1981;p95p100;;;;0.216259405;0.216259405
;US-CO;1981;p99.5p100;651309.25;;;0.066384688;0.066384688
;US-CO;1980;p0p100;48465.1601562;;60566945792.0;;
;US-CO;1980;p99p100;450478.96875;;;0.0929490328;0.0929490328
;US-CO;1980;p99.9p100;1539841.875;;;0.0317721404;0.0317721404
;US-CO;1980;p99.99p100;5828343.0;;;0.0120258406;0.0120258406
;US-CO;1980;p90p100;;;;0.3182462752;0.3182462752
;US-CO;1980;p90p91;154238.5625;;;;
;US-CO;1980;p95p96;210323.609375;;;;
;US-CO;1980;p95p100;;;;0.2169843465;0.2169843465
;US-CO;1980;p99.5p100;640507.75;;;0.0660791919;0.0660791919
;US-CO;1979;p0p100;48901.171875;;57755955200.0;;
;US-CO;1979;p99p100;441342.40625;;;0.0902519077;0.0902519077
;US-CO;1979;p99.9p100;1456744.75;;;0.0297895689;0.0297895689
;US-CO;1979;p99.99p100;5215365.0;;;0.0106651131;0.0106651131
;US-CO;1979;p90p100;;;;0.3195498288;0.3195498288
;US-CO;1979;p90p91;156263.59375;;;;
;US-CO;1979;p95p96;209150.96875;;;;
;US-CO;1979;p95p100;;;;0.2138506919;0.2138506919
;US-CO;1979;p99.5p100;623491.875;;;0.0637502;0.0637502
;US-CO;1978;p0p100;45824.0976562;;53437673472.0;;
;US-CO;1978;p99p100;380307.6875;;;0.0829929486;0.0829929486
;US-CO;1978;p99.9p100;1095441.75;;;0.0239053667;0.0239053667
;US-CO;1978;p99.99p100;3305619.25;;;0.0072137141;0.0072137141
;US-CO;1978;p90p100;;;;0.3205171824;0.3205171824
;US-CO;1978;p90p91;146874.09375;;;;
;US-CO;1978;p95p96;194042.71875;;;;
;US-CO;1978;p95p100;;;;0.2117256373;0.2117256373
;US-CO;1978;p99.5p100;518981.75;;;0.0566276051;0.0566276051
;US-CO;1977;p0p100;44184.5351562;;49645211648.0;;
;US-CO;1977;p99p100;369166.46875;;;0.0835510567;0.0835510567
;US-CO;1977;p99.9p100;1025744.5;;;0.0232150108;0.0232150108
;US-CO;1977;p99.99p100;3061267.25;;;0.0069283675;0.0069283675
;US-CO;1977;p90p100;;;;0.3232873976;0.3232873976
;US-CO;1977;p90p91;142843.03125;;;;
;US-CO;1977;p95p96;187299.6875;;;;
;US-CO;1977;p95p100;;;;0.2119516283;0.2119516283
;US-CO;1977;p99.5p100;498883.625;;;0.0564545505;0.0564545505
;US-CO;1976;p0p100;43677.5039062;;47313539072.0;;
;US-CO;1976;p99p100;338163.1875;;;0.077422753;0.077422753
;US-CO;1976;p99.9p100;954103.75;;;0.0218442846;0.0218442846
;US-CO;1976;p99.99p100;2735564.75;;;0.0062630982;0.0062630982
;US-CO;1976;p90p100;;;;0.31335482;0.31335482
;US-CO;1976;p90p91;136865.546875;;;;
;US-CO;1976;p95p96;178695.3125;;;;
;US-CO;1976;p95p100;;;;0.2045622021;0.2045622021
;US-CO;1976;p99.5p100;455684.71875;;;0.0521646924;0.0521646924
;US-CO;1975;p0p100;42891.9140625;;44822888448.0;;
;US-CO;1975;p99p100;348304.34375;;;0.0812051222;0.0812051222
;US-CO;1975;p99.9p100;1007521.125;;;0.0234897677;0.0234897677
;US-CO;1975;p99.99p100;3741554.75;;;0.0087232161;0.0087232161
;US-CO;1975;p90p100;;;;0.3176943958;0.3176943958
;US-CO;1975;p90p91;136265.21875;;;;
;US-CO;1975;p95p96;176407.953125;;;;
;US-CO;1975;p95p100;;;;0.2056424022;0.2056424022
;US-CO;1975;p99.5p100;474014.75;;;0.0552568845;0.0552568845
;US-CO;1974;p0p100;45271.5625;;45627207680.0;;
;US-CO;1974;p99p100;387135.28125;;;0.085514009;0.085514009
;US-CO;1974;p99.9p100;1146158.875;;;0.0253174119;0.0253174119
;US-CO;1974;p99.99p100;3656507.25;;;0.0080768298;0.0080768298
;US-CO;1974;p90p100;;;;0.3154328763;0.3154328763
;US-CO;1974;p90p91;142801.390625;;;;
;US-CO;1974;p95p96;189068.59375;;;;
;US-CO;1974;p95p100;;;;0.2088160515;0.2088160515
;US-CO;1974;p99.5p100;533672.25;;;0.058941219;0.058941219
;US-CO;1973;p0p100;45707.9335938;;44464181248.0;;
;US-CO;1973;p99p100;372263.625;;;0.0814439803;0.0814439803
;US-CO;1973;p99.9p100;1046529.625;;;0.022896016;0.022896016
;US-CO;1973;p99.99p100;3066061.5;;;0.0067079416;0.0067079416
;US-CO;1973;p90p100;;;;0.3152546287;0.3152546287
;US-CO;1973;p90p91;144096.375;;;;
;US-CO;1973;p95p96;188822.4375;;;;
;US-CO;1973;p95p100;;;;0.2065532506;0.2065532506
;US-CO;1973;p99.5p100;513017.03125;;;0.0561190322;0.0561190322
;US-CO;1972;p0p100;44161.75;;41451433984.0;;
;US-CO;1972;p99p100;380755.84375;;;0.0862184688;0.0862184688
;US-CO;1972;p99.9p100;1078882.375;;;0.0244302452;0.0244302452
;US-CO;1972;p99.99p100;3282110.25;;;0.0074320203;0.0074320203
;US-CO;1972;p90p100;;;;0.3216298819;0.3216298819
;US-CO;1972;p90p91;142037.375;;;;
;US-CO;1972;p95p96;187704.1875;;;;
;US-CO;1972;p95p100;;;;0.2125189602;0.2125189602
;US-CO;1972;p99.5p100;517432.53125;;;0.0585837886;0.0585837886
;US-CO;1971;p0p100;41802.9492188;;37818064896.0;;
;US-CO;1971;p99p100;352268.9375;;;0.0842689201;0.0842689201
;US-CO;1971;p99.9p100;1005571.125;;;0.0240550302;0.0240550302
;US-CO;1971;p99.99p100;3187787.75;;;0.0076257489;0.0076257489
;US-CO;1971;p90p100;;;;0.3168617189;0.3168617189
;US-CO;1971;p90p91;132457.53125;;;;
;US-CO;1971;p95p96;174721.8125;;;;
;US-CO;1971;p95p100;;;;0.2089826465;0.2089826465
;US-CO;1971;p99.5p100;477595.4375;;;0.0571246147;0.0571246147
;US-CO;1970;p0p100;40298.8085938;;35072954368.0;;
;US-CO;1970;p99p100;315821.125;;;0.0783698335;0.0783698335
;US-CO;1970;p99.9p100;886678.25;;;0.0220025908;0.0220025908
;US-CO;1970;p99.99p100;2747560.0;;;0.0068179676;0.0068179676
;US-CO;1970;p90p100;;;;0.3099759221;0.3099759221
;US-CO;1970;p90p91;124916.617188;;;;
;US-CO;1970;p95p96;161339.765625;;;;
;US-CO;1970;p95p100;;;;0.2001793087;0.2001793087
;US-CO;1970;p99.5p100;431963.59375;;;0.0535950735;0.0535950735
;US-CO;1969;p0p100;39196.9960938;;33349890048.0;;
;US-CO;1969;p99p100;363072.125;;;0.0926275402;0.0926275402
;US-CO;1969;p99.9p100;1154939.875;;;0.0294650141;0.0294650141
;US-CO;1969;p99.99p100;4214914.5;;;0.0107531575;0.0107531575
;US-CO;1969;p90p100;;;;0.3257353306;0.3257353306
;US-CO;1969;p90p91;127678.460938;;;;
;US-CO;1969;p95p96;169972.578125;;;;
;US-CO;1969;p95p100;;;;0.2168183923;0.2168183923
;US-CO;1969;p99.5p100;508469.6875;;;0.0648607984;0.0648607984
;US-CO;1968;p0p100;38425.5585938;;32020090880.0;;
;US-CO;1968;p99p100;374900.0625;;;0.0975652859;0.0975652859
;US-CO;1968;p99.9p100;1236265.75;;;0.0321730077;0.0321730077
;US-CO;1968;p99.99p100;4440298.0;;;0.0115555851;0.0115555851
;US-CO;1968;p90p100;;;;0.3348089755;0.3348089755
;US-CO;1968;p90p91;128652.226562;;;;
;US-CO;1968;p95p96;173701.84375;;;;
;US-CO;1968;p95p100;;;;0.2260238379;0.2260238379
;US-CO;1968;p99.5p100;536737.1875;;;0.0698411688;0.0698411688
;US-CO;1967;p0p100;36575.0546875;;29842745344.0;;
;US-CO;1967;p99p100;348401.90625;;;0.0952566937;0.0952566937
;US-CO;1967;p99.9p100;1103895.0;;;0.0301816352;0.0301816352
;US-CO;1967;p99.99p100;4038129.5;;;0.0110406652;0.0110406652
;US-CO;1967;p90p100;;;;0.3321516216;0.3321516216
;US-CO;1967;p90p91;121484.640625;;;;
;US-CO;1967;p95p96;163583.59375;;;;
;US-CO;1967;p95p100;;;;0.2236272544;0.2236272544
;US-CO;1967;p99.5p100;487825.71875;;;0.0666883066;0.0666883066
;US-CO;1966;p0p100;35282.1328125;;28161196032.0;;
;US-CO;1966;p99p100;312306.65625;;;0.0885169506;0.0885169506
;US-CO;1966;p99.9p100;916194.0;;;0.0259676501;0.0259676501
;US-CO;1966;p99.99p100;3326697.75;;;0.0094288466;0.0094288466
;US-CO;1966;p90p100;;;;0.3231868446;0.3231868446
;US-CO;1966;p90p91;114027.210938;;;;
;US-CO;1966;p95p96;152074.296875;;;;
;US-CO;1966;p95p100;;;;0.2155117989;0.2155117989
;US-CO;1966;p99.5p100;430966.71875;;;0.0610743575;0.0610743575
;US-CO;1965;p0p100;34539.296875;;26949296128.0;;
;US-CO;1965;p99p100;315355.75;;;0.0913034678;0.0913034678
;US-CO;1965;p99.9p100;921655.75;;;0.0266842656;0.0266842656
;US-CO;1965;p99.99p100;3432151.25;;;0.0099369455;0.0099369455
;US-CO;1965;p90p100;;;;0.3313812912;0.3313812912
;US-CO;1965;p90p91;114456.773438;;;;
;US-CO;1965;p95p96;152986.546875;;;;
;US-CO;1965;p95p100;;;;0.2214673758;0.2214673758
;US-CO;1965;p99.5p100;432385.0625;;;0.0625931993;0.0625931993
;US-CO;1964;p0p100;33710.9296875;;25686931456.0;;
;US-CO;1964;p99p100;317047.28125;;;0.094048813;0.094048813
;US-CO;1964;p99.9p100;956409.25;;;0.0283708964;0.0283708964
;US-CO;1964;p99.99p100;4130717.0;;;0.0122533469;0.0122533469
;US-CO;1964;p90p100;;;;0.3299379051;0.3299379051
;US-CO;1964;p90p91;111225.132812;;;;
;US-CO;1964;p95p96;148123.453125;;;;
;US-CO;1964;p95p100;;;;0.2196965069;0.2196965069
;US-CO;1964;p99.5p100;431211.625;;;0.0639572442;0.0639572442
;US-CO;1963;p0p100;32753.0058594;;24337774592.0;;
;US-CO;1963;p99p100;306855.625;;;0.0936877653;0.0936877653
;US-CO;1963;p99.9p100;867031.5;;;0.0264718123;0.0264718123
;US-CO;1963;p99.99p100;3310404.0;;;0.0101071754;0.0101071754
;US-CO;1963;p90p100;;;;0.3312189579;0.3312189579
;US-CO;1963;p90p91;108484.171875;;;;
;US-CO;1963;p95p96;144960.53125;;;;
;US-CO;1963;p95p100;;;;0.2212934643;0.2212934643
;US-CO;1963;p99.5p100;437878.1875;;;0.0668454915;0.0668454915
;US-CO;1962;p0p100;32220.6699219;;23335555072.0;;
;US-CO;1962;p99p100;295392.625;;;0.0916779861;0.0916779861
;US-CO;1962;p99.9p100;861476.5;;;0.0267367642;0.0267367642
;US-CO;1962;p99.99p100;2821882.75;;;0.008757988;0.008757988
;US-CO;1962;p90p100;;;;0.3271303475;0.3271303475
;US-CO;1962;p90p91;105403.585938;;;;
;US-CO;1962;p95p96;140889.515625;;;;
;US-CO;1962;p95p100;;;;0.2186321914;0.2186321914
;US-CO;1962;p99.5p100;404082.0625;;;0.0627054051;0.0627054051
;US-CO;1961;p0p100;32295.9667969;;22774132736.0;;
;US-CO;1961;p99p100;320322.40625;;;0.099183403;0.099183403
;US-CO;1961;p99.9p100;1109443.625;;;0.0343523882;0.0343523882
;US-CO;1961;p99.99p100;5371123.5;;;0.016630942;0.016630942
;US-CO;1961;p90p100;;;;0.3347249329;0.3347249329
;US-CO;1961;p90p91;108102.648438;;;;
;US-CO;1961;p95p96;146348.03125;;;;
;US-CO;1961;p95p100;;;;0.2265732288;0.2265732288
;US-CO;1961;p99.5p100;438081.0;;;0.0678228661;0.0678228661
;US-CO;1960;p0p100;30679.3300781;;21038295040.0;;
;US-CO;1960;p99p100;279958.28125;;;0.0912530571;0.0912530571
;US-CO;1960;p99.9p100;822371.75;;;0.0268054008;0.0268054008
;US-CO;1960;p99.99p100;2629344.0;;;0.0085704075;0.0085704075
;US-CO;1960;p90p100;;;;0.3264544606;0.3264544606
;US-CO;1960;p90p91;100154.046875;;;;
;US-CO;1960;p95p96;133669.453125;;;;
;US-CO;1960;p95p100;;;;0.2178493589;0.2178493589
;US-CO;1960;p99.5p100;385825.15625;;;0.0628803074;0.0628803074
;US-CO;1959;p0p100;29888.046875;;20160765952.0;;
;US-CO;1959;p99p100;282208.53125;;;0.094421871;0.094421871
;US-CO;1959;p99.9p100;783058.3125;;;0.0261997171;0.0261997171
;US-CO;1959;p99.99p100;2362512.25;;;0.0079045389;0.0079045389
;US-CO;1959;p90p100;;;;0.3299579918;0.3299579918
;US-CO;1959;p90p91;98618.0;;;;
;US-CO;1959;p95p96;132259.765625;;;;
;US-CO;1959;p95p100;;;;0.2212586403;0.2212586403
;US-CO;1959;p99.5p100;390084.0625;;;0.0652575418;0.0652575418
;US-CO;1958;p0p100;28277.0566406;;18741792768.0;;
;US-CO;1958;p99p100;269165.8125;;;0.0951887593;0.0951887593
;US-CO;1958;p99.9p100;741018.25;;;0.0262056328;0.0262056328
;US-CO;1958;p99.99p100;2168940.0;;;0.0076703173;0.0076703173
;US-CO;1958;p90p100;;;;0.3289344609;0.3289344609
;US-CO;1958;p90p91;93012.9921875;;;;
;US-CO;1958;p95p96;125744.789062;;;;
;US-CO;1958;p95p100;;;;0.2223441899;0.2223441899
;US-CO;1958;p99.5p100;372491.9375;;;0.0658646896;0.0658646896
;US-CO;1957;p0p100;28980.5605469;;18869178368.0;;
;US-CO;1957;p99p100;272734.71875;;;0.0941095278;0.0941095278
;US-CO;1957;p99.9p100;834751.25;;;0.028803831;0.028803831
;US-CO;1957;p99.99p100;2678470.25;;;0.009242299;0.009242299
;US-CO;1957;p90p100;;;;0.3167949319;0.3167949319
;US-CO;1957;p90p91;91808.953125;;;;
;US-CO;1957;p95p96;124850.742188;;;;
;US-CO;1957;p95p100;;;;0.2154042572;0.2154042572
;US-CO;1957;p99.5p100;381260.59375;;;0.0657786727;0.0657786727
;US-CO;1956;p0p100;27994.2011719;;17876813824.0;;
;US-CO;1956;p99p100;319807.25;;;0.1142405197;0.1142405197
;US-CO;1956;p99.9p100;817785.5;;;0.0292126741;0.0292126741
;US-CO;1956;p99.99p100;2443881.25;;;0.0087299552;0.0087299552
;US-CO;1956;p90p100;;;;0.3563028872;0.3563028872
;US-CO;1956;p90p91;99744.15625;;;;
;US-CO;1956;p95p96;139057.171875;;;;
;US-CO;1956;p95p100;;;;0.2483678013;0.2483678013
;US-CO;1956;p99.5p100;474732.75;;;0.084791258;0.084791258
;US-CO;1955;p0p100;26741.8359375;;16750723072.0;;
;US-CO;1955;p99p100;292691.0;;;0.1094506085;0.1094506085
;US-CO;1955;p99.9p100;910517.0625;;;0.0340484157;0.0340484157
;US-CO;1955;p99.99p100;3259275.0;;;0.0121879261;0.0121879261
;US-CO;1955;p90p100;;;;0.3447946012;0.3447946012
;US-CO;1955;p90p91;92204.3984375;;;;
;US-CO;1955;p95p96;128060.90625;;;;
;US-CO;1955;p95p100;;;;0.2394392937;0.2394392937
;US-CO;1955;p99.5p100;413377.5;;;0.0772904232;0.0772904232
;US-CO;1954;p0p100;25068.0117188;;15400159232.0;;
;US-CO;1954;p99p100;277005.34375;;;0.1105015129;0.1105015129
;US-CO;1954;p99.9p100;893676.25;;;0.0356500633;0.0356500633
;US-CO;1954;p99.99p100;3270865.5;;;0.0130479643;0.0130479643
;US-CO;1954;p90p100;;;;0.3556373417;0.3556373417
;US-CO;1954;p90p91;89151.21875;;;;
;US-CO;1954;p95p96;123490.992188;;;;
;US-CO;1954;p95p100;;;;0.2463118881;0.2463118881
;US-CO;1954;p99.5p100;385000.65625;;;0.0767912194;0.0767912194
;US-CO;1953;p0p100;25153.3554688;;15153239040.0;;
;US-CO;1953;p99p100;240990.171875;;;0.0958083645;0.0958083645
;US-CO;1953;p99.9p100;663405.1875;;;0.026374422;0.026374422
;US-CO;1953;p99.99p100;1822778.5;;;0.0072466619;0.0072466619
;US-CO;1953;p90p100;;;;0.3308086991;0.3308086991
;US-CO;1953;p90p91;83209.484375;;;;
;US-CO;1953;p95p96;111972.3125;;;;
;US-CO;1953;p95p100;;;;0.2225792706;0.2225792706
;US-CO;1953;p99.5p100;335302.3125;;;0.0666516051;0.0666516051
;US-CO;1952;p0p100;25910.375;;15319300096.0;;
;US-CO;1952;p99p100;287750.5;;;0.1110560969;0.1110560969
;US-CO;1952;p99.9p100;791181.125;;;0.0305353031;0.0305353031
;US-CO;1952;p99.99p100;1992367.875;;;0.0076894597;0.0076894597
;US-CO;1952;p90p100;;;;0.3390582204;0.3390582204
;US-CO;1952;p90p91;87851.25;;;;
;US-CO;1952;p95p96;122741.789062;;;;
;US-CO;1952;p95p100;;;;0.2368583828;0.2368583828
;US-CO;1952;p99.5p100;400151.0625;;;0.077218309;0.077218309
;US-CO;1951;p0p100;25161.1367188;;14588759040.0;;
;US-CO;1951;p99p100;284918.84375;;;0.1132376641;0.1132376641
;US-CO;1951;p99.9p100;880796.4375;;;0.0350062251;0.0350062251
;US-CO;1951;p99.99p100;2655545.0;;;0.0105541535;0.0105541535
;US-CO;1951;p90p100;;;;0.3451625705;0.3451625705
;US-CO;1951;p90p91;86846.828125;;;;
;US-CO;1951;p95p96;122470.78125;;;;
;US-CO;1951;p95p100;;;;0.2433728874;0.2433728874
;US-CO;1951;p99.5p100;405056.5;;;0.0804924816;0.0804924816
;US-CO;1950;p0p100;23106.546875;;13137814528.0;;
;US-CO;1950;p99p100;300817.40625;;;0.1301871091;0.1301871091
;US-CO;1950;p99.9p100;944177.75;;;0.0408619195;0.0408619195
;US-CO;1950;p99.99p100;2452804.5;;;0.0106151942;0.0106151942
;US-CO;1950;p90p100;;;;0.3801769018;0.3801769018
;US-CO;1950;p90p91;87845.75;;;;
;US-CO;1950;p95p96;128107.765625;;;;
;US-CO;1950;p95p100;;;;0.2772109807;0.2772109807
;US-CO;1950;p99.5p100;428023.875;;;0.0926196203;0.0926196203
;US-CO;1949;p0p100;21539.6308594;;12064788480.0;;
;US-CO;1949;p99p100;239123.171875;;;0.1110154614;0.1110154614
;US-CO;1949;p99.9p100;666790.4375;;;0.0309564508;0.0309564508
;US-CO;1949;p99.99p100;1760966.875;;;0.0081754746;0.0081754746
;US-CO;1949;p90p100;;;;0.3620041907;0.3620041907
;US-CO;1949;p90p91;77974.3515625;;;;
;US-CO;1949;p95p96;106505.570312;;;;
;US-CO;1949;p95p100;;;;0.2472316772;0.2472316772
;US-CO;1949;p99.5p100;334626.34375;;;0.0776769146;0.0776769146
;US-CO;1948;p0p100;21528.21875;;11914138624.0;;
;US-CO;1948;p99p100;275464.09375;;;0.1279549003;0.1279549003
;US-CO;1948;p99.9p100;790273.0625;;;0.0367087051;0.0367087051
;US-CO;1948;p99.99p100;2267162.75;;;0.0105311209;0.0105311209
;US-CO;1948;p90p100;;;;0.3705245852;0.3705245852
;US-CO;1948;p90p91;79767.34375;;;;
;US-CO;1948;p95p96;119038.25;;;;
;US-CO;1948;p95p100;;;;0.2764702737;0.2764702737
;US-CO;1948;p99.5p100;386441.9375;;;0.0897524208;0.0897524208
;US-CO;1947;p0p100;20945.0058594;;11450828800.0;;
;US-CO;1947;p99p100;253713.515625;;;0.1211331934;0.1211331934
;US-CO;1947;p99.9p100;720249.75;;;0.034387663;0.034387663
;US-CO;1947;p99.99p100;1979407.0;;;0.0094504971;0.0094504971
;US-CO;1947;p90p100;;;;0.3710644841;0.3710644841
;US-CO;1947;p90p91;77719.46875;;;;
;US-CO;1947;p95p96;112606.414062;;;;
;US-CO;1947;p95p100;;;;0.2688145041;0.2688145041
;US-CO;1947;p99.5p100;350497.8125;;;0.0836709887;0.0836709887
;US-CO;1946;p0p100;20100.515625;;10832507904.0;;
;US-CO;1946;p99p100;269775.6875;;;0.1342133135;0.1342133135
;US-CO;1946;p99.9p100;819163.8125;;;0.0407533683;0.0407533683
;US-CO;1946;p99.99p100;2403305.0;;;0.0119564338;0.0119564338
;US-CO;1946;p90p100;;;;0.3936435878;0.3936435878
;US-CO;1946;p90p91;79124.390625;;;;
;US-CO;1946;p95p96;115823.476562;;;;
;US-CO;1946;p95p100;;;;0.2881107032;0.2881107032
;US-CO;1946;p99.5p100;380346.03125;;;0.0946110114;0.0946110114
;US-CO;1945;p0p100;20067.9238281;;10752722944.0;;
;US-CO;1945;p99p100;261127.125;;;0.1301216334;0.1301216334
;US-CO;1945;p99.9p100;833071.5;;;0.0415125899;0.0415125899
;US-CO;1945;p99.99p100;2526064.75;;;0.0125875734;0.0125875734
;US-CO;1945;p90p100;;;;0.3794289827;0.3794289827
;US-CO;1945;p90p91;76143.5234375;;;;
;US-CO;1945;p95p96;109747.75;;;;
;US-CO;1945;p95p100;;;;0.2734407187;0.2734407187
;US-CO;1945;p99.5p100;372755.84375;;;0.0928735435;0.0928735435
;US-CO;1944;p0p100;18704.7304688;;9956463616.0;;
;US-CO;1944;p99p100;231853.125;;;0.1239542663;0.1239542663
;US-CO;1944;p99.9p100;762527.875;;;0.0407665782;0.0407665782
;US-CO;1944;p99.99p100;2161889.0;;;0.0115579795;0.0115579795
;US-CO;1944;p90p100;;;;0.3694996238;0.3694996238
;US-CO;1944;p90p91;69113.9140625;;;;
;US-CO;1944;p95p96;95514.375;;;;
;US-CO;1944;p95p100;;;;0.2553214431;0.2553214431
;US-CO;1944;p99.5p100;339428.1875;;;0.090733245;0.090733245
;US-CO;1943;p0p100;20500.125;;10826914816.0;;
;US-CO;1943;p99p100;271649.96875;;;0.1325113773;0.1325113773
;US-CO;1943;p99.9p100;962573.125;;;0.0469545014;0.0469545014
;US-CO;1943;p99.99p100;3269318.25;;;0.0159477964;0.0159477964
;US-CO;1943;p90p100;;;;0.3623770773;0.3623770773
;US-CO;1943;p90p91;74287.75;;;;
;US-CO;1943;p95p96;107962.179688;;;;
;US-CO;1943;p95p100;;;;0.2633207738;0.2633207738
;US-CO;1943;p99.5p100;400014.21875;;;0.0975638554;0.0975638554
;US-CO;1942;p0p100;17939.0703125;;9381683200.0;;
;US-CO;1942;p99p100;241781.078125;;;0.1347790211;0.1347790211
;US-CO;1942;p99.9p100;876740.0625;;;0.0488732122;0.0488732122
;US-CO;1942;p99.99p100;2866447.0;;;0.0159787908;0.0159787908
;US-CO;1942;p90p100;;;;0.3675113022;0.3675113022
;US-CO;1942;p90p91;65928.1171875;;;;
;US-CO;1942;p95p96;94512.5703125;;;;
;US-CO;1942;p95p100;;;;0.2634265721;0.2634265721
;US-CO;1942;p99.5p100;360042.96875;;;0.1003516167;0.1003516167
;US-CO;1941;p0p100;13832.3466797;;7183244800.0;;
;US-CO;1941;p99p100;217200.578125;;;0.1570236683;0.1570236683
;US-CO;1941;p99.9p100;797259.375;;;0.0576373227;0.0576373227
;US-CO;1941;p99.99p100;2963584.0;;;0.0214250255;0.0214250255
;US-CO;1941;p90p100;;;;0.4381780922;0.4381780922
;US-CO;1941;p90p91;60610.3125;;;;
;US-CO;1941;p95p96;86356.578125;;;;
;US-CO;1941;p95p100;;;;0.3121544719;0.3121544719
;US-CO;1941;p99.5p100;323034.34375;;;0.1167677268;0.1167677268
;US-CO;1940;p0p100;12397.9316406;;6399821312.0;;
;US-CO;1940;p99p100;192443.515625;;;0.1552222818;0.1552222818
;US-CO;1940;p99.9p100;671072.25;;;0.0541277602;0.0541277602
;US-CO;1940;p99.99p100;2206062.5;;;0.0177937951;0.0177937951
;US-CO;1940;p90p100;;;;0.4775470495;0.4775470495
;US-CO;1940;p90p91;59205.9570312;;;;
;US-CO;1940;p95p96;81935.125;;;;
;US-CO;1940;p95p100;;;;0.3304386735;0.3304386735
;US-CO;1940;p99.5p100;281841.09375;;;0.1136645675;0.1136645675
;US-CO;1939;p0p100;12046.6523438;;6109044736.0;;
;US-CO;1939;p99p100;191694.34375;;;0.1591266543;0.1591266543
;US-CO;1939;p99.9p100;679743.0;;;0.0564258881;0.0564258881
;US-CO;1939;p99.99p100;2387464.25;;;0.0198184885;0.0198184885
;US-CO;1939;p90p100;;;;0.450047493;0.450047493
;US-CO;1939;p90p91;54215.65625;;;;
;US-CO;1939;p95p96;80056.6875;;;;
;US-CO;1939;p95p100;;;;0.3322777152;0.3322777152
;US-CO;1939;p99.5p100;281003.125;;;0.1166312099;0.1166312099
;US-CO;1938;p0p100;11865.7080078;;5919662080.0;;
;US-CO;1938;p99p100;184313.984375;;;0.1553333402;0.1553333402
;US-CO;1938;p99.9p100;709856.375;;;0.0598241985;0.0598241985
;US-CO;1938;p99.99p100;3099853.0;;;0.0261244699;0.0261244699
;US-CO;1938;p90p100;;;;0.414365381;0.414365381
;US-CO;1938;p90p91;49167.3789062;;;;
;US-CO;1938;p95p96;73200.2890625;;;;
;US-CO;1938;p95p100;;;;0.3084531426;0.3084531426
;US-CO;1938;p99.5p100;273985.3125;;;0.1154525876;0.1154525876
;US-CO;1937;p0p100;12355.9560547;;6066652672.0;;
;US-CO;1937;p99p100;220971.484375;;;0.1788380295;0.1788380295
;US-CO;1937;p99.9p100;848084.25;;;0.0686376914;0.0686376914
;US-CO;1937;p99.99p100;3316531.25;;;0.0268415604;0.0268415604
;US-CO;1937;p90p100;;;;0.4505942166;0.4505942166
;US-CO;1937;p90p91;55675.21875;;;;
;US-CO;1937;p95p96;84124.5546875;;;;
;US-CO;1937;p95p100;;;;0.3404210806;0.3404210806
;US-CO;1937;p99.5p100;332295.8125;;;0.1344678849;0.1344678849
;US-CO;1936;p0p100;13122.6279297;;6352276480.0;;
;US-CO;1936;p99p100;240858.875;;;0.1835447103;0.1835447103
;US-CO;1936;p99.9p100;930839.8125;;;0.0709339455;0.0709339455
;US-CO;1936;p99.99p100;3359724.75;;;0.0256025307;0.0256025307
;US-CO;1936;p90p100;;;;0.444986552;0.444986552
;US-CO;1936;p90p91;58393.9257812;;;;
;US-CO;1936;p95p96;88523.7890625;;;;
;US-CO;1936;p95p100;;;;0.3372944593;0.3372944593
;US-CO;1936;p99.5p100;366017.21875;;;0.1394603401;0.1394603401
;US-CO;1935;p0p100;10946.7724609;;5223053312.0;;
;US-CO;1935;p99p100;179761.0625;;;0.1642137617;0.1642137617
;US-CO;1935;p99.9p100;652907.6875;;;0.0596438572;0.0596438572
;US-CO;1935;p99.99p100;2226821.75;;;0.020342268;0.020342268
;US-CO;1935;p90p100;;;;0.4419072568;0.4419072568
;US-CO;1935;p90p91;48374.5820312;;;;
;US-CO;1935;p95p96;71313.1015625;;;;
;US-CO;1935;p95p100;;;;0.3257266283;0.3257266283
;US-CO;1935;p99.5p100;265665.8125;;;0.1213443652;0.1213443652
;US-CO;1934;p0p100;9318.00585938;;4379629568.0;;
;US-CO;1934;p99p100;158307.8125;;;0.1698945016;0.1698945016
;US-CO;1934;p99.9p100;568551.5625;;;0.0610164367;0.0610164367
;US-CO;1934;p99.99p100;2050797.5;;;0.0220089722;0.0220089722
;US-CO;1934;p90p100;;;;0.4903463721;0.4903463721
;US-CO;1934;p90p91;45690.5117188;;;;
;US-CO;1934;p95p96;67569.71875;;;;
;US-CO;1934;p95p100;;;;0.3625760078;0.3625760078
;US-CO;1934;p99.5p100;231729.671875;;;0.1243450791;0.1243450791
;US-CO;1933;p0p100;9431.5078125;;4369663488.0;;
;US-CO;1933;p99p100;131812.71875;;;0.1397578269;0.1397578269
;US-CO;1933;p99.9p100;467437.46875;;;0.0495612584;0.0495612584
;US-CO;1933;p99.99p100;1454915.5;;;0.0154261161;0.0154261161
;US-CO;1933;p90p100;;;;0.4177123904;0.4177123904
;US-CO;1933;p90p91;39396.5820312;;;;
;US-CO;1933;p95p96;56114.7578125;;;;
;US-CO;1933;p95p100;;;;0.2974855602;0.2974855602
;US-CO;1933;p99.5p100;191810.703125;;;0.1016861275;0.1016861275
;US-CO;1932;p0p100;9230.39941406;;4217304576.0;;
;US-CO;1932;p99p100;134609.953125;;;0.1458332837;0.1458332837
;US-CO;1932;p99.9p100;459490.1875;;;0.0497800969;0.0497800969
;US-CO;1932;p99.99p100;1531106.75;;;0.0165876541;0.0165876541
;US-CO;1932;p90p100;;;;0.4647942781;0.4647942781
;US-CO;1932;p90p91;42902.3710938;;;;
;US-CO;1932;p95p96;59835.2148438;;;;
;US-CO;1932;p95p100;;;;0.3241204023;0.3241204023
;US-CO;1932;p99.5p100;194385.25;;;0.1052962318;0.1052962318
;US-CO;1931;p0p100;10990.078125;;4949298176.0;;
;US-CO;1931;p99p100;165119.6875;;;0.1502443105;0.1502443105
;US-CO;1931;p99.9p100;583378.75;;;0.0530823097;0.0530823097
;US-CO;1931;p99.99p100;2167147.5;;;0.0197191276;0.0197191276
;US-CO;1931;p90p100;;;;0.4428134859;0.4428134859
;US-CO;1931;p90p91;48665.5507812;;;;
;US-CO;1931;p95p96;68396.359375;;;;
;US-CO;1931;p95p100;;;;0.3111732304;0.3111732304
;US-CO;1931;p99.5p100;240356.453125;;;0.1093515679;0.1093515679
;US-CO;1930;p0p100;12628.421875;;5598154752.0;;
;US-CO;1930;p99p100;190624.125;;;0.1509484947;0.1509484947
;US-CO;1930;p99.9p100;717698.25;;;0.056831982;0.056831982
;US-CO;1930;p99.99p100;2749818.0;;;0.0217748359;0.0217748359
;US-CO;1930;p90p100;;;;0.4078496397;0.4078496397
;US-CO;1930;p90p91;51504.9726562;;;;
;US-CO;1930;p95p96;75606.109375;;;;
;US-CO;1930;p95p100;;;;0.29934901;0.29934901
;US-CO;1930;p99.5p100;282058.40625;;;0.1116760373;0.1116760373
;US-CO;1929;p0p100;13712.1142578;;6036042752.0;;
;US-CO;1929;p99p100;237840.703125;;;0.1734529883;0.1734529883
;US-CO;1929;p99.9p100;894351.3125;;;0.065223448;0.065223448
;US-CO;1929;p99.99p100;2992028.5;;;0.0218203291;0.0218203291
;US-CO;1929;p90p100;;;;0.4167970419;0.4167970419
;US-CO;1929;p90p91;57151.6875;;;;
;US-CO;1929;p95p96;88454.4765625;;;;
;US-CO;1929;p95p100;;;;0.3225413561;0.3225413561
;US-CO;1929;p99.5p100;356308.25;;;0.1299246252;0.1299246252
;US-CO;1928;p0p100;12487.5976562;;5459680768.0;;
;US-CO;1928;p99p100;246802.265625;;;0.1976379156;0.1976379156
;US-CO;1928;p99.9p100;1002817.75;;;0.0803050995;0.0803050995
;US-CO;1928;p99.99p100;3809873.5;;;0.0305092596;0.0305092596
;US-CO;1928;p90p100;;;;0.4607518315;0.4607518315
;US-CO;1928;p90p91;57536.8320312;;;;
;US-CO;1928;p95p96;89406.2109375;;;;
;US-CO;1928;p95p100;;;;0.3579800427;0.3579800427
;US-CO;1928;p99.5p100;376966.96875;;;0.1509365439;0.1509365439
;US-CO;1927;p0p100;12277.5244141;;5320569344.0;;
;US-CO;1927;p99p100;218409.0625;;;0.1778934151;0.1778934151
;US-CO;1927;p99.9p100;818294.0;;;0.0666497573;0.0666497573
;US-CO;1927;p99.99p100;2794594.75;;;0.0227618758;0.0227618758
;US-CO;1927;p90p100;;;;0.4408637285;0.4408637285
;US-CO;1927;p90p91;54127.1484375;;;;
;US-CO;1927;p95p96;82374.2265625;;;;
;US-CO;1927;p95p100;;;;0.335467577;0.335467577
;US-CO;1927;p99.5p100;327375.34375;;;0.1333230436;0.1333230436
;US-CO;1926;p0p100;12773.2910156;;5477597696.0;;
;US-CO;1926;p99p100;206159.984375;;;0.1613992751;0.1613992751
;US-CO;1926;p99.9p100;761972.1875;;;0.0596535578;0.0596535578
;US-CO;1926;p99.99p100;2706578.75;;;0.0211893618;0.0211893618
;US-CO;1926;p90p100;;;;0.4274567664;0.4274567664
;US-CO;1926;p90p91;54600.2929688;;;;
;US-CO;1926;p95p96;81186.5078125;;;;
;US-CO;1926;p95p100;;;;0.317797929;0.317797929
;US-CO;1926;p99.5p100;307174.53125;;;0.1202409491;0.1202409491
;US-CO;1925;p0p100;12250.5595703;;5200153600.0;;
;US-CO;1925;p99p100;200382.703125;;;0.1635702401;0.1635702401
;US-CO;1925;p99.9p100;745287.6875;;;0.0608370304;0.0608370304
;US-CO;1925;p99.99p100;2400152.25;;;0.0195921846;0.0195921846
;US-CO;1925;p90p100;;;;0.4355086088;0.4355086088
;US-CO;1925;p90p91;53352.2460938;;;;
;US-CO;1925;p95p96;78183.828125;;;;
;US-CO;1925;p95p100;;;;0.3191030622;0.3191030622
;US-CO;1925;p99.5p100;302952.28125;;;0.1236483306;0.1236483306
;US-CO;1924;p0p100;13421.1289062;;5630151168.0;;
;US-CO;1924;p99p100;179753.015625;;;0.1339328587;0.1339328587
;US-CO;1924;p99.9p100;649728.3125;;;0.0484108552;0.0484108552
;US-CO;1924;p99.99p100;1901185.25;;;0.0141656138;0.0141656138
;US-CO;1924;p90p100;;;;0.3918812573;0.3918812573
;US-CO;1924;p90p91;52594.890625;;;;
;US-CO;1924;p95p96;72871.4140625;;;;
;US-CO;1924;p95p100;;;;0.2714802027;0.2714802027
;US-CO;1924;p99.5p100;269416.15625;;;0.1003701612;0.1003701612
;US-CO;1923;p0p100;13398.6875;;5531087360.0;;
;US-CO;1923;p99p100;166030.484375;;;0.1239154935;0.1239154935
;US-CO;1923;p99.9p100;616616.6875;;;0.0460206792;0.0460206792
;US-CO;1923;p99.99p100;2154925.25;;;0.0160831064;0.0160831064
;US-CO;1923;p90p100;;;;0.3804187477;0.3804187477
;US-CO;1923;p90p91;50971.1132812;;;;
;US-CO;1923;p95p96;69920.875;;;;
;US-CO;1923;p95p100;;;;0.2609243393;0.2609243393
;US-CO;1923;p99.5p100;247794.65625;;;0.0924697518;0.0924697518
;US-CO;1922;p0p100;12978.7626953;;5282471424.0;;
;US-CO;1922;p99p100;181535.734375;;;0.1398713738;0.1398713738
;US-CO;1922;p99.9p100;732102.875;;;0.0564077571;0.0564077571
;US-CO;1922;p99.99p100;3151012.75;;;0.0242782217;0.0242782217
;US-CO;1922;p90p100;;;;0.3952183425;0.3952183425
;US-CO;1922;p90p91;51294.4453125;;;;
;US-CO;1922;p95p96;72771.0546875;;;;
;US-CO;1922;p95p100;;;;0.2803466916;0.2803466916
;US-CO;1922;p99.5p100;274682.625;;;0.1058200374;0.1058200374
;US-CO;1921;p0p100;11523.1455078;;4638853120.0;;
;US-CO;1921;p99p100;138243.6875;;;0.1199704632;0.1199704632
;US-CO;1921;p99.9p100;446973.9375;;;0.0387892313;0.0387892313
;US-CO;1921;p99.99p100;1233998.375;;;0.0107088685;0.0107088685
;US-CO;1921;p90p100;;;;0.3854309916;0.3854309916
;US-CO;1921;p90p91;44413.7695312;;;;
;US-CO;1921;p95p96;60835.484375;;;;
;US-CO;1921;p95p100;;;;0.2639708519;0.2639708519
;US-CO;1921;p99.5p100;198357.625;;;0.0860692337;0.0860692337
;US-CO;1920;p0p100;12934.8623047;;5121638400.0;;
;US-CO;1920;p99p100;147664.1875;;;0.1141598523;0.1141598523
;US-CO;1920;p99.9p100;488624.5625;;;0.0377757885;0.0377757885
;US-CO;1920;p99.99p100;1580331.125;;;0.012217612;0.012217612
;US-CO;1920;p90p100;;;;0.3492392302;0.3492392302
;US-CO;1920;p90p91;45173.6132812;;;;
;US-CO;1920;p95p96;62774.5429688;;;;
;US-CO;1920;p95p100;;;;0.2426564246;0.2426564246
;US-CO;1920;p99.5p100;212078.703125;;;0.0819795057;0.0819795057
;US-CO;1919;p0p100;14895.7167969;;5786681344.0;;
;US-CO;1919;p99p100;184635.9375;;;0.1239523664;0.1239523664
;US-CO;1919;p99.9p100;643683.6875;;;0.0432126708;0.0432126708
;US-CO;1919;p99.99p100;1909597.75;;;0.0128197772;0.0128197772
;US-CO;1919;p90p100;;;;0.3636150956;0.3636150956
;US-CO;1919;p90p91;54163.0742188;;;;
;US-CO;1919;p95p96;77459.6796875;;;;
;US-CO;1919;p95p100;;;;0.260006547;0.260006547
;US-CO;1919;p99.5p100;267696.8125;;;0.0898569748;0.0898569748
;US-CO;1918;p0p100;15605.9130859;;5982842368.0;;
;US-CO;1918;p99p100;164316.578125;;;0.1052912325;0.1052912325
;US-CO;1918;p99.9p100;592113.5625;;;0.0379416198;0.0379416198
;US-CO;1918;p99.99p100;1978186.625;;;0.0126758795;0.0126758795
;US-CO;1918;p90p100;;;;0.3401426077;0.3401426077
;US-CO;1918;p90p91;53082.359375;;;;
;US-CO;1918;p95p96;71340.09375;;;;
;US-CO;1918;p95p100;;;;0.2285675108;0.2285675108
;US-CO;1918;p99.5p100;241442.8125;;;0.0773561969;0.0773561969
;US-CO;1917;p0p100;16776.6308594;;6430748672.0;;
