Variable Name;.;.;.;Fiscal income  | tax unit | Average | Adults | constant 2015 local currency;Fiscal income  | tax unit | Threshold | Adults | constant 2015 local currency;Fiscal income  | tax unit | Total | Adults | constant 2015 local currency;Fiscal income  | tax unit | Share | Adults | share of total (ratio);Pre-tax national income  | tax unit | Share | Adults | share of total (ratio)
Variable Category;.;.;.;Income inequality;Income inequality;Income inequality;Income inequality;Income inequality
Variable Description;.;.;.;Average Fiscal income within a given percentile group. Fiscal income is defined as the sum of all income items reported on income tax returns, before any deduction. It includes labour income, capital income and mixed income. The concept of fiscal income varies with national tax legislations, so in order to make international comparisons it is preferable to use the concept of national income. The population is comprised of individuals over age 20. The base unit is the tax unit defined by national fiscal administrations to measure personal income taxes.;Fiscal income threshold value at a given percentile.  Fiscal income is defined as the sum of all income items reported on income tax returns, before any deduction. It includes labour income, capital income and mixed income. The concept of fiscal income varies with national tax legislations, so in order to make international comparisons it is preferable to use the concept of national income. The population is comprised of individuals over age 20. The base unit is the tax unit defined by national fiscal administrations to measure personal income taxes.;Total Fiscal income  within a given percentile group. Fiscal income is defined as the sum of all income items reported on income tax returns, before any deduction. It includes labour income, capital income and mixed income. The concept of fiscal income varies with national tax legislations, so in order to make international comparisons it is preferable to use the concept of national income. The population is comprised of individuals over age 20.;Fiscal income share held by a given percentile group. Fiscal income is defined as the sum of all income items reported on income tax returns, before any deduction. It includes labour income, capital income and mixed income. The concept of fiscal income varies with national tax legislations, so in order to make international comparisons it is preferable to use the concept of national income. The population is comprised of individuals over age 20. The base unit is the tax unit defined by national fiscal administrations to measure personal income taxes.;Pre-tax national income share held by a given percentile group. Pre-tax national income  is the sum of all pre-tax personal income flows accruing to the owners of the production factors, labor and capital, before taking into account the operation of the tax/transfer system, but after taking into account the operation of pension system. The central difference between personal factor income and pre-tax income is the treatment of pensions, which are counted on a contribution basis by factor income and on a distribution basis by pre-tax income. The population is comprised of individuals over age 20. The base unit is the tax unit defined by national fiscal administrations to measure personal income taxes.
Variable Decomposition;.;.;.;[Fiscal income ]=[Fiscal labour income ]+[Fiscal capital income ];[Fiscal income ]=[Fiscal labour income ]+[Fiscal capital income ];[Fiscal income ]=[Fiscal labour income ]+[Fiscal capital income ];[Fiscal income ]=[Fiscal labour income ]+[Fiscal capital income ];Pre-tax national income =Pre-tax labor income [total pre-tax income ranking]+Pre-tax capital income [total pre-tax income ranking]
Variable Unit;.;.;.;"USD; United States dollar | local currency | market";"USD; United States dollar | local currency | market";"USD; United States dollar | local currency | market";share;share
Methodological Notes;.;.;.;;;;;Assuming the same distribution as fiscal income.
Sources;.;.;.;Frank, Sommeiller, Price & Saez (2015);Frank, Sommeiller, Price & Saez (2015);Frank, Sommeiller, Price & Saez (2015);Frank, Sommeiller, Price & Saez (2015);WID.world computations using: Frank, Sommeiller, Price & Saez (2015)
Variable Code;country;year;perc;afiinc992t;tfiinc992t;mfiinc992t;sfiinc992t;sptinc992t
;US-WI;2014;p0p100;58383.0273438;;1.72206800896e+11;;
;US-WI;2014;p99p100;;343246.46875;;0.1618522555;0.1618522555
;US-WI;2014;p99.9p100;;1446047.625;;0.0721948743;0.0721948743
;US-WI;2014;p99.99p100;;6644707.0;;0.0320222266;0.0320222266
;US-WI;2014;p90p100;;122708.476562;;0.4235445857;0.4235445857
;US-WI;2014;p90p91;250496.8125;;;;
;US-WI;2014;p95p96;362076.5625;;;;
;US-WI;2014;p90p95;138917.0625;122708.476562;;0.1161919832;0.1161919832
;US-WI;2014;p95p99;213721.65625;147348.484375;;0.1453430206;0.1453430206
;US-WI;2014;p99.5p99.9;791720.25;535175.125;;0.0540675521;0.0540675521
;US-WI;2014;p99.9p99.99;2571517.5;1446047.625;;0.0403624773;0.0403624773
;US-WI;2014;p99p99.5;421223.75;343246.46875;;0.0356468745;0.0356468745
;US-WI;2014;p95p100;;147348.484375;;0.3071521223;0.3071521223
;US-WI;2014;p0p90;37037.0507812;;;0.5763658881;0.5763658881
;US-WI;2014;p0p99;49321.2773438;;;0.8381477594;0.8381477594
;US-WI;2014;p99.5p100;;535175.125;;0.1262019128;0.1262019128
;US-WI;2014;p99.5p99.6;1489768.625;;;;
;US-WI;2014;p99.99p99.991;19675964.0;;;;
;US-WI;2014;p99.9p99.91;4281962.0;;;;
;US-WI;2014;p99p99.1;955496.1875;;;;
;US-WI;2013;p0p100;57262.1679688;;1.65670273024e+11;;
;US-WI;2013;p99p100;;325993.9375;;0.1596083343;0.1596083343
;US-WI;2013;p99.9p100;;1396217.75;;0.0726248398;0.0726248398
;US-WI;2013;p99.99p100;;6518126.0;;0.033459112;0.033459112
;US-WI;2013;p90p100;;120831.484375;;0.4191755652;0.4191755652
;US-WI;2013;p90p91;245157.21875;;;;
;US-WI;2013;p95p96;351047.625;;;;
;US-WI;2013;p90p95;139266.828125;120831.484375;;0.1171791926;0.1171791926
;US-WI;2013;p95p99;207099.28125;141754.703125;;0.1421042532;0.1421042532
;US-WI;2013;p99.5p99.9;760702.4375;510927.75;;0.0522576198;0.0522576198
;US-WI;2013;p99.9p99.99;2500123.25;1396217.75;;0.0391895622;0.0391895622
;US-WI;2013;p99p99.5;401051.34375;325993.9375;;0.034731064;0.034731064
;US-WI;2013;p95p100;;141754.703125;;0.3017359674;0.3017359674
;US-WI;2013;p0p90;36384.9375;;;0.581079185;0.581079185
;US-WI;2013;p0p99;48478.5429688;;;0.8403916359;0.8403916359
;US-WI;2013;p99.5p100;;510927.75;;0.1248861998;0.1248861998
;US-WI;2013;p99.5p99.6;1452630.5;;;;
;US-WI;2013;p99.99p99.991;19702318.0;;;;
;US-WI;2013;p99.9p99.91;4220343.0;;;;
;US-WI;2013;p99p99.1;926840.9375;;;;
;US-WI;2012;p0p100;56590.4765625;;1.68324022272e+11;;
;US-WI;2012;p99p100;1002093.9375;;;0.1770781726;0.1770781726
;US-WI;2012;p99.9p100;4648231.0;;;0.0821380317;0.0821380317
;US-WI;2012;p99.99p100;20635272.0;;;0.0364642106;0.0364642106
;US-WI;2012;p90p100;;;;0.4356177151;0.4356177151
;US-WI;2012;p90p91;246518.171875;;;;
;US-WI;2012;p95p96;360006.15625;;;;
;US-WI;2012;p95p100;;;;0.3180801272;0.3180801272
;US-WI;2012;p99.5p100;1589240.25;;;0.1404158622;0.1404158622
;US-WI;2011;p0p100;53798.1796875;;1.5929925632e+11;;
;US-WI;2011;p99p100;840283.4375;;;0.1561917961;0.1561917961
;US-WI;2011;p99.9p100;3735627.0;;;0.0694377944;0.0694377944
;US-WI;2011;p99.99p100;16829140.0;;;0.0312819853;0.0312819853
;US-WI;2011;p90p100;;;;0.4210525751;0.4210525751
;US-WI;2011;p90p91;226518.609375;;;;
;US-WI;2011;p95p96;320755.71875;;;;
;US-WI;2011;p95p100;;;;0.2981101871;0.2981101871
;US-WI;2011;p99.5p100;1305669.75;;;0.1213488877;0.1213488877
;US-WI;2010;p0p100;53400.9648438;;1.56532785152e+11;;
;US-WI;2010;p99p100;843409.0625;;;0.1579389274;0.1579389274
;US-WI;2010;p99.9p100;3873063.0;;;0.0725279599;0.0725279599
;US-WI;2010;p99.99p100;18591106.0;;;0.0348141715;0.0348141715
;US-WI;2010;p90p100;;;;0.4220152199;0.4220152199
;US-WI;2010;p90p91;225360.203125;;;;
;US-WI;2010;p95p96;318064.0625;;;;
;US-WI;2010;p95p100;;;;0.2978074253;0.2978074253
;US-WI;2010;p99.5p100;1320824.5;;;0.1236704737;0.1236704737
;US-WI;2009;p0p100;52564.140625;;1.52438079488e+11;;
;US-WI;2009;p99p100;807236.875;;;0.1535717845;0.1535717845
;US-WI;2009;p99.9p100;3722678.75;;;0.0708216429;0.0708216429
;US-WI;2009;p99.99p100;17603844.0;;;0.0334902182;0.0334902182
;US-WI;2009;p90p100;;;;0.413515389;0.413515389
;US-WI;2009;p90p91;217360.796875;;;;
;US-WI;2009;p95p96;302412.15625;;;;
;US-WI;2009;p95p100;;;;0.2876601517;0.2876601517
;US-WI;2009;p99.5p100;1263774.5;;;0.1202126071;0.1202126071
;US-WI;2008;p0p100;57752.140625;;1.64389748736e+11;;
;US-WI;2008;p99p100;947027.875;;;0.1639814377;0.1639814377
;US-WI;2008;p99.9p100;4463316.0;;;0.0772839934;0.0772839934
;US-WI;2008;p99.99p100;20506904.0;;;0.0355084799;0.0355084799
;US-WI;2008;p90p100;;;;0.4150165319;0.4150165319
;US-WI;2008;p90p91;239680.921875;;;;
;US-WI;2008;p95p96;342487.9375;;;;
;US-WI;2008;p95p100;;;;0.2965153754;0.2965153754
;US-WI;2008;p99.5p100;1501464.25;;;0.1299920827;0.1299920827
;US-WI;2007;p0p100;62447.1835938;;1.75830024192e+11;;
;US-WI;2007;p99p100;1096178.375;;;0.175536871;0.175536871
;US-WI;2007;p99.9p100;5263531.5;;;0.0842877403;0.0842877403
;US-WI;2007;p99.99p100;23795938.0;;;0.0381057039;0.0381057039
;US-WI;2007;p90p100;;;;0.4173979759;0.4173979759
;US-WI;2007;p90p91;260653.28125;;;;
;US-WI;2007;p95p96;382519.46875;;;;
;US-WI;2007;p95p100;;;;0.3062743843;0.3062743843
;US-WI;2007;p99.5p100;1756596.0;;;0.1406465322;0.1406465322
;US-WI;2006;p0p100;59915.9609375;;1.69663250432e+11;;
;US-WI;2006;p99p100;1059854.375;;;0.1768901497;0.1768901497
;US-WI;2006;p99.9p100;5052753.5;;;0.084330678;0.084330678
;US-WI;2006;p99.99p100;22354162.0;;;0.0373091958;0.0373091958
;US-WI;2006;p90p100;;;;0.4225515425;0.4225515425
;US-WI;2006;p90p91;253175.8125;;;;
;US-WI;2006;p95p96;369618.875;;;;
;US-WI;2006;p95p100;;;;0.3084477484;0.3084477484
;US-WI;2006;p99.5p100;1696415.125;;;0.1415662169;0.1415662169
;US-WI;2005;p0p100;58901.8671875;;1.64074225664e+11;;
;US-WI;2005;p99p100;969728.3125;;;0.1646345705;0.1646345705
;US-WI;2005;p99.9p100;4461928.5;;;0.0757519081;0.0757519081
;US-WI;2005;p99.99p100;19124206.0;;;0.0324679092;0.0324679092
;US-WI;2005;p90p100;;;;0.4085470438;0.4085470438
;US-WI;2005;p90p91;240641.84375;;;;
;US-WI;2005;p95p96;349086.6875;;;;
;US-WI;2005;p95p100;;;;0.2963290513;0.2963290513
;US-WI;2005;p99.5p100;1532690.375;;;0.130105406;0.130105406
;US-WI;2004;p0p100;58215.203125;;1.58654005248e+11;;
;US-WI;2004;p99p100;884880.0625;;;0.1520015448;0.1520015448
;US-WI;2004;p99.9p100;3940509.5;;;0.0676886663;0.0676886663
;US-WI;2004;p99.99p100;16799718.0;;;0.0288579557;0.0288579557
;US-WI;2004;p90p100;;;;0.3957469165;0.3957469165
;US-WI;2004;p90p91;230384.859375;;;;
;US-WI;2004;p95p96;337054.34375;;;;
;US-WI;2004;p95p100;;;;0.2894899547;0.2894899547
;US-WI;2004;p99.5p100;1379629.875;;;0.1184939519;0.1184939519
;US-WI;2003;p0p100;55674.8046875;;1.49683290112e+11;;
;US-WI;2003;p99p100;792746.375;;;0.1423887014;0.1423887014
;US-WI;2003;p99.9p100;3388050.25;;;0.0608542748;0.0608542748
;US-WI;2003;p99.99p100;14320353.0;;;0.0257214233;0.0257214233
;US-WI;2003;p90p100;;;;0.3903830647;0.3903830647
;US-WI;2003;p90p91;217345.03125;;;;
;US-WI;2003;p95p96;311096.8125;;;;
;US-WI;2003;p95p100;;;;0.2793874145;0.2793874145
;US-WI;2003;p99.5p100;1218517.875;;;0.1094317064;0.1094317064
;US-WI;2002;p0p100;54120.0351562;;1.47789365248e+11;;
;US-WI;2002;p99p100;767132.75;;;0.1417465359;0.1417465359
;US-WI;2002;p99.9p100;3234086.0;;;0.0597576499;0.0597576499
;US-WI;2002;p99.99p100;13406480.0;;;0.02477175;0.02477175
;US-WI;2002;p90p100;;;;0.3924395144;0.3924395144
;US-WI;2002;p90p91;212388.40625;;;;
;US-WI;2002;p95p96;303842.4375;;;;
;US-WI;2002;p95p100;;;;0.2807115912;0.2807115912
;US-WI;2002;p99.5p100;1174747.375;;;0.1085316539;0.1085316539
;US-WI;2001;p0p100;56868.4101562;;1.50963716096e+11;;
;US-WI;2001;p99p100;796662.5625;;;0.1400887668;0.1400887668
;US-WI;2001;p99.9p100;3269132.75;;;0.0574859194;0.0574859194
;US-WI;2001;p99.99p100;13108686.0;;;0.0230509117;0.0230509117
;US-WI;2001;p90p100;;;;0.3861159384;0.3861159384
;US-WI;2001;p90p91;219577.984375;;;;
;US-WI;2001;p95p96;314887.9375;;;;
;US-WI;2001;p95p100;;;;0.276856631;0.276856631
;US-WI;2001;p99.5p100;1207443.25;;;0.1061611623;0.1061611623
;US-WI;2000;p0p100;61671.0703125;;1.5829598208e+11;;
;US-WI;2000;p99p100;973964.3125;;;0.157928884;0.157928884
;US-WI;2000;p99.9p100;4387954.5;;;0.0711509436;0.0711509436
;US-WI;2000;p99.99p100;18415182.0;;;0.0298603252;0.0298603252
;US-WI;2000;p90p100;;;;0.3987175226;0.3987175226
;US-WI;2000;p90p91;245893.390625;;;;
;US-WI;2000;p95p96;362293.53125;;;;
;US-WI;2000;p95p100;;;;0.293730557;0.293730557
;US-WI;2000;p99.5p100;1520831.375;;;0.1233018562;0.1233018562
;US-WI;1999;p0p100;60103.671875;;1.5383109632e+11;;
;US-WI;1999;p99p100;913286.0;;;0.1519517899;0.1519517899
;US-WI;1999;p99.9p100;3873430.0;;;0.064445816;0.064445816
;US-WI;1999;p99.99p100;14887383.0;;;0.0247695073;0.0247695073
;US-WI;1999;p90p100;;;;0.3970472813;0.3970472813
;US-WI;1999;p90p91;238639.984375;;;;
;US-WI;1999;p95p96;347877.84375;;;;
;US-WI;1999;p95p100;;;;0.2893981636;0.2893981636
;US-WI;1999;p99.5p100;1408309.125;;;0.117156662;0.117156662
;US-WI;1998;p0p100;57973.2109375;;1.45349459968e+11;;
;US-WI;1998;p99p100;912692.9375;;;0.1574335545;0.1574335545
;US-WI;1998;p99.9p100;4096639.0;;;0.0706643388;0.0706643388
;US-WI;1998;p99.99p100;17188582.0;;;0.0296491776;0.0296491776
;US-WI;1998;p90p100;;;;0.4001927376;0.4001927376
;US-WI;1998;p90p91;232004.609375;;;;
;US-WI;1998;p95p96;339289.71875;;;;
;US-WI;1998;p95p100;;;;0.2926262617;0.2926262617
;US-WI;1998;p99.5p100;1424871.375;;;0.1228905022;0.1228905022
;US-WI;1997;p0p100;54295.3867188;;1.34033391616e+11;;
;US-WI;1997;p99p100;819558.0625;;;0.1509443372;0.1509443372
;US-WI;1997;p99.9p100;3527208.0;;;0.064963311;0.064963311
;US-WI;1997;p99.99p100;14350898.0;;;0.0264311563;0.0264311563
;US-WI;1997;p90p100;;;;0.398139894;0.398139894
;US-WI;1997;p90p91;216171.59375;;;;
;US-WI;1997;p95p96;312326.625;;;;
;US-WI;1997;p95p100;;;;0.287618041;0.287618041
;US-WI;1997;p99.5p100;1264971.0;;;0.1164897382;0.1164897382
;US-WI;1996;p0p100;51613.1367188;;1.24809412608e+11;;
;US-WI;1996;p99p100;733948.4375;;;0.1422018707;0.1422018707
;US-WI;1996;p99.9p100;3091697.75;;;0.0599013753;0.0599013753
;US-WI;1996;p99.99p100;12678478.0;;;0.0245644413;0.0245644413
;US-WI;1996;p90p100;;;;0.391141206;0.391141206
;US-WI;1996;p90p91;201880.234375;;;;
;US-WI;1996;p95p96;287280.65625;;;;
;US-WI;1996;p95p100;;;;0.2783018947;0.2783018947
;US-WI;1996;p99.5p100;1125332.125;;;0.1090160683;0.1090160683
;US-WI;1995;p0p100;48459.4921875;;1.177980928e+11;;
;US-WI;1995;p99p100;646632.0;;;0.1334376335;0.1334376335
;US-WI;1995;p99.9p100;2567074.5;;;0.0529736243;0.0529736243
;US-WI;1995;p99.99p100;9928294.0;;;0.0204878245;0.0204878245
;US-WI;1995;p90p100;;;;0.3859603703;0.3859603703
;US-WI;1995;p90p91;187034.40625;;;;
;US-WI;1995;p95p96;261641.390625;;;;
;US-WI;1995;p95p100;;;;0.2699588835;0.2699588835
;US-WI;1995;p99.5p100;974608.1875;;;0.1005590707;0.1005590707
;US-WI;1994;p0p100;46438.7890625;;1.13177960448e+11;;
;US-WI;1994;p99p100;596151.0;;;0.1283735186;0.1283735186
;US-WI;1994;p99.9p100;2389466.75;;;0.0514541119;0.0514541119
;US-WI;1994;p99.99p100;9613576.0;;;0.0207016096;0.0207016096
;US-WI;1994;p90p100;;;;0.3777095377;0.3777095377
;US-WI;1994;p90p91;175403.734375;;;;
;US-WI;1994;p95p96;245381.109375;;;;
;US-WI;1994;p95p100;;;;0.2641984522;0.2641984522
;US-WI;1994;p99.5p100;899295.5625;;;0.0968259051;0.0968259051
;US-WI;1993;p0p100;45567.6171875;;1.08695486464e+11;;
;US-WI;1993;p99p100;564563.375;;;0.123895742;0.123895742
;US-WI;1993;p99.9p100;2195612.25;;;0.0481836088;0.0481836088
;US-WI;1993;p99.99p100;8580614.0;;;0.018830508;0.018830508
;US-WI;1993;p90p100;;;;0.3714699745;0.3714699745
;US-WI;1993;p90p91;169270.015625;;;;
;US-WI;1993;p95p96;236961.421875;;;;
;US-WI;1993;p95p100;;;;0.2600107789;0.2600107789
;US-WI;1993;p99.5p100;845889.125;;;0.0928169191;0.0928169191
;US-WI;1992;p0p100;45222.171875;;1.07126874112e+11;;
;US-WI;1992;p99p100;590355.0;;;0.1305454671;0.1305454671
;US-WI;1992;p99.9p100;2379961.75;;;0.0526282042;0.0526282042
;US-WI;1992;p99.99p100;9530362.0;;;0.0210745353;0.0210745353
;US-WI;1992;p90p100;;;;0.3752483428;0.3752483428
;US-WI;1992;p90p91;169695.4375;;;;
;US-WI;1992;p95p96;239656.640625;;;;
;US-WI;1992;p95p100;;;;0.2649769485;0.2649769485
;US-WI;1992;p99.5p100;895997.3125;;;0.0990661457;0.0990661457
;US-WI;1991;p0p100;43941.6367188;;1.0242265088e+11;;
;US-WI;1991;p99p100;513937.15625;;;0.1169590428;0.1169590428
;US-WI;1991;p99.9p100;1891322.75;;;0.0430416986;0.0430416986
;US-WI;1991;p99.99p100;6934720.0;;;0.0157816596;0.0157816596
;US-WI;1991;p90p100;;;;0.3692109585;0.3692109585
;US-WI;1991;p90p91;162237.34375;;;;
;US-WI;1991;p95p96;220511.90625;;;;
;US-WI;1991;p95p100;;;;0.2509145439;0.2509145439
;US-WI;1991;p99.5p100;758790.0625;;;0.0863406658;0.0863406658
;US-WI;1990;p0p100;45303.8203125;;1.03694794752e+11;;
;US-WI;1990;p99p100;547041.4375;;;0.1207495183;0.1207495183
;US-WI;1990;p99.9p100;2131749.75;;;0.0470545292;0.0470545292
;US-WI;1990;p99.99p100;8188055.0;;;0.0180736538;0.0180736538
;US-WI;1990;p90p100;;;;0.3648400605;0.3648400605
;US-WI;1990;p90p91;165286.46875;;;;
;US-WI;1990;p95p96;227301.109375;;;;
;US-WI;1990;p95p100;;;;0.2508630753;0.2508630753
;US-WI;1990;p99.5p100;825069.25;;;0.091059573;0.091059573
;US-WI;1989;p0p100;44965.765625;;1.02844506112e+11;;
;US-WI;1989;p99p100;509466.375;;;0.1133009493;0.1133009493
;US-WI;1989;p99.9p100;1840024.875;;;0.0409205779;0.0409205779
;US-WI;1989;p99.99p100;6565602.0;;;0.0146013359;0.0146013359
;US-WI;1989;p90p100;;;;0.3594891131;0.3594891131
;US-WI;1989;p90p91;161647.015625;;;;
;US-WI;1989;p95p96;220954.03125;;;;
;US-WI;1989;p95p100;;;;0.2456914037;0.2456914037
;US-WI;1989;p99.5p100;747805.5;;;0.083152771;0.083152771
;US-WI;1988;p0p100;44887.9335938;;1.00392148992e+11;;
;US-WI;1988;p99p100;591168.9375;;;0.1316988468;0.1316988468
;US-WI;1988;p99.9p100;2366543.25;;;0.0527211465;0.0527211465
;US-WI;1988;p99.99p100;9089174.0;;;0.0202485919;0.0202485919
;US-WI;1988;p90p100;;;;0.378590256;0.378590256
;US-WI;1988;p90p91;169941.359375;;;;
;US-WI;1988;p95p96;238339.046875;;;;
;US-WI;1988;p95p100;;;;0.2654823065;0.2654823065
;US-WI;1988;p99.5p100;897562.0625;;;0.0999780968;0.0999780968
;US-WI;1987;p0p100;43472.1054688;;95171149824.0;;
;US-WI;1987;p99p100;440466.4375;;;0.1013216227;0.1013216227
;US-WI;1987;p99.9p100;1518863.625;;;0.0349388048;0.0349388048
;US-WI;1987;p99.99p100;5271633.0;;;0.0121264718;0.0121264718
;US-WI;1987;p90p100;;;;0.3433796465;0.3433796465
;US-WI;1987;p90p91;149274.375;;;;
;US-WI;1987;p95p96;200107.859375;;;;
;US-WI;1987;p95p100;;;;0.2301566154;0.2301566154
;US-WI;1987;p99.5p100;634955.875;;;0.0730302632;0.0730302632
;US-WI;1986;p0p100;44166.421875;;97439875072.0;;
;US-WI;1986;p99p100;572266.375;;;0.1295704693;0.1295704693
;US-WI;1986;p99.9p100;2444475.0;;;0.0553469099;0.0553469099
;US-WI;1986;p99.99p100;10144670.0;;;0.0229691919;0.0229691919
;US-WI;1986;p90p100;;;;0.361818403;0.361818403
;US-WI;1986;p90p91;159802.25;;;;
;US-WI;1986;p95p96;225646.796875;;;;
;US-WI;1986;p95p100;;;;0.2554506063;0.2554506063
;US-WI;1986;p99.5p100;884249.0;;;0.1001042128;0.1001042128
;US-WI;1985;p0p100;41304.8828125;;89523281920.0;;
;US-WI;1985;p99p100;404196.1875;;;0.09785676;0.09785676
;US-WI;1985;p99.9p100;1427011.0;;;0.0345482379;0.0345482379
;US-WI;1985;p99.99p100;4909634.0;;;0.0118863285;0.0118863285
;US-WI;1985;p90p100;;;;0.3311665952;0.3311665952
;US-WI;1985;p90p91;136787.96875;;;;
;US-WI;1985;p95p96;183183.4375;;;;
;US-WI;1985;p95p100;;;;0.221745491;0.221745491
;US-WI;1985;p99.5p100;579386.875;;;0.0701353997;0.0701353997
;US-WI;1984;p0p100;40102.0820312;;85425676288.0;;
;US-WI;1984;p99p100;416734.03125;;;0.1039183065;0.1039183065
;US-WI;1984;p99.9p100;1552145.125;;;0.0387048535;0.0387048535
;US-WI;1984;p99.99p100;6237621.5;;;0.0155543573;0.0155543573
;US-WI;1984;p90p100;;;;0.3231233656;0.3231233656
;US-WI;1984;p90p91;129579.195312;;;;
;US-WI;1984;p95p96;177425.625;;;;
;US-WI;1984;p95p100;;;;0.2212174833;0.2212174833
;US-WI;1984;p99.5p100;592860.9375;;;0.0739189684;0.0739189684
;US-WI;1983;p0p100;38545.9375;;80724590592.0;;
;US-WI;1983;p99p100;433227.46875;;;0.1123925;0.1123925
;US-WI;1983;p99.9p100;1643152.125;;;0.0426284112;0.0426284112
;US-WI;1983;p99.99p100;6689690.5;;;0.0173551105;0.0173551105
;US-WI;1983;p90p100;;;;0.3203420043;0.3203420043
;US-WI;1983;p90p91;123478.835938;;;;
;US-WI;1983;p95p96;173183.515625;;;;
;US-WI;1983;p95p100;;;;0.2246456146;0.2246456146
;US-WI;1983;p99.5p100;612696.625;;;0.0794761553;0.0794761553
;US-WI;1982;p0p100;39876.3632812;;83911540736.0;;
;US-WI;1982;p99p100;393586.25;;;0.098701641;0.098701641
;US-WI;1982;p99.9p100;1522375.125;;;0.0381773822;0.0381773822
;US-WI;1982;p99.99p100;6320950.5;;;0.0158513729;0.0158513729
;US-WI;1982;p90p100;;;;0.3160533607;0.3160533607
;US-WI;1982;p90p91;126030.585938;;;;
;US-WI;1982;p95p96;171020.296875;;;;
;US-WI;1982;p95p100;;;;0.2144382;0.2144382
;US-WI;1982;p99.5p100;580768.4375;;;0.0728211403;0.0728211403
;US-WI;1981;p0p100;39555.53125;;85591687168.0;;
;US-WI;1981;p99p100;336972.5;;;0.0851897299;0.0851897299
;US-WI;1981;p99.9p100;1035374.625;;;0.0261752158;0.0261752158
;US-WI;1981;p99.99p100;3527781.5;;;0.0089185536;0.0089185536
;US-WI;1981;p90p100;;;;0.3328082561;0.3328082561
;US-WI;1981;p90p91;131644.078125;;;;
;US-WI;1981;p95p96;163403.109375;;;;
;US-WI;1981;p95p100;;;;0.2065489888;0.2065489888
;US-WI;1981;p99.5p100;470094.375;;;0.059422072;0.059422072
;US-WI;1980;p0p100;41859.65625;;87649689600.0;;
;US-WI;1980;p99p100;346332.53125;;;0.082736589;0.082736589
;US-WI;1980;p99.9p100;982366.0;;;0.0234680828;0.0234680828
;US-WI;1980;p99.99p100;2984506.5;;;0.0071297917;0.0071297917
;US-WI;1980;p90p100;;;;0.3141028881;0.3141028881
;US-WI;1980;p90p91;131482.40625;;;;
;US-WI;1980;p95p96;167516.515625;;;;
;US-WI;1980;p95p100;;;;0.200093016;0.200093016
;US-WI;1980;p99.5p100;468016.78125;;;0.0559030771;0.0559030771
;US-WI;1979;p0p100;43569.9492188;;88019566592.0;;
;US-WI;1979;p99p100;365036.625;;;0.083781749;0.083781749
;US-WI;1979;p99.9p100;1044522.1875;;;0.0239734557;0.0239734557
;US-WI;1979;p99.99p100;3126952.5;;;0.0071768565;0.0071768565
;US-WI;1979;p90p100;;;;0.3089654446;0.3089654446
;US-WI;1979;p90p91;134616.078125;;;;
;US-WI;1979;p95p96;174694.84375;;;;
;US-WI;1979;p95p100;;;;0.2004763186;0.2004763186
;US-WI;1979;p99.5p100;500402.25;;;0.0574251637;0.0574251637
;US-WI;1978;p0p100;41843.7773438;;84044455936.0;;
;US-WI;1978;p99p100;326543.90625;;;0.0780388117;0.0780388117
;US-WI;1978;p99.9p100;851876.5;;;0.0203584991;0.0203584991
;US-WI;1978;p99.99p100;2237349.5;;;0.0053469101;0.0053469101
;US-WI;1978;p90p100;;;;0.3122600615;0.3122600615
;US-WI;1978;p90p91;130661.421875;;;;
;US-WI;1978;p95p96;170465.921875;;;;
;US-WI;1978;p95p100;;;;0.2036932558;0.2036932558
;US-WI;1978;p99.5p100;447178.53125;;;0.0534342863;0.0534342863
;US-WI;1977;p0p100;41283.5234375;;81002102784.0;;
;US-WI;1977;p99p100;322746.65625;;;0.0781780779;0.0781780779
;US-WI;1977;p99.9p100;840245.0625;;;0.020353036;0.020353036
;US-WI;1977;p99.99p100;2307420.25;;;0.0055892044;0.0055892044
;US-WI;1977;p90p100;;;;0.3050661981;0.3050661981
;US-WI;1977;p90p91;125942.070312;;;;
;US-WI;1977;p95p96;162758.203125;;;;
;US-WI;1977;p95p100;;;;0.1971224844;0.1971224844
;US-WI;1977;p99.5p100;431871.9375;;;0.052305609;0.052305609
;US-WI;1976;p0p100;40435.5;;77551616000.0;;
;US-WI;1976;p99p100;312897.125;;;0.0773817897;0.0773817897
;US-WI;1976;p99.9p100;796613.6875;;;0.0197008494;0.0197008494
;US-WI;1976;p99.99p100;2147164.5;;;0.0053100972;0.0053100972
;US-WI;1976;p90p100;;;;0.3034463525;0.3034463525
;US-WI;1976;p90p91;122700.046875;;;;
;US-WI;1976;p95p96;158267.25;;;;
;US-WI;1976;p95p100;;;;0.1957033426;0.1957033426
;US-WI;1976;p99.5p100;422006.8125;;;0.0521827117;0.0521827117
;US-WI;1975;p0p100;39395.953125;;73903398912.0;;
;US-WI;1975;p99p100;302791.34375;;;0.0768584907;0.0768584907
;US-WI;1975;p99.9p100;771983.5;;;0.0195955038;0.0195955038
;US-WI;1975;p99.99p100;2074262.5;;;0.0052651665;0.0052651665
;US-WI;1975;p90p100;;;;0.2992045283;0.2992045283
;US-WI;1975;p90p91;117874.46875;;;;
;US-WI;1975;p95p96;151591.15625;;;;
;US-WI;1975;p95p100;;;;0.1923943162;0.1923943162
;US-WI;1975;p99.5p100;405347.5625;;;0.0514453351;0.0514453351
;US-WI;1974;p0p100;41644.6289062;;76389507072.0;;
;US-WI;1974;p99p100;309487.875;;;0.0743164048;0.0743164048
;US-WI;1974;p99.9p100;832999.1875;;;0.0200025626;0.0200025626
;US-WI;1974;p99.99p100;2425021.5;;;0.0058231317;0.0058231317
;US-WI;1974;p90p100;;;;0.3017512858;0.3017512858
;US-WI;1974;p90p91;125663.203125;;;;
;US-WI;1974;p95p96;161649.015625;;;;
;US-WI;1974;p95p100;;;;0.1940814853;0.1940814853
;US-WI;1974;p99.5p100;414577.5;;;0.0497756302;0.0497756302
;US-WI;1973;p0p100;42660.7851562;;76579373056.0;;
;US-WI;1973;p99p100;320837.625;;;0.075206697;0.075206697
;US-WI;1973;p99.9p100;856578.4375;;;0.0200788248;0.0200788248
;US-WI;1973;p99.99p100;2542032.25;;;0.0059587094;0.0059587094
;US-WI;1973;p90p100;;;;0.2925357521;0.2925357521
;US-WI;1973;p90p91;124798.039062;;;;
;US-WI;1973;p95p96;159715.109375;;;;
;US-WI;1973;p95p100;;;;0.1871919483;0.1871919483
;US-WI;1973;p99.5p100;430573.875;;;0.0504648313;0.0504648313
;US-WI;1972;p0p100;41706.2851562;;73239781376.0;;
;US-WI;1972;p99p100;338717.53125;;;0.0812149867;0.0812149867
;US-WI;1972;p99.9p100;999894.625;;;0.0239746757;0.0239746757
;US-WI;1972;p99.99p100;3568246.25;;;0.0085556563;0.0085556563
;US-WI;1972;p90p100;;;;0.3007817268;0.3007817268
;US-WI;1972;p90p91;125444.882812;;;;
;US-WI;1972;p95p96;164112.96875;;;;
;US-WI;1972;p95p100;;;;0.1967484802;0.1967484802
;US-WI;1972;p99.5p100;462383.125;;;0.0554332733;0.0554332733
;US-WI;1971;p0p100;40459.7929688;;69431443456.0;;
;US-WI;1971;p99p100;315753.25;;;0.0780412406;0.0780412406
;US-WI;1971;p99.9p100;860987.9375;;;0.0212800857;0.0212800857
;US-WI;1971;p99.99p100;2663471.25;;;0.006583008;0.006583008
;US-WI;1971;p90p100;;;;0.2987470925;0.2987470925
;US-WI;1971;p90p91;120872.460938;;;;
;US-WI;1971;p95p96;158721.796875;;;;
;US-WI;1971;p95p100;;;;0.1961475462;0.1961475462
;US-WI;1971;p99.5p100;424275.71875;;;0.0524317659;0.0524317659
;US-WI;1970;p0p100;40672.2929688;;68078014464.0;;
;US-WI;1970;p99p100;301654.28125;;;0.0741670281;0.0741670281
;US-WI;1970;p99.9p100;824348.125;;;0.0202680528;0.0202680528
;US-WI;1970;p99.99p100;2425464.5;;;0.0059634321;0.0059634321
;US-WI;1970;p90p100;;;;0.2904734313;0.2904734313
;US-WI;1970;p90p91;118142.210938;;;;
;US-WI;1970;p95p96;152953.75;;;;
;US-WI;1970;p95p100;;;;0.188031882;0.188031882
;US-WI;1970;p99.5p100;411996.09375;;;0.0506482497;0.0506482497
;US-WI;1969;p0p100;41060.8125;;67990142976.0;;
;US-WI;1969;p99p100;343169.875;;;0.0835760087;0.0835760087
;US-WI;1969;p99.9p100;1017607.6875;;;0.0247829426;0.0247829426
;US-WI;1969;p99.99p100;3428801.75;;;0.0083505455;0.0083505455
;US-WI;1969;p90p100;;;;0.2990850806;0.2990850806
;US-WI;1969;p90p91;122806.757812;;;;
;US-WI;1969;p95p96;161843.828125;;;;
;US-WI;1969;p95p100;;;;0.1970782131;0.1970782131
;US-WI;1969;p99.5p100;475984.9375;;;0.0579609796;0.0579609796
;US-WI;1968;p0p100;40511.453125;;66482233344.0;;
;US-WI;1968;p99p100;374148.53125;;;0.0923562422;0.0923562422
;US-WI;1968;p99.9p100;1122029.75;;;0.0276966076;0.0276966076
;US-WI;1968;p99.99p100;3788783.0;;;0.0093523748;0.0093523748
;US-WI;1968;p90p100;;;;0.3092638552;0.3092638552
;US-WI;1968;p90p91;125287.265625;;;;
;US-WI;1968;p95p96;170020.96875;;;;
;US-WI;1968;p95p100;;;;0.2098430991;0.2098430991
;US-WI;1968;p99.5p100;516381.3125;;;0.0637327656;0.0637327656
;US-WI;1967;p0p100;38916.3085938;;63278985216.0;;
;US-WI;1967;p99p100;360219.875;;;0.0925627127;0.0925627127
;US-WI;1967;p99.9p100;1074041.375;;;0.027598748;0.027598748
;US-WI;1967;p99.99p100;3650883.75;;;0.0093813734;0.0093813734
;US-WI;1967;p90p100;;;;0.3099735975;0.3099735975
;US-WI;1967;p90p91;120630.273438;;;;
;US-WI;1967;p95p96;164648.28125;;;;
;US-WI;1967;p95p100;;;;0.2115415186;0.2115415186
;US-WI;1967;p99.5p100;497191.0;;;0.0638795197;0.0638795197
;US-WI;1966;p0p100;37934.2734375;;61059166208.0;;
;US-WI;1966;p99p100;330808.8125;;;0.0872057751;0.0872057751
;US-WI;1966;p99.9p100;927657.5625;;;0.0244543366;0.0244543366
;US-WI;1966;p99.99p100;2832888.5;;;0.0074678864;0.0074678864
;US-WI;1966;p90p100;;;;0.3007509708;0.3007509708
;US-WI;1966;p90p91;114087.710938;;;;
;US-WI;1966;p95p96;153632.015625;;;;
;US-WI;1966;p95p100;;;;0.2024976164;0.2024976164
;US-WI;1966;p99.5p100;447331.1875;;;0.0589613467;0.0589613467
;US-WI;1965;p0p100;36061.609375;;57418317824.0;;
;US-WI;1965;p99p100;322392.46875;;;0.0894004554;0.0894004554
;US-WI;1965;p99.9p100;952465.3125;;;0.0264121667;0.0264121667
;US-WI;1965;p99.99p100;3325831.25;;;0.009222636;0.009222636
;US-WI;1965;p90p100;;;;0.3104044199;0.3104044199
;US-WI;1965;p90p91;111936.84375;;;;
;US-WI;1965;p95p96;149332.5625;;;;
;US-WI;1965;p95p100;;;;0.2070519626;0.2070519626
;US-WI;1965;p99.5p100;450505.9375;;;0.0624633655;0.0624633655
;US-WI;1964;p0p100;34254.5703125;;53898928128.0;;
;US-WI;1964;p99p100;304021.8125;;;0.0887536332;0.0887536332
;US-WI;1964;p99.9p100;865239.25;;;0.0252590869;0.0252590869
;US-WI;1964;p99.99p100;2666499.75;;;0.0077843615;0.0077843615
;US-WI;1964;p90p100;;;;0.3065407276;0.3065407276
;US-WI;1964;p90p91;105004.210938;;;;
;US-WI;1964;p95p96;139390.0;;;;
;US-WI;1964;p95p100;;;;0.2034618855;0.2034618855
;US-WI;1964;p99.5p100;415204.4375;;;0.0606056936;0.0606056936
;US-WI;1963;p0p100;32278.59375;;50120224768.0;;
;US-WI;1963;p99p100;277059.0625;;;0.0858336836;0.0858336836
;US-WI;1963;p99.9p100;767024.9375;;;0.0237626508;0.0237626508
;US-WI;1963;p99.99p100;2197507.0;;;0.0068079391;0.0068079391
;US-WI;1963;p90p100;;;;0.3077870011;0.3077870011
;US-WI;1963;p90p91;99349.3125;;;;
;US-WI;1963;p95p96;131770.796875;;;;
;US-WI;1963;p95p100;;;;0.2041148394;0.2041148394
;US-WI;1963;p99.5p100;377488.25;;;0.0584734678;0.0584734678
;US-WI;1962;p0p100;31766.1816406;;48648105984.0;;
;US-WI;1962;p99p100;267666.40625;;;0.0842614248;0.0842614248
;US-WI;1962;p99.9p100;761743.375;;;0.0239796955;0.0239796955
;US-WI;1962;p99.99p100;2176990.5;;;0.0068531693;0.0068531693
;US-WI;1962;p90p100;;;;0.3033916056;0.3033916056
;US-WI;1962;p90p91;96375.9375;;;;
;US-WI;1962;p95p96;127573.164062;;;;
;US-WI;1962;p95p100;;;;0.2008002698;0.2008002698
;US-WI;1962;p99.5p100;369783.65625;;;0.0582039803;0.0582039803
;US-WI;1961;p0p100;31192.0761719;;47065628672.0;;
;US-WI;1961;p99p100;272180.59375;;;0.087259531;0.087259531
;US-WI;1961;p99.9p100;822392.375;;;0.0263654273;0.0263654273
;US-WI;1961;p99.99p100;2613556.5;;;0.0083789118;0.0083789118
;US-WI;1961;p90p100;;;;0.3043802083;0.3043802083
;US-WI;1961;p90p91;94942.5078125;;;;
;US-WI;1961;p95p96;127194.460938;;;;
;US-WI;1961;p95p100;;;;0.203889057;0.203889057
;US-WI;1961;p99.5p100;383082.59375;;;0.0614070371;0.0614070371
;US-WI;1960;p0p100;30750.3632812;;45659336704.0;;
;US-WI;1960;p99p100;263067.96875;;;0.0855495483;0.0855495483
;US-WI;1960;p99.9p100;784013.5625;;;0.0254960768;0.0254960768
;US-WI;1960;p99.99p100;2545072.25;;;0.0082765603;0.0082765603
;US-WI;1960;p90p100;;;;0.3017915785;0.3017915785
;US-WI;1960;p90p91;92802.0;;;;
;US-WI;1960;p95p96;123489.289062;;;;
;US-WI;1960;p95p100;;;;0.2007932365;0.2007932365
;US-WI;1960;p99.5p100;366584.25;;;0.0596064925;0.0596064925
;US-WI;1959;p0p100;30684.2050781;;45415759872.0;;
;US-WI;1959;p99p100;264261.78125;;;0.0861230642;0.0861230642
;US-WI;1959;p99.9p100;792401.5;;;0.025824409;0.025824409
;US-WI;1959;p99.99p100;2313441.75;;;0.0075395196;0.0075395196
;US-WI;1959;p90p100;;;;0.2988857627;0.2988857627
;US-WI;1959;p90p91;91710.7265625;;;;
;US-WI;1959;p95p96;122940.1875;;;;
;US-WI;1959;p95p100;;;;0.200331375;0.200331375
;US-WI;1959;p99.5p100;370974.78125;;;0.0604504459;0.0604504459
;US-WI;1958;p0p100;28138.5039062;;41469390848.0;;
;US-WI;1958;p99p100;243611.21875;;;0.0865757614;0.0865757614
;US-WI;1958;p99.9p100;729123.8125;;;0.0259119626;0.0259119626
;US-WI;1958;p99.99p100;2038759.875;;;0.0072454456;0.0072454456
;US-WI;1958;p90p100;;;;0.304710269;0.304710269
;US-WI;1958;p90p91;85740.90625;;;;
;US-WI;1958;p95p96;114326.960938;;;;
;US-WI;1958;p95p100;;;;0.2031503916;0.2031503916
;US-WI;1958;p99.5p100;340465.28125;;;0.0604981147;0.0604981147
;US-WI;1957;p0p100;28854.6601562;;42333032448.0;;
;US-WI;1957;p99p100;268004.8125;;;0.0928809494;0.0928809494
;US-WI;1957;p99.9p100;812204.5625;;;0.0281481259;0.0281481259
;US-WI;1957;p99.99p100;2329135.75;;;0.0080719581;0.0080719581
;US-WI;1957;p90p100;;;;0.3067929149;0.3067929149
;US-WI;1957;p90p91;88524.0546875;;;;
;US-WI;1957;p95p96;120052.273438;;;;
;US-WI;1957;p95p100;;;;0.2080292702;0.2080292702
;US-WI;1957;p99.5p100;381126.8125;;;0.0660425127;0.0660425127
;US-WI;1956;p0p100;29073.9355469;;42394611712.0;;
;US-WI;1956;p99p100;269571.21875;;;0.0927192047;0.0927192047
;US-WI;1956;p99.9p100;813052.1875;;;0.027964985;0.027964985
;US-WI;1956;p99.99p100;2330658.5;;;0.0080163153;0.0080163153
;US-WI;1956;p90p100;;;;0.3028649986;0.3028649986
;US-WI;1956;p90p91;88054.7734375;;;;
;US-WI;1956;p95p96;121088.867188;;;;
;US-WI;1956;p95p100;;;;0.2082429826;0.2082429826
;US-WI;1956;p99.5p100;376295.0625;;;0.0647134706;0.0647134706
;US-WI;1955;p0p100;28054.375;;40662614016.0;;
;US-WI;1955;p99p100;261114.5;;;0.0930744335;0.0930744335
;US-WI;1955;p99.9p100;812075.6875;;;0.028946491;0.028946491
;US-WI;1955;p99.99p100;2368712.0;;;0.0084432885;0.0084432885
;US-WI;1955;p90p100;;;;0.300585866;0.300585866
;US-WI;1955;p90p91;84327.484375;;;;
;US-WI;1955;p95p96;115963.085938;;;;
;US-WI;1955;p95p100;;;;0.2066755891;0.2066755891
;US-WI;1955;p99.5p100;366520.0625;;;0.0653231591;0.0653231591
;US-WI;1954;p0p100;26267.9941406;;37840080896.0;;
;US-WI;1954;p99p100;226213.65625;;;0.0861175954;0.0861175954
;US-WI;1954;p99.9p100;667720.0;;;0.0254195277;0.0254195277
;US-WI;1954;p99.99p100;2050622.0;;;0.0078065419;0.0078065419
;US-WI;1954;p90p100;;;;0.2993105948;0.2993105948
;US-WI;1954;p90p91;78622.890625;;;;
;US-WI;1954;p95p96;105937.039062;;;;
;US-WI;1954;p95p100;;;;0.2016466111;0.2016466111
;US-WI;1954;p99.5p100;311292.90625;;;0.0592532642;0.0592532642
;US-WI;1953;p0p100;26838.6777344;;38420058112.0;;
;US-WI;1953;p99p100;230047.828125;;;0.0857150331;0.0857150331
;US-WI;1953;p99.9p100;661455.875;;;0.0246456191;0.0246456191
;US-WI;1953;p99.99p100;1758738.0;;;0.006552998;0.006552998
;US-WI;1953;p90p100;;;;0.2927919626;0.2927919626
;US-WI;1953;p90p91;78581.5;;;;
;US-WI;1953;p95p96;105727.710938;;;;
;US-WI;1953;p95p100;;;;0.1969689131;0.1969689131
;US-WI;1953;p99.5p100;321060.28125;;;0.0598129854;0.0598129854
;US-WI;1952;p0p100;26640.5429688;;37928284160.0;;
;US-WI;1952;p99p100;239654.265625;;;0.0899584815;0.0899584815
;US-WI;1952;p99.9p100;685564.6875;;;0.0257338881;0.0257338881
;US-WI;1952;p99.99p100;1836868.25;;;0.0068950108;0.0068950108
;US-WI;1952;p90p100;;;;0.2909874022;0.2909874022
;US-WI;1952;p90p91;77520.6171875;;;;
;US-WI;1952;p95p96;106358.046875;;;;
;US-WI;1952;p95p100;;;;0.1996168941;0.1996168941
;US-WI;1952;p99.5p100;336066.8125;;;0.0630743206;0.0630743206
;US-WI;1951;p0p100;26469.9648438;;37451042816.0;;
;US-WI;1951;p99p100;250858.453125;;;0.0947709829;0.0947709829
;US-WI;1951;p99.9p100;769292.5625;;;0.0290628467;0.0290628467
;US-WI;1951;p99.99p100;2222119.25;;;0.00839487;0.00839487
;US-WI;1951;p90p100;;;;0.2968629301;0.2968629301
;US-WI;1951;p90p91;78579.515625;;;;
;US-WI;1951;p95p96;107849.210938;;;;
;US-WI;1951;p95p100;;;;0.2037199587;0.2037199587
;US-WI;1951;p99.5p100;359092.375;;;0.0678301528;0.0678301528
;US-WI;1950;p0p100;24908.9296875;;35021369344.0;;
;US-WI;1950;p99p100;260913.78125;;;0.1047470793;0.1047470793
;US-WI;1950;p99.9p100;827956.9375;;;0.0332393609;0.0332393609
;US-WI;1950;p99.99p100;1923359.25;;;0.0077215652;0.0077215652
;US-WI;1950;p90p100;;;;0.3136554062;0.3136554062
;US-WI;1950;p90p91;78128.2109375;;;;
;US-WI;1950;p95p96;108686.320312;;;;
;US-WI;1950;p95p100;;;;0.2181673646;0.2181673646
;US-WI;1950;p99.5p100;371489.5;;;0.0745695382;0.0745695382
;US-WI;1949;p0p100;22657.0742188;;31560871936.0;;
;US-WI;1949;p99p100;223703.984375;;;0.0987347141;0.0987347141
;US-WI;1949;p99.9p100;694599.25;;;0.0306570604;0.0306570604
;US-WI;1949;p99.99p100;2005631.0;;;0.0088521177;0.0088521177
;US-WI;1949;p90p100;;;;0.3126096129;0.3126096129
;US-WI;1949;p90p91;70828.1875;;;;
;US-WI;1949;p95p96;96784.9140625;;;;
;US-WI;1949;p95p100;;;;0.2135865241;0.2135865241
;US-WI;1949;p99.5p100;318045.0;;;0.0701866895;0.0701866895
;US-WI;1948;p0p100;23127.4140625;;32012453888.0;;
;US-WI;1948;p99p100;230392.421875;;;0.0996187627;0.0996187627
;US-WI;1948;p99.9p100;712881.1875;;;0.0308240764;0.0308240764
;US-WI;1948;p99.99p100;2054590.375;;;0.0088837883;0.0088837883
;US-WI;1948;p90p100;;;;0.3112022579;0.3112022579
;US-WI;1948;p90p91;71973.03125;;;;
;US-WI;1948;p95p96;99523.7734375;;;;
;US-WI;1948;p95p100;;;;0.2151640803;0.2151640803
;US-WI;1948;p99.5p100;325298.90625;;;0.0703275651;0.0703275651
;US-WI;1947;p0p100;21599.2773438;;29703440384.0;;
;US-WI;1947;p99p100;223845.375;;;0.1036355868;0.1036355868
;US-WI;1947;p99.9p100;671327.625;;;0.0310810227;0.0310810227
;US-WI;1947;p99.99p100;1899489.375;;;0.0087942267;0.0087942267
;US-WI;1947;p90p100;;;;0.3209302127;0.3209302127
;US-WI;1947;p90p91;69318.6015625;;;;
;US-WI;1947;p95p96;97048.9296875;;;;
;US-WI;1947;p95p100;;;;0.2246578187;0.2246578187
;US-WI;1947;p99.5p100;315733.21875;;;0.0730888397;0.0730888397
;US-WI;1946;p0p100;21500.625;;29312825344.0;;
;US-WI;1946;p99p100;245636.5625;;;0.1142462417;0.1142462417
;US-WI;1946;p99.9p100;737381.75;;;0.0342958309;0.0342958309
;US-WI;1946;p99.99p100;2137462.0;;;0.0099413954;0.0099413954
;US-WI;1946;p90p100;;;;0.3424363136;0.3424363136
;US-WI;1946;p90p91;73625.9453125;;;;
;US-WI;1946;p95p96;104781.59375;;;;
;US-WI;1946;p95p100;;;;0.2436710596;0.2436710596
;US-WI;1946;p99.5p100;346583.90625;;;0.0805985704;0.0805985704
;US-WI;1945;p0p100;21160.625;;28847153152.0;;
;US-WI;1945;p99p100;225385.75;;;0.1065118685;0.1065118685
;US-WI;1945;p99.9p100;689172.375;;;0.0325686224;0.0325686224
;US-WI;1945;p99.99p100;1861587.125;;;0.0087974118;0.0087974118
;US-WI;1945;p90p100;;;;0.3315190375;0.3315190375
;US-WI;1945;p90p91;70151.4921875;;;;
;US-WI;1945;p95p96;95502.8125;;;;
;US-WI;1945;p95p100;;;;0.2256616354;0.2256616354
;US-WI;1945;p99.5p100;321874.15625;;;0.0760549828;0.0760549828
;US-WI;1944;p0p100;20452.7519531;;27857211392.0;;
;US-WI;1944;p99p100;263163.96875;;;0.1286692321;0.1286692321
;US-WI;1944;p99.9p100;865462.75;;;0.042315226;0.042315226
;US-WI;1944;p99.99p100;2588865.5;;;0.0126577867;0.0126577867
;US-WI;1944;p90p100;;;;0.3716869652;0.3716869652
;US-WI;1944;p90p91;76020.203125;;;;
;US-WI;1944;p95p96;106482.742188;;;;
;US-WI;1944;p95p100;;;;0.2603139877;0.2603139877
;US-WI;1944;p99.5p100;384377.78125;;;0.0939672589;0.0939672589
;US-WI;1943;p0p100;21389.0625;;29070061568.0;;
;US-WI;1943;p99p100;218121.890625;;;0.1019782349;0.1019782349
;US-WI;1943;p99.9p100;680045.3125;;;0.0317940675;0.0317940675
;US-WI;1943;p99.99p100;1707752.625;;;0.0079842331;0.0079842331
;US-WI;1943;p90p100;;;;0.3223163784;0.3223163784
;US-WI;1943;p90p91;68940.453125;;;;
;US-WI;1943;p95p96;93952.7890625;;;;
;US-WI;1943;p95p100;;;;0.2196281105;0.2196281105
;US-WI;1943;p99.5p100;313979.84375;;;0.0733972862;0.0733972862
;US-WI;1942;p0p100;18417.7792969;;24928591872.0;;
;US-WI;1942;p99p100;206376.375;;;0.1120528132;0.1120528132
;US-WI;1942;p99.9p100;682635.375;;;0.0370639376;0.0370639376
;US-WI;1942;p99.99p100;2031498.375;;;0.0110300956;0.0110300956
;US-WI;1942;p90p100;;;;0.3416628838;0.3416628838
;US-WI;1942;p90p91;62926.7109375;;;;
;US-WI;1942;p95p96;86245.9921875;;;;
;US-WI;1942;p95p100;;;;0.2341378778;0.2341378778
;US-WI;1942;p99.5p100;302531.40625;;;0.0821302682;0.0821302682
;US-WI;1941;p0p100;15750.3740234;;21289676800.0;;
;US-WI;1941;p99p100;206570.703125;;;0.1311528981;0.1311528981
;US-WI;1941;p99.9p100;701814.4375;;;0.0445585921;0.0445585921
;US-WI;1941;p99.99p100;2127112.5;;;0.0135051562;0.0135051562
;US-WI;1941;p90p100;;;;0.38054052;0.38054052
;US-WI;1941;p90p91;59936.5585938;;;;
;US-WI;1941;p95p96;83142.65625;;;;
;US-WI;1941;p95p100;;;;0.2639386654;0.2639386654
;US-WI;1941;p99.5p100;303919.03125;;;0.0964799449;0.0964799449
;US-WI;1940;p0p100;13567.7421875;;18333835264.0;;
;US-WI;1940;p99p100;183498.65625;;;0.1352462769;0.1352462769
;US-WI;1940;p99.9p100;621251.4375;;;0.0457888581;0.0457888581
;US-WI;1940;p99.99p100;1901884.125;;;0.0140176918;0.0140176918
;US-WI;1940;p90p100;;;;0.4149770141;0.4149770141
;US-WI;1940;p90p91;56303.0117188;;;;
;US-WI;1940;p95p96;77344.515625;;;;
;US-WI;1940;p95p100;;;;0.2850309014;0.2850309014
;US-WI;1940;p99.5p100;268617.6875;;;0.0989913046;0.0989913046
;US-WI;1939;p0p100;12998.7958984;;17285498880.0;;
;US-WI;1939;p99p100;170178.53125;;;0.1309186965;0.1309186965
;US-WI;1939;p99.9p100;572733.625;;;0.0440605134;0.0440605134
;US-WI;1939;p99.99p100;1815971.375;;;0.0139703043;0.0139703043
;US-WI;1939;p90p100;;;;0.3964190483;0.3964190483
;US-WI;1939;p90p91;51529.6992188;;;;
;US-WI;1939;p95p96;72891.4921875;;;;
;US-WI;1939;p95p100;;;;0.2803778946;0.2803778946
;US-WI;1939;p99.5p100;247294.4375;;;0.0951220617;0.0951220617
;US-WI;1938;p0p100;12777.2294922;;16743897088.0;;
;US-WI;1938;p99p100;154454.78125;;;0.1208828315;0.1208828315
;US-WI;1938;p99.9p100;522841.46875;;;0.0409197845;0.0409197845
;US-WI;1938;p99.99p100;1781782.25;;;0.0139449807;0.0139449807
;US-WI;1938;p90p100;;;;0.3627135754;0.3627135754
;US-WI;1938;p90p91;46344.7460938;;;;
;US-WI;1938;p95p96;65214.7109375;;;;
;US-WI;1938;p95p100;;;;0.2551989257;0.2551989257
;US-WI;1938;p99.5p100;223975.5625;;;0.0876463726;0.0876463726
;US-WI;1937;p0p100;13812.1445312;;17844121600.0;;
;US-WI;1937;p99p100;180760.46875;;;0.1308706701;0.1308706701
;US-WI;1937;p99.9p100;627912.3125;;;0.0454608835;0.0454608835
;US-WI;1937;p99.99p100;1847525.5;;;0.0133760944;0.0133760944
;US-WI;1937;p90p100;;;;0.3653420806;0.3653420806
;US-WI;1937;p90p91;50461.578125;;;;
;US-WI;1937;p95p96;72430.5703125;;;;
;US-WI;1937;p95p100;;;;0.2621988654;0.2621988654
;US-WI;1937;p99.5p100;266015.875;;;0.0962978154;0.0962978154
;US-WI;1936;p0p100;13637.2451172;;17399681024.0;;
;US-WI;1936;p99p100;188026.328125;;;0.1378770471;0.1378770471
;US-WI;1936;p99.9p100;677332.875;;;0.049667865;0.049667865
;US-WI;1936;p99.99p100;2142131.25;;;0.0157079455;0.0157079455
;US-WI;1936;p90p100;;;;0.3618870974;0.3618870974
;US-WI;1936;p90p91;49351.4335938;;;;
;US-WI;1936;p95p96;71605.3359375;;;;
;US-WI;1936;p95p100;;;;0.2625358999;0.2625358999
;US-WI;1936;p99.5p100;280483.1875;;;0.10283719;0.10283719
;US-WI;1935;p0p100;12367.4160156;;15580020736.0;;
;US-WI;1935;p99p100;139204.484375;;;0.1125574559;0.1125574559
;US-WI;1935;p99.9p100;450059.6875;;;0.0363907591;0.0363907591
;US-WI;1935;p99.99p100;1305917.625;;;0.0105593409;0.0105593409
;US-WI;1935;p90p100;;;;0.3408502638;0.3408502638
;US-WI;1935;p90p91;42154.3710938;;;;
;US-WI;1935;p95p96;58874.6171875;;;;
;US-WI;1935;p95p100;;;;0.2380231023;0.2380231023
;US-WI;1935;p99.5p100;201520.5;;;0.0814723521;0.0814723521
;US-WI;1934;p0p100;10357.5283203;;12875553792.0;;
;US-WI;1934;p99p100;130657.664062;;;0.1261475384;0.1261475384
;US-WI;1934;p99.9p100;436795.0;;;0.0421717428;0.0421717428
;US-WI;1934;p99.99p100;1356800.125;;;0.0130996518;0.0130996518
;US-WI;1934;p90p100;;;;0.3808213472;0.3808213472
;US-WI;1934;p90p91;39443.6757812;;;;
;US-WI;1934;p95p96;56334.5429688;;;;
;US-WI;1934;p95p100;;;;0.2719497383;0.2719497383
;US-WI;1934;p99.5p100;188314.71875;;;0.0909071714;0.0909071714
;US-WI;1933;p0p100;9613.26074219;;11799884800.0;;
;US-WI;1933;p99p100;110821.15625;;;0.1152794659;0.1152794659
;US-WI;1933;p99.9p100;368467.8125;;;0.038329117;0.038329117
;US-WI;1933;p99.99p100;1210119.625;;;0.0125880251;0.0125880251
;US-WI;1933;p90p100;;;;0.3735345602;0.3735345602
;US-WI;1933;p90p91;35908.8476562;;;;
;US-WI;1933;p95p96;49468.8984375;;;;
;US-WI;1933;p95p100;;;;0.2572951317;0.2572951317
;US-WI;1933;p99.5p100;157006.375;;;0.0816613585;0.0816613585
;US-WI;1932;p0p100;10150.1640625;;12307572736.0;;
;US-WI;1932;p99p100;114645.195312;;;0.1129491106;0.1129491106
;US-WI;1932;p99.9p100;351600.6875;;;0.0346399024;0.0346399024
;US-WI;1932;p99.99p100;1072521.0;;;0.0105665391;0.0105665391
;US-WI;1932;p90p100;;;;0.3897917271;0.3897917271
;US-WI;1932;p90p91;39564.4960938;;;;
;US-WI;1932;p95p96;53929.2460938;;;;
;US-WI;1932;p95p100;;;;0.2656570375;0.2656570375
;US-WI;1932;p99.5p100;158921.03125;;;0.0782849565;0.0782849565
;US-WI;1931;p0p100;11768.203125;;14089077760.0;;
;US-WI;1931;p99p100;143742.3125;;;0.1221446618;0.1221446618
;US-WI;1931;p99.9p100;470263.5625;;;0.0399605259;0.0399605259
;US-WI;1931;p99.99p100;1540243.625;;;0.0130881807;0.0130881807
;US-WI;1931;p90p100;;;;0.39271456;0.39271456
;US-WI;1931;p90p91;46215.4453125;;;;
;US-WI;1931;p95p96;62801.5351562;;;;
;US-WI;1931;p95p100;;;;0.2668271959;0.2668271959
;US-WI;1931;p99.5p100;205414.140625;;;0.0872750655;0.0872750655
;US-WI;1930;p0p100;13770.7646484;;16256543744.0;;
;US-WI;1930;p99p100;189738.140625;;;0.1377833039;0.1377833039
;US-WI;1930;p99.9p100;685704.125;;;0.0497941934;0.0497941934
;US-WI;1930;p99.99p100;2273186.0;;;0.0165073331;0.0165073331
;US-WI;1930;p90p100;;;;0.3842233717;0.3842233717
;US-WI;1930;p90p91;52910.4960938;;;;
;US-WI;1930;p95p96;74919.3359375;;;;
;US-WI;1930;p95p100;;;;0.2720231712;0.2720231712
;US-WI;1930;p99.5p100;281022.65625;;;0.1020359769;0.1020359769
;US-WI;1929;p0p100;16045.2167969;;18748798976.0;;
;US-WI;1929;p99p100;243507.765625;;;0.1517634541;0.1517634541
;US-WI;1929;p99.9p100;995946.1875;;;0.0620712191;0.0620712191
;US-WI;1929;p99.99p100;3789462.0;;;0.0236173924;0.0236173924
;US-WI;1929;p90p100;;;;0.3675068617;0.3675068617
;US-WI;1929;p90p91;58967.2734375;;;;
;US-WI;1929;p95p96;88105.6328125;;;;
;US-WI;1929;p95p100;;;;0.274554193;0.274554193
;US-WI;1929;p99.5p100;373903.65625;;;0.1165156141;0.1165156141
;US-WI;1928;p0p100;15014.5771484;;17369491456.0;;
;US-WI;1928;p99p100;258977.640625;;;0.1724841595;0.1724841595
;US-WI;1928;p99.9p100;1112960.625;;;0.0741253421;0.0741253421
;US-WI;1928;p99.99p100;4735392.0;;;0.0315386318;0.0315386318
;US-WI;1928;p90p100;;;;0.4010843635;0.4010843635
;US-WI;1928;p90p91;60221.1171875;;;;
;US-WI;1928;p95p96;91222.8828125;;;;
;US-WI;1928;p95p100;;;;0.3037810624;0.3037810624
;US-WI;1928;p99.5p100;403112.59375;;;0.1342404336;0.1342404336
;US-WI;1927;p0p100;15264.7197266;;17447266304.0;;
;US-WI;1927;p99p100;235735.4375;;;0.1544315517;0.1544315517
;US-WI;1927;p99.9p100;958580.25;;;0.0627971143;0.0627971143
;US-WI;1927;p99.99p100;3871443.75;;;0.025362039;0.025362039
;US-WI;1927;p90p100;;;;0.3814371228;0.3814371228
;US-WI;1927;p90p91;58225.3007812;;;;
;US-WI;1927;p95p96;86447.421875;;;;
;US-WI;1927;p95p100;;;;0.2831608653;0.2831608653
;US-WI;1927;p99.5p100;360606.78125;;;0.1181177348;0.1181177348
;US-WI;1926;p0p100;14267.7773438;;16085724160.0;;
;US-WI;1926;p99p100;210585.046875;;;0.1475948542;0.1475948542
;US-WI;1926;p99.9p100;815279.875;;;0.0571413375;0.0571413375
;US-WI;1926;p99.99p100;3037510.5;;;0.0212893039;0.0212893039
;US-WI;1926;p90p100;;;;0.3784165382;0.3784165382
;US-WI;1926;p90p91;53991.6289062;;;;
;US-WI;1926;p95p96;79428.8984375;;;;
;US-WI;1926;p95p100;;;;0.2783506513;0.2783506513
;US-WI;1926;p99.5p100;318114.84375;;;0.111480169;0.111480169
;US-WI;1925;p0p100;14513.890625;;16145318912.0;;
;US-WI;1925;p99p100;193817.921875;;;0.1335396022;0.1335396022
;US-WI;1925;p99.9p100;722207.0;;;0.0497597121;0.0497597121
;US-WI;1925;p99.99p100;2570470.75;;;0.0177104194;0.0177104194
;US-WI;1925;p90p100;;;;0.3763238192;0.3763238192
;US-WI;1925;p90p91;54619.2265625;;;;
;US-WI;1925;p95p96;77770.9921875;;;;
;US-WI;1925;p95p100;;;;0.2679191828;0.2679191828
;US-WI;1925;p99.5p100;289661.09375;;;0.0997875407;0.0997875407
;US-WI;1924;p0p100;13875.6816406;;15205251072.0;;
;US-WI;1924;p99p100;173995.578125;;;0.125396058;0.125396058
;US-WI;1924;p99.9p100;619081.0625;;;0.0446162634;0.0446162634
;US-WI;1924;p99.99p100;1774231.25;;;0.012786624;0.012786624
;US-WI;1924;p90p100;;;;0.3629659116;0.3629659116
;US-WI;1924;p90p91;50363.9921875;;;;
;US-WI;1924;p95p96;71051.875;;;;
;US-WI;1924;p95p100;;;;0.2560302019;0.2560302019
;US-WI;1924;p99.5p100;258917.5625;;;0.0932990462;0.0932990462
;US-WI;1923;p0p100;15651.2949219;;16823348224.0;;
;US-WI;1923;p99p100;162633.984375;;;0.1039108783;0.1039108783
;US-WI;1923;p99.9p100;560279.1875;;;0.0357976258;0.0357976258
;US-WI;1923;p99.99p100;1618642.25;;;0.010341906;0.010341906
;US-WI;1923;p90p100;;;;0.3356907368;0.3356907368
;US-WI;1923;p90p91;52539.953125;;;;
;US-WI;1923;p95p96;72989.34375;;;;
;US-WI;1923;p95p100;;;;0.2331734896;0.2331734896
;US-WI;1923;p99.5p100;238578.09375;;;0.0762167275;0.0762167275
;US-WI;1922;p0p100;12135.8779297;;12820195328.0;;
;US-WI;1922;p99p100;155039.25;;;0.1277528107;0.1277528107
;US-WI;1922;p99.9p100;530581.25;;;0.0437200591;0.0437200591
;US-WI;1922;p99.99p100;1404038.625;;;0.0115693212;0.0115693212
;US-WI;1922;p90p100;;;;0.3711428344;0.3711428344
;US-WI;1922;p90p91;45041.4375;;;;
;US-WI;1922;p95p96;64065.3242188;;;;
;US-WI;1922;p95p100;;;;0.2639501095;0.2639501095
;US-WI;1922;p99.5p100;227029.3125;;;0.0935364217;0.0935364217
;US-WI;1921;p0p100;10810.1132812;;11258874880.0;;
;US-WI;1921;p99p100;133893.640625;;;0.1238596141;0.1238596141
;US-WI;1921;p99.9p100;422521.0625;;;0.0390857197;0.0390857197
;US-WI;1921;p99.99p100;1078509.0;;;0.0099768527;0.0099768527
;US-WI;1921;p90p100;;;;0.3834851384;0.3834851384
;US-WI;1921;p90p91;41455.1757812;;;;
;US-WI;1921;p95p96;59410.9726562;;;;
;US-WI;1921;p95p100;;;;0.2747935057;0.2747935057
;US-WI;1921;p99.5p100;190786.859375;;;0.088244617;0.088244617
;US-WI;1920;p0p100;11133.0371094;;11368196096.0;;
;US-WI;1920;p99p100;143691.5;;;0.1290676743;0.1290676743
;US-WI;1920;p99.9p100;460819.71875;;;0.0413920991;0.0413920991
;US-WI;1920;p99.99p100;1115810.5;;;0.0100225182;0.0100225182
;US-WI;1920;p90p100;;;;0.3605849445;0.3605849445
;US-WI;1920;p90p91;40144.0507812;;;;
;US-WI;1920;p95p96;56881.5117188;;;;
;US-WI;1920;p95p100;;;;0.2554627061;0.2554627061
;US-WI;1920;p99.5p100;207162.15625;;;0.093039386;0.093039386
;US-WI;1919;p0p100;11398.1914062;;11414897664.0;;
;US-WI;1919;p99p100;146349.828125;;;0.1283974051;0.1283974051
;US-WI;1919;p99.9p100;480379.0625;;;0.0421452001;0.0421452001
;US-WI;1919;p99.99p100;1306820.375;;;0.0114651555;0.0114651555
;US-WI;1919;p90p100;;;;0.3734928071;0.3734928071
;US-WI;1919;p90p91;42571.4257812;;;;
;US-WI;1919;p95p96;62646.3671875;;;;
;US-WI;1919;p95p100;;;;0.2748083472;0.2748083472
;US-WI;1919;p99.5p100;210422.71875;;;0.0923053026;0.0923053026
;US-WI;1918;p0p100;12288.7578125;;12140355584.0;;
;US-WI;1918;p99p100;156767.609375;;;0.1275699437;0.1275699437
;US-WI;1918;p99.9p100;578624.875;;;0.0470857061;0.0470857061
;US-WI;1918;p99.99p100;1533888.625;;;0.0124820471;0.0124820471
;US-WI;1918;p90p100;;;;0.3612351716;0.3612351716
;US-WI;1918;p90p91;44391.3164062;;;;
;US-WI;1918;p95p96;64425.5898438;;;;
;US-WI;1918;p95p100;;;;0.2621321976;0.2621321976
;US-WI;1918;p99.5p100;236135.03125;;;0.0960776657;0.0960776657
;US-WI;1917;p0p100;12022.5205078;;11871193088.0;;
