Variable Name;.;.;.;Fiscal income  | tax unit | Average | Adults | constant 2015 local currency;Fiscal income  | tax unit | Threshold | Adults | constant 2015 local currency;Fiscal income  | tax unit | Total | Adults | constant 2015 local currency;Fiscal income  | tax unit | Share | Adults | share of total (ratio);Pre-tax national income  | tax unit | Share | Adults | share of total (ratio)
Variable Category;.;.;.;Income inequality;Income inequality;Income inequality;Income inequality;Income inequality
Variable Description;.;.;.;Average Fiscal income within a given percentile group. Fiscal income is defined as the sum of all income items reported on income tax returns, before any deduction. It includes labour income, capital income and mixed income. The concept of fiscal income varies with national tax legislations, so in order to make international comparisons it is preferable to use the concept of national income. The population is comprised of individuals over age 20. The base unit is the tax unit defined by national fiscal administrations to measure personal income taxes.;Fiscal income threshold value at a given percentile.  Fiscal income is defined as the sum of all income items reported on income tax returns, before any deduction. It includes labour income, capital income and mixed income. The concept of fiscal income varies with national tax legislations, so in order to make international comparisons it is preferable to use the concept of national income. The population is comprised of individuals over age 20. The base unit is the tax unit defined by national fiscal administrations to measure personal income taxes.;Total Fiscal income  within a given percentile group. Fiscal income is defined as the sum of all income items reported on income tax returns, before any deduction. It includes labour income, capital income and mixed income. The concept of fiscal income varies with national tax legislations, so in order to make international comparisons it is preferable to use the concept of national income. The population is comprised of individuals over age 20.;Fiscal income share held by a given percentile group. Fiscal income is defined as the sum of all income items reported on income tax returns, before any deduction. It includes labour income, capital income and mixed income. The concept of fiscal income varies with national tax legislations, so in order to make international comparisons it is preferable to use the concept of national income. The population is comprised of individuals over age 20. The base unit is the tax unit defined by national fiscal administrations to measure personal income taxes.;Pre-tax national income share held by a given percentile group. Pre-tax national income  is the sum of all pre-tax personal income flows accruing to the owners of the production factors, labor and capital, before taking into account the operation of the tax/transfer system, but after taking into account the operation of pension system. The central difference between personal factor income and pre-tax income is the treatment of pensions, which are counted on a contribution basis by factor income and on a distribution basis by pre-tax income. The population is comprised of individuals over age 20. The base unit is the tax unit defined by national fiscal administrations to measure personal income taxes.
Variable Decomposition;.;.;.;[Fiscal income ]=[Fiscal labour income ]+[Fiscal capital income ];[Fiscal income ]=[Fiscal labour income ]+[Fiscal capital income ];[Fiscal income ]=[Fiscal labour income ]+[Fiscal capital income ];[Fiscal income ]=[Fiscal labour income ]+[Fiscal capital income ];Pre-tax national income =Pre-tax labor income [total pre-tax income ranking]+Pre-tax capital income [total pre-tax income ranking]
Variable Unit;.;.;.;"USD; United States dollar | local currency | market";"USD; United States dollar | local currency | market";"USD; United States dollar | local currency | market";share;share
Methodological Notes;.;.;.;;;;;Assuming the same distribution as fiscal income.
Sources;.;.;.;Frank, Sommeiller, Price & Saez (2015);Frank, Sommeiller, Price & Saez (2015);Frank, Sommeiller, Price & Saez (2015);Frank, Sommeiller, Price & Saez (2015);WID.world computations using: Frank, Sommeiller, Price & Saez (2015)
Variable Code;country;year;perc;afiinc992t;tfiinc992t;mfiinc992t;sfiinc992t;sptinc992t
;US-KY;2014;p0p100;44248.5;;1.00542881792e+11;;
;US-KY;2014;p99p100;;268384.1875;;0.1562068611;0.1562068611
;US-KY;2014;p99.9p100;;1012881.5625;;0.0657665431;0.0657665431
;US-KY;2014;p99.99p100;;4601978.0;;0.0288431607;0.0288431607
;US-KY;2014;p90p100;;102542.3125;;0.4536631107;0.4536631107
;US-KY;2014;p90p91;203352.015625;;;;
;US-KY;2014;p95p96;283319.8125;;;;
;US-KY;2014;p90p95;123384.210938;102542.3125;;0.1361658573;0.1361658573
;US-KY;2014;p95p99;179421.859375;123174.992188;;0.1609937698;0.1609937698
;US-KY;2014;p99.5p99.9;599871.25;411330.09375;;0.0540519133;0.0540519133
;US-KY;2014;p99.9p99.99;1792375.25;1012881.5625;;0.037119776;0.037119776
;US-KY;2014;p99p99.5;326659.59375;268384.1875;;0.0364747308;0.0364747308
;US-KY;2014;p95p100;;123174.992188;;0.3171159923;0.3171159923
;US-KY;2014;p0p90;26570.3300781;;;0.5463507771;0.5463507771
;US-KY;2014;p0p99;37635.7382812;;;0.8437931538;0.8437931538
;US-KY;2014;p99.5p100;;411330.09375;;0.1197267026;0.1197267026
;US-KY;2014;p99.5p99.6;1071163.625;;;;
;US-KY;2014;p99.99p99.991;13431957.0;;;;
;US-KY;2014;p99.9p99.91;2956333.25;;;;
;US-KY;2014;p99p99.1;698911.625;;;;
;US-KY;2013;p0p100;44590.1210938;;97792049152.0;;
;US-KY;2013;p99p100;;279302.8125;;0.1429924816;0.1429924816
;US-KY;2013;p99.9p100;;990019.5;;0.0537535511;0.0537535511
;US-KY;2013;p99.99p100;;3878248.0;;0.0207806267;0.0207806267
;US-KY;2013;p90p100;;104319.859375;;0.4369086921;0.4369086921
;US-KY;2013;p90p91;198980.40625;;;;
;US-KY;2013;p95p96;272977.09375;;;;
;US-KY;2013;p90p95;124983.71875;104319.859375;;0.1350471377;0.1350471377
;US-KY;2013;p95p99;179572.09375;126089.132812;;0.1582327634;0.1582327634
;US-KY;2013;p99.5p99.9;590125.5625;414069.25;;0.0520604961;0.0520604961
;US-KY;2013;p99.9p99.99;1643960.125;990019.5;;0.0330924839;0.0330924839
;US-KY;2013;p99p99.5;334607.4375;279302.8125;;0.0372119844;0.0372119844
;US-KY;2013;p95p100;;126089.132812;;0.30131194;0.30131194
;US-KY;2013;p0p90;27435.6464844;;;0.5635744929;0.5635744929
;US-KY;2013;p0p99;38509.2460938;;;0.8570075035;0.8570075035
;US-KY;2013;p99.5p100;;414069.25;;0.1058326811;0.1058326811
;US-KY;2013;p99.5p99.6;958586.6875;;;;
;US-KY;2013;p99.99p99.991;9528673.0;;;;
;US-KY;2013;p99.9p99.91;2432431.5;;;;
;US-KY;2013;p99p99.1;646597.0625;;;;
;US-KY;2012;p0p100;46190.546875;;1.01280661504e+11;;
;US-KY;2012;p99p100;704976.4375;;;0.1526235342;0.1526235342
;US-KY;2012;p99.9p100;2893196.25;;;0.0626361072;0.0626361072
;US-KY;2012;p99.99p100;11535751.0;;;0.0249742698;0.0249742698
;US-KY;2012;p90p100;;;;0.4321082234;0.4321082234
;US-KY;2012;p90p91;199593.15625;;;;
;US-KY;2012;p95p96;278498.125;;;;
;US-KY;2012;p95p100;;;;0.3014665842;0.3014665842
;US-KY;2012;p99.5p100;1076264.75;;;0.1165027097;0.1165027097
;US-KY;2011;p0p100;43310.4726562;;95600304128.0;;
;US-KY;2011;p99p100;620306.25;;;0.1432231665;0.1432231665
;US-KY;2011;p99.9p100;2353111.0;;;0.0543312244;0.0543312244
;US-KY;2011;p99.99p100;9259028.0;;;0.0213782676;0.0213782676
;US-KY;2011;p90p100;;;;0.4337368608;0.4337368608
;US-KY;2011;p90p91;187853.46875;;;;
;US-KY;2011;p95p96;263256.75;;;;
;US-KY;2011;p95p100;;;;0.303918153;0.303918153
;US-KY;2011;p99.5p100;916613.4375;;;0.1058189124;0.1058189124
;US-KY;2010;p0p100;43193.7304688;;94565556224.0;;
;US-KY;2010;p99p100;658726.0;;;0.1525049955;0.1525049955
;US-KY;2010;p99.9p100;2752720.5;;;0.0637296364;0.0637296364
;US-KY;2010;p99.99p100;12657040.0;;;0.0293029584;0.0293029584
;US-KY;2010;p90p100;;;;0.4418514073;0.4418514073
;US-KY;2010;p90p91;190852.109375;;;;
;US-KY;2010;p95p96;270530.53125;;;;
;US-KY;2010;p95p100;;;;0.3131595254;0.3131595254
;US-KY;2010;p99.5p100;990713.125;;;0.1146825179;0.1146825179
;US-KY;2009;p0p100;42150.6210938;;90614136832.0;;
;US-KY;2009;p99p100;593500.25;;;0.1408046335;0.1408046335
;US-KY;2009;p99.9p100;2356651.5;;;0.0559102446;0.0559102446
;US-KY;2009;p99.99p100;9595491.0;;;0.0227647703;0.0227647703
;US-KY;2009;p90p100;;;;0.4320949018;0.4320949018
;US-KY;2009;p90p91;182130.671875;;;;
;US-KY;2009;p95p96;254604.015625;;;;
;US-KY;2009;p95p100;;;;0.3020169139;0.3020169139
;US-KY;2009;p99.5p100;888236.3125;;;0.1053645611;0.1053645611
;US-KY;2008;p0p100;46136.9960938;;98472394752.0;;
;US-KY;2008;p99p100;724061.375;;;0.1569372565;0.1569372565
;US-KY;2008;p99.9p100;3129702.0;;;0.0678349733;0.0678349733
;US-KY;2008;p99.99p100;13187979.0;;;0.028584389;0.028584389
;US-KY;2008;p90p100;;;;0.4330416024;0.4330416024
;US-KY;2008;p90p91;199792.390625;;;;
;US-KY;2008;p95p96;285104.53125;;;;
;US-KY;2008;p95p100;;;;0.3089760542;0.3089760542
;US-KY;2008;p99.5p100;1118455.5;;;0.1212102696;0.1212102696
;US-KY;2007;p0p100;50298.4921875;;1.04879202304e+11;;
;US-KY;2007;p99p100;859818.3125;;;0.1709431708;0.1709431708
;US-KY;2007;p99.9p100;3893722.0;;;0.0774122998;0.0774122998
;US-KY;2007;p99.99p100;16601705.0;;;0.0330063701;0.0330063701
;US-KY;2007;p90p100;;;;0.4341992736;0.4341992736
;US-KY;2007;p90p91;218395.671875;;;;
;US-KY;2007;p95p96;318322.96875;;;;
;US-KY;2007;p95p100;;;;0.3164339066;0.3164339066
;US-KY;2007;p99.5p100;1353754.25;;;0.1345720589;0.1345720589
;US-KY;2006;p0p100;48121.4609375;;1.01560614912e+11;;
;US-KY;2006;p99p100;798217.6875;;;0.1658755988;0.1658755988
;US-KY;2006;p99.9p100;3530374.0;;;0.0733638182;0.0733638182
;US-KY;2006;p99.99p100;14490006.0;;;0.0301113147;0.0301113147
;US-KY;2006;p90p100;;;;0.4311100841;0.4311100841
;US-KY;2006;p90p91;207456.46875;;;;
;US-KY;2006;p95p96;302243.4375;;;;
;US-KY;2006;p95p100;;;;0.3140422404;0.3140422404
;US-KY;2006;p99.5p100;1249105.125;;;0.1297867;0.1297867
;US-KY;2005;p0p100;47668.40625;;98822569984.0;;
;US-KY;2005;p99p100;750286.1875;;;0.1573969573;0.1573969573
;US-KY;2005;p99.9p100;3235011.25;;;0.0678649023;0.0678649023
;US-KY;2005;p99.99p100;12993105.0;;;0.0272572692;0.0272572692
;US-KY;2005;p90p100;;;;0.4217713475;0.4217713475
;US-KY;2005;p90p91;201051.671875;;;;
;US-KY;2005;p95p96;291970.46875;;;;
;US-KY;2005;p95p100;;;;0.3062515557;0.3062515557
;US-KY;2005;p99.5p100;1162880.5;;;0.1219760329;0.1219760329
;US-KY;2004;p0p100;46940.625;;94003191808.0;;
;US-KY;2004;p99p100;692956.75;;;0.1476241052;0.1476241052
;US-KY;2004;p99.9p100;2894679.0;;;0.0616668202;0.0616668202
;US-KY;2004;p99.99p100;11576476.0;;;0.0246619545;0.0246619545
;US-KY;2004;p90p100;;;;0.4148519337;0.4148519337
;US-KY;2004;p90p91;194734.09375;;;;
;US-KY;2004;p95p96;280723.40625;;;;
;US-KY;2004;p95p100;;;;0.2990196645;0.2990196645
;US-KY;2004;p99.5p100;1059799.25;;;0.1128872111;0.1128872111
;US-KY;2003;p0p100;43963.1484375;;88700551168.0;;
;US-KY;2003;p99p100;606516.6875;;;0.13796027;0.13796027
;US-KY;2003;p99.9p100;2374330.75;;;0.0540073067;0.0540073067
;US-KY;2003;p99.99p100;9192381.0;;;0.0209092908;0.0209092908
;US-KY;2003;p90p100;;;;0.4148568809;0.4148568809
;US-KY;2003;p90p91;182384.125;;;;
;US-KY;2003;p95p96;255584.234375;;;;
;US-KY;2003;p95p100;;;;0.2906801105;0.2906801105
;US-KY;2003;p99.5p100;907958.625;;;0.1032636091;0.1032636091
;US-KY;2002;p0p100;45300.8125;;88427282432.0;;
;US-KY;2002;p99p100;597535.4375;;;0.1319039166;0.1319039166
;US-KY;2002;p99.9p100;2272224.75;;;0.0501585901;0.0501585901
;US-KY;2002;p99.99p100;8496127.0;;;0.0187549107;0.0187549107
;US-KY;2002;p90p100;;;;0.4028749466;0.4028749466
;US-KY;2002;p90p91;182505.625;;;;
;US-KY;2002;p95p96;254539.734375;;;;
;US-KY;2002;p95p100;;;;0.2809439003;0.2809439003
;US-KY;2002;p99.5p100;887061.0625;;;0.0979078487;0.0979078487
;US-KY;2001;p0p100;47231.453125;;90817839104.0;;
;US-KY;2001;p99p100;630854.5;;;0.133566618;0.133566618
;US-KY;2001;p99.9p100;2311206.75;;;0.0489336364;0.0489336364
;US-KY;2001;p99.99p100;8444586.0;;;0.0178791583;0.0178791583
;US-KY;2001;p90p100;;;;0.4002390206;0.4002390206
;US-KY;2001;p90p91;189038.6875;;;;
;US-KY;2001;p95p96;265823.71875;;;;
;US-KY;2001;p95p100;;;;0.2814054191;0.2814054191
;US-KY;2001;p99.5p100;927703.875;;;0.0982082784;0.0982082784
;US-KY;2000;p0p100;50610.0507812;;96230899712.0;;
;US-KY;2000;p99p100;727334.8125;;;0.143713519;0.143713519
;US-KY;2000;p99.9p100;2899732.75;;;0.0572955944;0.0572955944
;US-KY;2000;p99.99p100;10773869.0;;;0.0212880038;0.0212880038
;US-KY;2000;p90p100;;;;0.4003573954;0.4003573954
;US-KY;2000;p90p91;202621.078125;;;;
;US-KY;2000;p95p96;291078.8125;;;;
;US-KY;2000;p95p100;;;;0.2875701785;0.2875701785
;US-KY;2000;p99.5p100;1097166.75;;;0.1083941534;0.1083941534
;US-KY;1999;p0p100;48244.0;;91272003584.0;;
;US-KY;1999;p99p100;715346.125;;;0.1482767165;0.1482767165
;US-KY;1999;p99.9p100;2812814.75;;;0.0583039336;0.0583039336
;US-KY;1999;p99.99p100;10038967.0;;;0.0208087377;0.0208087377
;US-KY;1999;p90p100;;;;0.414643079;0.414643079
;US-KY;1999;p90p91;200040.390625;;;;
;US-KY;1999;p95p96;286521.4375;;;;
;US-KY;1999;p95p100;;;;0.2969503701;0.2969503701
;US-KY;1999;p99.5p100;1076914.0;;;0.1116111875;0.1116111875
;US-KY;1998;p0p100;45671.4648438;;86339870720.0;;
;US-KY;1998;p99p100;696303.9375;;;0.1524592936;0.1524592936
;US-KY;1998;p99.9p100;2818119.5;;;0.0617041588;0.0617041588
;US-KY;1998;p99.99p100;10442780.0;;;0.0228649974;0.0228649974
;US-KY;1998;p90p100;;;;0.4201608896;0.4201608896
;US-KY;1998;p90p91;191893.625;;;;
;US-KY;1998;p95p96;274575.0;;;;
;US-KY;1998;p95p100;;;;0.3005979955;0.3005979955
;US-KY;1998;p99.5p100;1060201.625;;;0.1160682663;0.1160682663
;US-KY;1997;p0p100;43470.3945312;;80606666752.0;;
;US-KY;1997;p99p100;629061.625;;;0.1447103471;0.1447103471
;US-KY;1997;p99.9p100;2410923.5;;;0.0554612763;0.0554612763
;US-KY;1997;p99.99p100;8704175.0;;;0.0200232249;0.0200232249
;US-KY;1997;p90p100;;;;0.413975358;0.413975358
;US-KY;1997;p90p91;179956.71875;;;;
;US-KY;1997;p95p96;254360.46875;;;;
;US-KY;1997;p95p100;;;;0.2925674617;0.2925674617
;US-KY;1997;p99.5p100;947708.375;;;0.1090061888;0.1090061888
;US-KY;1996;p0p100;41992.375;;75323613184.0;;
;US-KY;1996;p99p100;565595.0625;;;0.1346899569;0.1346899569
;US-KY;1996;p99.9p100;2112287.25;;;0.0503016897;0.0503016897
;US-KY;1996;p99.99p100;7679607.0;;;0.0182881001;0.0182881001
;US-KY;1996;p90p100;;;;0.4040853679;0.4040853679
;US-KY;1996;p90p91;169685.03125;;;;
;US-KY;1996;p95p96;237831.46875;;;;
;US-KY;1996;p95p100;;;;0.2831841111;0.2831841111
;US-KY;1996;p99.5p100;836337.8125;;;0.0995821059;0.0995821059
;US-KY;1995;p0p100;39607.7890625;;71138549760.0;;
;US-KY;1995;p99p100;524811.6875;;;0.1325021237;0.1325021237
;US-KY;1995;p99.9p100;1941371.625;;;0.0490148887;0.0490148887
;US-KY;1995;p99.99p100;6996303.5;;;0.0176639576;0.0176639576
;US-KY;1995;p90p100;;;;0.404482305;0.404482305
;US-KY;1995;p90p91;160206.515625;;;;
;US-KY;1995;p95p96;223983.546875;;;;
;US-KY;1995;p95p100;;;;0.2827518582;0.2827518582
;US-KY;1995;p99.5p100;774358.3125;;;0.0977532789;0.0977532789
;US-KY;1994;p0p100;38187.7734375;;68771913728.0;;
;US-KY;1994;p99p100;476328.0;;;0.1247331128;0.1247331128
;US-KY;1994;p99.9p100;1718841.875;;;0.045010265;0.045010265
;US-KY;1994;p99.99p100;6225942.0;;;0.0163034946;0.0163034946
;US-KY;1994;p90p100;;;;0.3971998394;0.3971998394
;US-KY;1994;p90p91;151681.78125;;;;
;US-KY;1994;p95p96;207678.28125;;;;
;US-KY;1994;p95p100;;;;0.2719172239;0.2719172239
;US-KY;1994;p99.5p100;696178.8125;;;0.0911520571;0.0911520571
;US-KY;1993;p0p100;37225.0273438;;67195609088.0;;
;US-KY;1993;p99p100;470704.15625;;;0.1264483184;0.1264483184
;US-KY;1993;p99.9p100;1735826.125;;;0.0466306247;0.0466306247
;US-KY;1993;p99.99p100;6432565.0;;;0.0172802173;0.0172802173
;US-KY;1993;p90p100;;;;0.3992654383;0.3992654383
;US-KY;1993;p90p91;148626.65625;;;;
;US-KY;1993;p95p96;203879.59375;;;;
;US-KY;1993;p95p100;;;;0.2738475204;0.2738475204
;US-KY;1993;p99.5p100;694064.125;;;0.0932254791;0.0932254791
;US-KY;1992;p0p100;38558.5976562;;67178299392.0;;
;US-KY;1992;p99p100;478284.78125;;;0.1240410209;0.1240410209
;US-KY;1992;p99.9p100;1733878.625;;;0.0449673682;0.0449673682
;US-KY;1992;p99.99p100;6243577.5;;;0.0161924399;0.0161924399
;US-KY;1992;p90p100;;;;0.3908780813;0.3908780813
;US-KY;1992;p90p91;150717.109375;;;;
;US-KY;1992;p95p96;205428.21875;;;;
;US-KY;1992;p95p100;;;;0.2663844526;0.2663844526
;US-KY;1992;p99.5p100;703064.5;;;0.0911683142;0.0911683142
;US-KY;1991;p0p100;37785.0820312;;64584044544.0;;
;US-KY;1991;p99p100;446194.5625;;;0.1180874929;0.1180874929
;US-KY;1991;p99.9p100;1554146.25;;;0.041131217;0.041131217
;US-KY;1991;p99.99p100;5393456.5;;;0.0142740384;0.0142740384
;US-KY;1991;p90p100;;;;0.3853437603;0.3853437603
;US-KY;1991;p90p91;145602.453125;;;;
;US-KY;1991;p95p96;195217.96875;;;;
;US-KY;1991;p95p100;;;;0.2583267987;0.2583267987
;US-KY;1991;p99.5p100;647955.0;;;0.0857421756;0.0857421756
;US-KY;1990;p0p100;38013.2734375;;64746156032.0;;
;US-KY;1990;p99p100;474065.9375;;;0.1247106344;0.1247106344
;US-KY;1990;p99.9p100;1744372.75;;;0.0458885171;0.0458885171
;US-KY;1990;p99.99p100;6304760.5;;;0.0165856816;0.0165856816
;US-KY;1990;p90p100;;;;0.3894859552;0.3894859552
;US-KY;1990;p90p91;148056.359375;;;;
;US-KY;1990;p95p96;200917.296875;;;;
;US-KY;1990;p95p100;;;;0.2642725408;0.2642725408
;US-KY;1990;p99.5p100;704460.9375;;;0.0926598608;0.0926598608
;US-KY;1989;p0p100;37819.5703125;;64095801344.0;;
;US-KY;1989;p99p100;498414.375;;;0.1317874193;0.1317874193
;US-KY;1989;p99.9p100;1918349.25;;;0.0507237241;0.0507237241
;US-KY;1989;p99.99p100;7294701.5;;;0.0192881655;0.0192881655
;US-KY;1989;p90p100;;;;0.3923712671;0.3923712671
;US-KY;1989;p90p91;148393.125;;;;
;US-KY;1989;p95p96;206759.34375;;;;
;US-KY;1989;p95p100;;;;0.2733496726;0.2733496726
;US-KY;1989;p99.5p100;745728.6875;;;0.0985903218;0.0985903218
;US-KY;1988;p0p100;37596.65625;;63731085312.0;;
;US-KY;1988;p99p100;504368.4375;;;0.134152472;0.134152472
;US-KY;1988;p99.9p100;2009219.375;;;0.0534414314;0.0534414314
;US-KY;1988;p99.99p100;7679162.5;;;0.0204251204;0.0204251204
;US-KY;1988;p90p100;;;;0.3875337541;0.3875337541
;US-KY;1988;p90p91;145699.734375;;;;
;US-KY;1988;p95p96;204040.171875;;;;
;US-KY;1988;p95p100;;;;0.2713541389;0.2713541389
;US-KY;1988;p99.5p100;764648.0625;;;0.1016909555;0.1016909555
;US-KY;1987;p0p100;34741.671875;;59046944768.0;;
;US-KY;1987;p99p100;408532.09375;;;0.1175913736;0.1175913736
;US-KY;1987;p99.9p100;1460745.75;;;0.0420459248;0.0420459248
;US-KY;1987;p99.99p100;5257067.5;;;0.0151318787;0.0151318787
;US-KY;1987;p90p100;;;;0.3843309283;0.3843309283
;US-KY;1987;p90p91;133522.984375;;;;
;US-KY;1987;p95p96;180956.390625;;;;
;US-KY;1987;p95p100;;;;0.2604313195;0.2604313195
;US-KY;1987;p99.5p100;595382.1875;;;0.0856870413;0.0856870413
;US-KY;1986;p0p100;36538.4609375;;60694528000.0;;
;US-KY;1986;p99p100;555108.5;;;0.1519244313;0.1519244313
;US-KY;1986;p99.9p100;2483795.5;;;0.06797757;0.06797757
;US-KY;1986;p99.99p100;10804123.0;;;0.0295691788;0.0295691788
;US-KY;1986;p90p100;;;;0.4038132131;0.4038132131
;US-KY;1986;p90p91;147547.125;;;;
;US-KY;1986;p95p96;211523.328125;;;;
;US-KY;1986;p95p100;;;;0.2894529998;0.2894529998
;US-KY;1986;p99.5p100;870114.25;;;0.119068265;0.119068265
;US-KY;1985;p0p100;34171.1367188;;55763353600.0;;
;US-KY;1985;p99p100;406759.46875;;;0.119035989;0.119035989
;US-KY;1985;p99.9p100;1612156.5;;;0.047178898;0.047178898
;US-KY;1985;p99.99p100;6316984.0;;;0.0184863154;0.0184863154
;US-KY;1985;p90p100;;;;0.3722465634;0.3722465634
;US-KY;1985;p90p91;127200.882812;;;;
;US-KY;1985;p95p96;174783.921875;;;;
;US-KY;1985;p95p100;;;;0.2557478845;0.2557478845
;US-KY;1985;p99.5p100;608925.9375;;;0.0890994519;0.0890994519
;US-KY;1984;p0p100;33176.0703125;;53210980352.0;;
;US-KY;1984;p99p100;394801.6875;;;0.1190019324;0.1190019324
;US-KY;1984;p99.9p100;1552716.125;;;0.0468022898;0.0468022898
;US-KY;1984;p99.99p100;6500615.0;;;0.0195942875;0.0195942875
;US-KY;1984;p90p100;;;;0.3532536924;0.3532536924
;US-KY;1984;p90p91;117195.703125;;;;
;US-KY;1984;p95p96;163594.015625;;;;
;US-KY;1984;p95p100;;;;0.2465542257;0.2465542257
;US-KY;1984;p99.5p100;575938.3125;;;0.0868002623;0.0868002623
;US-KY;1983;p0p100;31888.6875;;50282708992.0;;
;US-KY;1983;p99p100;385428.5;;;0.12086685;0.12086685
;US-KY;1983;p99.9p100;1473022.125;;;0.0461926237;0.0461926237
;US-KY;1983;p99.99p100;6006229.0;;;0.0188349839;0.0188349839
;US-KY;1983;p90p100;;;;0.3386012018;0.3386012018
;US-KY;1983;p90p91;107975.476562;;;;
;US-KY;1983;p95p96;153905.46875;;;;
;US-KY;1983;p95p100;;;;0.2413167059;0.2413167059
;US-KY;1983;p99.5p100;550237.3125;;;0.0862746909;0.0862746909
;US-KY;1982;p0p100;34257.6679688;;53246439424.0;;
;US-KY;1982;p99p100;369696.25;;;0.1079163551;0.1079163551
;US-KY;1982;p99.9p100;1429969.75;;;0.0417415984;0.0417415984
;US-KY;1982;p99.99p100;5937280.5;;;0.0173312463;0.0173312463
;US-KY;1982;p90p100;;;;0.339188695;0.339188695
;US-KY;1982;p90p91;116198.140625;;;;
;US-KY;1982;p95p96;158345.296875;;;;
;US-KY;1982;p95p100;;;;0.2311092913;0.2311092913
;US-KY;1982;p99.5p100;545516.8125;;;0.0796196684;0.0796196684
;US-KY;1981;p0p100;34837.5898438;;53507657728.0;;
;US-KY;1981;p99p100;341571.03125;;;0.0980466977;0.0980466977
;US-KY;1981;p99.9p100;1142337.5;;;0.032790374;0.032790374
;US-KY;1981;p99.99p100;4333481.5;;;0.0124390973;0.0124390973
;US-KY;1981;p90p100;;;;0.3586799204;0.3586799204
;US-KY;1981;p90p91;124955.429688;;;;
;US-KY;1981;p95p96;158144.625;;;;
;US-KY;1981;p95p100;;;;0.2269741297;0.2269741297
;US-KY;1981;p99.5p100;484080.59375;;;0.0694767684;0.0694767684
;US-KY;1980;p0p100;35708.1640625;;53672239104.0;;
;US-KY;1980;p99p100;345112.46875;;;0.0966480523;0.0966480523
;US-KY;1980;p99.9p100;1063227.75;;;0.0297754779;0.0297754779
;US-KY;1980;p99.99p100;3468255.0;;;0.009712778;0.009712778
;US-KY;1980;p90p100;;;;0.3484851122;0.3484851122
;US-KY;1980;p90p91;124437.648438;;;;
;US-KY;1980;p95p96;159699.25;;;;
;US-KY;1980;p95p100;;;;0.2236172706;0.2236172706
;US-KY;1980;p99.5p100;483497.59375;;;0.0677012652;0.0677012652
;US-KY;1979;p0p100;37611.3320312;;55924006912.0;;
;US-KY;1979;p99p100;349599.125;;;0.0929504782;0.0929504782
;US-KY;1979;p99.9p100;1077386.375;;;0.0286452603;0.0286452603
;US-KY;1979;p99.99p100;3462478.5;;;0.0092059448;0.0092059448
;US-KY;1979;p90p100;;;;0.330693692;0.330693692
;US-KY;1979;p90p91;124378.304688;;;;
;US-KY;1979;p95p96;163970.15625;;;;
;US-KY;1979;p95p100;;;;0.2179797143;0.2179797143
;US-KY;1979;p99.5p100;488259.59375;;;0.064908579;0.064908579
;US-KY;1978;p0p100;36473.1328125;;52911554560.0;;
;US-KY;1978;p99p100;325260.1875;;;0.0891780183;0.0891780183
;US-KY;1978;p99.9p100;937264.125;;;0.0256973822;0.0256973822
;US-KY;1978;p99.99p100;2760220.0;;;0.0075678169;0.0075678169
;US-KY;1978;p90p100;;;;0.3382005692;0.3382005692
;US-KY;1978;p90p91;123352.351562;;;;
;US-KY;1978;p95p96;162559.625;;;;
;US-KY;1978;p95p100;;;;0.2228484452;0.2228484452
;US-KY;1978;p99.5p100;448968.09375;;;0.0615477748;0.0615477748
;US-KY;1977;p0p100;35509.7109375;;50477961216.0;;
;US-KY;1977;p99p100;328043.65625;;;0.0923813954;0.0923813954
;US-KY;1977;p99.9p100;989465.4375;;;0.0278646424;0.0278646424
;US-KY;1977;p99.99p100;3150738.25;;;0.0088728918;0.0088728918
;US-KY;1977;p90p100;;;;0.3394370973;0.3394370973
;US-KY;1977;p90p91;120533.132812;;;;
;US-KY;1977;p95p96;158263.453125;;;;
;US-KY;1977;p95p100;;;;0.222845301;0.222845301
;US-KY;1977;p99.5p100;464435.40625;;;0.0653955489;0.0653955489
;US-KY;1976;p0p100;34135.3164062;;47577649152.0;;
;US-KY;1976;p99p100;317595.4375;;;0.0930401385;0.0930401385
;US-KY;1976;p99.9p100;946482.8125;;;0.0277273785;0.0277273785
;US-KY;1976;p99.99p100;2837615.25;;;0.0083128428;0.0083128428
;US-KY;1976;p90p100;;;;0.3395928442;0.3395928442
;US-KY;1976;p90p91;115921.078125;;;;
;US-KY;1976;p95p96;151796.65625;;;;
;US-KY;1976;p95p100;;;;0.2223454714;0.2223454714
;US-KY;1976;p99.5p100;446095.3125;;;0.0653422028;0.0653422028
;US-KY;1975;p0p100;32364.8398438;;44258136064.0;;
;US-KY;1975;p99p100;342457.875;;;0.1058117002;0.1058117002
;US-KY;1975;p99.9p100;1143899.375;;;0.0353438929;0.0353438929
;US-KY;1975;p99.99p100;4484541.0;;;0.0138562135;0.0138562135
;US-KY;1975;p90p100;;;;0.361174345;0.361174345
;US-KY;1975;p90p91;116893.492188;;;;
;US-KY;1975;p95p96;156215.109375;;;;
;US-KY;1975;p95p100;;;;0.2413346171;0.2413346171
;US-KY;1975;p99.5p100;494827.5;;;0.0764452219;0.0764452219
;US-KY;1974;p0p100;34262.2617188;;45955080192.0;;
;US-KY;1974;p99p100;329756.96875;;;0.0962449461;0.0962449461
;US-KY;1974;p99.9p100;978992.75;;;0.0285734981;0.0285734981
;US-KY;1974;p99.99p100;3131544.5;;;0.0091399224;0.0091399224
;US-KY;1974;p90p100;;;;0.3540276885;0.3540276885
;US-KY;1974;p90p91;121297.90625;;;;
;US-KY;1974;p95p96;160732.40625;;;;
;US-KY;1974;p95p100;;;;0.2345618457;0.2345618457
;US-KY;1974;p99.5p100;454954.28125;;;0.066392906;0.066392906
;US-KY;1973;p0p100;34143.7304688;;44954443776.0;;
;US-KY;1973;p99p100;326908.875;;;0.0957449079;0.0957449079
;US-KY;1973;p99.9p100;904776.5625;;;0.0264990516;0.0264990516
;US-KY;1973;p99.99p100;2755780.5;;;0.0080711162;0.0080711162
;US-KY;1973;p90p100;;;;0.3451956809;0.3451956809
;US-KY;1973;p90p91;117862.703125;;;;
;US-KY;1973;p95p96;155386.25;;;;
;US-KY;1973;p95p100;;;;0.2275472432;0.2275472432
;US-KY;1973;p99.5p100;451161.3125;;;0.0660679489;0.0660679489
;US-KY;1972;p0p100;33244.796875;;42952032256.0;;
;US-KY;1972;p99p100;322666.875;;;0.0970578566;0.0970578566
;US-KY;1972;p99.9p100;974648.3125;;;0.0293173175;0.0293173175
;US-KY;1972;p99.99p100;3353890.25;;;0.0100884661;0.0100884661
;US-KY;1972;p90p100;;;;0.3479865491;0.3479865491
;US-KY;1972;p90p91;115687.414062;;;;
;US-KY;1972;p95p96;154117.828125;;;;
;US-KY;1972;p95p100;;;;0.2317924201;0.2317924201
;US-KY;1972;p99.5p100;445215.625;;;0.0669601932;0.0669601932
;US-KY;1971;p0p100;31714.0957031;;40163844096.0;;
;US-KY;1971;p99p100;306710.09375;;;0.0967109725;0.0967109725
;US-KY;1971;p99.9p100;872485.75;;;0.0275109764;0.0275109764
;US-KY;1971;p99.99p100;2806671.25;;;0.008849917;0.008849917
;US-KY;1971;p90p100;;;;0.3465658724;0.3465658724
;US-KY;1971;p90p91;109910.226562;;;;
;US-KY;1971;p95p96;144767.046875;;;;
;US-KY;1971;p95p100;;;;0.2282377183;0.2282377183
;US-KY;1971;p99.5p100;419227.90625;;;0.0660948902;0.0660948902
;US-KY;1970;p0p100;31393.3085938;;38898388992.0;;
;US-KY;1970;p99p100;291650.53125;;;0.0929021314;0.0929021314
;US-KY;1970;p99.9p100;844008.1875;;;0.0268849712;0.0268849712
;US-KY;1970;p99.99p100;2621384.75;;;0.0083501386;0.0083501386
;US-KY;1970;p90p100;;;;0.3400970101;0.3400970101
;US-KY;1970;p90p91;106767.703125;;;;
;US-KY;1970;p95p96;139881.28125;;;;
;US-KY;1970;p95p100;;;;0.2227883786;0.2227883786
;US-KY;1970;p99.5p100;402185.4375;;;0.0640559196;0.0640559196
;US-KY;1969;p0p100;31451.0605469;;38566227968.0;;
;US-KY;1969;p99p100;299945.59375;;;0.0953689888;0.0953689888
;US-KY;1969;p99.9p100;898030.6875;;;0.0285532717;0.0285532717
;US-KY;1969;p99.99p100;2905310.5;;;0.0092375604;0.0092375604
;US-KY;1969;p90p100;;;;0.3398634493;0.3398634493
;US-KY;1969;p90p91;106890.65625;;;;
;US-KY;1969;p95p96;143016.828125;;;;
;US-KY;1969;p95p100;;;;0.2273640633;0.2273640633
;US-KY;1969;p99.5p100;422026.40625;;;0.0670925528;0.0670925528
;US-KY;1968;p0p100;30953.0898438;;37631574016.0;;
;US-KY;1968;p99p100;318184.15625;;;0.1027956009;0.1027956009
;US-KY;1968;p99.9p100;922635.0625;;;0.0298075248;0.0298075248
;US-KY;1968;p99.99p100;2694552.25;;;0.008705277;0.008705277
;US-KY;1968;p90p100;;;;0.3472605646;0.3472605646
;US-KY;1968;p90p91;107487.882812;;;;
;US-KY;1968;p95p96;146671.296875;;;;
;US-KY;1968;p95p100;;;;0.2369251251;0.2369251251
;US-KY;1968;p99.5p100;441070.40625;;;0.0712482035;0.0712482035
;US-KY;1967;p0p100;29615.5371094;;35689066496.0;;
;US-KY;1967;p99p100;292331.59375;;;0.0987088606;0.0987088606
;US-KY;1967;p99.9p100;817868.9375;;;0.0276162121;0.0276162121
;US-KY;1967;p99.99p100;2190720.5;;;0.0073972004;0.0073972004
;US-KY;1967;p90p100;;;;0.3483381271;0.3483381271
;US-KY;1967;p90p91;103162.210938;;;;
;US-KY;1967;p95p96;137225.03125;;;;
;US-KY;1967;p95p100;;;;0.2316774279;0.2316774279
;US-KY;1967;p99.5p100;407577.03125;;;0.068811357;0.068811357
;US-KY;1966;p0p100;28181.0703125;;33630347264.0;;
;US-KY;1966;p99p100;273097.40625;;;0.0969080999;0.0969080999
;US-KY;1966;p99.9p100;753248.9375;;;0.0267288983;0.0267288983
;US-KY;1966;p99.99p100;2099500.5;;;0.0074500381;0.0074500381
;US-KY;1966;p90p100;;;;0.3477098942;0.3477098942
;US-KY;1966;p90p91;97988.3671875;;;;
;US-KY;1966;p95p96;127748.101562;;;;
;US-KY;1966;p95p100;;;;0.2266558707;0.2266558707
;US-KY;1966;p99.5p100;382266.40625;;;0.067823261;0.067823261
;US-KY;1965;p0p100;26786.2089844;;31632865280.0;;
;US-KY;1965;p99p100;277727.96875;;;0.103683196;0.103683196
;US-KY;1965;p99.9p100;758544.6875;;;0.0283184797;0.0283184797
;US-KY;1965;p99.99p100;2164634.0;;;0.0080811512;0.0080811512
;US-KY;1965;p90p100;;;;0.3587658703;0.3587658703
;US-KY;1965;p90p91;96099.7734375;;;;
;US-KY;1965;p95p96;127451.867188;;;;
;US-KY;1965;p95p100;;;;0.2379057556;0.2379057556
;US-KY;1965;p99.5p100;379592.59375;;;0.0708559752;0.0708559752
;US-KY;1964;p0p100;25393.8886719;;29646934016.0;;
;US-KY;1964;p99p100;265820.8125;;;0.1046790555;0.1046790555
;US-KY;1964;p99.9p100;744189.4375;;;0.0293058511;0.0293058511
;US-KY;1964;p99.99p100;4060959.0;;;0.0159918759;0.0159918759
;US-KY;1964;p90p100;;;;0.3633868098;0.3633868098
;US-KY;1964;p90p91;92278.0390625;;;;
;US-KY;1964;p95p96;123279.445312;;;;
;US-KY;1964;p95p100;;;;0.2427345067;0.2427345067
;US-KY;1964;p99.5p100;371273.0;;;0.0731028318;0.0731028318
;US-KY;1963;p0p100;24762.6054688;;28539801600.0;;
;US-KY;1963;p99p100;237021.1875;;;0.0957173854;0.0957173854
;US-KY;1963;p99.9p100;650464.1875;;;0.0262680035;0.0262680035
;US-KY;1963;p99.99p100;1653840.0;;;0.0066787805;0.0066787805
;US-KY;1963;p90p100;;;;0.3473233283;0.3473233283
;US-KY;1963;p90p91;86006.296875;;;;
;US-KY;1963;p95p96;113799.359375;;;;
;US-KY;1963;p95p100;;;;0.2297806889;0.2297806889
;US-KY;1963;p99.5p100;326891.3125;;;0.0660050362;0.0660050362
;US-KY;1962;p0p100;23821.0253906;;27088482304.0;;
;US-KY;1962;p99p100;222719.375;;;0.0934969708;0.0934969708
;US-KY;1962;p99.9p100;610833.0625;;;0.0256426018;0.0256426018
;US-KY;1962;p99.99p100;1523182.25;;;0.0063942769;0.0063942769
;US-KY;1962;p90p100;;;;0.3425361514;0.3425361514
;US-KY;1962;p90p91;81595.6171875;;;;
;US-KY;1962;p95p96;107716.796875;;;;
;US-KY;1962;p95p100;;;;0.2260960639;0.2260960639
;US-KY;1962;p99.5p100;305912.875;;;0.0642106906;0.0642106906
;US-KY;1961;p0p100;22978.0390625;;25755086848.0;;
;US-KY;1961;p99p100;229002.046875;;;0.0996612757;0.0996612757
;US-KY;1961;p99.9p100;663334.375;;;0.0288681909;0.0288681909
;US-KY;1961;p99.99p100;1999386.25;;;0.0087012919;0.0087012919
;US-KY;1961;p90p100;;;;0.3540689051;0.3540689051
;US-KY;1961;p90p91;81358.09375;;;;
;US-KY;1961;p95p96;108658.0;;;;
;US-KY;1961;p95p100;;;;0.236438781;0.236438781
;US-KY;1961;p99.5p100;321122.5625;;;0.0698759779;0.0698759779
;US-KY;1960;p0p100;22236.4335938;;24535904256.0;;
;US-KY;1960;p99p100;215366.015625;;;0.0968527645;0.0968527645
;US-KY;1960;p99.9p100;581512.8125;;;0.0261513516;0.0261513516
;US-KY;1960;p99.99p100;1393748.875;;;0.0062678615;0.0062678615
;US-KY;1960;p90p100;;;;0.3465891778;0.3465891778
;US-KY;1960;p90p91;77069.0703125;;;;
;US-KY;1960;p95p96;102792.265625;;;;
;US-KY;1960;p95p100;;;;0.2311347872;0.2311347872
;US-KY;1960;p99.5p100;296825.6875;;;0.0667430982;0.0667430982
;US-KY;1959;p0p100;22135.6640625;;24542193664.0;;
;US-KY;1959;p99p100;219237.921875;;;0.0990428329;0.0990428329
;US-KY;1959;p99.9p100;643561.625;;;0.0290735159;0.0290735159
;US-KY;1959;p99.99p100;1684118.25;;;0.0076081664;0.0076081664
;US-KY;1959;p90p100;;;;0.3528293073;0.3528293073
;US-KY;1959;p90p91;78101.1171875;;;;
;US-KY;1959;p95p96;104872.0;;;;
;US-KY;1959;p95p100;;;;0.2368846685;0.2368846685
;US-KY;1959;p99.5p100;305125.4375;;;0.0689216778;0.0689216778
;US-KY;1958;p0p100;20823.6855469;;23173136384.0;;
;US-KY;1958;p99p100;209380.171875;;;0.1005490422;0.1005490422
;US-KY;1958;p99.9p100;604288.3125;;;0.0290192775;0.0290192775
;US-KY;1958;p99.99p100;1713512.75;;;0.0082286717;0.0082286717
;US-KY;1958;p90p100;;;;0.3544131219;0.3544131219
;US-KY;1958;p90p91;73801.875;;;;
;US-KY;1958;p95p96;98815.484375;;;;
;US-KY;1958;p95p100;;;;0.2372670323;0.2372670323
;US-KY;1958;p99.5p100;294025.875;;;0.0705989003;0.0705989003
;US-KY;1957;p0p100;20725.5800781;;23144202240.0;;
;US-KY;1957;p99p100;240065.5;;;0.1158305407;0.1158305407
;US-KY;1957;p99.9p100;749197.875;;;0.0361484624;0.0361484624
;US-KY;1957;p99.99p100;1501132.5;;;0.007242898;0.007242898
;US-KY;1957;p90p100;;;;0.3701921403;0.3701921403
;US-KY;1957;p90p91;76724.4609375;;;;
;US-KY;1957;p95p96;104250.601562;;;;
;US-KY;1957;p95p100;;;;0.2515022457;0.2515022457
;US-KY;1957;p99.5p100;352285.375;;;0.0849880651;0.0849880651
;US-KY;1956;p0p100;20770.1992188;;23237591040.0;;
;US-KY;1956;p99p100;218109.796875;;;0.1050109193;0.1050109193
;US-KY;1956;p99.9p100;623785.125;;;0.0300326962;0.0300326962
;US-KY;1956;p99.99p100;1353880.875;;;0.0065183807;0.0065183807
;US-KY;1956;p90p100;;;;0.3458380103;0.3458380103
;US-KY;1956;p90p91;71831.25;;;;
;US-KY;1956;p95p96;98907.09375;;;;
;US-KY;1956;p95p100;;;;0.2380985618;0.2380985618
;US-KY;1956;p99.5p100;306029.125;;;0.0736702383;0.0736702383
;US-KY;1955;p0p100;20130.4570312;;22566461440.0;;
;US-KY;1955;p99p100;215438.96875;;;0.1070213988;0.1070213988
;US-KY;1955;p99.9p100;632453.9375;;;0.0314177647;0.0314177647
;US-KY;1955;p99.99p100;1647339.875;;;0.008183321;0.008183321
;US-KY;1955;p90p100;;;;0.374802649;0.374802649
;US-KY;1955;p90p91;75449.484375;;;;
;US-KY;1955;p95p96;96444.859375;;;;
;US-KY;1955;p95p100;;;;0.2395496219;0.2395496219
;US-KY;1955;p99.5p100;300834.15625;;;0.0747211501;0.0747211501
;US-KY;1954;p0p100;19243.5917969;;21612148736.0;;
;US-KY;1954;p99p100;212261.015625;;;0.1103021577;0.1103021577
;US-KY;1954;p99.9p100;565225.3125;;;0.0293721259;0.0293721259
;US-KY;1954;p99.99p100;1265372.625;;;0.0065755518;0.0065755518
;US-KY;1954;p90p100;;;;0.383484453;0.383484453
;US-KY;1954;p90p91;73796.203125;;;;
;US-KY;1954;p95p96;94361.453125;;;;
;US-KY;1954;p95p100;;;;0.2451762706;0.2451762706
;US-KY;1954;p99.5p100;293183.71875;;;0.0761769637;0.0761769637
;US-KY;1953;p0p100;19668.875;;22127613952.0;;
;US-KY;1953;p99p100;187510.59375;;;0.0953336582;0.0953336582
;US-KY;1953;p99.9p100;522876.46875;;;0.0265839547;0.0265839547
;US-KY;1953;p99.99p100;1357653.375;;;0.0069025476;0.0069025476
;US-KY;1953;p90p100;;;;0.3530666828;0.3530666828
;US-KY;1953;p90p91;69444.2421875;;;;
;US-KY;1953;p95p96;86933.78125;;;;
;US-KY;1953;p95p100;;;;0.2209932655;0.2209932655
;US-KY;1953;p99.5p100;262129.046875;;;0.0666354969;0.0666354969
;US-KY;1952;p0p100;19007.296875;;21437302784.0;;
;US-KY;1952;p99p100;191344.328125;;;0.1006688774;0.1006688774
;US-KY;1952;p99.9p100;564664.75;;;0.0297077894;0.0297077894
;US-KY;1952;p99.99p100;1598298.125;;;0.0084088659;0.0084088659
;US-KY;1952;p90p100;;;;0.3596303761;0.3596303761
;US-KY;1952;p90p91;68356.0078125;;;;
;US-KY;1952;p95p96;86620.5625;;;;
;US-KY;1952;p95p100;;;;0.2278613597;0.2278613597
;US-KY;1952;p99.5p100;266809.03125;;;0.0701859444;0.0701859444
;US-KY;1951;p0p100;18353.4277344;;20736184320.0;;
;US-KY;1951;p99p100;195533.375;;;0.1065377891;0.1065377891
;US-KY;1951;p99.9p100;596282.6875;;;0.0324888974;0.0324888974
;US-KY;1951;p99.99p100;1677737.125;;;0.0091412729;0.0091412729
;US-KY;1951;p90p100;;;;0.3474803567;0.3474803567
;US-KY;1951;p90p91;63774.5585938;;;;
;US-KY;1951;p95p96;84131.75;;;;
;US-KY;1951;p95p100;;;;0.2291989923;0.2291989923
;US-KY;1951;p99.5p100;281320.9375;;;0.0766398832;0.0766398832
;US-KY;1950;p0p100;16688.9453125;;18887720960.0;;
;US-KY;1950;p99p100;204858.203125;;;0.1227508411;0.1227508411
;US-KY;1950;p99.9p100;634088.5625;;;0.0379945263;0.0379945263
;US-KY;1950;p99.99p100;1469343.375;;;0.0088042915;0.0088042915
;US-KY;1950;p90p100;;;;0.3808611929;0.3808611929
;US-KY;1950;p90p91;63561.7148438;;;;
;US-KY;1950;p95p96;88337.1328125;;;;
;US-KY;1950;p95p100;;;;0.2646576464;0.2646576464
;US-KY;1950;p99.5p100;293351.4375;;;0.0878879577;0.0878879577
;US-KY;1949;p0p100;15429.8925781;;17384452096.0;;
;US-KY;1949;p99p100;177227.921875;;;0.11486011;0.11486011
;US-KY;1949;p99.9p100;544164.0;;;0.0352668688;0.0352668688
;US-KY;1949;p99.99p100;1468562.0;;;0.0095176417;0.0095176417
;US-KY;1949;p90p100;;;;0.3678857684;0.3678857684
;US-KY;1949;p90p91;56764.3828125;;;;
;US-KY;1949;p95p96;78492.6328125;;;;
;US-KY;1949;p95p100;;;;0.2543524802;0.2543524802
;US-KY;1949;p99.5p100;257477.421875;;;0.0834346116;0.0834346116
;US-KY;1948;p0p100;16378.9492188;;18425157632.0;;
;US-KY;1948;p99p100;196816.484375;;;0.1201642975;0.1201642975
;US-KY;1948;p99.9p100;592368.125;;;0.0361664332;0.0361664332
;US-KY;1948;p99.99p100;1595622.5;;;0.0097419107;0.0097419107
;US-KY;1948;p90p100;;;;0.3632313311;0.3632313311
;US-KY;1948;p90p91;59493.46875;;;;
;US-KY;1948;p95p96;83227.9375;;;;
;US-KY;1948;p95p100;;;;0.2540698647;0.2540698647
;US-KY;1948;p99.5p100;280655.28125;;;0.0856756121;0.0856756121
;US-KY;1947;p0p100;14779.7285156;;16597688320.0;;
;US-KY;1947;p99p100;190923.703125;;;0.129179433;0.129179433
;US-KY;1947;p99.9p100;562281.8125;;;0.0380441211;0.0380441211
;US-KY;1947;p99.99p100;1488347.0;;;0.0100701898;0.0100701898
;US-KY;1947;p90p100;;;;0.3911579251;0.3911579251
;US-KY;1947;p90p91;57812.0859375;;;;
;US-KY;1947;p95p96;80865.40625;;;;
;US-KY;1947;p95p100;;;;0.2735686302;0.2735686302
;US-KY;1947;p99.5p100;269173.34375;;;0.0910616592;0.0910616592
;US-KY;1946;p0p100;15022.0585938;;16804668416.0;;
;US-KY;1946;p99p100;201090.765625;;;0.1338636577;0.1338636577
;US-KY;1946;p99.9p100;643466.0;;;0.0428347476;0.0428347476
;US-KY;1946;p99.99p100;1914661.875;;;0.012745671;0.012745671
;US-KY;1946;p90p100;;;;0.3869031668;0.3869031668
;US-KY;1946;p90p91;58120.8203125;;;;
;US-KY;1946;p95p96;82016.1171875;;;;
;US-KY;1946;p95p100;;;;0.2729856074;0.2729856074
;US-KY;1946;p99.5p100;292380.5625;;;0.0973170772;0.0973170772
;US-KY;1945;p0p100;15179.2548828;;17060792320.0;;
;US-KY;1945;p99p100;185112.4375;;;0.1219509542;0.1219509542
;US-KY;1945;p99.9p100;587444.125;;;0.0387004614;0.0387004614
;US-KY;1945;p99.99p100;1513499.5;;;0.0099708429;0.0099708429
;US-KY;1945;p90p100;;;;0.3577611446;0.3577611446
;US-KY;1945;p90p91;54305.4726562;;;;
;US-KY;1945;p95p96;73910.1875;;;;
;US-KY;1945;p95p100;;;;0.2434578985;0.2434578985
;US-KY;1945;p99.5p100;270154.0625;;;0.0889879242;0.0889879242
;US-KY;1944;p0p100;14969.9238281;;16891184128.0;;
;US-KY;1944;p99p100;207716.421875;;;0.1387558281;0.1387558281
;US-KY;1944;p99.9p100;708782.0;;;0.0473470688;0.0473470688
;US-KY;1944;p99.99p100;2117318.5;;;0.0141438153;0.0141438153
;US-KY;1944;p90p100;;;;0.4233466983;0.4233466983
;US-KY;1944;p90p91;63374.6835938;;;;
;US-KY;1944;p95p96;86480.7734375;;;;
;US-KY;1944;p95p100;;;;0.2888484001;0.2888484001
;US-KY;1944;p99.5p100;306655.4375;;;0.1024238467;0.1024238467
;US-KY;1943;p0p100;15277.4335938;;17283809280.0;;
;US-KY;1943;p99p100;181613.0;;;0.118876636;0.118876636
;US-KY;1943;p99.9p100;692303.0625;;;0.0453154035;0.0453154035
;US-KY;1943;p99.99p100;2439182.5;;;0.0159659181;0.0159659181
;US-KY;1943;p90p100;;;;0.3763236701;0.3763236701
;US-KY;1943;p90p91;57492.5976562;;;;
;US-KY;1943;p95p96;77708.84375;;;;
;US-KY;1943;p95p100;;;;0.2543255985;0.2543255985
;US-KY;1943;p99.5p100;276335.71875;;;0.0904391855;0.0904391855
;US-KY;1942;p0p100;12539.0615234;;14195174400.0;;
;US-KY;1942;p99p100;160448.921875;;;0.1279592812;0.1279592812
;US-KY;1942;p99.9p100;572584.0;;;0.0456640199;0.0456640199
;US-KY;1942;p99.99p100;1763445.875;;;0.0140636181;0.0140636181
;US-KY;1942;p90p100;;;;0.3850787282;0.3850787282
;US-KY;1942;p90p91;48285.2617188;;;;
;US-KY;1942;p95p96;67355.171875;;;;
;US-KY;1942;p95p100;;;;0.2685813606;0.2685813606
;US-KY;1942;p99.5p100;239733.6875;;;0.0955947489;0.0955947489
;US-KY;1941;p0p100;9989.51660156;;11347971072.0;;
;US-KY;1941;p99p100;155888.3125;;;0.1560518891;0.1560518891
;US-KY;1941;p99.9p100;538619.0;;;0.0539184213;0.0539184213
;US-KY;1941;p99.99p100;1562152.25;;;0.0156379137;0.0156379137
;US-KY;1941;p90p100;;;;0.4739521742;0.4739521742
;US-KY;1941;p90p91;47345.5390625;;;;
;US-KY;1941;p95p96;65715.1484375;;;;
;US-KY;1941;p95p100;;;;0.3289205134;0.3289205134
;US-KY;1941;p99.5p100;230125.078125;;;0.1151832864;0.1151832864
;US-KY;1940;p0p100;8533.796875;;9737867264.0;;
;US-KY;1940;p99p100;138518.875;;;0.1623179913;0.1623179913
;US-KY;1940;p99.9p100;459724.9375;;;0.0538710877;0.0538710877
;US-KY;1940;p99.99p100;1281999.75;;;0.0150226178;0.0150226178
;US-KY;1940;p90p100;;;;0.5113660693;0.5113660693
;US-KY;1940;p90p91;43638.9375;;;;
;US-KY;1940;p95p96;62293.3867188;;;;
;US-KY;1940;p95p100;;;;0.364980489;0.364980489
;US-KY;1940;p99.5p100;199820.296875;;;0.1170758456;0.1170758456
;US-KY;1939;p0p100;8236.20507812;;9261333504.0;;
;US-KY;1939;p99p100;128440.578125;;;0.1559463143;0.1559463143
;US-KY;1939;p99.9p100;421935.96875;;;0.0512294099;0.0512294099
;US-KY;1939;p99.99p100;1166149.875;;;0.0141588254;0.0141588254
;US-KY;1939;p90p100;;;;0.4140076637;0.4140076637
;US-KY;1939;p90p91;34098.5234375;;;;
;US-KY;1939;p95p96;53156.375;;;;
;US-KY;1939;p95p100;;;;0.3226993978;0.3226993978
;US-KY;1939;p99.5p100;185181.8125;;;0.1124193743;0.1124193743
;US-KY;1938;p0p100;7939.78466797;;8810244096.0;;
;US-KY;1938;p99p100;124006.28125;;;0.1561834365;0.1561834365
;US-KY;1938;p99.9p100;415434.84375;;;0.0523231886;0.0523231886
;US-KY;1938;p99.99p100;1324178.125;;;0.0166777596;0.0166777596
;US-KY;1938;p90p100;;;;0.4085915089;0.4085915089
;US-KY;1938;p90p91;32441.2851562;;;;
;US-KY;1938;p95p96;48872.8789062;;;;
;US-KY;1938;p95p100;;;;0.3077721;0.3077721
;US-KY;1938;p99.5p100;178497.296875;;;0.112406902;0.112406902
;US-KY;1937;p0p100;9040.62207031;;9903383552.0;;
;US-KY;1937;p99p100;133386.984375;;;0.147541821;0.147541821
;US-KY;1937;p99.9p100;444638.5;;;0.0491822883;0.0491822883
;US-KY;1937;p99.99p100;1180295.75;;;0.0130554708;0.0130554708
;US-KY;1937;p90p100;;;;0.3614682853;0.3614682853
;US-KY;1937;p90p91;32678.9824219;;;;
;US-KY;1937;p95p96;50785.8125;;;;
;US-KY;1937;p95p100;;;;0.280875653;0.280875653
;US-KY;1937;p99.5p100;193880.6875;;;0.1072275117;0.1072275117
;US-KY;1936;p0p100;8101.66162109;;8776708096.0;;
;US-KY;1936;p99p100;145962.75;;;0.1801639497;0.1801639497
;US-KY;1936;p99.9p100;516970.625;;;0.0638104379;0.0638104379
;US-KY;1936;p99.99p100;1461385.625;;;0.0180380978;0.0180380978
;US-KY;1936;p90p100;;;;0.4170174301;0.4170174301
;US-KY;1936;p90p91;33785.34375;;;;
;US-KY;1936;p95p96;52107.7226562;;;;
;US-KY;1936;p95p100;;;;0.3215866387;0.3215866387
;US-KY;1936;p99.5p100;217633.953125;;;0.134314388;0.134314388
;US-KY;1935;p0p100;7467.77490234;;7998620160.0;;
;US-KY;1935;p99p100;120356.671875;;;0.1611680537;0.1611680537
;US-KY;1935;p99.9p100;415431.71875;;;0.0556299239;0.0556299239
;US-KY;1935;p99.99p100;1235190.875;;;0.0165402815;0.0165402815
;US-KY;1935;p90p100;;;;0.4041106105;0.4041106105
;US-KY;1935;p90p91;30178.0683594;;;;
;US-KY;1935;p95p96;44529.0859375;;;;
;US-KY;1935;p95p100;;;;0.2981416285;0.2981416285
;US-KY;1935;p99.5p100;176564.71875;;;0.1182177737;0.1182177737
;US-KY;1934;p0p100;6602.61621094;;6987992064.0;;
;US-KY;1934;p99p100;110472.554688;;;0.1673163474;0.1673163474
;US-KY;1934;p99.9p100;366117.90625;;;0.0554504357;0.0554504357
;US-KY;1934;p99.99p100;1022806.25;;;0.0154909259;0.0154909259
;US-KY;1934;p90p100;;;;0.4310880899;0.4310880899
;US-KY;1934;p90p91;28463.0898438;;;;
;US-KY;1934;p95p96;42271.8671875;;;;
;US-KY;1934;p95p100;;;;0.320114553;0.320114553
;US-KY;1934;p99.5p100;159530.96875;;;0.1208089069;0.1208089069
;US-KY;1933;p0p100;6106.47412109;;6390221312.0;;
;US-KY;1933;p99p100;99183.2421875;;;0.162423104;0.162423104
;US-KY;1933;p99.9p100;344092.0;;;0.056348715;0.056348715
;US-KY;1933;p99.99p100;1229583.75;;;0.0201357398;0.0201357398
;US-KY;1933;p90p100;;;;0.4326715767;0.4326715767
;US-KY;1933;p90p91;26420.9804688;;;;
;US-KY;1933;p95p96;37999.3632812;;;;
;US-KY;1933;p95p100;;;;0.311139971;0.311139971
;US-KY;1933;p99.5p100;142070.28125;;;0.1163275838;0.1163275838
;US-KY;1932;p0p100;5990.31396484;;6200962048.0;;
;US-KY;1932;p99p100;93852.59375;;;0.1566739082;0.1566739082
;US-KY;1932;p99.9p100;297807.3125;;;0.0497148074;0.0497148074
;US-KY;1932;p99.99p100;891157.3125;;;0.0148766376;0.0148766376
;US-KY;1932;p90p100;;;;0.4439901114;0.4439901114
;US-KY;1932;p90p91;26596.4023438;;;;
;US-KY;1932;p95p96;37054.40625;;;;
;US-KY;1932;p95p100;;;;0.3092859983;0.3092859983
;US-KY;1932;p99.5p100;132117.140625;;;0.1102756411;0.1102756411
;US-KY;1931;p0p100;7374.79638672;;7547869696.0;;
;US-KY;1931;p99p100;107891.359375;;;0.1462974101;0.1462974101
;US-KY;1931;p99.9p100;332800.5625;;;0.0451267436;0.0451267436
;US-KY;1931;p99.99p100;960809.5;;;0.0130282845;0.0130282845
;US-KY;1931;p90p100;;;;0.3761225641;0.3761225641
;US-KY;1931;p90p91;27738.2734375;;;;
;US-KY;1931;p95p96;38863.5390625;;;;
;US-KY;1931;p95p100;;;;0.2634888887;0.2634888887
;US-KY;1931;p99.5p100;151625.140625;;;0.1027995422;0.1027995422
;US-KY;1930;p0p100;7826.72509766;;7909407744.0;;
;US-KY;1930;p99p100;123146.210938;;;0.1573406607;0.1573406607
;US-KY;1930;p99.9p100;409877.5625;;;0.0523689725;0.0523689725
;US-KY;1930;p99.99p100;1302659.0;;;0.0166437291;0.0166437291
;US-KY;1930;p90p100;;;;0.368046999;0.368046999
;US-KY;1930;p90p91;28806.0273438;;;;
;US-KY;1930;p95p96;42918.7890625;;;;
;US-KY;1930;p95p100;;;;0.2741810083;0.2741810083
;US-KY;1930;p99.5p100;178523.875;;;0.1140476093;0.1140476093
;US-KY;1929;p0p100;9530.30957031;;9599488000.0;;
;US-KY;1929;p99p100;175697.515625;;;0.1843565553;0.1843565553
;US-KY;1929;p99.9p100;722392.3125;;;0.0757994652;0.0757994652
;US-KY;1929;p99.99p100;2760964.25;;;0.0289703514;0.0289703514
;US-KY;1929;p90p100;;;;0.360096246;0.360096246
;US-KY;1929;p90p91;34318.2890625;;;;
;US-KY;1929;p95p96;55232.09375;;;;
;US-KY;1929;p95p100;;;;0.2897706926;0.2897706926
;US-KY;1929;p99.5p100;271601.0625;;;0.1424933076;0.1424933076
;US-KY;1928;p0p100;8828.76757812;;8865571840.0;;
;US-KY;1928;p99p100;175436.140625;;;0.1987096518;0.1987096518
;US-KY;1928;p99.9p100;705204.5;;;0.0798757523;0.0798757523
;US-KY;1928;p99.99p100;2607818.25;;;0.0295377374;0.0295377374
;US-KY;1928;p90p100;;;;0.3929217458;0.3929217458
;US-KY;1928;p90p91;34690.1523438;;;;
;US-KY;1928;p95p96;55920.2578125;;;;
;US-KY;1928;p95p100;;;;0.316693455;0.316693455
;US-KY;1928;p99.5p100;271469.40625;;;0.1537414044;0.1537414044
;US-KY;1927;p0p100;8244.92773438;;8237161472.0;;
;US-KY;1927;p99p100;154687.328125;;;0.1876151562;0.1876151562
;US-KY;1927;p99.9p100;571319.125;;;0.0692934021;0.0692934021
;US-KY;1927;p99.99p100;1824297.25;;;0.0221262984;0.0221262984
;US-KY;1927;p90p100;;;;0.3841599226;0.3841599226
;US-KY;1927;p90p91;31673.7089844;;;;
;US-KY;1927;p95p96;50471.0390625;;;;
;US-KY;1927;p95p100;;;;0.3060732782;0.3060732782
;US-KY;1927;p99.5p100;233580.21875;;;0.1416508555;0.1416508555
;US-KY;1926;p0p100;8030.98388672;;7969381888.0;;
;US-KY;1926;p99p100;144465.6875;;;0.1798854023;0.1798854023
;US-KY;1926;p99.9p100;503655.28125;;;0.0627140105;0.0627140105
;US-KY;1926;p99.99p100;1387676.5;;;0.0172790345;0.0172790345
;US-KY;1926;p90p100;;;;0.3816502988;0.3816502988
;US-KY;1926;p90p91;30650.2753906;;;;
;US-KY;1926;p95p96;48824.1484375;;;;
;US-KY;1926;p95p100;;;;0.303973645;0.303973645
;US-KY;1926;p99.5p100;214994.15625;;;0.1338529289;0.1338529289
;US-KY;1925;p0p100;8419.55664062;;8301242368.0;;
;US-KY;1925;p99p100;145325.921875;;;0.1726051867;0.1726051867
;US-KY;1925;p99.9p100;504262.875;;;0.0598918572;0.0598918572
;US-KY;1925;p99.99p100;1453408.625;;;0.0172622949;0.0172622949
;US-KY;1925;p90p100;;;;0.3850779533;0.3850779533
;US-KY;1925;p90p91;32421.8554688;;;;
;US-KY;1925;p95p96;51403.6953125;;;;
;US-KY;1925;p95p100;;;;0.3052636683;0.3052636683
;US-KY;1925;p99.5p100;216469.5625;;;0.1285516322;0.1285516322
;US-KY;1924;p0p100;8901.26269531;;8705654784.0;;
;US-KY;1924;p99p100;134500.28125;;;0.1511024684;0.1511024684
;US-KY;1924;p99.9p100;472741.75;;;0.0531095155;0.0531095155
;US-KY;1924;p99.99p100;1341770.25;;;0.0150739308;0.0150739308
;US-KY;1924;p90p100;;;;0.4036791325;0.4036791325
;US-KY;1924;p90p91;35932.5390625;;;;
;US-KY;1924;p95p96;56658.921875;;;;
;US-KY;1924;p95p100;;;;0.3182634115;0.3182634115
;US-KY;1924;p99.5p100;200226.84375;;;0.1124710292;0.1124710292
;US-KY;1923;p0p100;8152.21777344;;7875315200.0;;
;US-KY;1923;p99p100;124009.875;;;0.1521179676;0.1521179676
;US-KY;1923;p99.9p100;411923.84375;;;0.0505290516;0.0505290516
;US-KY;1923;p99.99p100;1075925.375;;;0.0131979464;0.0131979464
;US-KY;1923;p90p100;;;;0.390814811;0.390814811
;US-KY;1923;p90p91;31860.0761719;;;;
;US-KY;1923;p95p96;46049.1640625;;;;
;US-KY;1923;p95p100;;;;0.282433331;0.282433331
;US-KY;1923;p99.5p100;181306.0;;;0.1112004071;0.1112004071
;US-KY;1922;p0p100;7976.38330078;;7625686528.0;;
;US-KY;1922;p99p100;120641.265625;;;0.1512480676;0.1512480676
;US-KY;1922;p99.9p100;396489.21875;;;0.0497078858;0.0497078858
;US-KY;1922;p99.99p100;971557.6875;;;0.012180428;0.012180428
;US-KY;1922;p90p100;;;;0.402761966;0.402761966
;US-KY;1922;p90p91;32125.8398438;;;;
;US-KY;1922;p95p96;50403.1054688;;;;
;US-KY;1922;p95p100;;;;0.3159520924;0.3159520924
;US-KY;1922;p99.5p100;175649.703125;;;0.1101060957;0.1101060957
;US-KY;1921;p0p100;7172.93164062;;6808169984.0;;
;US-KY;1921;p99p100;101794.765625;;;0.1419151425;0.1419151425
;US-KY;1921;p99.9p100;318194.0625;;;0.0443603918;0.0443603918
;US-KY;1921;p99.99p100;789410.25;;;0.0110054063;0.0110054063
;US-KY;1921;p90p100;;;;0.4051195383;0.4051195383
;US-KY;1921;p90p91;29058.9492188;;;;
;US-KY;1921;p95p96;44797.2578125;;;;
;US-KY;1921;p95p100;;;;0.3122660518;0.3122660518
;US-KY;1921;p99.5p100;144062.25;;;0.1004207581;0.1004207581
;US-KY;1920;p0p100;8096.48046875;;7586870272.0;;
;US-KY;1920;p99p100;109279.421875;;;0.1349715143;0.1349715143
;US-KY;1920;p99.9p100;338544.84375;;;0.0418138318;0.0418138318
;US-KY;1920;p99.99p100;795539.1875;;;0.0098257409;0.0098257409
;US-KY;1920;p90p100;;;;0.3770839274;0.3770839274
;US-KY;1920;p90p91;30530.5253906;;;;
;US-KY;1920;p95p96;46046.0585938;;;;
;US-KY;1920;p95p100;;;;0.2843585014;0.2843585014
;US-KY;1920;p99.5p100;157573.15625;;;0.0973096639;0.0973096639
;US-KY;1919;p0p100;9411.08203125;;8715099136.0;;
;US-KY;1919;p99p100;126118.875;;;0.1340110302;0.1340110302
;US-KY;1919;p99.9p100;394977.90625;;;0.0419694483;0.0419694483
;US-KY;1919;p99.99p100;1041140.875;;;0.0110629257;0.0110629257
;US-KY;1919;p90p100;;;;0.3604986072;0.3604986072
;US-KY;1919;p90p91;33926.8164062;;;;
;US-KY;1919;p95p96;54253.8828125;;;;
;US-KY;1919;p95p100;;;;0.2882446945;0.2882446945
;US-KY;1919;p99.5p100;179110.828125;;;0.0951595381;0.0951595381
;US-KY;1918;p0p100;9029.14746094;;8311419392.0;;
;US-KY;1918;p99p100;133706.625;;;0.1480833292;0.1480833292
;US-KY;1918;p99.9p100;468991.875;;;0.0519419871;0.0519419871
;US-KY;1918;p99.99p100;1341785.625;;;0.0148606002;0.0148606002
;US-KY;1918;p90p100;;;;0.362377733;0.362377733
;US-KY;1918;p90p91;32719.6171875;;;;
;US-KY;1918;p95p96;52267.796875;;;;
;US-KY;1918;p95p100;;;;0.2894392908;0.2894392908
;US-KY;1918;p99.5p100;195432.609375;;;0.1082231849;0.1082231849
;US-KY;1917;p0p100;8365.82128906;;7755697152.0;;
