Variable Name;.;.;.;Fiscal income  | tax unit | Average | Adults | constant 2015 local currency;Fiscal income  | tax unit | Threshold | Adults | constant 2015 local currency;Fiscal income  | tax unit | Total | Adults | constant 2015 local currency;Fiscal income  | tax unit | Share | Adults | share of total (ratio);Pre-tax national income  | tax unit | Share | Adults | share of total (ratio)
Variable Category;.;.;.;Income inequality;Income inequality;Income inequality;Income inequality;Income inequality
Variable Description;.;.;.;Average Fiscal income within a given percentile group. Fiscal income is defined as the sum of all income items reported on income tax returns, before any deduction. It includes labour income, capital income and mixed income. The concept of fiscal income varies with national tax legislations, so in order to make international comparisons it is preferable to use the concept of national income. The population is comprised of individuals over age 20. The base unit is the tax unit defined by national fiscal administrations to measure personal income taxes.;Fiscal income threshold value at a given percentile.  Fiscal income is defined as the sum of all income items reported on income tax returns, before any deduction. It includes labour income, capital income and mixed income. The concept of fiscal income varies with national tax legislations, so in order to make international comparisons it is preferable to use the concept of national income. The population is comprised of individuals over age 20. The base unit is the tax unit defined by national fiscal administrations to measure personal income taxes.;Total Fiscal income  within a given percentile group. Fiscal income is defined as the sum of all income items reported on income tax returns, before any deduction. It includes labour income, capital income and mixed income. The concept of fiscal income varies with national tax legislations, so in order to make international comparisons it is preferable to use the concept of national income. The population is comprised of individuals over age 20.;Fiscal income share held by a given percentile group. Fiscal income is defined as the sum of all income items reported on income tax returns, before any deduction. It includes labour income, capital income and mixed income. The concept of fiscal income varies with national tax legislations, so in order to make international comparisons it is preferable to use the concept of national income. The population is comprised of individuals over age 20. The base unit is the tax unit defined by national fiscal administrations to measure personal income taxes.;Pre-tax national income share held by a given percentile group. Pre-tax national income  is the sum of all pre-tax personal income flows accruing to the owners of the production factors, labor and capital, before taking into account the operation of the tax/transfer system, but after taking into account the operation of pension system. The central difference between personal factor income and pre-tax income is the treatment of pensions, which are counted on a contribution basis by factor income and on a distribution basis by pre-tax income. The population is comprised of individuals over age 20. The base unit is the tax unit defined by national fiscal administrations to measure personal income taxes.
Variable Decomposition;.;.;.;[Fiscal income ]=[Fiscal labour income ]+[Fiscal capital income ];[Fiscal income ]=[Fiscal labour income ]+[Fiscal capital income ];[Fiscal income ]=[Fiscal labour income ]+[Fiscal capital income ];[Fiscal income ]=[Fiscal labour income ]+[Fiscal capital income ];Pre-tax national income =Pre-tax labor income [total pre-tax income ranking]+Pre-tax capital income [total pre-tax income ranking]
Variable Unit;.;.;.;"USD; United States dollar | local currency | market";"USD; United States dollar | local currency | market";"USD; United States dollar | local currency | market";share;share
Methodological Notes;.;.;.;;;;;Assuming the same distribution as fiscal income.
Sources;.;.;.;Frank, Sommeiller, Price & Saez (2015);Frank, Sommeiller, Price & Saez (2015);Frank, Sommeiller, Price & Saez (2015);Frank, Sommeiller, Price & Saez (2015);WID.world computations using: Frank, Sommeiller, Price & Saez (2015)
Variable Code;country;year;perc;afiinc992t;tfiinc992t;mfiinc992t;sfiinc992t;sptinc992t
;US-NE;2014;p0p100;66891.90625;;63612268544.0;;
;US-NE;2014;p99p100;;350333.71875;;0.1584754586;0.1584754586
;US-NE;2014;p99.9p100;;1540930.75;;0.0775328949;0.0775328949
;US-NE;2014;p99.99p100;;7858112.0;;0.0381656848;0.0381656848
;US-NE;2014;p90p100;;124065.648438;;0.3924067318;0.3924067318
;US-NE;2014;p90p91;265904.96875;;;;
;US-NE;2014;p95p96;391187.78125;;;;
;US-NE;2014;p90p95;140622.140625;124065.648438;;0.1026567072;0.1026567072
;US-NE;2014;p95p99;221006.703125;151282.46875;;0.1311789602;0.1311789602
;US-NE;2014;p99.5p99.9;819358.5;558632.375;;0.0488373376;0.0488373376
;US-NE;2014;p99.9p99.99;2868794.5;1540930.75;;0.0393007509;0.0393007509
;US-NE;2014;p99p99.5;434583.0625;350333.71875;;0.0320992172;0.0320992172
;US-NE;2014;p95p100;;151282.46875;;0.2896352708;0.2896352708
;US-NE;2014;p0p90;44779.3398438;;;0.6077613235;0.6077613235
;US-NE;2014;p0p99;56740.1835938;;;0.8415245414;0.8415245414
;US-NE;2014;p99.5p100;;558632.375;;0.1263756752;0.1263756752
;US-NE;2014;p99.5p99.6;1709241.125;;;;
;US-NE;2014;p99.99p99.991;26868566.0;;;;
;US-NE;2014;p99.9p99.91;5268771.5;;;;
;US-NE;2014;p99p99.1;1071912.125;;;;
;US-NE;2013;p0p100;66633.1953125;;59893465088.0;;
;US-NE;2013;p99p100;;361347.53125;;0.1348096281;0.1348096281
;US-NE;2013;p99.9p100;;1391376.875;;0.0558096878;0.0558096878
;US-NE;2013;p99.99p100;;5953394.0;;0.0235661753;0.0235661753
;US-NE;2013;p90p100;;124470.109375;;0.3705051839;0.3705051839
;US-NE;2013;p90p91;252154.015625;;;;
;US-NE;2013;p95p96;361911.9375;;;;
;US-NE;2013;p90p95;142396.09375;124470.109375;;0.1029622555;0.1029622555
;US-NE;2013;p95p99;224653.015625;156448.71875;;0.1324701011;0.1324701011
;US-NE;2013;p99.5p99.9;786423.875;548965.25;;0.0464267842;0.0464267842
;US-NE;2013;p99.9p99.99;2399060.75;1391376.875;;0.0323167257;0.0323167257
;US-NE;2013;p99p99.5;437968.1875;361347.53125;;0.0325940102;0.0325940102
;US-NE;2013;p95p100;;156448.71875;;0.2673259377;0.2673259377
;US-NE;2013;p0p90;46019.7695312;;;0.6296639442;0.6296639442
;US-NE;2013;p0p99;58104.765625;;;0.8651903868;0.8651903868
;US-NE;2013;p99.5p100;;548965.25;;0.1022467762;0.1022467762
;US-NE;2013;p99.5p99.6;1383927.125;;;;
;US-NE;2013;p99.99p99.991;16147856.0;;;;
;US-NE;2013;p99.9p99.91;3773940.25;;;;
;US-NE;2013;p99p99.1;910947.6875;;;;
;US-NE;2012;p0p100;65885.9921875;;60079833088.0;;
;US-NE;2012;p99p100;1137806.375;;;0.1726932079;0.1726932079
;US-NE;2012;p99.9p100;5437087.0;;;0.082522653;0.082522653
;US-NE;2012;p99.99p100;25043812.0;;;0.0380108282;0.0380108282
;US-NE;2012;p90p100;;;;0.4101766944;0.4101766944
;US-NE;2012;p90p91;270249.0;;;;
;US-NE;2012;p95p96;404655.40625;;;;
;US-NE;2012;p95p100;;;;0.3070875704;0.3070875704
;US-NE;2012;p99.5p100;1813504.875;;;0.1376244575;0.1376244575
;US-NE;2011;p0p100;63930.0859375;;56799862784.0;;
;US-NE;2011;p99p100;862373.6875;;;0.1348932683;0.1348932683
;US-NE;2011;p99.9p100;3725795.5;;;0.0582792237;0.0582792237
;US-NE;2011;p99.99p100;16237760.0;;;0.0253992472;0.0253992472
;US-NE;2011;p90p100;;;;0.3665064275;0.3665064275
;US-NE;2011;p90p91;234307.859375;;;;
;US-NE;2011;p95p96;335838.125;;;;
;US-NE;2011;p95p100;;;;0.2626604736;0.2626604736
;US-NE;2011;p99.5p100;1326782.375;;;0.1037682369;0.1037682369
;US-NE;2010;p0p100;61276.171875;;53652209664.0;;
;US-NE;2010;p99p100;951331.4375;;;0.1552530974;0.1552530974
;US-NE;2010;p99.9p100;4691342.0;;;0.0765606239;0.0765606239
;US-NE;2010;p99.99p100;24058128.0;;;0.039261803;0.039261803
;US-NE;2010;p90p100;;;;0.392219156;0.392219156
;US-NE;2010;p90p91;240336.875;;;;
;US-NE;2010;p95p96;348277.3125;;;;
;US-NE;2010;p95p100;;;;0.2841865718;0.2841865718
;US-NE;2010;p99.5p100;1518877.625;;;0.1239370555;0.1239370555
;US-NE;2009;p0p100;59811.375;;51647500288.0;;
;US-NE;2009;p99p100;786337.9375;;;0.1314696372;0.1314696372
;US-NE;2009;p99.9p100;3412188.75;;;0.0570491627;0.0570491627
;US-NE;2009;p99.99p100;15182883.0;;;0.0253846068;0.0253846068
;US-NE;2009;p90p100;;;;0.3652307391;0.3652307391
;US-NE;2009;p90p91;218449.515625;;;;
;US-NE;2009;p95p96;307384.4375;;;;
;US-NE;2009;p95p100;;;;0.2569614947;0.2569614947
;US-NE;2009;p99.5p100;1208707.875;;;0.1010433212;0.1010433212
;US-NE;2008;p0p100;64411.40625;;55327748096.0;;
;US-NE;2008;p99p100;1003413.875;;;0.155782029;0.155782029
;US-NE;2008;p99.9p100;4834865.0;;;0.0750622526;0.0750622526
;US-NE;2008;p99.99p100;22710998.0;;;0.0352592841;0.0352592841
;US-NE;2008;p90p100;;;;0.3812707067;0.3812707067
;US-NE;2008;p90p91;245581.8125;;;;
;US-NE;2008;p95p96;357310.625;;;;
;US-NE;2008;p95p100;;;;0.2773659825;0.2773659825
;US-NE;2008;p99.5p100;1601492.875;;;0.1243175045;0.1243175045
;US-NE;2007;p0p100;66818.078125;;57399619584.0;;
;US-NE;2007;p99p100;1190226.25;;;0.178129375;0.178129375
;US-NE;2007;p99.9p100;6078191.0;;;0.0909662694;0.0909662694
;US-NE;2007;p99.99p100;29224612.0;;;0.0437375791;0.0437375791
;US-NE;2007;p90p100;;;;0.3996186852;0.3996186852
;US-NE;2007;p90p91;267017.53125;;;;
;US-NE;2007;p95p96;397837.0625;;;;
;US-NE;2007;p95p100;;;;0.2977016568;0.2977016568
;US-NE;2007;p99.5p100;1942998.25;;;0.1453946382;0.1453946382
;US-NE;2006;p0p100;62010.2382812;;53356212224.0;;
;US-NE;2006;p99p100;1088500.125;;;0.1755355448;0.1755355448
;US-NE;2006;p99.9p100;5463649.0;;;0.0881088153;0.0881088153
;US-NE;2006;p99.99p100;25449864.0;;;0.0410413891;0.0410413891
;US-NE;2006;p90p100;;;;0.4020923972;0.4020923972
;US-NE;2006;p90p91;249338.453125;;;;
;US-NE;2006;p95p96;366183.53125;;;;
;US-NE;2006;p95p100;;;;0.2952605188;0.2952605188
;US-NE;2006;p99.5p100;1769494.5;;;0.1426776052;0.1426776052
;US-NE;2005;p0p100;63379.5234375;;52754206720.0;;
;US-NE;2005;p99p100;965262.625;;;0.152298823;0.152298823
;US-NE;2005;p99.9p100;4592953.5;;;0.0724674687;0.0724674687
;US-NE;2005;p99.99p100;20357614.0;;;0.0321201757;0.0321201757
;US-NE;2005;p90p100;;;;0.3686887026;0.3686887026
;US-NE;2005;p90p91;233673.15625;;;;
;US-NE;2005;p95p96;347442.25;;;;
;US-NE;2005;p95p100;;;;0.2740966082;0.2740966082
;US-NE;2005;p99.5p100;1541122.125;;;0.1215788648;0.1215788648
;US-NE;2004;p0p100;61452.34375;;50806767616.0;;
;US-NE;2004;p99p100;908841.125;;;0.1478936374;0.1478936374
;US-NE;2004;p99.9p100;4312261.0;;;0.0701724365;0.0701724365
;US-NE;2004;p99.99p100;19588618.0;;;0.0318761095;0.0318761095
;US-NE;2004;p90p100;;;;0.3665704429;0.3665704429
;US-NE;2004;p90p91;225266.125;;;;
;US-NE;2004;p95p96;335166.84375;;;;
;US-NE;2004;p95p100;;;;0.2727046907;0.2727046907
;US-NE;2004;p99.5p100;1444306.125;;;0.1175143197;0.1175143197
;US-NE;2003;p0p100;58226.6640625;;48524275712.0;;
;US-NE;2003;p99p100;760693.9375;;;0.1306435764;0.1306435764
;US-NE;2003;p99.9p100;3367122.0;;;0.0578278415;0.0578278415
;US-NE;2003;p99.99p100;14739952.0;;;0.0253147818;0.0253147818
;US-NE;2003;p90p100;;;;0.354036361;0.354036361
;US-NE;2003;p90p91;206143.546875;;;;
;US-NE;2003;p95p96;295846.78125;;;;
;US-NE;2003;p95p100;;;;0.254047513;0.254047513
;US-NE;2003;p99.5p100;1181662.0;;;0.1014708728;0.1014708728
;US-NE;2002;p0p100;56269.1835938;;46289965056.0;;
;US-NE;2002;p99p100;749620.5625;;;0.1332204342;0.1332204342
;US-NE;2002;p99.9p100;3245879.75;;;0.0576848537;0.0576848537
;US-NE;2002;p99.99p100;13819920.0;;;0.0245603677;0.0245603677
;US-NE;2002;p90p100;;;;0.3637951314;0.3637951314
;US-NE;2002;p90p91;204704.5625;;;;
;US-NE;2002;p95p96;293135.40625;;;;
;US-NE;2002;p95p100;;;;0.2604759634;0.2604759634
;US-NE;2002;p99.5p100;1157205.25;;;0.1028276086;0.1028276086
;US-NE;2001;p0p100;59348.9375;;47609241600.0;;
;US-NE;2001;p99p100;822514.5;;;0.1385895908;0.1385895908
;US-NE;2001;p99.9p100;3782008.0;;;0.0637249425;0.0637249425
;US-NE;2001;p99.99p100;17528416.0;;;0.0295345057;0.0295345057
;US-NE;2001;p90p100;;;;0.3634687066;0.3634687066
;US-NE;2001;p90p91;215714.828125;;;;
;US-NE;2001;p95p96;312668.25;;;;
;US-NE;2001;p95p100;;;;0.2634152174;0.2634152174
;US-NE;2001;p99.5p100;1271439.75;;;0.1071156338;0.1071156338
;US-NE;2000;p0p100;62317.5;;49448980480.0;;
;US-NE;2000;p99p100;1029876.5;;;0.1652628034;0.1652628034
;US-NE;2000;p99.9p100;5288674.0;;;0.0848665908;0.0848665908
;US-NE;2000;p99.99p100;26007042.0;;;0.0417331271;0.0417331271
;US-NE;2000;p90p100;;;;0.3916490972;0.3916490972
;US-NE;2000;p90p91;244065.9375;;;;
;US-NE;2000;p95p96;364801.0;;;;
;US-NE;2000;p95p100;;;;0.2926954627;0.2926954627
;US-NE;2000;p99.5p100;1656965.25;;;0.1329454184;0.1329454184
;US-NE;1999;p0p100;62203.1289062;;47792312320.0;;
;US-NE;1999;p99p100;970982.625;;;0.1560986787;0.1560986787
;US-NE;1999;p99.9p100;4617985.5;;;0.0742404014;0.0742404014
;US-NE;1999;p99.99p100;20472902.0;;;0.032912977;0.032912977
;US-NE;1999;p90p100;;;;0.3848794401;0.3848794401
;US-NE;1999;p90p91;239407.046875;;;;
;US-NE;1999;p95p96;354326.59375;;;;
;US-NE;1999;p95p100;;;;0.2848141491;0.2848141491
;US-NE;1999;p99.5p100;1536943.0;;;0.1235422641;0.1235422641
;US-NE;1998;p0p100;59162.8085938;;45032701952.0;;
;US-NE;1998;p99p100;986374.75;;;0.1667220891;0.1667220891
;US-NE;1998;p99.9p100;5023025.5;;;0.0849017426;0.0849017426
;US-NE;1998;p99.99p100;24583508.0;;;0.0415523015;0.0415523015
;US-NE;1998;p90p100;;;;0.3960117698;0.3960117698
;US-NE;1998;p90p91;234291.671875;;;;
;US-NE;1998;p95p96;348657.65625;;;;
;US-NE;1998;p95p100;;;;0.2946594954;0.2946594954
;US-NE;1998;p99.5p100;1576906.625;;;0.1332684159;0.1332684159
;US-NE;1997;p0p100;55182.4023438;;42353172480.0;;
;US-NE;1997;p99p100;791747.625;;;0.1434782743;0.1434782743
;US-NE;1997;p99.9p100;3606829.5;;;0.0653619543;0.0653619543
;US-NE;1997;p99.99p100;15976782.0;;;0.0289526749;0.0289526749
;US-NE;1997;p90p100;;;;0.3762196004;0.3762196004
;US-NE;1997;p90p91;207607.03125;;;;
;US-NE;1997;p95p96;300506.5;;;;
;US-NE;1997;p95p100;;;;0.2722847164;0.2722847164
;US-NE;1997;p99.5p100;1226186.5;;;0.1111030355;0.1111030355
;US-NE;1996;p0p100;54705.6875;;40881192960.0;;
;US-NE;1996;p99p100;708784.3125;;;0.1295631826;0.1295631826
;US-NE;1996;p99.9p100;3052807.75;;;0.0558042079;0.0558042079
;US-NE;1996;p99.99p100;12800397.0;;;0.0233986583;0.0233986583
;US-NE;1996;p90p100;;;;0.3536352813;0.3536352813
;US-NE;1996;p90p91;193458.625;;;;
;US-NE;1996;p95p96;275966.8125;;;;
;US-NE;1996;p95p100;;;;0.2522286177;0.2522286177
;US-NE;1996;p99.5p100;1094045.5;;;0.0999937579;0.0999937579
;US-NE;1995;p0p100;50798.265625;;37311717376.0;;
;US-NE;1995;p99p100;625185.9375;;;0.1230723038;0.1230723038
;US-NE;1995;p99.9p100;2538741.5;;;0.0499769337;0.0499769337
;US-NE;1995;p99.99p100;10043443.0;;;0.0197712313;0.0197712313
;US-NE;1995;p90p100;;;;0.3530484438;0.3530484438
;US-NE;1995;p90p91;179342.484375;;;;
;US-NE;1995;p95p96;253272.375;;;;
;US-NE;1995;p95p100;;;;0.2492923439;0.2492923439
;US-NE;1995;p99.5p100;948725.625;;;0.0933816954;0.0933816954
;US-NE;1994;p0p100;48829.8789062;;35513577472.0;;
;US-NE;1994;p99p100;558912.125;;;0.1144611016;0.1144611016
;US-NE;1994;p99.9p100;2236527.5;;;0.0458024368;0.0458024368
;US-NE;1994;p99.99p100;8983473.0;;;0.0183974914;0.0183974914
;US-NE;1994;p90p100;;;;0.3393999636;0.3393999636
;US-NE;1994;p90p91;165728.609375;;;;
;US-NE;1994;p95p96;232730.0625;;;;
;US-NE;1994;p95p100;;;;0.238307029;0.238307029
;US-NE;1994;p99.5p100;842703.4375;;;0.0862897336;0.0862897336
;US-NE;1993;p0p100;47200.0820312;;34101733376.0;;
;US-NE;1993;p99p100;530152.4375;;;0.1123202369;0.1123202369
;US-NE;1993;p99.9p100;2029839.75;;;0.0430050008;0.0430050008
;US-NE;1993;p99.99p100;7809846.0;;;0.016546255;0.016546255
;US-NE;1993;p90p100;;;;0.3409232497;0.3409232497
;US-NE;1993;p90p91;160916.0625;;;;
;US-NE;1993;p95p96;225602.5;;;;
;US-NE;1993;p95p100;;;;0.2389852703;0.2389852703
;US-NE;1993;p99.5p100;790605.75;;;0.0837504566;0.0837504566
;US-NE;1992;p0p100;48835.4765625;;34407239680.0;;
;US-NE;1992;p99p100;575244.625;;;0.1177923679;0.1177923679
;US-NE;1992;p99.9p100;2353242.0;;;0.0481871404;0.0481871404
;US-NE;1992;p99.99p100;9562320.0;;;0.0195806827;0.0195806827
;US-NE;1992;p90p100;;;;0.3430376947;0.3430376947
;US-NE;1992;p90p91;167524.09375;;;;
;US-NE;1992;p95p96;233478.484375;;;;
;US-NE;1992;p95p100;;;;0.2390459776;0.2390459776
;US-NE;1992;p99.5p100;876919.625;;;0.0897830501;0.0897830501
;US-NE;1991;p0p100;47252.7460938;;33579743232.0;;
;US-NE;1991;p99p100;507020.71875;;;0.1072997376;0.1072997376
;US-NE;1991;p99.9p100;1951247.0;;;0.0412938334;0.0412938334
;US-NE;1991;p99.99p100;7481806.5;;;0.0158335902;0.0158335902
;US-NE;1991;p90p100;;;;0.3354512751;0.3354512751
;US-NE;1991;p90p91;158509.9375;;;;
;US-NE;1991;p95p96;215885.640625;;;;
;US-NE;1991;p95p100;;;;0.2284371555;0.2284371555
;US-NE;1991;p99.5p100;758728.8125;;;0.0802841038;0.0802841038
;US-NE;1990;p0p100;47475.0078125;;33912662016.0;;
;US-NE;1990;p99p100;558591.0;;;0.1176600233;0.1176600233
;US-NE;1990;p99.9p100;2314343.5;;;0.048748672;0.048748672
;US-NE;1990;p99.99p100;9451270.0;;;0.0199078862;0.0199078862
;US-NE;1990;p90p100;;;;0.3431275785;0.3431275785
;US-NE;1990;p90p91;162899.828125;;;;
;US-NE;1990;p95p96;225801.125;;;;
;US-NE;1990;p95p100;;;;0.2378105372;0.2378105372
;US-NE;1990;p99.5p100;858177.0;;;0.0903819874;0.0903819874
;US-NE;1989;p0p100;45517.1210938;;33070589952.0;;
;US-NE;1989;p99p100;525869.0;;;0.1155321375;0.1155321375
;US-NE;1989;p99.9p100;2004014.75;;;0.0440277159;0.0440277159
;US-NE;1989;p99.99p100;7545132.5;;;0.0165764727;0.0165764727
;US-NE;1989;p90p100;;;;0.3474080265;0.3474080265
;US-NE;1989;p90p91;158130.140625;;;;
;US-NE;1989;p95p96;219668.328125;;;;
;US-NE;1989;p95p100;;;;0.2413029671;0.2413029671
;US-NE;1989;p99.5p100;784457.3125;;;0.0861716717;0.0861716717
;US-NE;1988;p0p100;46640.125;;33238501376.0;;
;US-NE;1988;p99p100;556113.0;;;0.1192348748;0.1192348748
;US-NE;1988;p99.9p100;2234135.5;;;0.0479015708;0.0479015708
;US-NE;1988;p99.99p100;8611188.0;;;0.0184630454;0.0184630454
;US-NE;1988;p90p100;;;;0.3415443599;0.3415443599
;US-NE;1988;p90p91;159296.734375;;;;
;US-NE;1988;p95p96;223649.359375;;;;
;US-NE;1988;p95p100;;;;0.2397606671;0.2397606671
;US-NE;1988;p99.5p100;845241.125;;;0.0906130746;0.0906130746
;US-NE;1987;p0p100;45093.1367188;;31300732928.0;;
;US-NE;1987;p99p100;417842.28125;;;0.0926620588;0.0926620588
;US-NE;1987;p99.9p100;1434528.875;;;0.0318125784;0.0318125784
;US-NE;1987;p99.99p100;4957089.0;;;0.0109930011;0.0109930011
;US-NE;1987;p90p100;;;;0.3154157102;0.3154157102
;US-NE;1987;p90p91;142230.84375;;;;
;US-NE;1987;p95p96;190413.640625;;;;
;US-NE;1987;p95p100;;;;0.2111337185;0.2111337185
;US-NE;1987;p99.5p100;601545.4375;;;0.0667003319;0.0667003319
;US-NE;1986;p0p100;45655.4375;;32507348992.0;;
;US-NE;1986;p99p100;579852.8125;;;0.1270062923;0.1270062923
;US-NE;1986;p99.9p100;2556586.75;;;0.0559974238;0.0559974238
;US-NE;1986;p99.99p100;10955886.0;;;0.0239968915;0.0239968915
;US-NE;1986;p90p100;;;;0.3429098427;0.3429098427
;US-NE;1986;p90p91;156557.0;;;;
;US-NE;1986;p95p96;223362.75;;;;
;US-NE;1986;p95p100;;;;0.2446179092;0.2446179092
;US-NE;1986;p99.5p100;904777.125;;;0.0990875587;0.0990875587
;US-NE;1985;p0p100;42697.421875;;29866260480.0;;
;US-NE;1985;p99p100;407055.46875;;;0.095334895;0.095334895
;US-NE;1985;p99.9p100;1502896.0;;;0.0351987518;0.0351987518
;US-NE;1985;p99.99p100;5513958.0;;;0.012914028;0.012914028
;US-NE;1985;p90p100;;;;0.3176318705;0.3176318705
;US-NE;1985;p90p91;135620.640625;;;;
;US-NE;1985;p95p96;180108.6875;;;;
;US-NE;1985;p95p100;;;;0.2109127939;0.2109127939
;US-NE;1985;p99.5p100;590238.5;;;0.0691187382;0.0691187382
;US-NE;1984;p0p100;41454.0703125;;28499238912.0;;
;US-NE;1984;p99p100;422933.71875;;;0.1020246446;0.1020246446
;US-NE;1984;p99.9p100;1591645.125;;;0.0383953862;0.0383953862
;US-NE;1984;p99.99p100;6551679.0;;;0.015804667;0.015804667
;US-NE;1984;p90p100;;;;0.3173962235;0.3173962235
;US-NE;1984;p90p91;131573.671875;;;;
;US-NE;1984;p95p96;177591.90625;;;;
;US-NE;1984;p95p100;;;;0.2142031938;0.2142031938
;US-NE;1984;p99.5p100;598596.3125;;;0.0721999407;0.0721999407
;US-NE;1983;p0p100;39845.4648438;;26930886656.0;;
;US-NE;1983;p99p100;436839.28125;;;0.1096333787;0.1096333787
;US-NE;1983;p99.9p100;1647967.125;;;0.0413589627;0.0413589627
;US-NE;1983;p99.99p100;6705207.0;;;0.0168280322;0.0168280322
;US-NE;1983;p90p100;;;;0.3177870512;0.3177870512
;US-NE;1983;p90p91;126623.726562;;;;
;US-NE;1983;p95p96;176475.359375;;;;
;US-NE;1983;p95p100;;;;0.2214497477;0.2214497477
;US-NE;1983;p99.5p100;614056.5625;;;0.0770547614;0.0770547614
;US-NE;1982;p0p100;41902.09375;;28363661312.0;;
;US-NE;1982;p99p100;399828.4375;;;0.0954196826;0.0954196826
;US-NE;1982;p99.9p100;1546519.75;;;0.0369079374;0.0369079374
;US-NE;1982;p99.99p100;6421200.0;;;0.0153242936;0.0153242936
;US-NE;1982;p90p100;;;;0.3129235506;0.3129235506
;US-NE;1982;p90p91;131121.515625;;;;
;US-NE;1982;p95p96;177029.921875;;;;
;US-NE;1982;p95p100;;;;0.2112423331;0.2112423331
;US-NE;1982;p99.5p100;589979.3125;;;0.0703997388;0.0703997388
;US-NE;1981;p0p100;40587.9257812;;28202080256.0;;
;US-NE;1981;p99p100;347058.15625;;;0.0855077431;0.0855077431
;US-NE;1981;p99.9p100;1076811.625;;;0.026530344;0.026530344
;US-NE;1981;p99.99p100;3823579.0;;;0.0094204843;0.0094204843
;US-NE;1981;p90p100;;;;0.322638154;0.322638154
;US-NE;1981;p90p91;130952.132812;;;;
;US-NE;1981;p95p96;166912.671875;;;;
;US-NE;1981;p95p100;;;;0.2056186199;0.2056186199
;US-NE;1981;p99.5p100;484076.6875;;;0.0596330911;0.0596330911
;US-NE;1980;p0p100;39508.8554688;;26974304256.0;;
;US-NE;1980;p99p100;369688.6875;;;0.0935710818;0.0935710818
;US-NE;1980;p99.9p100;1120670.75;;;0.0283650476;0.0283650476
;US-NE;1980;p99.99p100;3695512.5;;;0.0093536302;0.0093536302
;US-NE;1980;p90p100;;;;0.3438531458;0.3438531458
;US-NE;1980;p90p91;135852.453125;;;;
;US-NE;1980;p95p96;178031.125;;;;
;US-NE;1980;p95p100;;;;0.2253053188;0.2253053188
;US-NE;1980;p99.5p100;510429.09375;;;0.0645967871;0.0645967871
;US-NE;1979;p0p100;41756.15625;;28128440320.0;;
;US-NE;1979;p99p100;381321.8125;;;0.0913210958;0.0913210958
;US-NE;1979;p99.9p100;1152158.125;;;0.0275925305;0.0275925305
;US-NE;1979;p99.99p100;4267398.5;;;0.0102198068;0.0102198068
;US-NE;1979;p90p100;;;;0.3302699625;0.3302699625
;US-NE;1979;p90p91;137908.046875;;;;
;US-NE;1979;p95p96;182186.734375;;;;
;US-NE;1979;p95p100;;;;0.218155548;0.218155548
;US-NE;1979;p99.5p100;528729.3125;;;0.0633115396;0.0633115396
;US-NE;1978;p0p100;41974.3359375;;27984345088.0;;
;US-NE;1978;p99p100;341530.09375;;;0.0813664123;0.0813664123
;US-NE;1978;p99.9p100;950975.4375;;;0.0226561166;0.0226561166
;US-NE;1978;p99.99p100;3150169.75;;;0.0075049913;0.0075049913
;US-NE;1978;p90p100;;;;0.3158370256;0.3158370256
;US-NE;1978;p90p91;132570.484375;;;;
;US-NE;1978;p95p96;175864.84375;;;;
;US-NE;1978;p95p100;;;;0.20949094;0.20949094
;US-NE;1978;p99.5p100;469178.71875;;;0.0558887646;0.0558887646
;US-NE;1977;p0p100;39500.4296875;;25956769792.0;;
;US-NE;1977;p99p100;334784.375;;;0.084754616;0.084754616
;US-NE;1977;p99.9p100;887020.625;;;0.0224559717;0.0224559717
;US-NE;1977;p99.99p100;2459245.5;;;0.00622587;0.00622587
;US-NE;1977;p90p100;;;;0.3244505823;0.3244505823
;US-NE;1977;p90p91;128159.382812;;;;
;US-NE;1977;p95p96;168844.65625;;;;
;US-NE;1977;p95p100;;;;0.2137250751;0.2137250751
;US-NE;1977;p99.5p100;453427.15625;;;0.0573952124;0.0573952124
;US-NE;1976;p0p100;39640.203125;;25690306560.0;;
;US-NE;1976;p99p100;337380.25;;;0.0851106271;0.0851106271
;US-NE;1976;p99.9p100;865044.0;;;0.0218223892;0.0218223892
;US-NE;1976;p99.99p100;2377439.0;;;0.0059975451;0.0059975451
;US-NE;1976;p90p100;;;;0.3209239244;0.3209239244
;US-NE;1976;p90p91;127214.90625;;;;
;US-NE;1976;p95p96;166144.21875;;;;
;US-NE;1976;p95p100;;;;0.2095652968;0.2095652968
;US-NE;1976;p99.5p100;453071.71875;;;0.0571480021;0.0571480021
;US-NE;1975;p0p100;40381.5;;25827158016.0;;
;US-NE;1975;p99p100;346316.96875;;;0.0857613012;0.0857613012
;US-NE;1975;p99.9p100;926575.875;;;0.0229455531;0.0229455531
;US-NE;1975;p99.99p100;2941324.5;;;0.0072838422;0.0072838422
;US-NE;1975;p90p100;;;;0.3212847114;0.3212847114
;US-NE;1975;p90p91;129739.578125;;;;
;US-NE;1975;p95p96;170882.828125;;;;
;US-NE;1975;p95p100;;;;0.2115855515;0.2115855515
;US-NE;1975;p99.5p100;469966.5;;;0.0581908189;0.0581908189
;US-NE;1974;p0p100;40219.15625;;25378451456.0;;
;US-NE;1974;p99p100;382231.1875;;;0.0950370952;0.0950370952
;US-NE;1974;p99.9p100;1158991.25;;;0.0288168937;0.0288168937
;US-NE;1974;p99.99p100;3783197.75;;;0.0094064567;0.0094064567
;US-NE;1974;p90p100;;;;0.3422249556;0.3422249556
;US-NE;1974;p90p91;137639.984375;;;;
;US-NE;1974;p95p96;183556.5625;;;;
;US-NE;1974;p95p100;;;;0.2281954288;0.2281954288
;US-NE;1974;p99.5p100;530712.25;;;0.0659775436;0.0659775436
;US-NE;1973;p0p100;43120.6992188;;26865954816.0;;
;US-NE;1973;p99p100;371035.21875;;;0.0860457346;0.0860457346
;US-NE;1973;p99.9p100;955558.4375;;;0.0221600868;0.0221600868
;US-NE;1973;p99.99p100;2423835.25;;;0.0056210482;0.0056210482
;US-NE;1973;p90p100;;;;0.3236424625;0.3236424625
;US-NE;1973;p90p91;139556.890625;;;;
;US-NE;1973;p95p96;187576.09375;;;;
;US-NE;1973;p95p100;;;;0.2175012082;0.2175012082
;US-NE;1973;p99.5p100;496252.0;;;0.0575422049;0.0575422049
;US-NE;1972;p0p100;39977.328125;;24584925184.0;;
;US-NE;1972;p99p100;345309.90625;;;0.0863764361;0.0863764361
;US-NE;1972;p99.9p100;1055794.25;;;0.0264098253;0.0264098253
;US-NE;1972;p99.99p100;4048674.0;;;0.0101274261;0.0101274261
;US-NE;1972;p90p100;;;;0.3148644269;0.3148644269
;US-NE;1972;p90p91;125874.390625;;;;
;US-NE;1972;p95p96;166270.5625;;;;
;US-NE;1972;p95p100;;;;0.2079560906;0.2079560906
;US-NE;1972;p99.5p100;477987.1875;;;0.0597822815;0.0597822815
;US-NE;1971;p0p100;37852.7617188;;22951747584.0;;
;US-NE;1971;p99p100;306216.84375;;;0.080896832;0.080896832
;US-NE;1971;p99.9p100;836713.4375;;;0.0221044235;0.0221044235
;US-NE;1971;p99.99p100;2725527.0;;;0.0072003389;0.0072003389
;US-NE;1971;p90p100;;;;0.309230268;0.309230268
;US-NE;1971;p90p91;117052.1875;;;;
;US-NE;1971;p95p96;154440.921875;;;;
;US-NE;1971;p95p100;;;;0.2040021867;0.2040021867
;US-NE;1971;p99.5p100;414358.15625;;;0.0547328852;0.0547328852
;US-NE;1970;p0p100;36642.203125;;21865105408.0;;
;US-NE;1970;p99p100;290622.375;;;0.0793135613;0.0793135613
;US-NE;1970;p99.9p100;778991.5;;;0.0212594047;0.0212594047
;US-NE;1970;p99.99p100;2361687.0;;;0.006445264;0.006445264
;US-NE;1970;p90p100;;;;0.3126648068;0.3126648068
;US-NE;1970;p90p91;114567.28125;;;;
;US-NE;1970;p95p96;149489.484375;;;;
;US-NE;1970;p95p100;;;;0.2039853781;0.2039853781
;US-NE;1970;p99.5p100;388832.0;;;0.0530579388;0.0530579388
;US-NE;1969;p0p100;36793.7109375;;21847906304.0;;
;US-NE;1969;p99p100;323503.09375;;;0.0879234821;0.0879234821
;US-NE;1969;p99.9p100;984910.5;;;0.0267684516;0.0267684516
;US-NE;1969;p99.99p100;3573879.75;;;0.0097132912;0.0097132912
;US-NE;1969;p90p100;;;;0.3165067136;0.3165067136
;US-NE;1969;p90p91;116454.554688;;;;
;US-NE;1969;p95p96;154410.28125;;;;
;US-NE;1969;p95p100;;;;0.2098324448;0.2098324448
;US-NE;1969;p99.5p100;451672.53125;;;0.0613790415;0.0613790415
;US-NE;1968;p0p100;35285.0078125;;20887764992.0;;
;US-NE;1968;p99p100;338799.4375;;;0.0960179567;0.0960179567
;US-NE;1968;p99.9p100;1009993.0;;;0.0286238566;0.0286238566
;US-NE;1968;p99.99p100;3448397.25;;;0.0097729815;0.0097729815
;US-NE;1968;p90p100;;;;0.3285011947;0.3285011947
;US-NE;1968;p90p91;115911.671875;;;;
;US-NE;1968;p95p96;157579.359375;;;;
;US-NE;1968;p95p100;;;;0.2232950628;0.2232950628
;US-NE;1968;p99.5p100;463230.5;;;0.0656412616;0.0656412616
;US-NE;1967;p0p100;34584.4179688;;20405086208.0;;
;US-NE;1967;p99p100;341027.8125;;;0.0986073539;0.0986073539
;US-NE;1967;p99.9p100;1141944.125;;;0.0330190361;0.0330190361
;US-NE;1967;p99.99p100;4913388.0;;;0.0142069403;0.0142069403
;US-NE;1967;p90p100;;;;0.3342197239;0.3342197239
;US-NE;1967;p90p91;115587.945312;;;;
;US-NE;1967;p95p96;157938.234375;;;;
;US-NE;1967;p95p100;;;;0.228337273;0.228337273
;US-NE;1967;p99.5p100;485976.25;;;0.0702594221;0.0702594221
;US-NE;1966;p0p100;34318.9453125;;20162256896.0;;
;US-NE;1966;p99p100;297913.375;;;0.0868072584;0.0868072584
;US-NE;1966;p99.9p100;860478.9375;;;0.0250730012;0.0250730012
;US-NE;1966;p99.99p100;3035891.0;;;0.0088461069;0.0088461069
;US-NE;1966;p90p100;;;;0.3199436963;0.3199436963
;US-NE;1966;p90p91;109801.304688;;;;
;US-NE;1966;p95p96;144632.390625;;;;
;US-NE;1966;p95p100;;;;0.2107179761;0.2107179761
;US-NE;1966;p99.5p100;406086.9375;;;0.0591636673;0.0591636673
;US-NE;1965;p0p100;32957.1328125;;19266242560.0;;
;US-NE;1965;p99p100;301715.4375;;;0.0915478393;0.0915478393
;US-NE;1965;p99.9p100;876469.8125;;;0.0265942346;0.0265942346
;US-NE;1965;p99.99p100;3419586.5;;;0.0103758611;0.0103758611
;US-NE;1965;p90p100;;;;0.323006779;0.323006779
;US-NE;1965;p90p91;106453.789062;;;;
;US-NE;1965;p95p96;142703.515625;;;;
;US-NE;1965;p95p100;;;;0.216498673;0.216498673
;US-NE;1965;p99.5p100;414884.53125;;;0.0629430413;0.0629430413
;US-NE;1964;p0p100;30598.5546875;;17781190656.0;;
;US-NE;1964;p99p100;283997.375;;;0.0928139761;0.0928139761
;US-NE;1964;p99.9p100;750366.25;;;0.0245229322;0.0245229322
;US-NE;1964;p99.99p100;3331025.25;;;0.0108862175;0.0108862175
;US-NE;1964;p90p100;;;;0.3312773407;0.3312773407
;US-NE;1964;p90p91;101366.085938;;;;
;US-NE;1964;p95p96;136685.515625;;;;
;US-NE;1964;p95p100;;;;0.2233528793;0.2233528793
;US-NE;1964;p99.5p100;395572.375;;;0.0646390617;0.0646390617
;US-NE;1963;p0p100;30243.9941406;;17445847040.0;;
;US-NE;1963;p99p100;268231.71875;;;0.0886892527;0.0886892527
;US-NE;1963;p99.9p100;808957.6875;;;0.0267477147;0.0267477147
;US-NE;1963;p99.99p100;3011991.0;;;0.0099589722;0.0099589722
;US-NE;1963;p90p100;;;;0.3153944314;0.3153944314
;US-NE;1963;p90p91;95387.875;;;;
;US-NE;1963;p95p96;127767.828125;;;;
;US-NE;1963;p95p100;;;;0.2112284303;0.2112284303
;US-NE;1963;p99.5p100;377206.875;;;0.0623606257;0.0623606257
;US-NE;1962;p0p100;29834.2675781;;17073669120.0;;
;US-NE;1962;p99p100;248655.21875;;;0.0833455101;0.0833455101
;US-NE;1962;p99.9p100;680238.375;;;0.0228005741;0.0228005741
;US-NE;1962;p99.99p100;1844510.125;;;0.0061825225;0.0061825225
;US-NE;1962;p90p100;;;;0.3115209043;0.3115209043
;US-NE;1962;p90p91;92939.96875;;;;
;US-NE;1962;p95p96;123609.609375;;;;
;US-NE;1962;p95p100;;;;0.2071604729;0.2071604729
;US-NE;1962;p99.5p100;338168.90625;;;0.056674581;0.056674581
;US-NE;1961;p0p100;28360.9785156;;16085979136.0;;
;US-NE;1961;p99p100;284316.40625;;;0.1002491489;0.1002491489
;US-NE;1961;p99.9p100;876905.5625;;;0.0309194401;0.0309194401
;US-NE;1961;p99.99p100;3497831.0;;;0.0123332506;0.0123332506
;US-NE;1961;p90p100;;;;0.3339048326;0.3339048326
;US-NE;1961;p90p91;94698.671875;;;;
;US-NE;1961;p95p96;129176.351562;;;;
;US-NE;1961;p95p100;;;;0.2277360409;0.2277360409
;US-NE;1961;p99.5p100;402747.65625;;;0.0710038319;0.0710038319
;US-NE;1960;p0p100;28005.1640625;;15723176960.0;;
;US-NE;1960;p99p100;252776.796875;;;0.0902607813;0.0902607813
;US-NE;1960;p99.9p100;805457.125;;;0.0287610218;0.0287610218
;US-NE;1960;p99.99p100;3060107.5;;;0.0109269405;0.0109269405
;US-NE;1960;p90p100;;;;0.3141915798;0.3141915798
;US-NE;1960;p90p91;87989.8671875;;;;
;US-NE;1960;p95p96;119065.710938;;;;
;US-NE;1960;p95p100;;;;0.2125781476;0.2125781476
;US-NE;1960;p99.5p100;354482.03125;;;0.0632886887;0.0632886887
;US-NE;1959;p0p100;26907.9492188;;15171760128.0;;
;US-NE;1959;p99p100;226899.296875;;;0.0843242779;0.0843242779
;US-NE;1959;p99.9p100;593258.3125;;;0.0220477004;0.0220477004
;US-NE;1959;p99.99p100;1361417.25;;;0.0050595365;0.0050595365
;US-NE;1959;p90p100;;;;0.310836494;0.310836494
;US-NE;1959;p90p91;83639.71875;;;;
;US-NE;1959;p95p96;111099.789062;;;;
;US-NE;1959;p95p100;;;;0.2064442039;0.2064442039
;US-NE;1959;p99.5p100;309435.65625;;;0.0574989431;0.0574989431
;US-NE;1958;p0p100;26597.8613281;;15044506624.0;;
;US-NE;1958;p99p100;223011.703125;;;0.0838457271;0.0838457271
;US-NE;1958;p99.9p100;591647.625;;;0.0222441796;0.0222441796
;US-NE;1958;p99.99p100;1538411.125;;;0.0057839658;0.0057839658
;US-NE;1958;p90p100;;;;0.3042914271;0.3042914271
;US-NE;1958;p90p91;80935.0078125;;;;
;US-NE;1958;p95p96;108549.078125;;;;
;US-NE;1958;p95p100;;;;0.2040560395;0.2040560395
;US-NE;1958;p99.5p100;300198.8125;;;0.0564328842;0.0564328842
;US-NE;1957;p0p100;26137.7246094;;14827799552.0;;
;US-NE;1957;p99p100;207338.3125;;;0.0793253034;0.0793253034
;US-NE;1957;p99.9p100;555659.5;;;0.0212589074;0.0212589074
;US-NE;1957;p99.99p100;1336375.875;;;0.005112824;0.005112824
;US-NE;1957;p90p100;;;;0.2864142954;0.2864142954
;US-NE;1957;p90p91;74862.1796875;;;;
;US-NE;1957;p95p96;100058.507812;;;;
;US-NE;1957;p95p100;;;;0.1914062947;0.1914062947
;US-NE;1957;p99.5p100;286503.8125;;;0.0548065677;0.0548065677
;US-NE;1956;p0p100;23469.2382812;;13331903488.0;;
;US-NE;1956;p99p100;230870.109375;;;0.0983713716;0.0983713716
;US-NE;1956;p99.9p100;720930.625;;;0.0307181086;0.0307181086
;US-NE;1956;p99.99p100;2404119.75;;;0.0102437064;0.0102437064
;US-NE;1956;p90p100;;;;0.3229084611;0.3229084611
;US-NE;1956;p90p91;75784.15625;;;;
;US-NE;1956;p95p96;104455.554688;;;;
;US-NE;1956;p95p100;;;;0.2225371599;0.2225371599
;US-NE;1956;p99.5p100;322788.40625;;;0.0687684044;0.0687684044
;US-NE;1955;p0p100;23582.2207031;;13415493632.0;;
;US-NE;1955;p99p100;227465.234375;;;0.0964562297;0.0964562297
;US-NE;1955;p99.9p100;627954.25;;;0.0266282875;0.0266282875
;US-NE;1955;p99.99p100;1537482.875;;;0.0065196687;0.0065196687
;US-NE;1955;p90p100;;;;0.3386601806;0.3386601806
;US-NE;1955;p90p91;79863.6015625;;;;
;US-NE;1955;p95p96;103769.015625;;;;
;US-NE;1955;p95p100;;;;0.2200153321;0.2200153321
;US-NE;1955;p99.5p100;307390.25;;;0.0651741475;0.0651741475
;US-NE;1954;p0p100;24758.4453125;;14103168000.0;;
;US-NE;1954;p99p100;215683.265625;;;0.087115027;0.087115027
;US-NE;1954;p99.9p100;599383.5625;;;0.0242092554;0.0242092554
;US-NE;1954;p99.99p100;1476670.5;;;0.0059643099;0.0059643099
;US-NE;1954;p90p100;;;;0.3130693734;0.3130693734
;US-NE;1954;p90p91;77511.1171875;;;;
;US-NE;1954;p95p96;101157.640625;;;;
;US-NE;1954;p95p100;;;;0.2042891532;0.2042891532
;US-NE;1954;p99.5p100;296055.25;;;0.0597887337;0.0597887337
;US-NE;1953;p0p100;23247.4667969;;13258107904.0;;
;US-NE;1953;p99p100;200216.828125;;;0.0861241519;0.0861241519
;US-NE;1953;p99.9p100;525121.3125;;;0.0225883238;0.0225883238
;US-NE;1953;p99.99p100;1231659.75;;;0.0052980389;0.0052980389
;US-NE;1953;p90p100;;;;0.3296821713;0.3296821713
;US-NE;1953;p90p91;76642.75;;;;
;US-NE;1953;p95p96;95775.265625;;;;
;US-NE;1953;p95p100;;;;0.2059907764;0.2059907764
;US-NE;1953;p99.5p100;275232.28125;;;0.0591961928;0.0591961928
;US-NE;1952;p0p100;24828.7578125;;14188125184.0;;
;US-NE;1952;p99p100;213264.96875;;;0.0858943388;0.0858943388
;US-NE;1952;p99.9p100;593864.75;;;0.0239184238;0.0239184238
;US-NE;1952;p99.99p100;1770711.125;;;0.0071316948;0.0071316948
;US-NE;1952;p90p100;;;;0.3044648767;0.3044648767
;US-NE;1952;p90p91;75594.84375;;;;
;US-NE;1952;p95p96;101020.742188;;;;
;US-NE;1952;p95p100;;;;0.2034349591;0.2034349591
;US-NE;1952;p99.5p100;292843.96875;;;0.0589727424;0.0589727424
;US-NE;1951;p0p100;23790.2792969;;13611338752.0;;
;US-NE;1951;p99p100;237032.125;;;0.099634029;0.099634029
;US-NE;1951;p99.9p100;657941.8125;;;0.0276559107;0.0276559107
;US-NE;1951;p99.99p100;1759966.375;;;0.0073978379;0.0073978379
;US-NE;1951;p90p100;;;;0.3243413866;0.3243413866
;US-NE;1951;p90p91;77161.7265625;;;;
;US-NE;1951;p95p96;107007.5625;;;;
;US-NE;1951;p95p100;;;;0.2248976678;0.2248976678
;US-NE;1951;p99.5p100;328088.96875;;;0.0689544156;0.0689544156
;US-NE;1950;p0p100;24681.2207031;;14137621504.0;;
;US-NE;1950;p99p100;252677.953125;;;0.1023766026;0.1023766026
;US-NE;1950;p99.9p100;697805.1875;;;0.0282727182;0.0282727182
;US-NE;1950;p99.99p100;1480760.875;;;0.0059995446;0.0059995446
;US-NE;1950;p90p100;;;;0.318240881;0.318240881
;US-NE;1950;p90p91;78545.734375;;;;
;US-NE;1950;p95p96;111042.46875;;;;
;US-NE;1950;p95p100;;;;0.2249533385;0.2249533385
;US-NE;1950;p99.5p100;350512.3125;;;0.0710078925;0.0710078925
;US-NE;1949;p0p100;20728.9804688;;11844319232.0;;
;US-NE;1949;p99p100;211715.03125;;;0.1021347865;0.1021347865
;US-NE;1949;p99.9p100;546688.9375;;;0.0263731647;0.0263731647
;US-NE;1949;p99.99p100;1242970.5;;;0.0059962925;0.0059962925
;US-NE;1949;p90p100;;;;0.3503366113;0.3503366113
;US-NE;1949;p90p91;72621.21875;;;;
;US-NE;1949;p95p96;102693.015625;;;;
;US-NE;1949;p95p100;;;;0.2477039397;0.2477039397
;US-NE;1949;p99.5p100;287069.625;;;0.0692435354;0.0692435354
;US-NE;1948;p0p100;22980.3964844;;13136865280.0;;
;US-NE;1948;p99p100;233641.75;;;0.1016700193;0.1016700193
;US-NE;1948;p99.9p100;627719.625;;;0.0273154415;0.0273154415
;US-NE;1948;p99.99p100;1582384.625;;;0.0068858024;0.0068858024
;US-NE;1948;p90p100;;;;0.3351918459;0.3351918459
;US-NE;1948;p90p91;77028.40625;;;;
;US-NE;1948;p95p96;109686.1875;;;;
;US-NE;1948;p95p100;;;;0.2386516482;0.2386516482
;US-NE;1948;p99.5p100;319214.59375;;;0.0694536716;0.0694536716
;US-NE;1947;p0p100;19624.3515625;;11221747712.0;;
;US-NE;1947;p99p100;209281.546875;;;0.106643796;0.106643796
;US-NE;1947;p99.9p100;532829.625;;;0.0271514487;0.0271514487
;US-NE;1947;p99.99p100;1202888.5;;;0.0061295703;0.0061295703
;US-NE;1947;p90p100;;;;0.373198837;0.373198837
;US-NE;1947;p90p91;73237.859375;;;;
;US-NE;1947;p95p96;101523.570312;;;;
;US-NE;1947;p95p100;;;;0.25866732;0.25866732
;US-NE;1947;p99.5p100;281422.3125;;;0.0717023164;0.0717023164
;US-NE;1946;p0p100;19779.7851562;;11289667584.0;;
;US-NE;1946;p99p100;232820.1875;;;0.11770612;0.11770612
;US-NE;1946;p99.9p100;629730.4375;;;0.0318370722;0.0318370722
;US-NE;1946;p99.99p100;1484921.75;;;0.0075072688;0.0075072688
;US-NE;1946;p90p100;;;;0.3870710731;0.3870710731
;US-NE;1946;p90p91;76561.8359375;;;;
;US-NE;1946;p95p96;107712.171875;;;;
;US-NE;1946;p95p100;;;;0.2722783983;0.2722783983
;US-NE;1946;p99.5p100;319333.625;;;0.0807222053;0.0807222053
;US-NE;1945;p0p100;20507.4453125;;11784044544.0;;
;US-NE;1945;p99p100;215107.046875;;;0.1048921645;0.1048921645
;US-NE;1945;p99.9p100;584597.25;;;0.0285065863;0.0285065863
;US-NE;1945;p99.99p100;1352747.0;;;0.0065963697;0.0065963697
;US-NE;1945;p90p100;;;;0.338578701;0.338578701
;US-NE;1945;p90p91;69433.84375;;;;
;US-NE;1945;p95p96;96901.8828125;;;;
;US-NE;1945;p95p100;;;;0.2362602502;0.2362602502
;US-NE;1945;p99.5p100;296765.9375;;;0.0723556504;0.0723556504
;US-NE;1944;p0p100;19286.0292969;;11147881472.0;;
;US-NE;1944;p99p100;245209.328125;;;0.1271435022;0.1271435022
;US-NE;1944;p99.9p100;808774.375;;;0.0419357605;0.0419357605
;US-NE;1944;p99.99p100;2373396.25;;;0.0123062981;0.0123062981
;US-NE;1944;p90p100;;;;0.3725539446;0.3725539446
;US-NE;1944;p90p91;71850.859375;;;;
;US-NE;1944;p95p96;100139.640625;;;;
;US-NE;1944;p95p100;;;;0.2596170306;0.2596170306
;US-NE;1944;p99.5p100;358805.0;;;0.0930219963;0.0930219963
;US-NE;1943;p0p100;19802.265625;;11499740160.0;;
;US-NE;1943;p99p100;216749.28125;;;0.1094567999;0.1094567999
;US-NE;1943;p99.9p100;622431.4375;;;0.0314323306;0.0314323306
;US-NE;1943;p99.99p100;1439477.375;;;0.0072692554;0.0072692554
;US-NE;1943;p90p100;;;;0.3493296802;0.3493296802
;US-NE;1943;p90p91;69175.203125;;;;
;US-NE;1943;p95p96;96203.3515625;;;;
;US-NE;1943;p95p100;;;;0.242909953;0.242909953
;US-NE;1943;p99.5p100;304675.6875;;;0.0769294947;0.0769294947
;US-NE;1942;p0p100;16408.3867188;;9554338816.0;;
;US-NE;1942;p99p100;196108.796875;;;0.1195174158;0.1195174158
;US-NE;1942;p99.9p100;615456.625;;;0.0375086628;0.0375086628
;US-NE;1942;p99.99p100;1806200.625;;;0.0110077895;0.0110077895
;US-NE;1942;p90p100;;;;0.3710128367;0.3710128367
;US-NE;1942;p90p91;60877.21875;;;;
;US-NE;1942;p95p96;84899.7734375;;;;
;US-NE;1942;p95p100;;;;0.258708477;0.258708477
;US-NE;1942;p99.5p100;280504.8125;;;0.0854760408;0.0854760408
;US-NE;1941;p0p100;11954.7832031;;6999217664.0;;
;US-NE;1941;p99p100;165386.875;;;0.1383436769;0.1383436769
;US-NE;1941;p99.9p100;487137.59375;;;0.0407483429;0.0407483429
;US-NE;1941;p99.99p100;1263608.75;;;0.0105699012;0.0105699012
;US-NE;1941;p90p100;;;;0.435072422;0.435072422
;US-NE;1941;p90p91;52011.9648438;;;;
;US-NE;1941;p95p96;71822.453125;;;;
;US-NE;1941;p95p100;;;;0.3003921211;0.3003921211
;US-NE;1941;p99.5p100;233926.5;;;0.0978380367;0.0978380367
;US-NE;1940;p0p100;10414.0224609;;6136901632.0;;
;US-NE;1940;p99p100;150515.25;;;0.1445313394;0.1445313394
;US-NE;1940;p99.9p100;447467.65625;;;0.0429678075;0.0429678075
;US-NE;1940;p99.99p100;1080784.0;;;0.0103781614;0.0103781614
;US-NE;1940;p90p100;;;;0.4761492908;0.4761492908
;US-NE;1940;p90p91;49586.2929688;;;;
;US-NE;1940;p95p96;67440.8671875;;;;
;US-NE;1940;p95p100;;;;0.323798418;0.323798418
;US-NE;1940;p99.5p100;213565.484375;;;0.1025374681;0.1025374681
;US-NE;1939;p0p100;9642.55566406;;5647880192.0;;
;US-NE;1939;p99p100;141196.078125;;;0.1464301348;0.1464301348
;US-NE;1939;p99.9p100;411138.53125;;;0.0426379219;0.0426379219
;US-NE;1939;p99.99p100;977565.75;;;0.0101380358;0.0101380358
;US-NE;1939;p90p100;;;;0.4356199503;0.4356199503
;US-NE;1939;p90p91;42004.8984375;;;;
;US-NE;1939;p95p96;63509.109375;;;;
;US-NE;1939;p95p100;;;;0.3293167949;0.3293167949
;US-NE;1939;p99.5p100;197799.546875;;;0.1025659293;0.1025659293
;US-NE;1938;p0p100;9749.10449219;;5683666944.0;;
;US-NE;1938;p99p100;130681.765625;;;0.1340448707;0.1340448707
;US-NE;1938;p99.9p100;404599.75;;;0.0415012166;0.0415012166
;US-NE;1938;p99.99p100;1102308.625;;;0.0113067674;0.0113067674
;US-NE;1938;p90p100;;;;0.3980068862;0.3980068862
;US-NE;1938;p90p91;38802.109375;;;;
;US-NE;1938;p95p96;58245.8398438;;;;
;US-NE;1938;p95p100;;;;0.2987240255;0.2987240255
;US-NE;1938;p99.5p100;185087.828125;;;0.0949255452;0.0949255452
;US-NE;1937;p0p100;9933.10058594;;5766236672.0;;
;US-NE;1937;p99p100;139245.9375;;;0.1401837617;0.1401837617
;US-NE;1937;p99.9p100;428287.3125;;;0.0431171842;0.0431171842
;US-NE;1937;p99.99p100;1028177.3125;;;0.0103510208;0.0103510208
;US-NE;1937;p90p100;;;;0.3980819583;0.3980819583
;US-NE;1937;p90p91;39541.8789062;;;;
;US-NE;1937;p95p96;60157.8007812;;;;
;US-NE;1937;p95p100;;;;0.3028148413;0.3028148413
;US-NE;1937;p99.5p100;198780.34375;;;0.1000595614;0.1000595614
;US-NE;1936;p0p100;9979.60058594;;5778710528.0;;
;US-NE;1936;p99p100;152544.3125;;;0.1528561413;0.1528561413
;US-NE;1936;p99.9p100;478648.0;;;0.0479626432;0.0479626432
;US-NE;1936;p99.99p100;1195494.0;;;0.0119793778;0.0119793778
;US-NE;1936;p90p100;;;;0.4169896543;0.4169896543
;US-NE;1936;p90p91;41613.8984375;;;;
;US-NE;1936;p95p96;62494.2070312;;;;
;US-NE;1936;p95p100;;;;0.3131097853;0.3131097853
;US-NE;1936;p99.5p100;219524.046875;;;0.1099864021;0.1099864021
;US-NE;1935;p0p100;10706.6181641;;6182642176.0;;
;US-NE;1935;p99p100;129461.507812;;;0.120917283;0.120917283
;US-NE;1935;p99.9p100;375012.8125;;;0.0350262597;0.0350262597
;US-NE;1935;p99.99p100;842027.6875;;;0.0078645535;0.0078645535
;US-NE;1935;p90p100;;;;0.3494249582;0.3494249582
;US-NE;1935;p90p91;37411.59375;;;;
;US-NE;1935;p95p96;54631.3046875;;;;
;US-NE;1935;p95p100;;;;0.2551286817;0.2551286817
;US-NE;1935;p99.5p100;181994.609375;;;0.0849916413;0.0849916413
;US-NE;1934;p0p100;7010.56738281;;4034830336.0;;
;US-NE;1934;p99p100;118512.5;;;0.169048354;0.169048354
;US-NE;1934;p99.9p100;339514.46875;;;0.0484289564;0.0484289564
;US-NE;1934;p99.99p100;766806.5625;;;0.0109378668;0.0109378668
;US-NE;1934;p90p100;;;;0.4897319376;0.4897319376
;US-NE;1934;p90p91;34332.9882812;;;;
;US-NE;1934;p95p96;50391.6914062;;;;
;US-NE;1934;p95p100;;;;0.3593980968;0.3593980968
;US-NE;1934;p99.5p100;165720.46875;;;0.1181933284;0.1181933284
;US-NE;1933;p0p100;7723.27197266;;4433025536.0;;
;US-NE;1933;p99p100;104475.109375;;;0.1352731287;0.1352731287
;US-NE;1933;p99.9p100;321262.46875;;;0.0415966772;0.0415966772
;US-NE;1933;p99.99p100;1022196.75;;;0.0132352812;0.0132352812
;US-NE;1933;p90p100;;;;0.4082493782;0.4082493782
;US-NE;1933;p90p91;31530.2089844;;;;
;US-NE;1933;p95p96;44547.4492188;;;;
;US-NE;1933;p95p100;;;;0.2883975208;0.2883975208
;US-NE;1933;p99.5p100;145876.46875;;;0.0944395587;0.0944395587
;US-NE;1932;p0p100;8249.0;;4724132864.0;;
;US-NE;1932;p99p100;100098.429688;;;0.1213461384;0.1213461384
;US-NE;1932;p99.9p100;288407.90625;;;0.0349627696;0.0349627696
;US-NE;1932;p99.99p100;701765.0625;;;0.0085072741;0.0085072741
;US-NE;1932;p90p100;;;;0.3882221878;0.3882221878
;US-NE;1932;p90p91;32024.4492188;;;;
;US-NE;1932;p95p96;44034.5898438;;;;
;US-NE;1932;p95p100;;;;0.2669086456;0.2669086456
;US-NE;1932;p99.5p100;137467.828125;;;0.0833239332;0.0833239332
;US-NE;1931;p0p100;9939.15820312;;5676400640.0;;
;US-NE;1931;p99p100;124164.242188;;;0.1249243021;0.1249243021
;US-NE;1931;p99.9p100;364512.71875;;;0.0366744027;0.0366744027
;US-NE;1931;p99.99p100;991465.1875;;;0.009975343;0.009975343
;US-NE;1931;p90p100;;;;0.3744624555;0.3744624555
;US-NE;1931;p90p91;37218.4179688;;;;
;US-NE;1931;p95p96;51718.6445312;;;;
;US-NE;1931;p95p100;;;;0.2601761818;0.2601761818
;US-NE;1931;p99.5p100;173091.71875;;;0.0870756432;0.0870756432
;US-NE;1930;p0p100;11657.2792969;;6630524416.0;;
;US-NE;1930;p99p100;140664.46875;;;0.1206666455;0.1206666455
;US-NE;1930;p99.9p100;433081.53125;;;0.0371511728;0.0371511728
;US-NE;1930;p99.99p100;1363855.375;;;0.0116996029;0.0116996029
;US-NE;1930;p90p100;;;;0.3358169794;0.3358169794
;US-NE;1930;p90p91;39147.1210938;;;;
;US-NE;1930;p95p96;57972.2226562;;;;
;US-NE;1930;p95p100;;;;0.2486524582;0.2486524582
;US-NE;1930;p99.5p100;198547.5;;;0.0851603076;0.0851603076
;US-NE;1929;p0p100;13502.9541016;;7645064192.0;;
;US-NE;1929;p99p100;162573.609375;;;0.1203985438;0.1203985438
;US-NE;1929;p99.9p100;538621.1875;;;0.0398891345;0.0398891345
;US-NE;1929;p99.99p100;1827592.625;;;0.013534761;0.013534761
;US-NE;1929;p90p100;;;;0.3094144762;0.3094144762
;US-NE;1929;p90p91;41780.09375;;;;
;US-NE;1929;p95p96;65530.1171875;;;;
;US-NE;1929;p95p100;;;;0.2426510453;0.2426510453
;US-NE;1929;p99.5p100;233194.265625;;;0.0863493457;0.0863493457
;US-NE;1928;p0p100;10425.1904297;;5876602880.0;;
;US-NE;1928;p99p100;159572.421875;;;0.1530642956;0.1530642956
;US-NE;1928;p99.9p100;518933.03125;;;0.049776841;0.049776841
;US-NE;1928;p99.99p100;1659376.375;;;0.0159169901;0.0159169901
;US-NE;1928;p90p100;;;;0.3989737928;0.3989737928
;US-NE;1928;p90p91;41593.7734375;;;;
;US-NE;1928;p95p96;65219.671875;;;;
;US-NE;1928;p95p100;;;;0.3127984703;0.3127984703
;US-NE;1928;p99.5p100;228318.984375;;;0.1095035151;0.1095035151
;US-NE;1927;p0p100;10212.3427734;;5719739392.0;;
;US-NE;1927;p99p100;141193.359375;;;0.1382575482;0.1382575482
;US-NE;1927;p99.9p100;413103.09375;;;0.0404513553;0.0404513553
;US-NE;1927;p99.99p100;1051785.75;;;0.0102991629;0.0102991629
;US-NE;1927;p90p100;;;;0.3835786581;0.3835786581
;US-NE;1927;p90p91;39172.3632812;;;;
;US-NE;1927;p95p96;60344.078125;;;;
;US-NE;1927;p95p100;;;;0.2954467833;0.2954467833
;US-NE;1927;p99.5p100;198092.90625;;;0.096987009;0.096987009
;US-NE;1926;p0p100;10479.84375;;5822308864.0;;
;US-NE;1926;p99p100;135944.390625;;;0.1297198683;0.1297198683
;US-NE;1926;p99.9p100;398323.65625;;;0.038008552;0.038008552
;US-NE;1926;p99.99p100;1056615.0;;;0.0100823548;0.0100823548
;US-NE;1926;p90p100;;;;0.3760022521;0.3760022521
;US-NE;1926;p90p91;39404.4453125;;;;
;US-NE;1926;p95p96;59973.0351562;;;;
;US-NE;1926;p95p100;;;;0.2861351669;0.2861351669
;US-NE;1926;p99.5p100;190198.0;;;0.0907446817;0.0907446817
;US-NE;1925;p0p100;10917.2216797;;6018315776.0;;
;US-NE;1925;p99p100;145796.34375;;;0.1335470974;0.1335470974
;US-NE;1925;p99.9p100;472268.59375;;;0.043259047;0.043259047
;US-NE;1925;p99.99p100;1612510.125;;;0.0147703337;0.0147703337
;US-NE;1925;p90p100;;;;0.3794197142;0.3794197142
;US-NE;1925;p90p91;41422.09375;;;;
;US-NE;1925;p95p96;62460.953125;;;;
;US-NE;1925;p95p100;;;;0.2860661447;0.2860661447
;US-NE;1925;p99.5p100;208216.171875;;;0.0953613371;0.0953613371
;US-NE;1924;p0p100;11676.0957031;;6376477696.0;;
;US-NE;1924;p99p100;128944.0;;;0.1104341745;0.1104341745
;US-NE;1924;p99.9p100;385425.5;;;0.0330097936;0.0330097936
;US-NE;1924;p99.99p100;1030104.0625;;;0.008822334;0.008822334
;US-NE;1924;p90p100;;;;0.3730811775;0.3730811775
;US-NE;1924;p90p91;43561.3125;;;;
;US-NE;1924;p95p96;60241.359375;;;;
;US-NE;1924;p95p100;;;;0.2579687834;0.2579687834
;US-NE;1924;p99.5p100;181206.984375;;;0.0775974244;0.0775974244
;US-NE;1923;p0p100;12253.1826172;;6600835072.0;;
;US-NE;1923;p99p100;121147.90625;;;0.0988705754;0.0988705754
;US-NE;1923;p99.9p100;374676.4375;;;0.0305778924;0.0305778924
;US-NE;1923;p99.99p100;1034378.5625;;;0.0084417155;0.0084417155
;US-NE;1923;p90p100;;;;0.3582945168;0.3582945168
;US-NE;1923;p90p91;43902.4726562;;;;
;US-NE;1923;p95p96;59909.5546875;;;;
;US-NE;1923;p95p100;;;;0.2444653213;0.2444653213
;US-NE;1923;p99.5p100;172223.015625;;;0.0702768639;0.0702768639
;US-NE;1922;p0p100;11734.0;;6247427584.0;;
;US-NE;1922;p99p100;124611.726562;;;0.1061971411;0.1061971411
;US-NE;1922;p99.9p100;374524.84375;;;0.0319179222;0.0319179222
;US-NE;1922;p99.99p100;932745.875;;;0.0079490878;0.0079490878
;US-NE;1922;p90p100;;;;0.3616016805;0.3616016805
;US-NE;1922;p90p91;42430.3359375;;;;
;US-NE;1922;p95p96;58303.7109375;;;;
;US-NE;1922;p95p100;;;;0.2484391928;0.2484391928
;US-NE;1922;p99.5p100;174675.078125;;;0.074431181;0.074431181
;US-NE;1921;p0p100;11112.9072266;;5866352640.0;;
;US-NE;1921;p99p100;113476.90625;;;0.102112703;0.102112703
;US-NE;1921;p99.9p100;329231.84375;;;0.0296260752;0.0296260752
;US-NE;1921;p99.99p100;792440.5625;;;0.0071308124;0.0071308124
;US-NE;1921;p90p100;;;;0.3547208905;0.3547208905
;US-NE;1921;p90p91;39419.8046875;;;;
;US-NE;1921;p95p96;53297.5078125;;;;
;US-NE;1921;p95p100;;;;0.2398000211;0.2398000211
;US-NE;1921;p99.5p100;157408.671875;;;0.070822455;0.070822455
;US-NE;1920;p0p100;16863.1953125;;8776823808.0;;
;US-NE;1920;p99p100;147555.359375;;;0.087501429;0.087501429
;US-NE;1920;p99.9p100;383736.84375;;;0.0227558799;0.0227558799
;US-NE;1920;p99.99p100;854077.9375;;;0.0050647454;0.0050647454
;US-NE;1920;p90p100;;;;0.2890022695;0.2890022695
;US-NE;1920;p90p91;48735.015625;;;;
;US-NE;1920;p95p96;67646.5625;;;;
;US-NE;1920;p95p100;;;;0.2005745769;0.2005745769
;US-NE;1920;p99.5p100;200216.5;;;0.0593649335;0.0593649335
;US-NE;1919;p0p100;20839.0566406;;10681971712.0;;
;US-NE;1919;p99p100;169155.171875;;;0.0811721832;0.0811721832
;US-NE;1919;p99.9p100;483826.375;;;0.0232172869;0.0232172869
;US-NE;1919;p99.99p100;1294711.0;;;0.0062129055;0.0062129055
;US-NE;1919;p90p100;;;;0.2747487724;0.2747487724
;US-NE;1919;p90p91;57255.0585938;;;;
;US-NE;1919;p95p96;79206.3671875;;;;
;US-NE;1919;p95p100;;;;0.190043062;0.190043062
;US-NE;1919;p99.5p100;231880.46875;;;0.055636026;0.055636026
;US-NE;1918;p0p100;27732.2226562;;14081961984.0;;
;US-NE;1918;p99p100;163909.21875;;;0.0591042452;0.0591042452
;US-NE;1918;p99.9p100;451716.53125;;;0.0162885059;0.0162885059
;US-NE;1918;p99.99p100;1165945.125;;;0.0042042965;0.0042042965
;US-NE;1918;p90p100;;;;0.2366084456;0.2366084456
;US-NE;1918;p90p91;65616.78125;;;;
;US-NE;1918;p95p96;84483.53125;;;;
;US-NE;1918;p95p100;;;;0.1523201466;0.1523201466
;US-NE;1918;p99.5p100;219754.703125;;;0.0396208167;0.0396208167
;US-NE;1917;p0p100;28290.3476562;;14418163712.0;;
