Variable Name;.;.;.;Fiscal income  | tax unit | Average | Adults | constant 2015 local currency;Fiscal income  | tax unit | Threshold | Adults | constant 2015 local currency;Fiscal income  | tax unit | Total | Adults | constant 2015 local currency;Fiscal income  | tax unit | Share | Adults | share of total (ratio);Pre-tax national income  | tax unit | Share | Adults | share of total (ratio)
Variable Category;.;.;.;Income inequality;Income inequality;Income inequality;Income inequality;Income inequality
Variable Description;.;.;.;Average Fiscal income within a given percentile group. Fiscal income is defined as the sum of all income items reported on income tax returns, before any deduction. It includes labour income, capital income and mixed income. The concept of fiscal income varies with national tax legislations, so in order to make international comparisons it is preferable to use the concept of national income. The population is comprised of individuals over age 20. The base unit is the tax unit defined by national fiscal administrations to measure personal income taxes.;Fiscal income threshold value at a given percentile.  Fiscal income is defined as the sum of all income items reported on income tax returns, before any deduction. It includes labour income, capital income and mixed income. The concept of fiscal income varies with national tax legislations, so in order to make international comparisons it is preferable to use the concept of national income. The population is comprised of individuals over age 20. The base unit is the tax unit defined by national fiscal administrations to measure personal income taxes.;Total Fiscal income  within a given percentile group. Fiscal income is defined as the sum of all income items reported on income tax returns, before any deduction. It includes labour income, capital income and mixed income. The concept of fiscal income varies with national tax legislations, so in order to make international comparisons it is preferable to use the concept of national income. The population is comprised of individuals over age 20.;Fiscal income share held by a given percentile group. Fiscal income is defined as the sum of all income items reported on income tax returns, before any deduction. It includes labour income, capital income and mixed income. The concept of fiscal income varies with national tax legislations, so in order to make international comparisons it is preferable to use the concept of national income. The population is comprised of individuals over age 20. The base unit is the tax unit defined by national fiscal administrations to measure personal income taxes.;Pre-tax national income share held by a given percentile group. Pre-tax national income  is the sum of all pre-tax personal income flows accruing to the owners of the production factors, labor and capital, before taking into account the operation of the tax/transfer system, but after taking into account the operation of pension system. The central difference between personal factor income and pre-tax income is the treatment of pensions, which are counted on a contribution basis by factor income and on a distribution basis by pre-tax income. The population is comprised of individuals over age 20. The base unit is the tax unit defined by national fiscal administrations to measure personal income taxes.
Variable Decomposition;.;.;.;[Fiscal income ]=[Fiscal labour income ]+[Fiscal capital income ];[Fiscal income ]=[Fiscal labour income ]+[Fiscal capital income ];[Fiscal income ]=[Fiscal labour income ]+[Fiscal capital income ];[Fiscal income ]=[Fiscal labour income ]+[Fiscal capital income ];Pre-tax national income =Pre-tax labor income [total pre-tax income ranking]+Pre-tax capital income [total pre-tax income ranking]
Variable Unit;.;.;.;"USD; United States dollar | local currency | market";"USD; United States dollar | local currency | market";"USD; United States dollar | local currency | market";share;share
Methodological Notes;.;.;.;;;;;Assuming the same distribution as fiscal income.
Sources;.;.;.;Frank, Sommeiller, Price & Saez (2015);Frank, Sommeiller, Price & Saez (2015);Frank, Sommeiller, Price & Saez (2015);Frank, Sommeiller, Price & Saez (2015);WID.world computations using: Frank, Sommeiller, Price & Saez (2015)
Variable Code;country;year;perc;afiinc992t;tfiinc992t;mfiinc992t;sfiinc992t;sptinc992t
;US-NC;2014;p0p100;50468.4179688;;2.54868799488e+11;;
;US-NC;2014;p99p100;;345204.65625;;0.1679420173;0.1679420173
;US-NC;2014;p99.9p100;;1316082.375;;0.0677109584;0.0677109584
;US-NC;2014;p99.99p100;;5497717.0;;0.0273029916;0.0273029916
;US-NC;2014;p90p100;;112447.4375;;0.4678762853;0.4678762853
;US-NC;2014;p90p91;239203.3125;;;;
;US-NC;2014;p95p96;344910.25;;;;
;US-NC;2014;p90p95;133496.375;112447.4375;;0.1291685998;0.1291685998
;US-NC;2014;p95p99;216877.015625;152640.21875;;0.1706184894;0.1706184894
;US-NC;2014;p99.5p99.9;752763.1875;522223.125;;0.0594689474;0.0594689474
;US-NC;2014;p99.9p99.99;2245989.75;1316082.375;;0.0407814868;0.0407814868
;US-NC;2014;p99p99.5;417557.625;345204.65625;;0.0408782177;0.0408782177
;US-NC;2014;p95p100;;152640.21875;;0.3384746313;0.3384746313
;US-NC;2014;p0p90;29497.875;;;0.5317812562;0.5317812562
;US-NC;2014;p0p99;42321.1992188;;;0.8320579529;0.8320579529
;US-NC;2014;p99.5p100;;522223.125;;0.1270562857;0.1270562857
;US-NC;2014;p99.5p99.6;1296528.625;;;;
;US-NC;2014;p99.99p99.991;14501997.0;;;;
;US-NC;2014;p99.9p99.91;3471590.5;;;;
;US-NC;2014;p99p99.1;857043.125;;;;
;US-NC;2013;p0p100;50346.9296875;;2.42188582912e+11;;
;US-NC;2013;p99p100;;341829.5625;;0.1524172723;0.1524172723
;US-NC;2013;p99.9p100;;1211683.875;;0.0563055165;0.0563055165
;US-NC;2013;p99.99p100;;4594164.5;;0.0210682191;0.0210682191
;US-NC;2013;p90p100;;114092.039062;;0.4504401386;0.4504401386
;US-NC;2013;p90p91;231627.984375;;;;
;US-NC;2013;p95p96;328077.34375;;;;
;US-NC;2013;p90p95;135178.625;114092.039062;;0.1293616742;0.1293616742
;US-NC;2013;p95p99;215547.671875;154070.890625;;0.1682157069;0.1682157069
;US-NC;2013;p99.5p99.9;715610.0;504207.75;;0.0559121221;0.0559121221
;US-NC;2013;p99.9p99.99;1984536.75;1211683.875;;0.0353804119;0.0353804119
;US-NC;2013;p99p99.5;408532.15625;341829.5625;;0.0402382538;0.0402382538
;US-NC;2013;p95p100;;154070.890625;;0.3207244575;0.3207244575
;US-NC;2013;p0p90;30204.5917969;;;0.5498236418;0.5498236418
;US-NC;2013;p0p99;42994.9179688;;;0.8475827575;0.8475827575
;US-NC;2013;p99.5p100;;504207.75;;0.1122387871;0.1122387871
;US-NC;2013;p99.5p99.6;1147860.0;;;;
;US-NC;2013;p99.99p99.991;10907770.0;;;;
;US-NC;2013;p99.9p99.91;2876860.0;;;;
;US-NC;2013;p99p99.1;778196.0625;;;;
;US-NC;2012;p0p100;51168.609375;;2.49350815744e+11;;
;US-NC;2012;p99p100;851725.4375;;;0.1664546877;0.1664546877
;US-NC;2012;p99.9p100;3584658.5;;;0.07005582;0.07005582
;US-NC;2012;p99.99p100;14704885.0;;;0.0287380982;0.0287380982
;US-NC;2012;p90p100;;;;0.4527145922;0.4527145922
;US-NC;2012;p90p91;231647.75;;;;
;US-NC;2012;p95p96;334942.96875;;;;
;US-NC;2012;p95p100;;;;0.3272934258;0.3272934258
;US-NC;2012;p99.5p100;1306881.5;;;0.1277034581;0.1277034581
;US-NC;2011;p0p100;49380.9179688;;2.3284072448e+11;;
;US-NC;2011;p99p100;753670.75;;;0.1526238918;0.1526238918
;US-NC;2011;p99.9p100;2990990.25;;;0.0605697557;0.0605697557
;US-NC;2011;p99.99p100;12029107.0;;;0.0243598279;0.0243598279
;US-NC;2011;p90p100;;;;0.4451313019;0.4451313019
;US-NC;2011;p90p91;219809.921875;;;;
;US-NC;2011;p95p96;312544.40625;;;;
;US-NC;2011;p95p100;;;;0.3164627552;0.3164627552
;US-NC;2011;p99.5p100;1131300.0;;;0.1145482957;0.1145482957
;US-NC;2010;p0p100;50656.046875;;2.3521746944e+11;;
;US-NC;2010;p99p100;744786.0;;;0.1470280588;0.1470280588
;US-NC;2010;p99.9p100;2967057.0;;;0.0585726127;0.0585726127
;US-NC;2010;p99.99p100;12170558.0;;;0.0240258742;0.0240258742
;US-NC;2010;p90p100;;;;0.4290694296;0.4290694296
;US-NC;2010;p90p91;217349.59375;;;;
;US-NC;2010;p95p96;308016.5625;;;;
;US-NC;2010;p95p100;;;;0.304027468;0.304027468
;US-NC;2010;p99.5p100;1119488.5;;;0.110499002;0.110499002
;US-NC;2009;p0p100;49458.4765625;;2.25455865856e+11;;
;US-NC;2009;p99p100;708373.6875;;;0.1432259232;0.1432259232
;US-NC;2009;p99.9p100;2825155.75;;;0.0571217686;0.0571217686
;US-NC;2009;p99.99p100;11553666.0;;;0.0233603343;0.0233603343
;US-NC;2009;p90p100;;;;0.4243795276;0.4243795276
;US-NC;2009;p90p91;209891.671875;;;;
;US-NC;2009;p95p96;293729.71875;;;;
;US-NC;2009;p95p100;;;;0.2969457805;0.2969457805
;US-NC;2009;p99.5p100;1061557.75;;;0.107318081;0.107318081
;US-NC;2008;p0p100;54260.7070312;;2.4274173952e+11;;
;US-NC;2008;p99p100;876999.0625;;;0.1616269052;0.1616269052
;US-NC;2008;p99.9p100;3740759.25;;;0.068940483;0.068940483
;US-NC;2008;p99.99p100;15554929.0;;;0.0286670215;0.0286670215
;US-NC;2008;p90p100;;;;0.4352664053;0.4352664053
;US-NC;2008;p90p91;236178.640625;;;;
;US-NC;2008;p95p96;340072.0625;;;;
;US-NC;2008;p95p100;;;;0.3133686185;0.3133686185
;US-NC;2008;p99.5p100;1349293.5;;;0.1243343055;0.1243343055
;US-NC;2007;p0p100;59656.875;;2.59778494464e+11;;
;US-NC;2007;p99p100;1098007.625;;;0.1840538085;0.1840538085
;US-NC;2007;p99.9p100;4968201.0;;;0.0832796022;0.0832796022
;US-NC;2007;p99.99p100;21165206.0;;;0.0354782343;0.0354782343
;US-NC;2007;p90p100;;;;0.4502573609;0.4502573609
;US-NC;2007;p90p91;268609.5;;;;
;US-NC;2007;p95p96;399404.1875;;;;
;US-NC;2007;p95p100;;;;0.3347511888;0.3347511888
;US-NC;2007;p99.5p100;1728338.5;;;0.1448565871;0.1448565871
;US-NC;2006;p0p100;57080.109375;;2.460196864e+11;;
;US-NC;2006;p99p100;1040771.5;;;0.1823352426;0.1823352426
;US-NC;2006;p99.9p100;4605917.5;;;0.0806921646;0.0806921646
;US-NC;2006;p99.99p100;18915828.0;;;0.0331390873;0.0331390873
;US-NC;2006;p90p100;;;;0.4522442818;0.4522442818
;US-NC;2006;p90p91;258141.53125;;;;
;US-NC;2006;p95p96;382344.5;;;;
;US-NC;2006;p95p100;;;;0.3349192142;0.3349192142
;US-NC;2006;p99.5p100;1628965.0;;;0.1426911205;0.1426911205
;US-NC;2005;p0p100;56211.7382812;;2.36378914816e+11;;
;US-NC;2005;p99p100;957015.1875;;;0.1702518314;0.1702518314
;US-NC;2005;p99.9p100;4159445.0;;;0.0739960223;0.0739960223
;US-NC;2005;p99.99p100;16839928.0;;;0.0299580265;0.0299580265
;US-NC;2005;p90p100;;;;0.433572948;0.433572948
;US-NC;2005;p90p91;243718.875;;;;
;US-NC;2005;p95p96;358513.625;;;;
;US-NC;2005;p95p100;;;;0.3188956976;0.3188956976
;US-NC;2005;p99.5p100;1486862.625;;;0.1322555244;0.1322555244
;US-NC;2004;p0p100;54144.9960938;;2.21269016576e+11;;
;US-NC;2004;p99p100;842776.5;;;0.155651778;0.155651778
;US-NC;2004;p99.9p100;3508440.75;;;0.0647971407;0.0647971407
;US-NC;2004;p99.99p100;13982909.0;;;0.0258249324;0.0258249324
;US-NC;2004;p90p100;;;;0.4204103053;0.4204103053
;US-NC;2004;p90p91;227631.140625;;;;
;US-NC;2004;p95p96;334623.21875;;;;
;US-NC;2004;p95p100;;;;0.3090066016;0.3090066016
;US-NC;2004;p99.5p100;1287598.875;;;0.1189028472;0.1189028472
;US-NC;2003;p0p100;51013.25;;2.04928483328e+11;;
;US-NC;2003;p99p100;738400.4375;;;0.1447467804;0.1447467804
;US-NC;2003;p99.9p100;2932873.75;;;0.0574923828;0.0574923828
;US-NC;2003;p99.99p100;11520811.0;;;0.022583954;0.022583954
;US-NC;2003;p90p100;;;;0.4165008962;0.4165008962
;US-NC;2003;p90p91;212470.671875;;;;
;US-NC;2003;p95p96;303134.46875;;;;
;US-NC;2003;p95p100;;;;0.2971134484;0.2971134484
;US-NC;2003;p99.5p100;1110229.125;;;0.108817704;0.108817704
;US-NC;2002;p0p100;51893.0859375;;2.0335886336e+11;;
;US-NC;2002;p99p100;715999.4375;;;0.1379758716;0.1379758716
;US-NC;2002;p99.9p100;2748272.75;;;0.0529602878;0.0529602878
;US-NC;2002;p99.99p100;10372634.0;;;0.0199884716;0.0199884716
;US-NC;2002;p90p100;;;;0.4068666101;0.4068666101
;US-NC;2002;p90p91;211135.625;;;;
;US-NC;2002;p95p96;299330.25;;;;
;US-NC;2002;p95p100;;;;0.2884105146;0.2884105146
;US-NC;2002;p99.5p100;1065919.875;;;0.1027034521;0.1027034521
;US-NC;2001;p0p100;55100.1679688;;2.11014139904e+11;;
;US-NC;2001;p99p100;757497.875;;;0.1374765188;0.1374765188
;US-NC;2001;p99.9p100;2771059.25;;;0.0502913035;0.0502913035
;US-NC;2001;p99.99p100;9860966.0;;;0.0178964362;0.0178964362
;US-NC;2001;p90p100;;;;0.3999809921;0.3999809921
;US-NC;2001;p90p91;220390.203125;;;;
;US-NC;2001;p95p96;314304.9375;;;;
;US-NC;2001;p95p100;;;;0.2852123082;0.2852123082
;US-NC;2001;p99.5p100;1117288.625;;;0.1013870388;0.1013870388
;US-NC;2000;p0p100;58887.4492188;;2.254381056e+11;;
;US-NC;2000;p99p100;909696.8125;;;0.1544806063;0.1544806063
;US-NC;2000;p99.9p100;3751112.75;;;0.0636996999;0.0636996999
;US-NC;2000;p99.99p100;14314047.0;;;0.0243074652;0.0243074652
;US-NC;2000;p90p100;;;;0.4090140164;0.4090140164
;US-NC;2000;p90p91;240857.921875;;;;
;US-NC;2000;p95p96;353140.28125;;;;
;US-NC;2000;p95p100;;;;0.2998434305;0.2998434305
;US-NC;2000;p99.5p100;1387751.0;;;0.1178308055;0.1178308055
;US-NC;1999;p0p100;59309.3671875;;2.1531475968e+11;;
;US-NC;1999;p99p100;880688.0625;;;0.1484905481;0.1484905481
;US-NC;1999;p99.9p100;3453299.75;;;0.0582252033;0.0582252033
;US-NC;1999;p99.99p100;12363340.0;;;0.0208455101;0.0208455101
;US-NC;1999;p90p100;;;;0.4029571712;0.4029571712
;US-NC;1999;p90p91;238991.34375;;;;
;US-NC;1999;p95p96;348223.53125;;;;
;US-NC;1999;p95p100;;;;0.2935653627;0.2935653627
;US-NC;1999;p99.5p100;1328728.125;;;0.1120167151;0.1120167151
;US-NC;1998;p0p100;55994.8164062;;2.01099116544e+11;;
;US-NC;1998;p99p100;846057.625;;;0.1510957032;0.1510957032
;US-NC;1998;p99.9p100;3477188.75;;;0.0620984063;0.0620984063
;US-NC;1998;p99.99p100;13397674.0;;;0.0239266306;0.0239266306
;US-NC;1998;p90p100;;;;0.4049697518;0.4049697518
;US-NC;1998;p90p91;226762.078125;;;;
;US-NC;1998;p95p96;330053.875;;;;
;US-NC;1998;p95p100;;;;0.2947182357;0.2947182357
;US-NC;1998;p99.5p100;1287486.375;;;0.1149647757;0.1149647757
;US-NC;1997;p0p100;52424.703125;;1.8634063872e+11;;
;US-NC;1997;p99p100;763416.625;;;0.1456215531;0.1456215531
;US-NC;1997;p99.9p100;3045986.25;;;0.0581021123;0.0581021123
;US-NC;1997;p99.99p100;11858012.0;;;0.022619132;0.022619132
;US-NC;1997;p90p100;;;;0.4023209214;0.4023209214
;US-NC;1997;p90p91;210915.53125;;;;
;US-NC;1997;p95p96;304264.3125;;;;
;US-NC;1997;p95p100;;;;0.2901917696;0.2901917696
;US-NC;1997;p99.5p100;1153542.25;;;0.1100189611;0.1100189611
;US-NC;1996;p0p100;49331.9101562;;1.71116544e+11;;
;US-NC;1996;p99p100;677830.5625;;;0.1374020576;0.1374020576
;US-NC;1996;p99.9p100;2656663.0;;;0.0538528301;0.0538528301
;US-NC;1996;p99.99p100;10136556.0;;;0.0205476657;0.0205476657
;US-NC;1996;p90p100;;;;0.3952535987;0.3952535987
;US-NC;1996;p90p91;194986.140625;;;;
;US-NC;1996;p95p96;276986.34375;;;;
;US-NC;1996;p95p100;;;;0.2807375193;0.2807375193
;US-NC;1996;p99.5p100;1016972.5625;;;0.1030745134;0.1030745134
;US-NC;1995;p0p100;47501.75;;1.60251133952e+11;;
;US-NC;1995;p99p100;610440.4375;;;0.1285090446;0.1285090446
;US-NC;1995;p99.9p100;2278862.5;;;0.0479742847;0.0479742847
;US-NC;1995;p99.99p100;8287961.5;;;0.0174476989;0.0174476989
;US-NC;1995;p90p100;;;;0.385006696;0.385006696
;US-NC;1995;p90p91;182884.921875;;;;
;US-NC;1995;p95p96;256398.921875;;;;
;US-NC;1995;p95p100;;;;0.2698836923;0.2698836923
;US-NC;1995;p99.5p100;903185.0;;;0.0950686112;0.0950686112
;US-NC;1994;p0p100;45156.4140625;;1.51704633344e+11;;
;US-NC;1994;p99p100;556811.875;;;0.1233073771;0.1233073771
;US-NC;1994;p99.9p100;2113560.75;;;0.0468053296;0.0468053296
;US-NC;1994;p99.99p100;8053049.0;;;0.0178336781;0.0178336781
;US-NC;1994;p90p100;;;;0.3759579062;0.3759579062
;US-NC;1994;p90p91;169769.09375;;;;
;US-NC;1994;p95p96;237202.703125;;;;
;US-NC;1994;p95p100;;;;0.2626456618;0.2626456618
;US-NC;1994;p99.5p100;826301.9375;;;0.0914933085;0.0914933085
;US-NC;1993;p0p100;44068.3945312;;1.45594433536e+11;;
;US-NC;1993;p99p100;528977.6875;;;0.1200356185;0.1200356185
;US-NC;1993;p99.9p100;1992115.75;;;0.0452050902;0.0452050902
;US-NC;1993;p99.99p100;7538962.0;;;0.0171074141;0.0171074141
;US-NC;1993;p90p100;;;;0.3747689724;0.3747689724
;US-NC;1993;p90p91;165154.65625;;;;
;US-NC;1993;p95p96;228727.5625;;;;
;US-NC;1993;p95p100;;;;0.2595143318;0.2595143318
;US-NC;1993;p99.5p100;784935.5625;;;0.0890587941;0.0890587941
;US-NC;1992;p0p100;43696.1171875;;1.42153777152e+11;;
;US-NC;1992;p99p100;536428.375;;;0.1227634102;0.1227634102
;US-NC;1992;p99.9p100;2067897.875;;;0.0473245233;0.0473245233
;US-NC;1992;p99.99p100;7918247.5;;;0.0181211699;0.0181211699
;US-NC;1992;p90p100;;;;0.3771689236;0.3771689236
;US-NC;1992;p90p91;164808.171875;;;;
;US-NC;1992;p95p96;227522.84375;;;;
;US-NC;1992;p95p100;;;;0.2603467703;0.2603467703
;US-NC;1992;p99.5p100;803254.875;;;0.0919137672;0.0919137672
;US-NC;1991;p0p100;42074.8242188;;1.35147012096e+11;;
;US-NC;1991;p99p100;470099.9375;;;0.1117295101;0.1117295101
;US-NC;1991;p99.9p100;1679875.0;;;0.0399258919;0.0399258919
;US-NC;1991;p99.99p100;5980966.5;;;0.0142150708;0.0142150708
;US-NC;1991;p90p100;;;;0.3711936176;0.3711936176
;US-NC;1991;p90p91;156179.0625;;;;
;US-NC;1991;p95p96;210760.953125;;;;
;US-NC;1991;p95p100;;;;0.250459671;0.250459671
;US-NC;1991;p99.5p100;687951.75;;;0.0817533731;0.0817533731
;US-NC;1990;p0p100;43610.5078125;;1.3689749504e+11;;
;US-NC;1990;p99p100;502236.0625;;;0.1151639968;0.1151639968
;US-NC;1990;p99.9p100;1856026.125;;;0.0425591469;0.0425591469
;US-NC;1990;p99.99p100;6760654.5;;;0.0155023523;0.0155023523
;US-NC;1990;p90p100;;;;0.3665275276;0.3665275276
;US-NC;1990;p90p91;159844.515625;;;;
;US-NC;1990;p95p96;218208.859375;;;;
;US-NC;1990;p95p100;;;;0.2501792312;0.2501792312
;US-NC;1990;p99.5p100;745490.9375;;;0.0854714811;0.0854714811
;US-NC;1989;p0p100;44335.0585938;;1.35669702656e+11;;
;US-NC;1989;p99p100;572915.25;;;0.1292239577;0.1292239577
;US-NC;1989;p99.9p100;2237491.5;;;0.0504677668;0.0504677668
;US-NC;1989;p99.99p100;8633265.0;;;0.0194727704;0.0194727704
;US-NC;1989;p90p100;;;;0.3791686296;0.3791686296
;US-NC;1989;p90p91;168104.640625;;;;
;US-NC;1989;p95p96;235254.40625;;;;
;US-NC;1989;p95p100;;;;0.2653141916;0.2653141916
;US-NC;1989;p99.5p100;860968.6875;;;0.0970979482;0.0970979482
;US-NC;1988;p0p100;44698.34375;;1.32834402304e+11;;
;US-NC;1988;p99p100;583536.5;;;0.1305499226;0.1305499226
;US-NC;1988;p99.9p100;2358042.75;;;0.0527545959;0.0527545959
;US-NC;1988;p99.99p100;9142027.0;;;0.0204527229;0.0204527229
;US-NC;1988;p90p100;;;;0.3717775643;0.3717775643
;US-NC;1988;p90p91;166178.40625;;;;
;US-NC;1988;p95p96;233721.765625;;;;
;US-NC;1988;p95p100;;;;0.2614434659;0.2614434659
;US-NC;1988;p99.5p100;888483.4375;;;0.099386625;0.099386625
;US-NC;1987;p0p100;42014.453125;;1.22816299008e+11;;
;US-NC;1987;p99p100;469019.03125;;;0.1116327718;0.1116327718
;US-NC;1987;p99.9p100;1699725.875;;;0.0404557362;0.0404557362
;US-NC;1987;p99.99p100;6199943.5;;;0.0147566916;0.0147566916
;US-NC;1987;p90p100;;;;0.3599826694;0.3599826694
;US-NC;1987;p90p91;151244.75;;;;
;US-NC;1987;p95p96;205805.15625;;;;
;US-NC;1987;p95p100;;;;0.2449218333;0.2449218333
;US-NC;1987;p99.5p100;686306.5;;;0.0816750452;0.0816750452
;US-NC;1986;p0p100;43176.3085938;;1.23562819584e+11;;
;US-NC;1986;p99p100;615362.6875;;;0.142523244;0.142523244
;US-NC;1986;p99.9p100;2738258.5;;;0.0634204;0.0634204
;US-NC;1986;p99.99p100;11844460.0;;;0.0274327789;0.0274327789
;US-NC;1986;p90p100;;;;0.3810501695;0.3810501695
;US-NC;1986;p90p91;164523.390625;;;;
;US-NC;1986;p95p96;235436.765625;;;;
;US-NC;1986;p95p100;;;;0.2726458013;0.2726458013
;US-NC;1986;p99.5p100;962920.6875;;;0.1115103215;0.1115103215
;US-NC;1985;p0p100;40378.9179688;;1.13523867648e+11;;
;US-NC;1985;p99p100;445003.65625;;;0.1102069244;0.1102069244
;US-NC;1985;p99.9p100;1721019.375;;;0.042621728;0.042621728
;US-NC;1985;p99.99p100;6601919.0;;;0.0163499154;0.0163499154
;US-NC;1985;p90p100;;;;0.3475148976;0.3475148976
;US-NC;1985;p90p91;140322.765625;;;;
;US-NC;1985;p95p96;192963.359375;;;;
;US-NC;1985;p95p100;;;;0.2389407009;0.2389407009
;US-NC;1985;p99.5p100;658511.625;;;0.0815415084;0.0815415084
;US-NC;1984;p0p100;39203.0820312;;1.08327706624e+11;;
;US-NC;1984;p99p100;445734.0625;;;0.1136987358;0.1136987358
;US-NC;1984;p99.9p100;1725166.75;;;0.0440058969;0.0440058969
;US-NC;1984;p99.99p100;7178512.0;;;0.0183110926;0.0183110926
;US-NC;1984;p90p100;;;;0.3393619359;0.3393619359
;US-NC;1984;p90p91;133040.328125;;;;
;US-NC;1984;p95p96;186437.0;;;;
;US-NC;1984;p95p100;;;;0.2377835959;0.2377835959
;US-NC;1984;p99.5p100;643194.0;;;0.0820335969;0.0820335969
;US-NC;1983;p0p100;37681.8203125;;1.0236628992e+11;;
;US-NC;1983;p99p100;451406.78125;;;0.1197943166;0.1197943166
;US-NC;1983;p99.9p100;1701598.375;;;0.0451570116;0.0451570116
;US-NC;1983;p99.99p100;6935336.5;;;0.0184049942;0.0184049942
;US-NC;1983;p90p100;;;;0.3372065425;0.3372065425
;US-NC;1983;p90p91;127065.570312;;;;
;US-NC;1983;p95p96;181311.84375;;;;
;US-NC;1983;p95p100;;;;0.2405826449;0.2405826449
;US-NC;1983;p99.5p100;635310.3125;;;0.084299311;0.084299311
;US-NC;1982;p0p100;35042.34375;;91274436608.0;;
;US-NC;1982;p99p100;368781.90625;;;0.1052389368;0.1052389368
;US-NC;1982;p99.9p100;1426433.125;;;0.0407059826;0.0407059826
;US-NC;1982;p99.99p100;5922596.0;;;0.0169012547;0.0169012547
;US-NC;1982;p90p100;;;;0.3399735987;0.3399735987
;US-NC;1982;p90p91;119134.71875;;;;
;US-NC;1982;p95p96;161457.75;;;;
;US-NC;1982;p95p100;;;;0.2303752154;0.2303752154
;US-NC;1982;p99.5p100;544167.625;;;0.077644296;0.077644296
;US-NC;1981;p0p100;36815.921875;;91189747712.0;;
;US-NC;1981;p99p100;323151.0;;;0.0877747908;0.0877747908
;US-NC;1981;p99.9p100;968158.1875;;;0.0262972675;0.0262972675
;US-NC;1981;p99.99p100;3030838.75;;;0.0082324129;0.0082324129
;US-NC;1981;p90p100;;;;0.3409633636;0.3409633636
;US-NC;1981;p90p91;125528.796875;;;;
;US-NC;1981;p95p96;158321.578125;;;;
;US-NC;1981;p95p100;;;;0.2150178254;0.2150178254
;US-NC;1981;p99.5p100;442136.78125;;;0.0600469522;0.0600469522
;US-NC;1980;p0p100;37722.3398438;;90048331776.0;;
;US-NC;1980;p99p100;341621.0625;;;0.0905620009;0.0905620009
;US-NC;1980;p99.9p100;983418.875;;;0.0260699354;0.0260699354
;US-NC;1980;p99.99p100;3097676.5;;;0.0082117831;0.0082117831
;US-NC;1980;p90p100;;;;0.3321524262;0.3321524262
;US-NC;1980;p90p91;125295.664062;;;;
;US-NC;1980;p95p96;163547.6875;;;;
;US-NC;1980;p95p100;;;;0.2167782933;0.2167782933
;US-NC;1980;p99.5p100;468180.75;;;0.0620561652;0.0620561652
;US-NC;1979;p0p100;36935.65625;;88562647040.0;;
;US-NC;1979;p99p100;336692.375;;;0.0911564678;0.0911564678
;US-NC;1979;p99.9p100;1074555.5;;;0.0290926304;0.0290926304
;US-NC;1979;p99.99p100;3894724.5;;;0.0105446195;0.0105446195
;US-NC;1979;p90p100;;;;0.3333345056;0.3333345056
;US-NC;1979;p90p91;123119.289062;;;;
;US-NC;1979;p95p96;163830.890625;;;;
;US-NC;1979;p95p100;;;;0.2217787653;0.2217787653
;US-NC;1979;p99.5p100;474992.59375;;;0.0643000081;0.0643000081
;US-NC;1978;p0p100;37471.2226562;;85741690880.0;;
;US-NC;1978;p99p100;310022.8125;;;0.0827362537;0.0827362537
;US-NC;1978;p99.9p100;802470.875;;;0.0214156602;0.0214156602
;US-NC;1978;p99.99p100;2186877.75;;;0.0058361529;0.0058361529
;US-NC;1978;p90p100;;;;0.3219094574;0.3219094574
;US-NC;1978;p90p91;120623.390625;;;;
;US-NC;1978;p95p96;160001.15625;;;;
;US-NC;1978;p95p100;;;;0.2134987265;0.2134987265
;US-NC;1978;p99.5p100;412358.875;;;0.0550234169;0.0550234169
;US-NC;1977;p0p100;36426.9648438;;81396432896.0;;
;US-NC;1977;p99p100;310308.21875;;;0.085186407;0.085186407
;US-NC;1977;p99.9p100;782131.8125;;;0.0214712322;0.0214712322
;US-NC;1977;p99.99p100;2157663.75;;;0.00592326;0.00592326
;US-NC;1977;p90p100;;;;0.3217175007;0.3217175007
;US-NC;1977;p90p91;117191.921875;;;;
;US-NC;1977;p95p96;154055.84375;;;;
;US-NC;1977;p95p100;;;;0.211458534;0.211458534
;US-NC;1977;p99.5p100;410898.4375;;;0.0564003102;0.0564003102
;US-NC;1976;p0p100;36353.0898438;;79374139392.0;;
;US-NC;1976;p99p100;301677.0;;;0.0829852372;0.0829852372
;US-NC;1976;p99.9p100;778513.375;;;0.0214153267;0.0214153267
;US-NC;1976;p99.99p100;2079780.0;;;0.005721054;0.005721054
;US-NC;1976;p90p100;;;;0.3240043521;0.3240043521
;US-NC;1976;p90p91;117785.601562;;;;
;US-NC;1976;p95p96;152442.09375;;;;
;US-NC;1976;p95p100;;;;0.209668681;0.209668681
;US-NC;1976;p99.5p100;404154.09375;;;0.0555873066;0.0555873066
;US-NC;1975;p0p100;34784.0273438;;74259005440.0;;
;US-NC;1975;p99p100;285591.0;;;0.0821040645;0.0821040645
;US-NC;1975;p99.9p100;718797.0;;;0.0206645709;0.0206645709
;US-NC;1975;p99.99p100;1868358.125;;;0.0053713107;0.0053713107
;US-NC;1975;p90p100;;;;0.324680388;0.324680388
;US-NC;1975;p90p91;112936.914062;;;;
;US-NC;1975;p95p96;147140.765625;;;;
;US-NC;1975;p95p100;;;;0.2115062326;0.2115062326
;US-NC;1975;p99.5p100;380945.78125;;;0.0547587276;0.0547587276
;US-NC;1974;p0p100;37622.0546875;;78509203456.0;;
;US-NC;1974;p99p100;310005.8125;;;0.0824000165;0.0824000165
;US-NC;1974;p99.9p100;879525.75;;;0.0233779289;0.0233779289
;US-NC;1974;p99.99p100;2693413.75;;;0.0071591353;0.0071591353
;US-NC;1974;p90p100;;;;0.3172802329;0.3172802329
;US-NC;1974;p90p91;119367.351562;;;;
;US-NC;1974;p95p96;156017.28125;;;;
;US-NC;1974;p95p100;;;;0.2073481679;0.2073481679
;US-NC;1974;p99.5p100;421904.40625;;;0.0560714193;0.0560714193
;US-NC;1973;p0p100;38570.9179688;;78739587072.0;;
;US-NC;1973;p99p100;327885.8125;;;0.0850085542;0.0850085542
;US-NC;1973;p99.9p100;860266.75;;;0.0223035067;0.0223035067
;US-NC;1973;p99.99p100;2290650.0;;;0.0059388005;0.0059388005
;US-NC;1973;p90p100;;;;0.3114653528;0.3114653528
;US-NC;1973;p90p91;120135.039062;;;;
;US-NC;1973;p95p96;158154.578125;;;;
;US-NC;1973;p95p100;;;;0.2050178945;0.2050178945
;US-NC;1973;p99.5p100;441522.4375;;;0.0572351515;0.0572351515
;US-NC;1972;p0p100;37127.6289062;;74120732672.0;;
;US-NC;1972;p99p100;338338.15625;;;0.091128394;0.091128394
;US-NC;1972;p99.9p100;927645.625;;;0.024985319;0.024985319
;US-NC;1972;p99.99p100;2703848.0;;;0.0072825765;0.0072825765
;US-NC;1972;p90p100;;;;0.3240408301;0.3240408301
;US-NC;1972;p90p91;120308.671875;;;;
;US-NC;1972;p95p96;160800.171875;;;;
;US-NC;1972;p95p100;;;;0.2165505588;0.2165505588
;US-NC;1972;p99.5p100;460094.59375;;;0.0619612187;0.0619612187
;US-NC;1971;p0p100;34751.7539062;;67772424192.0;;
;US-NC;1971;p99p100;316340.21875;;;0.0910285637;0.0910285637
;US-NC;1971;p99.9p100;932385.875;;;0.0268298946;0.0268298946
;US-NC;1971;p99.99p100;3162532.5;;;0.0091003543;0.0091003543
;US-NC;1971;p90p100;;;;0.3285334408;0.3285334408
;US-NC;1971;p90p91;114171.117188;;;;
;US-NC;1971;p95p96;150878.0625;;;;
;US-NC;1971;p95p100;;;;0.2170798033;0.2170798033
;US-NC;1971;p99.5p100;436174.625;;;0.0627557784;0.0627557784
;US-NC;1970;p0p100;34301.0664062;;65223856128.0;;
;US-NC;1970;p99p100;303404.3125;;;0.0884533152;0.0884533152
;US-NC;1970;p99.9p100;851352.9375;;;0.024820013;0.024820013
;US-NC;1970;p99.99p100;2788124.5;;;0.0081283897;0.0081283897
;US-NC;1970;p90p100;;;;0.3228255212;0.3228255212
;US-NC;1970;p90p91;110732.59375;;;;
;US-NC;1970;p95p96;145749.203125;;;;
;US-NC;1970;p95p100;;;;0.2124557644;0.2124557644
;US-NC;1970;p99.5p100;417512.28125;;;0.0608599558;0.0608599558
;US-NC;1969;p0p100;34415.9296875;;64237178880.0;;
;US-NC;1969;p99p100;328440.71875;;;0.0954327658;0.0954327658
;US-NC;1969;p99.9p100;1004052.5625;;;0.0291740689;0.0291740689
;US-NC;1969;p99.99p100;3514281.5;;;0.010211207;0.010211207
;US-NC;1969;p90p100;;;;0.3239742815;0.3239742815
;US-NC;1969;p90p91;111498.75;;;;
;US-NC;1969;p95p96;151178.8125;;;;
;US-NC;1969;p95p100;;;;0.2196349651;0.2196349651
;US-NC;1969;p99.5p100;456626.5;;;0.0663394183;0.0663394183
;US-NC;1968;p0p100;33725.7070312;;61903523840.0;;
;US-NC;1968;p99p100;344568.0625;;;0.1021677777;0.1021677777
;US-NC;1968;p99.9p100;1068504.0;;;0.0316821821;0.0316821821
;US-NC;1968;p99.99p100;3503912.25;;;0.0103894407;0.0103894407
;US-NC;1968;p90p100;;;;0.3327648342;0.3327648342
;US-NC;1968;p90p91;112227.289062;;;;
;US-NC;1968;p95p96;155650.359375;;;;
;US-NC;1968;p95p100;;;;0.2307592332;0.2307592332
;US-NC;1968;p99.5p100;488419.375;;;0.0724105462;0.0724105462
;US-NC;1967;p0p100;32257.0136719;;58209853440.0;;
;US-NC;1967;p99p100;321938.0;;;0.0998040438;0.0998040438
;US-NC;1967;p99.9p100;925378.375;;;0.0286876652;0.0286876652
;US-NC;1967;p99.99p100;2952254.25;;;0.0091522867;0.0091522867
;US-NC;1967;p90p100;;;;0.3305822313;0.3305822313
;US-NC;1967;p90p91;106635.945312;;;;
;US-NC;1967;p95p96;144601.8125;;;;
;US-NC;1967;p95p100;;;;0.2241401374;0.2241401374
;US-NC;1967;p99.5p100;440149.84375;;;0.0682254508;0.0682254508
;US-NC;1966;p0p100;30818.5625;;54625300480.0;;
;US-NC;1966;p99p100;316086.8125;;;0.1025637835;0.1025637835
;US-NC;1966;p99.9p100;1021046.5625;;;0.0331308953;0.0331308953
;US-NC;1966;p99.99p100;4398046.5;;;0.0142707722;0.0142707722
;US-NC;1966;p90p100;;;;0.3391961157;0.3391961157
;US-NC;1966;p90p91;104535.367188;;;;
;US-NC;1966;p95p96;140567.15625;;;;
;US-NC;1966;p95p100;;;;0.2280560136;0.2280560136
;US-NC;1966;p99.5p100;446385.53125;;;0.0724215358;0.0724215358
;US-NC;1965;p0p100;29056.9101562;;50551623680.0;;
;US-NC;1965;p99p100;317124.9375;;;0.1091392487;0.1091392487
;US-NC;1965;p99.9p100;974369.5;;;0.0335331447;0.0335331447
;US-NC;1965;p99.99p100;3791614.25;;;0.0130489236;0.0130489236
;US-NC;1965;p90p100;;;;0.3537778556;0.3537778556
;US-NC;1965;p90p91;102796.914062;;;;
;US-NC;1965;p95p96;138402.703125;;;;
;US-NC;1965;p95p100;;;;0.2381579876;0.2381579876
;US-NC;1965;p99.5p100;437228.84375;;;0.0752366409;0.0752366409
;US-NC;1964;p0p100;27946.9941406;;47675465728.0;;
;US-NC;1964;p99p100;271466.59375;;;0.0971362367;0.0971362367
;US-NC;1964;p99.9p100;791525.75;;;0.0283223931;0.0283223931
;US-NC;1964;p99.99p100;1838286.0;;;0.006577759;0.006577759
;US-NC;1964;p90p100;;;;0.3315989673;0.3315989673
;US-NC;1964;p90p91;92671.9375;;;;
;US-NC;1964;p95p96;125244.125;;;;
;US-NC;1964;p95p100;;;;0.2240744084;0.2240744084
;US-NC;1964;p99.5p100;377661.09375;;;0.0675673857;0.0675673857
;US-NC;1963;p0p100;26407.1054688;;44109844480.0;;
;US-NC;1963;p99p100;251939.8125;;;0.0954060555;0.0954060555
;US-NC;1963;p99.9p100;739266.125;;;0.027994968;0.027994968
;US-NC;1963;p99.99p100;2286646.75;;;0.0086592091;0.0086592091
;US-NC;1963;p90p100;;;;0.3300516605;0.3300516605
;US-NC;1963;p90p91;87157.1015625;;;;
;US-NC;1963;p95p96;117719.6875;;;;
;US-NC;1963;p95p100;;;;0.2228939533;0.2228939533
;US-NC;1963;p99.5p100;351161.0625;;;0.0664898679;0.0664898679
;US-NC;1962;p0p100;25768.46875;;42123431936.0;;
;US-NC;1962;p99p100;249374.09375;;;0.0967748985;0.0967748985
;US-NC;1962;p99.9p100;720407.0;;;0.0279569197;0.0279569197
;US-NC;1962;p99.99p100;2140360.5;;;0.0083061224;0.0083061224
;US-NC;1962;p90p100;;;;0.3323137164;0.3323137164
;US-NC;1962;p90p91;85632.1484375;;;;
;US-NC;1962;p95p96;115874.960938;;;;
;US-NC;1962;p95p100;;;;0.2248386741;0.2248386741
;US-NC;1962;p99.5p100;345410.65625;;;0.0670219585;0.0670219585
;US-NC;1961;p0p100;25162.2753906;;40212553728.0;;
;US-NC;1961;p99p100;241171.9375;;;0.0958466232;0.0958466232
;US-NC;1961;p99.9p100;727385.375;;;0.028907774;0.028907774
;US-NC;1961;p99.99p100;2273804.0;;;0.0090365596;0.0090365596
;US-NC;1961;p90p100;;;;0.3299494684;0.3299494684
;US-NC;1961;p90p91;83022.796875;;;;
;US-NC;1961;p95p96;112009.4375;;;;
;US-NC;1961;p95p100;;;;0.2225741297;0.2225741297
;US-NC;1961;p99.5p100;337519.09375;;;0.0670684725;0.0670684725
;US-NC;1960;p0p100;24359.2089844;;38011289600.0;;
;US-NC;1960;p99p100;225535.046875;;;0.0925871879;0.0925871879
;US-NC;1960;p99.9p100;645616.375;;;0.0265039969;0.0265039969
;US-NC;1960;p99.99p100;1835424.375;;;0.0075348276;0.0075348276
;US-NC;1960;p90p100;;;;0.3235569894;0.3235569894
;US-NC;1960;p90p91;78815.921875;;;;
;US-NC;1960;p95p96;106659.78125;;;;
;US-NC;1960;p95p100;;;;0.2189311385;0.2189311385
;US-NC;1960;p99.5p100;310988.28125;;;0.0638338327;0.0638338327
;US-NC;1959;p0p100;23791.6582031;;36925038592.0;;
;US-NC;1959;p99p100;229233.40625;;;0.0963503271;0.0963503271
;US-NC;1959;p99.9p100;697283.375;;;0.0293078925;0.0293078925
;US-NC;1959;p99.99p100;2093604.625;;;0.008799742;0.008799742
;US-NC;1959;p90p100;;;;0.3268701136;0.3268701136
;US-NC;1959;p90p91;77767.8203125;;;;
;US-NC;1959;p95p96;105708.484375;;;;
;US-NC;1959;p95p100;;;;0.2221544981;0.2221544981
;US-NC;1959;p99.5p100;324961.59375;;;0.0682931766;0.0682931766
;US-NC;1958;p0p100;22257.0605469;;34318903296.0;;
;US-NC;1958;p99p100;203753.984375;;;0.0915457755;0.0915457755
;US-NC;1958;p99.9p100;557872.875;;;0.0250649862;0.0250649862
;US-NC;1958;p99.99p100;1662938.25;;;0.0074715093;0.0074715093
;US-NC;1958;p90p100;;;;0.316770345;0.316770345
;US-NC;1958;p90p91;70503.7578125;;;;
;US-NC;1958;p95p96;95211.859375;;;;
;US-NC;1958;p95p100;;;;0.2138913721;0.2138913721
;US-NC;1958;p99.5p100;283971.9375;;;0.0637936816;0.0637936816
;US-NC;1957;p0p100;21955.5234375;;33626415104.0;;
;US-NC;1957;p99p100;218376.328125;;;0.099463053;0.099463053
;US-NC;1957;p99.9p100;652679.125;;;0.029727336;0.029727336
;US-NC;1957;p99.99p100;1986301.5;;;0.0090469336;0.0090469336
;US-NC;1957;p90p100;;;;0.3309150934;0.3309150934
;US-NC;1957;p90p91;72654.1328125;;;;
;US-NC;1957;p95p96;98737.1875;;;;
;US-NC;1957;p95p100;;;;0.2248573005;0.2248573005
;US-NC;1957;p99.5p100;307774.8125;;;0.0700905249;0.0700905249
;US-NC;1956;p0p100;23198.8046875;;35235483648.0;;
;US-NC;1956;p99p100;227299.0625;;;0.0979787782;0.0979787782
;US-NC;1956;p99.9p100;701054.0;;;0.0302194003;0.0302194003
;US-NC;1956;p99.99p100;1984709.0;;;0.0085552204;0.0085552204
;US-NC;1956;p90p100;;;;0.3202645183;0.3202645183
;US-NC;1956;p90p91;74297.546875;;;;
;US-NC;1956;p95p96;98971.5390625;;;;
;US-NC;1956;p95p100;;;;0.2133117169;0.2133117169
;US-NC;1956;p99.5p100;327223.1875;;;0.0705258623;0.0705258623
;US-NC;1955;p0p100;22703.8027344;;34200737792.0;;
;US-NC;1955;p99p100;232202.671875;;;0.1022747979;0.1022747979
;US-NC;1955;p99.9p100;692411.625;;;0.0304976068;0.0304976068
;US-NC;1955;p99.99p100;2137687.25;;;0.0094155474;0.0094155474
;US-NC;1955;p90p100;;;;0.3297375739;0.3297375739
;US-NC;1955;p90p91;74862.96875;;;;
;US-NC;1955;p95p96;98946.75;;;;
;US-NC;1955;p95p100;;;;0.2179078758;0.2179078758
;US-NC;1955;p99.5p100;324905.25;;;0.071553044;0.071553044
;US-NC;1954;p0p100;21125.7675781;;31558348800.0;;
;US-NC;1954;p99p100;209689.515625;;;0.0992577001;0.0992577001
;US-NC;1954;p99.9p100;602798.8125;;;0.0285338182;0.0285338182
;US-NC;1954;p99.99p100;1658638.75;;;0.0078512589;0.0078512589
;US-NC;1954;p90p100;;;;0.3352111876;0.3352111876
;US-NC;1954;p90p91;70815.9375;;;;
;US-NC;1954;p95p96;89620.3359375;;;;
;US-NC;1954;p95p100;;;;0.2121114284;0.2121114284
;US-NC;1954;p99.5p100;297376.46875;;;0.0703824088;0.0703824088
;US-NC;1953;p0p100;20995.3984375;;31097970688.0;;
;US-NC;1953;p99p100;192792.0;;;0.0918258354;0.0918258354
;US-NC;1953;p99.9p100;516364.125;;;0.0245941561;0.0245941561
;US-NC;1953;p99.99p100;1223381.5;;;0.0058269026;0.0058269026
;US-NC;1953;p90p100;;;;0.3267349005;0.3267349005
;US-NC;1953;p90p91;68599.3046875;;;;
;US-NC;1953;p95p96;87718.40625;;;;
;US-NC;1953;p95p100;;;;0.2088990957;0.2088990957
;US-NC;1953;p99.5p100;266755.5625;;;0.0635271445;0.0635271445
;US-NC;1952;p0p100;20702.6171875;;30429220864.0;;
;US-NC;1952;p99p100;214159.546875;;;0.1034456491;0.1034456491
;US-NC;1952;p99.9p100;648774.875;;;0.03133782;0.03133782
;US-NC;1952;p99.99p100;1830343.25;;;0.0088411206;0.0088411206
;US-NC;1952;p90p100;;;;0.3358577788;0.3358577788
;US-NC;1952;p90p91;69531.34375;;;;
;US-NC;1952;p95p96;89902.859375;;;;
;US-NC;1952;p95p100;;;;0.2171292156;0.2171292156
;US-NC;1952;p99.5p100;306734.03125;;;0.0740809813;0.0740809813
;US-NC;1951;p0p100;20866.0957031;;30411061248.0;;
;US-NC;1951;p99p100;227106.125;;;0.1088397726;0.1088397726
;US-NC;1951;p99.9p100;737617.0;;;0.0353500247;0.0353500247
;US-NC;1951;p99.99p100;2387573.25;;;0.0114423567;0.0114423567
;US-NC;1951;p90p100;;;;0.3188735545;0.3188735545
;US-NC;1951;p90p91;66536.4609375;;;;
;US-NC;1951;p95p96;93920.8828125;;;;
;US-NC;1951;p95p100;;;;0.2250561714;0.2250561714
;US-NC;1951;p99.5p100;327872.28125;;;0.0785657912;0.0785657912
;US-NC;1950;p0p100;20045.8925781;;28967946240.0;;
;US-NC;1950;p99p100;225078.359375;;;0.1122815236;0.1122815236
;US-NC;1950;p99.9p100;748810.4375;;;0.0373548009;0.0373548009
;US-NC;1950;p99.99p100;1920321.75;;;0.0095796259;0.0095796259
;US-NC;1950;p90p100;;;;0.3259738982;0.3259738982
;US-NC;1950;p90p91;65344.3828125;;;;
;US-NC;1950;p95p96;91564.828125;;;;
;US-NC;1950;p95p100;;;;0.2283879817;0.2283879817
;US-NC;1950;p99.5p100;330045.0625;;;0.0823223516;0.0823223516
;US-NC;1949;p0p100;17540.8867188;;24928839680.0;;
;US-NC;1949;p99p100;190848.484375;;;0.1088020802;0.1088020802
;US-NC;1949;p99.9p100;646831.75;;;0.0368756615;0.0368756615
;US-NC;1949;p99.99p100;2206328.75;;;0.0125782061;0.0125782061
;US-NC;1949;p90p100;;;;0.3267677724;0.3267677724
;US-NC;1949;p90p91;57317.9570312;;;;
;US-NC;1949;p95p96;80368.171875;;;;
;US-NC;1949;p95p100;;;;0.2290881276;0.2290881276
;US-NC;1949;p99.5p100;280201.875;;;0.0798710808;0.0798710808
;US-NC;1948;p0p100;18120.5664062;;25401548800.0;;
;US-NC;1948;p99p100;210850.171875;;;0.1163595989;0.1163595989
;US-NC;1948;p99.9p100;731430.625;;;0.0403646678;0.0403646678
;US-NC;1948;p99.99p100;2599989.0;;;0.0143482769;0.0143482769
;US-NC;1948;p90p100;;;;0.3314306736;0.3314306736
;US-NC;1948;p90p91;60057.1171875;;;;
;US-NC;1948;p95p96;85140.7421875;;;;
;US-NC;1948;p95p100;;;;0.2349284887;0.2349284887
;US-NC;1948;p99.5p100;310578.75;;;0.0856978595;0.0856978595
;US-NC;1947;p0p100;16963.8476562;;23451977728.0;;
;US-NC;1947;p99p100;209241.875;;;0.1233457625;0.1233457625
;US-NC;1947;p99.9p100;719294.625;;;0.042401623;0.042401623
;US-NC;1947;p99.99p100;2525870.25;;;0.0148897255;0.0148897255
;US-NC;1947;p90p100;;;;0.3403142691;0.3403142691
;US-NC;1947;p90p91;57730.3945312;;;;
;US-NC;1947;p95p96;82576.4375;;;;
;US-NC;1947;p95p100;;;;0.2433894724;0.2433894724
;US-NC;1947;p99.5p100;306335.71875;;;0.090290755;0.090290755
;US-NC;1946;p0p100;17917.2285156;;24375646208.0;;
;US-NC;1946;p99p100;240377.328125;;;0.1341598928;0.1341598928
;US-NC;1946;p99.9p100;863940.1875;;;0.0482184105;0.0482184105
;US-NC;1946;p99.99p100;3194151.75;;;0.0178272668;0.0178272668
;US-NC;1946;p90p100;;;;0.3549375236;0.3549375236
;US-NC;1946;p90p91;63594.9648438;;;;
;US-NC;1946;p95p96;92400.15625;;;;
;US-NC;1946;p95p100;;;;0.2578528523;0.2578528523
;US-NC;1946;p99.5p100;359721.78125;;;0.1003843397;0.1003843397
;US-NC;1945;p0p100;17665.1835938;;23854069760.0;;
;US-NC;1945;p99p100;212674.625;;;0.1203919649;0.1203919649
;US-NC;1945;p99.9p100;733785.4375;;;0.0415385142;0.0415385142
;US-NC;1945;p99.99p100;2250893.0;;;0.0127419736;0.0127419736
;US-NC;1945;p90p100;;;;0.3289959431;0.3289959431
;US-NC;1945;p90p91;58117.7421875;;;;
;US-NC;1945;p95p96;83112.296875;;;;
;US-NC;1945;p95p100;;;;0.2352432311;0.2352432311
;US-NC;1945;p99.5p100;316889.875;;;0.0896933451;0.0896933451
;US-NC;1944;p0p100;17577.1367188;;23539378176.0;;
;US-NC;1944;p99p100;216540.03125;;;0.1231941432;0.1231941432
;US-NC;1944;p99.9p100;743461.3125;;;0.0422970653;0.0422970653
;US-NC;1944;p99.99p100;2288786.5;;;0.0130213834;0.0130213834
;US-NC;1944;p90p100;;;;0.3710581064;0.3710581064
;US-NC;1944;p90p91;65221.3945312;;;;
;US-NC;1944;p95p96;89451.265625;;;;
;US-NC;1944;p95p100;;;;0.2544534504;0.2544534504
;US-NC;1944;p99.5p100;319766.96875;;;0.0909610465;0.0909610465
;US-NC;1943;p0p100;17535.7167969;;23261075456.0;;
;US-NC;1943;p99p100;197150.1875;;;0.112427786;0.112427786
;US-NC;1943;p99.9p100;739732.3125;;;0.0421843193;0.0421843193
;US-NC;1943;p99.99p100;2282385.25;;;0.0130156372;0.0130156372
;US-NC;1943;p90p100;;;;0.3129056692;0.3129056692
;US-NC;1943;p90p91;54870.2539062;;;;
;US-NC;1943;p95p96;76685.09375;;;;
;US-NC;1943;p95p100;;;;0.2186539769;0.2186539769
;US-NC;1943;p99.5p100;301210.65625;;;0.0858848915;0.0858848915
;US-NC;1942;p0p100;14781.9677734;;19383664640.0;;
;US-NC;1942;p99p100;188161.515625;;;0.1272912472;0.1272912472
;US-NC;1942;p99.9p100;725888.4375;;;0.0491063483;0.0491063483
;US-NC;1942;p99.99p100;2540714.75;;;0.0171879325;0.0171879325
;US-NC;1942;p90p100;;;;0.3162851632;0.3162851632
;US-NC;1942;p90p91;46753.1757812;;;;
;US-NC;1942;p95p96;68219.9140625;;;;
;US-NC;1942;p95p100;;;;0.2307538241;0.2307538241
;US-NC;1942;p99.5p100;289253.875;;;0.097840108;0.097840108
;US-NC;1941;p0p100;11848.3378906;;15401743360.0;;
;US-NC;1941;p99p100;181896.0;;;0.1535202861;0.1535202861
;US-NC;1941;p99.9p100;682613.125;;;0.0576125681;0.0576125681
;US-NC;1941;p99.99p100;2355471.25;;;0.0198801849;0.0198801849
;US-NC;1941;p90p100;;;;0.3930138052;0.3930138052
;US-NC;1941;p90p91;46565.6015625;;;;
;US-NC;1941;p95p96;68778.0;;;;
;US-NC;1941;p95p100;;;;0.290243268;0.290243268
;US-NC;1941;p99.5p100;276425.34375;;;0.116651535;0.116651535
;US-NC;1940;p0p100;9615.80078125;;12403853312.0;;
;US-NC;1940;p99p100;152826.828125;;;0.1589330137;0.1589330137
;US-NC;1940;p99.9p100;577597.8125;;;0.0600675754;0.0600675754
;US-NC;1940;p99.99p100;2083972.0;;;0.0216723699;0.0216723699
;US-NC;1940;p90p100;;;;0.4155797958;0.4155797958
;US-NC;1940;p90p91;39961.3242188;;;;
;US-NC;1940;p95p96;62229.0976562;;;;
;US-NC;1940;p95p100;;;;0.3235772848;0.3235772848
;US-NC;1940;p99.5p100;230581.8125;;;0.1198973656;0.1198973656
;US-NC;1939;p0p100;9487.29101562;;11978804224.0;;
;US-NC;1939;p99p100;142637.859375;;;0.1503462493;0.1503462493
;US-NC;1939;p99.9p100;540812.1875;;;0.0570038557;0.0570038557
;US-NC;1939;p99.99p100;1995218.125;;;0.0210304316;0.0210304316
;US-NC;1939;p90p100;;;;0.3462454081;0.3462454081
;US-NC;1939;p90p91;32849.3125;;;;
;US-NC;1939;p95p96;52402.1054688;;;;
;US-NC;1939;p95p100;;;;0.2761700153;0.2761700153
;US-NC;1939;p99.5p100;215305.09375;;;0.1134702638;0.1134702638
;US-NC;1938;p0p100;8715.06542969;;10785740800.0;;
;US-NC;1938;p99p100;130155.210938;;;0.1493450701;0.1493450701
;US-NC;1938;p99.9p100;498445.875;;;0.0571935847;0.0571935847
;US-NC;1938;p99.99p100;1934640.875;;;0.0221988112;0.0221988112
;US-NC;1938;p90p100;;;;0.3534255028;0.3534255028
;US-NC;1938;p90p91;30801.2675781;;;;
;US-NC;1938;p95p96;47327.328125;;;;
;US-NC;1938;p95p100;;;;0.2715259194;0.2715259194
;US-NC;1938;p99.5p100;196112.03125;;;0.1125132218;0.1125132218
;US-NC;1937;p0p100;9516.13769531;;11548385280.0;;
;US-NC;1937;p99p100;144346.15625;;;0.1516856551;0.1516856551
;US-NC;1937;p99.9p100;569513.4375;;;0.0598471239;0.0598471239
;US-NC;1937;p99.99p100;2157009.0;;;0.0226668548;0.0226668548
;US-NC;1937;p90p100;;;;0.3315112591;0.3315112591
;US-NC;1937;p90p91;31547.0683594;;;;
;US-NC;1937;p95p96;50019.9492188;;;;
;US-NC;1937;p95p100;;;;0.2628164589;0.2628164589
;US-NC;1937;p99.5p100;220597.171875;;;0.1159068868;0.1159068868
;US-NC;1936;p0p100;9075.515625;;10818808832.0;;
;US-NC;1936;p99p100;147724.46875;;;0.1627725512;0.1627725512
;US-NC;1936;p99.9p100;613541.8125;;;0.0676040724;0.0676040724
;US-NC;1936;p99.99p100;2387041.75;;;0.0263019986;0.0263019986
;US-NC;1936;p90p100;;;;0.3473841846;0.3473841846
;US-NC;1936;p90p91;31526.9023438;;;;
;US-NC;1936;p95p96;49271.1015625;;;;
;US-NC;1936;p95p100;;;;0.2714507282;0.2714507282
;US-NC;1936;p99.5p100;228866.171875;;;0.1260899007;0.1260899007
;US-NC;1935;p0p100;8506.3828125;;9958515712.0;;
;US-NC;1935;p99p100;123044.46875;;;0.1446495801;0.1446495801
;US-NC;1935;p99.9p100;502442.625;;;0.0590665452;0.0590665452
;US-NC;1935;p99.99p100;2095392.625;;;0.0246331785;0.0246331785
;US-NC;1935;p90p100;;;;0.3329618573;0.3329618573
;US-NC;1935;p90p91;28323.0097656;;;;
;US-NC;1935;p95p96;42646.6171875;;;;
;US-NC;1935;p95p100;;;;0.2506742179;0.2506742179
;US-NC;1935;p99.5p100;186231.625;;;0.1094658151;0.1094658151
;US-NC;1934;p0p100;8008.69433594;;9202359296.0;;
;US-NC;1934;p99p100;118792.429688;;;0.1483293474;0.1483293474
;US-NC;1934;p99.9p100;491429.1875;;;0.0613619648;0.0613619648
;US-NC;1934;p99.99p100;2185479.75;;;0.0272888411;0.0272888411
;US-NC;1934;p90p100;;;;0.3476890624;0.3476890624
;US-NC;1934;p90p91;27845.3515625;;;;
;US-NC;1934;p95p96;42378.1601562;;;;
;US-NC;1934;p95p100;;;;0.2645759881;0.2645759881
;US-NC;1934;p99.5p100;179213.875;;;0.1118870825;0.1118870825
;US-NC;1933;p0p100;6945.61865234;;7838132736.0;;
;US-NC;1933;p99p100;101368.710938;;;0.1459462643;0.1459462643
;US-NC;1933;p99.9p100;424108.71875;;;0.0610613339;0.0610613339
;US-NC;1933;p99.99p100;2058282.125;;;0.0296342522;0.0296342522
;US-NC;1933;p90p100;;;;0.3604432344;0.3604432344
;US-NC;1933;p90p91;25035.0136719;;;;
;US-NC;1933;p95p96;36821.5;;;;
;US-NC;1933;p95p100;;;;0.2650699914;0.2650699914
;US-NC;1933;p99.5p100;150769.796875;;;0.1085359082;0.1085359082
;US-NC;1932;p0p100;6028.17236328;;6684158976.0;;
;US-NC;1932;p99p100;92047.578125;;;0.1526956856;0.1526956856
;US-NC;1932;p99.9p100;383690.0;;;0.063649483;0.063649483
;US-NC;1932;p99.99p100;2004407.375;;;0.0332506709;0.0332506709
;US-NC;1932;p90p100;;;;0.3750540614;0.3750540614
;US-NC;1932;p90p91;22608.9023438;;;;
;US-NC;1932;p95p96;32272.4550781;;;;
;US-NC;1932;p95p100;;;;0.2676802874;0.2676802874
;US-NC;1932;p99.5p100;135664.53125;;;0.1125254333;0.1125254333
;US-NC;1931;p0p100;7159.50390625;;7796220928.0;;
;US-NC;1931;p99p100;100318.421875;;;0.1401192248;0.1401192248
;US-NC;1931;p99.9p100;402529.3125;;;0.0562230721;0.0562230721
;US-NC;1931;p99.99p100;1857424.5;;;0.0259434804;0.0259434804
;US-NC;1931;p90p100;;;;0.3267180026;0.3267180026
;US-NC;1931;p90p91;23391.3867188;;;;
;US-NC;1931;p95p96;32967.4453125;;;;
;US-NC;1931;p95p100;;;;0.2302355468;0.2302355468
;US-NC;1931;p99.5p100;147703.359375;;;0.1031519547;0.1031519547
;US-NC;1930;p0p100;8048.61376953;;8595815424.0;;
;US-NC;1930;p99p100;103584.109375;;;0.128698051;0.128698051
;US-NC;1930;p99.9p100;421880.75;;;0.052416563;0.052416563
;US-NC;1930;p99.99p100;1931646.625;;;0.0239997394;0.0239997394
;US-NC;1930;p90p100;;;;0.2799085975;0.2799085975
;US-NC;1930;p90p91;22528.765625;;;;
;US-NC;1930;p95p96;33404.0703125;;;;
;US-NC;1930;p95p100;;;;0.2075144202;0.2075144202
;US-NC;1930;p99.5p100;154469.578125;;;0.0959603488;0.0959603488
;US-NC;1929;p0p100;9300.24902344;;9784475648.0;;
;US-NC;1929;p99p100;120750.132812;;;0.1298353672;0.1298353672
;US-NC;1929;p99.9p100;515883.65625;;;0.0554698743;0.0554698743
;US-NC;1929;p99.99p100;2204023.25;;;0.0236985404;0.0236985404
;US-NC;1929;p90p100;;;;0.2614919841;0.2614919841
;US-NC;1929;p90p91;24319.40625;;;;
;US-NC;1929;p95p96;38287.8164062;;;;
;US-NC;1929;p95p100;;;;0.2058429718;0.2058429718
;US-NC;1929;p99.5p100;185828.203125;;;0.0999049544;0.0999049544
;US-NC;1928;p0p100;8949.11132812;;9276590080.0;;
;US-NC;1928;p99p100;153504.1875;;;0.1715300977;0.1715300977
;US-NC;1928;p99.9p100;752562.8125;;;0.0840935707;0.0840935707
;US-NC;1928;p99.99p100;3735491.75;;;0.0417414829;0.0417414829
;US-NC;1928;p90p100;;;;0.3245988786;0.3245988786
;US-NC;1928;p90p91;29048.7148438;;;;
;US-NC;1928;p95p96;46672.2617188;;;;
;US-NC;1928;p95p100;;;;0.2607647777;0.2607647777
;US-NC;1928;p99.5p100;246582.0625;;;0.1377690136;0.1377690136
;US-NC;1927;p0p100;9191.97363281;;9369168896.0;;
;US-NC;1927;p99p100;140548.515625;;;0.152903527;0.152903527
;US-NC;1927;p99.9p100;612341.3125;;;0.0666169599;0.0666169599
;US-NC;1927;p99.99p100;2574566.0;;;0.0280088522;0.0280088522
;US-NC;1927;p90p100;;;;0.312161684;0.312161684
;US-NC;1927;p90p91;28693.8144531;;;;
;US-NC;1927;p95p96;45209.7265625;;;;
;US-NC;1927;p95p100;;;;0.245919615;0.245919615
;US-NC;1927;p99.5p100;219292.328125;;;0.1192846894;0.1192846894
;US-NC;1926;p0p100;9086.50976562;;9091896320.0;;
;US-NC;1926;p99p100;128889.578125;;;0.1418471783;0.1418471783
;US-NC;1926;p99.9p100;506350.625;;;0.0557255298;0.0557255298
;US-NC;1926;p99.99p100;1923189.625;;;0.0211653281;0.0211653281
;US-NC;1926;p90p100;;;;0.3095179498;0.3095179498
;US-NC;1926;p90p91;28124.3808594;;;;
;US-NC;1926;p95p96;43878.3476562;;;;
;US-NC;1926;p95p100;;;;0.2414477319;0.2414477319
;US-NC;1926;p99.5p100;195763.109375;;;0.1077218354;0.1077218354
;US-NC;1925;p0p100;9539.44042969;;9372987392.0;;
;US-NC;1925;p99p100;129119.609375;;;0.1353534311;0.1353534311
;US-NC;1925;p99.9p100;491504.90625;;;0.0515234508;0.0515234508
;US-NC;1925;p99.99p100;1656483.375;;;0.0173645746;0.0173645746
;US-NC;1925;p90p100;;;;0.311504066;0.311504066
;US-NC;1925;p90p91;29715.7460938;;;;
;US-NC;1925;p95p96;46287.3710938;;;;
;US-NC;1925;p95p100;;;;0.2426105142;0.2426105142
;US-NC;1925;p99.5p100;194906.265625;;;0.1021581218;0.1021581218
;US-NC;1924;p0p100;9600.28027344;;9247723520.0;;
;US-NC;1924;p99p100;120635.460938;;;0.1256582588;0.1256582588
;US-NC;1924;p99.9p100;461793.21875;;;0.0481020585;0.0481020585
;US-NC;1924;p99.99p100;1667121.125;;;0.0173653383;0.0173653383
;US-NC;1924;p90p100;;;;0.3324961662;0.3324961662
;US-NC;1924;p90p91;31920.5625;;;;
;US-NC;1924;p95p96;50581.9335938;;;;
;US-NC;1924;p95p100;;;;0.2634398937;0.2634398937
;US-NC;1924;p99.5p100;178951.609375;;;0.0932012424;0.0932012424
;US-NC;1923;p0p100;10161.4560547;;9555403776.0;;
;US-NC;1923;p99p100;121146.96875;;;0.1192220673;0.1192220673
;US-NC;1923;p99.9p100;471331.0625;;;0.0463842079;0.0463842079
;US-NC;1923;p99.99p100;1713280.0;;;0.0168605763;0.0168605763
;US-NC;1923;p90p100;;;;0.3193767667;0.3193767667
;US-NC;1923;p90p91;32453.328125;;;;
;US-NC;1923;p95p96;50759.7734375;;;;
;US-NC;1923;p95p100;;;;0.2497662604;0.2497662604
;US-NC;1923;p99.5p100;181154.6875;;;0.0891381577;0.0891381577
;US-NC;1922;p0p100;8971.09472656;;8251237376.0;;
;US-NC;1922;p99p100;110997.46875;;;0.1237279028;0.1237279028
;US-NC;1922;p99.9p100;418888.21875;;;0.0466931053;0.0466931053
;US-NC;1922;p99.99p100;1475258.5;;;0.0164445769;0.0164445769
;US-NC;1922;p90p100;;;;0.333458811;0.333458811
;US-NC;1922;p90p91;29914.9023438;;;;
;US-NC;1922;p95p96;47444.3007812;;;;
;US-NC;1922;p95p100;;;;0.2644287348;0.2644287348
;US-NC;1922;p99.5p100;164437.609375;;;0.0916485786;0.0916485786
;US-NC;1921;p0p100;6322.49169922;;5705879040.0;;
;US-NC;1921;p99p100;87730.515625;;;0.1387594193;0.1387594193
;US-NC;1921;p99.9p100;310045.125;;;0.0490384437;0.0490384437
;US-NC;1921;p99.99p100;1029985.9375;;;0.0162908249;0.0162908249
;US-NC;1921;p90p100;;;;0.3656874895;0.3656874895
;US-NC;1921;p90p91;23120.5605469;;;;
;US-NC;1921;p95p96;36418.6875;;;;
;US-NC;1921;p95p100;;;;0.2880089879;0.2880089879
;US-NC;1921;p99.5p100;126586.03125;;;0.1001077145;0.1001077145
;US-NC;1920;p0p100;7285.52783203;;6415460864.0;;
;US-NC;1920;p99p100;104686.335938;;;0.1436908096;0.1436908096
;US-NC;1920;p99.9p100;427270.1875;;;0.0586464256;0.0586464256
;US-NC;1920;p99.99p100;1704726.25;;;0.0233988017;0.0233988017
;US-NC;1920;p90p100;;;;0.3399765193;0.3399765193
;US-NC;1920;p90p91;24769.0839844;;;;
;US-NC;1920;p95p96;40291.6054688;;;;
;US-NC;1920;p95p100;;;;0.2765180767;0.2765180767
;US-NC;1920;p99.5p100;159878.3125;;;0.1097232103;0.1097232103
;US-NC;1919;p0p100;9486.33789062;;8210470912.0;;
;US-NC;1919;p99p100;136228.375;;;0.1436048001;0.1436048001
;US-NC;1919;p99.9p100;517661.78125;;;0.0545691922;0.0545691922
;US-NC;1919;p99.99p100;1860187.0;;;0.019609116;0.019609116
;US-NC;1919;p90p100;;;;0.3098680675;0.3098680675
;US-NC;1919;p90p91;29395.1308594;;;;
;US-NC;1919;p95p96;49475.5078125;;;;
;US-NC;1919;p95p100;;;;0.2607724369;0.2607724369
;US-NC;1919;p99.5p100;203294.375;;;0.1071511358;0.1071511358
;US-NC;1918;p0p100;6597.90234375;;5645563392.0;;
;US-NC;1918;p99p100;108595.875;;;0.164591521;0.164591521
;US-NC;1918;p99.9p100;424451.21875;;;0.064331241;0.064331241
;US-NC;1918;p99.99p100;1543079.875;;;0.0233874321;0.0233874321
;US-NC;1918;p90p100;;;;0.333886385;0.333886385
;US-NC;1918;p90p91;22029.4960938;;;;
;US-NC;1918;p95p96;36197.546875;;;;
;US-NC;1918;p95p100;;;;0.2743110359;0.2743110359
;US-NC;1918;p99.5p100;163570.953125;;;0.1239567921;0.1239567921
;US-NC;1917;p0p100;7686.62890625;;6588057088.0;;
