Variable Name;.;.;.;Fiscal income  | tax unit | Average | Adults | constant 2015 local currency;Fiscal income  | tax unit | Threshold | Adults | constant 2015 local currency;Fiscal income  | tax unit | Total | Adults | constant 2015 local currency;Fiscal income  | tax unit | Share | Adults | share of total (ratio);Pre-tax national income  | tax unit | Share | Adults | share of total (ratio)
Variable Category;.;.;.;Income inequality;Income inequality;Income inequality;Income inequality;Income inequality
Variable Description;.;.;.;Average Fiscal income within a given percentile group. Fiscal income is defined as the sum of all income items reported on income tax returns, before any deduction. It includes labour income, capital income and mixed income. The concept of fiscal income varies with national tax legislations, so in order to make international comparisons it is preferable to use the concept of national income. The population is comprised of individuals over age 20. The base unit is the tax unit defined by national fiscal administrations to measure personal income taxes.;Fiscal income threshold value at a given percentile.  Fiscal income is defined as the sum of all income items reported on income tax returns, before any deduction. It includes labour income, capital income and mixed income. The concept of fiscal income varies with national tax legislations, so in order to make international comparisons it is preferable to use the concept of national income. The population is comprised of individuals over age 20. The base unit is the tax unit defined by national fiscal administrations to measure personal income taxes.;Total Fiscal income  within a given percentile group. Fiscal income is defined as the sum of all income items reported on income tax returns, before any deduction. It includes labour income, capital income and mixed income. The concept of fiscal income varies with national tax legislations, so in order to make international comparisons it is preferable to use the concept of national income. The population is comprised of individuals over age 20.;Fiscal income share held by a given percentile group. Fiscal income is defined as the sum of all income items reported on income tax returns, before any deduction. It includes labour income, capital income and mixed income. The concept of fiscal income varies with national tax legislations, so in order to make international comparisons it is preferable to use the concept of national income. The population is comprised of individuals over age 20. The base unit is the tax unit defined by national fiscal administrations to measure personal income taxes.;Pre-tax national income share held by a given percentile group. Pre-tax national income  is the sum of all pre-tax personal income flows accruing to the owners of the production factors, labor and capital, before taking into account the operation of the tax/transfer system, but after taking into account the operation of pension system. The central difference between personal factor income and pre-tax income is the treatment of pensions, which are counted on a contribution basis by factor income and on a distribution basis by pre-tax income. The population is comprised of individuals over age 20. The base unit is the tax unit defined by national fiscal administrations to measure personal income taxes.
Variable Decomposition;.;.;.;[Fiscal income ]=[Fiscal labour income ]+[Fiscal capital income ];[Fiscal income ]=[Fiscal labour income ]+[Fiscal capital income ];[Fiscal income ]=[Fiscal labour income ]+[Fiscal capital income ];[Fiscal income ]=[Fiscal labour income ]+[Fiscal capital income ];Pre-tax national income =Pre-tax labor income [total pre-tax income ranking]+Pre-tax capital income [total pre-tax income ranking]
Variable Unit;.;.;.;"USD; United States dollar | local currency | market";"USD; United States dollar | local currency | market";"USD; United States dollar | local currency | market";share;share
Methodological Notes;.;.;.;;;;;Assuming the same distribution as fiscal income.
Sources;.;.;.;Frank, Sommeiller, Price & Saez (2015);Frank, Sommeiller, Price & Saez (2015);Frank, Sommeiller, Price & Saez (2015);Frank, Sommeiller, Price & Saez (2015);WID.world computations using: Frank, Sommeiller, Price & Saez (2015)
Variable Code;country;year;perc;afiinc992t;tfiinc992t;mfiinc992t;sfiinc992t;sptinc992t
;US-MS;2014;p0p100;40585.5742188;;61754208256.0;;
;US-MS;2014;p99p100;;256638.125;;0.145868957;0.145868957
;US-MS;2014;p99.9p100;;939661.5625;;0.0547340848;0.0547340848
;US-MS;2014;p99.99p100;;3602378.75;;0.0202547889;0.0202547889
;US-MS;2014;p90p100;;94308.875;;0.4464404583;0.4464404583
;US-MS;2014;p90p91;183548.875;;;;
;US-MS;2014;p95p96;257104.765625;;;;
;US-MS;2014;p90p95;109992.992188;94308.875;;0.1323428601;0.1323428601
;US-MS;2014;p95p99;171723.546875;132102.46875;;0.1679926962;0.1679926962
;US-MS;2014;p99.5p99.9;547661.625;381326.3125;;0.0538012236;0.0538012236
;US-MS;2014;p99.9p99.99;1546185.875;939661.5625;;0.0349112116;0.0349112116
;US-MS;2014;p99p99.5;307784.09375;256638.125;;0.037468791;0.037468791
;US-MS;2014;p95p100;;132102.46875;;0.3137459457;0.3137459457
;US-MS;2014;p0p90;24700.7636719;;;0.5532284379;0.5532284379
;US-MS;2014;p0p99;34948.765625;;;0.854131043;0.854131043
;US-MS;2014;p99.5p100;;381326.3125;;0.1083916426;0.1083916426
;US-MS;2014;p99.5p99.6;889475.125;;;;
;US-MS;2014;p99.99p99.991;8651618.0;;;;
;US-MS;2014;p99.9p99.91;2256729.0;;;;
;US-MS;2014;p99p99.1;598629.625;;;;
;US-MS;2013;p0p100;39844.7226562;;60573851648.0;;
;US-MS;2013;p99p100;;276502.875;;0.1461346745;0.1461346745
;US-MS;2013;p99.9p100;;916174.6875;;0.0529837012;0.0529837012
;US-MS;2013;p99.99p100;;3422520.5;;0.0195330344;0.0195330344
;US-MS;2013;p90p100;;96556.25;;0.4530132115;0.4530132115
;US-MS;2013;p90p91;184358.265625;;;;
;US-MS;2013;p95p96;256466.359375;;;;
;US-MS;2013;p90p95;112250.164062;96556.25;;0.1357334107;0.1357334107
;US-MS;2013;p95p99;172962.6875;134322.328125;;0.1705602705;0.1705602705
;US-MS;2013;p99.5p99.9;544563.875;383050.90625;;0.0537626445;0.0537626445
;US-MS;2013;p99.9p99.99;1491215.5;916174.6875;;0.0335928127;0.0335928127
;US-MS;2013;p99p99.5;316823.6875;276502.875;;0.0394305401;0.0394305401
;US-MS;2013;p95p100;;134322.328125;;0.3168023825;0.3168023825
;US-MS;2013;p0p90;23787.6621094;;;0.5473872423;0.5473872423
;US-MS;2013;p0p99;34282.7382812;;;0.8538653255;0.8538653255
;US-MS;2013;p99.5p100;;383050.90625;;0.1067676097;0.1067676097
;US-MS;2013;p99.5p99.6;864138.3125;;;;
;US-MS;2013;p99.99p99.991;8003420.5;;;;
;US-MS;2013;p99.9p99.91;2142436.0;;;;
;US-MS;2013;p99p99.1;590481.0;;;;
;US-MS;2012;p0p100;43366.1875;;63817154560.0;;
;US-MS;2012;p99p100;652413.8125;;;0.1504429728;0.1504429728
;US-MS;2012;p99.9p100;2599346.0;;;0.059939459;0.059939459
;US-MS;2012;p99.99p100;9870968.0;;;0.0227618981;0.0227618981
;US-MS;2012;p90p100;;;;0.4281725883;0.4281725883
;US-MS;2012;p90p91;185682.140625;;;;
;US-MS;2012;p95p96;264845.375;;;;
;US-MS;2012;p95p100;;;;0.3053592741;0.3053592741
;US-MS;2012;p99.5p100;991532.1875;;;0.1143208817;0.1143208817
;US-MS;2011;p0p100;40788.0546875;;59091742720.0;;
;US-MS;2011;p99p100;539781.125;;;0.132338047;0.132338047
;US-MS;2011;p99.9p100;1916270.125;;;0.0469811596;0.0469811596
;US-MS;2011;p99.99p100;6772896.0;;;0.0166050959;0.0166050959
;US-MS;2011;p90p100;;;;0.4189254642;0.4189254642
;US-MS;2011;p90p91;170871.546875;;;;
;US-MS;2011;p95p96;237460.890625;;;;
;US-MS;2011;p95p100;;;;0.2910912037;0.2910912037
;US-MS;2011;p99.5p100;790039.875;;;0.0968469679;0.0968469679
;US-MS;2010;p0p100;41472.375;;59136516096.0;;
;US-MS;2010;p99p100;705525.8125;;;0.1701194644;0.1701194644
;US-MS;2010;p99.9p100;3484026.75;;;0.0840083733;0.0840083733
;US-MS;2010;p99.99p100;20252044.0;;;0.048832614;0.048832614
;US-MS;2010;p90p100;;;;0.4533093572;0.4533093572
;US-MS;2010;p90p91;187998.171875;;;;
;US-MS;2010;p95p96;271631.15625;;;;
;US-MS;2010;p95p100;;;;0.3274844289;0.3274844289
;US-MS;2010;p99.5p100;1103434.625;;;0.1330324858;0.1330324858
;US-MS;2009;p0p100;40619.6679688;;57539956736.0;;
;US-MS;2009;p99p100;565897.0625;;;0.1393160224;0.1393160224
;US-MS;2009;p99.9p100;2320106.75;;;0.0571178161;0.0571178161
;US-MS;2009;p99.99p100;9753845.0;;;0.0240126178;0.0240126178
;US-MS;2009;p90p100;;;;0.4234933555;0.4234933555
;US-MS;2009;p90p91;172021.578125;;;;
;US-MS;2009;p95p96;241096.984375;;;;
;US-MS;2009;p95p100;;;;0.2967737019;0.2967737019
;US-MS;2009;p99.5p100;855122.1875;;;0.1052596271;0.1052596271
;US-MS;2008;p0p100;44159.4726562;;61709074432.0;;
;US-MS;2008;p99p100;721604.8125;;;0.1634088308;0.1634088308
;US-MS;2008;p99.9p100;3297893.25;;;0.0746814385;0.0746814385
;US-MS;2008;p99.99p100;14693369.0;;;0.033273425;0.033273425
;US-MS;2008;p90p100;;;;0.4371705353;0.4371705353
;US-MS;2008;p90p91;193052.203125;;;;
;US-MS;2008;p95p96;277692.5;;;;
;US-MS;2008;p95p100;;;;0.314420104;0.314420104
;US-MS;2008;p99.5p100;1133523.5;;;0.1283443272;0.1283443272
;US-MS;2007;p0p100;47218.78125;;66034917376.0;;
;US-MS;2007;p99p100;760095.5625;;;0.1609731466;0.1609731466
;US-MS;2007;p99.9p100;3416920.0;;;0.0723635852;0.0723635852
;US-MS;2007;p99.99p100;14462086.0;;;0.0306278281;0.0306278281
;US-MS;2007;p90p100;;;;0.4202723205;0.4202723205
;US-MS;2007;p90p91;198447.453125;;;;
;US-MS;2007;p95p96;287492.375;;;;
;US-MS;2007;p95p100;;;;0.3044258952;0.3044258952
;US-MS;2007;p99.5p100;1194099.625;;;0.1264432967;0.1264432967
;US-MS;2006;p0p100;44416.7070312;;62051799040.0;;
;US-MS;2006;p99p100;800698.3125;;;0.1802696139;0.1802696139
;US-MS;2006;p99.9p100;3737021.5;;;0.0841354951;0.0841354951
;US-MS;2006;p99.99p100;16185670.0;;;0.0364405029;0.0364405029
;US-MS;2006;p90p100;;;;0.4507898688;0.4507898688
;US-MS;2006;p90p91;200226.015625;;;;
;US-MS;2006;p95p96;294585.96875;;;;
;US-MS;2006;p95p100;;;;0.3316161633;0.3316161633
;US-MS;2006;p99.5p100;1273438.0;;;0.1433512419;0.1433512419
;US-MS;2005;p0p100;43132.0078125;;60458512384.0;;
;US-MS;2005;p99p100;681261.375;;;0.1579480022;0.1579480022
;US-MS;2005;p99.9p100;3044951.75;;;0.0705961138;0.0705961138
;US-MS;2005;p99.99p100;12677552.0;;;0.0293924473;0.0293924473
;US-MS;2005;p90p100;;;;0.4213967323;0.4213967323
;US-MS;2005;p90p91;181756.84375;;;;
;US-MS;2005;p95p96;263818.09375;;;;
;US-MS;2005;p95p100;;;;0.3058263958;0.3058263958
;US-MS;2005;p99.5p100;1067390.5;;;0.123735331;0.123735331
;US-MS;2004;p0p100;41438.9960938;;57167933440.0;;
;US-MS;2004;p99p100;549061.625;;;0.1324987859;0.1324987859
;US-MS;2004;p99.9p100;2181471.25;;;0.0526429601;0.0526429601
;US-MS;2004;p99.99p100;8297735.5;;;0.0200239792;0.0200239792
;US-MS;2004;p90p100;;;;0.3996936977;0.3996936977
;US-MS;2004;p90p91;165629.0625;;;;
;US-MS;2004;p95p96;233908.390625;;;;
;US-MS;2004;p95p100;;;;0.2822321951;0.2822321951
;US-MS;2004;p99.5p100;827154.0625;;;0.0998038277;0.0998038277
;US-MS;2003;p0p100;39533.265625;;53818613760.0;;
;US-MS;2003;p99p100;547738.0625;;;0.1385511905;0.1385511905
;US-MS;2003;p99.9p100;2205208.75;;;0.0557810925;0.0557810925
;US-MS;2003;p99.99p100;8780409.0;;;0.0222101808;0.0222101808
;US-MS;2003;p90p100;;;;0.4172241688;0.4172241688
;US-MS;2003;p90p91;164942.34375;;;;
;US-MS;2003;p95p96;230169.40625;;;;
;US-MS;2003;p95p100;;;;0.2911085188;0.2911085188
;US-MS;2003;p99.5p100;826917.5625;;;0.1045850366;0.1045850366
;US-MS;2002;p0p100;40036.921875;;53055684608.0;;
;US-MS;2002;p99p100;541398.5625;;;0.1352248341;0.1352248341
;US-MS;2002;p99.9p100;2152462.0;;;0.0537619293;0.0537619293
;US-MS;2002;p99.99p100;8414649.0;;;0.0210172217;0.0210172217
;US-MS;2002;p90p100;;;;0.4097780585;0.4097780585
;US-MS;2002;p90p91;164062.515625;;;;
;US-MS;2002;p95p96;228082.609375;;;;
;US-MS;2002;p95p100;;;;0.2848403454;0.2848403454
;US-MS;2002;p99.5p100;814565.625;;;0.1017268077;0.1017268077
;US-MS;2001;p0p100;41522.2578125;;54972973056.0;;
;US-MS;2001;p99p100;574925.625;;;0.1384620368;0.1384620368
;US-MS;2001;p99.9p100;2291697.75;;;0.0551920384;0.0551920384
;US-MS;2001;p99.99p100;9175860.0;;;0.0220986549;0.0220986549
;US-MS;2001;p90p100;;;;0.4040191174;0.4040191174
;US-MS;2001;p90p91;167757.859375;;;;
;US-MS;2001;p95p96;235398.546875;;;;
;US-MS;2001;p95p100;;;;0.2834606767;0.2834606767
;US-MS;2001;p99.5p100;863790.8125;;;0.104015395;0.104015395
;US-MS;2000;p0p100;44175.7773438;;57532903424.0;;
;US-MS;2000;p99p100;638516.3125;;;0.1445399225;0.1445399225
;US-MS;2000;p99.9p100;2615050.25;;;0.0591964759;0.0591964759
;US-MS;2000;p99.99p100;10190904.0;;;0.023068985;0.023068985
;US-MS;2000;p90p100;;;;0.4007694125;0.4007694125
;US-MS;2000;p90p91;177043.0;;;;
;US-MS;2000;p95p96;252619.515625;;;;
;US-MS;2000;p95p100;;;;0.2859253585;0.2859253585
;US-MS;2000;p99.5p100;974749.75;;;0.1103262678;0.1103262678
;US-MS;1999;p0p100;43216.8828125;;56359731200.0;;
;US-MS;1999;p99p100;634349.0;;;0.1467826664;0.1467826664
;US-MS;1999;p99.9p100;2551357.0;;;0.0590361133;0.0590361133
;US-MS;1999;p99.99p100;9421666.0;;;0.0218008906;0.0218008906
;US-MS;1999;p90p100;;;;0.4082893431;0.4082893431
;US-MS;1999;p90p91;176449.9375;;;;
;US-MS;1999;p95p96;252059.78125;;;;
;US-MS;1999;p95p100;;;;0.2916218638;0.2916218638
;US-MS;1999;p99.5p100;963155.6875;;;0.1114327908;0.1114327908
;US-MS;1998;p0p100;40867.3007812;;53549953024.0;;
;US-MS;1998;p99p100;601340.625;;;0.1471446753;0.1471446753
;US-MS;1998;p99.9p100;2409099.5;;;0.0589493178;0.0589493178
;US-MS;1998;p99.99p100;8969476.0;;;0.0219478048;0.0219478048
;US-MS;1998;p90p100;;;;0.4118398428;0.4118398428
;US-MS;1998;p90p91;168307.828125;;;;
;US-MS;1998;p95p96;240316.875;;;;
;US-MS;1998;p95p100;;;;0.2940209806;0.2940209806
;US-MS;1998;p99.5p100;911772.875;;;0.1115528643;0.1115528643
;US-MS;1997;p0p100;39193.0117188;;49725366272.0;;
;US-MS;1997;p99p100;557704.5;;;0.1422969252;0.1422969252
;US-MS;1997;p99.9p100;2138022.0;;;0.0545511022;0.0545511022
;US-MS;1997;p99.99p100;7808922.5;;;0.0199242719;0.0199242719
;US-MS;1997;p90p100;;;;0.4128420055;0.4128420055
;US-MS;1997;p90p91;161805.21875;;;;
;US-MS;1997;p95p96;227768.375;;;;
;US-MS;1997;p95p100;;;;0.2905727029;0.2905727029
;US-MS;1997;p99.5p100;836805.0625;;;0.10675437;0.10675437
;US-MS;1996;p0p100;37422.1757812;;46563426304.0;;
;US-MS;1996;p99p100;513232.46875;;;0.137146607;0.137146607
;US-MS;1996;p99.9p100;2021948.75;;;0.0540307648;0.0540307648
;US-MS;1996;p99.99p100;7754697.0;;;0.0207221955;0.0207221955
;US-MS;1996;p90p100;;;;0.4107886553;0.4107886553
;US-MS;1996;p90p91;153726.0625;;;;
;US-MS;1996;p95p96;214239.640625;;;;
;US-MS;1996;p95p100;;;;0.2862468958;0.2862468958
;US-MS;1996;p99.5p100;771217.1875;;;0.1030428112;0.1030428112
;US-MS;1995;p0p100;35404.546875;;44047278080.0;;
;US-MS;1995;p99p100;473446.5625;;;0.1337247938;0.1337247938
;US-MS;1995;p99.9p100;1805922.5;;;0.0510082096;0.0510082096
;US-MS;1995;p99.99p100;6710920.5;;;0.0189549681;0.0189549681
;US-MS;1995;p90p100;;;;0.4124670625;0.4124670625
;US-MS;1995;p90p91;146032.09375;;;;
;US-MS;1995;p95p96;201560.5625;;;;
;US-MS;1995;p95p100;;;;0.2846535146;0.2846535146
;US-MS;1995;p99.5p100;705050.1875;;;0.0995705724;0.0995705724
;US-MS;1994;p0p100;34454.4648438;;42441363456.0;;
;US-MS;1994;p99p100;434231.90625;;;0.1260306686;0.1260306686
;US-MS;1994;p99.9p100;1641239.5;;;0.04763503;0.04763503
;US-MS;1994;p99.99p100;6226750.5;;;0.0180724058;0.0180724058
;US-MS;1994;p90p100;;;;0.4004460871;0.4004460871
;US-MS;1994;p90p91;137971.5625;;;;
;US-MS;1994;p95p96;188390.15625;;;;
;US-MS;1994;p95p100;;;;0.2733900547;0.2733900547
;US-MS;1994;p99.5p100;643566.3125;;;0.093393743;0.093393743
;US-MS;1993;p0p100;32898.578125;;40107130880.0;;
;US-MS;1993;p99p100;400839.90625;;;0.1218411028;0.1218411028
;US-MS;1993;p99.9p100;1440875.0;;;0.0437974855;0.0437974855
;US-MS;1993;p99.99p100;5171653.5;;;0.0157199912;0.0157199912
;US-MS;1993;p90p100;;;;0.4000988007;0.4000988007
;US-MS;1993;p90p91;131626.828125;;;;
;US-MS;1993;p95p96;177933.078125;;;;
;US-MS;1993;p95p100;;;;0.2704266906;0.2704266906
;US-MS;1993;p99.5p100;589139.0625;;;0.0895386785;0.0895386785
;US-MS;1992;p0p100;32813.4453125;;38971432960.0;;
;US-MS;1992;p99p100;403699.3125;;;0.1230286211;0.1230286211
;US-MS;1992;p99.9p100;1496554.25;;;0.045607958;0.045607958
;US-MS;1992;p99.99p100;5509338.0;;;0.0167898796;0.0167898796
;US-MS;1992;p90p100;;;;0.4013205171;0.4013205171
;US-MS;1992;p90p91;131687.09375;;;;
;US-MS;1992;p95p96;176125.140625;;;;
;US-MS;1992;p95p100;;;;0.2683734298;0.2683734298
;US-MS;1992;p99.5p100;597536.3125;;;0.091050528;0.091050528
;US-MS;1991;p0p100;32246.8261719;;37626437632.0;;
;US-MS;1991;p99p100;357434.375;;;0.1108432785;0.1108432785
;US-MS;1991;p99.9p100;1173884.75;;;0.0364031084;0.0364031084
;US-MS;1991;p99.99p100;3797195.0;;;0.011775407;0.011775407
;US-MS;1991;p90p100;;;;0.3907136023;0.3907136023
;US-MS;1991;p90p91;125992.734375;;;;
;US-MS;1991;p95p96;164072.265625;;;;
;US-MS;1991;p95p100;;;;0.2544006407;0.2544006407
;US-MS;1991;p99.5p100;514071.40625;;;0.0797088444;0.0797088444
;US-MS;1990;p0p100;32515.6679688;;37767966720.0;;
;US-MS;1990;p99p100;375846.1875;;;0.1155892685;0.1155892685
;US-MS;1990;p99.9p100;1300474.5;;;0.0399953201;0.0399953201
;US-MS;1990;p99.99p100;4383496.5;;;0.013481183;0.013481183
;US-MS;1990;p90p100;;;;0.3916679919;0.3916679919
;US-MS;1990;p90p91;127353.453125;;;;
;US-MS;1990;p95p96;170127.578125;;;;
;US-MS;1990;p95p100;;;;0.2616086304;0.2616086304
;US-MS;1990;p99.5p100;551449.25;;;0.0847974718;0.0847974718
;US-MS;1989;p0p100;32341.5703125;;37802708992.0;;
;US-MS;1989;p99p100;388185.9375;;;0.1200269312;0.1200269312
;US-MS;1989;p99.9p100;1375747.75;;;0.0425380617;0.0425380617
;US-MS;1989;p99.99p100;4817042.5;;;0.014894275;0.014894275
;US-MS;1989;p90p100;;;;0.3880968094;0.3880968094
;US-MS;1989;p90p91;125516.601562;;;;
;US-MS;1989;p95p96;170594.171875;;;;
;US-MS;1989;p95p100;;;;0.2637382448;0.2637382448
;US-MS;1989;p99.5p100;566554.5625;;;0.0875892192;0.0875892192
;US-MS;1988;p0p100;32402.6953125;;37306789888.0;;
;US-MS;1988;p99p100;416953.3125;;;0.128678605;0.128678605
;US-MS;1988;p99.9p100;1588906.625;;;0.0490362495;0.0490362495
;US-MS;1988;p99.99p100;5809200.5;;;0.0179281402;0.0179281402
;US-MS;1988;p90p100;;;;0.388584733;0.388584733
;US-MS;1988;p90p91;125911.921875;;;;
;US-MS;1988;p95p96;173989.625;;;;
;US-MS;1988;p95p100;;;;0.2684801817;0.2684801817
;US-MS;1988;p99.5p100;623735.875;;;0.0962475315;0.0962475315
;US-MS;1987;p0p100;30448.8984375;;35243884544.0;;
;US-MS;1987;p99p100;347465.15625;;;0.1141141951;0.1141141951
;US-MS;1987;p99.9p100;1203793.25;;;0.0395348743;0.0395348743
;US-MS;1987;p99.99p100;4197716.0;;;0.0137861017;0.0137861017
;US-MS;1987;p90p100;;;;0.3849260509;0.3849260509
;US-MS;1987;p90p91;117205.742188;;;;
;US-MS;1987;p95p96;157340.4375;;;;
;US-MS;1987;p95p100;;;;0.2583680153;0.2583680153
;US-MS;1987;p99.5p100;501596.46875;;;0.0823669359;0.0823669359
;US-MS;1986;p0p100;32050.8007812;;36093108224.0;;
;US-MS;1986;p99p100;476009.71875;;;0.1485172659;0.1485172659
;US-MS;1986;p99.9p100;2061976.25;;;0.064334631;0.064334631
;US-MS;1986;p99.99p100;8679589.0;;;0.027080724;0.027080724
;US-MS;1986;p90p100;;;;0.4177860916;0.4177860916
;US-MS;1986;p90p91;133903.796875;;;;
;US-MS;1986;p95p96;185767.125;;;;
;US-MS;1986;p95p100;;;;0.2898010612;0.2898010612
;US-MS;1986;p99.5p100;738701.875;;;0.1152392253;0.1152392253
;US-MS;1985;p0p100;29974.2324219;;33160691712.0;;
;US-MS;1985;p99p100;345267.9375;;;0.1151882559;0.1151882559
;US-MS;1985;p99.9p100;1304956.875;;;0.0435359553;0.0435359553
;US-MS;1985;p99.99p100;4795235.5;;;0.0159978606;0.0159978606
;US-MS;1985;p90p100;;;;0.3950726986;0.3950726986
;US-MS;1985;p90p91;118420.007812;;;;
;US-MS;1985;p95p96;153525.59375;;;;
;US-MS;1985;p95p100;;;;0.2560959458;0.2560959458
;US-MS;1985;p99.5p100;511183.03125;;;0.0852704123;0.0852704123
;US-MS;1984;p0p100;29101.3808594;;31642880000.0;;
;US-MS;1984;p99p100;354281.25;;;0.1217403635;0.1217403635
;US-MS;1984;p99.9p100;1354659.375;;;0.0465496592;0.0465496592
;US-MS;1984;p99.99p100;5529684.0;;;0.0190014485;0.0190014485
;US-MS;1984;p90p100;;;;0.3776322007;0.3776322007
;US-MS;1984;p90p91;109896.179688;;;;
;US-MS;1984;p95p96;147909.640625;;;;
;US-MS;1984;p95p100;;;;0.2541282177;0.2541282177
;US-MS;1984;p99.5p100;511475.4375;;;0.0878782123;0.0878782123
;US-MS;1983;p0p100;27972.1132812;;29901531136.0;;
;US-MS;1983;p99p100;367616.6875;;;0.1314225644;0.1314225644
;US-MS;1983;p99.9p100;1379873.0;;;0.0493303128;0.0493303128
;US-MS;1983;p99.99p100;5632957.0;;;0.0201377608;0.0201377608
;US-MS;1983;p90p100;;;;0.3618987799;0.3618987799
;US-MS;1983;p90p91;101230.726562;;;;
;US-MS;1983;p95p96;143282.46875;;;;
;US-MS;1983;p95p100;;;;0.2561166286;0.2561166286
;US-MS;1983;p99.5p100;516139.40625;;;0.0922596455;0.0922596455
;US-MS;1982;p0p100;29248.9042969;;31327633408.0;;
;US-MS;1982;p99p100;339370.1875;;;0.1160283536;0.1160283536
;US-MS;1982;p99.9p100;1312669.875;;;0.0448792838;0.0448792838
;US-MS;1982;p99.99p100;5450247.5;;;0.0186340231;0.0186340231
;US-MS;1982;p90p100;;;;0.3598035574;0.3598035574
;US-MS;1982;p90p91;105238.585938;;;;
;US-MS;1982;p95p96;143851.5;;;;
;US-MS;1982;p95p100;;;;0.245909214;0.245909214
;US-MS;1982;p99.5p100;500768.25;;;0.085604623;0.085604623
;US-MS;1981;p0p100;31355.7773438;;31863834624.0;;
;US-MS;1981;p99p100;318670.96875;;;0.1016307101;0.1016307101
;US-MS;1981;p99.9p100;978333.4375;;;0.0312010609;0.0312010609
;US-MS;1981;p99.99p100;3048601.75;;;0.0097226165;0.0097226165
;US-MS;1981;p90p100;;;;0.3746532202;0.3746532202
;US-MS;1981;p90p91;117475.421875;;;;
;US-MS;1981;p95p96;148967.0625;;;;
;US-MS;1981;p95p100;;;;0.2375432551;0.2375432551
;US-MS;1981;p99.5p100;447190.28125;;;0.0713090748;0.0713090748
;US-MS;1980;p0p100;31216.9433594;;31485659136.0;;
;US-MS;1980;p99p100;322393.59375;;;0.1032751948;0.1032751948
;US-MS;1980;p99.9p100;913202.0625;;;0.0292534139;0.0292534139
;US-MS;1980;p99.99p100;2596209.0;;;0.0083166668;0.0083166668
;US-MS;1980;p90p100;;;;0.378964752;0.378964752
;US-MS;1980;p90p91;118301.210938;;;;
;US-MS;1980;p95p96;157311.765625;;;;
;US-MS;1980;p95p100;;;;0.2519653738;0.2519653738
;US-MS;1980;p99.5p100;439498.75;;;0.0703942701;0.0703942701
;US-MS;1979;p0p100;32126.078125;;32358901760.0;;
;US-MS;1979;p99p100;327691.875;;;0.1020018309;0.1020018309
;US-MS;1979;p99.9p100;906348.75;;;0.0282122437;0.0282122437
;US-MS;1979;p99.99p100;2716697.5;;;0.0084563624;0.0084563624
;US-MS;1979;p90p100;;;;0.3642370999;0.3642370999
;US-MS;1979;p90p91;117015.101562;;;;
;US-MS;1979;p95p96;156084.46875;;;;
;US-MS;1979;p95p100;;;;0.2429248542;0.2429248542
;US-MS;1979;p99.5p100;443041.5;;;0.0689535588;0.0689535588
;US-MS;1978;p0p100;31605.0585938;;30545483776.0;;
;US-MS;1978;p99p100;286737.46875;;;0.0907251909;0.0907251909
;US-MS;1978;p99.9p100;732074.8125;;;0.0231632181;0.0231632181
;US-MS;1978;p99.99p100;1571195.0;;;0.0049713403;0.0049713403
;US-MS;1978;p90p100;;;;0.3487325311;0.3487325311
;US-MS;1978;p90p91;110217.117188;;;;
;US-MS;1978;p95p96;146786.84375;;;;
;US-MS;1978;p95p100;;;;0.2322205007;0.2322205007
;US-MS;1978;p99.5p100;389708.46875;;;0.0616528653;0.0616528653
;US-MS;1977;p0p100;31285.9628906;;29522532352.0;;
;US-MS;1977;p99p100;286475.40625;;;0.0915667489;0.0915667489
;US-MS;1977;p99.9p100;759482.6875;;;0.0242755078;0.0242755078
;US-MS;1977;p99.99p100;2054288.125;;;0.0065661655;0.0065661655
;US-MS;1977;p90p100;;;;0.3458536267;0.3458536267
;US-MS;1977;p90p91;108203.640625;;;;
;US-MS;1977;p95p96;141883.375;;;;
;US-MS;1977;p95p100;;;;0.2267524451;0.2267524451
;US-MS;1977;p99.5p100;393050.34375;;;0.0628157631;0.0628157631
;US-MS;1976;p0p100;30622.015625;;28230502400.0;;
;US-MS;1976;p99p100;278486.0;;;0.0909430608;0.0909430608
;US-MS;1976;p99.9p100;719364.0;;;0.0234917272;0.0234917272
;US-MS;1976;p99.99p100;1838988.5;;;0.0060054455;0.0060054455
;US-MS;1976;p90p100;;;;0.3521049321;0.3521049321
;US-MS;1976;p90p91;107821.632812;;;;
;US-MS;1976;p95p96;140941.75;;;;
;US-MS;1976;p95p100;;;;0.2301314026;0.2301314026
;US-MS;1976;p99.5p100;377701.84375;;;0.0616716184;0.0616716184
;US-MS;1975;p0p100;28561.4238281;;25740777472.0;;
;US-MS;1975;p99p100;270543.0;;;0.0947232321;0.0947232321
;US-MS;1975;p99.9p100;686659.6875;;;0.0240415074;0.0240415074
;US-MS;1975;p99.99p100;1692999.625;;;0.0059275748;0.0059275748
;US-MS;1975;p90p100;;;;0.3547545373;0.3547545373
;US-MS;1975;p90p91;101322.945312;;;;
;US-MS;1975;p95p96;133055.265625;;;;
;US-MS;1975;p95p100;;;;0.2329282761;0.2329282761
;US-MS;1975;p99.5p100;364249.90625;;;0.0637660623;0.0637660623
;US-MS;1974;p0p100;30621.4960938;;26971332608.0;;
;US-MS;1974;p99p100;290230.0;;;0.0947798342;0.0947798342
;US-MS;1974;p99.9p100;854275.4375;;;0.0278979;0.0278979
;US-MS;1974;p99.99p100;2710174.0;;;0.0088505605;0.0088505605
;US-MS;1974;p90p100;;;;0.3516697586;0.3516697586
;US-MS;1974;p90p91;107686.53125;;;;
;US-MS;1974;p95p96;142325.390625;;;;
;US-MS;1974;p95p100;;;;0.2323945612;0.2323945612
;US-MS;1974;p99.5p100;399386.6875;;;0.0652134493;0.0652134493
;US-MS;1973;p0p100;31569.1503906;;27196899328.0;;
;US-MS;1973;p99p100;310371.65625;;;0.098314859;0.098314859
;US-MS;1973;p99.9p100;816299.4375;;;0.0258575045;0.0258575045
;US-MS;1973;p99.99p100;2059567.5;;;0.0065239877;0.0065239877
;US-MS;1973;p90p100;;;;0.3483300209;0.3483300209
;US-MS;1973;p90p91;109964.828125;;;;
;US-MS;1973;p95p96;146575.96875;;;;
;US-MS;1973;p95p100;;;;0.2321506441;0.2321506441
;US-MS;1973;p99.5p100;421099.25;;;0.0666947365;0.0666947365
;US-MS;1972;p0p100;30128.2246094;;25378435072.0;;
;US-MS;1972;p99p100;291495.90625;;;0.0967517719;0.0967517719
;US-MS;1972;p99.9p100;803170.0625;;;0.0266583934;0.0266583934
;US-MS;1972;p99.99p100;1993967.875;;;0.006618272;0.006618272
;US-MS;1972;p90p100;;;;0.3529087305;0.3529087305
;US-MS;1972;p90p91;106325.140625;;;;
;US-MS;1972;p95p96;141619.578125;;;;
;US-MS;1972;p95p100;;;;0.2350280732;0.2350280732
;US-MS;1972;p99.5p100;400540.3125;;;0.0664726123;0.0664726123
;US-MS;1971;p0p100;27993.9335938;;23031093248.0;;
;US-MS;1971;p99p100;271629.4375;;;0.0970315337;0.0970315337
;US-MS;1971;p99.9p100;706849.5625;;;0.0252500977;0.0252500977
;US-MS;1971;p99.99p100;1787463.625;;;0.0063851816;0.0063851816
;US-MS;1971;p90p100;;;;0.3512369394;0.3512369394
;US-MS;1971;p90p91;98325.0390625;;;;
;US-MS;1971;p95p96;131038.21875;;;;
;US-MS;1971;p95p100;;;;0.2340475172;0.2340475172
;US-MS;1971;p99.5p100;368227.53125;;;0.0657691583;0.0657691583
;US-MS;1970;p0p100;27275.5371094;;21876197376.0;;
;US-MS;1970;p99p100;253071.046875;;;0.0927831605;0.0927831605
;US-MS;1970;p99.9p100;660544.8125;;;0.0242174827;0.0242174827
;US-MS;1970;p99.99p100;1936511.375;;;0.0070998105;0.0070998105
;US-MS;1970;p90p100;;;;0.3506095707;0.3506095707
;US-MS;1970;p90p91;95630.640625;;;;
;US-MS;1970;p95p96;125275.460938;;;;
;US-MS;1970;p95p100;;;;0.2296480238;0.2296480238
;US-MS;1970;p99.5p100;346020.03125;;;0.0634304732;0.0634304732
;US-MS;1969;p0p100;27145.4589844;;21610543104.0;;
;US-MS;1969;p99p100;274181.28125;;;0.1010044664;0.1010044664
;US-MS;1969;p99.9p100;765635.8125;;;0.0282049309;0.0282049309
;US-MS;1969;p99.99p100;2473073.0;;;0.009110448;0.009110448
;US-MS;1969;p90p100;;;;0.3572716415;0.3572716415
;US-MS;1969;p90p91;96983.0234375;;;;
;US-MS;1969;p95p96;129406.140625;;;;
;US-MS;1969;p95p100;;;;0.2383568585;0.2383568585
;US-MS;1969;p99.5p100;381120.0;;;0.0701995865;0.0701995865
;US-MS;1968;p0p100;26708.4589844;;21143963648.0;;
;US-MS;1968;p99p100;286365.4375;;;0.1072189957;0.1072189957
;US-MS;1968;p99.9p100;845953.8125;;;0.0316736251;0.0316736251
;US-MS;1968;p99.99p100;2947336.5;;;0.011035216;0.011035216
;US-MS;1968;p90p100;;;;0.3688905239;0.3688905239
;US-MS;1968;p90p91;98524.984375;;;;
;US-MS;1968;p95p96;132680.515625;;;;
;US-MS;1968;p95p100;;;;0.2483866811;0.2483866811
;US-MS;1968;p99.5p100;400691.625;;;0.0750121176;0.0750121176
;US-MS;1967;p0p100;25477.4296875;;20051781632.0;;
;US-MS;1967;p99p100;267551.71875;;;0.1050151885;0.1050151885
;US-MS;1967;p99.9p100;730921.6875;;;0.0286889896;0.0286889896
;US-MS;1967;p99.99p100;1953348.25;;;0.0076669757;0.0076669757
;US-MS;1967;p90p100;;;;0.3677743673;0.3677743673
;US-MS;1967;p90p91;93699.4453125;;;;
;US-MS;1967;p95p96;124370.3125;;;;
;US-MS;1967;p95p100;;;;0.244079411;0.244079411
;US-MS;1967;p99.5p100;373693.9375;;;0.0733382329;0.0733382329
;US-MS;1966;p0p100;24173.3378906;;18896654336.0;;
;US-MS;1966;p99p100;272722.375;;;0.1128194928;0.1128194928
;US-MS;1966;p99.9p100;811358.0;;;0.033564169;0.033564169
;US-MS;1966;p99.99p100;2960614.0;;;0.0122474357;0.0122474357
;US-MS;1966;p90p100;;;;0.3801495433;0.3801495433
;US-MS;1966;p90p91;91894.8359375;;;;
;US-MS;1966;p95p96;123375.648438;;;;
;US-MS;1966;p95p100;;;;0.255189538;0.255189538
;US-MS;1966;p99.5p100;372571.0625;;;0.0770623982;0.0770623982
;US-MS;1965;p0p100;23045.7773438;;17880748032.0;;
;US-MS;1965;p99p100;265323.1875;;;0.115128763;0.115128763
;US-MS;1965;p99.9p100;833997.75;;;0.036188744;0.036188744
;US-MS;1965;p99.99p100;3640436.5;;;0.0157965459;0.0157965459
;US-MS;1965;p90p100;;;;0.3801128566;0.3801128566
;US-MS;1965;p90p91;87599.9609375;;;;
;US-MS;1965;p95p96;118956.648438;;;;
;US-MS;1965;p95p100;;;;0.2580877244;0.2580877244
;US-MS;1965;p99.5p100;373984.15625;;;0.0811394081;0.0811394081
;US-MS;1964;p0p100;21757.8203125;;16738851840.0;;
;US-MS;1964;p99p100;228671.5625;;;0.1050985605;0.1050985605
;US-MS;1964;p99.9p100;589346.8125;;;0.027086664;0.027086664
;US-MS;1964;p99.99p100;1454682.0;;;0.0066857887;0.0066857887
;US-MS;1964;p90p100;;;;0.3698207438;0.3698207438
;US-MS;1964;p90p91;80464.9375;;;;
;US-MS;1964;p95p96;107943.164062;;;;
;US-MS;1964;p95p100;;;;0.2480559945;0.2480559945
;US-MS;1964;p99.5p100;315454.875;;;0.0724923015;0.0724923015
;US-MS;1963;p0p100;21322.7421875;;16242391040.0;;
;US-MS;1963;p99p100;211478.59375;;;0.0991798192;0.0991798192
;US-MS;1963;p99.9p100;562629.0625;;;0.0263863336;0.0263863336
;US-MS;1963;p99.99p100;1346188.625;;;0.0063133929;0.0063133929
;US-MS;1963;p90p100;;;;0.3519417644;0.3519417644
;US-MS;1963;p90p91;75043.6484375;;;;
;US-MS;1963;p95p96;100469.1875;;;;
;US-MS;1963;p95p100;;;;0.2355915904;0.2355915904
;US-MS;1963;p99.5p100;288866.6875;;;0.0677367523;0.0677367523
;US-MS;1962;p0p100;19536.4863281;;14727044096.0;;
;US-MS;1962;p99p100;200235.453125;;;0.1024930626;0.1024930626
;US-MS;1962;p99.9p100;534643.625;;;0.0273664147;0.0273664147
;US-MS;1962;p99.99p100;1257338.625;;;0.0064358474;0.0064358474
;US-MS;1962;p90p100;;;;0.3700926006;0.3700926006
;US-MS;1962;p90p91;72303.1015625;;;;
;US-MS;1962;p95p96;96844.6953125;;;;
;US-MS;1962;p95p100;;;;0.2478559464;0.2478559464
;US-MS;1962;p99.5p100;274568.8125;;;0.0702707693;0.0702707693
;US-MS;1961;p0p100;19430.65625;;14480211968.0;;
;US-MS;1961;p99p100;190950.640625;;;0.0982728899;0.0982728899
;US-MS;1961;p99.9p100;513059.875;;;0.0264046639;0.0264046639
;US-MS;1961;p99.99p100;1272939.25;;;0.0065511912;0.0065511912
;US-MS;1961;p90p100;;;;0.3538089991;0.3538089991
;US-MS;1961;p90p91;68747.3984375;;;;
;US-MS;1961;p95p96;92544.2421875;;;;
;US-MS;1961;p95p100;;;;0.2381398231;0.2381398231
;US-MS;1961;p99.5p100;264873.3125;;;0.0681586266;0.0681586266
;US-MS;1960;p0p100;18166.4707031;;13367111680.0;;
;US-MS;1960;p99p100;175830.53125;;;0.0967884958;0.0967884958
;US-MS;1960;p99.9p100;496964.4375;;;0.0273561366;0.0273561366
;US-MS;1960;p99.99p100;1178958.5;;;0.0064897495;0.0064897495
;US-MS;1960;p90p100;;;;0.3665834963;0.3665834963
;US-MS;1960;p90p91;66595.28125;;;;
;US-MS;1960;p95p96;87611.5390625;;;;
;US-MS;1960;p95p100;;;;0.2411352843;0.2411352843
;US-MS;1960;p99.5p100;241477.421875;;;0.0664623901;0.0664623901
;US-MS;1959;p0p100;18305.7695312;;13624065024.0;;
;US-MS;1959;p99p100;185354.390625;;;0.1012546346;0.1012546346
;US-MS;1959;p99.9p100;514593.375;;;0.028110994;0.028110994
;US-MS;1959;p99.99p100;1544129.375;;;0.0084352065;0.0084352065
;US-MS;1959;p90p100;;;;0.361721009;0.361721009
;US-MS;1959;p90p91;66215.8125;;;;
;US-MS;1959;p95p96;89047.9296875;;;;
;US-MS;1959;p95p100;;;;0.2432236671;0.2432236671
;US-MS;1959;p99.5p100;258089.03125;;;0.0704938993;0.0704938993
;US-MS;1958;p0p100;16245.3476562;;12215803904.0;;
;US-MS;1958;p99p100;159773.1875;;;0.0983501077;0.0983501077
;US-MS;1958;p99.9p100;420979.96875;;;0.0259138774;0.0259138774
;US-MS;1958;p99.99p100;984381.1875;;;0.006059465;0.006059465
;US-MS;1958;p90p100;;;;0.3680123985;0.3680123985
;US-MS;1958;p90p91;59784.8984375;;;;
;US-MS;1958;p95p96;78890.5390625;;;;
;US-MS;1958;p95p100;;;;0.2428096235;0.2428096235
;US-MS;1958;p99.5p100;218523.53125;;;0.0672572628;0.0672572628
;US-MS;1957;p0p100;15335.4238281;;11648365568.0;;
;US-MS;1957;p99p100;159348.0625;;;0.1039084792;0.1039084792
;US-MS;1957;p99.9p100;465966.6875;;;0.0303849876;0.0303849876
;US-MS;1957;p99.99p100;1276172.0;;;0.0083217258;0.0083217258
;US-MS;1957;p90p100;;;;0.3803587854;0.3803587854
;US-MS;1957;p90p91;58329.6328125;;;;
;US-MS;1957;p95p96;77414.1328125;;;;
;US-MS;1957;p95p100;;;;0.2524029613;0.2524029613
;US-MS;1957;p99.5p100;223531.6875;;;0.0728808269;0.0728808269
;US-MS;1956;p0p100;15872.1376953;;12158707712.0;;
;US-MS;1956;p99p100;172669.0625;;;0.1087875292;0.1087875292
;US-MS;1956;p99.9p100;462138.0625;;;0.0291163083;0.0291163083
;US-MS;1956;p99.99p100;1212730.375;;;0.0076406244;0.0076406244
;US-MS;1956;p90p100;;;;0.382065326;0.382065326
;US-MS;1956;p90p91;60641.9375;;;;
;US-MS;1956;p95p96;79886.53125;;;;
;US-MS;1956;p95p100;;;;0.2516565025;0.2516565025
;US-MS;1956;p99.5p100;238554.25;;;0.0751487538;0.0751487538
;US-MS;1955;p0p100;16031.0273438;;12386271232.0;;
;US-MS;1955;p99p100;165148.375;;;0.1030179635;0.1030179635
;US-MS;1955;p99.9p100;473374.15625;;;0.0295286234;0.0295286234
;US-MS;1955;p99.99p100;1088815.625;;;0.0067919265;0.0067919265
;US-MS;1955;p90p100;;;;0.3642422855;0.3642422855
;US-MS;1955;p90p91;58391.78125;;;;
;US-MS;1955;p95p96;77368.15625;;;;
;US-MS;1955;p95p100;;;;0.2413075417;0.2413075417
;US-MS;1955;p99.5p100;230032.796875;;;0.0717461184;0.0717461184
;US-MS;1954;p0p100;14070.0078125;;10963353600.0;;
;US-MS;1954;p99p100;148422.8125;;;0.1054887921;0.1054887921
;US-MS;1954;p99.9p100;424907.5;;;0.0301995222;0.0301995222
;US-MS;1954;p99.99p100;1114501.375;;;0.0079211146;0.0079211146
;US-MS;1954;p90p100;;;;0.3972850442;0.3972850442
;US-MS;1954;p90p91;55898.0390625;;;;
;US-MS;1954;p95p96;72440.59375;;;;
;US-MS;1954;p95p100;;;;0.2574290931;0.2574290931
;US-MS;1954;p99.5p100;209741.03125;;;0.0745347962;0.0745347962
;US-MS;1953;p0p100;14563.5712891;;11442690048.0;;
;US-MS;1953;p99p100;142432.609375;;;0.0978005975;0.0978005975
;US-MS;1953;p99.9p100;381453.40625;;;0.0261922963;0.0261922963
;US-MS;1953;p99.99p100;900183.9375;;;0.0061810655;0.0061810655
;US-MS;1953;p90p100;;;;0.3678777516;0.3678777516
;US-MS;1953;p90p91;53576.140625;;;;
;US-MS;1953;p95p96;69231.234375;;;;
;US-MS;1953;p95p100;;;;0.2376863062;0.2376863062
;US-MS;1953;p99.5p100;198490.921875;;;0.0681463704;0.0681463704
;US-MS;1952;p0p100;14459.0878906;;11464726528.0;;
;US-MS;1952;p99p100;149625.84375;;;0.1034822166;0.1034822166
;US-MS;1952;p99.9p100;453499.03125;;;0.0313642919;0.0313642919
;US-MS;1952;p99.99p100;1211678.875;;;0.0083800508;0.0083800508
;US-MS;1952;p90p100;;;;0.3744692802;0.3744692802
;US-MS;1952;p90p91;54144.8398438;;;;
;US-MS;1952;p95p96;70788.2734375;;;;
;US-MS;1952;p95p100;;;;0.2447881997;0.2447881997
;US-MS;1952;p99.5p100;214205.484375;;;0.074072957;0.074072957
;US-MS;1951;p0p100;13792.8017578;;11028210688.0;;
;US-MS;1951;p99p100;159148.921875;;;0.1153854877;0.1153854877
;US-MS;1951;p99.9p100;482590.15625;;;0.0349885486;0.0349885486
;US-MS;1951;p99.99p100;1209603.25;;;0.0087698149;0.0087698149
;US-MS;1951;p90p100;;;;0.3688799143;0.3688799143
;US-MS;1951;p90p91;50878.875;;;;
;US-MS;1951;p95p96;70469.9921875;;;;
;US-MS;1951;p95p100;;;;0.2554593086;0.2554593086
;US-MS;1951;p99.5p100;228447.96875;;;0.0828142017;0.0828142017
;US-MS;1950;p0p100;13163.2138672;;10612590592.0;;
;US-MS;1950;p99p100;165451.40625;;;0.1256922483;0.1256922483
;US-MS;1950;p99.9p100;513302.96875;;;0.0389952585;0.0389952585
;US-MS;1950;p99.99p100;1036831.125;;;0.0078767315;0.0078767315
;US-MS;1950;p90p100;;;;0.3797509968;0.3797509968
;US-MS;1950;p90p91;49987.4414062;;;;
;US-MS;1950;p95p96;71244.7265625;;;;
;US-MS;1950;p95p100;;;;0.2706205547;0.2706205547
;US-MS;1950;p99.5p100;239958.9375;;;0.091147542;0.091147542
;US-MS;1949;p0p100;11488.0869141;;9287450624.0;;
;US-MS;1949;p99p100;142664.03125;;;0.1241843179;0.1241843179
;US-MS;1949;p99.9p100;409869.53125;;;0.0356777869;0.0356777869
;US-MS;1949;p99.99p100;1002497.5625;;;0.0087264096;0.0087264096
;US-MS;1949;p90p100;;;;0.3989979923;0.3989979923
;US-MS;1949;p90p91;45837.234375;;;;
;US-MS;1949;p95p96;64009.0976562;;;;
;US-MS;1949;p95p100;;;;0.2785890102;0.2785890102
;US-MS;1949;p99.5p100;204119.625;;;0.0888396949;0.0888396949
;US-MS;1948;p0p100;13094.5722656;;10646556672.0;;
;US-MS;1948;p99p100;157232.984375;;;0.1200749204;0.1200749204
;US-MS;1948;p99.9p100;489127.625;;;0.0373534635;0.0373534635
;US-MS;1948;p99.99p100;1236756.625;;;0.009444803;0.009444803
;US-MS;1948;p90p100;;;;0.3569974005;0.3569974005
;US-MS;1948;p90p91;46747.2851562;;;;
;US-MS;1948;p95p96;66431.3828125;;;;
;US-MS;1948;p95p100;;;;0.2536599934;0.2536599934
;US-MS;1948;p99.5p100;229546.578125;;;0.0876495093;0.0876495093
;US-MS;1947;p0p100;11499.8886719;;9401763840.0;;
;US-MS;1947;p99p100;150424.890625;;;0.1308055073;0.1308055073
;US-MS;1947;p99.9p100;446718.40625;;;0.0388454534;0.0388454534
;US-MS;1947;p99.99p100;1095288.625;;;0.0095243407;0.0095243407
;US-MS;1947;p90p100;;;;0.3867988884;0.3867988884
;US-MS;1947;p90p91;44481.4414062;;;;
;US-MS;1947;p95p96;61928.5351562;;;;
;US-MS;1947;p95p100;;;;0.2692571282;0.2692571282
;US-MS;1947;p99.5p100;216310.171875;;;0.094048813;0.094048813
;US-MS;1946;p0p100;11206.8369141;;9193059328.0;;
;US-MS;1946;p99p100;158677.21875;;;0.1415896714;0.1415896714
;US-MS;1946;p99.9p100;475931.59375;;;0.0424679704;0.0424679704
;US-MS;1946;p99.99p100;1197141.5;;;0.0106822429;0.0106822429
;US-MS;1946;p90p100;;;;0.4152487218;0.4152487218
;US-MS;1946;p90p91;46536.2460938;;;;
;US-MS;1946;p95p96;65968.84375;;;;
;US-MS;1946;p95p100;;;;0.2943241;0.2943241
;US-MS;1946;p99.5p100;226619.5625;;;0.1011077315;0.1011077315
;US-MS;1945;p0p100;12812.9023438;;10636889088.0;;
;US-MS;1945;p99p100;144451.515625;;;0.1127391234;0.1127391234
;US-MS;1945;p99.9p100;439198.78125;;;0.0342778563;0.0342778563
;US-MS;1945;p99.99p100;1086195.375;;;0.0084773563;0.0084773563
;US-MS;1945;p90p100;;;;0.3528245986;0.3528245986
;US-MS;1945;p90p91;45207.0664062;;;;
;US-MS;1945;p95p96;63106.1914062;;;;
;US-MS;1945;p95p100;;;;0.2462603599;0.2462603599
;US-MS;1945;p99.5p100;209342.203125;;;0.0816919655;0.0816919655
;US-MS;1944;p0p100;13364.2285156;;11218755584.0;;
;US-MS;1944;p99p100;152750.515625;;;0.1142980531;0.1142980531
;US-MS;1944;p99.9p100;541341.8125;;;0.0405067727;0.0405067727
;US-MS;1944;p99.99p100;1635878.625;;;0.0122407265;0.0122407265
;US-MS;1944;p90p100;;;;0.3783854842;0.3783854842
;US-MS;1944;p90p91;50568.3007812;;;;
;US-MS;1944;p95p96;68100.9765625;;;;
;US-MS;1944;p95p100;;;;0.2547882795;0.2547882795
;US-MS;1944;p99.5p100;227181.484375;;;0.0849961117;0.0849961117
;US-MS;1943;p0p100;13003.375;;11024207872.0;;
;US-MS;1943;p99p100;158861.171875;;;0.1221691817;0.1221691817
;US-MS;1943;p99.9p100;503574.71875;;;0.0387264602;0.0387264602
;US-MS;1943;p99.99p100;1174277.125;;;0.0090305563;0.0090305563
;US-MS;1943;p90p100;;;;0.3529580534;0.3529580534
;US-MS;1943;p90p91;45896.4609375;;;;
;US-MS;1943;p95p96;64647.5742188;;;;
;US-MS;1943;p95p100;;;;0.2485799789;0.2485799789
;US-MS;1943;p99.5p100;234958.84375;;;0.0903453305;0.0903453305
;US-MS;1942;p0p100;10602.9707031;;9060402176.0;;
;US-MS;1942;p99p100;152712.390625;;;0.1440279037;0.1440279037
;US-MS;1942;p99.9p100;523397.125;;;0.0493632481;0.0493632481
;US-MS;1942;p99.99p100;1436565.25;;;0.0135487039;0.0135487039
;US-MS;1942;p90p100;;;;0.3585531712;0.3585531712
;US-MS;1942;p90p91;38017.2929688;;;;
;US-MS;1942;p95p96;59656.71875;;;;
;US-MS;1942;p95p100;;;;0.2813207209;0.2813207209
;US-MS;1942;p99.5p100;229720.5;;;0.1083283573;0.1083283573
;US-MS;1941;p0p100;7794.15917969;;6731767296.0;;
;US-MS;1941;p99p100;138679.9375;;;0.1779280305;0.1779280305
;US-MS;1941;p99.9p100;464325.09375;;;0.0595734753;0.0595734753
;US-MS;1941;p99.99p100;1235694.25;;;0.0158541072;0.0158541072
;US-MS;1941;p90p100;;;;0.4255828559;0.4255828559
;US-MS;1941;p90p91;33170.6054688;;;;
;US-MS;1941;p95p96;54667.3554688;;;;
;US-MS;1941;p95p100;;;;0.3506943882;0.3506943882
;US-MS;1941;p99.5p100;206792.5;;;0.1326586306;0.1326586306
;US-MS;1940;p0p100;5640.60009766;;4929182720.0;;
;US-MS;1940;p99p100;100409.601562;;;0.1780122817;0.1780122817
;US-MS;1940;p99.9p100;310703.0625;;;0.0550833382;0.0550833382
;US-MS;1940;p99.99p100;778202.3125;;;0.0137964478;0.0137964478
;US-MS;1940;p90p100;;;;0.4884473979;0.4884473979
;US-MS;1940;p90p91;27551.3613281;;;;
;US-MS;1940;p95p96;43687.7304688;;;;
;US-MS;1940;p95p100;;;;0.3872613907;0.3872613907
;US-MS;1940;p99.5p100;141799.0;;;0.1256949753;0.1256949753
;US-MS;1939;p0p100;5481.4140625;;4725313024.0;;
;US-MS;1939;p99p100;93677.75;;;0.1709007025;0.1709007025
;US-MS;1939;p99.9p100;281852.75;;;0.0514197201;0.0514197201
;US-MS;1939;p99.99p100;703899.875;;;0.0128415758;0.0128415758
;US-MS;1939;p90p100;;;;0.3976154625;0.3976154625
;US-MS;1939;p90p91;21794.9492188;;;;
;US-MS;1939;p95p96;34464.7148438;;;;
;US-MS;1939;p95p100;;;;0.3143779933;0.3143779933
;US-MS;1939;p99.5p100;131327.140625;;;0.1197931319;0.1197931319
;US-MS;1938;p0p100;5258.69384766;;4478290432.0;;
;US-MS;1938;p99p100;82958.3515625;;;0.1577546895;0.1577546895
;US-MS;1938;p99.9p100;254166.734375;;;0.04833268;0.04833268
;US-MS;1938;p99.99p100;665806.0;;;0.0126610529;0.0126610529
;US-MS;1938;p90p100;;;;0.3694542944;0.3694542944
;US-MS;1938;p90p91;19428.46875;;;;
;US-MS;1938;p95p96;29307.0566406;;;;
;US-MS;1938;p95p100;;;;0.2786534131;0.2786534131
;US-MS;1938;p99.5p100;115515.070312;;;0.1098324731;0.1098324731
;US-MS;1937;p0p100;5741.57617188;;4832090624.0;;
;US-MS;1937;p99p100;84084.7109375;;;0.1464488357;0.1464488357
;US-MS;1937;p99.9p100;276394.21875;;;0.0481390841;0.0481390841
;US-MS;1937;p99.99p100;714835.0625;;;0.0124501549;0.0124501549
;US-MS;1937;p90p100;;;;0.3142780662;0.3142780662
;US-MS;1937;p90p91;18044.5136719;;;;
;US-MS;1937;p95p96;28006.1816406;;;;
;US-MS;1937;p95p100;;;;0.2438893318;0.2438893318
;US-MS;1937;p99.5p100;121004.492188;;;0.1053756848;0.1053756848
;US-MS;1936;p0p100;6008.04931641;;5005797888.0;;
;US-MS;1936;p99p100;91596.609375;;;0.1524564773;0.1524564773
;US-MS;1936;p99.9p100;312418.375;;;0.0519999638;0.0519999638
;US-MS;1936;p99.99p100;809084.125;;;0.0134666683;0.0134666683
;US-MS;1936;p90p100;;;;0.316411376;0.316411376
;US-MS;1936;p90p91;19010.1523438;;;;
;US-MS;1936;p95p96;29264.7011719;;;;
;US-MS;1936;p95p100;;;;0.2435457706;0.2435457706
;US-MS;1936;p99.5p100;134286.703125;;;0.1117556542;0.1117556542
;US-MS;1935;p0p100;4806.20898438;;3963440128.0;;
;US-MS;1935;p99p100;66908.2421875;;;0.1392120868;0.1392120868
;US-MS;1935;p99.9p100;213607.5625;;;0.0444440842;0.0444440842
;US-MS;1935;p99.99p100;657489.6875;;;0.0136800064;0.0136800064
;US-MS;1935;p90p100;;;;0.3274916112;0.3274916112
;US-MS;1935;p90p91;15739.9326172;;;;
;US-MS;1935;p95p96;22787.0488281;;;;
;US-MS;1935;p95p100;;;;0.2370584309;0.2370584309
;US-MS;1935;p99.5p100;94888.7734375;;;0.0987147763;0.0987147763
;US-MS;1934;p0p100;4649.44335938;;3792684288.0;;
;US-MS;1934;p99p100;62022.9375;;;0.1333986223;0.1333986223
;US-MS;1934;p99.9p100;183010.265625;;;0.0393617526;0.0393617526
;US-MS;1934;p99.99p100;432234.5625;;;0.0092964796;0.0092964796
;US-MS;1934;p90p100;;;;0.3295766711;0.3295766711
;US-MS;1934;p90p91;15323.4804688;;;;
;US-MS;1934;p95p96;22257.125;;;;
;US-MS;1934;p95p100;;;;0.239352569;0.239352569
;US-MS;1934;p99.5p100;87746.1640625;;;0.0943620056;0.0943620056
;US-MS;1933;p0p100;3679.35595703;;2970777344.0;;
;US-MS;1933;p99p100;50084.609375;;;0.1361232996;0.1361232996
;US-MS;1933;p99.9p100;139201.4375;;;0.0378330983;0.0378330983
;US-MS;1933;p99.99p100;383025.40625;;;0.0104101207;0.0104101207
;US-MS;1933;p90p100;;;;0.3712568879;0.3712568879
;US-MS;1933;p90p91;13659.8623047;;;;
;US-MS;1933;p95p96;18872.890625;;;;
;US-MS;1933;p95p100;;;;0.2564700544;0.2564700544
;US-MS;1933;p99.5p100;70253.3359375;;;0.0954696015;0.0954696015
;US-MS;1932;p0p100;3371.76831055;;2695899392.0;;
;US-MS;1932;p99p100;44498.1328125;;;0.1319727004;0.1319727004
;US-MS;1932;p99.9p100;109730.875;;;0.0325440168;0.0325440168
;US-MS;1932;p99.99p100;264880.40625;;;0.0078558307;0.0078558307
;US-MS;1932;p90p100;;;;0.3971806467;0.3971806467
;US-MS;1932;p90p91;13392.0097656;;;;
;US-MS;1932;p95p96;17679.7148438;;;;
;US-MS;1932;p95p100;;;;0.2621727586;0.2621727586
;US-MS;1932;p99.5p100;61338.8671875;;;0.0909595042;0.0909595042
;US-MS;1931;p0p100;4180.75146484;;3308481280.0;;
;US-MS;1931;p99p100;51558.8125;;;0.1233242825;0.1233242825
;US-MS;1931;p99.9p100;136280.296875;;;0.0325970836;0.0325970836
;US-MS;1931;p99.99p100;328902.5625;;;0.007867069;0.007867069
;US-MS;1931;p90p100;;;;0.3220299184;0.3220299184
;US-MS;1931;p90p91;13463.2705078;;;;
;US-MS;1931;p95p96;17936.609375;;;;
;US-MS;1931;p95p100;;;;0.2145141959;0.2145141959
;US-MS;1931;p99.5p100;72765.6875;;;0.0870246589;0.0870246589
;US-MS;1930;p0p100;4737.06982422;;3705418240.0;;
;US-MS;1930;p99p100;63529.1289062;;;0.1341105998;0.1341105998
;US-MS;1930;p99.9p100;183805.828125;;;0.0388015881;0.0388015881
;US-MS;1930;p99.99p100;496195.875;;;0.0104747424;0.0104747424
;US-MS;1930;p90p100;;;;0.3065964282;0.3065964282
;US-MS;1930;p90p91;14523.6865234;;;;
;US-MS;1930;p95p96;20857.7558594;;;;
;US-MS;1930;p95p100;;;;0.2201546133;0.2201546133
;US-MS;1930;p99.5p100;87843.71875;;;0.0927194655;0.0927194655
;US-MS;1929;p0p100;6790.7890625;;5269345792.0;;
;US-MS;1929;p99p100;86101.0546875;;;0.1267909408;0.1267909408
;US-MS;1929;p99.9p100;265828.9375;;;0.0391455144;0.0391455144
;US-MS;1929;p99.99p100;709933.75;;;0.0104543623;0.0104543623
;US-MS;1929;p90p100;;;;0.2638896704;0.2638896704
;US-MS;1929;p90p91;17920.1914062;;;;
;US-MS;1929;p95p96;27737.3359375;;;;
;US-MS;1929;p95p100;;;;0.2042276263;0.2042276263
;US-MS;1929;p99.5p100;120948.1875;;;0.0890531093;0.0890531093
;US-MS;1928;p0p100;6211.01855469;;4781859840.0;;
;US-MS;1928;p99p100;87100.8125;;;0.1402359456;0.1402359456
;US-MS;1928;p99.9p100;276956.75;;;0.0445911922;0.0445911922
;US-MS;1928;p99.99p100;797163.1875;;;0.0128346607;0.0128346607
;US-MS;1928;p90p100;;;;0.2930330634;0.2930330634
;US-MS;1928;p90p91;18200.3398438;;;;
;US-MS;1928;p95p96;28211.5585938;;;;
;US-MS;1928;p95p100;;;;0.2271089554;0.2271089554
;US-MS;1928;p99.5p100;122950.59375;;;0.0989777967;0.0989777967
;US-MS;1927;p0p100;6562.48291016;;5002856960.0;;
;US-MS;1927;p99p100;85597.546875;;;0.1304347068;0.1304347068
;US-MS;1927;p99.9p100;274244.375;;;0.0417897329;0.0417897329
;US-MS;1927;p99.99p100;783093.5625;;;0.0119328862;0.0119328862
;US-MS;1927;p90p100;;;;0.2809169292;0.2809169292
;US-MS;1927;p90p91;18435.1230469;;;;
;US-MS;1927;p95p96;28222.8007812;;;;
;US-MS;1927;p95p100;;;;0.215031445;0.215031445
;US-MS;1927;p99.5p100;121858.898438;;;0.092845127;0.092845127
;US-MS;1926;p0p100;6553.03173828;;4938434048.0;;
;US-MS;1926;p99p100;83095.6640625;;;0.1268049181;0.1268049181
;US-MS;1926;p99.9p100;251827.75;;;0.0384291969;0.0384291969
;US-MS;1926;p99.99p100;667049.3125;;;0.0101792468;0.0101792468
;US-MS;1926;p90p100;;;;0.2782033086;0.2782033086
;US-MS;1926;p90p91;18230.75;;;;
;US-MS;1926;p95p96;27898.0488281;;;;
;US-MS;1926;p95p100;;;;0.2128636837;0.2128636837
;US-MS;1926;p99.5p100;115732.46875;;;0.0883045271;0.0883045271
;US-MS;1925;p0p100;7364.98144531;;5488434688.0;;
;US-MS;1925;p99p100;97213.625;;;0.1319943964;0.1319943964
;US-MS;1925;p99.9p100;308777.28125;;;0.0419250615;0.0419250615
;US-MS;1925;p99.99p100;776574.625;;;0.0105441501;0.0105441501
;US-MS;1925;p90p100;;;;0.2732818425;0.2732818425
;US-MS;1925;p90p91;20127.15625;;;;
;US-MS;1925;p95p96;31507.5800781;;;;
;US-MS;1925;p95p100;;;;0.2139013112;0.2139013112
;US-MS;1925;p99.5p100;138120.859375;;;0.0937686488;0.0937686488
;US-MS;1924;p0p100;6636.52050781;;4882531328.0;;
;US-MS;1924;p99p100;83464.796875;;;0.1257659197;0.1257659197
;US-MS;1924;p99.9p100;280124.28125;;;0.0422095135;0.0422095135
;US-MS;1924;p99.99p100;952748.25;;;0.0143561428;0.0143561428
;US-MS;1924;p90p100;;;;0.3130546212;0.3130546212
;US-MS;1924;p90p91;20775.9316406;;;;
;US-MS;1924;p95p96;32993.0546875;;;;
;US-MS;1924;p95p100;;;;0.2485719621;0.2485719621
;US-MS;1924;p99.5p100;117216.023438;;;0.0883113667;0.0883113667
;US-MS;1923;p0p100;6850.49462891;;4954511872.0;;
;US-MS;1923;p99p100;84406.828125;;;0.1232127473;0.1232127473
;US-MS;1923;p99.9p100;291990.375;;;0.0426232517;0.0426232517
;US-MS;1923;p99.99p100;944205.0;;;0.013783019;0.013783019
;US-MS;1923;p90p100;;;;0.3059412837;0.3059412837
;US-MS;1923;p90p91;20958.4941406;;;;
;US-MS;1923;p95p96;33528.9609375;;;;
;US-MS;1923;p95p100;;;;0.2447192669;0.2447192669
;US-MS;1923;p99.5p100;119518.765625;;;0.0872336775;0.0872336775
;US-MS;1922;p0p100;6655.39013672;;4740945920.0;;
;US-MS;1922;p99p100;81843.9921875;;;0.1229740009;0.1229740009
;US-MS;1922;p99.9p100;271491.125;;;0.0407926701;0.0407926701
;US-MS;1922;p99.99p100;819363.5;;;0.012311276;0.012311276
;US-MS;1922;p90p100;;;;0.310603708;0.310603708
;US-MS;1922;p90p91;20671.8886719;;;;
;US-MS;1922;p95p96;32797.8085938;;;;
;US-MS;1922;p95p100;;;;0.2464003712;0.2464003712
;US-MS;1922;p99.5p100;115355.078125;;;0.0866629034;0.0866629034
;US-MS;1921;p0p100;4885.02539062;;3438358016.0;;
;US-MS;1921;p99p100;60585.6523438;;;0.1240231991;0.1240231991
;US-MS;1921;p99.9p100;172708.3125;;;0.0353546366;0.0353546366
;US-MS;1921;p99.99p100;472290.28125;;;0.009668123;0.009668123
;US-MS;1921;p90p100;;;;0.3372498751;0.3372498751
;US-MS;1921;p90p91;16474.7421875;;;;
;US-MS;1921;p95p96;25383.8496094;;;;
;US-MS;1921;p95p100;;;;0.2598128617;0.2598128617
;US-MS;1921;p99.5p100;81604.3515625;;;0.083525002;0.083525002
;US-MS;1920;p0p100;6101.22167969;;4219544320.0;;
;US-MS;1920;p99p100;68953.7265625;;;0.1130162627;0.1130162627
;US-MS;1920;p99.9p100;227120.0625;;;0.0372253433;0.0372253433
;US-MS;1920;p99.99p100;666728.75;;;0.0109277908;0.0109277908
;US-MS;1920;p90p100;;;;0.2983706892;0.2983706892
;US-MS;1920;p90p91;18204.2558594;;;;
;US-MS;1920;p95p96;28725.3359375;;;;
;US-MS;1920;p95p100;;;;0.2354064137;0.2354064137
;US-MS;1920;p99.5p100;97142.796875;;;0.0796093047;0.0796093047
;US-MS;1919;p0p100;9608.71386719;;6601539584.0;;
;US-MS;1919;p99p100;119781.90625;;;0.1246596649;0.1246596649
;US-MS;1919;p99.9p100;420537.5625;;;0.0437662676;0.0437662676
;US-MS;1919;p99.99p100;1137897.625;;;0.0118423495;0.0118423495
;US-MS;1919;p90p100;;;;0.2555017173;0.2555017173
;US-MS;1919;p90p91;24550.4296875;;;;
;US-MS;1919;p95p96;41197.1484375;;;;
;US-MS;1919;p95p100;;;;0.2143739015;0.2143739015
;US-MS;1919;p99.5p100;177160.46875;;;0.0921873897;0.0921873897
;US-MS;1918;p0p100;8268.84277344;;5676558336.0;;
;US-MS;1918;p99p100;99016.625;;;0.1197466552;0.1197466552
;US-MS;1918;p99.9p100;314673.6875;;;0.0380553491;0.0380553491
;US-MS;1918;p99.99p100;842332.6875;;;0.0101868268;0.0101868268
;US-MS;1918;p90p100;;;;0.2642824054;0.2642824054
;US-MS;1918;p90p91;21853.0976562;;;;
;US-MS;1918;p95p96;34919.515625;;;;
;US-MS;1918;p95p100;;;;0.2111511678;0.2111511678
;US-MS;1918;p99.5p100;139000.828125;;;0.0840509608;0.0840509608
;US-MS;1917;p0p100;8920.59667969;;6199873536.0;;
