Variable Name;.;.;.;Fiscal income  | tax unit | Average | Adults | constant 2015 local currency;Fiscal income  | tax unit | Threshold | Adults | constant 2015 local currency;Fiscal income  | tax unit | Total | Adults | constant 2015 local currency;Fiscal income  | tax unit | Share | Adults | share of total (ratio);Pre-tax national income  | tax unit | Share | Adults | share of total (ratio)
Variable Category;.;.;.;Income inequality;Income inequality;Income inequality;Income inequality;Income inequality
Variable Description;.;.;.;Average Fiscal income within a given percentile group. Fiscal income is defined as the sum of all income items reported on income tax returns, before any deduction. It includes labour income, capital income and mixed income. The concept of fiscal income varies with national tax legislations, so in order to make international comparisons it is preferable to use the concept of national income. The population is comprised of individuals over age 20. The base unit is the tax unit defined by national fiscal administrations to measure personal income taxes.;Fiscal income threshold value at a given percentile.  Fiscal income is defined as the sum of all income items reported on income tax returns, before any deduction. It includes labour income, capital income and mixed income. The concept of fiscal income varies with national tax legislations, so in order to make international comparisons it is preferable to use the concept of national income. The population is comprised of individuals over age 20. The base unit is the tax unit defined by national fiscal administrations to measure personal income taxes.;Total Fiscal income  within a given percentile group. Fiscal income is defined as the sum of all income items reported on income tax returns, before any deduction. It includes labour income, capital income and mixed income. The concept of fiscal income varies with national tax legislations, so in order to make international comparisons it is preferable to use the concept of national income. The population is comprised of individuals over age 20.;Fiscal income share held by a given percentile group. Fiscal income is defined as the sum of all income items reported on income tax returns, before any deduction. It includes labour income, capital income and mixed income. The concept of fiscal income varies with national tax legislations, so in order to make international comparisons it is preferable to use the concept of national income. The population is comprised of individuals over age 20. The base unit is the tax unit defined by national fiscal administrations to measure personal income taxes.;Pre-tax national income share held by a given percentile group. Pre-tax national income  is the sum of all pre-tax personal income flows accruing to the owners of the production factors, labor and capital, before taking into account the operation of the tax/transfer system, but after taking into account the operation of pension system. The central difference between personal factor income and pre-tax income is the treatment of pensions, which are counted on a contribution basis by factor income and on a distribution basis by pre-tax income. The population is comprised of individuals over age 20. The base unit is the tax unit defined by national fiscal administrations to measure personal income taxes.
Variable Decomposition;.;.;.;[Fiscal income ]=[Fiscal labour income ]+[Fiscal capital income ];[Fiscal income ]=[Fiscal labour income ]+[Fiscal capital income ];[Fiscal income ]=[Fiscal labour income ]+[Fiscal capital income ];[Fiscal income ]=[Fiscal labour income ]+[Fiscal capital income ];Pre-tax national income =Pre-tax labor income [total pre-tax income ranking]+Pre-tax capital income [total pre-tax income ranking]
Variable Unit;.;.;.;"USD; United States dollar | local currency | market";"USD; United States dollar | local currency | market";"USD; United States dollar | local currency | market";share;share
Methodological Notes;.;.;.;;;;;Assuming the same distribution as fiscal income.
Sources;.;.;.;Frank, Sommeiller, Price & Saez (2015);Frank, Sommeiller, Price & Saez (2015);Frank, Sommeiller, Price & Saez (2015);Frank, Sommeiller, Price & Saez (2015);WID.world computations using: Frank, Sommeiller, Price & Saez (2015)
Variable Code;country;year;perc;afiinc992t;tfiinc992t;mfiinc992t;sfiinc992t;sptinc992t
;US-HI;2014;p0p100;62615.7148438;;45158936576.0;;
;US-HI;2014;p99p100;;302900.9375;;0.1206155121;0.1206155121
;US-HI;2014;p99.9p100;;1156781.875;;0.0496789478;0.0496789478
;US-HI;2014;p99.99p100;;4979627.5;;0.0206428524;0.0206428524
;US-HI;2014;p90p100;;122875.0625;;0.3699274957;0.3699274957
;US-HI;2014;p90p91;234647.75;;;;
;US-HI;2014;p95p96;325086.90625;;;;
;US-HI;2014;p90p95;144208.59375;122875.0625;;0.1124643758;0.1124643758
;US-HI;2014;p95p99;215439.21875;154827.828125;;0.1366072297;0.1366072297
;US-HI;2014;p99.5p99.9;660244.25;460184.21875;;0.0420409851;0.0420409851
;US-HI;2014;p99.9p99.99;1999759.625;1156781.875;;0.0292664077;0.0292664077
;US-HI;2014;p99p99.5;367133.0625;302900.9375;;0.0289691258;0.0289691258
;US-HI;2014;p95p100;;154827.828125;;0.2571318448;0.2571318448
;US-HI;2014;p0p90;43501.0429688;;;0.6300089955;0.6300089955
;US-HI;2014;p0p99;55534.2773438;;;0.8793845177;0.8793845177
;US-HI;2014;p99.5p100;;460184.21875;;0.0916413739;0.0916413739
;US-HI;2014;p99.5p99.6;1160222.375;;;;
;US-HI;2014;p99.99p99.991;13603508.0;;;;
;US-HI;2014;p99.9p99.91;3160134.5;;;;
;US-HI;2014;p99p99.1;763677.6875;;;;
;US-HI;2013;p0p100;59826.5234375;;43200663552.0;;
;US-HI;2013;p99p100;;293897.5;;0.1187004521;0.1187004521
;US-HI;2013;p99.9p100;;1058717.875;;0.0475146212;0.0475146212
;US-HI;2013;p99.99p100;;4547593.5;;0.0201413371;0.0201413371
;US-HI;2013;p90p100;;123303.953125;;0.3765011728;0.3765011728
;US-HI;2013;p90p91;230059.96875;;;;
;US-HI;2013;p95p96;315223.6875;;;;
;US-HI;2013;p90p95;144896.25;123303.953125;;0.1166900992;0.1166900992
;US-HI;2013;p95p99;213990.0;153433.71875;;0.1405387074;0.1405387074
;US-HI;2013;p99.5p99.9;635604.375;442970.875;;0.0417922437;0.0417922437
;US-HI;2013;p99.9p99.99;1828522.0;1058717.875;;0.0274336245;0.0274336245
;US-HI;2013;p99p99.5;354873.03125;293897.5;;0.0294147469;0.0294147469
;US-HI;2013;p95p100;;153433.71875;;0.2593306899;0.2593306899
;US-HI;2013;p0p90;40911.6953125;;;0.6239892244;0.6239892244
;US-HI;2013;p0p99;53156.5039062;;;0.8812995553;0.8812995553
;US-HI;2013;p99.5p100;;442970.875;;0.0893183276;0.0893183276
;US-HI;2013;p99.5p99.6;1085443.625;;;;
;US-HI;2013;p99.99p99.991;12391309.0;;;;
;US-HI;2013;p99.9p99.91;2884800.75;;;;
;US-HI;2013;p99p99.1;720158.375;;;;
;US-HI;2012;p0p100;63349.34375;;44523470848.0;;
;US-HI;2012;p99p100;792296.25;;;0.1250677854;0.1250677854
;US-HI;2012;p99.9p100;3466093.75;;;0.0547139607;0.0547139607
;US-HI;2012;p99.99p100;14986815.0;;;0.0236574095;0.0236574095
;US-HI;2012;p90p100;;;;0.3623601496;0.3623601496
;US-HI;2012;p90p91;229552.796875;;;;
;US-HI;2012;p95p96;321077.5;;;;
;US-HI;2012;p95p100;;;;0.2534181774;0.2534181774
;US-HI;2012;p99.5p100;1227621.375;;;0.0968929753;0.0968929753
;US-HI;2011;p0p100;62695.9375;;41940348928.0;;
;US-HI;2011;p99p100;681306.8125;;;0.1086684093;0.1086684093
;US-HI;2011;p99.9p100;2633390.0;;;0.042002555;0.042002555
;US-HI;2011;p99.99p100;10362598.0;;;0.0165283401;0.0165283401
;US-HI;2011;p90p100;;;;0.3464728296;0.3464728296
;US-HI;2011;p90p91;217224.40625;;;;
;US-HI;2011;p95p96;296866.21875;;;;
;US-HI;2011;p95p100;;;;0.2367507666;0.2367507666
;US-HI;2011;p99.5p100;1016029.375;;;0.0810283199;0.0810283199
;US-HI;2010;p0p100;62218.7734375;;41680650240.0;;
;US-HI;2010;p99p100;705519.75;;;0.1133933961;0.1133933961
;US-HI;2010;p99.9p100;2987022.75;;;0.0480083823;0.0480083823
;US-HI;2010;p99.99p100;13202626.0;;;0.0212196838;0.0212196838
;US-HI;2010;p90p100;;;;0.3496742547;0.3496742547
;US-HI;2010;p90p91;217563.03125;;;;
;US-HI;2010;p95p96;298461.8125;;;;
;US-HI;2010;p95p100;;;;0.2398486733;0.2398486733
;US-HI;2010;p99.5p100;1077731.375;;;0.0866082162;0.0866082162
;US-HI;2009;p0p100;60152.0507812;;40525746176.0;;
;US-HI;2009;p99p100;775859.8125;;;0.1289831102;0.1289831102
;US-HI;2009;p99.9p100;3359709.0;;;0.055853609;0.055853609
;US-HI;2009;p99.99p100;14918236.0;;;0.0248008762;0.0248008762
;US-HI;2009;p90p100;;;;0.3667385876;0.3667385876
;US-HI;2009;p90p91;220600.78125;;;;
;US-HI;2009;p95p96;303730.71875;;;;
;US-HI;2009;p95p100;;;;0.2524691224;0.2524691224
;US-HI;2009;p99.5p100;1191853.375;;;0.0990700573;0.0990700573
;US-HI;2008;p0p100;63417.7617188;;42247778304.0;;
;US-HI;2008;p99p100;852703.625;;;0.1344581693;0.1344581693
;US-HI;2008;p99.9p100;3639958.25;;;0.0573965125;0.0573965125
;US-HI;2008;p99.99p100;15147548.0;;;0.0238853395;0.0238853395
;US-HI;2008;p90p100;;;;0.3705042899;0.3705042899
;US-HI;2008;p90p91;234965.515625;;;;
;US-HI;2008;p95p96;330471.4375;;;;
;US-HI;2008;p95p100;;;;0.2605511844;0.2605511844
;US-HI;2008;p99.5p100;1312221.25;;;0.1034585014;0.1034585014
;US-HI;2007;p0p100;67726.4296875;;44728201216.0;;
;US-HI;2007;p99p100;1060961.375;;;0.1566539705;0.1566539705
;US-HI;2007;p99.9p100;4853224.5;;;0.0716592446;0.0716592446
;US-HI;2007;p99.99p100;20902140.0;;;0.0308626052;0.0308626052
;US-HI;2007;p90p100;;;;0.3887712657;0.3887712657
;US-HI;2007;p90p91;263300.875;;;;
;US-HI;2007;p95p96;382997.40625;;;;
;US-HI;2007;p95p100;;;;0.2827532887;0.2827532887
;US-HI;2007;p99.5p100;1675517.5;;;0.1236974746;0.1236974746
;US-HI;2006;p0p100;63862.6289062;;42393866240.0;;
;US-HI;2006;p99p100;1021688.8125;;;0.159982264;0.159982264
;US-HI;2006;p99.9p100;4588350.5;;;0.0718471929;0.0718471929
;US-HI;2006;p99.99p100;19122426.0;;;0.0299430601;0.0299430601
;US-HI;2006;p90p100;;;;0.4001724422;0.4001724422
;US-HI;2006;p90p91;255560.640625;;;;
;US-HI;2006;p95p96;371501.53125;;;;
;US-HI;2006;p95p100;;;;0.2908598781;0.2908598781
;US-HI;2006;p99.5p100;1606181.75;;;0.1257528663;0.1257528663
;US-HI;2005;p0p100;63444.96875;;40376242176.0;;
;US-HI;2005;p99p100;1043878.3125;;;0.1645328701;0.1645328701
;US-HI;2005;p99.9p100;4704703.0;;;0.074154079;0.074154079
;US-HI;2005;p99.99p100;19751624.0;;;0.0311319008;0.0311319008
;US-HI;2005;p90p100;;;;0.4076580107;0.4076580107
;US-HI;2005;p90p91;258638.5;;;;
;US-HI;2005;p95p96;381256.1875;;;;
;US-HI;2005;p95p100;;;;0.3004620969;0.3004620969
;US-HI;2005;p99.5p100;1639637.625;;;0.1292173117;0.1292173117
;US-HI;2004;p0p100;59994.3554688;;37558435840.0;;
;US-HI;2004;p99p100;853191.5625;;;0.1422119737;0.1422119737
;US-HI;2004;p99.9p100;3557378.25;;;0.0592952147;0.0592952147
;US-HI;2004;p99.99p100;14200224.0;;;0.0236692671;0.0236692671
;US-HI;2004;p90p100;;;;0.38861081;0.38861081
;US-HI;2004;p90p91;233144.5625;;;;
;US-HI;2004;p95p96;332744.8125;;;;
;US-HI;2004;p95p100;;;;0.2773134112;0.2773134112
;US-HI;2004;p99.5p100;1304127.25;;;0.1086874902;0.1086874902
;US-HI;2003;p0p100;57788.1132812;;34431160320.0;;
;US-HI;2003;p99p100;730867.5;;;0.1264736652;0.1264736652
;US-HI;2003;p99.9p100;2864999.25;;;0.0495776571;0.0495776571
;US-HI;2003;p99.99p100;11107048.0;;;0.0192203;0.0192203
;US-HI;2003;p90p100;;;;0.3734239638;0.3734239638
;US-HI;2003;p90p91;215794.65625;;;;
;US-HI;2003;p95p96;303139.0625;;;;
;US-HI;2003;p95p100;;;;0.2622849643;0.2622849643
;US-HI;2003;p99.5p100;1094557.875;;;0.0947044119;0.0947044119
;US-HI;2002;p0p100;56559.8203125;;33459994624.0;;
;US-HI;2002;p99p100;647223.125;;;0.1144316122;0.1144316122
;US-HI;2002;p99.9p100;2392279.5;;;0.0422964506;0.0422964506
;US-HI;2002;p99.99p100;8694646.0;;;0.0153724793;0.0153724793
;US-HI;2002;p90p100;;;;0.358777374;0.358777374
;US-HI;2002;p90p91;202923.84375;;;;
;US-HI;2002;p95p96;280544.0;;;;
;US-HI;2002;p95p100;;;;0.2480064332;0.2480064332
;US-HI;2002;p99.5p100;952647.4375;;;0.0842159241;0.0842159241
;US-HI;2001;p0p100;56894.4335938;;33600040960.0;;
;US-HI;2001;p99p100;697018.8125;;;0.1225108951;0.1225108951
;US-HI;2001;p99.9p100;2828547.5;;;0.0497157164;0.0497157164
;US-HI;2001;p99.99p100;11623159.0;;;0.0204293411;0.0204293411
;US-HI;2001;p90p100;;;;0.3683263361;0.3683263361
;US-HI;2001;p90p91;209557.1875;;;;
;US-HI;2001;p95p96;292498.125;;;;
;US-HI;2001;p95p100;;;;0.2570533752;0.2570533752
;US-HI;2001;p99.5p100;1026847.8125;;;0.0902414918;0.0902414918
;US-HI;2000;p0p100;60875.2773438;;35846045696.0;;
;US-HI;2000;p99p100;795476.3125;;;0.1306731403;0.1306731403
;US-HI;2000;p99.9p100;3433146.0;;;0.0563963912;0.0563963912
;US-HI;2000;p99.99p100;14139674.0;;;0.0232272875;0.0232272875
;US-HI;2000;p90p100;;;;0.3701728284;0.3701728284
;US-HI;2000;p90p91;225343.734375;;;;
;US-HI;2000;p95p96;320732.96875;;;;
;US-HI;2000;p95p100;;;;0.2634344995;0.2634344995
;US-HI;2000;p99.5p100;1204899.625;;;0.0989646092;0.0989646092
;US-HI;1999;p0p100;61071.6835938;;34830086144.0;;
;US-HI;1999;p99p100;741149.25;;;0.1213572547;0.1213572547
;US-HI;1999;p99.9p100;2989800.5;;;0.0489555895;0.0489555895
;US-HI;1999;p99.99p100;11448707.0;;;0.0187463406;0.0187463406
;US-HI;1999;p90p100;;;;0.3603266478;0.3603266478
;US-HI;1999;p90p91;220057.546875;;;;
;US-HI;1999;p95p96;308706.34375;;;;
;US-HI;1999;p95p100;;;;0.2527409792;0.2527409792
;US-HI;1999;p99.5p100;1109813.625;;;0.0908615515;0.0908615515
;US-HI;1998;p0p100;59088.4765625;;33460334592.0;;
;US-HI;1998;p99p100;652565.5625;;;0.1104387194;0.1104387194
;US-HI;1998;p99.9p100;2478705.0;;;0.0419490412;0.0419490412
;US-HI;1998;p99.99p100;8881469.0;;;0.0150307966;0.0150307966
;US-HI;1998;p90p100;;;;0.3444063067;0.3444063067
;US-HI;1998;p90p91;203504.4375;;;;
;US-HI;1998;p95p96;281117.71875;;;;
;US-HI;1998;p95p100;;;;0.2378786206;0.2378786206
;US-HI;1998;p99.5p100;947409.1875;;;0.0801686943;0.0801686943
;US-HI;1997;p0p100;57946.1328125;;32637753344.0;;
;US-HI;1997;p99p100;612134.625;;;0.1056385636;0.1056385636
;US-HI;1997;p99.9p100;2286797.75;;;0.0394641981;0.0394641981
;US-HI;1997;p99.99p100;8614894.0;;;0.0148670739;0.0148670739
;US-HI;1997;p90p100;;;;0.3391699791;0.3391699791
;US-HI;1997;p90p91;196535.875;;;;
;US-HI;1997;p95p96;269006.0625;;;;
;US-HI;1997;p95p100;;;;0.2321173549;0.2321173549
;US-HI;1997;p99.5p100;886749.125;;;0.0765149593;0.0765149593
;US-HI;1996;p0p100;56383.2929688;;31262066688.0;;
;US-HI;1996;p99p100;583931.25;;;0.1035645828;0.1035645828
;US-HI;1996;p99.9p100;2080806.125;;;0.0369046554;0.0369046554
;US-HI;1996;p99.99p100;7218386.5;;;0.0128023494;0.0128023494
;US-HI;1996;p90p100;;;;0.338699013;0.338699013
;US-HI;1996;p90p91;190969.65625;;;;
;US-HI;1996;p95p96;259436.703125;;;;
;US-HI;1996;p95p100;;;;0.2300652266;0.2300652266
;US-HI;1996;p99.5p100;851341.0;;;0.0754958615;0.0754958615
;US-HI;1995;p0p100;57601.4375;;31133769728.0;;
;US-HI;1995;p99p100;538096.875;;;0.0934172794;0.0934172794
;US-HI;1995;p99.9p100;1765022.125;;;0.0306419842;0.0306419842
;US-HI;1995;p99.99p100;5640202.0;;;0.0097917737;0.0097917737
;US-HI;1995;p90p100;;;;0.3235750794;0.3235750794
;US-HI;1995;p90p91;186383.890625;;;;
;US-HI;1995;p95p96;249887.765625;;;;
;US-HI;1995;p95p100;;;;0.2169110775;0.2169110775
;US-HI;1995;p99.5p100;765738.5625;;;0.0664687082;0.0664687082
;US-HI;1994;p0p100;57047.7929688;;31110332416.0;;
;US-HI;1994;p99p100;532376.1875;;;0.0933210924;0.0933210924
;US-HI;1994;p99.9p100;1801188.375;;;0.0315733254;0.0315733254
;US-HI;1994;p99.99p100;6117007.0;;;0.0107226009;0.0107226009
;US-HI;1994;p90p100;;;;0.3199663162;0.3199663162
;US-HI;1994;p90p91;182533.71875;;;;
;US-HI;1994;p95p96;244772.890625;;;;
;US-HI;1994;p95p100;;;;0.21453318;0.21453318
;US-HI;1994;p99.5p100;763146.1875;;;0.0668865666;0.0668865666
;US-HI;1993;p0p100;59146.0664062;;31485569024.0;;
;US-HI;1993;p99p100;586063.8125;;;0.0990875363;0.0990875363
;US-HI;1993;p99.9p100;2130013.25;;;0.036012765;0.036012765
;US-HI;1993;p99.99p100;7779281.0;;;0.0131526608;0.0131526608
;US-HI;1993;p90p100;;;;0.3208768368;0.3208768368
;US-HI;1993;p90p91;189786.03125;;;;
;US-HI;1993;p95p96;258053.625;;;;
;US-HI;1993;p95p100;;;;0.2181494385;0.2181494385
;US-HI;1993;p99.5p100;860386.8125;;;0.0727340654;0.0727340654
;US-HI;1992;p0p100;59887.6914062;;31664291840.0;;
;US-HI;1992;p99p100;624431.0625;;;0.1042670161;0.1042670161
;US-HI;1992;p99.9p100;2276174.75;;;0.038007386;0.038007386
;US-HI;1992;p99.99p100;8241558.0;;;0.0137616899;0.0137616899
;US-HI;1992;p90p100;;;;0.3275816739;0.3275816739
;US-HI;1992;p90p91;196181.09375;;;;
;US-HI;1992;p95p96;267488.0625;;;;
;US-HI;1992;p95p100;;;;0.2233247608;0.2233247608
;US-HI;1992;p99.5p100;919416.375;;;0.0767617151;0.0767617151
;US-HI;1991;p0p100;59541.1445312;;30528868352.0;;
;US-HI;1991;p99p100;633565.625;;;0.1064080372;0.1064080372
;US-HI;1991;p99.9p100;2291072.75;;;0.0384788178;0.0384788178
;US-HI;1991;p99.99p100;8254559.0;;;0.0138636203;0.0138636203
;US-HI;1991;p90p100;;;;0.3330604434;0.3330604434
;US-HI;1991;p90p91;198308.015625;;;;
;US-HI;1991;p95p96;270510.3125;;;;
;US-HI;1991;p95p100;;;;0.2271625251;0.2271625251
;US-HI;1991;p99.5p100;930492.4375;;;0.0781386122;0.0781386122
;US-HI;1990;p0p100;59583.3046875;;30095161344.0;;
;US-HI;1990;p99p100;799675.3125;;;0.1342113018;0.1342113018
;US-HI;1990;p99.9p100;3262787.5;;;0.0547600947;0.0547600947
;US-HI;1990;p99.99p100;13121768.0;;;0.0220225584;0.0220225584
;US-HI;1990;p90p100;;;;0.3645870388;0.3645870388
;US-HI;1990;p90p91;217233.0;;;;
;US-HI;1990;p95p96;309977.0;;;;
;US-HI;1990;p95p100;;;;0.2601206899;0.2601206899
;US-HI;1990;p99.5p100;1222903.375;;;0.1026213095;0.1026213095
;US-HI;1989;p0p100;59194.3164062;;28730945536.0;;
;US-HI;1989;p99p100;707175.125;;;0.1194667295;0.1194667295
;US-HI;1989;p99.9p100;2781192.25;;;0.0469841063;0.0469841063
;US-HI;1989;p99.99p100;10806315.0;;;0.018255664;0.018255664
;US-HI;1989;p90p100;;;;0.3480994701;0.3480994701
;US-HI;1989;p90p91;206055.09375;;;;
;US-HI;1989;p95p96;288971.125;;;;
;US-HI;1989;p95p100;;;;0.2440868765;0.2440868765
;US-HI;1989;p99.5p100;1064969.125;;;0.0899553448;0.0899553448
;US-HI;1988;p0p100;58776.5703125;;27400251392.0;;
;US-HI;1988;p99p100;719374.3125;;;0.1223913357;0.1223913357
;US-HI;1988;p99.9p100;2941338.25;;;0.0500426963;0.0500426963
;US-HI;1988;p99.99p100;11538308.0;;;0.0196307953;0.0196307953
;US-HI;1988;p90p100;;;;0.3444696069;0.3444696069
;US-HI;1988;p90p91;202467.421875;;;;
;US-HI;1988;p95p96;285770.1875;;;;
;US-HI;1988;p95p100;;;;0.2430987209;0.2430987209
;US-HI;1988;p99.5p100;1099191.625;;;0.0935059339;0.0935059339
;US-HI;1987;p0p100;56172.5625;;25251551232.0;;
;US-HI;1987;p99p100;530979.6875;;;0.0945265219;0.0945265219
;US-HI;1987;p99.9p100;1868522.875;;;0.0332639776;0.0332639776
;US-HI;1987;p99.99p100;6618193.0;;;0.0117818955;0.0117818955
;US-HI;1987;p90p100;;;;0.3139145672;0.3139145672
;US-HI;1987;p90p91;176333.859375;;;;
;US-HI;1987;p95p96;237830.796875;;;;
;US-HI;1987;p95p100;;;;0.211696595;0.211696595
;US-HI;1987;p99.5p100;770126.5;;;0.0685500577;0.0685500577
;US-HI;1986;p0p100;56205.1328125;;25680596992.0;;
;US-HI;1986;p99p100;617145.4375;;;0.1098023281;0.1098023281
;US-HI;1986;p99.9p100;2517656.5;;;0.0447940677;0.0447940677
;US-HI;1986;p99.99p100;9973318.0;;;0.0177444983;0.0177444983
;US-HI;1986;p90p100;;;;0.3219828606;0.3219828606
;US-HI;1986;p90p91;180970.890625;;;;
;US-HI;1986;p95p96;251733.015625;;;;
;US-HI;1986;p95p100;;;;0.2239413112;0.2239413112
;US-HI;1986;p99.5p100;940144.75;;;0.0836351365;0.0836351365
;US-HI;1985;p0p100;52563.6054688;;23594156032.0;;
;US-HI;1985;p99p100;410577.59375;;;0.0781106204;0.0781106204
;US-HI;1985;p99.9p100;1261284.5;;;0.0239953939;0.0239953939
;US-HI;1985;p99.99p100;3501595.0;;;0.006661634;0.006661634
;US-HI;1985;p90p100;;;;0.2928162217;0.2928162217
;US-HI;1985;p90p91;153914.78125;;;;
;US-HI;1985;p95p96;199990.03125;;;;
;US-HI;1985;p95p100;;;;0.1902362108;0.1902362108
;US-HI;1985;p99.5p100;564179.125;;;0.0536663234;0.0536663234
;US-HI;1984;p0p100;51032.953125;;22514216960.0;;
;US-HI;1984;p99p100;417163.34375;;;0.0817439184;0.0817439184
;US-HI;1984;p99.9p100;1498211.125;;;0.0293577202;0.0293577202
;US-HI;1984;p99.99p100;5742145.0;;;0.0112518379;0.0112518379
;US-HI;1984;p90p100;;;;0.2968850136;0.2968850136
;US-HI;1984;p90p91;151509.1875;;;;
;US-HI;1984;p95p96;200151.671875;;;;
;US-HI;1984;p95p100;;;;0.1961004287;0.1961004287
;US-HI;1984;p99.5p100;591163.5;;;0.0579197854;0.0579197854
;US-HI;1983;p0p100;49052.6367188;;21275230208.0;;
;US-HI;1983;p99p100;432769.78125;;;0.0882255882;0.0882255882
;US-HI;1983;p99.9p100;1691677.875;;;0.0344869867;0.0344869867
;US-HI;1983;p99.99p100;6854991.5;;;0.0139747662;0.0139747662
;US-HI;1983;p90p100;;;;0.3064570129;0.3064570129
;US-HI;1983;p90p91;150325.234375;;;;
;US-HI;1983;p95p96;202019.171875;;;;
;US-HI;1983;p95p100;;;;0.2059208006;0.2059208006
;US-HI;1983;p99.5p100;627352.5;;;0.0639468655;0.0639468655
;US-HI;1982;p0p100;50283.4296875;;20571373568.0;;
;US-HI;1982;p99p100;390467.28125;;;0.0776532665;0.0776532665
;US-HI;1982;p99.9p100;1510311.25;;;0.0300359614;0.0300359614
;US-HI;1982;p99.99p100;6270860.5;;;0.0124710277;0.0124710277
;US-HI;1982;p90p100;;;;0.2987736762;0.2987736762
;US-HI;1982;p90p91;150233.65625;;;;
;US-HI;1982;p95p96;196822.8125;;;;
;US-HI;1982;p95p100;;;;0.1957133859;0.1957133859
;US-HI;1982;p99.5p100;576166.125;;;0.0572918467;0.0572918467
;US-HI;1981;p0p100;47754.0;;20723261440.0;;
;US-HI;1981;p99p100;368915.25;;;0.0772532746;0.0772532746
;US-HI;1981;p99.9p100;1195463.375;;;0.0250337869;0.0250337869
;US-HI;1981;p99.99p100;4289189.0;;;0.0089818425;0.0089818425
;US-HI;1981;p90p100;;;;0.3028435111;0.3028435111
;US-HI;1981;p90p91;144619.890625;;;;
;US-HI;1981;p95p96;184638.0625;;;;
;US-HI;1981;p95p100;;;;0.1933221072;0.1933221072
;US-HI;1981;p99.5p100;522713.59375;;;0.0547298267;0.0547298267
;US-HI;1980;p0p100;49680.703125;;21372522496.0;;
;US-HI;1980;p99p100;381857.59375;;;0.076862365;0.076862365
;US-HI;1980;p99.9p100;1243143.25;;;0.0250226595;0.0250226595
;US-HI;1980;p99.99p100;4513302.0;;;0.0090846177;0.0090846177
;US-HI;1980;p90p100;;;;0.2965628803;0.2965628803
;US-HI;1980;p90p91;147334.515625;;;;
;US-HI;1980;p95p96;192350.828125;;;;
;US-HI;1980;p95p100;;;;0.1935870647;0.1935870647
;US-HI;1980;p99.5p100;538364.875;;;0.0541824959;0.0541824959
;US-HI;1979;p0p100;54002.0585938;;20396679168.0;;
;US-HI;1979;p99p100;405842.09375;;;0.0751530826;0.0751530826
;US-HI;1979;p99.9p100;1359539.75;;;0.0251757037;0.0251757037
;US-HI;1979;p99.99p100;5325808.0;;;0.009862232;0.009862232
;US-HI;1979;p90p100;;;;0.2866938412;0.2866938412
;US-HI;1979;p90p91;154820.578125;;;;
;US-HI;1979;p95p96;201942.421875;;;;
;US-HI;1979;p95p100;;;;0.1869766116;0.1869766116
;US-HI;1979;p99.5p100;568776.125;;;0.0526624471;0.0526624471
;US-HI;1978;p0p100;49345.8828125;;19193069568.0;;
;US-HI;1978;p99p100;350767.6875;;;0.0710834786;0.0710834786
;US-HI;1978;p99.9p100;1003182.125;;;0.0203296002;0.0203296002
;US-HI;1978;p99.99p100;3109335.0;;;0.0063011036;0.0063011036
;US-HI;1978;p90p100;;;;0.2949460149;0.2949460149
;US-HI;1978;p90p91;145543.71875;;;;
;US-HI;1978;p95p96;186372.953125;;;;
;US-HI;1978;p95p100;;;;0.1888434738;0.1888434738
;US-HI;1978;p99.5p100;481950.1875;;;0.0488338806;0.0488338806
;US-HI;1977;p0p100;50542.9257812;;18644307968.0;;
;US-HI;1977;p99p100;347984.90625;;;0.0688493848;0.0688493848
;US-HI;1977;p99.9p100;1002886.1875;;;0.0198422689;0.0198422689
;US-HI;1977;p99.99p100;3438696.5;;;0.0068035177;0.0068035177
;US-HI;1977;p90p100;;;;0.2846674025;0.2846674025
;US-HI;1977;p90p91;143879.21875;;;;
;US-HI;1977;p95p96;178632.28125;;;;
;US-HI;1977;p95p100;;;;0.1767134517;0.1767134517
;US-HI;1977;p99.5p100;466001.21875;;;0.0460995547;0.0460995547
;US-HI;1976;p0p100;52548.2851562;;18395174912.0;;
;US-HI;1976;p99p100;340649.15625;;;0.0648259372;0.0648259372
;US-HI;1976;p99.9p100;944222.5625;;;0.0179686639;0.0179686639
;US-HI;1976;p99.99p100;3046436.0;;;0.0057974034;0.0057974034
;US-HI;1976;p90p100;;;;0.2708468735;0.2708468735
;US-HI;1976;p90p91;142325.375;;;;
;US-HI;1976;p95p96;183075.421875;;;;
;US-HI;1976;p95p100;;;;0.174197346;0.174197346
;US-HI;1976;p99.5p100;459733.0625;;;0.0437438674;0.0437438674
;US-HI;1975;p0p100;53926.7070312;;17926066176.0;;
;US-HI;1975;p99p100;355699.90625;;;0.0659598857;0.0659598857
;US-HI;1975;p99.9p100;1045819.5;;;0.0193933509;0.0193933509
;US-HI;1975;p99.99p100;3105673.75;;;0.005759065;0.005759065
;US-HI;1975;p90p100;;;;0.2654986978;0.2654986978
;US-HI;1975;p90p91;143174.6875;;;;
;US-HI;1975;p95p96;181853.34375;;;;
;US-HI;1975;p95p100;;;;0.1686115861;0.1686115861
;US-HI;1975;p99.5p100;478279.15625;;;0.0443452969;0.0443452969
;US-HI;1974;p0p100;58535.9960938;;18472134656.0;;
;US-HI;1974;p99p100;448268.4375;;;0.0765799582;0.0765799582
;US-HI;1974;p99.9p100;1369004.25;;;0.0233873911;0.0233873911
;US-HI;1974;p99.99p100;4499551.0;;;0.0076868106;0.0076868106
;US-HI;1974;p90p100;;;;0.2737756968;0.2737756968
;US-HI;1974;p90p91;160257.34375;;;;
;US-HI;1974;p95p96;214183.46875;;;;
;US-HI;1974;p95p100;;;;0.1829501987;0.1829501987
;US-HI;1974;p99.5p100;623746.5;;;0.0532788821;0.0532788821
;US-HI;1973;p0p100;58799.5742188;;17628993536.0;;
;US-HI;1973;p99p100;440818.46875;;;0.0749696642;0.0749696642
;US-HI;1973;p99.9p100;1378073.75;;;0.0234367978;0.0234367978
;US-HI;1973;p99.99p100;5208964.0;;;0.0088588465;0.0088588465
;US-HI;1973;p90p100;;;;0.2784097493;0.2784097493
;US-HI;1973;p90p91;163703.765625;;;;
;US-HI;1973;p95p96;215777.5;;;;
;US-HI;1973;p95p100;;;;0.1834855974;0.1834855974
;US-HI;1973;p99.5p100;599971.0625;;;0.0510183126;0.0510183126
;US-HI;1972;p0p100;59639.3476562;;16982426624.0;;
;US-HI;1972;p99p100;433741.59375;;;0.0727274194;0.0727274194
;US-HI;1972;p99.9p100;1315845.625;;;0.0220633801;0.0220633801
;US-HI;1972;p99.99p100;4808622.0;;;0.0080628339;0.0080628339
;US-HI;1972;p90p100;;;;0.2659875453;0.2659875453
;US-HI;1972;p90p91;158633.265625;;;;
;US-HI;1972;p95p96;205152.890625;;;;
;US-HI;1972;p95p100;;;;0.1719945669;0.1719945669
;US-HI;1972;p99.5p100;575248.0;;;0.048227217;0.048227217
;US-HI;1971;p0p100;59418.5820312;;16051927040.0;;
;US-HI;1971;p99p100;400154.90625;;;0.0673450828;0.0673450828
;US-HI;1971;p99.9p100;1210725.25;;;0.0203762054;0.0203762054
;US-HI;1971;p99.99p100;4137790.5;;;0.0069637992;0.0069637992
;US-HI;1971;p90p100;;;;0.2553119361;0.2553119361
;US-HI;1971;p90p91;151702.71875;;;;
;US-HI;1971;p95p96;195910.390625;;;;
;US-HI;1971;p95p100;;;;0.1648561805;0.1648561805
;US-HI;1971;p99.5p100;548731.5;;;0.0461750776;0.0461750776
;US-HI;1970;p0p100;60897.8789062;;15578790912.0;;
;US-HI;1970;p99p100;390649.3125;;;0.0641482621;0.0641482621
;US-HI;1970;p99.9p100;1058041.875;;;0.017374035;0.017374035
;US-HI;1970;p99.99p100;2789084.25;;;0.0045799362;0.0045799362
;US-HI;1970;p90p100;;;;0.2575962245;0.2575962245
;US-HI;1970;p90p91;156870.640625;;;;
;US-HI;1970;p95p96;202848.625;;;;
;US-HI;1970;p95p100;;;;0.1665481776;0.1665481776
;US-HI;1970;p99.5p100;530354.9375;;;0.0435446166;0.0435446166
;US-HI;1969;p0p100;58050.5703125;;14493785088.0;;
;US-HI;1969;p99p100;454479.25;;;0.078290239;0.078290239
;US-HI;1969;p99.9p100;1543932.75;;;0.0265963413;0.0265963413
;US-HI;1969;p99.99p100;6544982.5;;;0.0112746228;0.0112746228
;US-HI;1969;p90p100;;;;0.2652506232;0.2652506232
;US-HI;1969;p90p91;153979.5;;;;
;US-HI;1969;p95p96;202491.203125;;;;
;US-HI;1969;p95p100;;;;0.174409315;0.174409315
;US-HI;1969;p99.5p100;646627.1875;;;0.0556951649;0.0556951649
;US-HI;1968;p0p100;55786.4570312;;13619054592.0;;
;US-HI;1968;p99p100;432444.375;;;0.0775178075;0.0775178075
;US-HI;1968;p99.9p100;1305008.75;;;0.0233929325;0.0233929325
;US-HI;1968;p99.99p100;3304445.75;;;0.0059233843;0.0059233843
;US-HI;1968;p90p100;;;;0.2763551474;0.2763551474
;US-HI;1968;p90p91;154168.734375;;;;
;US-HI;1968;p95p96;209351.53125;;;;
;US-HI;1968;p95p100;;;;0.1876365244;0.1876365244
;US-HI;1968;p99.5p100;603329.6875;;;0.0540749319;0.0540749319
;US-HI;1967;p0p100;52483.21875;;12524843008.0;;
;US-HI;1967;p99p100;413251.65625;;;0.0787397772;0.0787397772
;US-HI;1967;p99.9p100;1146424.625;;;0.0218436439;0.0218436439
;US-HI;1967;p99.99p100;3452094.75;;;0.0065775216;0.0065775216
;US-HI;1967;p90p100;;;;0.2771091163;0.2771091163
;US-HI;1967;p90p91;145435.765625;;;;
;US-HI;1967;p95p96;193950.40625;;;;
;US-HI;1967;p95p100;;;;0.1847737432;0.1847737432
;US-HI;1967;p99.5p100;554966.5;;;0.0528708585;0.0528708585
;US-HI;1966;p0p100;50303.9140625;;11724068864.0;;
;US-HI;1966;p99p100;384092.90625;;;0.0763544887;0.0763544887
;US-HI;1966;p99.9p100;1163131.0;;;0.0231220797;0.0231220797
;US-HI;1966;p99.99p100;4560842.5;;;0.0090665761;0.0090665761
;US-HI;1966;p90p100;;;;0.2768602371;0.2768602371
;US-HI;1966;p90p91;139271.53125;;;;
;US-HI;1966;p95p96;185179.46875;;;;
;US-HI;1966;p95p100;;;;0.1840607077;0.1840607077
;US-HI;1966;p99.5p100;527520.625;;;0.0524333641;0.0524333641
;US-HI;1965;p0p100;48654.1796875;;11066660864.0;;
;US-HI;1965;p99p100;403138.125;;;0.0828578472;0.0828578472
;US-HI;1965;p99.9p100;1551610.125;;;0.0318905786;0.0318905786
;US-HI;1965;p99.99p100;8908746.0;;;0.0183103383;0.0183103383
;US-HI;1965;p90p100;;;;0.2734619677;0.2734619677
;US-HI;1965;p90p91;133050.703125;;;;
;US-HI;1965;p95p96;178379.828125;;;;
;US-HI;1965;p95p100;;;;0.1833139658;0.1833139658
;US-HI;1965;p99.5p100;594773.0625;;;0.0611224957;0.0611224957
;US-HI;1964;p0p100;46422.8203125;;10294795264.0;;
;US-HI;1964;p99p100;345997.5;;;0.0745317712;0.0745317712
;US-HI;1964;p99.9p100;974447.5625;;;0.0209907014;0.0209907014
;US-HI;1964;p99.99p100;3802647.5;;;0.0081913322;0.0081913322
;US-HI;1964;p90p100;;;;0.2624069154;0.2624069154
;US-HI;1964;p90p91;121816.695312;;;;
;US-HI;1964;p95p96;163786.890625;;;;
;US-HI;1964;p95p100;;;;0.1764077246;0.1764077246
;US-HI;1964;p99.5p100;468390.125;;;0.0504482612;0.0504482612
;US-HI;1963;p0p100;43952.8554688;;9489508352.0;;
;US-HI;1963;p99p100;310563.15625;;;0.0706582516;0.0706582516
;US-HI;1963;p99.9p100;921058.1875;;;0.0209555961;0.0209555961
;US-HI;1963;p99.99p100;2686545.0;;;0.0061123339;0.0061123339
;US-HI;1963;p90p100;;;;0.2615837455;0.2615837455
;US-HI;1963;p90p91;114973.515625;;;;
;US-HI;1963;p95p96;150178.03125;;;;
;US-HI;1963;p95p100;;;;0.1708399206;0.1708399206
;US-HI;1963;p99.5p100;432709.46875;;;0.0492242798;0.0492242798
;US-HI;1962;p0p100;42442.6601562;;8916516864.0;;
;US-HI;1962;p99p100;322938.40625;;;0.0760881603;0.0760881603
;US-HI;1962;p99.9p100;1020327.625;;;0.0240401421;0.0240401421
;US-HI;1962;p99.99p100;4092398.25;;;0.009642181;0.009642181
;US-HI;1962;p90p100;;;;0.2739830315;0.2739830315
;US-HI;1962;p90p91;116285.679688;;;;
;US-HI;1962;p95p96;155240.390625;;;;
;US-HI;1962;p95p100;;;;0.1828824878;0.1828824878
;US-HI;1962;p99.5p100;433147.34375;;;0.0510273576;0.0510273576
;US-HI;1961;p0p100;41955.65625;;8567920128.0;;
;US-HI;1961;p99p100;424552.03125;;;0.1011906564;0.1011906564
;US-HI;1961;p99.9p100;1287176.375;;;0.0306794494;0.0306794494
;US-HI;1961;p99.99p100;4342684.0;;;0.010350652;0.010350652
;US-HI;1961;p90p100;;;;0.3163226545;0.3163226545
;US-HI;1961;p90p91;132715.234375;;;;
;US-HI;1961;p95p96;185908.875;;;;
;US-HI;1961;p95p100;;;;0.2215540111;0.2215540111
;US-HI;1961;p99.5p100;594147.5625;;;0.0708066151;0.0708066151
;US-HI;1960;p0p100;39854.3320312;;7901577216.0;;
;US-HI;1960;p99p100;360388.4375;;;0.0904264003;0.0904264003
;US-HI;1960;p99.9p100;772970.75;;;0.0193948951;0.0193948951
;US-HI;1960;p99.99p100;2361048.25;;;0.0059241941;0.0059241941
;US-HI;1960;p90p100;;;;0.2911632061;0.2911632061
;US-HI;1960;p90p91;116041.164062;;;;
;US-HI;1960;p95p96;158642.765625;;;;
;US-HI;1960;p95p100;;;;0.1990282238;0.1990282238
;US-HI;1960;p99.5p100;518860.8125;;;0.0650946498;0.0650946498
;US-HI;1959;p0p100;36302.8320312;;7074676224.0;;
;US-HI;1959;p99p100;314008.34375;;;0.0864969194;0.0864969194
;US-HI;1959;p99.9p100;1000588.1875;;;0.0275622625;0.0275622625
;US-HI;1959;p99.99p100;3055462.75;;;0.0084165959;0.0084165959
;US-HI;1959;p90p100;;;;0.2943661213;0.2943661213
;US-HI;1959;p90p91;106863.257812;;;;
;US-HI;1959;p95p96;143372.28125;;;;
;US-HI;1959;p95p100;;;;0.1974670589;0.1974670589
;US-HI;1959;p99.5p100;455080.125;;;0.0626783222;0.0626783222
;US-HI;1958;p0p100;32814.015625;;6278788096.0;;
;US-HI;1958;p99p100;273924.09375;;;0.0834777728;0.0834777728
;US-HI;1958;p99.9p100;764486.625;;;0.0232975651;0.0232975651
;US-HI;1958;p99.99p100;1927326.375;;;0.0058734855;0.0058734855
;US-HI;1958;p90p100;;;;0.298728615;0.298728615
;US-HI;1958;p90p91;98024.84375;;;;
;US-HI;1958;p95p96;130837.835938;;;;
;US-HI;1958;p95p100;;;;0.1993627399;0.1993627399
;US-HI;1958;p99.5p100;376499.0625;;;0.0573686361;0.0573686361
;US-HI;1957;p0p100;32693.4667969;;6140866560.0;;
;US-HI;1957;p99p100;250387.0;;;0.0765862539;0.0765862539
;US-HI;1957;p99.9p100;706911.4375;;;0.0216224082;0.0216224082
;US-HI;1957;p99.99p100;2502331.5;;;0.0076539195;0.0076539195
;US-HI;1957;p90p100;;;;0.2808217108;0.2808217108
;US-HI;1957;p90p91;91810.3515625;;;;
;US-HI;1957;p95p96;122526.398438;;;;
;US-HI;1957;p95p100;;;;0.1873866618;0.1873866618
;US-HI;1957;p99.5p100;343515.21875;;;0.0525357574;0.0525357574
;US-HI;1956;p0p100;32712.9570312;;6022090752.0;;
;US-HI;1956;p99p100;292463.40625;;;0.0894029364;0.0894029364
;US-HI;1956;p99.9p100;665916.6875;;;0.020356359;0.020356359
;US-HI;1956;p99.99p100;1513131.125;;;0.0046254802;0.0046254802
;US-HI;1956;p90p100;;;;0.2997783124;0.2997783124
;US-HI;1956;p90p91;98066.3515625;;;;
;US-HI;1956;p95p96;133899.390625;;;;
;US-HI;1956;p95p100;;;;0.2046580613;0.2046580613
;US-HI;1956;p99.5p100;395947.125;;;0.0605183989;0.0605183989
;US-HI;1955;p0p100;32685.6054688;;5897763840.0;;
;US-HI;1955;p99p100;251949.96875;;;0.07708285;0.07708285
;US-HI;1955;p99.9p100;680987.75;;;0.0208344851;0.0208344851
;US-HI;1955;p99.99p100;1740338.25;;;0.0053244792;0.0053244792
;US-HI;1955;p90p100;;;;0.2787495852;0.2787495852
;US-HI;1955;p90p91;91110.9921875;;;;
;US-HI;1955;p95p96;121351.601562;;;;
;US-HI;1955;p95p100;;;;0.1856346279;0.1856346279
;US-HI;1955;p99.5p100;344815.34375;;;0.0527472794;0.0527472794
;US-HI;1954;p0p100;31830.5058594;;5628858368.0;;
;US-HI;1954;p99p100;229374.828125;;;0.0720613152;0.0720613152
;US-HI;1954;p99.9p100;605021.8125;;;0.0190076083;0.0190076083
;US-HI;1954;p99.99p100;1501328.0;;;0.0047166324;0.0047166324
;US-HI;1954;p90p100;;;;0.2698862553;0.2698862553
;US-HI;1954;p90p91;85906.1640625;;;;
;US-HI;1954;p95p96;112581.851562;;;;
;US-HI;1954;p95p100;;;;0.1768458337;0.1768458337
;US-HI;1954;p99.5p100;319997.96875;;;0.0502659269;0.0502659269
;US-HI;1953;p0p100;32218.8984375;;5583090176.0;;
;US-HI;1953;p99p100;214295.921875;;;0.0665124953;0.0665124953
;US-HI;1953;p99.9p100;606174.25;;;0.0188142452;0.0188142452
;US-HI;1953;p99.99p100;1659404.375;;;0.0051504071;0.0051504071
;US-HI;1953;p90p100;;;;0.2629971504;0.2629971504
;US-HI;1953;p90p91;84734.78125;;;;
;US-HI;1953;p95p96;109020.289062;;;;
;US-HI;1953;p95p100;;;;0.1691868752;0.1691868752
;US-HI;1953;p99.5p100;285276.96875;;;0.0442716815;0.0442716815
;US-HI;1952;p0p100;32337.1445312;;5495463424.0;;
;US-HI;1952;p99p100;236352.46875;;;0.0730900913;0.0730900913
;US-HI;1952;p99.9p100;675224.6875;;;0.0208807774;0.0208807774
;US-HI;1952;p99.99p100;2044708.5;;;0.0063230954;0.0063230954
;US-HI;1952;p90p100;;;;0.2706319988;0.2706319988
;US-HI;1952;p90p91;87514.65625;;;;
;US-HI;1952;p95p96;114954.203125;;;;
;US-HI;1952;p95p100;;;;0.1777433008;0.1777433008
;US-HI;1952;p99.5p100;327067.65625;;;0.0505715162;0.0505715162
;US-HI;1951;p0p100;31085.359375;;5176835584.0;;
;US-HI;1951;p99p100;255894.953125;;;0.0823200867;0.0823200867
;US-HI;1951;p99.9p100;762212.3125;;;0.0245199781;0.0245199781
;US-HI;1951;p99.99p100;2150802.5;;;0.0069190208;0.0069190208
;US-HI;1951;p90p100;;;;0.2691260278;0.2691260278
;US-HI;1951;p90p91;83658.7890625;;;;
;US-HI;1951;p95p96;116853.148438;;;;
;US-HI;1951;p95p100;;;;0.1879552752;0.1879552752
;US-HI;1951;p99.5p100;364691.53125;;;0.0586596876;0.0586596876
;US-HI;1950;p0p100;29803.6289062;;4863630848.0;;
;US-HI;1950;p99p100;266040.90625;;;0.0892646015;0.0892646015
;US-HI;1950;p99.9p100;846549.4375;;;0.0284042377;0.0284042377
;US-HI;1950;p99.99p100;1993274.0;;;0.0066880244;0.0066880244
;US-HI;1950;p90p100;;;;0.2945977449;0.2945977449
;US-HI;1950;p90p91;87800.8125;;;;
;US-HI;1950;p95p96;117932.289062;;;;
;US-HI;1950;p95p100;;;;0.1978488564;0.1978488564
;US-HI;1950;p99.5p100;378718.65625;;;0.0635356605;0.0635356605
;US-HI;1949;p0p100;28254.1328125;;4522590720.0;;
;US-HI;1949;p99p100;232458.3125;;;0.0822740868;0.0822740868
;US-HI;1949;p99.9p100;681585.875;;;0.0241234023;0.0241234023
;US-HI;1949;p99.99p100;1885710.75;;;0.0066741058;0.0066741058
;US-HI;1949;p90p100;;;;0.2866909802;0.2866909802
;US-HI;1949;p90p91;81002.0625;;;;
;US-HI;1949;p95p96;110883.59375;;;;
;US-HI;1949;p95p100;;;;0.1962254196;0.1962254196
;US-HI;1949;p99.5p100;321352.9375;;;0.0568683036;0.0568683036
;US-HI;1948;p0p100;29051.0507812;;4574679552.0;;
;US-HI;1948;p99p100;271077.71875;;;0.0933108181;0.0933108181
;US-HI;1948;p99.9p100;830191.375;;;0.0285769831;0.0285769831
;US-HI;1948;p99.99p100;2380662.25;;;0.0081947539;0.0081947539
;US-HI;1948;p90p100;;;;0.3002011478;0.3002011478
;US-HI;1948;p90p91;87211.5859375;;;;
;US-HI;1948;p95p96;123212.890625;;;;
;US-HI;1948;p95p100;;;;0.2120627165;0.2120627165
;US-HI;1948;p99.5p100;381298.25;;;0.0656255558;0.0656255558
;US-HI;1947;p0p100;28412.2539062;;4400751104.0;;
;US-HI;1947;p99p100;240695.515625;;;0.0847153887;0.0847153887
;US-HI;1947;p99.9p100;678702.1875;;;0.0238876585;0.0238876585
;US-HI;1947;p99.99p100;2064548.0;;;0.0072663995;0.0072663995
;US-HI;1947;p90p100;;;;0.2901113927;0.2901113927
;US-HI;1947;p90p91;82427.1796875;;;;
;US-HI;1947;p95p96;116930.148438;;;;
;US-HI;1947;p95p100;;;;0.2057741582;0.2057741582
;US-HI;1947;p99.5p100;325122.03125;;;0.0572151057;0.0572151057
;US-HI;1946;p0p100;29287.1425781;;4452294656.0;;
;US-HI;1946;p99p100;270784.5625;;;0.0924585238;0.0924585238
;US-HI;1946;p99.9p100;731758.0625;;;0.0249856431;0.0249856431
;US-HI;1946;p99.99p100;1906445.0;;;0.0065094954;0.0065094954
;US-HI;1946;p90p100;;;;0.2950184941;0.2950184941
;US-HI;1946;p90p91;86402.484375;;;;
;US-HI;1946;p95p96;123167.382812;;;;
;US-HI;1946;p95p100;;;;0.2102755308;0.2102755308
;US-HI;1946;p99.5p100;368804.40625;;;0.0629635379;0.0629635379
;US-HI;1945;p0p100;29210.8808594;;4396086272.0;;
;US-HI;1945;p99p100;349255.8125;;;0.1195636019;0.1195636019
;US-HI;1945;p99.9p100;954449.0625;;;0.0326744355;0.0326744355
;US-HI;1945;p99.99p100;2058811.875;;;0.0070480993;0.0070480993
;US-HI;1945;p90p100;;;;0.3762473166;0.3762473166
;US-HI;1945;p90p91;109905.15625;;;;
;US-HI;1945;p95p96;161892.921875;;;;
;US-HI;1945;p95p100;;;;0.2771106362;0.2771106362
;US-HI;1945;p99.5p100;477906.34375;;;0.0818028003;0.0818028003
;US-HI;1944;p0p100;29058.2460938;;4325626880.0;;
;US-HI;1944;p99p100;319636.1875;;;0.1099984422;0.1099984422
;US-HI;1944;p99.9p100;1014025.5;;;0.0348963067;0.0348963067
;US-HI;1944;p99.99p100;2886974.0;;;0.0099351285;0.0099351285
;US-HI;1944;p90p100;;;;0.3084894717;0.3084894717
;US-HI;1944;p90p91;89641.6328125;;;;
;US-HI;1944;p95p96;128739.226562;;;;
;US-HI;1944;p95p100;;;;0.2215192616;0.2215192616
;US-HI;1944;p99.5p100;459612.28125;;;0.0790846571;0.0790846571
;US-HI;1943;p0p100;29662.9785156;;4362238464.0;;
;US-HI;1943;p99p100;409380.28125;;;0.1380105019;0.1380105019
;US-HI;1943;p99.9p100;1239231.375;;;0.0417770408;0.0417770408
;US-HI;1943;p99.99p100;2686067.5;;;0.0090552857;0.0090552857
;US-HI;1943;p90p100;;;;0.3627616763;0.3627616763
;US-HI;1943;p90p91;107605.914062;;;;
;US-HI;1943;p95p96;158368.546875;;;;
;US-HI;1943;p95p100;;;;0.2669464946;0.2669464946
;US-HI;1943;p99.5p100;593586.125;;;0.1000550464;0.1000550464
;US-HI;1942;p0p100;25422.4707031;;3686085632.0;;
;US-HI;1942;p99p100;379921.03125;;;0.1494429857;0.1494429857
;US-HI;1942;p99.9p100;1185198.625;;;0.0466201194;0.0466201194
;US-HI;1942;p99.99p100;2930308.5;;;0.0115264496;0.0115264496
;US-HI;1942;p90p100;;;;0.3999635279;0.3999635279
;US-HI;1942;p90p91;101680.609375;;;;
;US-HI;1942;p95p96;144447.90625;;;;
;US-HI;1942;p95p100;;;;0.2840949297;0.2840949297
;US-HI;1942;p99.5p100;557768.5;;;0.1096998975;0.1096998975
;US-HI;1941;p0p100;21768.4042969;;3120604160.0;;
;US-HI;1941;p99p100;314098.78125;;;0.1442911476;0.1442911476
;US-HI;1941;p99.9p100;1035740.125;;;0.0475799814;0.0475799814
;US-HI;1941;p99.99p100;2612662.0;;;0.0120020835;0.0120020835
;US-HI;1941;p90p100;;;;0.3976032138;0.3976032138
;US-HI;1941;p90p91;86551.8671875;;;;
;US-HI;1941;p95p96;122434.195312;;;;
;US-HI;1941;p95p100;;;;0.2812199891;0.2812199891
;US-HI;1941;p99.5p100;462617.21875;;;0.1062588766;0.1062588766
;US-HI;1940;p0p100;19129.9042969;;2714183424.0;;
;US-HI;1940;p99p100;279555.4375;;;0.1461353004;0.1461353004
;US-HI;1940;p99.9p100;932137.375;;;0.0487267189;0.0487267189
;US-HI;1940;p99.99p100;2260512.25;;;0.0118166422;0.0118166422
;US-HI;1940;p90p100;;;;0.4136769474;0.4136769474
;US-HI;1940;p90p91;79136.0;;;;
;US-HI;1940;p95p96;113935.460938;;;;
;US-HI;1940;p95p100;;;;0.2977941334;0.2977941334
;US-HI;1940;p99.5p100;412446.75;;;0.1078015715;0.1078015715
;US-HI;1939;p0p100;18230.8125;;2553257984.0;;
;US-HI;1939;p99p100;257168.765625;;;0.1410626769;0.1410626769
;US-HI;1939;p99.9p100;880879.0625;;;0.0483181402;0.0483181402
;US-HI;1939;p99.99p100;2127604.75;;;0.011670378;0.011670378
;US-HI;1939;p90p100;;;;0.4116339087;0.4116339087
;US-HI;1939;p90p91;75044.2109375;;;;
;US-HI;1939;p95p96;106053.8125;;;;
;US-HI;1939;p95p100;;;;0.2908641696;0.2908641696
;US-HI;1939;p99.5p100;379745.125;;;0.1041492447;0.1041492447
;US-HI;1938;p0p100;17141.6425781;;2373074432.0;;
;US-HI;1938;p99p100;266232.15625;;;0.1553130895;0.1553130895
;US-HI;1938;p99.9p100;951164.125;;;0.0554885082;0.0554885082
;US-HI;1938;p99.99p100;2433912.75;;;0.0141988313;0.0141988313
;US-HI;1938;p90p100;;;;0.4313210249;0.4313210249
;US-HI;1938;p90p91;73935.5078125;;;;
;US-HI;1938;p95p96;103452.625;;;;
;US-HI;1938;p95p100;;;;0.3017582297;0.3017582297
;US-HI;1938;p99.5p100;400092.4375;;;0.116701901;0.116701901
;US-HI;1937;p0p100;18334.5253906;;2509990656.0;;
;US-HI;1937;p99p100;302422.6875;;;0.1649470925;0.1649470925
;US-HI;1937;p99.9p100;1140496.375;;;0.062204849;0.062204849
;US-HI;1937;p99.99p100;2724972.5;;;0.0148625188;0.0148625188
;US-HI;1937;p90p100;;;;0.4178501368;0.4178501368
;US-HI;1937;p90p91;76610.84375;;;;
;US-HI;1937;p95p96;111678.59375;;;;
;US-HI;1937;p95p100;;;;0.3045581579;0.3045581579
;US-HI;1937;p99.5p100;463241.09375;;;0.1263302565;0.1263302565
;US-HI;1936;p0p100;18195.796875;;2467648512.0;;
;US-HI;1936;p99p100;346662.78125;;;0.1905180365;0.1905180365
;US-HI;1936;p99.9p100;1411192.25;;;0.077555947;0.077555947
;US-HI;1936;p99.99p100;3387356.5;;;0.0186161473;0.0186161473
;US-HI;1936;p90p100;;;;0.4286544025;0.4286544025
;US-HI;1936;p90p91;77997.0859375;;;;
;US-HI;1936;p95p96;117033.007812;;;;
;US-HI;1936;p95p100;;;;0.321593523;0.321593523
;US-HI;1936;p99.5p100;545770.125;;;0.1499714851;0.1499714851
;US-HI;1935;p0p100;16101.4121094;;2162618368.0;;
;US-HI;1935;p99p100;275508.375;;;0.171108216;0.171108216
;US-HI;1935;p99.9p100;1115358.5;;;0.0692708567;0.0692708567
;US-HI;1935;p99.99p100;2825762.75;;;0.0175497811;0.0175497811
;US-HI;1935;p90p100;;;;0.4231153131;0.4231153131
;US-HI;1935;p90p91;68127.5390625;;;;
;US-HI;1935;p95p96;100223.875;;;;
;US-HI;1935;p95p100;;;;0.311226964;0.311226964
;US-HI;1935;p99.5p100;428684.625;;;0.1331201941;0.1331201941
;US-HI;1934;p0p100;14600.2226562;;1940999424.0;;
;US-HI;1934;p99p100;225921.421875;;;0.1547383219;0.1547383219
;US-HI;1934;p99.9p100;884076.8125;;;0.0605522767;0.0605522767
;US-HI;1934;p99.99p100;2194340.0;;;0.0150294947;0.0150294947
;US-HI;1934;p90p100;;;;0.4108476341;0.4108476341
;US-HI;1934;p90p91;59984.671875;;;;
;US-HI;1934;p95p96;89973.2421875;;;;
;US-HI;1934;p95p100;;;;0.3081228137;0.3081228137
;US-HI;1934;p99.5p100;343177.59375;;;0.1175247729;0.1175247729
;US-HI;1933;p0p100;13579.9589844;;1788095872.0;;
;US-HI;1933;p99p100;218292.15625;;;0.1607458144;0.1607458144
;US-HI;1933;p99.9p100;862797.375;;;0.06353461;0.06353461
;US-HI;1933;p99.99p100;2092722.125;;;0.0154103721;0.0154103721
;US-HI;1933;p90p100;;;;0.4240649343;0.4240649343
;US-HI;1933;p90p91;57587.8398438;;;;
;US-HI;1933;p95p96;84784.4609375;;;;
;US-HI;1933;p95p100;;;;0.3121675849;0.3121675849
;US-HI;1933;p99.5p100;332563.625;;;0.12244647;0.12244647
;US-HI;1932;p0p100;14047.7939453;;1832829440.0;;
;US-HI;1932;p99p100;199654.25;;;0.1421249956;0.1421249956
;US-HI;1932;p99.9p100;775621.0;;;0.0552130155;0.0552130155
;US-HI;1932;p99.99p100;2079656.75;;;0.0148041537;0.0148041537
;US-HI;1932;p90p100;;;;0.4326337278;0.4326337278
;US-HI;1932;p90p91;60775.4960938;;;;
;US-HI;1932;p95p96;84080.6328125;;;;
;US-HI;1932;p95p100;;;;0.2992663085;0.2992663085
;US-HI;1932;p99.5p100;298822.90625;;;0.1063593775;0.1063593775
;US-HI;1931;p0p100;16584.3261719;;2142960128.0;;
;US-HI;1931;p99p100;224648.015625;;;0.1354580224;0.1354580224
;US-HI;1931;p99.9p100;918388.125;;;0.0553768724;0.0553768724
;US-HI;1931;p99.99p100;2722689.75;;;0.0164172463;0.0164172463
;US-HI;1931;p90p100;;;;0.3502927125;0.3502927125
;US-HI;1931;p90p91;58093.6875;;;;
;US-HI;1931;p95p96;84037.203125;;;;
;US-HI;1931;p95p100;;;;0.2533633411;0.2533633411
;US-HI;1931;p99.5p100;346317.0625;;;0.1044109464;0.1044109464
;US-HI;1930;p0p100;17908.8007812;;2288809984.0;;
;US-HI;1930;p99p100;225515.78125;;;0.1259245574;0.1259245574
;US-HI;1930;p99.9p100;953544.1875;;;0.0532444417;0.0532444417
;US-HI;1930;p99.99p100;2788916.5;;;0.0155728832;0.0155728832
;US-HI;1930;p90p100;;;;0.2979531884;0.2979531884
;US-HI;1930;p90p91;53359.84375;;;;
;US-HI;1930;p95p96;80930.90625;;;;
;US-HI;1930;p95p100;;;;0.2259528935;0.2259528935
;US-HI;1930;p99.5p100;351216.09375;;;0.0980568454;0.0980568454
;US-HI;1929;p0p100;20326.2871094;;2576164608.0;;
;US-HI;1929;p99p100;258796.84375;;;0.1273212582;0.1273212582
;US-HI;1929;p99.9p100;1057283.625;;;0.052015584;0.052015584
;US-HI;1929;p99.99p100;2527350.0;;;0.0124338986;0.0124338986
;US-HI;1929;p90p100;;;;0.2714221179;0.2714221179
;US-HI;1929;p90p91;55170.0351562;;;;
;US-HI;1929;p95p96;87705.9375;;;;
;US-HI;1929;p95p100;;;;0.2157451063;0.2157451063
;US-HI;1929;p99.5p100;405256.6875;;;0.0996878296;0.0996878296
;US-HI;1928;p0p100;12150.5615234;;1527470208.0;;
;US-HI;1928;p99p100;261798.4375;;;0.2154619992;0.2154619992
;US-HI;1928;p99.9p100;1077982.875;;;0.0887187645;0.0887187645
;US-HI;1928;p99.99p100;2630220.75;;;0.0216469057;0.0216469057
;US-HI;1928;p90p100;;;;0.4580061436;0.4580061436
;US-HI;1928;p90p91;55650.3242188;;;;
;US-HI;1928;p95p96;88938.4375;;;;
;US-HI;1928;p95p100;;;;0.3659848571;0.3659848571
;US-HI;1928;p99.5p100;412272.65625;;;0.1696516722;0.1696516722
;US-HI;1927;p0p100;13179.4941406;;1640039552.0;;
;US-HI;1927;p99p100;246895.859375;;;0.1873333454;0.1873333454
;US-HI;1927;p99.9p100;976326.4375;;;0.0740792081;0.0740792081
;US-HI;1927;p99.99p100;2510046.25;;;0.0190450884;0.0190450884
;US-HI;1927;p90p100;;;;0.4291086495;0.4291086495
;US-HI;1927;p90p91;56554.3476562;;;;
;US-HI;1927;p95p96;87053.234375;;;;
;US-HI;1927;p95p100;;;;0.3302601576;0.3302601576
;US-HI;1927;p99.5p100;386146.84375;;;0.1464953274;0.1464953274
;US-HI;1926;p0p100;12676.1171875;;1558842240.0;;
;US-HI;1926;p99p100;233202.28125;;;0.1839698106;0.1839698106
;US-HI;1926;p99.9p100;927157.4375;;;0.073142074;0.073142074
;US-HI;1926;p99.99p100;2514391.5;;;0.0198356584;0.0198356584
;US-HI;1926;p90p100;;;;0.4262000024;0.4262000024
;US-HI;1926;p90p91;54025.6132812;;;;
;US-HI;1926;p95p96;83110.09375;;;;
;US-HI;1926;p95p100;;;;0.3278215528;0.3278215528
;US-HI;1926;p99.5p100;364704.9375;;;0.1438551396;0.1438551396
;US-HI;1925;p0p100;12099.8662109;;1470921984.0;;
;US-HI;1925;p99p100;218652.765625;;;0.1807067543;0.1807067543
;US-HI;1925;p99.9p100;866889.625;;;0.071644567;0.071644567
;US-HI;1925;p99.99p100;2404408.75;;;0.0198713653;0.0198713653
;US-HI;1925;p90p100;;;;0.434378922;0.434378922
;US-HI;1925;p90p91;52559.2695312;;;;
;US-HI;1925;p95p96;80059.8828125;;;;
;US-HI;1925;p95p100;;;;0.3308296204;0.3308296204
;US-HI;1925;p99.5p100;339517.375;;;0.1402979791;0.1402979791
;US-HI;1924;p0p100;10888.890625;;1306422912.0;;
;US-HI;1924;p99p100;225681.890625;;;0.2072588652;0.2072588652
;US-HI;1924;p99.9p100;938152.125;;;0.0861568227;0.0861568227
;US-HI;1924;p99.99p100;2464903.75;;;0.0226368699;0.0226368699
;US-HI;1924;p90p100;;;;0.4776120782;0.4776120782
;US-HI;1924;p90p91;52006.6523438;;;;
;US-HI;1924;p95p96;80850.84375;;;;
;US-HI;1924;p95p100;;;;0.3712538481;0.3712538481
;US-HI;1924;p99.5p100;357484.15625;;;0.1641508788;0.1641508788
;US-HI;1923;p0p100;10274.7548828;;1211460224.0;;
;US-HI;1923;p99p100;198833.921875;;;0.1935169548;0.1935169548
;US-HI;1923;p99.9p100;839604.25;;;0.0817152634;0.0817152634
;US-HI;1923;p99.99p100;2355155.0;;;0.0229217634;0.0229217634
;US-HI;1923;p90p100;;;;0.4673785567;0.4673785567
;US-HI;1923;p90p91;48022.0039062;;;;
;US-HI;1923;p95p96;74540.8515625;;;;
;US-HI;1923;p95p100;;;;0.3627378643;0.3627378643
;US-HI;1923;p99.5p100;310663.0;;;0.1511778235;0.1511778235
;US-HI;1922;p0p100;9386.99023438;;1089782784.0;;
;US-HI;1922;p99p100;176157.21875;;;0.1876610518;0.1876610518
;US-HI;1922;p99.9p100;738876.5;;;0.0787128285;0.0787128285
;US-HI;1922;p99.99p100;2624378.75;;;0.0279576201;0.0279576201
;US-HI;1922;p90p100;;;;0.4707481563;0.4707481563
;US-HI;1922;p90p91;44189.078125;;;;
;US-HI;1922;p95p96;67424.3046875;;;;
;US-HI;1922;p95p100;;;;0.3591370285;0.3591370285
;US-HI;1922;p99.5p100;271949.375;;;0.1448544115;0.1448544115
;US-HI;1921;p0p100;8998.0703125;;1031855744.0;;
;US-HI;1921;p99p100;164889.0;;;0.1832492799;0.1832492799
;US-HI;1921;p99.9p100;653349.25;;;0.0726099238;0.0726099238
;US-HI;1921;p99.99p100;1613041.625;;;0.017926529;0.017926529
;US-HI;1921;p90p100;;;;0.4720368683;0.4720368683
;US-HI;1921;p90p91;42474.2109375;;;;
;US-HI;1921;p95p96;64595.21875;;;;
;US-HI;1921;p95p100;;;;0.3589392602;0.3589392602
;US-HI;1921;p99.5p100;254467.71875;;;0.141401276;0.141401276
;US-HI;1920;p0p100;11819.8271484;;1331400064.0;;
;US-HI;1920;p99p100;226168.03125;;;0.1913463026;0.1913463026
;US-HI;1920;p99.9p100;1042783.4375;;;0.0882232338;0.0882232338
;US-HI;1920;p99.99p100;3319662.75;;;0.028085541;0.028085541
;US-HI;1920;p90p100;;;;0.4400799274;0.4400799274
;US-HI;1920;p90p91;52016.6875;;;;
;US-HI;1920;p95p96;78695.03125;;;;
;US-HI;1920;p95p100;;;;0.3328941464;0.3328941464
;US-HI;1920;p99.5p100;367412.875;;;0.1554222554;0.1554222554
;US-HI;1919;p0p100;9337.40722656;;1030607680.0;;
;US-HI;1919;p99p100;189538.078125;;;0.2029878944;0.2029878944
;US-HI;1919;p99.9p100;871585.25;;;0.0933433846;0.0933433846
;US-HI;1919;p99.99p100;2364402.0;;;0.0253218245;0.0253218245
;US-HI;1919;p90p100;;;;0.4489594698;0.4489594698
;US-HI;1919;p90p91;41921.1796875;;;;
;US-HI;1919;p95p96;67747.9296875;;;;
;US-HI;1919;p95p100;;;;0.3627769947;0.3627769947
;US-HI;1919;p99.5p100;305413.40625;;;0.1635429263;0.1635429263
;US-HI;1918;p0p100;7093.57519531;;771669120.0;;
;US-HI;1918;p99p100;185686.109375;;;0.2617666125;0.2617666125
;US-HI;1918;p99.9p100;904098.875;;;0.1274531931;0.1274531931
;US-HI;1918;p99.99p100;2716649.5;;;0.0382973254;0.0382973254
;US-HI;1918;p90p100;;;;0.4826743007;0.4826743007
;US-HI;1918;p90p91;34238.8671875;;;;
;US-HI;1918;p95p96;57498.8984375;;;;
;US-HI;1918;p95p100;;;;0.4052885473;0.4052885473
;US-HI;1918;p99.5p100;303125.875;;;0.2136622667;0.2136622667
;US-HI;1917;p0p100;9641.4140625;;1047354432.0;;
