Variable Name;.;.;.;Fiscal income  | tax unit | Average | Adults | constant 2015 local currency;Fiscal income  | tax unit | Threshold | Adults | constant 2015 local currency;Fiscal income  | tax unit | Total | Adults | constant 2015 local currency;Fiscal income  | tax unit | Share | Adults | share of total (ratio);Pre-tax national income  | tax unit | Share | Adults | share of total (ratio)
Variable Category;.;.;.;Income inequality;Income inequality;Income inequality;Income inequality;Income inequality
Variable Description;.;.;.;Average Fiscal income within a given percentile group. Fiscal income is defined as the sum of all income items reported on income tax returns, before any deduction. It includes labour income, capital income and mixed income. The concept of fiscal income varies with national tax legislations, so in order to make international comparisons it is preferable to use the concept of national income. The population is comprised of individuals over age 20. The base unit is the tax unit defined by national fiscal administrations to measure personal income taxes.;Fiscal income threshold value at a given percentile.  Fiscal income is defined as the sum of all income items reported on income tax returns, before any deduction. It includes labour income, capital income and mixed income. The concept of fiscal income varies with national tax legislations, so in order to make international comparisons it is preferable to use the concept of national income. The population is comprised of individuals over age 20. The base unit is the tax unit defined by national fiscal administrations to measure personal income taxes.;Total Fiscal income  within a given percentile group. Fiscal income is defined as the sum of all income items reported on income tax returns, before any deduction. It includes labour income, capital income and mixed income. The concept of fiscal income varies with national tax legislations, so in order to make international comparisons it is preferable to use the concept of national income. The population is comprised of individuals over age 20.;Fiscal income share held by a given percentile group. Fiscal income is defined as the sum of all income items reported on income tax returns, before any deduction. It includes labour income, capital income and mixed income. The concept of fiscal income varies with national tax legislations, so in order to make international comparisons it is preferable to use the concept of national income. The population is comprised of individuals over age 20. The base unit is the tax unit defined by national fiscal administrations to measure personal income taxes.;Pre-tax national income share held by a given percentile group. Pre-tax national income  is the sum of all pre-tax personal income flows accruing to the owners of the production factors, labor and capital, before taking into account the operation of the tax/transfer system, but after taking into account the operation of pension system. The central difference between personal factor income and pre-tax income is the treatment of pensions, which are counted on a contribution basis by factor income and on a distribution basis by pre-tax income. The population is comprised of individuals over age 20. The base unit is the tax unit defined by national fiscal administrations to measure personal income taxes.
Variable Decomposition;.;.;.;[Fiscal income ]=[Fiscal labour income ]+[Fiscal capital income ];[Fiscal income ]=[Fiscal labour income ]+[Fiscal capital income ];[Fiscal income ]=[Fiscal labour income ]+[Fiscal capital income ];[Fiscal income ]=[Fiscal labour income ]+[Fiscal capital income ];Pre-tax national income =Pre-tax labor income [total pre-tax income ranking]+Pre-tax capital income [total pre-tax income ranking]
Variable Unit;.;.;.;"USD; United States dollar | local currency | market";"USD; United States dollar | local currency | market";"USD; United States dollar | local currency | market";share;share
Methodological Notes;.;.;.;;;;;Assuming the same distribution as fiscal income.
Sources;.;.;.;Frank, Sommeiller, Price & Saez (2015);Frank, Sommeiller, Price & Saez (2015);Frank, Sommeiller, Price & Saez (2015);Frank, Sommeiller, Price & Saez (2015);WID.world computations using: Frank, Sommeiller, Price & Saez (2015)
Variable Code;country;year;perc;afiinc992t;tfiinc992t;mfiinc992t;sfiinc992t;sptinc992t
;US-IA;2014;p0p100;59335.3007812;;93308190720.0;;
;US-IA;2014;p99p100;;334263.78125;;0.133138597;0.133138597
;US-IA;2014;p99.9p100;;1238479.875;;0.0516044348;0.0516044348
;US-IA;2014;p99.99p100;;4951606.0;;0.019915726;0.019915726
;US-IA;2014;p90p100;;120985.53125;;0.388569504;0.388569504
;US-IA;2014;p90p91;233559.921875;;;;
;US-IA;2014;p95p96;328522.3125;;;;
;US-IA;2014;p90p95;138597.53125;120985.53125;;0.114064239;0.114064239
;US-IA;2014;p95p99;210951.65625;149623.59375;;0.141156882;0.141156882
;US-IA;2014;p99.5p99.9;716555.25;500209.40625;;0.0481490903;0.0481490903
;US-IA;2014;p99.9p99.99;2074406.875;1238479.875;;0.032037288;0.032037288
;US-IA;2014;p99p99.5;402237.3125;334263.78125;;0.033493802;0.033493802
;US-IA;2014;p95p100;;149623.59375;;0.2742151618;0.2742151618
;US-IA;2014;p0p90;39977.0117188;;;0.6111829877;0.6111829877
;US-IA;2014;p0p99;51865.9101562;;;0.866861403;0.866861403
;US-IA;2014;p99.5p100;;500209.40625;;0.0996377319;0.0996377319
;US-IA;2014;p99.5p99.6;1195372.5;;;;
;US-IA;2014;p99.99p99.991;12436758.0;;;;
;US-IA;2014;p99.9p99.91;3110642.0;;;;
;US-IA;2014;p99p99.1;798804.9375;;;;
;US-IA;2013;p0p100;58514.7929688;;90648707072.0;;
;US-IA;2013;p99p100;;331064.75;;0.1257026047;0.1257026047
;US-IA;2013;p99.9p100;;1142033.625;;0.0461316071;0.0461316071
;US-IA;2013;p99.99p100;;4373110.5;;0.0174329057;0.0174329057
;US-IA;2013;p90p100;;120277.289062;;0.3810311258;0.3810311258
;US-IA;2013;p90p91;227723.09375;;;;
;US-IA;2013;p95p96;317149.3125;;;;
;US-IA;2013;p90p95;138296.875;120277.289062;;0.1138720885;0.1138720885
;US-IA;2013;p95p99;209956.828125;149934.828125;;0.1409810036;0.1409810036
;US-IA;2013;p99.5p99.9;686102.875;486783.0;;0.0461239144;0.0461239144
;US-IA;2013;p99.9p99.99;1878260.5;1142033.625;;0.0288115684;0.0288115684
;US-IA;2013;p99p99.5;395071.6875;331064.75;;0.033480823;0.033480823
;US-IA;2013;p95p100;;149934.828125;;0.2667638361;0.2667638361
;US-IA;2013;p0p90;39713.8710938;;;0.6192976832;0.6192976832
;US-IA;2013;p0p99;51571.3125;;;0.8742973804;0.8742973804
;US-IA;2013;p99.5p100;;486783.0;;0.0922732204;0.0922732204
;US-IA;2013;p99.5p99.6;1096766.875;;;;
;US-IA;2013;p99.99p99.991;10489882.0;;;;
;US-IA;2013;p99.9p99.91;2739422.5;;;;
;US-IA;2013;p99p99.1;745919.25;;;;
;US-IA;2012;p0p100;60172.2460938;;94879383552.0;;
;US-IA;2012;p99p100;879925.375;;;0.1462344229;0.1462344229
;US-IA;2012;p99.9p100;3653155.75;;;0.0607116371;0.0607116371
;US-IA;2012;p99.99p100;14720427.0;;;0.0244638156;0.0244638156
;US-IA;2012;p90p100;;;;0.3938388526;0.3938388526
;US-IA;2012;p90p91;236981.6875;;;;
;US-IA;2012;p95p96;341665.78125;;;;
;US-IA;2012;p95p100;;;;0.2839064598;0.2839064598
;US-IA;2012;p99.5p100;1346367.125;;;0.1118760929;0.1118760929
;US-IA;2011;p0p100;58638.2148438;;89564692480.0;;
;US-IA;2011;p99p100;707413.0;;;0.1206402779;0.1206402779
;US-IA;2011;p99.9p100;2674682.25;;;0.0456132963;0.0456132963
;US-IA;2011;p99.99p100;10252000.0;;;0.0174834803;0.0174834803
;US-IA;2011;p90p100;;;;0.3638425469;0.3638425469
;US-IA;2011;p90p91;213350.765625;;;;
;US-IA;2011;p95p96;296944.03125;;;;
;US-IA;2011;p95p100;;;;0.2532001138;0.2532001138
;US-IA;2011;p99.5p100;1047118.625;;;0.0892863646;0.0892863646
;US-IA;2010;p0p100;56609.140625;;85149245440.0;;
;US-IA;2010;p99p100;696168.0;;;0.1229780242;0.1229780242
;US-IA;2010;p99.9p100;2696307.5;;;0.0476302542;0.0476302542
;US-IA;2010;p99.99p100;11117128.0;;;0.0196383968;0.0196383968
;US-IA;2010;p90p100;;;;0.3685900867;0.3685900867
;US-IA;2010;p90p91;208655.671875;;;;
;US-IA;2010;p95p96;288072.5625;;;;
;US-IA;2010;p95p100;;;;0.2544399798;0.2544399798
;US-IA;2010;p99.5p100;1036923.375;;;0.0915862098;0.0915862098
;US-IA;2009;p0p100;55292.6757812;;82801737728.0;;
;US-IA;2009;p99p100;644671.5625;;;0.116592586;0.116592586
;US-IA;2009;p99.9p100;2518872.25;;;0.0455552675;0.0455552675
;US-IA;2009;p99.99p100;10091860.0;;;0.0182517134;0.0182517134
;US-IA;2009;p90p100;;;;0.359474957;0.359474957
;US-IA;2009;p90p91;198763.296875;;;;
;US-IA;2009;p95p96;271177.40625;;;;
;US-IA;2009;p95p100;;;;0.2452200055;0.2452200055
;US-IA;2009;p99.5p100;960145.125;;;0.086823903;0.086823903
;US-IA;2008;p0p100;60232.7421875;;88904499200.0;;
;US-IA;2008;p99p100;790796.8125;;;0.1312901825;0.1312901825
;US-IA;2008;p99.9p100;3331277.25;;;0.0553067476;0.0553067476
;US-IA;2008;p99.99p100;13680573.0;;;0.0227128491;0.0227128491
;US-IA;2008;p90p100;;;;0.3655690849;0.3655690849
;US-IA;2008;p90p91;220192.296875;;;;
;US-IA;2008;p95p96;309329.65625;;;;
;US-IA;2008;p95p100;;;;0.2567786276;0.2567786276
;US-IA;2008;p99.5p100;1212110.5;;;0.1006188989;0.1006188989
;US-IA;2007;p0p100;61814.859375;;91002503168.0;;
;US-IA;2007;p99p100;895202.625;;;0.1448199898;0.1448199898
;US-IA;2007;p99.9p100;3956369.25;;;0.0640035346;0.0640035346
;US-IA;2007;p99.99p100;16462726.0;;;0.0266323127;0.0266323127
;US-IA;2007;p90p100;;;;0.3748903573;0.3748903573
;US-IA;2007;p90p91;231737.921875;;;;
;US-IA;2007;p95p96;331032.78125;;;;
;US-IA;2007;p95p100;;;;0.2677615285;0.2677615285
;US-IA;2007;p99.5p100;1399164.375;;;0.1131737977;0.1131737977
;US-IA;2006;p0p100;56943.453125;;84946518016.0;;
;US-IA;2006;p99p100;820525.5625;;;0.144094795;0.144094795
;US-IA;2006;p99.9p100;3538279.5;;;0.0621367209;0.0621367209
;US-IA;2006;p99.99p100;14159261.0;;;0.0248654746;0.0248654746
;US-IA;2006;p90p100;;;;0.3820470572;0.3820470572
;US-IA;2006;p90p91;217550.796875;;;;
;US-IA;2006;p95p96;313670.375;;;;
;US-IA;2006;p95p100;;;;0.2754226327;0.2754226327
;US-IA;2006;p99.5p100;1274261.625;;;0.1118883342;0.1118883342
;US-IA;2005;p0p100;57102.25;;83473596416.0;;
;US-IA;2005;p99p100;736928.5;;;0.1290542036;0.1290542036
;US-IA;2005;p99.9p100;3034322.5;;;0.0531384088;0.0531384088
;US-IA;2005;p99.99p100;11638215.0;;;0.0203813612;0.0203813612
;US-IA;2005;p90p100;;;;0.3596021235;0.3596021235
;US-IA;2005;p90p91;205340.890625;;;;
;US-IA;2005;p95p96;294982.84375;;;;
;US-IA;2005;p95p100;;;;0.2582935393;0.2582935393
;US-IA;2005;p99.5p100;1126442.875;;;0.0986338481;0.0986338481
;US-IA;2004;p0p100;56408.25;;81446862848.0;;
;US-IA;2004;p99p100;694217.6875;;;0.12307024;0.12307024
;US-IA;2004;p99.9p100;2847720.0;;;0.0504841059;0.0504841059
;US-IA;2004;p99.99p100;11183573.0;;;0.0198261291;0.0198261291
;US-IA;2004;p90p100;;;;0.3529078662;0.3529078662
;US-IA;2004;p90p91;199069.140625;;;;
;US-IA;2004;p95p96;284675.09375;;;;
;US-IA;2004;p95p100;;;;0.2523346245;0.2523346245
;US-IA;2004;p99.5p100;1055935.125;;;0.093597576;0.093597576
;US-IA;2003;p0p100;51508.9375;;73999867904.0;;
;US-IA;2003;p99p100;596916.5625;;;0.1158860251;0.1158860251
;US-IA;2003;p99.9p100;2270106.25;;;0.0440720879;0.0440720879
;US-IA;2003;p99.99p100;8538214.0;;;0.0165761802;0.0165761802
;US-IA;2003;p90p100;;;;0.3592880368;0.3592880368
;US-IA;2003;p90p91;185065.4375;;;;
;US-IA;2003;p95p96;256637.0625;;;;
;US-IA;2003;p95p100;;;;0.2491189688;0.2491189688
;US-IA;2003;p99.5p100;885837.6875;;;0.0859887451;0.0859887451
;US-IA;2002;p0p100;52994.5;;73442148352.0;;
;US-IA;2002;p99p100;598927.5;;;0.1130169109;0.1130169109
;US-IA;2002;p99.9p100;2283763.25;;;0.0430943444;0.0430943444
;US-IA;2002;p99.99p100;8562685.0;;;0.0161576867;0.0161576867
;US-IA;2002;p90p100;;;;0.3506750166;0.3506750166
;US-IA;2002;p90p91;185838.453125;;;;
;US-IA;2002;p95p96;257183.09375;;;;
;US-IA;2002;p95p100;;;;0.2426507473;0.2426507473
;US-IA;2002;p99.5p100;889860.6875;;;0.083957836;0.083957836
;US-IA;2001;p0p100;54717.2734375;;75290099712.0;;
;US-IA;2001;p99p100;602259.5;;;0.1100675315;0.1100675315
;US-IA;2001;p99.9p100;2140786.0;;;0.0391245;0.0391245
;US-IA;2001;p99.99p100;7369832.0;;;0.0134689314;0.0134689314
;US-IA;2001;p90p100;;;;0.3444474041;0.3444474041
;US-IA;2001;p90p91;188472.234375;;;;
;US-IA;2001;p95p96;260960.890625;;;;
;US-IA;2001;p95p100;;;;0.2384629995;0.2384629995
;US-IA;2001;p99.5p100;877225.75;;;0.0801598504;0.0801598504
;US-IA;2000;p0p100;57792.4726562;;79634202624.0;;
;US-IA;2000;p99p100;708176.875;;;0.1225379109;0.1225379109
;US-IA;2000;p99.9p100;2741319.0;;;0.047433842;0.047433842
;US-IA;2000;p99.99p100;9840212.0;;;0.0170268044;0.0170268044
;US-IA;2000;p90p100;;;;0.3546388745;0.3546388745
;US-IA;2000;p90p91;204954.578125;;;;
;US-IA;2000;p95p96;290677.625;;;;
;US-IA;2000;p95p100;;;;0.2514839768;0.2514839768
;US-IA;2000;p99.5p100;1057933.25;;;0.0915286243;0.0915286243
;US-IA;1999;p0p100;56727.8203125;;76482035712.0;;
;US-IA;1999;p99p100;752123.6875;;;0.1325846314;0.1325846314
;US-IA;1999;p99.9p100;3061663.75;;;0.0539711155;0.0539711155
;US-IA;1999;p99.99p100;11745341.0;;;0.0207047276;0.0207047276
;US-IA;1999;p90p100;;;;0.3714060783;0.3714060783
;US-IA;1999;p90p91;210690.5625;;;;
;US-IA;1999;p95p96;301044.6875;;;;
;US-IA;1999;p95p100;;;;0.2653413117;0.2653413117
;US-IA;1999;p99.5p100;1138446.375;;;0.1003428623;0.1003428623
;US-IA;1998;p0p100;54999.1171875;;73414524928.0;;
;US-IA;1998;p99p100;715877.0;;;0.1301615536;0.1301615536
;US-IA;1998;p99.9p100;2961686.25;;;0.053849712;0.053849712
;US-IA;1998;p99.99p100;11803951.0;;;0.0214620754;0.0214620754
;US-IA;1998;p90p100;;;;0.3656311631;0.3656311631
;US-IA;1998;p90p91;201093.90625;;;;
;US-IA;1998;p95p96;285587.375;;;;
;US-IA;1998;p95p100;;;;0.2596290708;0.2596290708
;US-IA;1998;p99.5p100;1083562.375;;;0.0985072628;0.0985072628
;US-IA;1997;p0p100;51372.734375;;69732745216.0;;
;US-IA;1997;p99p100;624558.75;;;0.1215739697;0.1215739697
;US-IA;1997;p99.9p100;2430471.5;;;0.0473105311;0.0473105311
;US-IA;1997;p99.99p100;9294771.0;;;0.0180928092;0.0180928092
;US-IA;1997;p90p100;;;;0.3611207604;0.3611207604
;US-IA;1997;p90p91;185517.609375;;;;
;US-IA;1997;p95p96;259247.21875;;;;
;US-IA;1997;p95p100;;;;0.2523198426;0.2523198426
;US-IA;1997;p99.5p100;928786.75;;;0.0903968513;0.0903968513
;US-IA;1996;p0p100;49468.0976562;;65950162944.0;;
;US-IA;1996;p99p100;551509.8125;;;0.1114879847;0.1114879847
;US-IA;1996;p99.9p100;2035288.625;;;0.0411434621;0.0411434621
;US-IA;1996;p99.99p100;7312020.5;;;0.014781286;0.014781286
;US-IA;1996;p90p100;;;;0.3493897915;0.3493897915
;US-IA;1996;p90p91;172836.46875;;;;
;US-IA;1996;p95p96;237487.453125;;;;
;US-IA;1996;p95p100;;;;0.2400410324;0.2400410324
;US-IA;1996;p99.5p100;812590.375;;;0.0821327716;0.0821327716
;US-IA;1995;p0p100;45502.0429688;;60356526080.0;;
;US-IA;1995;p99p100;501942.21875;;;0.1103120223;0.1103120223
;US-IA;1995;p99.9p100;1817050.625;;;0.0399333835;0.0399333835
;US-IA;1995;p99.99p100;6408185.5;;;0.0140832923;0.0140832923
;US-IA;1995;p90p100;;;;0.3559718728;0.3559718728
;US-IA;1995;p90p91;161974.484375;;;;
;US-IA;1995;p95p96;222229.5;;;;
;US-IA;1995;p95p100;;;;0.2441972792;0.2441972792
;US-IA;1995;p99.5p100;735808.75;;;0.0808544755;0.0808544755
;US-IA;1994;p0p100;44114.046875;;58706219008.0;;
;US-IA;1994;p99p100;468009.09375;;;0.1060907245;0.1060907245
;US-IA;1994;p99.9p100;1696235.125;;;0.0384511389;0.0384511389
;US-IA;1994;p99.99p100;6171023.5;;;0.0139887957;0.0139887957
;US-IA;1994;p90p100;;;;0.3451320827;0.3451320827
;US-IA;1994;p90p91;152251.71875;;;;
;US-IA;1994;p95p96;208995.0625;;;;
;US-IA;1994;p95p100;;;;0.2368804067;0.2368804067
;US-IA;1994;p99.5p100;684922.6875;;;0.0776309073;0.0776309073
;US-IA;1993;p0p100;41676.0859375;;54749024256.0;;
;US-IA;1993;p99p100;448718.21875;;;0.1076680273;0.1076680273
;US-IA;1993;p99.9p100;1612042.0;;;0.0386802629;0.0386802629
;US-IA;1993;p99.99p100;5819675.5;;;0.0139640644;0.0139640644
;US-IA;1993;p90p100;;;;0.3616786897;0.3616786897
;US-IA;1993;p90p91;150733.515625;;;;
;US-IA;1993;p95p96;203449.640625;;;;
;US-IA;1993;p95p100;;;;0.244084388;0.244084388
;US-IA;1993;p99.5p100;656457.9375;;;0.0787571445;0.0787571445
;US-IA;1992;p0p100;43375.5507812;;56995631104.0;;
;US-IA;1992;p99p100;464999.28125;;;0.1072030887;0.1072030887
;US-IA;1992;p99.9p100;1733583.75;;;0.0399668403;0.0399668403
;US-IA;1992;p99.99p100;6419778.0;;;0.0148004536;0.0148004536
;US-IA;1992;p90p100;;;;0.3504919708;0.3504919708
;US-IA;1992;p90p91;152027.8125;;;;
;US-IA;1992;p95p96;205094.609375;;;;
;US-IA;1992;p95p100;;;;0.2364173084;0.2364173084
;US-IA;1992;p99.5p100;689320.9375;;;0.07945963;0.07945963
;US-IA;1991;p0p100;42418.7851562;;54913024000.0;;
;US-IA;1991;p99p100;424290.84375;;;0.1000242829;0.1000242829
;US-IA;1991;p99.9p100;1446789.875;;;0.0341072939;0.0341072939
;US-IA;1991;p99.99p100;4915356.0;;;0.0115876868;0.0115876868
;US-IA;1991;p90p100;;;;0.34721753;0.34721753
;US-IA;1991;p90p91;147285.453125;;;;
;US-IA;1991;p95p96;194944.0;;;;
;US-IA;1991;p95p100;;;;0.2297849953;0.2297849953
;US-IA;1991;p99.5p100;612219.3125;;;0.0721637011;0.0721637011
;US-IA;1990;p0p100;44175.7421875;;56448528384.0;;
;US-IA;1990;p99p100;451435.75;;;0.1021908671;0.1021908671
;US-IA;1990;p99.9p100;1616066.5;;;0.0365826674;0.0365826674
;US-IA;1990;p99.99p100;5702312.5;;;0.0129082436;0.0129082436
;US-IA;1990;p90p100;;;;0.3402876258;0.3402876258
;US-IA;1990;p90p91;150324.578125;;;;
;US-IA;1990;p95p96;201190.0625;;;;
;US-IA;1990;p95p100;;;;0.2277155519;0.2277155519
;US-IA;1990;p99.5p100;663700.75;;;0.0751205012;0.0751205012
;US-IA;1989;p0p100;42520.1054688;;56107646976.0;;
;US-IA;1989;p99p100;443366.75;;;0.1042722538;0.1042722538
;US-IA;1989;p99.9p100;1539933.25;;;0.0362165906;0.0362165906
;US-IA;1989;p99.99p100;5284250.5;;;0.0124276504;0.0124276504
;US-IA;1989;p90p100;;;;0.3440252542;0.3440252542
;US-IA;1989;p90p91;146279.90625;;;;
;US-IA;1989;p95p96;197610.765625;;;;
;US-IA;1989;p95p100;;;;0.232373327;0.232373327
;US-IA;1989;p99.5p100;643173.25;;;0.0756316558;0.0756316558
;US-IA;1988;p0p100;42511.0625;;54704664576.0;;
;US-IA;1988;p99p100;455062.03125;;;0.1070455536;0.1070455536
;US-IA;1988;p99.9p100;1632421.25;;;0.0383999161;0.0383999161
;US-IA;1988;p99.99p100;5618250.0;;;0.0132159712;0.0132159712
;US-IA;1988;p90p100;;;;0.3433976173;0.3433976173
;US-IA;1988;p90p91;145981.96875;;;;
;US-IA;1988;p95p96;198086.0625;;;;
;US-IA;1988;p95p100;;;;0.2329817861;0.2329817861
;US-IA;1988;p99.5p100;668470.1875;;;0.0786230862;0.0786230862
;US-IA;1987;p0p100;42306.171875;;53756903424.0;;
;US-IA;1987;p99p100;373557.5625;;;0.088298589;0.088298589
;US-IA;1987;p99.9p100;1208465.375;;;0.028564753;0.028564753
;US-IA;1987;p99.99p100;3934879.0;;;0.0093009565;0.0093009565
;US-IA;1987;p90p100;;;;0.3189740777;0.3189740777
;US-IA;1987;p90p91;134945.71875;;;;
;US-IA;1987;p95p96;177456.03125;;;;
;US-IA;1987;p95p100;;;;0.2097282857;0.2097282857
;US-IA;1987;p99.5p100;528251.6875;;;0.0624319874;0.0624319874
;US-IA;1986;p0p100;43275.7109375;;55661080576.0;;
;US-IA;1986;p99p100;487679.875;;;0.1126913652;0.1126913652
;US-IA;1986;p99.9p100;1973326.75;;;0.0455989502;0.0455989502
;US-IA;1986;p99.99p100;7752841.5;;;0.0179149956;0.0179149956
;US-IA;1986;p90p100;;;;0.3333339989;0.3333339989
;US-IA;1986;p90p91;144252.640625;;;;
;US-IA;1986;p95p96;200124.15625;;;;
;US-IA;1986;p95p100;;;;0.2312199622;0.2312199622
;US-IA;1986;p99.5p100;741050.0625;;;0.0856196359;0.0856196359
;US-IA;1985;p0p100;40471.8789062;;51138846720.0;;
;US-IA;1985;p99p100;330238.125;;;0.0815969408;0.0815969408
;US-IA;1985;p99.9p100;1003713.75;;;0.0248002764;0.0248002764
;US-IA;1985;p99.99p100;2765092.5;;;0.0068321326;0.0068321326
;US-IA;1985;p90p100;;;;0.308121115;0.308121115
;US-IA;1985;p90p91;124702.40625;;;;
;US-IA;1985;p95p96;159875.953125;;;;
;US-IA;1985;p95p100;;;;0.1975148618;0.1975148618
;US-IA;1985;p99.5p100;450458.625;;;0.0556508154;0.0556508154
;US-IA;1984;p0p100;39293.3359375;;48798150656.0;;
;US-IA;1984;p99p100;373892.5;;;0.0951541662;0.0951541662
;US-IA;1984;p99.9p100;1299113.375;;;0.0330619253;0.0330619253
;US-IA;1984;p99.99p100;4993393.5;;;0.0127079906;0.0127079906
;US-IA;1984;p90p100;;;;0.3163581789;0.3163581789
;US-IA;1984;p90p91;124307.679688;;;;
;US-IA;1984;p95p96;164457.90625;;;;
;US-IA;1984;p95p100;;;;0.2092694491;0.2092694491
;US-IA;1984;p99.5p100;512463.375;;;0.065209955;0.065209955
;US-IA;1983;p0p100;37768.5742188;;46112722944.0;;
;US-IA;1983;p99p100;414389.75;;;0.1097181365;0.1097181365
;US-IA;1983;p99.9p100;1551930.25;;;0.0410905182;0.0410905182
;US-IA;1983;p99.99p100;6313610.5;;;0.0167165734;0.0167165734
;US-IA;1983;p90p100;;;;0.3259562254;0.3259562254
;US-IA;1983;p90p91;123109.015625;;;;
;US-IA;1983;p95p96;169943.59375;;;;
;US-IA;1983;p95p100;;;;0.2249801755;0.2249801755
;US-IA;1983;p99.5p100;578181.8125;;;0.0765427202;0.0765427202
;US-IA;1982;p0p100;39929.015625;;50263785472.0;;
;US-IA;1982;p99p100;378230.21875;;;0.094725661;0.094725661
;US-IA;1982;p99.9p100;1462978.75;;;0.036639493;0.036639493
;US-IA;1982;p99.99p100;6074335.0;;;0.0152128348;0.0152128348
;US-IA;1982;p90p100;;;;0.3198099732;0.3198099732
;US-IA;1982;p90p91;127696.976562;;;;
;US-IA;1982;p95p96;171513.296875;;;;
;US-IA;1982;p95p100;;;;0.2147727609;0.2147727609
;US-IA;1982;p99.5p100;558109.375;;;0.0698876977;0.0698876977
;US-IA;1981;p0p100;41191.828125;;52869914624.0;;
;US-IA;1981;p99p100;328471.75;;;0.0797419772;0.0797419772
;US-IA;1981;p99.9p100;994728.1875;;;0.0241486803;0.0241486803
;US-IA;1981;p99.99p100;3048687.5;;;0.0074011958;0.0074011958
;US-IA;1981;p90p100;;;;0.3184145391;0.3184145391
;US-IA;1981;p90p91;131160.765625;;;;
;US-IA;1981;p95p96;164687.640625;;;;
;US-IA;1981;p95p100;;;;0.1999032944;0.1999032944
;US-IA;1981;p99.5p100;456913.65625;;;0.0554616861;0.0554616861
;US-IA;1980;p0p100;40978.9375;;52009205760.0;;
;US-IA;1980;p99p100;341992.6875;;;0.0834557191;0.0834557191
;US-IA;1980;p99.9p100;1009066.3125;;;0.0246240236;0.0246240236
;US-IA;1980;p99.99p100;3052570.5;;;0.0074491203;0.0074491203
;US-IA;1980;p90p100;;;;0.3300450742;0.3300450742
;US-IA;1980;p90p91;135248.96875;;;;
;US-IA;1980;p95p96;173892.4375;;;;
;US-IA;1980;p95p100;;;;0.2121729553;0.2121729553
;US-IA;1980;p99.5p100;466115.0;;;0.0568725094;0.0568725094
;US-IA;1979;p0p100;42331.8828125;;54377938944.0;;
;US-IA;1979;p99p100;354717.71875;;;0.0837944597;0.0837944597
;US-IA;1979;p99.9p100;1003102.375;;;0.0236961432;0.0236961432
;US-IA;1979;p99.99p100;3095425.25;;;0.0073122783;0.0073122783
;US-IA;1979;p90p100;;;;0.3202211559;0.3202211559
;US-IA;1979;p90p91;135555.65625;;;;
;US-IA;1979;p95p96;176352.578125;;;;
;US-IA;1979;p95p100;;;;0.2082975805;0.2082975805
;US-IA;1979;p99.5p100;476234.71875;;;0.0562501214;0.0562501214
;US-IA;1978;p0p100;43834.6796875;;54518947840.0;;
;US-IA;1978;p99p100;325399.875;;;0.0742334351;0.0742334351
;US-IA;1978;p99.9p100;800233.1875;;;0.0182557087;0.0182557087
;US-IA;1978;p99.99p100;1897875.75;;;0.0043296209;0.0043296209
;US-IA;1978;p90p100;;;;0.3035063744;0.3035063744
;US-IA;1978;p90p91;133041.046875;;;;
;US-IA;1978;p95p96;174090.609375;;;;
;US-IA;1978;p95p100;;;;0.1985763311;0.1985763311
;US-IA;1978;p99.5p100;424657.75;;;0.0484385565;0.0484385565
;US-IA;1977;p0p100;41274.3710938;;50686787584.0;;
;US-IA;1977;p99p100;328142.21875;;;0.0795026496;0.0795026496
;US-IA;1977;p99.9p100;818318.8125;;;0.0198263172;0.0198263172
;US-IA;1977;p99.99p100;1993783.375;;;0.0048305602;0.0048305602
;US-IA;1977;p90p100;;;;0.3147341609;0.3147341609
;US-IA;1977;p90p91;129904.5625;;;;
;US-IA;1977;p95p96;168285.828125;;;;
;US-IA;1977;p95p100;;;;0.203862384;0.203862384
;US-IA;1977;p99.5p100;427074.1875;;;0.0517359972;0.0517359972
;US-IA;1976;p0p100;40391.0195312;;49006186496.0;;
;US-IA;1976;p99p100;322650.8125;;;0.0798818171;0.0798818171
;US-IA;1976;p99.9p100;826584.875;;;0.0204645693;0.0204645693
;US-IA;1976;p99.99p100;2019918.125;;;0.0050009089;0.0050009089
;US-IA;1976;p90p100;;;;0.3217994273;0.3217994273
;US-IA;1976;p90p91;129978.070312;;;;
;US-IA;1976;p95p96;169476.671875;;;;
;US-IA;1976;p95p100;;;;0.2097949833;0.2097949833
;US-IA;1976;p99.5p100;428742.78125;;;0.0530740246;0.0530740246
;US-IA;1975;p0p100;40405.7539062;;48466018304.0;;
;US-IA;1975;p99p100;326855.3125;;;0.0808932558;0.0808932558
;US-IA;1975;p99.9p100;804796.75;;;0.0199178737;0.0199178737
;US-IA;1975;p99.99p100;1931334.375;;;0.0047798501;0.0047798501
;US-IA;1975;p90p100;;;;0.3193576038;0.3193576038
;US-IA;1975;p90p91;129038.851562;;;;
;US-IA;1975;p95p96;167837.796875;;;;
;US-IA;1975;p95p100;;;;0.2076904625;0.2076904625
;US-IA;1975;p99.5p100;418749.65625;;;0.0518180728;0.0518180728
;US-IA;1974;p0p100;41020.5546875;;48629624832.0;;
;US-IA;1974;p99p100;362718.28125;;;0.0884235427;0.0884235427
;US-IA;1974;p99.9p100;1057386.875;;;0.0257769991;0.0257769991
;US-IA;1974;p99.99p100;3323582.0;;;0.0081022345;0.0081022345
;US-IA;1974;p90p100;;;;0.3312893212;0.3312893212
;US-IA;1974;p90p91;135896.71875;;;;
;US-IA;1974;p95p96;179086.484375;;;;
;US-IA;1974;p95p100;;;;0.2182887048;0.2182887048
;US-IA;1974;p99.5p100;497691.09375;;;0.0606636219;0.0606636219
;US-IA;1973;p0p100;44225.609375;;51859066880.0;;
;US-IA;1973;p99p100;342045.0;;;0.0773409456;0.0773409456
;US-IA;1973;p99.9p100;881508.5;;;0.0199320838;0.0199320838
;US-IA;1973;p99.99p100;2549378.5;;;0.0057644853;0.0057644853
;US-IA;1973;p90p100;;;;0.3006380796;0.3006380796
;US-IA;1973;p90p91;132959.015625;;;;
;US-IA;1973;p95p96;175311.671875;;;;
;US-IA;1973;p95p100;;;;0.1982015669;0.1982015669
;US-IA;1973;p99.5p100;457886.40625;;;0.0517671145;0.0517671145
;US-IA;1972;p0p100;39528.75;;45832105984.0;;
;US-IA;1972;p99p100;325104.21875;;;0.0822449997;0.0822449997
;US-IA;1972;p99.9p100;957125.3125;;;0.024213396;0.024213396
;US-IA;1972;p99.99p100;3555148.75;;;0.0089938305;0.0089938305
;US-IA;1972;p90p100;;;;0.3093635142;0.3093635142
;US-IA;1972;p90p91;122287.53125;;;;
;US-IA;1972;p95p96;160082.21875;;;;
;US-IA;1972;p95p100;;;;0.202488333;0.202488333
;US-IA;1972;p99.5p100;444683.4375;;;0.0562481023;0.0562481023
;US-IA;1971;p0p100;36828.4453125;;42176495616.0;;
;US-IA;1971;p99p100;290733.40625;;;0.0789426193;0.0789426193
;US-IA;1971;p99.9p100;812574.0625;;;0.0220637601;0.0220637601
;US-IA;1971;p99.99p100;2792164.5;;;0.0075815427;0.0075815427
;US-IA;1971;p90p100;;;;0.3028630614;0.3028630614
;US-IA;1971;p90p91;111539.765625;;;;
;US-IA;1971;p95p96;144726.5625;;;;
;US-IA;1971;p95p100;;;;0.1964874715;0.1964874715
;US-IA;1971;p99.5p100;400748.4375;;;0.0544074625;0.0544074625
;US-IA;1970;p0p100;37541.703125;;42385764352.0;;
;US-IA;1970;p99p100;274610.40625;;;0.0731480941;0.0731480941
;US-IA;1970;p99.9p100;696336.5;;;0.0185483471;0.0185483471
;US-IA;1970;p99.99p100;1837830.875;;;0.004895438;0.004895438
;US-IA;1970;p90p100;;;;0.2942298949;0.2942298949
;US-IA;1970;p90p91;110458.914062;;;;
;US-IA;1970;p95p96;142363.03125;;;;
;US-IA;1970;p95p100;;;;0.1896065176;0.1896065176
;US-IA;1970;p99.5p100;365134.21875;;;0.0486304834;0.0486304834
;US-IA;1969;p0p100;37812.328125;;42590871552.0;;
;US-IA;1969;p99p100;300497.4375;;;0.0794707462;0.0794707462
;US-IA;1969;p99.9p100;894414.3125;;;0.0236540381;0.0236540381
;US-IA;1969;p99.99p100;3527973.25;;;0.0093302187;0.0093302187
;US-IA;1969;p90p100;;;;0.3016808927;0.3016808927
;US-IA;1969;p90p91;114072.578125;;;;
;US-IA;1969;p95p96;148749.15625;;;;
;US-IA;1969;p95p100;;;;0.1966939718;0.1966939718
;US-IA;1969;p99.5p100;416338.625;;;0.0550532863;0.0550532863
;US-IA;1968;p0p100;36502.4960938;;41094320128.0;;
;US-IA;1968;p99p100;315852.28125;;;0.0865289494;0.0865289494
;US-IA;1968;p99.9p100;905170.0;;;0.0247974824;0.0247974824
;US-IA;1968;p99.99p100;2670667.5;;;0.007316397;0.007316397
;US-IA;1968;p90p100;;;;0.3128014803;0.3128014803
;US-IA;1968;p90p91;114180.351562;;;;
;US-IA;1968;p95p96;152530.734375;;;;
;US-IA;1968;p95p100;;;;0.2089319229;0.2089319229
;US-IA;1968;p99.5p100;437513.96875;;;0.0599293225;0.0599293225
;US-IA;1967;p0p100;35400.5546875;;39823208448.0;;
;US-IA;1967;p99p100;301286.0625;;;0.0851077214;0.0851077214
;US-IA;1967;p99.9p100;784081.375;;;0.0221488439;0.0221488439
;US-IA;1967;p99.99p100;2169494.0;;;0.0061284183;0.0061284183
;US-IA;1967;p90p100;;;;0.3080074787;0.3080074787
;US-IA;1967;p90p91;109036.359375;;;;
;US-IA;1967;p95p96;146318.53125;;;;
;US-IA;1967;p95p100;;;;0.2066613436;0.2066613436
;US-IA;1967;p99.5p100;399690.3125;;;0.0564525463;0.0564525463
;US-IA;1966;p0p100;35597.2890625;;39976165376.0;;
;US-IA;1966;p99p100;289351.84375;;;0.0812847987;0.0812847987
;US-IA;1966;p99.9p100;747208.8125;;;0.020990612;0.020990612
;US-IA;1966;p99.99p100;2519550.25;;;0.0070779277;0.0070779277
;US-IA;1966;p90p100;;;;0.3080722392;0.3080722392
;US-IA;1966;p90p91;109665.359375;;;;
;US-IA;1966;p95p96;143511.90625;;;;
;US-IA;1966;p95p100;;;;0.2015770227;0.2015770227
;US-IA;1966;p99.5p100;389356.0;;;0.0546889976;0.0546889976
;US-IA;1965;p0p100;33703.2109375;;37757960192.0;;
;US-IA;1965;p99p100;297828.15625;;;0.0883678868;0.0883678868
;US-IA;1965;p99.9p100;750486.0;;;0.0222674944;0.0222674944
;US-IA;1965;p99.99p100;2902324.25;;;0.0086114183;0.0086114183
;US-IA;1965;p90p100;;;;0.3146111667;0.3146111667
;US-IA;1965;p90p91;106034.046875;;;;
;US-IA;1965;p95p96;141400.46875;;;;
;US-IA;1965;p95p100;;;;0.2097730041;0.2097730041
;US-IA;1965;p99.5p100;400550.9375;;;0.0594232678;0.0594232678
;US-IA;1964;p0p100;30960.0058594;;34566975488.0;;
;US-IA;1964;p99p100;267855.59375;;;0.0865166411;0.0865166411
;US-IA;1964;p99.9p100;693646.0;;;0.0224045832;0.0224045832
;US-IA;1964;p99.99p100;2012528.25;;;0.0065004127;0.0065004127
;US-IA;1964;p90p100;;;;0.314296931;0.314296931
;US-IA;1964;p90p91;97306.3515625;;;;
;US-IA;1964;p95p96;128792.546875;;;;
;US-IA;1964;p95p100;;;;0.2079982609;0.2079982609
;US-IA;1964;p99.5p100;360886.0625;;;0.0582826212;0.0582826212
;US-IA;1963;p0p100;29844.3457031;;33160882176.0;;
;US-IA;1963;p99p100;229309.140625;;;0.0768350437;0.0768350437
;US-IA;1963;p99.9p100;587686.5;;;0.0196917206;0.0196917206
;US-IA;1963;p99.99p100;1443979.75;;;0.0048383703;0.0048383703
;US-IA;1963;p90p100;;;;0.296433419;0.296433419
;US-IA;1963;p90p91;88468.609375;;;;
;US-IA;1963;p95p96;115558.992188;;;;
;US-IA;1963;p95p100;;;;0.1936028302;0.1936028302
;US-IA;1963;p99.5p100;312262.125;;;0.0523151271;0.0523151271
;US-IA;1962;p0p100;28255.2988281;;31227215872.0;;
;US-IA;1962;p99p100;228781.515625;;;0.0809694156;0.0809694156
;US-IA;1962;p99.9p100;598948.0;;;0.0211977251;0.0211977251
;US-IA;1962;p99.99p100;1541384.125;;;0.0054552038;0.0054552038
;US-IA;1962;p90p100;;;;0.3062441647;0.3062441647
;US-IA;1962;p90p91;86530.203125;;;;
;US-IA;1962;p95p96;114071.710938;;;;
;US-IA;1962;p95p100;;;;0.2018589824;0.2018589824
;US-IA;1962;p99.5p100;311207.03125;;;0.0550705642;0.0550705642
;US-IA;1961;p0p100;27985.5;;30732077056.0;;
;US-IA;1961;p99p100;247077.328125;;;0.0882876292;0.0882876292
;US-IA;1961;p99.9p100;678474.1875;;;0.0242437776;0.0242437776
;US-IA;1961;p99.99p100;1788313.125;;;0.0063901427;0.0063901427
;US-IA;1961;p90p100;;;;0.3131314218;0.3131314218
;US-IA;1961;p90p91;87631.3828125;;;;
;US-IA;1961;p95p96;117296.976562;;;;
;US-IA;1961;p95p100;;;;0.2095674574;0.2095674574
;US-IA;1961;p99.5p100;341013.625;;;0.0609268472;0.0609268472
;US-IA;1960;p0p100;26525.3339844;;28907220992.0;;
;US-IA;1960;p99p100;227897.546875;;;0.0859169438;0.0859169438
;US-IA;1960;p99.9p100;596123.5;;;0.0224737413;0.0224737413
;US-IA;1960;p99.99p100;1545785.875;;;0.0058275829;0.0058275829
;US-IA;1960;p90p100;;;;0.3135089874;0.3135089874
;US-IA;1960;p90p91;83159.3046875;;;;
;US-IA;1960;p95p96;110415.5;;;;
;US-IA;1960;p95p100;;;;0.2081321627;0.2081321627
;US-IA;1960;p99.5p100;308712.90625;;;0.0581920817;0.0581920817
;US-IA;1959;p0p100;26457.6289062;;29013366784.0;;
;US-IA;1959;p99p100;227975.234375;;;0.0861661583;0.0861661583
;US-IA;1959;p99.9p100;605737.5625;;;0.0228946283;0.0228946283
;US-IA;1959;p99.99p100;1481301.125;;;0.0055987672;0.0055987672
;US-IA;1959;p90p100;;;;0.3135823905;0.3135823905
;US-IA;1959;p90p91;82966.4765625;;;;
;US-IA;1959;p95p96;110241.4375;;;;
;US-IA;1959;p95p100;;;;0.2083358169;0.2083358169
;US-IA;1959;p99.5p100;314978.03125;;;0.0595249869;0.0595249869
;US-IA;1958;p0p100;25637.5058594;;28258381824.0;;
;US-IA;1958;p99p100;208864.453125;;;0.0814683214;0.0814683214
;US-IA;1958;p99.9p100;551875.8125;;;0.021526115;0.021526115
;US-IA;1958;p99.99p100;1366930.125;;;0.0053317593;0.0053317593
;US-IA;1958;p90p100;;;;0.3037673533;0.3037673533
;US-IA;1958;p90p91;77878.375;;;;
;US-IA;1958;p95p96;102627.820312;;;;
;US-IA;1958;p95p100;;;;0.2001517266;0.2001517266
;US-IA;1958;p99.5p100;281421.75;;;0.0548847765;0.0548847765
;US-IA;1957;p0p100;25906.2617188;;28694749184.0;;
;US-IA;1957;p99p100;200580.21875;;;0.0774253756;0.0774253756
;US-IA;1957;p99.9p100;539726.0;;;0.0208338052;0.0208338052
;US-IA;1957;p99.99p100;1351940.375;;;0.0052185855;0.0052185855
;US-IA;1957;p90p100;;;;0.2840487063;0.2840487063
;US-IA;1957;p90p91;73586.40625;;;;
;US-IA;1957;p95p96;97802.3125;;;;
;US-IA;1957;p95p100;;;;0.1887619197;0.1887619197
;US-IA;1957;p99.5p100;277741.3125;;;0.0536050573;0.0536050573
;US-IA;1956;p0p100;24356.7050781;;27067555840.0;;
;US-IA;1956;p99p100;201174.6875;;;0.0825951919;0.0825951919
;US-IA;1956;p99.9p100;578163.875;;;0.0237373598;0.0237373598
;US-IA;1956;p99.99p100;1531135.125;;;0.0062862979;0.0062862979
;US-IA;1956;p90p100;;;;0.2935773432;0.2935773432
;US-IA;1956;p90p91;71505.765625;;;;
;US-IA;1956;p95p96;96056.6953125;;;;
;US-IA;1956;p95p100;;;;0.197187379;0.197187379
;US-IA;1956;p99.5p100;280446.0625;;;0.0575706065;0.0575706065
;US-IA;1955;p0p100;23747.8710938;;26480877568.0;;
;US-IA;1955;p99p100;213918.46875;;;0.090079017;0.090079017
;US-IA;1955;p99.9p100;583939.5;;;0.0245891325;0.0245891325
;US-IA;1955;p99.99p100;1588986.25;;;0.0066910689;0.0066910689
;US-IA;1955;p90p100;;;;0.3183166981;0.3183166981
;US-IA;1955;p90p91;75593.4296875;;;;
;US-IA;1955;p95p96;98200.390625;;;;
;US-IA;1955;p95p100;;;;0.2067562193;0.2067562193
;US-IA;1955;p99.5p100;291763.09375;;;0.0614293218;0.0614293218
;US-IA;1954;p0p100;25160.5839844;;28148047872.0;;
;US-IA;1954;p99p100;196205.96875;;;0.0779814795;0.0779814795
;US-IA;1954;p99.9p100;526557.75;;;0.0209278818;0.0209278818
;US-IA;1954;p99.99p100;1286460.75;;;0.0051130005;0.0051130005
;US-IA;1954;p90p100;;;;0.3001772463;0.3001772463
;US-IA;1954;p90p91;75526.34375;;;;
;US-IA;1954;p95p96;96838.421875;;;;
;US-IA;1954;p95p100;;;;0.1924407184;0.1924407184
;US-IA;1954;p99.5p100;266668.9375;;;0.0529933907;0.0529933907
;US-IA;1953;p0p100;23221.5;;26060273664.0;;
;US-IA;1953;p99p100;187594.359375;;;0.0807847753;0.0807847753
;US-IA;1953;p99.9p100;491518.40625;;;0.0211665221;0.0211665221
;US-IA;1953;p99.99p100;1271627.0;;;0.0054760762;0.0054760762
;US-IA;1953;p90p100;;;;0.3139470518;0.3139470518
;US-IA;1953;p90p91;72903.21875;;;;
;US-IA;1953;p95p96;91045.0234375;;;;
;US-IA;1953;p95p100;;;;0.1960360557;0.1960360557
;US-IA;1953;p99.5p100;255397.53125;;;0.0549916066;0.0549916066
;US-IA;1952;p0p100;24558.734375;;27669882880.0;;
;US-IA;1952;p99p100;184746.34375;;;0.0752263218;0.0752263218
;US-IA;1952;p99.9p100;505174.71875;;;0.0205700621;0.0205700621
;US-IA;1952;p99.99p100;1248205.375;;;0.0050825309;0.0050825309
;US-IA;1952;p90p100;;;;0.2897311747;0.2897311747
;US-IA;1952;p90p91;71154.3125;;;;
;US-IA;1952;p95p96;87588.984375;;;;
;US-IA;1952;p95p100;;;;0.178325519;0.178325519
;US-IA;1952;p99.5p100;253205.0625;;;0.0515509173;0.0515509173
;US-IA;1951;p0p100;23799.8476562;;26900183040.0;;
;US-IA;1951;p99p100;210254.4375;;;0.088342756;0.088342756
;US-IA;1951;p99.9p100;568066.0625;;;0.0238684732;0.0238684732
;US-IA;1951;p99.99p100;1462201.125;;;0.0061437413;0.0061437413
;US-IA;1951;p90p100;;;;0.2981572747;0.2981572747
;US-IA;1951;p90p91;70960.9765625;;;;
;US-IA;1951;p95p96;97541.5703125;;;;
;US-IA;1951;p95p100;;;;0.204920575;0.204920575
;US-IA;1951;p99.5p100;287832.875;;;0.0604694821;0.0604694821
;US-IA;1950;p0p100;24057.890625;;27276933120.0;;
;US-IA;1950;p99p100;229026.0625;;;0.0951979011;0.0951979011
;US-IA;1950;p99.9p100;635861.75;;;0.0264304876;0.0264304876
;US-IA;1950;p99.99p100;1465012.25;;;0.0060895295;0.0060895295
;US-IA;1950;p90p100;;;;0.3126137853;0.3126137853
;US-IA;1950;p90p91;75208.2890625;;;;
;US-IA;1950;p95p96;106358.257812;;;;
;US-IA;1950;p95p100;;;;0.2210465074;0.2210465074
;US-IA;1950;p99.5p100;313134.15625;;;0.0650793016;0.0650793016
;US-IA;1949;p0p100;20554.3964844;;23206797312.0;;
;US-IA;1949;p99p100;196163.875;;;0.0954364538;0.0954364538
;US-IA;1949;p99.9p100;534977.3125;;;0.0260273926;0.0260273926
;US-IA;1949;p99.99p100;1303753.875;;;0.0063429438;0.0063429438
;US-IA;1949;p90p100;;;;0.3312548697;0.3312548697
;US-IA;1949;p90p91;68087.4375;;;;
;US-IA;1949;p95p96;93769.8046875;;;;
;US-IA;1949;p95p100;;;;0.2281015813;0.2281015813
;US-IA;1949;p99.5p100;270924.40625;;;0.0659042522;0.0659042522
;US-IA;1948;p0p100;24705.6015625;;27858522112.0;;
;US-IA;1948;p99p100;202479.890625;;;0.0819570795;0.0819570795
;US-IA;1948;p99.9p100;543357.3125;;;0.021993285;0.021993285
;US-IA;1948;p99.99p100;1384411.75;;;0.0056036357;0.0056036357
;US-IA;1948;p90p100;;;;0.2918918133;0.2918918133
;US-IA;1948;p90p91;72113.625;;;;
;US-IA;1948;p95p96;99858.34375;;;;
;US-IA;1948;p95p100;;;;0.2020965815;0.2020965815
;US-IA;1948;p99.5p100;273629.1875;;;0.0553779677;0.0553779677
;US-IA;1947;p0p100;18890.9042969;;21271416832.0;;
;US-IA;1947;p99p100;204430.65625;;;0.1082164347;0.1082164347
;US-IA;1947;p99.9p100;537139.9375;;;0.028433783;0.028433783
;US-IA;1947;p99.99p100;1410361.75;;;0.0074658245;0.0074658245
;US-IA;1947;p90p100;;;;0.391285032;0.391285032
;US-IA;1947;p90p91;73917.2890625;;;;
;US-IA;1947;p95p96;102132.53125;;;;
;US-IA;1947;p95p100;;;;0.2703219354;0.2703219354
;US-IA;1947;p99.5p100;273550.9375;;;0.0724028125;0.0724028125
;US-IA;1946;p0p100;20709.0566406;;23235311616.0;;
;US-IA;1946;p99p100;206448.375;;;0.0996898934;0.0996898934
;US-IA;1946;p99.9p100;576015.1875;;;0.0278146509;0.0278146509
;US-IA;1946;p99.99p100;1445390.125;;;0.0069795069;0.0069795069
;US-IA;1946;p90p100;;;;0.3425707519;0.3425707519
;US-IA;1946;p90p91;70943.171875;;;;
;US-IA;1946;p95p96;98240.1484375;;;;
;US-IA;1946;p95p100;;;;0.2371912748;0.2371912748
;US-IA;1946;p99.5p100;283382.75;;;0.0684200004;0.0684200004
;US-IA;1945;p0p100;18171.640625;;20490643456.0;;
;US-IA;1945;p99p100;184432.390625;;;0.1014946476;0.1014946476
;US-IA;1945;p99.9p100;527091.25;;;0.0290062595;0.0290062595
;US-IA;1945;p99.99p100;1286604.125;;;0.0070802867;0.0070802867
;US-IA;1945;p90p100;;;;0.3501108587;0.3501108587
;US-IA;1945;p90p91;63620.8789062;;;;
;US-IA;1945;p95p96;86752.8671875;;;;
;US-IA;1945;p95p100;;;;0.2387040406;0.2387040406
;US-IA;1945;p99.5p100;258212.71875;;;0.0710482821;0.0710482821
;US-IA;1944;p0p100;17019.0957031;;19271464960.0;;
;US-IA;1944;p99p100;241515.140625;;;0.1419083327;0.1419083327
;US-IA;1944;p99.9p100;811020.6875;;;0.0476535745;0.0476535745
;US-IA;1944;p99.99p100;2484361.75;;;0.0145974969;0.0145974969
;US-IA;1944;p90p100;;;;0.4166576862;0.4166576862
;US-IA;1944;p90p91;70911.3671875;;;;
;US-IA;1944;p95p96;98516.4921875;;;;
;US-IA;1944;p95p100;;;;0.289429307;0.289429307
;US-IA;1944;p99.5p100;354703.96875;;;0.1042076498;0.1042076498
;US-IA;1943;p0p100;19143.2792969;;21740439552.0;;
;US-IA;1943;p99p100;194857.21875;;;0.1017888412;0.1017888412
;US-IA;1943;p99.9p100;594591.4375;;;0.0310600623;0.0310600623
;US-IA;1943;p99.99p100;1619724.25;;;0.00846106;0.00846106
;US-IA;1943;p90p100;;;;0.347004503;0.347004503
;US-IA;1943;p90p91;66428.046875;;;;
;US-IA;1943;p95p96;91160.3359375;;;;
;US-IA;1943;p95p100;;;;0.2381000966;0.2381000966
;US-IA;1943;p99.5p100;272913.5;;;0.0712818056;0.0712818056
;US-IA;1942;p0p100;16707.3125;;18991980544.0;;
;US-IA;1942;p99p100;173234.5625;;;0.103687875;0.103687875
;US-IA;1942;p99.9p100;520142.78125;;;0.031132644;0.031132644
;US-IA;1942;p99.99p100;1416943.125;;;0.0084809773;0.0084809773
;US-IA;1942;p90p100;;;;0.3605328798;0.3605328798
;US-IA;1942;p90p91;60235.3476562;;;;
;US-IA;1942;p95p96;81502.8984375;;;;
;US-IA;1942;p95p100;;;;0.243913874;0.243913874
;US-IA;1942;p99.5p100;242085.296875;;;0.0724489167;0.0724489167
;US-IA;1941;p0p100;13299.7675781;;15175077888.0;;
;US-IA;1941;p99p100;157149.3125;;;0.1181594208;0.1181594208
;US-IA;1941;p99.9p100;486637.46875;;;0.0365899205;0.0365899205
;US-IA;1941;p99.99p100;1423610.5;;;0.0107040238;0.0107040238
;US-IA;1941;p90p100;;;;0.3899440169;0.3899440169
;US-IA;1941;p90p91;51861.65625;;;;
;US-IA;1941;p95p96;70650.796875;;;;
;US-IA;1941;p95p100;;;;0.2656090856;0.2656090856
;US-IA;1941;p99.5p100;221892.625;;;0.0834197253;0.0834197253
;US-IA;1940;p0p100;11678.3349609;;13388770304.0;;
;US-IA;1940;p99p100;137663.84375;;;0.1178796813;0.1178796813
;US-IA;1940;p99.9p100;417124.03125;;;0.0357177667;0.0357177667
;US-IA;1940;p99.99p100;1115053.0;;;0.0095480476;0.0095480476
;US-IA;1940;p90p100;;;;0.4026394486;0.4026394486
;US-IA;1940;p90p91;47021.5820312;;;;
;US-IA;1940;p95p96;62706.0273438;;;;
;US-IA;1940;p95p100;;;;0.2684716284;0.2684716284
;US-IA;1940;p99.5p100;194626.828125;;;0.0833281577;0.0833281577
;US-IA;1939;p0p100;11238.7626953;;12744834048.0;;
;US-IA;1939;p99p100;129382.671875;;;0.1151218116;0.1151218116
;US-IA;1939;p99.9p100;385049.4375;;;0.0342608429;0.0342608429
;US-IA;1939;p99.99p100;1001910.0;;;0.0089147715;0.0089147715
;US-IA;1939;p90p100;;;;0.3453164399;0.3453164399
;US-IA;1939;p90p91;38809.2929688;;;;
;US-IA;1939;p95p96;58229.6875;;;;
;US-IA;1939;p95p100;;;;0.2590574026;0.2590574026
;US-IA;1939;p99.5p100;180698.046875;;;0.0803905427;0.0803905427
;US-IA;1938;p0p100;10720.2753906;;12041636864.0;;
;US-IA;1938;p99p100;115306.382812;;;0.1075591668;0.1075591668
;US-IA;1938;p99.9p100;348631.71875;;;0.0325207748;0.0325207748
;US-IA;1938;p99.99p100;922260.0;;;0.0086029507;0.0086029507
;US-IA;1938;p90p100;;;;0.3264350295;0.3264350295
;US-IA;1938;p90p91;34994.734375;;;;
;US-IA;1938;p95p96;51097.5195312;;;;
;US-IA;1938;p95p100;;;;0.2383218408;0.2383218408
;US-IA;1938;p99.5p100;163218.6875;;;0.0761261582;0.0761261582
;US-IA;1937;p0p100;12151.3554688;;13525129216.0;;
;US-IA;1937;p99p100;123209.671875;;;0.1013958156;0.1013958156
;US-IA;1937;p99.9p100;393694.59375;;;0.032399226;0.032399226
;US-IA;1937;p99.99p100;1067578.25;;;0.0087856716;0.0087856716
;US-IA;1937;p90p100;;;;0.2875405848;0.2875405848
;US-IA;1937;p90p91;34940.0820312;;;;
;US-IA;1937;p95p96;52451.5390625;;;;
;US-IA;1937;p95p100;;;;0.2158258557;0.2158258557
;US-IA;1937;p99.5p100;175907.34375;;;0.0723817647;0.0723817647
;US-IA;1936;p0p100;9585.02539062;;10590424064.0;;
;US-IA;1936;p99p100;130744.835938;;;0.1364052892;0.1364052892
;US-IA;1936;p99.9p100;427140.25;;;0.0445632897;0.0445632897
;US-IA;1936;p99.99p100;1103242.5;;;0.011510063;0.011510063
;US-IA;1936;p90p100;;;;0.3759019673;0.3759019673
;US-IA;1936;p90p91;36030.3007812;;;;
;US-IA;1936;p95p96;53206.40625;;;;
;US-IA;1936;p95p100;;;;0.2775496244;0.2775496244
;US-IA;1936;p99.5p100;189562.5;;;0.0988847092;0.0988847092
;US-IA;1935;p0p100;10732.4355469;;11768353792.0;;
;US-IA;1935;p99p100;109677.492188;;;0.1021925509;0.1021925509
;US-IA;1935;p99.9p100;335296.28125;;;0.0312413983;0.0312413983
;US-IA;1935;p99.99p100;944864.4375;;;0.0088038221;0.0088038221
;US-IA;1935;p90p100;;;;0.3037908375;0.3037908375
;US-IA;1935;p90p91;32604.1542969;;;;
;US-IA;1935;p95p96;46265.53125;;;;
;US-IA;1935;p95p100;;;;0.2155407071;0.2155407071
;US-IA;1935;p99.5p100;154073.859375;;;0.0717795491;0.0717795491
;US-IA;1934;p0p100;6952.80957031;;7561733120.0;;
;US-IA;1934;p99p100;99274.59375;;;0.1427834332;0.1427834332
;US-IA;1934;p99.9p100;297917.21875;;;0.0428484678;0.0428484678
;US-IA;1934;p99.99p100;791929.125;;;0.0113900593;0.0113900593
;US-IA;1934;p90p100;;;;0.4270700812;0.4270700812
;US-IA;1934;p90p91;29693.3691406;;;;
;US-IA;1934;p95p96;42368.0585938;;;;
;US-IA;1934;p95p100;;;;0.3046829998;0.3046829998
;US-IA;1934;p99.5p100;139122.46875;;;0.1000476629;0.1000476629
;US-IA;1933;p0p100;6793.09033203;;7332439040.0;;
;US-IA;1933;p99p100;87805.3671875;;;0.1292568892;0.1292568892
;US-IA;1933;p99.9p100;265580.375;;;0.0390956663;0.0390956663
;US-IA;1933;p99.99p100;787311.75;;;0.0115898913;0.0115898913
;US-IA;1933;p90p100;;;;0.3968839347;0.3968839347
;US-IA;1933;p90p91;26960.6816406;;;;
;US-IA;1933;p95p96;37527.6054688;;;;
;US-IA;1933;p95p100;;;;0.2762189507;0.2762189507
;US-IA;1933;p99.5p100;120390.703125;;;0.0886126235;0.0886126235
;US-IA;1932;p0p100;7646.88232422;;8195598848.0;;
;US-IA;1932;p99p100;89356.1328125;;;0.116853036;0.116853036
;US-IA;1932;p99.9p100;260876.375;;;0.0341153927;0.0341153927
;US-IA;1932;p99.99p100;745649.625;;;0.0097510293;0.0097510293
;US-IA;1932;p90p100;;;;0.3905192614;0.3905192614
;US-IA;1932;p90p91;29862.5449219;;;;
;US-IA;1932;p95p96;40636.9296875;;;;
;US-IA;1932;p95p100;;;;0.2657091618;0.2657091618
;US-IA;1932;p99.5p100;120816.101562;;;0.0789969712;0.0789969712
;US-IA;1931;p0p100;9229.77539062;;9817103360.0;;
;US-IA;1931;p99p100;114171.765625;;;0.1236993819;0.1236993819
;US-IA;1931;p99.9p100;357260.6875;;;0.0387074091;0.0387074091
;US-IA;1931;p99.99p100;1116842.75;;;0.012100433;0.012100433
;US-IA;1931;p90p100;;;;0.3249640167;0.3249640167
;US-IA;1931;p90p91;29993.4472656;;;;
;US-IA;1931;p95p96;42216.15625;;;;
;US-IA;1931;p95p100;;;;0.2286954671;0.2286954671
;US-IA;1931;p99.5p100;160979.328125;;;0.0872065276;0.0872065276
;US-IA;1930;p0p100;11043.4140625;;11641694208.0;;
;US-IA;1930;p99p100;133022.328125;;;0.1204539835;0.1204539835
;US-IA;1930;p99.9p100;436414.4375;;;0.0395180732;0.0395180732
;US-IA;1930;p99.99p100;1401309.375;;;0.012689095;0.012689095
;US-IA;1930;p90p100;;;;0.3080127835;0.3080127835
;US-IA;1930;p90p91;34015.125;;;;
;US-IA;1930;p95p96;50663.8671875;;;;
;US-IA;1930;p95p100;;;;0.2293849885;0.2293849885
;US-IA;1930;p99.5p100;190810.875;;;0.0863912553;0.0863912553
;US-IA;1929;p0p100;12651.8076172;;13330885632.0;;
;US-IA;1929;p99p100;159236.78125;;;0.1258609146;0.1258609146
;US-IA;1929;p99.9p100;584976.8125;;;0.0462366231;0.0462366231
;US-IA;1929;p99.99p100;2231783.75;;;0.0176400393;0.0176400393
;US-IA;1929;p90p100;;;;0.2928927839;0.2928927839
;US-IA;1929;p90p91;37056.2265625;;;;
;US-IA;1929;p95p96;58704.0820312;;;;
;US-IA;1929;p95p100;;;;0.2319988161;0.2319988161
;US-IA;1929;p99.5p100;234754.25;;;0.0927749872;0.0927749872
;US-IA;1928;p0p100;10590.5664062;;11155979264.0;;
;US-IA;1928;p99p100;174109.859375;;;0.1644008905;0.1644008905
;US-IA;1928;p99.9p100;781025.3125;;;0.0737472698;0.0737472698
;US-IA;1928;p99.99p100;4119083.25;;;0.0388938896;0.0388938896
;US-IA;1928;p90p100;;;;0.3512427509;0.3512427509
;US-IA;1928;p90p91;37198.5976562;;;;
;US-IA;1928;p95p96;59821.9570312;;;;
;US-IA;1928;p95p100;;;;0.2824303806;0.2824303806
;US-IA;1928;p99.5p100;269534.3125;;;0.1272520721;0.1272520721
;US-IA;1927;p0p100;9503.86230469;;9988244480.0;;
;US-IA;1927;p99p100;130207.273438;;;0.1370045841;0.1370045841
;US-IA;1927;p99.9p100;481290.1875;;;0.050641533;0.050641533
;US-IA;1927;p99.99p100;1616727.375;;;0.0170112662;0.0170112662
;US-IA;1927;p90p100;;;;0.3428879082;0.3428879082
;US-IA;1927;p90p91;32587.5957031;;;;
;US-IA;1927;p95p96;50423.8632812;;;;
;US-IA;1927;p95p100;;;;0.2652809024;0.2652809024
;US-IA;1927;p99.5p100;197247.015625;;;0.1037720293;0.1037720293
;US-IA;1926;p0p100;10043.734375;;10513949696.0;;
;US-IA;1926;p99p100;132119.015625;;;0.1315437108;0.1315437108
;US-IA;1926;p99.9p100;449745.5625;;;0.0447787158;0.0447787158
;US-IA;1926;p99.99p100;1399778.375;;;0.0139368307;0.0139368307
;US-IA;1926;p90p100;;;;0.3344504833;0.3344504833
;US-IA;1926;p90p91;33591.3203125;;;;
;US-IA;1926;p95p96;51825.6210938;;;;
;US-IA;1926;p95p100;;;;0.257999748;0.257999748
;US-IA;1926;p99.5p100;191890.90625;;;0.0955276638;0.0955276638
;US-IA;1925;p0p100;9644.86425781;;10059611136.0;;
;US-IA;1925;p99p100;131407.453125;;;0.1362460256;0.1362460256
;US-IA;1925;p99.9p100;470475.25;;;0.0487798713;0.0487798713
;US-IA;1925;p99.99p100;1619189.25;;;0.0167880971;0.0167880971
;US-IA;1925;p90p100;;;;0.3432317376;0.3432317376
;US-IA;1925;p90p91;33104.234375;;;;
;US-IA;1925;p95p96;51009.9882812;;;;
;US-IA;1925;p95p100;;;;0.2644411623;0.2644411623
;US-IA;1925;p99.5p100;193240.609375;;;0.1001779735;0.1001779735
;US-IA;1924;p0p100;11569.0693359;;12003169280.0;;
;US-IA;1924;p99p100;120786.539062;;;0.1044047177;0.1044047177
;US-IA;1924;p99.9p100;393375.34375;;;0.0340023339;0.0340023339
;US-IA;1924;p99.99p100;1048423.5;;;0.0090622976;0.0090622976
;US-IA;1924;p90p100;;;;0.3280796409;0.3280796409
;US-IA;1924;p90p91;37955.7617188;;;;
;US-IA;1924;p95p96;54638.9960938;;;;
;US-IA;1924;p95p100;;;;0.2361425757;0.2361425757
;US-IA;1924;p99.5p100;173044.171875;;;0.074787423;0.074787423
;US-IA;1923;p0p100;14266.2441406;;14661081088.0;;
;US-IA;1923;p99p100;116521.9375;;;0.0816766694;0.0816766694
;US-IA;1923;p99.9p100;371442.71875;;;0.0260364749;0.0260364749
;US-IA;1923;p99.99p100;1078327.0;;;0.0075585898;0.0075585898
;US-IA;1923;p90p100;;;;0.296626687;0.296626687
;US-IA;1923;p90p91;42317.4882812;;;;
;US-IA;1923;p95p96;56312.6210938;;;;
;US-IA;1923;p95p100;;;;0.1973631382;0.1973631382
;US-IA;1923;p99.5p100;166167.75;;;0.0582380816;0.0582380816
;US-IA;1922;p0p100;14768.0283203;;15061771264.0;;
;US-IA;1922;p99p100;116570.53125;;;0.0789343864;0.0789343864
;US-IA;1922;p99.9p100;363691.375;;;0.0246269386;0.0246269386
;US-IA;1922;p99.99p100;970632.875;;;0.0065725278;0.0065725278
;US-IA;1922;p90p100;;;;0.2928536832;0.2928536832
;US-IA;1922;p90p91;43248.7148438;;;;
;US-IA;1922;p95p96;56509.7382812;;;;
;US-IA;1922;p95p100;;;;0.1913245767;0.1913245767
;US-IA;1922;p99.5p100;165127.078125;;;0.055906944;0.055906944
;US-IA;1921;p0p100;12023.7333984;;12208720896.0;;
;US-IA;1921;p99p100;108730.460938;;;0.0904298574;0.0904298574
;US-IA;1921;p99.9p100;313191.0625;;;0.0260477383;0.0260477383
;US-IA;1921;p99.99p100;753688.3125;;;0.0062683383;0.0062683383
;US-IA;1921;p90p100;;;;0.3160714209;0.3160714209
;US-IA;1921;p90p91;38003.5859375;;;;
;US-IA;1921;p95p96;51874.5273438;;;;
;US-IA;1921;p95p100;;;;0.2157171965;0.2157171965
;US-IA;1921;p99.5p100;151726.59375;;;0.0630946234;0.0630946234
;US-IA;1920;p0p100;21477.3945312;;21590439936.0;;
;US-IA;1920;p99p100;156994.171875;;;0.0730974004;0.0730974004
;US-IA;1920;p99.9p100;364414.90625;;;0.0169673692;0.0169673692
;US-IA;1920;p99.99p100;757485.0;;;0.0035268944;0.0035268944
;US-IA;1920;p90p100;;;;0.2491500825;0.2491500825
;US-IA;1920;p90p91;53510.9492188;;;;
;US-IA;1920;p95p96;73693.4140625;;;;
;US-IA;1920;p95p100;;;;0.1715604067;0.1715604067
;US-IA;1920;p99.5p100;206849.78125;;;0.0481552295;0.0481552295
;US-IA;1919;p0p100;23612.5957031;;23375849472.0;;
;US-IA;1919;p99p100;160155.828125;;;0.0678264424;0.0678264424
;US-IA;1919;p99.9p100;417028.9375;;;0.0176612921;0.0176612921
;US-IA;1919;p99.99p100;950486.625;;;0.0040253378;0.0040253378
;US-IA;1919;p90p100;;;;0.2562100291;0.2562100291
;US-IA;1919;p90p91;60497.8320312;;;;
;US-IA;1919;p95p96;80056.2734375;;;;
;US-IA;1919;p95p100;;;;0.1695202738;0.1695202738
;US-IA;1919;p99.5p100;213751.328125;;;0.045262143;0.045262143
;US-IA;1918;p0p100;25210.6757812;;24721864704.0;;
;US-IA;1918;p99p100;156871.96875;;;0.0622244217;0.0622244217
;US-IA;1918;p99.9p100;419169.375;;;0.0166266616;0.0166266616
;US-IA;1918;p99.99p100;1033564.5625;;;0.0040997099;0.0040997099
;US-IA;1918;p90p100;;;;0.2501062751;0.2501062751
;US-IA;1918;p90p91;63053.4804688;;;;
;US-IA;1918;p95p96;82655.4140625;;;;
;US-IA;1918;p95p100;;;;0.1639293879;0.1639293879
;US-IA;1918;p99.5p100;208515.03125;;;0.0413545109;0.0413545109
;US-IA;1917;p0p100;23399.7402344;;23028674560.0;;
