Variable Name;.;.;.;Fiscal income  | tax unit | Average | Adults | constant 2015 local currency;Fiscal income  | tax unit | Threshold | Adults | constant 2015 local currency;Fiscal income  | tax unit | Total | Adults | constant 2015 local currency;Fiscal income  | tax unit | Share | Adults | share of total (ratio);Pre-tax national income  | tax unit | Share | Adults | share of total (ratio)
Variable Category;.;.;.;Income inequality;Income inequality;Income inequality;Income inequality;Income inequality
Variable Description;.;.;.;Average Fiscal income within a given percentile group. Fiscal income is defined as the sum of all income items reported on income tax returns, before any deduction. It includes labour income, capital income and mixed income. The concept of fiscal income varies with national tax legislations, so in order to make international comparisons it is preferable to use the concept of national income. The population is comprised of individuals over age 20. The base unit is the tax unit defined by national fiscal administrations to measure personal income taxes.;Fiscal income threshold value at a given percentile.  Fiscal income is defined as the sum of all income items reported on income tax returns, before any deduction. It includes labour income, capital income and mixed income. The concept of fiscal income varies with national tax legislations, so in order to make international comparisons it is preferable to use the concept of national income. The population is comprised of individuals over age 20. The base unit is the tax unit defined by national fiscal administrations to measure personal income taxes.;Total Fiscal income  within a given percentile group. Fiscal income is defined as the sum of all income items reported on income tax returns, before any deduction. It includes labour income, capital income and mixed income. The concept of fiscal income varies with national tax legislations, so in order to make international comparisons it is preferable to use the concept of national income. The population is comprised of individuals over age 20.;Fiscal income share held by a given percentile group. Fiscal income is defined as the sum of all income items reported on income tax returns, before any deduction. It includes labour income, capital income and mixed income. The concept of fiscal income varies with national tax legislations, so in order to make international comparisons it is preferable to use the concept of national income. The population is comprised of individuals over age 20. The base unit is the tax unit defined by national fiscal administrations to measure personal income taxes.;Pre-tax national income share held by a given percentile group. Pre-tax national income  is the sum of all pre-tax personal income flows accruing to the owners of the production factors, labor and capital, before taking into account the operation of the tax/transfer system, but after taking into account the operation of pension system. The central difference between personal factor income and pre-tax income is the treatment of pensions, which are counted on a contribution basis by factor income and on a distribution basis by pre-tax income. The population is comprised of individuals over age 20. The base unit is the tax unit defined by national fiscal administrations to measure personal income taxes.
Variable Decomposition;.;.;.;[Fiscal income ]=[Fiscal labour income ]+[Fiscal capital income ];[Fiscal income ]=[Fiscal labour income ]+[Fiscal capital income ];[Fiscal income ]=[Fiscal labour income ]+[Fiscal capital income ];[Fiscal income ]=[Fiscal labour income ]+[Fiscal capital income ];Pre-tax national income =Pre-tax labor income [total pre-tax income ranking]+Pre-tax capital income [total pre-tax income ranking]
Variable Unit;.;.;.;"USD; United States dollar | local currency | market";"USD; United States dollar | local currency | market";"USD; United States dollar | local currency | market";share;share
Methodological Notes;.;.;.;;;;;Assuming the same distribution as fiscal income.
Sources;.;.;.;Frank, Sommeiller, Price & Saez (2015);Frank, Sommeiller, Price & Saez (2015);Frank, Sommeiller, Price & Saez (2015);Frank, Sommeiller, Price & Saez (2015);WID.world computations using: Frank, Sommeiller, Price & Saez (2015)
Variable Code;country;year;perc;afiinc992t;tfiinc992t;mfiinc992t;sfiinc992t;sptinc992t
;US-LA;2014;p0p100;52268.4023438;;1.28126959616e+11;;
;US-LA;2014;p99p100;;330742.125;;0.1816845834;0.1816845834
;US-LA;2014;p99.9p100;;1448173.875;;0.0834261999;0.0834261999
;US-LA;2014;p99.99p100;;6821972.5;;0.0379353128;0.0379353128
;US-LA;2014;p90p100;;111193.992188;;0.4633894563;0.4633894563
;US-LA;2014;p90p91;245358.90625;;;;
;US-LA;2014;p95p96;357458.8125;;;;
;US-LA;2014;p90p95;133258.984375;111193.992188;;0.1244985983;0.1244985983
;US-LA;2014;p95p99;206762.90625;140885.328125;;0.1570600271;0.1570600271
;US-LA;2014;p99.5p99.9;783286.5625;520995.46875;;0.0597493276;0.0597493276
;US-LA;2014;p99.9p99.99;2603417.5;1448173.875;;0.0456435643;0.0456435643
;US-LA;2014;p99p99.5;407880.6875;330742.125;;0.0385557488;0.0385557488
;US-LA;2014;p95p100;;140885.328125;;0.3387088478;0.3387088478
;US-LA;2014;p0p90;30813.9003906;;;0.536557436;0.536557436
;US-LA;2014;p0p99;43096.9453125;;;0.8183153868;0.8183153868
;US-LA;2014;p99.5p100;;520995.46875;;0.1431264281;0.1431264281
;US-LA;2014;p99.5p99.6;1512604.375;;;;
;US-LA;2014;p99.99p99.991;20867996.0;;;;
;US-LA;2014;p99.9p99.91;4429875.5;;;;
;US-LA;2014;p99p99.1;960242.5;;;;
;US-LA;2013;p0p100;50745.0078125;;1.21455828992e+11;;
;US-LA;2013;p99p100;;339339.53125;;0.1743265539;0.1743265539
;US-LA;2013;p99.9p100;;1411293.375;;0.0732947811;0.0732947811
;US-LA;2013;p99.99p100;;5966460.0;;0.0305796266;0.0305796266
;US-LA;2013;p90p100;;112893.265625;;0.4633098841;0.4633098841
;US-LA;2013;p90p91;240129.671875;;;;
;US-LA;2013;p95p96;345015.96875;;;;
;US-LA;2013;p90p95;135243.390625;112893.265625;;0.1284083724;0.1284083724
;US-LA;2013;p95p99;206996.046875;142245.453125;;0.1602746993;0.1602746993
;US-LA;2013;p99.5p99.9;781850.4375;522150.1875;;0.0606084168;0.0606084168
;US-LA;2013;p99.9p99.99;2420867.5;1411293.375;;0.0428207703;0.0428207703
;US-LA;2013;p99p99.5;413807.8125;339339.53125;;0.0404381454;0.0404381454
;US-LA;2013;p95p100;;142245.453125;;0.3346375525;0.3346375525
;US-LA;2013;p0p90;29702.2675781;;;0.5368700027;0.5368700027
;US-LA;2013;p0p99;42196.0117188;;;0.825673461;0.825673461
;US-LA;2013;p99.5p100;;522150.1875;;0.1339163035;0.1339163035
;US-LA;2013;p99.5p99.6;1380383.375;;;;
;US-LA;2013;p99.99p99.991;15957345.0;;;;
;US-LA;2013;p99.9p99.91;3774515.25;;;;
;US-LA;2013;p99p99.1;897095.625;;;;
;US-LA;2012;p0p100;53094.3398438;;1.25432979456e+11;;
;US-LA;2012;p99p100;1001706.0;;;0.1886653006;0.1886653006
;US-LA;2012;p99.9p100;4368935.0;;;0.082286261;0.082286261
;US-LA;2012;p99.99p100;17953308.0;;;0.0338139758;0.0338139758
;US-LA;2012;p90p100;;;;0.4641633928;0.4641633928
;US-LA;2012;p90p91;246444.5;;;;
;US-LA;2012;p95p96;363644.1875;;;;
;US-LA;2012;p95p100;;;;0.3424509764;0.3424509764
;US-LA;2012;p99.5p100;1566962.75;;;0.1475640088;0.1475640088
;US-LA;2011;p0p100;51512.1992188;;1.17789630464e+11;;
;US-LA;2011;p99p100;756672.8125;;;0.1468919814;0.1468919814
;US-LA;2011;p99.9p100;2941893.25;;;0.0571106188;0.0571106188
;US-LA;2011;p99.99p100;11093568.0;;;0.0215358101;0.0215358101
;US-LA;2011;p90p100;;;;0.4131219089;0.4131219089
;US-LA;2011;p90p91;212808.171875;;;;
;US-LA;2011;p95p96;300004.65625;;;;
;US-LA;2011;p95p100;;;;0.2911976874;0.2911976874
;US-LA;2011;p99.5p100;1137512.0;;;0.1104119048;0.1104119048
;US-LA;2010;p0p100;53827.9492188;;1.17859975168e+11;;
;US-LA;2010;p99p100;883315.8125;;;0.1640998423;0.1640998423
;US-LA;2010;p99.9p100;3853652.25;;;0.0715920329;0.0715920329
;US-LA;2010;p99.99p100;16955600.0;;;0.0314996243;0.0314996243
;US-LA;2010;p90p100;;;;0.4275511503;0.4275511503
;US-LA;2010;p90p91;230142.0;;;;
;US-LA;2010;p95p96;332220.90625;;;;
;US-LA;2010;p95p100;;;;0.3085951805;0.3085951805
;US-LA;2010;p99.5p100;1367645.0;;;0.1270385534;0.1270385534
;US-LA;2009;p0p100;50721.3125;;1.12251559936e+11;;
;US-LA;2009;p99p100;818195.9375;;;0.1613120586;0.1613120586
;US-LA;2009;p99.9p100;3681140.5;;;0.072575815;0.072575815
;US-LA;2009;p99.99p100;16982628.0;;;0.0334822349;0.0334822349
;US-LA;2009;p90p100;;;;0.4310453534;0.4310453534
;US-LA;2009;p90p91;218631.859375;;;;
;US-LA;2009;p95p96;311856.75;;;;
;US-LA;2009;p95p100;;;;0.3074218035;0.3074218035
;US-LA;2009;p99.5p100;1271440.25;;;0.125335902;0.125335902
;US-LA;2008;p0p100;57055.6484375;;1.21774342144e+11;;
;US-LA;2008;p99p100;1351745.0;;;0.2369169593;0.2369169593
;US-LA;2008;p99.9p100;7410063.5;;;0.1298743188;0.1298743188
;US-LA;2008;p99.99p100;39600140.0;;;0.0694061667;0.0694061667
;US-LA;2008;p90p100;;;;0.5020375252;0.5020375252
;US-LA;2008;p90p91;286440.75;;;;
;US-LA;2008;p95p96;439847.65625;;;;
;US-LA;2008;p95p100;;;;0.3854549825;0.3854549825
;US-LA;2008;p99.5p100;2242870.75;;;0.1965511739;0.1965511739
;US-LA;2007;p0p100;59409.71875;;1.2627935232e+11;;
;US-LA;2007;p99p100;938000.0;;;0.1578866243;0.1578866243
;US-LA;2007;p99.9p100;4308955.0;;;0.072529465;0.072529465
;US-LA;2007;p99.99p100;18636770.0;;;0.0313699022;0.0313699022
;US-LA;2007;p90p100;;;;0.3934565783;0.3934565783
;US-LA;2007;p90p91;233751.4375;;;;
;US-LA;2007;p95p96;337609.15625;;;;
;US-LA;2007;p95p100;;;;0.2841362953;0.2841362953
;US-LA;2007;p99.5p100;1483220.25;;;0.1248297691;0.1248297691
;US-LA;2006;p0p100;54667.5273438;;1.14006884352e+11;;
;US-LA;2006;p99p100;1202547.625;;;0.2199747562;0.2199747562
;US-LA;2006;p99.9p100;6121650.5;;;0.111979641;0.111979641
;US-LA;2006;p99.99p100;28918992.0;;;0.0528997593;0.0528997593
;US-LA;2006;p90p100;;;;0.4826712012;0.4826712012
;US-LA;2006;p90p91;263864.4375;;;;
;US-LA;2006;p95p96;400590.4375;;;;
;US-LA;2006;p95p100;;;;0.3663878739;0.3663878739
;US-LA;2006;p99.5p100;1963192.625;;;0.1795574576;0.1795574576
;US-LA;2005;p0p100;48200.1835938;;1.06629316608e+11;;
;US-LA;2005;p99p100;849973.25;;;0.1763423234;0.1763423234
;US-LA;2005;p99.9p100;3957573.5;;;0.0821070224;0.0821070224
;US-LA;2005;p99.99p100;17164888.0;;;0.0356116667;0.0356116667
;US-LA;2005;p90p100;;;;0.4376466274;0.4376466274
;US-LA;2005;p90p91;210946.484375;;;;
;US-LA;2005;p95p96;313498.21875;;;;
;US-LA;2005;p95p100;;;;0.3252043724;0.3252043724
;US-LA;2005;p99.5p100;1348218.375;;;0.1398561448;0.1398561448
;US-LA;2004;p0p100;46083.0546875;;1.01192114176e+11;;
;US-LA;2004;p99p100;649519.5625;;;0.1409454197;0.1409454197
;US-LA;2004;p99.9p100;2635884.25;;;0.0571985543;0.0571985543
;US-LA;2004;p99.99p100;10240993.0;;;0.0222229045;0.0222229045
;US-LA;2004;p90p100;;;;0.4062619209;0.4062619209
;US-LA;2004;p90p91;187217.90625;;;;
;US-LA;2004;p95p96;268604.9375;;;;
;US-LA;2004;p95p100;;;;0.2914356887;0.2914356887
;US-LA;2004;p99.5p100;984756.1875;;;0.1068458036;0.1068458036
;US-LA;2003;p0p100;44662.109375;;96533700608.0;;
;US-LA;2003;p99p100;617525.125;;;0.1382660121;0.1382660121
;US-LA;2003;p99.9p100;2408264.0;;;0.0539218597;0.0539218597
;US-LA;2003;p99.99p100;9288420.0;;;0.0207970925;0.0207970925
;US-LA;2003;p90p100;;;;0.4108587205;0.4108587205
;US-LA;2003;p90p91;183498.171875;;;;
;US-LA;2003;p95p96;258510.140625;;;;
;US-LA;2003;p95p100;;;;0.289406538;0.289406538
;US-LA;2003;p99.5p100;923382.1875;;;0.1033742279;0.1033742279
;US-LA;2002;p0p100;45889.3515625;;95035629568.0;;
;US-LA;2002;p99p100;649556.3125;;;0.1415483505;0.1415483505
;US-LA;2002;p99.9p100;2557665.25;;;0.05573548;0.05573548
;US-LA;2002;p99.99p100;9902679.0;;;0.0215794686;0.0215794686
;US-LA;2002;p90p100;;;;0.4125799537;0.4125799537
;US-LA;2002;p90p91;189330.296875;;;;
;US-LA;2002;p95p96;268021.625;;;;
;US-LA;2002;p95p100;;;;0.2920302451;0.2920302451
;US-LA;2002;p99.5p100;974459.9375;;;0.1061749384;0.1061749384
;US-LA;2001;p0p100;46738.4609375;;97089150976.0;;
;US-LA;2001;p99p100;692115.875;;;0.1480827332;0.1480827332
;US-LA;2001;p99.9p100;2646233.5;;;0.056617897;0.056617897
;US-LA;2001;p99.99p100;9656042.0;;;0.0206597354;0.0206597354
;US-LA;2001;p90p100;;;;0.4161421359;0.4161421359
;US-LA;2001;p90p91;194498.421875;;;;
;US-LA;2001;p95p96;278216.46875;;;;
;US-LA;2001;p95p100;;;;0.2976312041;0.2976312041
;US-LA;2001;p99.5p100;1034306.4375;;;0.1106483266;0.1106483266
;US-LA;2000;p0p100;49191.859375;;1.0108145664e+11;;
;US-LA;2000;p99p100;755205.3125;;;0.1535224169;0.1535224169
;US-LA;2000;p99.9p100;2965824.25;;;0.060290955;0.060290955
;US-LA;2000;p99.99p100;10519249.0;;;0.0213841274;0.0213841274
;US-LA;2000;p90p100;;;;0.4153908789;0.4153908789
;US-LA;2000;p90p91;204338.5;;;;
;US-LA;2000;p95p96;296367.0625;;;;
;US-LA;2000;p95p100;;;;0.3012358844;0.3012358844
;US-LA;2000;p99.5p100;1141393.5;;;0.1160144657;0.1160144657
;US-LA;1999;p0p100;47488.3242188;;98556264448.0;;
;US-LA;1999;p99p100;714112.9375;;;0.1503765285;0.1503765285
;US-LA;1999;p99.9p100;2697349.25;;;0.0568002649;0.0568002649
;US-LA;1999;p99.99p100;9036576.0;;;0.0190290492;0.0190290492
;US-LA;1999;p90p100;;;;0.4193506837;0.4193506837
;US-LA;1999;p90p91;199142.609375;;;;
;US-LA;1999;p95p96;286313.25;;;;
;US-LA;1999;p95p100;;;;0.3014564812;0.3014564812
;US-LA;1999;p99.5p100;1068668.5;;;0.112519078;0.112519078
;US-LA;1998;p0p100;45785.7304688;;95684902912.0;;
;US-LA;1998;p99p100;728295.0625;;;0.1590659469;0.1590659469
;US-LA;1998;p99.9p100;2895177.25;;;0.0632331744;0.0632331744
;US-LA;1998;p99.99p100;10549225.0;;;0.0230404213;0.0230404213
;US-LA;1998;p90p100;;;;0.4291662872;0.4291662872
;US-LA;1998;p90p91;196496.921875;;;;
;US-LA;1998;p95p96;283601.34375;;;;
;US-LA;1998;p95p100;;;;0.3097049594;0.3097049594
;US-LA;1998;p99.5p100;1107125.625;;;0.1209029183;0.1209029183
;US-LA;1997;p0p100;44056.4023438;;90473897984.0;;
;US-LA;1997;p99p100;720086.4375;;;0.163446486;0.163446486
;US-LA;1997;p99.9p100;2993268.0;;;0.0679417253;0.0679417253
;US-LA;1997;p99.99p100;12062588.0;;;0.0273798741;0.0273798741
;US-LA;1997;p90p100;;;;0.4362052679;0.4362052679
;US-LA;1997;p90p91;192176.359375;;;;
;US-LA;1997;p95p96;277700.375;;;;
;US-LA;1997;p95p100;;;;0.3151645958;0.3151645958
;US-LA;1997;p99.5p100;1099589.0;;;0.1247933209;0.1247933209
;US-LA;1996;p0p100;41040.9765625;;84769095680.0;;
;US-LA;1996;p99p100;633626.9375;;;0.1543888599;0.1543888599
;US-LA;1996;p99.9p100;2576610.5;;;0.0627814159;0.0627814159
;US-LA;1996;p99.99p100;10200056.0;;;0.0248533469;0.0248533469
;US-LA;1996;p90p100;;;;0.4317911863;0.4317911863
;US-LA;1996;p90p91;177211.3125;;;;
;US-LA;1996;p95p96;253568.625;;;;
;US-LA;1996;p95p100;;;;0.3089212775;0.3089212775
;US-LA;1996;p99.5p100;961253.875;;;0.1171090454;0.1171090454
;US-LA;1995;p0p100;40382.1132812;;80821911552.0;;
;US-LA;1995;p99p100;549621.4375;;;0.1361051649;0.1361051649
;US-LA;1995;p99.9p100;2015980.875;;;0.0499226153;0.0499226153
;US-LA;1995;p99.99p100;7203838.0;;;0.0178391803;0.0178391803
;US-LA;1995;p90p100;;;;0.4128853083;0.4128853083
;US-LA;1995;p90p91;166731.8125;;;;
;US-LA;1995;p95p96;232562.046875;;;;
;US-LA;1995;p95p100;;;;0.2879517972;0.2879517972
;US-LA;1995;p99.5p100;808897.6875;;;0.1001554355;0.1001554355
;US-LA;1994;p0p100;39131.7890625;;77077241856.0;;
;US-LA;1994;p99p100;517869.75;;;0.1323399097;0.1323399097
;US-LA;1994;p99.9p100;1913338.125;;;0.0488947257;0.0488947257
;US-LA;1994;p99.99p100;7095814.0;;;0.0181331206;0.0181331206
;US-LA;1994;p90p100;;;;0.4055191576;0.4055191576
;US-LA;1994;p90p91;158686.90625;;;;
;US-LA;1994;p95p96;220491.46875;;;;
;US-LA;1994;p95p100;;;;0.2817293406;0.2817293406
;US-LA;1994;p99.5p100;762286.5;;;0.0973998979;0.0973998979
;US-LA;1993;p0p100;38093.1757812;;74828177408.0;;
;US-LA;1993;p99p100;500648.53125;;;0.1314273477;0.1314273477
;US-LA;1993;p99.9p100;1837198.75;;;0.048229076;0.048229076
;US-LA;1993;p99.99p100;6774841.5;;;0.0177849196;0.0177849196
;US-LA;1993;p90p100;;;;0.404923439;0.404923439
;US-LA;1993;p90p91;154248.203125;;;;
;US-LA;1993;p95p96;213955.109375;;;;
;US-LA;1993;p95p100;;;;0.2808312476;0.2808312476
;US-LA;1993;p99.5p100;737126.1875;;;0.0967530385;0.0967530385
;US-LA;1992;p0p100;38754.8554688;;74790322176.0;;
;US-LA;1992;p99p100;508168.03125;;;0.1311237067;0.1311237067
;US-LA;1992;p99.9p100;1848291.375;;;0.047691863;0.047691863
;US-LA;1992;p99.99p100;6677534.5;;;0.0172301885;0.0172301885
;US-LA;1992;p90p100;;;;0.4007903636;0.4007903636
;US-LA;1992;p90p91;155325.71875;;;;
;US-LA;1992;p95p96;214104.90625;;;;
;US-LA;1992;p95p100;;;;0.276229769;0.276229769
;US-LA;1992;p99.5p100;747733.25;;;0.0964696184;0.0964696184
;US-LA;1991;p0p100;38343.703125;;73133719552.0;;
;US-LA;1991;p99p100;480868.21875;;;0.1254099458;0.1254099458
;US-LA;1991;p99.9p100;1706013.75;;;0.0444926731;0.0444926731
;US-LA;1991;p99.99p100;6030408.0;;;0.0157272443;0.0157272443
;US-LA;1991;p90p100;;;;0.3962955475;0.3962955475
;US-LA;1991;p90p91;151954.390625;;;;
;US-LA;1991;p95p96;206542.296875;;;;
;US-LA;1991;p95p100;;;;0.2693301439;0.2693301439
;US-LA;1991;p99.5p100;702185.0;;;0.0915645733;0.0915645733
;US-LA;1990;p0p100;39439.1328125;;73421463552.0;;
;US-LA;1990;p99p100;498177.5;;;0.1263155341;0.1263155341
;US-LA;1990;p99.9p100;1789037.375;;;0.0453619845;0.0453619845
;US-LA;1990;p99.99p100;6332616.5;;;0.0160566829;0.0160566829
;US-LA;1990;p90p100;;;;0.3875148892;0.3875148892
;US-LA;1990;p90p91;152832.5;;;;
;US-LA;1990;p95p96;209078.265625;;;;
;US-LA;1990;p95p100;;;;0.2650645077;0.2650645077
;US-LA;1990;p99.5p100;733117.4375;;;0.0929428935;0.0929428935
;US-LA;1989;p0p100;37190.8632812;;71444422656.0;;
;US-LA;1989;p99p100;487772.75;;;0.1311539114;0.1311539114
;US-LA;1989;p99.9p100;1856942.25;;;0.0499300659;0.0499300659
;US-LA;1989;p99.99p100;6984284.0;;;0.0187795702;0.0187795702
;US-LA;1989;p90p100;;;;0.3947851062;0.3947851062
;US-LA;1989;p90p91;146823.984375;;;;
;US-LA;1989;p95p96;203899.71875;;;;
;US-LA;1989;p95p100;;;;0.2741260827;0.2741260827
;US-LA;1989;p99.5p100;727404.625;;;0.0977934524;0.0977934524
;US-LA;1988;p0p100;36899.5546875;;71662223360.0;;
;US-LA;1988;p99p100;492458.8125;;;0.1334592849;0.1334592849
;US-LA;1988;p99.9p100;1918034.625;;;0.0519798845;0.0519798845
;US-LA;1988;p99.99p100;7167210.0;;;0.0194235668;0.0194235668
;US-LA;1988;p90p100;;;;0.3943233788;0.3943233788
;US-LA;1988;p90p91;145503.578125;;;;
;US-LA;1988;p95p96;202387.015625;;;;
;US-LA;1988;p95p100;;;;0.2742404342;0.2742404342
;US-LA;1988;p99.5p100;741541.8125;;;0.1004811302;0.1004811302
;US-LA;1987;p0p100;35182.6875;;68627587072.0;;
;US-LA;1987;p99p100;410621.25;;;0.116711162;0.116711162
;US-LA;1987;p99.9p100;1450177.0;;;0.041218482;0.041218482
;US-LA;1987;p99.99p100;5154909.5;;;0.014651835;0.014651835
;US-LA;1987;p90p100;;;;0.3861989975;0.3861989975
;US-LA;1987;p90p91;135875.1875;;;;
;US-LA;1987;p95p96;183460.203125;;;;
;US-LA;1987;p95p100;;;;0.2607251108;0.2607251108
;US-LA;1987;p99.5p100;596204.0;;;0.0847297385;0.0847297385
;US-LA;1986;p0p100;38571.28125;;74526662656.0;;
;US-LA;1986;p99p100;581693.0;;;0.1508098692;0.1508098692
;US-LA;1986;p99.9p100;2555094.25;;;0.0662434399;0.0662434399
;US-LA;1986;p99.99p100;10907919.0;;;0.028279895;0.028279895
;US-LA;1986;p90p100;;;;0.4088065922;0.4088065922
;US-LA;1986;p90p91;157681.953125;;;;
;US-LA;1986;p95p96;224692.140625;;;;
;US-LA;1986;p95p100;;;;0.2912686765;0.2912686765
;US-LA;1986;p99.5p100;906597.5;;;0.1175223365;0.1175223365
;US-LA;1985;p0p100;36072.25;;68471681024.0;;
;US-LA;1985;p99p100;422498.75;;;0.1171256974;0.1171256974
;US-LA;1985;p99.9p100;1639295.0;;;0.0454447642;0.0454447642
;US-LA;1985;p99.99p100;6203356.5;;;0.0171970315;0.0171970315
;US-LA;1985;p90p100;;;;0.3817689419;0.3817689419
;US-LA;1985;p90p91;137712.640625;;;;
;US-LA;1985;p95p96;185817.96875;;;;
;US-LA;1985;p95p100;;;;0.257563591;0.257563591
;US-LA;1985;p99.5p100;631650.5;;;0.0875535235;0.0875535235
;US-LA;1984;p0p100;35021.8242188;;65337630720.0;;
;US-LA;1984;p99p100;421764.96875;;;0.1204291806;0.1204291806
;US-LA;1984;p99.9p100;1689300.5;;;0.0482356511;0.0482356511
;US-LA;1984;p99.99p100;6971020.5;;;0.0199047904;0.0199047904
;US-LA;1984;p90p100;;;;0.3840334117;0.3840334117
;US-LA;1984;p90p91;134495.5;;;;
;US-LA;1984;p95p96;182785.015625;;;;
;US-LA;1984;p95p100;;;;0.2609587014;0.2609587014
;US-LA;1984;p99.5p100;633301.25;;;0.0904152244;0.0904152244
;US-LA;1983;p0p100;33662.8164062;;61742010368.0;;
;US-LA;1983;p99p100;424049.90625;;;0.1259698272;0.1259698272
;US-LA;1983;p99.9p100;1709851.5;;;0.0507934801;0.0507934801
;US-LA;1983;p99.99p100;6983443.0;;;0.0207452737;0.0207452737
;US-LA;1983;p90p100;;;;0.3892356455;0.3892356455
;US-LA;1983;p90p91;131027.671875;;;;
;US-LA;1983;p95p96;180641.40625;;;;
;US-LA;1983;p95p100;;;;0.2683100104;0.2683100104
;US-LA;1983;p99.5p100;639933.8125;;;0.095050551;0.095050551
;US-LA;1982;p0p100;38931.125;;72542257152.0;;
;US-LA;1982;p99p100;466438.21875;;;0.11981114;0.11981114
;US-LA;1982;p99.9p100;1804163.75;;;0.0463424511;0.0463424511
;US-LA;1982;p99.99p100;7490945.5;;;0.0192415342;0.0192415342
;US-LA;1982;p90p100;;;;0.3801887035;0.3801887035
;US-LA;1982;p90p91;148011.734375;;;;
;US-LA;1982;p95p96;200964.46875;;;;
;US-LA;1982;p95p100;;;;0.2581025958;0.2581025958
;US-LA;1982;p99.5p100;688267.5;;;0.0883955285;0.0883955285
;US-LA;1981;p0p100;41444.0;;72704966656.0;;
;US-LA;1981;p99p100;454666.71875;;;0.1097062826;0.1097062826
;US-LA;1981;p99.9p100;1575729.25;;;0.0380206816;0.0380206816
;US-LA;1981;p99.99p100;4990517.5;;;0.012041592;0.012041592
;US-LA;1981;p90p100;;;;0.3578635752;0.3578635752
;US-LA;1981;p90p91;148312.984375;;;;
;US-LA;1981;p95p96;199852.921875;;;;
;US-LA;1981;p95p100;;;;0.2411119938;0.2411119938
;US-LA;1981;p99.5p100;658900.1875;;;0.0794928372;0.0794928372
;US-LA;1980;p0p100;41222.3945312;;69543526400.0;;
;US-LA;1980;p99p100;457515.21875;;;0.1109870523;0.1109870523
;US-LA;1980;p99.9p100;1498383.125;;;0.0363487676;0.0363487676
;US-LA;1980;p99.99p100;4921934.5;;;0.011939954;0.011939954
;US-LA;1980;p90p100;;;;0.3619228005;0.3619228005
;US-LA;1980;p90p91;149193.25;;;;
;US-LA;1980;p95p96;202450.796875;;;;
;US-LA;1980;p95p100;;;;0.2455592453;0.2455592453
;US-LA;1980;p99.5p100;652965.75;;;0.0792003721;0.0792003721
;US-LA;1979;p0p100;39344.3945312;;66323070976.0;;
;US-LA;1979;p99p100;423725.71875;;;0.1076965854;0.1076965854
;US-LA;1979;p99.9p100;1391579.0;;;0.0353691801;0.0353691801
;US-LA;1979;p99.99p100;4944145.0;;;0.0125663262;0.0125663262
;US-LA;1979;p90p100;;;;0.3591331542;0.3591331542
;US-LA;1979;p90p91;141298.78125;;;;
;US-LA;1979;p95p96;188098.3125;;;;
;US-LA;1979;p95p100;;;;0.239040792;0.239040792
;US-LA;1979;p99.5p100;596055.625;;;0.0757484734;0.0757484734
;US-LA;1978;p0p100;38635.6757812;;62303985664.0;;
;US-LA;1978;p99p100;386453.96875;;;0.1000251621;0.1000251621
;US-LA;1978;p99.9p100;1117508.375;;;0.0289242622;0.0289242622
;US-LA;1978;p99.99p100;3183617.0;;;0.0082400963;0.0082400963
;US-LA;1978;p90p100;;;;0.3525357246;0.3525357246
;US-LA;1978;p90p91;136204.546875;;;;
;US-LA;1978;p95p96;183858.578125;;;;
;US-LA;1978;p95p100;;;;0.237938866;0.237938866
;US-LA;1978;p99.5p100;530478.625;;;0.068651408;0.068651408
;US-LA;1977;p0p100;37012.2304688;;58204180480.0;;
;US-LA;1977;p99p100;382292.3125;;;0.1032880992;0.1032880992
;US-LA;1977;p99.9p100;1124207.75;;;0.0303739514;0.0303739514
;US-LA;1977;p99.99p100;3599798.25;;;0.0097259684;0.0097259684
;US-LA;1977;p90p100;;;;0.3598194122;0.3598194122
;US-LA;1977;p90p91;133177.203125;;;;
;US-LA;1977;p95p96;178318.953125;;;;
;US-LA;1977;p95p100;;;;0.2408919036;0.2408919036
;US-LA;1977;p99.5p100;525860.8125;;;0.07103879;0.07103879
;US-LA;1976;p0p100;36269.9296875;;55655014400.0;;
;US-LA;1976;p99p100;358367.46875;;;0.0988056585;0.0988056585
;US-LA;1976;p99.9p100;1000521.875;;;0.0275854357;0.0275854357
;US-LA;1976;p99.99p100;2812234.75;;;0.0077536246;0.0077536246
;US-LA;1976;p90p100;;;;0.3585311174;0.3585311174
;US-LA;1976;p90p91;130038.992188;;;;
;US-LA;1976;p95p96;171574.28125;;;;
;US-LA;1976;p95p100;;;;0.2365241051;0.2365241051
;US-LA;1976;p99.5p100;485482.90625;;;0.0669263601;0.0669263601
;US-LA;1975;p0p100;34161.046875;;51181572096.0;;
;US-LA;1975;p99p100;344780.71875;;;0.1009280309;0.1009280309
;US-LA;1975;p99.9p100;1007599.8125;;;0.0294955783;0.0294955783
;US-LA;1975;p99.99p100;3074082.5;;;0.0089987945;0.0089987945
;US-LA;1975;p90p100;;;;0.3603786826;0.3603786826
;US-LA;1975;p90p91;123109.125;;;;
;US-LA;1975;p95p96;164792.609375;;;;
;US-LA;1975;p95p100;;;;0.2411995679;0.2411995679
;US-LA;1975;p99.5p100;483743.96875;;;0.0708034486;0.0708034486
;US-LA;1974;p0p100;34973.3085938;;51147132928.0;;
;US-LA;1974;p99p100;350548.90625;;;0.1002332643;0.1002332643
;US-LA;1974;p99.9p100;1068475.25;;;0.0305511616;0.0305511616
;US-LA;1974;p99.99p100;3505222.25;;;0.0100225639;0.0100225639
;US-LA;1974;p90p100;;;;0.3590478301;0.3590478301
;US-LA;1974;p90p91;125570.914062;;;;
;US-LA;1974;p95p96;167725.1875;;;;
;US-LA;1974;p95p100;;;;0.2397902608;0.2397902608
;US-LA;1974;p99.5p100;487486.0625;;;0.0696940124;0.0696940124
;US-LA;1973;p0p100;34477.9414062;;49257717760.0;;
;US-LA;1973;p99p100;355462.40625;;;0.1030985117;0.1030985117
;US-LA;1973;p99.9p100;997270.4375;;;0.0289248843;0.0289248843
;US-LA;1973;p99.99p100;2803544.0;;;0.0081314137;0.0081314137
;US-LA;1973;p90p100;;;;0.3544608057;0.3544608057
;US-LA;1973;p90p91;122210.78125;;;;
;US-LA;1973;p95p96;163620.40625;;;;
;US-LA;1973;p95p100;;;;0.237282753;0.237282753
;US-LA;1973;p99.5p100;490927.90625;;;0.0711944923;0.0711944923
;US-LA;1972;p0p100;33839.9375;;47213395968.0;;
;US-LA;1972;p99p100;358231.0;;;0.1058604121;0.1058604121
;US-LA;1972;p99.9p100;1117007.25;;;0.0330085494;0.0330085494
;US-LA;1972;p99.99p100;3912819.25;;;0.0115627265;0.0115627265
;US-LA;1972;p90p100;;;;0.3586984873;0.3586984873
;US-LA;1972;p90p91;121383.34375;;;;
;US-LA;1972;p95p96;163597.78125;;;;
;US-LA;1972;p95p100;;;;0.2417229414;0.2417229414
;US-LA;1972;p99.5p100;499428.0625;;;0.0737927034;0.0737927034
;US-LA;1971;p0p100;32822.8984375;;44672454656.0;;
;US-LA;1971;p99p100;336723.71875;;;0.1025880501;0.1025880501
;US-LA;1971;p99.9p100;1011436.25;;;0.0308149569;0.0308149569
;US-LA;1971;p99.99p100;3181540.25;;;0.0096930508;0.0096930508
;US-LA;1971;p90p100;;;;0.358592391;0.358592391
;US-LA;1971;p90p91;117700.421875;;;;
;US-LA;1971;p95p96;157343.484375;;;;
;US-LA;1971;p95p100;;;;0.2396855354;0.2396855354
;US-LA;1971;p99.5p100;465704.875;;;0.0709420666;0.0709420666
;US-LA;1970;p0p100;32453.2050781;;43006722048.0;;
;US-LA;1970;p99p100;311462.96875;;;0.0959729403;0.0959729403
;US-LA;1970;p99.9p100;910033.0;;;0.0280413888;0.0280413888
;US-LA;1970;p99.99p100;2881933.5;;;0.0088802734;0.0088802734
;US-LA;1970;p90p100;;;;0.3436689377;0.3436689377
;US-LA;1970;p90p91;111531.585938;;;;
;US-LA;1970;p95p96;148387.46875;;;;
;US-LA;1970;p95p100;;;;0.2286175638;0.2286175638
;US-LA;1970;p99.5p100;434911.25;;;0.0670058951;0.0670058951
;US-LA;1969;p0p100;32750.9453125;;42862501888.0;;
;US-LA;1969;p99p100;351279.84375;;;0.107257925;0.107257925
;US-LA;1969;p99.9p100;1109908.0;;;0.0338893458;0.0338893458
;US-LA;1969;p99.99p100;4027538.5;;;0.0122974738;0.0122974738
;US-LA;1969;p90p100;;;;0.3564460874;0.3564460874
;US-LA;1969;p90p91;116739.445312;;;;
;US-LA;1969;p95p96;157909.0625;;;;
;US-LA;1969;p95p100;;;;0.2410755903;0.2410755903
;US-LA;1969;p99.5p100;495479.1875;;;0.0756435022;0.0756435022
;US-LA;1968;p0p100;33858.359375;;43842334720.0;;
;US-LA;1968;p99p100;358629.125;;;0.1059204191;0.1059204191
;US-LA;1968;p99.9p100;1156971.875;;;0.0341709368;0.0341709368
;US-LA;1968;p99.99p100;4061193.75;;;0.0119946562;0.0119946562
;US-LA;1968;p90p100;;;;0.3494551778;0.3494551778
;US-LA;1968;p90p91;118319.78125;;;;
;US-LA;1968;p95p96;161871.578125;;;;
;US-LA;1968;p95p100;;;;0.2390422821;0.2390422821
;US-LA;1968;p99.5p100;521716.53125;;;0.0770439804;0.0770439804
;US-LA;1967;p0p100;32407.4277344;;41508515840.0;;
;US-LA;1967;p99p100;352771.90625;;;0.1088552624;0.1088552624
;US-LA;1967;p99.9p100;1071818.375;;;0.0330732353;0.0330732353
;US-LA;1967;p99.99p100;3496916.75;;;0.0107904803;0.0107904803
;US-LA;1967;p90p100;;;;0.3592743278;0.3592743278
;US-LA;1967;p90p91;116431.5625;;;;
;US-LA;1967;p95p96;157716.328125;;;;
;US-LA;1967;p95p100;;;;0.2433336228;0.2433336228
;US-LA;1967;p99.5p100;489309.4375;;;0.0754934177;0.0754934177
;US-LA;1966;p0p100;30431.8417969;;38519164928.0;;
;US-LA;1966;p99p100;339892.21875;;;0.1116896644;0.1116896644
;US-LA;1966;p99.9p100;1064011.25;;;0.0349637493;0.0349637493
;US-LA;1966;p99.99p100;3582405.0;;;0.0117718978;0.0117718978
;US-LA;1966;p90p100;;;;0.369751215;0.369751215
;US-LA;1966;p90p91;112522.101562;;;;
;US-LA;1966;p95p96;152581.046875;;;;
;US-LA;1966;p95p100;;;;0.2506930828;0.2506930828
;US-LA;1966;p99.5p100;474564.1875;;;0.0779716522;0.0779716522
;US-LA;1965;p0p100;28585.203125;;35730649088.0;;
;US-LA;1965;p99p100;333106.90625;;;0.116531238;0.116531238
;US-LA;1965;p99.9p100;1036187.3125;;;0.0362490825;0.0362490825
;US-LA;1965;p99.99p100;3127408.75;;;0.0109406561;0.0109406561
;US-LA;1965;p90p100;;;;0.3762554526;0.3762554526
;US-LA;1965;p90p91;107553.375;;;;
;US-LA;1965;p95p96;146472.25;;;;
;US-LA;1965;p95p100;;;;0.2562029362;0.2562029362
;US-LA;1965;p99.5p100;472748.40625;;;0.0826911107;0.0826911107
;US-LA;1964;p0p100;27210.1796875;;33554597888.0;;
;US-LA;1964;p99p100;301177.59375;;;0.1106856242;0.1106856242
;US-LA;1964;p99.9p100;867535.0625;;;0.0318827368;0.0318827368
;US-LA;1964;p99.99p100;3047478.5;;;0.0111997733;0.0111997733
;US-LA;1964;p90p100;;;;0.3699697554;0.3699697554
;US-LA;1964;p90p91;100669.445312;;;;
;US-LA;1964;p95p96;136264.453125;;;;
;US-LA;1964;p95p100;;;;0.250392437;0.250392437
;US-LA;1964;p99.5p100;419315.65625;;;0.0770512447;0.0770512447
;US-LA;1963;p0p100;25864.59375;;31421571072.0;;
;US-LA;1963;p99p100;267095.375;;;0.1032667905;0.1032667905
;US-LA;1963;p99.9p100;777265.625;;;0.0300513376;0.0300513376
;US-LA;1963;p99.99p100;2053310.375;;;0.0079386914;0.0079386914
;US-LA;1963;p90p100;;;;0.3615298271;0.3615298271
;US-LA;1963;p90p91;93508.21875;;;;
;US-LA;1963;p95p96;126024.007812;;;;
;US-LA;1963;p95p100;;;;0.2436226457;0.2436226457
;US-LA;1963;p99.5p100;369751.34375;;;0.0714782849;0.0714782849
;US-LA;1962;p0p100;24678.3164062;;29519230976.0;;
;US-LA;1962;p99p100;262434.34375;;;0.1063420773;0.1063420773
;US-LA;1962;p99.9p100;828158.0;;;0.0335581228;0.0335581228
;US-LA;1962;p99.99p100;2684444.25;;;0.0108777443;0.0108777443
;US-LA;1962;p90p100;;;;0.3638600409;0.3638600409
;US-LA;1962;p90p91;89794.5390625;;;;
;US-LA;1962;p95p96;121882.007812;;;;
;US-LA;1962;p95p100;;;;0.2469415069;0.2469415069
;US-LA;1962;p99.5p100;371536.5;;;0.0752759054;0.0752759054
;US-LA;1961;p0p100;24379.3359375;;28683677696.0;;
;US-LA;1961;p99p100;261453.984375;;;0.1072440818;0.1072440818
;US-LA;1961;p99.9p100;787202.9375;;;0.0322897583;0.0322897583
;US-LA;1961;p99.99p100;2353428.0;;;0.0096533718;0.0096533718
;US-LA;1961;p90p100;;;;0.3637064993;0.3637064993
;US-LA;1961;p90p91;88669.234375;;;;
;US-LA;1961;p95p96;120179.617188;;;;
;US-LA;1961;p95p100;;;;0.2464784235;0.2464784235
;US-LA;1961;p99.5p100;370128.03125;;;0.0759101883;0.0759101883
;US-LA;1960;p0p100;23886.03125;;27608412160.0;;
;US-LA;1960;p99p100;259967.265625;;;0.1088365316;0.1088365316
;US-LA;1960;p99.9p100;762167.25;;;0.0319084935;0.0319084935
;US-LA;1960;p99.99p100;2382901.5;;;0.009976129;0.009976129
;US-LA;1960;p90p100;;;;0.3630023897;0.3630023897
;US-LA;1960;p90p91;86706.8671875;;;;
;US-LA;1960;p95p96;118957.367188;;;;
;US-LA;1960;p95p100;;;;0.2490103245;0.2490103245
;US-LA;1960;p99.5p100;362913.03125;;;0.0759676248;0.0759676248
;US-LA;1959;p0p100;24351.6875;;27950192640.0;;
;US-LA;1959;p99p100;313162.5625;;;0.1285999566;0.1285999566
;US-LA;1959;p99.9p100;926658.9375;;;0.0380531736;0.0380531736
;US-LA;1959;p99.99p100;2427192.25;;;0.0099672452;0.0099672452
;US-LA;1959;p90p100;;;;0.3833984733;0.3833984733
;US-LA;1959;p90p91;93364.0;;;;
;US-LA;1959;p95p96;131755.515625;;;;
;US-LA;1959;p95p100;;;;0.2705264688;0.2705264688
;US-LA;1959;p99.5p100;458071.03125;;;0.0940532461;0.0940532461
;US-LA;1958;p0p100;23376.1914062;;26614013952.0;;
;US-LA;1958;p99p100;239605.90625;;;0.1024999768;0.1024999768
;US-LA;1958;p99.9p100;720322.8125;;;0.0308143776;0.0308143776
;US-LA;1958;p99.99p100;1896262.0;;;0.008111937;0.008111937
;US-LA;1958;p90p100;;;;0.3497450948;0.3497450948
;US-LA;1958;p90p91;81757.0859375;;;;
;US-LA;1958;p95p96;110615.6875;;;;
;US-LA;1958;p95p100;;;;0.2365990281;0.2365990281
;US-LA;1958;p99.5p100;337125.4375;;;0.0721087158;0.0721087158
;US-LA;1957;p0p100;23862.2089844;;26942009344.0;;
;US-LA;1957;p99p100;254381.765625;;;0.1066044495;0.1066044495
;US-LA;1957;p99.9p100;748731.4375;;;0.0313772894;0.0313772894
;US-LA;1957;p99.99p100;2143248.75;;;0.0089817699;0.0089817699
;US-LA;1957;p90p100;;;;0.356028229;0.356028229
;US-LA;1957;p90p91;84956.203125;;;;
;US-LA;1957;p95p96;115694.921875;;;;
;US-LA;1957;p95p100;;;;0.2424228936;0.2424228936
;US-LA;1957;p99.5p100;355854.84375;;;0.074564524;0.074564524
;US-LA;1956;p0p100;22825.3671875;;25516812288.0;;
;US-LA;1956;p99p100;266400.625;;;0.1167125106;0.1167125106
;US-LA;1956;p99.9p100;852619.6875;;;0.0373540372;0.0373540372
;US-LA;1956;p99.99p100;2616627.0;;;0.0114636803;0.0114636803
;US-LA;1956;p90p100;;;;0.3610839844;0.3610839844
;US-LA;1956;p90p91;82418.7421875;;;;
;US-LA;1956;p95p96;115272.203125;;;;
;US-LA;1956;p95p100;;;;0.2525089979;0.2525089979
;US-LA;1956;p99.5p100;387715.09375;;;0.0849307403;0.0849307403
;US-LA;1955;p0p100;21498.7109375;;23798790144.0;;
;US-LA;1955;p99p100;259415.421875;;;0.1206655726;0.1206655726
;US-LA;1955;p99.9p100;787955.4375;;;0.036651291;0.036651291
;US-LA;1955;p99.99p100;2153031.75;;;0.0100147026;0.0100147026
;US-LA;1955;p90p100;;;;0.3711152375;0.3711152375
;US-LA;1955;p90p91;79784.9921875;;;;
;US-LA;1955;p95p96;111638.820312;;;;
;US-LA;1955;p95p100;;;;0.2596407235;0.2596407235
;US-LA;1955;p99.5p100;366261.59375;;;0.0851822272;0.0851822272
;US-LA;1954;p0p100;20488.6640625;;22456006656.0;;
;US-LA;1954;p99p100;239674.390625;;;0.1169790104;0.1169790104
;US-LA;1954;p99.9p100;760186.0;;;0.0371027552;0.0371027552
;US-LA;1954;p99.99p100;2167161.5;;;0.0105773676;0.0105773676
;US-LA;1954;p90p100;;;;0.3871047199;0.3871047199
;US-LA;1954;p90p91;79312.59375;;;;
;US-LA;1954;p95p96;104750.796875;;;;
;US-LA;1954;p95p100;;;;0.2556310892;0.2556310892
;US-LA;1954;p99.5p100;343001.0625;;;0.0837050751;0.0837050751
;US-LA;1953;p0p100;20695.6425781;;22455123968.0;;
;US-LA;1953;p99p100;219400.890625;;;0.106013082;0.106013082
;US-LA;1953;p99.9p100;617059.9375;;;0.0298159365;0.0298159365
;US-LA;1953;p99.99p100;1489559.125;;;0.0071974532;0.0071974532
;US-LA;1953;p90p100;;;;0.3685442507;0.3685442507
;US-LA;1953;p90p91;76272.6015625;;;;
;US-LA;1953;p95p96;97471.234375;;;;
;US-LA;1953;p95p100;;;;0.2354873419;0.2354873419
;US-LA;1953;p99.5p100;305751.8125;;;0.0738686472;0.0738686472
;US-LA;1952;p0p100;19882.1328125;;21373157376.0;;
;US-LA;1952;p99p100;240523.3125;;;0.1209745929;0.1209745929
;US-LA;1952;p99.9p100;738065.6875;;;0.0371220522;0.0371220522
;US-LA;1952;p99.99p100;2125412.0;;;0.0106900595;0.0106900595
;US-LA;1952;p90p100;;;;0.3870110512;0.3870110512
;US-LA;1952;p90p91;76946.0546875;;;;
;US-LA;1952;p95p96;102402.507812;;;;
;US-LA;1952;p95p100;;;;0.2575239241;0.2575239241
;US-LA;1952;p99.5p100;343426.9375;;;0.0863657147;0.0863657147
;US-LA;1951;p0p100;18882.2148438;;20095318016.0;;
;US-LA;1951;p99p100;242152.9375;;;0.128243953;0.128243953
;US-LA;1951;p99.9p100;761552.8125;;;0.0403317586;0.0403317586
;US-LA;1951;p99.99p100;2169587.5;;;0.0114901131;0.0114901131
;US-LA;1951;p90p100;;;;0.3778078556;0.3778078556
;US-LA;1951;p90p91;71338.4765625;;;;
;US-LA;1951;p95p96;98793.25;;;;
;US-LA;1951;p95p100;;;;0.2616040111;0.2616040111
;US-LA;1951;p99.5p100;349846.3125;;;0.0926391259;0.0926391259
;US-LA;1950;p0p100;18191.0449219;;19165188096.0;;
;US-LA;1950;p99p100;255936.3125;;;0.1406935602;0.1406935602
;US-LA;1950;p99.9p100;821226.25;;;0.0451445319;0.0451445319
;US-LA;1950;p99.99p100;1974682.0;;;0.0108552417;0.0108552417
;US-LA;1950;p90p100;;;;0.3928411305;0.3928411305
;US-LA;1950;p90p91;71461.90625;;;;
;US-LA;1950;p95p96;103696.039062;;;;
;US-LA;1950;p95p100;;;;0.2850194573;0.2850194573
;US-LA;1950;p99.5p100;370621.125;;;0.1018691063;0.1018691063
;US-LA;1949;p0p100;17036.4355469;;17702844416.0;;
;US-LA;1949;p99p100;223109.375;;;0.1309601218;0.1309601218
;US-LA;1949;p99.9p100;730384.375;;;0.0428718999;0.0428718999
;US-LA;1949;p99.99p100;2247037.75;;;0.0131895989;0.0131895989
;US-LA;1949;p90p100;;;;0.3861086369;0.3861086369
;US-LA;1949;p90p91;65779.15625;;;;
;US-LA;1949;p95p96;92571.1015625;;;;
;US-LA;1949;p95p100;;;;0.2716856301;0.2716856301
;US-LA;1949;p99.5p100;329394.75;;;0.0966736078;0.0966736078
;US-LA;1948;p0p100;16699.3632812;;17165351936.0;;
;US-LA;1948;p99p100;243473.25;;;0.1457979232;0.1457979232
;US-LA;1948;p99.9p100;808983.6875;;;0.0484439842;0.0484439842
;US-LA;1948;p99.99p100;2506301.75;;;0.0150083667;0.0150083667
;US-LA;1948;p90p100;;;;0.3991450667;0.3991450667
;US-LA;1948;p90p91;66654.6875;;;;
;US-LA;1948;p95p96;95792.421875;;;;
;US-LA;1948;p95p100;;;;0.2868146002;0.2868146002
;US-LA;1948;p99.5p100;355346.59375;;;0.1063952446;0.1063952446
;US-LA;1947;p0p100;15421.4785156;;15678198784.0;;
;US-LA;1947;p99p100;197556.5625;;;0.1281048059;0.1281048059
;US-LA;1947;p99.9p100;630708.125;;;0.0408980288;0.0408980288
;US-LA;1947;p99.99p100;2016467.875;;;0.0130757103;0.0130757103
;US-LA;1947;p90p100;;;;0.3723688424;0.3723688424
;US-LA;1947;p90p91;57424.78125;;;;
;US-LA;1947;p95p96;79683.1015625;;;;
;US-LA;1947;p95p100;;;;0.2583510578;0.2583510578
;US-LA;1947;p99.5p100;286343.75;;;0.0928392634;0.0928392634
;US-LA;1946;p0p100;15732.0673828;;15784714240.0;;
;US-LA;1946;p99p100;218481.5625;;;0.1388765872;0.1388765872
;US-LA;1946;p99.9p100;728235.375;;;0.0462898761;0.0462898761
;US-LA;1946;p99.99p100;2314932.0;;;0.0147147356;0.0147147356
;US-LA;1946;p90p100;;;;0.3950391114;0.3950391114
;US-LA;1946;p90p91;62147.8164062;;;;
;US-LA;1946;p95p96;88033.296875;;;;
;US-LA;1946;p95p100;;;;0.2797893286;0.2797893286
;US-LA;1946;p99.5p100;318548.21875;;;0.1012417004;0.1012417004
;US-LA;1945;p0p100;17689.7265625;;17667768320.0;;
;US-LA;1945;p99p100;211956.15625;;;0.1198187917;0.1198187917
;US-LA;1945;p99.9p100;714615.75;;;0.0403972194;0.0403972194
;US-LA;1945;p99.99p100;1983400.875;;;0.0112121627;0.0112121627
;US-LA;1945;p90p100;;;;0.344288528;0.344288528
;US-LA;1945;p90p91;60903.6992188;;;;
;US-LA;1945;p95p96;85200.28125;;;;
;US-LA;1945;p95p100;;;;0.2408185452;0.2408185452
;US-LA;1945;p99.5p100;313057.28125;;;0.0884856209;0.0884856209
;US-LA;1944;p0p100;18522.5664062;;18399875072.0;;
;US-LA;1944;p99p100;223341.0625;;;0.1205778047;0.1205778047
;US-LA;1944;p99.9p100;750833.5;;;0.0405361466;0.0405361466
;US-LA;1944;p99.99p100;2242632.0;;;0.0121075651;0.0121075651
;US-LA;1944;p90p100;;;;0.3614991605;0.3614991605
;US-LA;1944;p90p91;66958.9296875;;;;
;US-LA;1944;p95p96;92153.03125;;;;
;US-LA;1944;p95p100;;;;0.248758778;0.248758778
;US-LA;1944;p99.5p100;328584.5625;;;0.0886984318;0.0886984318
;US-LA;1943;p0p100;18783.3984375;;18535225344.0;;
;US-LA;1943;p99p100;223115.09375;;;0.1187831312;0.1187831312
;US-LA;1943;p99.9p100;789721.5625;;;0.0420435928;0.0420435928
;US-LA;1943;p99.99p100;2147795.75;;;0.011434542;0.011434542
;US-LA;1943;p90p100;;;;0.3217427433;0.3217427433
;US-LA;1943;p90p91;60434.2226562;;;;
;US-LA;1943;p95p96;86287.8515625;;;;
;US-LA;1943;p95p100;;;;0.2296918035;0.2296918035
;US-LA;1943;p99.5p100;333501.0625;;;0.0887754858;0.0887754858
;US-LA;1942;p0p100;14488.8251953;;14174405632.0;;
;US-LA;1942;p99p100;188987.28125;;;0.1304365844;0.1304365844
;US-LA;1942;p99.9p100;647602.25;;;0.0446966738;0.0446966738
;US-LA;1942;p99.99p100;1827324.125;;;0.0126119563;0.0126119563
;US-LA;1942;p90p100;;;;0.3668254316;0.3668254316
;US-LA;1942;p90p91;53148.6953125;;;;
;US-LA;1942;p95p96;76474.2265625;;;;
;US-LA;1942;p95p100;;;;0.2639076412;0.2639076412
;US-LA;1942;p99.5p100;281501.65625;;;0.09714441;0.09714441
;US-LA;1941;p0p100;11662.4013672;;11342770176.0;;
;US-LA;1941;p99p100;186506.046875;;;0.1599207968;0.1599207968
;US-LA;1941;p99.9p100;673352.1875;;;0.0577370115;0.0577370115
;US-LA;1941;p99.99p100;2119018.5;;;0.0181696601;0.0181696601
;US-LA;1941;p90p100;;;;0.4484561086;0.4484561086
;US-LA;1941;p90p91;52300.7460938;;;;
;US-LA;1941;p95p96;75830.5234375;;;;
;US-LA;1941;p95p100;;;;0.3251068592;0.3251068592
;US-LA;1941;p99.5p100;279007.8125;;;0.1196185201;0.1196185201
;US-LA;1940;p0p100;9514.01855469;;9208828928.0;;
;US-LA;1940;p99p100;164273.34375;;;0.1726645231;0.1726645231
;US-LA;1940;p99.9p100;556595.0625;;;0.0585026219;0.0585026219
;US-LA;1940;p99.99p100;1669482.625;;;0.0175476074;0.0175476074
;US-LA;1940;p90p100;;;;0.5246713161;0.5246713161
;US-LA;1940;p90p91;49917.328125;;;;
;US-LA;1940;p95p96;71246.203125;;;;
;US-LA;1940;p95p100;;;;0.3744274974;0.3744274974
;US-LA;1940;p99.5p100;236179.5;;;0.1241218448;0.1241218448
;US-LA;1939;p0p100;9593.38574219;;9092877312.0;;
;US-LA;1939;p99p100;163503.125;;;0.1704331785;0.1704331785
;US-LA;1939;p99.9p100;542307.6875;;;0.056529332;0.056529332
;US-LA;1939;p99.99p100;1603939.5;;;0.0167192221;0.0167192221
;US-LA;1939;p90p100;;;;0.4708842933;0.4708842933
;US-LA;1939;p90p91;45173.7460938;;;;
;US-LA;1939;p95p96;71030.046875;;;;
;US-LA;1939;p95p100;;;;0.3702032268;0.3702032268
;US-LA;1939;p99.5p100;232818.78125;;;0.1213433817;0.1213433817
;US-LA;1938;p0p100;9197.921875;;8549018112.0;;
;US-LA;1938;p99p100;152408.515625;;;0.1656988263;0.1656988263
;US-LA;1938;p99.9p100;520940.59375;;;0.0566367656;0.0566367656
;US-LA;1938;p99.99p100;1586811.125;;;0.0172518417;0.0172518417
;US-LA;1938;p90p100;;;;0.4590742588;0.4590742588
;US-LA;1938;p90p91;42225.296875;;;;
;US-LA;1938;p95p96;64616.0039062;;;;
;US-LA;1938;p95p100;;;;0.3512532413;0.3512532413
;US-LA;1938;p99.5p100;218552.5;;;0.1188053489;0.1188053489
;US-LA;1937;p0p100;9215.5078125;;8402643456.0;;
;US-LA;1937;p99p100;161147.78125;;;0.1748658568;0.1748658568
;US-LA;1937;p99.9p100;558161.875;;;0.0605676733;0.0605676733
;US-LA;1937;p99.99p100;1642481.0;;;0.0178230107;0.0178230107
;US-LA;1937;p90p100;;;;0.4475744963;0.4475744963
;US-LA;1937;p90p91;41246.2617188;;;;
;US-LA;1937;p95p96;64851.1835938;;;;
;US-LA;1937;p95p100;;;;0.3518589735;0.3518589735
;US-LA;1937;p99.5p100;234315.734375;;;0.1271312088;0.1271312088
;US-LA;1936;p0p100;8993.76171875;;8058876416.0;;
;US-LA;1936;p99p100;169719.234375;;;0.1887077391;0.1887077391
;US-LA;1936;p99.9p100;632362.0625;;;0.0703111961;0.0703111961
;US-LA;1936;p99.99p100;1965392.125;;;0.0218528379;0.0218528379
;US-LA;1936;p90p100;;;;0.4397343397;0.4397343397
;US-LA;1936;p90p91;39548.65625;;;;
;US-LA;1936;p95p96;61474.6210938;;;;
;US-LA;1936;p95p100;;;;0.3417625725;0.3417625725
;US-LA;1936;p99.5p100;250595.671875;;;0.13931638;0.13931638
;US-LA;1935;p0p100;8177.09228516;;7198839808.0;;
;US-LA;1935;p99p100;122491.171875;;;0.1497979462;0.1497979462
;US-LA;1935;p99.9p100;382877.3125;;;0.0468231589;0.0468231589
;US-LA;1935;p99.99p100;1056474.375;;;0.0129199261;0.0129199261
;US-LA;1935;p90p100;;;;0.4151853025;0.4151853025
;US-LA;1935;p90p91;33950.0859375;;;;
;US-LA;1935;p95p96;49772.0117188;;;;
;US-LA;1935;p95p100;;;;0.3043380678;0.3043380678
;US-LA;1935;p99.5p100;171438.34375;;;0.1048284248;0.1048284248
;US-LA;1934;p0p100;7541.59912109;;6519341568.0;;
;US-LA;1934;p99p100;111255.875;;;0.1475229412;0.1475229412
;US-LA;1934;p99.9p100;333553.6875;;;0.0442285128;0.0442285128
;US-LA;1934;p99.99p100;887295.1875;;;0.0117653459;0.0117653459
;US-LA;1934;p90p100;;;;0.4289664924;0.4289664924
;US-LA;1934;p90p91;32350.9316406;;;;
;US-LA;1934;p95p96;47409.296875;;;;
;US-LA;1934;p95p100;;;;0.3143185973;0.3143185973
;US-LA;1934;p99.5p100;154263.4375;;;0.1022750214;0.1022750214
;US-LA;1933;p0p100;6826.37011719;;5798068224.0;;
;US-LA;1933;p99p100;95749.3515625;;;0.14026393;0.14026393
;US-LA;1933;p99.9p100;276590.375;;;0.0405179262;0.0405179262
;US-LA;1933;p99.99p100;863785.0625;;;0.0126536507;0.0126536507
;US-LA;1933;p90p100;;;;0.4300133288;0.4300133288
;US-LA;1933;p90p91;29354.3027344;;;;
;US-LA;1933;p95p96;41652.578125;;;;
;US-LA;1933;p95p100;;;;0.3050858378;0.3050858378
;US-LA;1933;p99.5p100;129303.976562;;;0.0947091728;0.0947091728
;US-LA;1932;p0p100;6972.67773438;;5821586944.0;;
;US-LA;1932;p99p100;99825.7578125;;;0.1431670338;0.1431670338
;US-LA;1932;p99.9p100;297966.5;;;0.042733442;0.042733442
;US-LA;1932;p99.99p100;958119.375;;;0.0137410546;0.0137410546
;US-LA;1932;p90p100;;;;0.4475311935;0.4475311935
;US-LA;1932;p90p91;31204.9082031;;;;
;US-LA;1932;p95p96;43276.1875;;;;
;US-LA;1932;p95p100;;;;0.3103268743;0.3103268743
;US-LA;1932;p99.5p100;136014.5625;;;0.0975339562;0.0975339562
;US-LA;1931;p0p100;8198.40722656;;6725124096.0;;
;US-LA;1931;p99p100;116082.132812;;;0.141591087;0.141591087
;US-LA;1931;p99.9p100;339378.78125;;;0.0413957015;0.0413957015
;US-LA;1931;p99.99p100;845138.0;;;0.0103085637;0.0103085637
;US-LA;1931;p90p100;;;;0.4106326699;0.4106326699
;US-LA;1931;p90p91;33665.3398438;;;;
;US-LA;1931;p95p96;46964.9023438;;;;
;US-LA;1931;p95p100;;;;0.2864269912;0.2864269912
;US-LA;1931;p99.5p100;158777.4375;;;0.0968343168;0.0968343168
;US-LA;1930;p0p100;8738.68847656;;7033488896.0;;
;US-LA;1930;p99p100;129598.882812;;;0.1483047307;0.1483047307
;US-LA;1930;p99.9p100;401554.59375;;;0.045951359;0.045951359
;US-LA;1930;p99.99p100;1124486.5;;;0.0128679089;0.0128679089
;US-LA;1930;p90p100;;;;0.3999223411;0.3999223411
;US-LA;1930;p90p91;34947.96875;;;;
;US-LA;1930;p95p96;51766.2382812;;;;
;US-LA;1930;p95p100;;;;0.2961899638;0.2961899638
;US-LA;1930;p99.5p100;181373.203125;;;0.103775993;0.103775993
;US-LA;1929;p0p100;10291.0683594;;8165809664.0;;
;US-LA;1929;p99p100;159737.625;;;0.155219689;0.155219689
;US-LA;1929;p99.9p100;569570.3125;;;0.0553460829;0.0553460829
;US-LA;1929;p99.99p100;1965474.375;;;0.0190988388;0.0190988388
;US-LA;1929;p90p100;;;;0.3652554154;0.3652554154
;US-LA;1929;p90p91;37588.6835938;;;;
;US-LA;1929;p95p96;59541.1914062;;;;
;US-LA;1929;p95p100;;;;0.289285779;0.289285779
;US-LA;1929;p99.5p100;231331.796875;;;0.1123944595;0.1123944595
;US-LA;1928;p0p100;9341.06835938;;7308665344.0;;
;US-LA;1928;p99p100;174928.5625;;;0.187268272;0.187268272
;US-LA;1928;p99.9p100;672592.75;;;0.0720038414;0.0720038414
;US-LA;1928;p99.99p100;2174904.25;;;0.0232832506;0.0232832506
;US-LA;1928;p90p100;;;;0.4326784015;0.4326784015
;US-LA;1928;p90p91;40416.78125;;;;
;US-LA;1928;p95p96;64403.9257812;;;;
;US-LA;1928;p95p100;;;;0.3447353542;0.3447353542
;US-LA;1928;p99.5p100;260675.078125;;;0.1395317465;0.1395317465
;US-LA;1927;p0p100;9429.64746094;;7260360704.0;;
;US-LA;1927;p99p100;161180.84375;;;0.1709298491;0.1709298491
;US-LA;1927;p99.9p100;554293.625;;;0.0587820038;0.0587820038
;US-LA;1927;p99.99p100;1549028.375;;;0.0164272115;0.0164272115
;US-LA;1927;p90p100;;;;0.4155031741;0.4155031741
;US-LA;1927;p90p91;39180.4882812;;;;
;US-LA;1927;p95p96;61602.96875;;;;
;US-LA;1927;p95p100;;;;0.3266450763;0.3266450763
;US-LA;1927;p99.5p100;233756.03125;;;0.1239473671;0.1239473671
;US-LA;1926;p0p100;10030.3525391;;7587193344.0;;
;US-LA;1926;p99p100;163740.421875;;;0.1632449329;0.1632449329
;US-LA;1926;p99.9p100;548638.5;;;0.0546978265;0.0546978265
;US-LA;1926;p99.99p100;1446228.25;;;0.0144185191;0.0144185191
;US-LA;1926;p90p100;;;;0.4057677686;0.4057677686
;US-LA;1926;p90p91;40699.9375;;;;
;US-LA;1926;p95p96;64254.7148438;;;;
;US-LA;1926;p95p100;;;;0.3203013837;0.3203013837
;US-LA;1926;p99.5p100;236815.34375;;;0.1180493683;0.1180493683
;US-LA;1925;p0p100;10519.4052734;;7819720704.0;;
;US-LA;1925;p99p100;173412.84375;;;0.1648504436;0.1648504436
;US-LA;1925;p99.9p100;618547.1875;;;0.0588005893;0.0588005893
;US-LA;1925;p99.99p100;1666119.125;;;0.0158385299;0.0158385299
;US-LA;1925;p90p100;;;;0.4103518724;0.4103518724
;US-LA;1925;p90p91;43166.5742188;;;;
;US-LA;1925;p95p96;68426.1875;;;;
;US-LA;1925;p95p100;;;;0.3252379;0.3252379
;US-LA;1925;p99.5p100;254871.5;;;0.1211434975;0.1211434975
;US-LA;1924;p0p100;9622.36425781;;7018024960.0;;
;US-LA;1924;p99p100;147664.0625;;;0.1534592211;0.1534592211
;US-LA;1924;p99.9p100;492936.59375;;;0.0512282178;0.0512282178
;US-LA;1924;p99.99p100;1322167.75;;;0.0137405694;0.0137405694
;US-LA;1924;p90p100;;;;0.4342162013;0.4342162013
;US-LA;1924;p90p91;41781.8671875;;;;
;US-LA;1924;p95p96;63614.25;;;;
;US-LA;1924;p95p100;;;;0.3305541575;0.3305541575
;US-LA;1924;p99.5p100;214444.34375;;;0.1114301682;0.1114301682
;US-LA;1923;p0p100;9565.7578125;;6816037888.0;;
;US-LA;1923;p99p100;138046.484375;;;0.1443131715;0.1443131715
;US-LA;1923;p99.9p100;480117.9375;;;0.0501913093;0.0501913093
;US-LA;1923;p99.99p100;1335583.0;;;0.0139621235;0.0139621235
;US-LA;1923;p90p100;;;;0.4247752428;0.4247752428
;US-LA;1923;p90p91;40632.9726562;;;;
;US-LA;1923;p95p96;60833.8085938;;;;
;US-LA;1923;p95p100;;;;0.3179769516;0.3179769516
;US-LA;1923;p99.5p100;204756.078125;;;0.1070255414;0.1070255414
;US-LA;1922;p0p100;9661.31347656;;6738552320.0;;
;US-LA;1922;p99p100;136771.109375;;;0.1415657699;0.1415657699
;US-LA;1922;p99.9p100;469244.59375;;;0.0485694446;0.0485694446
;US-LA;1922;p99.99p100;1247352.75;;;0.0129108001;0.0129108001
;US-LA;1922;p90p100;;;;0.4212174118;0.4212174118
;US-LA;1922;p90p91;40695.1328125;;;;
;US-LA;1922;p95p96;60122.9648438;;;;
;US-LA;1922;p95p100;;;;0.3111531734;0.3111531734
;US-LA;1922;p99.5p100;199773.890625;;;0.1033885852;0.1033885852
;US-LA;1921;p0p100;8880.33691406;;6082159616.0;;
;US-LA;1921;p99p100;118673.546875;;;0.1336363256;0.1336363256
;US-LA;1921;p99.9p100;385431.28125;;;0.0434027798;0.0434027798
;US-LA;1921;p99.99p100;1007520.0;;;0.011345516;0.011345516
;US-LA;1921;p90p100;;;;0.4193578064;0.4193578064
;US-LA;1921;p90p91;37240.3828125;;;;
;US-LA;1921;p95p96;54339.2421875;;;;
;US-LA;1921;p95p100;;;;0.3059526384;0.3059526384
;US-LA;1921;p99.5p100;170865.21875;;;0.0962042511;0.0962042511
;US-LA;1920;p0p100;9572.9609375;;6402423808.0;;
;US-LA;1920;p99p100;139373.890625;;;0.1455911994;0.1455911994
;US-LA;1920;p99.9p100;473898.34375;;;0.0495038405;0.0495038405
;US-LA;1920;p99.99p100;1271534.5;;;0.0132825617;0.0132825617
;US-LA;1920;p90p100;;;;0.4056972265;0.4056972265
;US-LA;1920;p90p91;38837.2382812;;;;
;US-LA;1920;p95p96;57596.1054688;;;;
;US-LA;1920;p95p100;;;;0.3008270264;0.3008270264
;US-LA;1920;p99.5p100;205558.375;;;0.107364051;0.107364051
;US-LA;1919;p0p100;10718.9082031;;7066331648.0;;
;US-LA;1919;p99p100;191463.96875;;;0.1786226481;0.1786226481
;US-LA;1919;p99.9p100;729563.6875;;;0.0680632442;0.0680632442
;US-LA;1919;p99.99p100;2139896.25;;;0.0199637525;0.0199637525
;US-LA;1919;p90p100;;;;0.3917227387;0.3917227387
;US-LA;1919;p90p91;41988.4023438;;;;
;US-LA;1919;p95p96;67649.15625;;;;
;US-LA;1919;p95p100;;;;0.3155598938;0.3155598938
;US-LA;1919;p99.5p100;292592.3125;;;0.1364841908;0.1364841908
;US-LA;1918;p0p100;9107.36132812;;5952653824.0;;
;US-LA;1918;p99p100;171890.703125;;;0.188738212;0.188738212
;US-LA;1918;p99.9p100;632545.9375;;;0.069454357;0.069454357
;US-LA;1918;p99.99p100;1788979.625;;;0.0196432266;0.0196432266
;US-LA;1918;p90p100;;;;0.4082643688;0.4082643688
;US-LA;1918;p90p91;37182.109375;;;;
;US-LA;1918;p95p96;61017.4960938;;;;
;US-LA;1918;p95p100;;;;0.3349900246;0.3349900246
;US-LA;1918;p99.5p100;260926.015625;;;0.143250078;0.143250078
;US-LA;1917;p0p100;11035.1298828;;7245330944.0;;
