Variable Name;.;.;.;Fiscal income  | tax unit | Average | Adults | constant 2015 local currency;Fiscal income  | tax unit | Threshold | Adults | constant 2015 local currency;Fiscal income  | tax unit | Total | Adults | constant 2015 local currency;Fiscal income  | tax unit | Share | Adults | share of total (ratio);Pre-tax national income  | tax unit | Share | Adults | share of total (ratio)
Variable Category;.;.;.;Income inequality;Income inequality;Income inequality;Income inequality;Income inequality
Variable Description;.;.;.;Average Fiscal income within a given percentile group. Fiscal income is defined as the sum of all income items reported on income tax returns, before any deduction. It includes labour income, capital income and mixed income. The concept of fiscal income varies with national tax legislations, so in order to make international comparisons it is preferable to use the concept of national income. The population is comprised of individuals over age 20. The base unit is the tax unit defined by national fiscal administrations to measure personal income taxes.;Fiscal income threshold value at a given percentile.  Fiscal income is defined as the sum of all income items reported on income tax returns, before any deduction. It includes labour income, capital income and mixed income. The concept of fiscal income varies with national tax legislations, so in order to make international comparisons it is preferable to use the concept of national income. The population is comprised of individuals over age 20. The base unit is the tax unit defined by national fiscal administrations to measure personal income taxes.;Total Fiscal income  within a given percentile group. Fiscal income is defined as the sum of all income items reported on income tax returns, before any deduction. It includes labour income, capital income and mixed income. The concept of fiscal income varies with national tax legislations, so in order to make international comparisons it is preferable to use the concept of national income. The population is comprised of individuals over age 20.;Fiscal income share held by a given percentile group. Fiscal income is defined as the sum of all income items reported on income tax returns, before any deduction. It includes labour income, capital income and mixed income. The concept of fiscal income varies with national tax legislations, so in order to make international comparisons it is preferable to use the concept of national income. The population is comprised of individuals over age 20. The base unit is the tax unit defined by national fiscal administrations to measure personal income taxes.;Pre-tax national income share held by a given percentile group. Pre-tax national income  is the sum of all pre-tax personal income flows accruing to the owners of the production factors, labor and capital, before taking into account the operation of the tax/transfer system, but after taking into account the operation of pension system. The central difference between personal factor income and pre-tax income is the treatment of pensions, which are counted on a contribution basis by factor income and on a distribution basis by pre-tax income. The population is comprised of individuals over age 20. The base unit is the tax unit defined by national fiscal administrations to measure personal income taxes.
Variable Decomposition;.;.;.;[Fiscal income ]=[Fiscal labour income ]+[Fiscal capital income ];[Fiscal income ]=[Fiscal labour income ]+[Fiscal capital income ];[Fiscal income ]=[Fiscal labour income ]+[Fiscal capital income ];[Fiscal income ]=[Fiscal labour income ]+[Fiscal capital income ];Pre-tax national income =Pre-tax labor income [total pre-tax income ranking]+Pre-tax capital income [total pre-tax income ranking]
Variable Unit;.;.;.;"USD; United States dollar | local currency | market";"USD; United States dollar | local currency | market";"USD; United States dollar | local currency | market";share;share
Methodological Notes;.;.;.;;;;;Assuming the same distribution as fiscal income.
Sources;.;.;.;Frank, Sommeiller, Price & Saez (2015);Frank, Sommeiller, Price & Saez (2015);Frank, Sommeiller, Price & Saez (2015);Frank, Sommeiller, Price & Saez (2015);WID.world computations using: Frank, Sommeiller, Price & Saez (2015)
Variable Code;country;year;perc;afiinc992t;tfiinc992t;mfiinc992t;sfiinc992t;sptinc992t
;US-AL;2014;p0p100;44534.9882812;;1.12060243968e+11;;
;US-AL;2014;p99p100;;291456.3125;;0.1575193107;0.1575193107
;US-AL;2014;p99.9p100;;1110333.5;;0.0614156872;0.0614156872
;US-AL;2014;p99.99p100;;4424414.0;;0.0236229207;0.0236229207
;US-AL;2014;p90p100;;104328.515625;;0.4588185549;0.4588185549
;US-AL;2014;p90p91;206994.484375;;;;
;US-AL;2014;p95p96;288320.96875;;;;
;US-AL;2014;p90p95;125668.007812;104328.515625;;0.1377940774;0.1377940774
;US-AL;2014;p95p99;183064.453125;128793.773438;;0.163205564;0.163205564
;US-AL;2014;p99.5p99.9;639207.0625;438446.21875;;0.0572257899;0.0572257899
;US-AL;2014;p99.9p99.99;1857123.75;1110333.5;;0.038213294;0.038213294
;US-AL;2014;p99p99.5;351602.65625;291456.3125;;0.0390073098;0.0390073098
;US-AL;2014;p95p100;;128793.773438;;0.3206377327;0.3206377327
;US-AL;2014;p0p90;26483.9316406;;;0.540931046;0.540931046
;US-AL;2014;p0p99;37819.7148438;;;0.8424807191;0.8424807191
;US-AL;2014;p99.5p100;;438446.21875;;0.1185042635;0.1185042635
;US-AL;2014;p99.5p99.6;1067091.375;;;;
;US-AL;2014;p99.99p99.991;11072171.0;;;;
;US-AL;2014;p99.9p99.91;2778628.5;;;;
;US-AL;2014;p99p99.1;709347.0;;;;
;US-AL;2013;p0p100;46323.3203125;;1.08621447168e+11;;
;US-AL;2013;p99p100;;296276.5;;0.1477530003;0.1477530003
;US-AL;2013;p99.9p100;;1091087.5;;0.0555126518;0.0555126518
;US-AL;2013;p99.99p100;;4166451.75;;0.0209198426;0.0209198426
;US-AL;2013;p90p100;;106237.734375;;0.4374882877;0.4374882877
;US-AL;2013;p90p91;206988.90625;;;;
;US-AL;2013;p95p96;286182.65625;;;;
;US-AL;2013;p90p95;127795.148438;106237.734375;;0.1329184622;0.1329184622
;US-AL;2013;p95p99;184204.984375;130504.273438;;0.1562420577;0.1562420577
;US-AL;2013;p99.5p99.9;638390.3125;440789.59375;;0.0542112179;0.0542112179
;US-AL;2013;p99.9p99.99;1792376.25;1091087.5;;0.0347301178;0.0347301178
;US-AL;2013;p99p99.5;355539.34375;296276.5;;0.0380604453;0.0380604453
;US-AL;2013;p95p100;;130504.273438;;0.304069221;0.304069221
;US-AL;2013;p0p90;28471.5898438;;;0.5629178882;0.5629178882
;US-AL;2013;p0p99;39780.1875;;;0.8522469997;0.8522469997
;US-AL;2013;p99.5p100;;440789.59375;;0.1097436398;0.1097436398
;US-AL;2013;p99.5p99.6;1032647.25;;;;
;US-AL;2013;p99.99p99.991;9965366.0;;;;
;US-AL;2013;p99.9p99.91;2609675.25;;;;
;US-AL;2013;p99p99.1;694093.3125;;;;
;US-AL;2012;p0p100;46403.0742188;;1.13284554752e+11;;
;US-AL;2012;p99p100;772932.8125;;;0.1665693074;0.1665693074
;US-AL;2012;p99.9p100;3320608.5;;;0.0715600997;0.0715600997
;US-AL;2012;p99.99p100;13871732.0;;;0.0298939943;0.0298939943
;US-AL;2012;p90p100;;;;0.4528622627;0.4528622627
;US-AL;2012;p90p91;210142.015625;;;;
;US-AL;2012;p95p96;296015.5;;;;
;US-AL;2012;p95p100;;;;0.3189611137;0.3189611137
;US-AL;2012;p99.5p100;1197809.875;;;0.1290657967;0.1290657967
;US-AL;2011;p0p100;44417.3164062;;1.07533221888e+11;;
;US-AL;2011;p99p100;713625.5625;;;0.1606638283;0.1606638283
;US-AL;2011;p99.9p100;3184483.5;;;0.0716946423;0.0716946423
;US-AL;2011;p99.99p100;14792064.0;;;0.033302471;0.033302471
;US-AL;2011;p90p100;;;;0.4570764601;0.4570764601
;US-AL;2011;p90p91;203021.078125;;;;
;US-AL;2011;p95p96;281583.3125;;;;
;US-AL;2011;p95p100;;;;0.3169747293;0.3169747293
;US-AL;2011;p99.5p100;1109925.125;;;0.1249428391;0.1249428391
;US-AL;2010;p0p100;45019.9882812;;1.08894306304e+11;;
;US-AL;2010;p99p100;750019.1875;;;0.1665969342;0.1665969342
;US-AL;2010;p99.9p100;3492791.5;;;0.0775831267;0.0775831267
;US-AL;2010;p99.99p100;17756936.0;;;0.039442338;0.039442338
;US-AL;2010;p90p100;;;;0.4560380578;0.4560380578
;US-AL;2010;p90p91;205308.296875;;;;
;US-AL;2010;p95p96;284785.125;;;;
;US-AL;2010;p95p100;;;;0.3162874281;0.3162874281
;US-AL;2010;p99.5p100;1171557.125;;;0.130115211;0.130115211
;US-AL;2009;p0p100;44558.2421875;;1.04332632064e+11;;
;US-AL;2009;p99p100;682832.75;;;0.153245002;0.153245002
;US-AL;2009;p99.9p100;2906480.5;;;0.06522879;0.06522879
;US-AL;2009;p99.99p100;12685799.0;;;0.0284701493;0.0284701493
;US-AL;2009;p90p100;;;;0.4427256882;0.4427256882
;US-AL;2009;p90p91;197270.796875;;;;
;US-AL;2009;p95p96;279600.625;;;;
;US-AL;2009;p95p100;;;;0.3137473762;0.3137473762
;US-AL;2009;p99.5p100;1043534.125;;;0.1170977578;0.1170977578
;US-AL;2008;p0p100;48207.4570312;;1.12614547456e+11;;
;US-AL;2008;p99p100;861711.0625;;;0.1787505746;0.1787505746
;US-AL;2008;p99.9p100;4010348.0;;;0.0831893757;0.0831893757
;US-AL;2008;p99.99p100;18194920.0;;;0.0377429537;0.0377429537
;US-AL;2008;p90p100;;;;0.4592728615;0.4592728615
;US-AL;2008;p90p91;221403.765625;;;;
;US-AL;2008;p95p96;314391.40625;;;;
;US-AL;2008;p95p100;;;;0.326081723;0.326081723
;US-AL;2008;p99.5p100;1361024.375;;;0.1411632597;0.1411632597
;US-AL;2007;p0p100;51067.09375;;1.20701616128e+11;;
;US-AL;2007;p99p100;1019204.3125;;;0.1995814145;0.1995814145
;US-AL;2007;p99.9p100;4996279.5;;;0.0978375524;0.0978375524
;US-AL;2007;p99.99p100;23060130.0;;;0.045156531;0.045156531
;US-AL;2007;p90p100;;;;0.46945557;0.46945557
;US-AL;2007;p90p91;239737.3125;;;;
;US-AL;2007;p95p96;350550.21875;;;;
;US-AL;2007;p95p100;;;;0.3432251215;0.3432251215
;US-AL;2007;p99.5p100;1643455.75;;;0.1609114259;0.1609114259
;US-AL;2006;p0p100;49199.3554688;;1.1628404736e+11;;
;US-AL;2006;p99p100;1004946.0625;;;0.2042599916;0.2042599916
;US-AL;2006;p99.9p100;4935512.0;;;0.100316599;0.100316599
;US-AL;2006;p99.99p100;22494176.0;;;0.0457204692;0.0457204692
;US-AL;2006;p90p100;;;;0.4770810306;0.4770810306
;US-AL;2006;p90p91;234720.796875;;;;
;US-AL;2006;p95p96;352111.96875;;;;
;US-AL;2006;p95p100;;;;0.3578420281;0.3578420281
;US-AL;2006;p99.5p100;1622984.125;;;0.1649395674;0.1649395674
;US-AL;2005;p0p100;50118.703125;;1.13009680384e+11;;
;US-AL;2005;p99p100;925169.0625;;;0.1845955849;0.1845955849
;US-AL;2005;p99.9p100;4401635.5;;;0.0878242031;0.0878242031
;US-AL;2005;p99.99p100;19507212.0;;;0.038922023;0.038922023
;US-AL;2005;p90p100;;;;0.4478777647;0.4478777647
;US-AL;2005;p90p91;224470.546875;;;;
;US-AL;2005;p95p96;335185.90625;;;;
;US-AL;2005;p95p100;;;;0.3343920112;0.3343920112
;US-AL;2005;p99.5p100;1477054.375;;;0.1473556161;0.1473556161
;US-AL;2004;p0p100;48970.3203125;;1.07064377344e+11;;
;US-AL;2004;p99p100;789534.125;;;0.1612270921;0.1612270921
;US-AL;2004;p99.9p100;3515273.5;;;0.0717837587;0.0717837587
;US-AL;2004;p99.99p100;14984042.0;;;0.0305982139;0.0305982139
;US-AL;2004;p90p100;;;;0.425562948;0.425562948
;US-AL;2004;p90p91;208399.53125;;;;
;US-AL;2004;p95p96;305778.21875;;;;
;US-AL;2004;p95p100;;;;0.3122077286;0.3122077286
;US-AL;2004;p99.5p100;1230906.625;;;0.1256788522;0.1256788522
;US-AL;2003;p0p100;45347.4492188;;99162521600.0;;
;US-AL;2003;p99p100;663627.9375;;;0.1463429481;0.1463429481
;US-AL;2003;p99.9p100;2738544.5;;;0.0603902638;0.0603902638
;US-AL;2003;p99.99p100;11176431.0;;;0.0246462189;0.0246462189
;US-AL;2003;p90p100;;;;0.4214269221;0.4214269221
;US-AL;2003;p90p91;191106.359375;;;;
;US-AL;2003;p95p96;270982.625;;;;
;US-AL;2003;p95p100;;;;0.298784852;0.298784852
;US-AL;2003;p99.5p100;1009347.0625;;;0.1112903878;0.1112903878
;US-AL;2002;p0p100;45688.0703125;;97630224384.0;;
;US-AL;2002;p99p100;646734.0625;;;0.1415542662;0.1415542662
;US-AL;2002;p99.9p100;2608160.25;;;0.0570862442;0.0570862442
;US-AL;2002;p99.99p100;10342485.0;;;0.0226371679;0.0226371679
;US-AL;2002;p90p100;;;;0.4143869877;0.4143869877
;US-AL;2002;p90p91;189325.40625;;;;
;US-AL;2002;p95p96;267086.15625;;;;
;US-AL;2002;p95p100;;;;0.2922931314;0.2922931314
;US-AL;2002;p99.5p100;977233.0;;;0.1069461927;0.1069461927
;US-AL;2001;p0p100;46991.359375;;1.00067516416e+11;;
;US-AL;2001;p99p100;661318.625;;;0.1407319605;0.1407319605
;US-AL;2001;p99.9p100;2507034.75;;;0.0533509776;0.0533509776
;US-AL;2001;p99.99p100;9228201.0;;;0.0196380801;0.0196380801
;US-AL;2001;p90p100;;;;0.4086258709;0.4086258709
;US-AL;2001;p90p91;192018.859375;;;;
;US-AL;2001;p95p96;271739.96875;;;;
;US-AL;2001;p95p100;;;;0.2891382277;0.2891382277
;US-AL;2001;p99.5p100;984725.125;;;0.1047772542;0.1047772542
;US-AL;2000;p0p100;49192.625;;1.03111999488e+11;;
;US-AL;2000;p99p100;761547.3125;;;0.1548092514;0.1548092514
;US-AL;2000;p99.9p100;3146565.5;;;0.0639641806;0.0639641806
;US-AL;2000;p99.99p100;12317484.0;;;0.0250392891;0.0250392891
;US-AL;2000;p90p100;;;;0.4183876514;0.4183876514
;US-AL;2000;p90p91;205815.875;;;;
;US-AL;2000;p95p96;297362.78125;;;;
;US-AL;2000;p95p100;;;;0.3022432923;0.3022432923
;US-AL;2000;p99.5p100;1163198.625;;;0.118228972;0.118228972
;US-AL;1999;p0p100;48245.0117188;;1.01103140864e+11;;
;US-AL;1999;p99p100;764888.25;;;0.1585424542;0.1585424542
;US-AL;1999;p99.9p100;3147144.75;;;0.0652325377;0.0652325377
;US-AL;1999;p99.99p100;12108253.0;;;0.0250974167;0.0250974167
;US-AL;1999;p90p100;;;;0.4278304577;0.4278304577
;US-AL;1999;p90p91;206406.859375;;;;
;US-AL;1999;p95p96;298040.25;;;;
;US-AL;1999;p95p100;;;;0.3088819385;0.3088819385
;US-AL;1999;p99.5p100;1167619.25;;;0.1210093126;0.1210093126
;US-AL;1998;p0p100;45993.5234375;;96233070592.0;;
;US-AL;1998;p99p100;726006.9375;;;0.1578498185;0.1578498185
;US-AL;1998;p99.9p100;2948490.25;;;0.0641066432;0.0641066432
;US-AL;1998;p99.99p100;11387622.0;;;0.0247591864;0.0247591864
;US-AL;1998;p90p100;;;;0.4277957678;0.4277957678
;US-AL;1998;p90p91;196758.34375;;;;
;US-AL;1998;p95p96;282756.0;;;;
;US-AL;1998;p95p100;;;;0.3073867261;0.3073867261
;US-AL;1998;p99.5p100;1107348.875;;;0.1203809679;0.1203809679
;US-AL;1997;p0p100;44233.75;;90384613376.0;;
;US-AL;1997;p99p100;676238.1875;;;0.1528783441;0.1528783441
;US-AL;1997;p99.9p100;2621829.0;;;0.0592721403;0.0592721403
;US-AL;1997;p99.99p100;9494432.0;;;0.0214642268;0.0214642268
;US-AL;1997;p90p100;;;;0.4253682196;0.4253682196
;US-AL;1997;p90p91;188156.3125;;;;
;US-AL;1997;p95p96;268064.84375;;;;
;US-AL;1997;p95p100;;;;0.3030094206;0.3030094206
;US-AL;1997;p99.5p100;1028060.8125;;;0.1162077412;0.1162077412
;US-AL;1996;p0p100;41730.2421875;;85137506304.0;;
;US-AL;1996;p99p100;621962.3125;;;0.1490435451;0.1490435451
;US-AL;1996;p99.9p100;2498415.0;;;0.0598706119;0.0598706119
;US-AL;1996;p99.99p100;9770206.0;;;0.0234127715;0.0234127715
;US-AL;1996;p90p100;;;;0.4256853759;0.4256853759
;US-AL;1996;p90p91;177639.53125;;;;
;US-AL;1996;p95p96;251574.921875;;;;
;US-AL;1996;p95p100;;;;0.301429987;0.301429987
;US-AL;1996;p99.5p100;940088.375;;;0.1126387492;0.1126387492
;US-AL;1995;p0p100;40792.2851562;;82011996160.0;;
;US-AL;1995;p99p100;589173.25;;;0.1444325149;0.1444325149
;US-AL;1995;p99.9p100;2352839.25;;;0.0576785319;0.0576785319
;US-AL;1995;p99.99p100;9153692.0;;;0.0224397611;0.0224397611
;US-AL;1995;p90p100;;;;0.4184230268;0.4184230268
;US-AL;1995;p90p91;170684.328125;;;;
;US-AL;1995;p95p96;240868.671875;;;;
;US-AL;1995;p95p100;;;;0.2952379882;0.2952379882
;US-AL;1995;p99.5p100;889588.0625;;;0.1090387553;0.1090387553
;US-AL;1994;p0p100;38660.9648438;;78430896128.0;;
;US-AL;1994;p99p100;530486.6875;;;0.137215063;0.137215063
;US-AL;1994;p99.9p100;2088101.625;;;0.0540105924;0.0540105924
;US-AL;1994;p99.99p100;8250269.5;;;0.0213400498;0.0213400498
;US-AL;1994;p90p100;;;;0.4135803878;0.4135803878
;US-AL;1994;p90p91;159894.171875;;;;
;US-AL;1994;p95p96;221832.421875;;;;
;US-AL;1994;p95p100;;;;0.2868945599;0.2868945599
;US-AL;1994;p99.5p100;795888.5;;;0.1029317975;0.1029317975
;US-AL;1993;p0p100;37990.8320312;;76073590784.0;;
;US-AL;1993;p99p100;493734.5625;;;0.1299614906;0.1299614906
;US-AL;1993;p99.9p100;1867712.375;;;0.0491621867;0.0491621867
;US-AL;1993;p99.99p100;7099802.5;;;0.0186882;0.0186882
;US-AL;1993;p90p100;;;;0.4053054452;0.4053054452
;US-AL;1993;p90p91;153978.90625;;;;
;US-AL;1993;p95p96;211971.59375;;;;
;US-AL;1993;p95p100;;;;0.2789773047;0.2789773047
;US-AL;1993;p99.5p100;733624.75;;;0.0965528637;0.0965528637
;US-AL;1992;p0p100;38682.0429688;;75664662528.0;;
;US-AL;1992;p99p100;518704.0625;;;0.134094283;0.134094283
;US-AL;1992;p99.9p100;2044824.875;;;0.0528623834;0.0528623834
;US-AL;1992;p99.99p100;8007101.5;;;0.0206997879;0.0206997879
;US-AL;1992;p90p100;;;;0.4057791233;0.4057791233
;US-AL;1992;p90p91;156963.65625;;;;
;US-AL;1992;p95p96;216027.484375;;;;
;US-AL;1992;p95p100;;;;0.2792348564;0.2792348564
;US-AL;1992;p99.5p100;781964.5;;;0.1010759026;0.1010759026
;US-AL;1991;p0p100;38330.8671875;;73495388160.0;;
;US-AL;1991;p99p100;469169.375;;;0.1223998889;0.1223998889
;US-AL;1991;p99.9p100;1725855.125;;;0.0450252108;0.0450252108
;US-AL;1991;p99.99p100;6325382.0;;;0.01650206;0.01650206
;US-AL;1991;p90p100;;;;0.3922623992;0.3922623992
;US-AL;1991;p90p91;150357.5625;;;;
;US-AL;1991;p95p96;202549.609375;;;;
;US-AL;1991;p95p100;;;;0.2642121613;0.2642121613
;US-AL;1991;p99.5p100;692606.8125;;;0.0903458446;0.0903458446
;US-AL;1990;p0p100;38026.3984375;;73209061376.0;;
;US-AL;1990;p99p100;472656.625;;;0.1242969781;0.1242969781
;US-AL;1990;p99.9p100;1811248.25;;;0.047631342;0.047631342
;US-AL;1990;p99.99p100;6802868.5;;;0.0178898573;0.0178898573
;US-AL;1990;p90p100;;;;0.393373847;0.393373847
;US-AL;1990;p90p91;149585.90625;;;;
;US-AL;1990;p95p96;202264.8125;;;;
;US-AL;1990;p95p100;;;;0.2659531534;0.2659531534
;US-AL;1990;p99.5p100;712087.625;;;0.0936306939;0.0936306939
;US-AL;1989;p0p100;37521.1914062;;72487460864.0;;
;US-AL;1989;p99p100;483589.28125;;;0.1288843155;0.1288843155
;US-AL;1989;p99.9p100;1804376.0;;;0.0480895229;0.0480895229
;US-AL;1989;p99.99p100;6651507.5;;;0.0177273378;0.0177273378
;US-AL;1989;p90p100;;;;0.3958312273;0.3958312273
;US-AL;1989;p90p91;148520.578125;;;;
;US-AL;1989;p95p96;205011.4375;;;;
;US-AL;1989;p95p100;;;;0.2731942236;0.2731942236
;US-AL;1989;p99.5p100;716814.9375;;;0.0955213532;0.0955213532
;US-AL;1988;p0p100;37739.0976562;;71315963904.0;;
;US-AL;1988;p99p100;513077.15625;;;0.1359537691;0.1359537691
;US-AL;1988;p99.9p100;2022599.0;;;0.0535942689;0.0535942689
;US-AL;1988;p99.99p100;7649693.5;;;0.0202699453;0.0202699453
;US-AL;1988;p90p100;;;;0.3968756199;0.3968756199
;US-AL;1988;p90p91;149777.265625;;;;
;US-AL;1988;p95p96;209089.59375;;;;
;US-AL;1988;p95p100;;;;0.2770198882;0.2770198882
;US-AL;1988;p99.5p100;775400.3125;;;0.1027317122;0.1027317122
;US-AL;1987;p0p100;35857.3203125;;66741149696.0;;
;US-AL;1987;p99p100;413118.25;;;0.1152116954;0.1152116954
;US-AL;1987;p99.9p100;1448715.0;;;0.040402215;0.040402215
;US-AL;1987;p99.99p100;5113426.5;;;0.014260482;0.014260482
;US-AL;1987;p90p100;;;;0.3839426041;0.3839426041
;US-AL;1987;p90p91;137671.53125;;;;
;US-AL;1987;p95p96;185490.375;;;;
;US-AL;1987;p95p100;;;;0.2586506307;0.2586506307
;US-AL;1987;p99.5p100;598554.125;;;0.0834633112;0.0834633112
;US-AL;1986;p0p100;37215.546875;;68092297216.0;;
;US-AL;1986;p99p100;562168.1875;;;0.1510573477;0.1510573477
;US-AL;1986;p99.9p100;2456390.0;;;0.0660044104;0.0660044104
;US-AL;1986;p99.99p100;10430875.0;;;0.0280282721;0.0280282721
;US-AL;1986;p90p100;;;;0.4117737114;0.4117737114
;US-AL;1986;p90p91;153243.84375;;;;
;US-AL;1986;p95p96;217993.1875;;;;
;US-AL;1986;p95p100;;;;0.292879194;0.292879194
;US-AL;1986;p99.5p100;874746.375;;;0.1175243258;0.1175243258
;US-AL;1985;p0p100;34804.3554688;;62560079872.0;;
;US-AL;1985;p99p100;413772.59375;;;0.1188852936;0.1188852936
;US-AL;1985;p99.9p100;1573356.5;;;0.0452057347;0.0452057347
;US-AL;1985;p99.99p100;5897740.5;;;0.0169454087;0.0169454087
;US-AL;1985;p90p100;;;;0.3799433112;0.3799433112
;US-AL;1985;p90p91;132236.8125;;;;
;US-AL;1985;p95p96;180407.734375;;;;
;US-AL;1985;p95p100;;;;0.2591740787;0.2591740787
;US-AL;1985;p99.5p100;609462.5625;;;0.0875555053;0.0875555053
;US-AL;1984;p0p100;33790.8515625;;59696615424.0;;
;US-AL;1984;p99p100;404682.9375;;;0.1197610945;0.1197610945
;US-AL;1984;p99.9p100;1550827.25;;;0.0458948873;0.0458948873
;US-AL;1984;p99.99p100;6371843.0;;;0.0188567098;0.0188567098
;US-AL;1984;p90p100;;;;0.3645943403;0.3645943403
;US-AL;1984;p90p91;123199.53125;;;;
;US-AL;1984;p95p96;170369.78125;;;;
;US-AL;1984;p95p100;;;;0.2520945668;0.2520945668
;US-AL;1984;p99.5p100;582414.5;;;0.086179316;0.086179316
;US-AL;1983;p0p100;32479.609375;;56411430912.0;;
;US-AL;1983;p99p100;400868.21875;;;0.1234214902;0.1234214902
;US-AL;1983;p99.9p100;1505461.875;;;0.0463509783;0.0463509783
;US-AL;1983;p99.99p100;6138885.0;;;0.0189007334;0.0189007334
;US-AL;1983;p90p100;;;;0.354421258;0.354421258
;US-AL;1983;p90p91;115114.640625;;;;
;US-AL;1983;p95p96;161729.75;;;;
;US-AL;1983;p95p100;;;;0.248971194;0.248971194
;US-AL;1983;p99.5p100;562395.8125;;;0.0865767449;0.0865767449
;US-AL;1982;p0p100;32063.8007812;;54487027712.0;;
;US-AL;1982;p99p100;347333.53125;;;0.1083257571;0.1083257571
;US-AL;1982;p99.9p100;1343471.625;;;0.041899953;0.041899953
;US-AL;1982;p99.99p100;5578137.5;;;0.0173969958;0.0173969958
;US-AL;1982;p90p100;;;;0.352724731;0.352724731
;US-AL;1982;p90p91;113096.953125;;;;
;US-AL;1982;p95p96;153113.46875;;;;
;US-AL;1982;p95p100;;;;0.2387637645;0.2387637645
;US-AL;1982;p99.5p100;512518.8125;;;0.0799217224;0.0799217224
;US-AL;1981;p0p100;33100.109375;;55311085568.0;;
;US-AL;1981;p99p100;317482.4375;;;0.0959158316;0.0959158316
;US-AL;1981;p99.9p100;973216.375;;;0.0294022094;0.0294022094
;US-AL;1981;p99.99p100;2923959.5;;;0.0088336859;0.0088336859
;US-AL;1981;p90p100;;;;0.3633550107;0.3633550107
;US-AL;1981;p90p91;120270.898438;;;;
;US-AL;1981;p95p96;151146.015625;;;;
;US-AL;1981;p95p100;;;;0.2283164859;0.2283164859
;US-AL;1981;p99.5p100;442257.15625;;;0.066805996;0.066805996
;US-AL;1980;p0p100;34086.921875;;55345942528.0;;
;US-AL;1980;p99p100;337039.21875;;;0.0988764018;0.0988764018
;US-AL;1980;p99.9p100;1042601.25;;;0.0305865444;0.0305865444
;US-AL;1980;p99.99p100;3327436.25;;;0.0097616212;0.0097616212
;US-AL;1980;p90p100;;;;0.3656055033;0.3656055033
;US-AL;1980;p90p91;124623.671875;;;;
;US-AL;1980;p95p96;159308.265625;;;;
;US-AL;1980;p95p100;;;;0.2336794287;0.2336794287
;US-AL;1980;p99.5p100;469897.4375;;;0.0689263493;0.0689263493
;US-AL;1979;p0p100;34236.1523438;;55500333056.0;;
;US-AL;1979;p99p100;328454.21875;;;0.0959378481;0.0959378481
;US-AL;1979;p99.9p100;970960.375;;;0.0283606797;0.0283606797
;US-AL;1979;p99.99p100;2888784.0;;;0.0084378188;0.0084378188
;US-AL;1979;p90p100;;;;0.3560157418;0.3560157418
;US-AL;1979;p90p91;121886.078125;;;;
;US-AL;1979;p95p96;160353.0625;;;;
;US-AL;1979;p95p100;;;;0.2341867834;0.2341867834
;US-AL;1979;p99.5p100;452092.03125;;;0.0660255402;0.0660255402
;US-AL;1978;p0p100;34405.3242188;;53624082432.0;;
;US-AL;1978;p99p100;302743.03125;;;0.0879930779;0.0879930779
;US-AL;1978;p99.9p100;807484.9375;;;0.0234697666;0.0234697666
;US-AL;1978;p99.99p100;2009739.25;;;0.0058413618;0.0058413618
;US-AL;1978;p90p100;;;;0.3458293676;0.3458293676
;US-AL;1978;p90p91;118983.710938;;;;
;US-AL;1978;p95p96;155697.203125;;;;
;US-AL;1978;p95p100;;;;0.2262690663;0.2262690663
;US-AL;1978;p99.5p100;416155.03125;;;0.0604782887;0.0604782887
;US-AL;1977;p0p100;33430.1835938;;50917928960.0;;
;US-AL;1977;p99p100;313812.78125;;;0.0938710868;0.0938710868
;US-AL;1977;p99.9p100;901049.0;;;0.0269531589;0.0269531589
;US-AL;1977;p99.99p100;2811734.5;;;0.0084107658;0.0084107658
;US-AL;1977;p90p100;;;;0.3538758457;0.3538758457
;US-AL;1977;p90p91;118301.34375;;;;
;US-AL;1977;p95p96;153972.15625;;;;
;US-AL;1977;p95p100;;;;0.2302891314;0.2302891314
;US-AL;1977;p99.5p100;434850.53125;;;0.0650386065;0.0650386065
;US-AL;1976;p0p100;33058.9140625;;49236299776.0;;
;US-AL;1976;p99p100;306930.25;;;0.0928434283;0.0928434283
;US-AL;1976;p99.9p100;853642.25;;;0.0258218497;0.0258218497
;US-AL;1976;p99.99p100;2526900.5;;;0.0076436293;0.0076436293
;US-AL;1976;p90p100;;;;0.3558998406;0.3558998406
;US-AL;1976;p90p91;117656.609375;;;;
;US-AL;1976;p95p96;153527.84375;;;;
;US-AL;1976;p95p100;;;;0.2322034091;0.2322034091
;US-AL;1976;p99.5p100;421919.75;;;0.0638133213;0.0638133213
;US-AL;1975;p0p100;31182.5585938;;45441196032.0;;
;US-AL;1975;p99p100;300467.5;;;0.0963575393;0.0963575393
;US-AL;1975;p99.9p100;872500.0;;;0.0279803835;0.0279803835
;US-AL;1975;p99.99p100;2546458.5;;;0.0081662899;0.0081662899
;US-AL;1975;p90p100;;;;0.3619818091;0.3619818091
;US-AL;1975;p90p91;112875.1875;;;;
;US-AL;1975;p95p96;147925.765625;;;;
;US-AL;1975;p95p100;;;;0.2371930927;0.2371930927
;US-AL;1975;p99.5p100;419597.625;;;0.0672808141;0.0672808141
;US-AL;1974;p0p100;32407.5820312;;46195851264.0;;
;US-AL;1974;p99p100;301588.40625;;;0.0930610597;0.0930610597
;US-AL;1974;p99.9p100;862054.0;;;0.0266003758;0.0266003758
;US-AL;1974;p99.99p100;2658902.25;;;0.0082045672;0.0082045672
;US-AL;1974;p90p100;;;;0.3556464612;0.3556464612
;US-AL;1974;p90p91;115256.421875;;;;
;US-AL;1974;p95p96;150984.6875;;;;
;US-AL;1974;p95p100;;;;0.2329465151;0.2329465151
;US-AL;1974;p99.5p100;411371.28125;;;0.0634683669;0.0634683669
;US-AL;1973;p0p100;32806.7109375;;45780828160.0;;
;US-AL;1973;p99p100;318258.75;;;0.0970102474;0.0970102474
;US-AL;1973;p99.9p100;891561.125;;;0.0271761809;0.0271761809
;US-AL;1973;p99.99p100;2671788.0;;;0.0081440294;0.0081440294
;US-AL;1973;p90p100;;;;0.3569305241;0.3569305241
;US-AL;1973;p90p91;117097.171875;;;;
;US-AL;1973;p95p96;154714.296875;;;;
;US-AL;1973;p95p100;;;;0.2357967049;0.2357967049
;US-AL;1973;p99.5p100;441148.4375;;;0.0672344714;0.0672344714
;US-AL;1972;p0p100;31834.5859375;;43474948096.0;;
;US-AL;1972;p99p100;310965.09375;;;0.0976815224;0.0976815224
;US-AL;1972;p99.9p100;942693.8125;;;0.0296122488;0.0296122488
;US-AL;1972;p99.99p100;3001206.5;;;0.0094275018;0.0094275018
;US-AL;1972;p90p100;;;;0.3599790931;0.3599790931
;US-AL;1972;p90p91;114597.867188;;;;
;US-AL;1972;p95p96;150823.21875;;;;
;US-AL;1972;p95p100;;;;0.2368857563;0.2368857563
;US-AL;1972;p99.5p100;440638.53125;;;0.0692075118;0.0692075118
;US-AL;1971;p0p100;30295.7617188;;40445026304.0;;
;US-AL;1971;p99p100;292847.15625;;;0.0966627523;0.0966627523
;US-AL;1971;p99.9p100;811410.9375;;;0.0267829858;0.0267829858
;US-AL;1971;p99.99p100;2212020.0;;;0.0073014172;0.0073014172
;US-AL;1971;p90p100;;;;0.3616077006;0.3616077006
;US-AL;1971;p90p91;109551.804688;;;;
;US-AL;1971;p95p96;143630.0625;;;;
;US-AL;1971;p95p100;;;;0.2370464653;0.2370464653
;US-AL;1971;p99.5p100;402275.875;;;0.0663914457;0.0663914457
;US-AL;1970;p0p100;29753.1308594;;38756810752.0;;
;US-AL;1970;p99p100;268954.71875;;;0.0903954208;0.0903954208
;US-AL;1970;p99.9p100;748766.1875;;;0.0251659602;0.0251659602
;US-AL;1970;p99.99p100;2276856.5;;;0.0076524927;0.0076524927
;US-AL;1970;p90p100;;;;0.3505268395;0.3505268395
;US-AL;1970;p90p91;104292.726562;;;;
;US-AL;1970;p95p96;135510.09375;;;;
;US-AL;1970;p95p100;;;;0.2277240455;0.2277240455
;US-AL;1970;p99.5p100;379040.25;;;0.0636975318;0.0636975318
;US-AL;1969;p0p100;29881.4960938;;38471282688.0;;
;US-AL;1969;p99p100;288232.34375;;;0.0964584649;0.0964584649
;US-AL;1969;p99.9p100;869977.9375;;;0.0291142706;0.0291142706
;US-AL;1969;p99.99p100;2753656.0;;;0.0092152543;0.0092152543
;US-AL;1969;p90p100;;;;0.3522978425;0.3522978425
;US-AL;1969;p90p91;105271.875;;;;
;US-AL;1969;p95p96;139448.125;;;;
;US-AL;1969;p95p100;;;;0.2333352417;0.2333352417
;US-AL;1969;p99.5p100;404153.34375;;;0.0676260218;0.0676260218
;US-AL;1968;p0p100;29474.0253906;;37574389760.0;;
;US-AL;1968;p99p100;304143.125;;;0.1031902283;0.1031902283
;US-AL;1968;p99.9p100;937291.1875;;;0.0318005867;0.0318005867
;US-AL;1968;p99.99p100;3014038.25;;;0.010226083;0.010226083
;US-AL;1968;p90p100;;;;0.3613526821;0.3613526821
;US-AL;1968;p90p91;106505.179688;;;;
;US-AL;1968;p95p96;142930.359375;;;;
;US-AL;1968;p95p100;;;;0.242468372;0.242468372
;US-AL;1968;p99.5p100;432314.3125;;;0.0733381882;0.0733381882
;US-AL;1967;p0p100;28331.21875;;35754164224.0;;
;US-AL;1967;p99p100;282892.0;;;0.0998516828;0.0998516828
;US-AL;1967;p99.9p100;880970.25;;;0.0310953856;0.0310953856
;US-AL;1967;p99.99p100;2978500.25;;;0.010513138;0.010513138
;US-AL;1967;p90p100;;;;0.3599321544;0.3599321544
;US-AL;1967;p90p91;101973.164062;;;;
;US-AL;1967;p95p96;135311.96875;;;;
;US-AL;1967;p95p100;;;;0.2388036251;0.2388036251
;US-AL;1967;p99.5p100;410065.1875;;;0.0723698437;0.0723698437
;US-AL;1966;p0p100;27621.8261719;;34475749376.0;;
;US-AL;1966;p99p100;282203.5;;;0.1021668464;0.1021668464
;US-AL;1966;p99.9p100;885459.0625;;;0.0320564955;0.0320564955
;US-AL;1966;p99.99p100;3330685.25;;;0.0120581649;0.0120581649
;US-AL;1966;p90p100;;;;0.3673113585;0.3673113585
;US-AL;1966;p90p91;101458.109375;;;;
;US-AL;1966;p95p96;133062.421875;;;;
;US-AL;1966;p95p100;;;;0.2408646345;0.2408646345
;US-AL;1966;p99.5p100;398825.3125;;;0.0721938685;0.0721938685
;US-AL;1965;p0p100;26834.3964844;;33101543424.0;;
;US-AL;1965;p99p100;277914.03125;;;0.1035663411;0.1035663411
;US-AL;1965;p99.9p100;807904.625;;;0.030107053;0.030107053
;US-AL;1965;p99.99p100;3883221.75;;;0.0144710606;0.0144710606
;US-AL;1965;p90p100;;;;0.3671476543;0.3671476543
;US-AL;1965;p90p91;98521.859375;;;;
;US-AL;1965;p95p96;129900.679688;;;;
;US-AL;1965;p95p100;;;;0.2420413643;0.2420413643
;US-AL;1965;p99.5p100;391989.84375;;;0.0730386972;0.0730386972
;US-AL;1964;p0p100;25363.2597656;;30890610688.0;;
;US-AL;1964;p99p100;256310.25;;;0.1010557264;0.1010557264
;US-AL;1964;p99.9p100;697629.125;;;0.0275055002;0.0275055002
;US-AL;1964;p99.99p100;1855315.625;;;0.0073149735;0.0073149735
;US-AL;1964;p90p100;;;;0.3652379811;0.3652379811
;US-AL;1964;p90p91;92636.25;;;;
;US-AL;1964;p95p96;122461.632812;;;;
;US-AL;1964;p95p100;;;;0.2414154261;0.2414154261
;US-AL;1964;p99.5p100;346387.40625;;;0.0682852715;0.0682852715
;US-AL;1963;p0p100;23702.2441406;;28461418496.0;;
;US-AL;1963;p99p100;236334.515625;;;0.0997097641;0.0997097641
;US-AL;1963;p99.9p100;676339.0625;;;0.028534811;0.028534811
;US-AL;1963;p99.99p100;2031967.375;;;0.0085728904;0.0085728904
;US-AL;1963;p90p100;;;;0.3634539843;0.3634539843
;US-AL;1963;p90p91;86146.7578125;;;;
;US-AL;1963;p95p96;113656.578125;;;;
;US-AL;1963;p95p100;;;;0.2397591174;0.2397591174
;US-AL;1963;p99.5p100;332811.96875;;;0.0702068508;0.0702068508
;US-AL;1962;p0p100;22627.0527344;;26773573632.0;;
;US-AL;1962;p99p100;214799.25;;;0.0949302837;0.0949302837
;US-AL;1962;p99.9p100;617247.5625;;;0.0272791851;0.0272791851
;US-AL;1962;p99.99p100;1714493.5;;;0.0075771846;0.0075771846
;US-AL;1962;p90p100;;;;0.361060977;0.361060977
;US-AL;1962;p90p91;81697.453125;;;;
;US-AL;1962;p95p96;107083.585938;;;;
;US-AL;1962;p95p100;;;;0.2366273403;0.2366273403
;US-AL;1962;p99.5p100;299118.1875;;;0.0660974681;0.0660974681
;US-AL;1961;p0p100;22525.1796875;;26236995584.0;;
;US-AL;1961;p99p100;208723.6875;;;0.0926623866;0.0926623866
;US-AL;1961;p99.9p100;593984.4375;;;0.0263697971;0.0263697971
;US-AL;1961;p99.99p100;1741766.0;;;0.0077325287;0.0077325287
;US-AL;1961;p90p100;;;;0.3526610136;0.3526610136
;US-AL;1961;p90p91;79437.5390625;;;;
;US-AL;1961;p95p96;104231.367188;;;;
;US-AL;1961;p95p100;;;;0.2313663363;0.2313663363
;US-AL;1961;p99.5p100;287423.375;;;0.0638004616;0.0638004616
;US-AL;1960;p0p100;22222.4960938;;25448794112.0;;
;US-AL;1960;p99p100;218657.0;;;0.0983944312;0.0983944312
;US-AL;1960;p99.9p100;622756.3125;;;0.02802369;0.02802369
;US-AL;1960;p99.99p100;1792083.75;;;0.0080642775;0.0080642775
;US-AL;1960;p90p100;;;;0.3552420139;0.3552420139
;US-AL;1960;p90p91;78943.640625;;;;
;US-AL;1960;p95p96;104913.492188;;;;
;US-AL;1960;p95p100;;;;0.2360524535;0.2360524535
;US-AL;1960;p99.5p100;306495.03125;;;0.0689605325;0.0689605325
;US-AL;1959;p0p100;21875.4921875;;25104463872.0;;
;US-AL;1959;p99p100;229310.234375;;;0.1048251688;0.1048251688
;US-AL;1959;p99.9p100;664593.1875;;;0.0303807165;0.0303807165
;US-AL;1959;p99.99p100;1572025.75;;;0.0071862414;0.0071862414
;US-AL;1959;p90p100;;;;0.3614461422;0.3614461422
;US-AL;1959;p90p91;79068.125;;;;
;US-AL;1959;p95p96;106950.234375;;;;
;US-AL;1959;p95p100;;;;0.2444521636;0.2444521636
;US-AL;1959;p99.5p100;326005.96875;;;0.0745139718;0.0745139718
;US-AL;1958;p0p100;20652.7832031;;23725367296.0;;
;US-AL;1958;p99p100;208842.21875;;;0.101120621;0.101120621
;US-AL;1958;p99.9p100;617188.9375;;;0.0298840571;0.0298840571
;US-AL;1958;p99.99p100;1770960.375;;;0.0085749235;0.0085749235
;US-AL;1958;p90p100;;;;0.3578689396;0.3578689396
;US-AL;1958;p90p91;73909.890625;;;;
;US-AL;1958;p95p96;98322.28125;;;;
;US-AL;1958;p95p100;;;;0.238036409;0.238036409
;US-AL;1958;p99.5p100;297320.375;;;0.0719807073;0.0719807073
;US-AL;1957;p0p100;20476.7617188;;23541747712.0;;
;US-AL;1957;p99p100;197912.046875;;;0.0966520309;0.0966520309
;US-AL;1957;p99.9p100;562729.5625;;;0.0274813771;0.0274813771
;US-AL;1957;p99.99p100;1470655.125;;;0.0071820691;0.0071820691
;US-AL;1957;p90p100;;;;0.3518654406;0.3518654406
;US-AL;1957;p90p91;72050.640625;;;;
;US-AL;1957;p95p96;94831.6796875;;;;
;US-AL;1957;p95p100;;;;0.2315592915;0.2315592915
;US-AL;1957;p99.5p100;275389.71875;;;0.0672444627;0.0672444627
;US-AL;1956;p0p100;20283.0800781;;23300278272.0;;
;US-AL;1956;p99p100;214868.9375;;;0.1059350446;0.1059350446
;US-AL;1956;p99.9p100;694882.625;;;0.0342592224;0.0342592224
;US-AL;1956;p99.99p100;2273942.25;;;0.0112110283;0.0112110283
;US-AL;1956;p90p100;;;;0.362092495;0.362092495
;US-AL;1956;p90p91;73443.5234375;;;;
;US-AL;1956;p95p96;95900.1015625;;;;
;US-AL;1956;p95p100;;;;0.2364041656;0.2364041656
;US-AL;1956;p99.5p100;312851.96875;;;0.0771214068;0.0771214068
;US-AL;1955;p0p100;19614.0507812;;22515863552.0;;
;US-AL;1955;p99p100;220287.9375;;;0.1123112962;0.1123112962
;US-AL;1955;p99.9p100;778651.3125;;;0.0396986492;0.0396986492
;US-AL;1955;p99.99p100;3077996.25;;;0.0156928133;0.0156928133
;US-AL;1955;p90p100;;;;0.3691785634;0.3691785634
;US-AL;1955;p90p91;72410.8671875;;;;
;US-AL;1955;p95p96;93937.4921875;;;;
;US-AL;1955;p95p100;;;;0.2394647896;0.2394647896
;US-AL;1955;p99.5p100;320435.1875;;;0.0816851184;0.0816851184
;US-AL;1954;p0p100;17322.7265625;;19868925952.0;;
;US-AL;1954;p99p100;189442.359375;;;0.1093605831;0.1093605831
;US-AL;1954;p99.9p100;579580.8125;;;0.0334578305;0.0334578305
;US-AL;1954;p99.99p100;1737918.875;;;0.0100325942;0.0100325942
;US-AL;1954;p90p100;;;;0.3816237152;0.3816237152
;US-AL;1954;p90p91;66107.640625;;;;
;US-AL;1954;p95p96;84323.9296875;;;;
;US-AL;1954;p95p100;;;;0.2433910519;0.2433910519
;US-AL;1954;p99.5p100;268069.90625;;;0.0773752034;0.0773752034
;US-AL;1953;p0p100;18102.6152344;;20743284736.0;;
;US-AL;1953;p99p100;179366.546875;;;0.0990832373;0.0990832373
;US-AL;1953;p99.9p100;525543.75;;;0.0290313754;0.0290313754
;US-AL;1953;p99.99p100;1440786.5;;;0.007958997;0.007958997
;US-AL;1953;p90p100;;;;0.3582687974;0.3582687974
;US-AL;1953;p90p91;64856.0195312;;;;
;US-AL;1953;p95p96;80291.15625;;;;
;US-AL;1953;p95p100;;;;0.221766755;0.221766755
;US-AL;1953;p99.5p100;251579.75;;;0.0694871396;0.0694871396
;US-AL;1952;p0p100;17579.8515625;;20140996608.0;;
;US-AL;1952;p99p100;185043.546875;;;0.1052588746;0.1052588746
;US-AL;1952;p99.9p100;537440.1875;;;0.0305713695;0.0305713695
;US-AL;1952;p99.99p100;1453274.625;;;0.008266706;0.008266706
;US-AL;1952;p90p100;;;;0.3707611263;0.3707611263
;US-AL;1952;p90p91;65179.2578125;;;;
;US-AL;1952;p95p96;79818.3125;;;;
;US-AL;1952;p95p100;;;;0.227016449;0.227016449
;US-AL;1952;p99.5p100;262608.0625;;;0.0746900663;0.0746900663
;US-AL;1951;p0p100;16967.5507812;;19421446144.0;;
;US-AL;1951;p99p100;193988.921875;;;0.114329353;0.114329353
;US-AL;1951;p99.9p100;609557.1875;;;0.035924878;0.035924878
;US-AL;1951;p99.99p100;1777651.25;;;0.0104767699;0.0104767699
;US-AL;1951;p90p100;;;;0.3705731332;0.3705731332
;US-AL;1951;p90p91;62877.1796875;;;;
;US-AL;1951;p95p96;85057.671875;;;;
;US-AL;1951;p95p100;;;;0.2506480813;0.2506480813
;US-AL;1951;p99.5p100;280165.40625;;;0.0825591758;0.0825591758
;US-AL;1950;p0p100;15684.0419922;;17934706688.0;;
;US-AL;1950;p99p100;202953.1875;;;0.1294010729;0.1294010729
;US-AL;1950;p99.9p100;642710.3125;;;0.040978618;0.040978618
;US-AL;1950;p99.99p100;1514249.375;;;0.0096547138;0.0096547138
;US-AL;1950;p90p100;;;;0.3860284388;0.3860284388
;US-AL;1950;p90p91;60544.859375;;;;
;US-AL;1950;p95p96;85021.4921875;;;;
;US-AL;1950;p95p100;;;;0.2710445821;0.2710445821
;US-AL;1950;p99.5p100;294626.6875;;;0.0939256176;0.0939256176
;US-AL;1949;p0p100;14146.4335938;;16029395968.0;;
;US-AL;1949;p99p100;167592.046875;;;0.1184694618;0.1184694618
;US-AL;1949;p99.9p100;510907.9375;;;0.0361156687;0.0361156687
;US-AL;1949;p99.99p100;1499738.625;;;0.0106015317;0.0106015317
;US-AL;1949;p90p100;;;;0.383292228;0.383292228
;US-AL;1949;p90p91;54222.1835938;;;;
;US-AL;1949;p95p96;74590.2734375;;;;
;US-AL;1949;p95p100;;;;0.2636363208;0.2636363208
;US-AL;1949;p99.5p100;240500.859375;;;0.0850040615;0.0850040615
;US-AL;1948;p0p100;15017.8671875;;16911887360.0;;
;US-AL;1948;p99p100;181580.75;;;0.1209098101;0.1209098101
;US-AL;1948;p99.9p100;558159.0;;;0.0371663235;0.0371663235
;US-AL;1948;p99.99p100;1515865.5;;;0.0100937467;0.0100937467
;US-AL;1948;p90p100;;;;0.3707843721;0.3707843721
;US-AL;1948;p90p91;55683.9101562;;;;
;US-AL;1948;p95p96;77500.171875;;;;
;US-AL;1948;p95p100;;;;0.2580265403;0.2580265403
;US-AL;1948;p99.5p100;260989.609375;;;0.0868930295;0.0868930295
;US-AL;1947;p0p100;14357.7324219;;16066160640.0;;
;US-AL;1947;p99p100;179880.109375;;;0.1252844781;0.1252844781
;US-AL;1947;p99.9p100;572827.1875;;;0.0398967713;0.0398967713
;US-AL;1947;p99.99p100;1555862.5;;;0.0108364075;0.0108364075
;US-AL;1947;p90p100;;;;0.3738202751;0.3738202751
;US-AL;1947;p90p91;53672.1132812;;;;
;US-AL;1947;p95p96;74770.96875;;;;
;US-AL;1947;p95p100;;;;0.2603857219;0.2603857219
;US-AL;1947;p99.5p100;262315.6875;;;0.0913499743;0.0913499743
;US-AL;1946;p0p100;14542.6015625;;16135195648.0;;
;US-AL;1946;p99p100;201446.15625;;;0.138521418;0.138521418
;US-AL;1946;p99.9p100;650511.5625;;;0.0447314456;0.0447314456
;US-AL;1946;p99.99p100;1789995.875;;;0.0123086367;0.0123086367
;US-AL;1946;p90p100;;;;0.3930737972;0.3930737972
;US-AL;1946;p90p91;57163.1523438;;;;
;US-AL;1946;p95p96;81152.328125;;;;
;US-AL;1946;p95p100;;;;0.2790158689;0.2790158689
;US-AL;1946;p99.5p100;295232.1875;;;0.1015059799;0.1015059799
;US-AL;1945;p0p100;16068.6259766;;17829763072.0;;
;US-AL;1945;p99p100;183904.375;;;0.114449352;0.114449352
;US-AL;1945;p99.9p100;592591.5625;;;0.0368787944;0.0368787944
;US-AL;1945;p99.99p100;1393923.75;;;0.0086748172;0.0086748172
;US-AL;1945;p90p100;;;;0.3339985013;0.3339985013
;US-AL;1945;p90p91;53668.9648438;;;;
;US-AL;1945;p95p96;73936.953125;;;;
;US-AL;1945;p95p100;;;;0.2300662249;0.2300662249
;US-AL;1945;p99.5p100;270684.0625;;;0.0842275172;0.0842275172
;US-AL;1944;p0p100;15787.4082031;;17504749568.0;;
;US-AL;1944;p99p100;203393.953125;;;0.1288330406;0.1288330406
;US-AL;1944;p99.9p100;694617.1875;;;0.0439981781;0.0439981781
;US-AL;1944;p99.99p100;2062736.25;;;0.013065706;0.013065706
;US-AL;1944;p90p100;;;;0.3953252733;0.3953252733
;US-AL;1944;p90p91;62411.609375;;;;
;US-AL;1944;p95p96;85243.4296875;;;;
;US-AL;1944;p95p100;;;;0.2699728608;0.2699728608
;US-AL;1944;p99.5p100;300454.28125;;;0.0951563045;0.0951563045
;US-AL;1943;p0p100;15823.5595703;;17509928960.0;;
;US-AL;1943;p99p100;191842.875;;;0.1212387457;0.1212387457
;US-AL;1943;p99.9p100;691833.1875;;;0.0437217131;0.0437217131
;US-AL;1943;p99.99p100;1795742.75;;;0.0113485381;0.0113485381
;US-AL;1943;p90p100;;;;0.3474766612;0.3474766612
;US-AL;1943;p90p91;54983.1796875;;;;
;US-AL;1943;p95p96;78011.5078125;;;;
;US-AL;1943;p95p100;;;;0.2465042919;0.2465042919
;US-AL;1943;p99.5p100;290676.71875;;;0.091849342;0.091849342
;US-AL;1942;p0p100;13118.9697266;;14459493376.0;;
;US-AL;1942;p99p100;179190.953125;;;0.1365891844;0.1365891844
;US-AL;1942;p99.9p100;661387.0625;;;0.0504145585;0.0504145585
;US-AL;1942;p99.99p100;1870451.125;;;0.0142576061;0.0142576061
;US-AL;1942;p90p100;;;;0.3727510273;0.3727510273
;US-AL;1942;p90p91;48901.0976562;;;;
;US-AL;1942;p95p96;71861.8984375;;;;
;US-AL;1942;p95p100;;;;0.2738854587;0.2738854587
;US-AL;1942;p99.5p100;272594.15625;;;0.1038931236;0.1038931236
;US-AL;1941;p0p100;10024.1103516;;11035289600.0;;
;US-AL;1941;p99p100;165697.78125;;;0.1652992219;0.1652992219
;US-AL;1941;p99.9p100;600050.9375;;;0.0598607622;0.0598607622
;US-AL;1941;p99.99p100;1748936.375;;;0.0174472965;0.0174472965
;US-AL;1941;p90p100;;;;0.4267576933;0.4267576933
;US-AL;1941;p90p91;42778.6679688;;;;
;US-AL;1941;p95p96;66347.0703125;;;;
;US-AL;1941;p95p100;;;;0.3309374154;0.3309374154
;US-AL;1941;p99.5p100;248976.90625;;;0.1241890192;0.1241890192
;US-AL;1940;p0p100;7744.50439453;;8524439552.0;;
;US-AL;1940;p99p100;132012.265625;;;0.1704592854;0.1704592854
;US-AL;1940;p99.9p100;455813.34375;;;0.0588563681;0.0588563681
;US-AL;1940;p99.99p100;1304829.25;;;0.0168484543;0.0168484543
;US-AL;1940;p90p100;;;;0.4942205548;0.4942205548
;US-AL;1940;p90p91;38274.9296875;;;;
;US-AL;1940;p95p96;58138.3242188;;;;
;US-AL;1940;p95p100;;;;0.3753521144;0.3753521144
;US-AL;1940;p99.5p100;194546.78125;;;0.1256031245;0.1256031245
;US-AL;1939;p0p100;7029.96777344;;7630085120.0;;
;US-AL;1939;p99p100;118160.046875;;;0.1680805087;0.1680805087
;US-AL;1939;p99.9p100;372406.5625;;;0.0529741533;0.0529741533
;US-AL;1939;p99.99p100;1011161.4375;;;0.0143835871;0.0143835871
;US-AL;1939;p90p100;;;;0.4327437282;0.4327437282
;US-AL;1939;p90p91;30421.7441406;;;;
;US-AL;1939;p95p96;47959.1992188;;;;
;US-AL;1939;p95p100;;;;0.3411054015;0.3411054015
;US-AL;1939;p99.5p100;166162.140625;;;0.1181813031;0.1181813031
;US-AL;1938;p0p100;6702.80859375;;7183642624.0;;
;US-AL;1938;p99p100;104130.859375;;;0.1553540677;0.1553540677
;US-AL;1938;p99.9p100;330945.1875;;;0.0493741035;0.0493741035
;US-AL;1938;p99.99p100;940595.5;;;0.0140328556;0.0140328556
;US-AL;1938;p90p100;;;;0.3981186152;0.3981186152
;US-AL;1938;p90p91;26685.1308594;;;;
;US-AL;1938;p95p96;40155.6367188;;;;
;US-AL;1938;p95p100;;;;0.2995433509;0.2995433509
;US-AL;1938;p99.5p100;147601.984375;;;0.1101045832;0.1101045832
;US-AL;1937;p0p100;7270.01611328;;7696764416.0;;
;US-AL;1937;p99p100;115553.382812;;;0.158945173;0.158945173
;US-AL;1937;p99.9p100;388919.25;;;0.0534963459;0.0534963459
;US-AL;1937;p99.99p100;1056989.25;;;0.0145390229;0.0145390229
;US-AL;1937;p90p100;;;;0.3845002353;0.3845002353
;US-AL;1937;p90p91;27953.2265625;;;;
;US-AL;1937;p95p96;43334.8046875;;;;
;US-AL;1937;p95p100;;;;0.2980379462;0.2980379462
;US-AL;1937;p99.5p100;167613.125;;;0.1152770072;0.1152770072
;US-AL;1936;p0p100;7100.42333984;;7438894592.0;;
;US-AL;1936;p99p100;113723.90625;;;0.1601649821;0.1601649821
;US-AL;1936;p99.9p100;388093.3125;;;0.0546577685;0.0546577685
;US-AL;1936;p99.99p100;1014072.5625;;;0.0142818606;0.0142818606
;US-AL;1936;p90p100;;;;0.3690363765;0.3690363765
;US-AL;1936;p90p91;26203.1425781;;;;
;US-AL;1936;p95p96;40136.8085938;;;;
;US-AL;1936;p95p100;;;;0.2826367319;0.2826367319
;US-AL;1936;p99.5p100;166493.796875;;;0.1172421575;0.1172421575
;US-AL;1935;p0p100;6277.73193359;;6506871296.0;;
;US-AL;1935;p99p100;90760.734375;;;0.1445756704;0.1445756704
;US-AL;1935;p99.9p100;278481.09375;;;0.0443601459;0.0443601459
;US-AL;1935;p99.99p100;749993.0625;;;0.0119468803;0.0119468803
;US-AL;1935;p90p100;;;;0.3616315424;0.3616315424
;US-AL;1935;p90p91;22702.2578125;;;;
;US-AL;1935;p95p96;33353.1914062;;;;
;US-AL;1935;p95p100;;;;0.2656468153;0.2656468153
;US-AL;1935;p99.5p100;127070.90625;;;0.1012076586;0.1012076586
;US-AL;1934;p0p100;6039.20703125;;6189289984.0;;
;US-AL;1934;p99p100;85239.375;;;0.141143322;0.141143322
;US-AL;1934;p99.9p100;253309.71875;;;0.041944202;0.041944202
;US-AL;1934;p99.99p100;708581.0;;;0.0117330132;0.0117330132
;US-AL;1934;p90p100;;;;0.3564277589;0.3564277589
;US-AL;1934;p90p91;21525.4101562;;;;
;US-AL;1934;p95p96;31871.0410156;;;;
;US-AL;1934;p95p100;;;;0.2638677657;0.2638677657
;US-AL;1934;p99.5p100;118049.664062;;;0.0977360532;0.0977360532
;US-AL;1933;p0p100;5014.31640625;;5084410880.0;;
;US-AL;1933;p99p100;74580.3203125;;;0.1487347484;0.1487347484
;US-AL;1933;p99.9p100;224333.078125;;;0.0447385162;0.0447385162
;US-AL;1933;p99.99p100;769066.4375;;;0.0153374122;0.0153374122
;US-AL;1933;p90p100;;;;0.3812763095;0.3812763095
;US-AL;1933;p90p91;19118.4003906;;;;
;US-AL;1933;p95p96;27307.0683594;;;;
;US-AL;1933;p95p100;;;;0.2722910345;0.2722910345
;US-AL;1933;p99.5p100;101595.929688;;;0.1013058573;0.1013058573
;US-AL;1932;p0p100;4698.50488281;;4715760128.0;;
;US-AL;1932;p99p100;71437.6328125;;;0.1520433426;0.1520433426
;US-AL;1932;p99.9p100;204727.46875;;;0.043572899;0.043572899
;US-AL;1932;p99.99p100;603612.1875;;;0.0128469002;0.0128469002
;US-AL;1932;p90p100;;;;0.41622594;0.41622594
;US-AL;1932;p90p91;19556.3964844;;;;
;US-AL;1932;p95p96;27043.1328125;;;;
;US-AL;1932;p95p100;;;;0.2877844572;0.2877844572
;US-AL;1932;p99.5p100;96259.2578125;;;0.1024360582;0.1024360582
;US-AL;1931;p0p100;5859.04638672;;5817853440.0;;
;US-AL;1931;p99p100;87305.03125;;;0.1490089595;0.1490089595
;US-AL;1931;p99.9p100;271103.59375;;;0.0462709442;0.0462709442
;US-AL;1931;p99.99p100;795599.0;;;0.0135789858;0.0135789858
;US-AL;1931;p90p100;;;;0.3664371669;0.3664371669
;US-AL;1931;p90p91;21469.7226562;;;;
;US-AL;1931;p95p96;29820.0644531;;;;
;US-AL;1931;p95p100;;;;0.254478842;0.254478842
;US-AL;1931;p99.5p100;122075.9375;;;0.104177326;0.104177326
;US-AL;1930;p0p100;6696.6328125;;6569932800.0;;
;US-AL;1930;p99p100;99136.421875;;;0.148039192;0.148039192
;US-AL;1930;p99.9p100;335764.15625;;;0.0501392484;0.0501392484
;US-AL;1930;p99.99p100;1089817.25;;;0.0162741058;0.0162741058
;US-AL;1930;p90p100;;;;0.3332580924;0.3332580924
;US-AL;1930;p90p91;22317.0722656;;;;
;US-AL;1930;p95p96;33063.4414062;;;;
;US-AL;1930;p95p100;;;;0.2468661368;0.2468661368
;US-AL;1930;p99.5p100;141758.296875;;;0.1058429554;0.1058429554
;US-AL;1929;p0p100;8264.703125;;8048283136.0;;
;US-AL;1929;p99p100;120539.132812;;;0.1458480954;0.1458480954
;US-AL;1929;p99.9p100;435597.96875;;;0.0527058169;0.0527058169
;US-AL;1929;p99.99p100;1565541.125;;;0.0189424958;0.0189424958
;US-AL;1929;p90p100;;;;0.298197329;0.298197329
;US-AL;1929;p90p91;24645.1289062;;;;
;US-AL;1929;p95p96;38931.1054688;;;;
;US-AL;1929;p95p100;;;;0.2355263233;0.2355263233
;US-AL;1929;p99.5p100;178764.96875;;;0.1081496477;0.1081496477
;US-AL;1928;p0p100;8001.02539062;;7735379456.0;;
;US-AL;1928;p99p100;143950.953125;;;0.1799156368;0.1799156368
;US-AL;1928;p99.9p100;618811.9375;;;0.0773415789;0.0773415789
;US-AL;1928;p99.99p100;3009680.75;;;0.0376161896;0.0376161896
;US-AL;1928;p90p100;;;;0.3476369977;0.3476369977
;US-AL;1928;p90p91;27814.5214844;;;;
;US-AL;1928;p95p96;44678.1601562;;;;
;US-AL;1928;p95p100;;;;0.2792026997;0.2792026997
;US-AL;1928;p99.5p100;222648.90625;;;0.13913773;0.13913773
;US-AL;1927;p0p100;7894.14501953;;7561702400.0;;
;US-AL;1927;p99p100;125942.039062;;;0.1595385373;0.1595385373
;US-AL;1927;p99.9p100;431909.03125;;;0.0547125787;0.0547125787
;US-AL;1927;p99.99p100;1238316.375;;;0.0156865176;0.0156865176
;US-AL;1927;p90p100;;;;0.3373990655;0.3373990655
;US-AL;1927;p90p91;26634.7714844;;;;
;US-AL;1927;p95p96;41964.3125;;;;
;US-AL;1927;p95p100;;;;0.2657938898;0.2657938898
;US-AL;1927;p99.5p100;185989.46875;;;0.1178021654;0.1178021654
;US-AL;1926;p0p100;8075.39599609;;7651346944.0;;
;US-AL;1926;p99p100;125601.148438;;;0.1555355936;0.1555355936
;US-AL;1926;p99.9p100;426319.03125;;;0.0527923405;0.0527923405
;US-AL;1926;p99.99p100;1214586.625;;;0.015040583;0.015040583
;US-AL;1926;p90p100;;;;0.3319915831;0.3319915831
;US-AL;1926;p90p91;26809.6347656;;;;
;US-AL;1926;p95p96;42350.3164062;;;;
;US-AL;1926;p95p100;;;;0.2622182071;0.2622182071
;US-AL;1926;p99.5p100;184710.703125;;;0.1143663526;0.1143663526
;US-AL;1925;p0p100;7597.29296875;;7122382848.0;;
;US-AL;1925;p99p100;123164.898438;;;0.1621168256;0.1621168256
;US-AL;1925;p99.9p100;414889.8125;;;0.0546102189;0.0546102189
;US-AL;1925;p99.99p100;1112389.0;;;0.0146419145;0.0146419145
;US-AL;1925;p90p100;;;;0.3428627551;0.3428627551
;US-AL;1925;p90p91;26048.2871094;;;;
;US-AL;1925;p95p96;41433.8320312;;;;
;US-AL;1925;p95p100;;;;0.2726881504;0.2726881504
;US-AL;1925;p99.5p100;180261.6875;;;0.1186354831;0.1186354831
;US-AL;1924;p0p100;7508.42773438;;6953537024.0;;
;US-AL;1924;p99p100;111732.90625;;;0.1488099843;0.1488099843
;US-AL;1924;p99.9p100;388185.1875;;;0.0516999327;0.0516999327
;US-AL;1924;p99.99p100;1133947.0;;;0.015102325;0.015102325
;US-AL;1924;p90p100;;;;0.3767516315;0.3767516315
;US-AL;1924;p90p91;28288.1230469;;;;
;US-AL;1924;p95p96;45558.90625;;;;
;US-AL;1924;p95p100;;;;0.3033851385;0.3033851385
;US-AL;1924;p99.5p100;162857.0;;;0.108449474;0.108449474
;US-AL;1923;p0p100;7626.82763672;;6947642880.0;;
;US-AL;1923;p99p100;105145.234375;;;0.1378623545;0.1378623545
;US-AL;1923;p99.9p100;369131.25;;;0.048399061;0.048399061
;US-AL;1923;p99.99p100;1146228.25;;;0.0150288995;0.0150288995
;US-AL;1923;p90p100;;;;0.3661036789;0.3661036789
;US-AL;1923;p90p91;27922.0957031;;;;
;US-AL;1923;p95p96;44794.7226562;;;;
;US-AL;1923;p95p100;;;;0.2936654985;0.2936654985
;US-AL;1923;p99.5p100;153413.703125;;;0.1005750448;0.1005750448
;US-AL;1922;p0p100;6407.93652344;;5752901120.0;;
;US-AL;1922;p99p100;93124.890625;;;0.145327419;0.145327419
;US-AL;1922;p99.9p100;304837.8125;;;0.0475719161;0.0475719161
;US-AL;1922;p99.99p100;817178.0625;;;0.0127525935;0.0127525935
;US-AL;1922;p90p100;;;;0.3866507411;0.3866507411
;US-AL;1922;p90p91;24776.3339844;;;;
;US-AL;1922;p95p96;39104.7304688;;;;
;US-AL;1922;p95p100;;;;0.3051273227;0.3051273227
;US-AL;1922;p99.5p100;132093.03125;;;0.1030698642;0.1030698642
;US-AL;1921;p0p100;5555.57666016;;4931205632.0;;
;US-AL;1921;p99p100;76235.0;;;0.1372224689;0.1372224689
;US-AL;1921;p99.9p100;246870.875;;;0.0444365889;0.0444365889
;US-AL;1921;p99.99p100;770713.125;;;0.0138727836;0.0138727836
;US-AL;1921;p90p100;;;;0.3939069808;0.3939069808
;US-AL;1921;p90p91;21883.8046875;;;;
;US-AL;1921;p95p96;33910.3476562;;;;
;US-AL;1921;p95p100;;;;0.3051919639;0.3051919639
;US-AL;1921;p99.5p100;107552.375;;;0.0967967659;0.0967967659
;US-AL;1920;p0p100;6638.89501953;;5793577472.0;;
;US-AL;1920;p99p100;82505.3046875;;;0.1242756546;0.1242756546
;US-AL;1920;p99.9p100;272747.0;;;0.0410831943;0.0410831943
;US-AL;1920;p99.99p100;744980.375;;;0.0112214517;0.0112214517
;US-AL;1920;p90p100;;;;0.3542598188;0.3542598188
;US-AL;1920;p90p91;23518.9375;;;;
;US-AL;1920;p95p96;36778.1875;;;;
;US-AL;1920;p95p100;;;;0.2769902945;0.2769902945
;US-AL;1920;p99.5p100;118952.929688;;;0.0895879045;0.0895879045
;US-AL;1919;p0p100;7436.32519531;;6404781568.0;;
;US-AL;1919;p99p100;100664.28125;;;0.1353683174;0.1353683174
;US-AL;1919;p99.9p100;339356.96875;;;0.0456350371;0.0456350371
;US-AL;1919;p99.99p100;896342.625;;;0.0120535698;0.0120535698
;US-AL;1919;p90p100;;;;0.337765485;0.337765485
;US-AL;1919;p90p91;25117.3398438;;;;
;US-AL;1919;p95p96;40177.4882812;;;;
;US-AL;1919;p95p100;;;;0.2701434493;0.2701434493
;US-AL;1919;p99.5p100;145496.21875;;;0.0978280455;0.0978280455
;US-AL;1918;p0p100;8425.984375;;7204282880.0;;
;US-AL;1918;p99p100;99572.375;;;0.1181730032;0.1181730032
;US-AL;1918;p99.9p100;318995.90625;;;0.0378585942;0.0378585942
;US-AL;1918;p99.99p100;870570.1875;;;0.0103319716;0.0103319716
;US-AL;1918;p90p100;;;;0.3234152198;0.3234152198
;US-AL;1918;p90p91;27250.9140625;;;;
;US-AL;1918;p95p96;42406.1796875;;;;
;US-AL;1918;p95p100;;;;0.2516393363;0.2516393363
;US-AL;1918;p99.5p100;139723.84375;;;0.0829124823;0.0829124823
;US-AL;1917;p0p100;6315.73583984;;5431332352.0;;
