Variable Name;.;.;.;Fiscal income  | tax unit | Average | Adults | constant 2015 local currency;Fiscal income  | tax unit | Threshold | Adults | constant 2015 local currency;Fiscal income  | tax unit | Total | Adults | constant 2015 local currency;Fiscal income  | tax unit | Share | Adults | share of total (ratio);Pre-tax national income  | tax unit | Share | Adults | share of total (ratio)
Variable Category;.;.;.;Income inequality;Income inequality;Income inequality;Income inequality;Income inequality
Variable Description;.;.;.;Average Fiscal income within a given percentile group. Fiscal income is defined as the sum of all income items reported on income tax returns, before any deduction. It includes labour income, capital income and mixed income. The concept of fiscal income varies with national tax legislations, so in order to make international comparisons it is preferable to use the concept of national income. The population is comprised of individuals over age 20. The base unit is the tax unit defined by national fiscal administrations to measure personal income taxes.;Fiscal income threshold value at a given percentile.  Fiscal income is defined as the sum of all income items reported on income tax returns, before any deduction. It includes labour income, capital income and mixed income. The concept of fiscal income varies with national tax legislations, so in order to make international comparisons it is preferable to use the concept of national income. The population is comprised of individuals over age 20. The base unit is the tax unit defined by national fiscal administrations to measure personal income taxes.;Total Fiscal income  within a given percentile group. Fiscal income is defined as the sum of all income items reported on income tax returns, before any deduction. It includes labour income, capital income and mixed income. The concept of fiscal income varies with national tax legislations, so in order to make international comparisons it is preferable to use the concept of national income. The population is comprised of individuals over age 20.;Fiscal income share held by a given percentile group. Fiscal income is defined as the sum of all income items reported on income tax returns, before any deduction. It includes labour income, capital income and mixed income. The concept of fiscal income varies with national tax legislations, so in order to make international comparisons it is preferable to use the concept of national income. The population is comprised of individuals over age 20. The base unit is the tax unit defined by national fiscal administrations to measure personal income taxes.;Pre-tax national income share held by a given percentile group. Pre-tax national income  is the sum of all pre-tax personal income flows accruing to the owners of the production factors, labor and capital, before taking into account the operation of the tax/transfer system, but after taking into account the operation of pension system. The central difference between personal factor income and pre-tax income is the treatment of pensions, which are counted on a contribution basis by factor income and on a distribution basis by pre-tax income. The population is comprised of individuals over age 20. The base unit is the tax unit defined by national fiscal administrations to measure personal income taxes.
Variable Decomposition;.;.;.;[Fiscal income ]=[Fiscal labour income ]+[Fiscal capital income ];[Fiscal income ]=[Fiscal labour income ]+[Fiscal capital income ];[Fiscal income ]=[Fiscal labour income ]+[Fiscal capital income ];[Fiscal income ]=[Fiscal labour income ]+[Fiscal capital income ];Pre-tax national income =Pre-tax labor income [total pre-tax income ranking]+Pre-tax capital income [total pre-tax income ranking]
Variable Unit;.;.;.;"USD; United States dollar | local currency | market";"USD; United States dollar | local currency | market";"USD; United States dollar | local currency | market";share;share
Methodological Notes;.;.;.;;;;;Assuming the same distribution as fiscal income.
Sources;.;.;.;Frank, Sommeiller, Price & Saez (2015);Frank, Sommeiller, Price & Saez (2015);Frank, Sommeiller, Price & Saez (2015);Frank, Sommeiller, Price & Saez (2015);WID.world computations using: Frank, Sommeiller, Price & Saez (2015)
Variable Code;country;year;perc;afiinc992t;tfiinc992t;mfiinc992t;sfiinc992t;sptinc992t
;US-NV;2014;p0p100;52454.4882812;;78047698944.0;;
;US-NV;2014;p99p100;;339082.5;;0.2490151078;0.2490151078
;US-NV;2014;p99.9p100;;1869109.0;;0.1377971917;0.1377971917
;US-NV;2014;p99.99p100;;10401387.0;;0.074019976;0.074019976
;US-NV;2014;p90p100;;111206.515625;;0.5273316503;0.5273316503
;US-NV;2014;p90p91;280209.5625;;;;
;US-NV;2014;p95p96;426788.53125;;;;
;US-NV;2014;p90p95;133630.609375;111206.515625;;0.1244028956;0.1244028956
;US-NV;2014;p95p99;203289.515625;132508.078125;;0.1538737565;0.1538737565
;US-NV;2014;p99.5p99.9;927941.6875;567613.25;;0.0705325454;0.0705325454
;US-NV;2014;p99.9p99.99;3618550.75;1869109.0;;0.0632159859;0.0632159859
;US-NV;2014;p99p99.5;430618.09375;339082.5;;0.0405606441;0.0405606441
;US-NV;2014;p95p100;;132508.078125;;0.402967304;0.402967304
;US-NV;2014;p0p90;27148.3691406;;;0.4733941853;0.4733941853
;US-NV;2014;p0p99;39643.0742188;;;0.7509849072;0.7509849072
;US-NV;2014;p99.5p100;;567613.25;;0.2084635794;0.2084635794
;US-NV;2014;p99.5p99.6;2210951.0;;;;
;US-NV;2014;p99.99p99.991;40862932.0;;;;
;US-NV;2014;p99.9p99.91;7342989.0;;;;
;US-NV;2014;p99p99.1;1320784.625;;;;
;US-NV;2013;p0p100;51595.2773438;;74211024896.0;;
;US-NV;2013;p99p100;;325578.1875;;0.2765315473;0.2765315473
;US-NV;2013;p99.9p100;;1858203.0;;0.1674574167;0.1674574167
;US-NV;2013;p99.99p100;;11406890.0;;0.1014467552;0.1014467552
;US-NV;2013;p90p100;;112216.414062;;0.5558931828;0.5558931828
;US-NV;2013;p90p91;292942.40625;;;;
;US-NV;2013;p95p96;448332.03125;;;;
;US-NV;2013;p90p95;137552.75;112216.414062;;0.1284487695;0.1284487695
;US-NV;2013;p95p99;198691.734375;126569.46875;;0.1513094753;0.1513094753
;US-NV;2013;p99.5p99.9;902802.9375;557118.875;;0.0688312352;0.0688312352
;US-NV;2013;p99.9p99.99;3761870.25;1858203.0;;0.0654441193;0.0654441193
;US-NV;2013;p99p99.5;417909.4375;325578.1875;;0.0401659533;0.0401659533
;US-NV;2013;p95p100;;126569.46875;;0.4276797175;0.4276797175
;US-NV;2013;p0p90;24778.9296875;;;0.4443536997;0.4443536997
;US-NV;2013;p0p99;37501.359375;;;0.7234684825;0.7234684825
;US-NV;2013;p99.5p100;;557118.875;;0.2362360507;0.2362360507
;US-NV;2013;p99.5p99.6;2475877.0;;;;
;US-NV;2013;p99.99p99.991;53824900.0;;;;
;US-NV;2013;p99.9p99.91;8768173.0;;;;
;US-NV;2013;p99p99.1;1446893.25;;;;
;US-NV;2012;p0p100;51478.3007812;;74460954624.0;;
;US-NV;2012;p99p100;1539179.625;;;0.2989958525;0.2989958525
;US-NV;2012;p99.9p100;9392985.0;;;0.1824649572;0.1824649572
;US-NV;2012;p99.99p100;54180204.0;;;0.10524863;0.10524863
;US-NV;2012;p90p100;;;;0.5741733909;0.5741733909
;US-NV;2012;p90p91;295574.6875;;;;
;US-NV;2012;p95p96;459856.5625;;;;
;US-NV;2012;p95p100;;;;0.4466509223;0.4466509223
;US-NV;2012;p99.5p100;2658939.75;;;0.2582583129;0.2582583129
;US-NV;2011;p0p100;51254.9140625;;70452977664.0;;
;US-NV;2011;p99p100;1170487.125;;;0.2283658534;0.2283658534
;US-NV;2011;p99.9p100;6334557.0;;;0.1235892698;0.1235892698
;US-NV;2011;p99.99p100;33324850.0;;;0.0650178716;0.0650178716
;US-NV;2011;p90p100;;;;0.5024617314;0.5024617314
;US-NV;2011;p90p91;257536.328125;;;;
;US-NV;2011;p95p96;383693.78125;;;;
;US-NV;2011;p95p100;;;;0.374299556;0.374299556
;US-NV;2011;p99.5p100;1940937.75;;;0.1893416345;0.1893416345
;US-NV;2010;p0p100;52711.4335938;;72181178368.0;;
;US-NV;2010;p99p100;1301392.875;;;0.2468900532;0.2468900532
;US-NV;2010;p99.9p100;7770136.5;;;0.1474089324;0.1474089324
;US-NV;2010;p99.99p100;46968164.0;;;0.0891043246;0.0891043246
;US-NV;2010;p90p100;;;;0.5125336647;0.5125336647
;US-NV;2010;p90p91;270163.84375;;;;
;US-NV;2010;p95p96;407618.0625;;;;
;US-NV;2010;p95p100;;;;0.3866505325;0.3866505325
;US-NV;2010;p99.5p100;2210982.5;;;0.2097251415;0.2097251415
;US-NV;2009;p0p100;52847.15625;;71480451072.0;;
;US-NV;2009;p99p100;1123585.375;;;0.2126103789;0.2126103789
;US-NV;2009;p99.9p100;6172849.5;;;0.1168057099;0.1168057099
;US-NV;2009;p99.99p100;34774648.0;;;0.0658023059;0.0658023059
;US-NV;2009;p90p100;;;;0.478585422;0.478585422
;US-NV;2009;p90p91;252918.78125;;;;
;US-NV;2009;p95p96;372447.5625;;;;
;US-NV;2009;p95p100;;;;0.3523818254;0.3523818254
;US-NV;2009;p99.5p100;1854216.75;;;0.1754320264;0.1754320264
;US-NV;2008;p0p100;60330.8164062;;82222071808.0;;
;US-NV;2008;p99p100;1428369.0;;;0.2367561013;0.2367561013
;US-NV;2008;p99.9p100;8264230.5;;;0.1369819045;0.1369819045
;US-NV;2008;p99.99p100;46613540.0;;;0.0772632211;0.0772632211
;US-NV;2008;p90p100;;;;0.4854240716;0.4854240716
;US-NV;2008;p90p91;292860.34375;;;;
;US-NV;2008;p95p96;447576.90625;;;;
;US-NV;2008;p95p100;;;;0.3709355295;0.3709355295
;US-NV;2008;p99.5p100;2408821.0;;;0.1996343583;0.1996343583
;US-NV;2007;p0p100;69888.140625;;92152299520.0;;
;US-NV;2007;p99p100;2113854.5;;;0.3024626076;0.3024626076
;US-NV;2007;p99.9p100;13459148.0;;;0.192581296;0.192581296
;US-NV;2007;p99.99p100;80684392.0;;;0.1154479086;0.1154479086
;US-NV;2007;p90p100;;;;0.5342214704;0.5342214704
;US-NV;2007;p90p91;373357.4375;;;;
;US-NV;2007;p95p96;605607.375;;;;
;US-NV;2007;p95p100;;;;0.4332691133;0.4332691133
;US-NV;2007;p99.5p100;3687703.0;;;0.263828963;0.263828963
;US-NV;2006;p0p100;70088.5078125;;87708147712.0;;
;US-NV;2006;p99p100;2264079.75;;;0.3230315447;0.3230315447
;US-NV;2006;p99.9p100;14435624.0;;;0.205962792;0.205962792
;US-NV;2006;p99.99p100;85413752.0;;;0.1218655705;0.1218655705
;US-NV;2006;p90p100;;;;0.55959481;0.55959481
;US-NV;2006;p90p91;392211.625;;;;
;US-NV;2006;p95p96;644386.375;;;;
;US-NV;2006;p95p100;;;;0.459694773;0.459694773
;US-NV;2006;p99.5p100;3955362.75;;;0.2821691632;0.2821691632
;US-NV;2005;p0p100;68706.3984375;;84179681280.0;;
;US-NV;2005;p99p100;2286276.5;;;0.3327603936;0.3327603936
;US-NV;2005;p99.9p100;14784420.0;;;0.2151825875;0.2151825875
;US-NV;2005;p99.99p100;89057000.0;;;0.1296196729;0.1296196729
;US-NV;2005;p90p100;;;;0.5697697997;0.5697697997
;US-NV;2005;p90p91;391468.3125;;;;
;US-NV;2005;p95p96;648786.9375;;;;
;US-NV;2005;p95p100;;;;0.4721445143;0.4721445143
;US-NV;2005;p99.5p100;4003374.5;;;0.291339308;0.291339308
;US-NV;2004;p0p100;64218.1210938;;74428162048.0;;
;US-NV;2004;p99p100;1988143.5;;;0.3095922768;0.3095922768
;US-NV;2004;p99.9p100;12528285.0;;;0.1950895637;0.1950895637
;US-NV;2004;p99.99p100;75581792.0;;;0.1176954284;0.1176954284
;US-NV;2004;p90p100;;;;0.5549405217;0.5549405217
;US-NV;2004;p90p91;356372.375;;;;
;US-NV;2004;p95p96;580958.1875;;;;
;US-NV;2004;p95p100;;;;0.4523320198;0.4523320198
;US-NV;2004;p99.5p100;3441232.25;;;0.2679331303;0.2679331303
;US-NV;2003;p0p100;62086.25;;65931550720.0;;
;US-NV;2003;p99p100;1444823.75;;;0.2327123433;0.2327123433
;US-NV;2003;p99.9p100;8216426.5;;;0.1323388964;0.1323388964
;US-NV;2003;p99.99p100;46210360.0;;;0.0744293034;0.0744293034
;US-NV;2003;p90p100;;;;0.4739077389;0.4739077389
;US-NV;2003;p90p91;294231.5625;;;;
;US-NV;2003;p95p96;458246.46875;;;;
;US-NV;2003;p95p100;;;;0.3690401912;0.3690401912
;US-NV;2003;p99.5p100;2420226.75;;;0.1949084252;0.1949084252
;US-NV;2002;p0p100;59497.8046875;;62284455936.0;;
;US-NV;2002;p99p100;1353780.125;;;0.2275344878;0.2275344878
;US-NV;2002;p99.9p100;7602110.5;;;0.1277712733;0.1277712733
;US-NV;2002;p99.99p100;41976120.0;;;0.0705507025;0.0705507025
;US-NV;2002;p90p100;;;;0.4698700607;0.4698700607
;US-NV;2002;p90p91;279562.375;;;;
;US-NV;2002;p95p96;434636.65625;;;;
;US-NV;2002;p95p100;;;;0.3652543724;0.3652543724
;US-NV;2002;p99.5p100;2259965.75;;;0.1899200976;0.1899200976
;US-NV;2001;p0p100;61581.0742188;;63104106496.0;;
;US-NV;2001;p99p100;1434310.75;;;0.2329142243;0.2329142243
;US-NV;2001;p99.9p100;7696785.5;;;0.1249862164;0.1249862164
;US-NV;2001;p99.99p100;39441032.0;;;0.0640473366;0.0640473366
;US-NV;2001;p90p100;;;;0.470495075;0.470495075
;US-NV;2001;p90p91;289735.90625;;;;
;US-NV;2001;p95p96;454556.59375;;;;
;US-NV;2001;p95p100;;;;0.3690716624;0.3690716624
;US-NV;2001;p99.5p100;2371561.25;;;0.1925560236;0.1925560236
;US-NV;2000;p0p100;66005.234375;;65180573696.0;;
;US-NV;2000;p99p100;1853677.25;;;0.2808378935;0.2808378935
;US-NV;2000;p99.9p100;10903115.0;;;0.1651856005;0.1651856005
;US-NV;2000;p99.99p100;58995696.0;;;0.0893803313;0.0893803313
;US-NV;2000;p90p100;;;;0.5120620131;0.5120620131
;US-NV;2000;p90p91;337987.78125;;;;
;US-NV;2000;p95p96;547314.4375;;;;
;US-NV;2000;p95p100;;;;0.4145992398;0.4145992398
;US-NV;2000;p99.5p100;3157531.5;;;0.2391879559;0.2391879559
;US-NV;1999;p0p100;69838.0859375;;61509300224.0;;
;US-NV;1999;p99p100;1743642.375;;;0.2496692687;0.2496692687
;US-NV;1999;p99.9p100;9401816.0;;;0.1346230507;0.1346230507
;US-NV;1999;p99.99p100;45841292.0;;;0.0656393915;0.0656393915
;US-NV;1999;p90p100;;;;0.4769088626;0.4769088626
;US-NV;1999;p90p91;333064.03125;;;;
;US-NV;1999;p95p96;533122.875;;;;
;US-NV;1999;p95p100;;;;0.3816849291;0.3816849291
;US-NV;1999;p99.5p100;2906136.25;;;0.2080624253;0.2080624253
;US-NV;1998;p0p100;65342.3476562;;56017092608.0;;
;US-NV;1998;p99p100;1704842.75;;;0.2609093189;0.2609093189
;US-NV;1998;p99.9p100;9699811.0;;;0.1484460086;0.1484460086
;US-NV;1998;p99.99p100;50500036.0;;;0.0772853121;0.0772853121
;US-NV;1998;p90p100;;;;0.4895139039;0.4895139039
;US-NV;1998;p90p91;319859.90625;;;;
;US-NV;1998;p95p96;512546.1875;;;;
;US-NV;1998;p95p100;;;;0.3922005892;0.3922005892
;US-NV;1998;p99.5p100;2884897.5;;;0.2207525074;0.2207525074
;US-NV;1997;p0p100;61554.4414062;;50493607936.0;;
;US-NV;1997;p99p100;1419466.75;;;0.2306034416;0.2306034416
;US-NV;1997;p99.9p100;7559530.0;;;0.1228104606;0.1228104606
;US-NV;1997;p99.99p100;37228972.0;;;0.0604813732;0.0604813732
;US-NV;1997;p90p100;;;;0.4643546641;0.4643546641
;US-NV;1997;p90p91;285830.9375;;;;
;US-NV;1997;p95p96;448610.875;;;;
;US-NV;1997;p95p100;;;;0.3644016683;0.3644016683
;US-NV;1997;p99.5p100;2367005.75;;;0.1922692806;0.1922692806
;US-NV;1996;p0p100;58267.1757812;;45646778368.0;;
;US-NV;1996;p99p100;1358652.625;;;0.2331763357;0.2331763357
;US-NV;1996;p99.9p100;7662049.0;;;0.1314985454;0.1314985454
;US-NV;1996;p99.99p100;42064912.0;;;0.0721931532;0.0721931532
;US-NV;1996;p90p100;;;;0.4716792107;0.4716792107
;US-NV;1996;p90p91;274834.15625;;;;
;US-NV;1996;p95p96;429247.1875;;;;
;US-NV;1996;p95p100;;;;0.3683439195;0.3683439195
;US-NV;1996;p99.5p100;2274393.5;;;0.1951693743;0.1951693743
;US-NV;1995;p0p100;53632.75;;41115099136.0;;
;US-NV;1995;p99p100;1105842.75;;;0.2061879486;0.2061879486
;US-NV;1995;p99.9p100;5794441.5;;;0.1080392376;0.1080392376
;US-NV;1995;p99.99p100;29579082.0;;;0.0551511534;0.0551511534
;US-NV;1995;p90p100;;;;0.4479656518;0.4479656518
;US-NV;1995;p90p91;240256.328125;;;;
;US-NV;1995;p95p96;366608.40625;;;;
;US-NV;1995;p95p100;;;;0.3417766094;0.3417766094
;US-NV;1995;p99.5p100;1811972.0;;;0.1689240187;0.1689240187
;US-NV;1994;p0p100;51628.6289062;;37549936640.0;;
;US-NV;1994;p99p100;1037894.9375;;;0.2010308802;0.2010308802
;US-NV;1994;p99.9p100;5490906.0;;;0.1063538939;0.1063538939
;US-NV;1994;p99.99p100;29159092.0;;;0.0564785302;0.0564785302
;US-NV;1994;p90p100;;;;0.4414995909;0.4414995909
;US-NV;1994;p90p91;227940.203125;;;;
;US-NV;1994;p95p96;345684.3125;;;;
;US-NV;1994;p95p100;;;;0.33477965;0.33477965
;US-NV;1994;p99.5p100;1702109.5;;;0.1648416221;0.1648416221
;US-NV;1993;p0p100;50261.828125;;34518507520.0;;
;US-NV;1993;p99p100;1050758.5;;;0.2090569437;0.2090569437
;US-NV;1993;p99.9p100;5719861.5;;;0.1138013005;0.1138013005
;US-NV;1993;p99.99p100;31288726.0;;;0.0622514673;0.0622514673
;US-NV;1993;p90p100;;;;0.4508496225;0.4508496225
;US-NV;1993;p90p91;226605.265625;;;;
;US-NV;1993;p95p96;346987.4375;;;;
;US-NV;1993;p95p100;;;;0.3451798856;0.3451798856
;US-NV;1993;p99.5p100;1742071.5;;;0.1732996553;0.1732996553
;US-NV;1992;p0p100;49641.8164062;;33018095616.0;;
;US-NV;1992;p99p100;1090412.375;;;0.2196560353;0.2196560353
;US-NV;1992;p99.9p100;6044463.0;;;0.1217615232;0.1217615232
;US-NV;1992;p99.99p100;33281842.0;;;0.0670439675;0.0670439675
;US-NV;1992;p90p100;;;;0.4598818123;0.4598818123
;US-NV;1992;p90p91;228293.6875;;;;
;US-NV;1992;p95p96;352174.21875;;;;
;US-NV;1992;p95p100;;;;0.3547152877;0.3547152877
;US-NV;1992;p99.5p100;1821460.5;;;0.1834603101;0.1834603101
;US-NV;1991;p0p100;48626.8359375;;30712033280.0;;
;US-NV;1991;p99p100;945751.875;;;0.1944917589;0.1944917589
;US-NV;1991;p99.9p100;4839757.0;;;0.0995285213;0.0995285213
;US-NV;1991;p99.99p100;24676160.0;;;0.0507459752;0.0507459752
;US-NV;1991;p90p100;;;;0.4377837181;0.4377837181
;US-NV;1991;p90p91;212880.359375;;;;
;US-NV;1991;p95p96;322080.40625;;;;
;US-NV;1991;p95p100;;;;0.3311755657;0.3311755657
;US-NV;1991;p99.5p100;1542032.375;;;0.1585577577;0.1585577577
;US-NV;1990;p0p100;49533.78125;;29621710848.0;;
;US-NV;1990;p99p100;1045889.125;;;0.2111466229;0.2111466229
;US-NV;1990;p99.9p100;5328415.5;;;0.1075713411;0.1075713411
;US-NV;1990;p99.99p100;26757100.0;;;0.0540178791;0.0540178791
;US-NV;1990;p90p100;;;;0.4600352943;0.4600352943
;US-NV;1990;p90p91;227872.890625;;;;
;US-NV;1990;p95p96;346741.0625;;;;
;US-NV;1990;p95p100;;;;0.3500046134;0.3500046134
;US-NV;1990;p99.5p100;1709994.25;;;0.1726088822;0.1726088822
;US-NV;1989;p0p100;51402.40625;;27654369280.0;;
;US-NV;1989;p99p100;949986.0;;;0.1848135293;0.1848135293
;US-NV;1989;p99.9p100;4542487.0;;;0.0883710906;0.0883710906
;US-NV;1989;p99.99p100;21459162.0;;;0.0417473875;0.0417473875
;US-NV;1989;p90p100;;;;0.442912221;0.442912221
;US-NV;1989;p90p91;227667.53125;;;;
;US-NV;1989;p95p96;338626.8125;;;;
;US-NV;1989;p95p100;;;;0.3293881118;0.3293881118
;US-NV;1989;p99.5p100;1517317.125;;;0.1475920379;0.1475920379
;US-NV;1988;p0p100;51694.9765625;;26196297728.0;;
;US-NV;1988;p99p100;1143273.75;;;0.2211576104;0.2211576104
;US-NV;1988;p99.9p100;6173500.0;;;0.1194216534;0.1194216534
;US-NV;1988;p99.99p100;31983038.0;;;0.061868757;0.061868757
;US-NV;1988;p90p100;;;;0.4713146985;0.4713146985
;US-NV;1988;p90p91;243646.015625;;;;
;US-NV;1988;p95p96;373923.53125;;;;
;US-NV;1988;p95p100;;;;0.3616633415;0.3616633415
;US-NV;1988;p99.5p100;1899461.5;;;0.1837181896;0.1837181896
;US-NV;1987;p0p100;47983.40625;;23210000384.0;;
;US-NV;1987;p99p100;726265.25;;;0.1513575763;0.1513575763
;US-NV;1987;p99.9p100;3187425.5;;;0.066427663;0.066427663
;US-NV;1987;p99.99p100;14080087.0;;;0.0293436572;0.0293436572
;US-NV;1987;p90p100;;;;0.4030302763;0.4030302763
;US-NV;1987;p90p91;193387.65625;;;;
;US-NV;1987;p95p96;278764.34375;;;;
;US-NV;1987;p95p100;;;;0.2904799581;0.2904799581
;US-NV;1987;p99.5p100;1125785.0;;;0.1173098311;0.1173098311
;US-NV;1986;p0p100;49978.4375;;23106160640.0;;
;US-NV;1986;p99p100;1023364.375;;;0.2047611922;0.2047611922
;US-NV;1986;p99.9p100;5605995.5;;;0.1121682897;0.1121682897
;US-NV;1986;p99.99p100;29975748.0;;;0.0599773675;0.0599773675
;US-NV;1986;p90p100;;;;0.438782841;0.438782841
;US-NV;1986;p90p91;219296.78125;;;;
;US-NV;1986;p95p96;335946.53125;;;;
;US-NV;1986;p95p100;;;;0.3360914886;0.3360914886
;US-NV;1986;p99.5p100;1707457.875;;;0.1708194613;0.1708194613
;US-NV;1985;p0p100;46740.3359375;;21228881920.0;;
;US-NV;1985;p99p100;805324.0625;;;0.172297433;0.172297433
;US-NV;1985;p99.9p100;4270647.0;;;0.0913696215;0.0913696215
;US-NV;1985;p99.99p100;22853456.0;;;0.0488945022;0.0488945022
;US-NV;1985;p90p100;;;;0.4047956467;0.4047956467
;US-NV;1985;p90p91;189202.859375;;;;
;US-NV;1985;p95p96;282672.8125;;;;
;US-NV;1985;p95p100;;;;0.3023863733;0.3023863733
;US-NV;1985;p99.5p100;1316681.375;;;0.1408506483;0.1408506483
;US-NV;1984;p0p100;45379.2539062;;20257204224.0;;
;US-NV;1984;p99p100;621241.125;;;0.136899814;0.136899814
;US-NV;1984;p99.9p100;3035951.0;;;0.0669017434;0.0669017434
;US-NV;1984;p99.99p100;15415184.0;;;0.0339696743;0.0339696743
;US-NV;1984;p90p100;;;;0.3620581925;0.3620581925
;US-NV;1984;p90p91;164299.3125;;;;
;US-NV;1984;p95p96;236741.5;;;;
;US-NV;1984;p95p100;;;;0.2608477175;0.2608477175
;US-NV;1984;p99.5p100;988076.75;;;0.1088687778;0.1088687778
;US-NV;1983;p0p100;43618.3320312;;19142422528.0;;
;US-NV;1983;p99p100;450685.625;;;0.1033248305;0.1033248305
;US-NV;1983;p99.9p100;1840728.625;;;0.0422008075;0.0422008075
;US-NV;1983;p99.99p100;7492568.0;;;0.0171775687;0.0171775687
;US-NV;1983;p90p100;;;;0.3249953985;0.3249953985
;US-NV;1983;p90p91;141757.546875;;;;
;US-NV;1983;p95p96;194769.125;;;;
;US-NV;1983;p95p100;;;;0.2232652307;0.2232652307
;US-NV;1983;p99.5p100;686208.125;;;0.0786605254;0.0786605254
;US-NV;1982;p0p100;45634.9453125;;18608654336.0;;
;US-NV;1982;p99p100;445379.4375;;;0.0975961387;0.0975961387
;US-NV;1982;p99.9p100;1722709.125;;;0.0377497785;0.0377497785
;US-NV;1982;p99.99p100;7152743.5;;;0.0156738292;0.0156738292
;US-NV;1982;p90p100;;;;0.3148661554;0.3148661554
;US-NV;1982;p90p91;143689.0;;;;
;US-NV;1982;p95p96;194457.640625;;;;
;US-NV;1982;p95p100;;;;0.213057816;0.213057816
;US-NV;1982;p99.5p100;657193.5625;;;0.0720055103;0.0720055103
;US-NV;1981;p0p100;54237.8476562;;18590713856.0;;
;US-NV;1981;p99p100;602073.9375;;;0.1110062376;0.1110062376
;US-NV;1981;p99.9p100;2816626.75;;;0.0519310236;0.0519310236
;US-NV;1981;p99.99p100;13730665.0;;;0.0253156517;0.0253156517
;US-NV;1981;p90p100;;;;0.3116143942;0.3116143942
;US-NV;1981;p90p91;169012.921875;;;;
;US-NV;1981;p95p96;234614.1875;;;;
;US-NV;1981;p95p100;;;;0.2162827253;0.2162827253
;US-NV;1981;p99.5p100;938572.4375;;;0.0865237564;0.0865237564
;US-NV;1980;p0p100;55599.8164062;;18262810624.0;;
;US-NV;1980;p99p100;613184.25;;;0.1102853119;0.1102853119
;US-NV;1980;p99.9p100;2625947.0;;;0.0472294204;0.0472294204
;US-NV;1980;p99.99p100;11581253.0;;;0.0208296608;0.0208296608
;US-NV;1980;p90p100;;;;0.3018857539;0.3018857539
;US-NV;1980;p90p91;167847.90625;;;;
;US-NV;1980;p95p96;243281.828125;;;;
;US-NV;1980;p95p100;;;;0.2187793553;0.2187793553
;US-NV;1980;p99.5p100;941028.875;;;0.0846251845;0.0846251845
;US-NV;1979;p0p100;57671.9257812;;17306429440.0;;
;US-NV;1979;p99p100;667811.5625;;;0.1157949045;0.1157949045
;US-NV;1979;p99.9p100;3118607.25;;;0.054074958;0.054074958
;US-NV;1979;p99.99p100;15740535.0;;;0.0272932351;0.0272932351
;US-NV;1979;p90p100;;;;0.3167118132;0.3167118132
;US-NV;1979;p90p91;182653.8125;;;;
;US-NV;1979;p95p96;260845.640625;;;;
;US-NV;1979;p95p100;;;;0.2261460871;0.2261460871
;US-NV;1979;p99.5p100;1035327.625;;;0.0897600949;0.0897600949
;US-NV;1978;p0p100;53253.2851562;;15915352064.0;;
;US-NV;1978;p99p100;561636.3125;;;0.1054650992;0.1054650992
;US-NV;1978;p99.9p100;2177494.25;;;0.0408893861;0.0408893861
;US-NV;1978;p99.99p100;9227272.0;;;0.017327141;0.017327141
;US-NV;1978;p90p100;;;;0.3175233006;0.3175233006
;US-NV;1978;p90p91;169091.59375;;;;
;US-NV;1978;p95p96;233635.5;;;;
;US-NV;1978;p95p100;;;;0.2193625271;0.2193625271
;US-NV;1978;p99.5p100;832363.125;;;0.0781513378;0.0781513378
;US-NV;1977;p0p100;49618.3867188;;14108470272.0;;
;US-NV;1977;p99p100;514023.3125;;;0.1035953388;0.1035953388
;US-NV;1977;p99.9p100;2029932.375;;;0.0409108885;0.0409108885
;US-NV;1977;p99.99p100;8883763.0;;;0.0179041754;0.0179041754
;US-NV;1977;p90p100;;;;0.3216127157;0.3216127157
;US-NV;1977;p90p91;159579.046875;;;;
;US-NV;1977;p95p96;213083.875;;;;
;US-NV;1977;p95p100;;;;0.214722693;0.214722693
;US-NV;1977;p99.5p100;767708.5625;;;0.0773613006;0.0773613006
;US-NV;1976;p0p100;48220.5625;;13052814336.0;;
;US-NV;1976;p99p100;440348.78125;;;0.09131971;0.09131971
;US-NV;1976;p99.9p100;1527225.625;;;0.0316716656;0.0316716656
;US-NV;1976;p99.99p100;6075035.5;;;0.0125984326;0.0125984326
;US-NV;1976;p90p100;;;;0.3092837036;0.3092837036
;US-NV;1976;p90p91;149138.34375;;;;
;US-NV;1976;p95p96;200469.0;;;;
;US-NV;1976;p95p100;;;;0.2078667134;0.2078667134
;US-NV;1976;p99.5p100;629399.25;;;0.0652625337;0.0652625337
;US-NV;1975;p0p100;46223.1796875;;11919073280.0;;
;US-NV;1975;p99p100;410546.9375;;;0.0888184085;0.0888184085
;US-NV;1975;p99.9p100;1407817.75;;;0.0304569639;0.0304569639
;US-NV;1975;p99.99p100;5158993.5;;;0.0111610526;0.0111610526
;US-NV;1975;p90p100;;;;0.3075171411;0.3075171411
;US-NV;1975;p90p91;142144.203125;;;;
;US-NV;1975;p95p96;190536.90625;;;;
;US-NV;1975;p95p100;;;;0.2061053663;0.2061053663
;US-NV;1975;p99.5p100;593776.6875;;;0.0642293245;0.0642293245
;US-NV;1974;p0p100;48687.3085938;;11956014080.0;;
;US-NV;1974;p99p100;419086.5;;;0.0860771537;0.0860771537
;US-NV;1974;p99.9p100;1278905.5;;;0.026267739;0.026267739
;US-NV;1974;p99.99p100;4200348.5;;;0.008627194;0.008627194
;US-NV;1974;p90p100;;;;0.3079661727;0.3079661727
;US-NV;1974;p90p91;149940.4375;;;;
;US-NV;1974;p95p96;200348.453125;;;;
;US-NV;1974;p95p100;;;;0.2057501823;0.2057501823
;US-NV;1974;p99.5p100;583006.8125;;;0.0598725714;0.0598725714
;US-NV;1973;p0p100;50524.9101562;;11825255424.0;;
;US-NV;1973;p99p100;503707.5;;;0.0996948853;0.0996948853
;US-NV;1973;p99.9p100;1846867.625;;;0.0365536064;0.0365536064
;US-NV;1973;p99.99p100;6645745.0;;;0.0131534031;0.0131534031
;US-NV;1973;p90p100;;;;0.3178676665;0.3178676665
;US-NV;1973;p90p91;160602.359375;;;;
;US-NV;1973;p95p96;219550.421875;;;;
;US-NV;1973;p95p100;;;;0.2172694802;0.2172694802
;US-NV;1973;p99.5p100;747117.4375;;;0.073935546;0.073935546
;US-NV;1972;p0p100;49701.2578125;;11083092992.0;;
;US-NV;1972;p99p100;506063.09375;;;0.1018209755;0.1018209755
;US-NV;1972;p99.9p100;1998045.875;;;0.0402011126;0.0402011126
;US-NV;1972;p99.99p100;7947902.5;;;0.0159913506;0.0159913506
;US-NV;1972;p90p100;;;;0.3043152988;0.3043152988
;US-NV;1972;p90p91;151248.53125;;;;
;US-NV;1972;p95p96;204373.203125;;;;
;US-NV;1972;p95p100;;;;0.2056016475;0.2056016475
;US-NV;1972;p99.5p100;744078.875;;;0.0748551339;0.0748551339
;US-NV;1971;p0p100;48542.546875;;10302182400.0;;
;US-NV;1971;p99p100;446614.53125;;;0.0920047536;0.0920047536
;US-NV;1971;p99.9p100;1546630.125;;;0.0318613313;0.0318613313
;US-NV;1971;p99.99p100;6179366.0;;;0.0127297929;0.0127297929
;US-NV;1971;p90p100;;;;0.3078506887;0.3078506887
;US-NV;1971;p90p91;149438.5625;;;;
;US-NV;1971;p95p96;204336.75;;;;
;US-NV;1971;p95p100;;;;0.210471794;0.210471794
;US-NV;1971;p99.5p100;641940.5625;;;0.0661214292;0.0661214292
;US-NV;1970;p0p100;48144.09375;;9706250240.0;;
;US-NV;1970;p99p100;413679.0;;;0.0859251767;0.0859251767
;US-NV;1970;p99.9p100;1383933.0;;;0.0287456438;0.0287456438
;US-NV;1970;p99.99p100;4670647.0;;;0.0097013908;0.0097013908
;US-NV;1970;p90p100;;;;0.2857265174;0.2857265174
;US-NV;1970;p90p91;137560.4375;;;;
;US-NV;1970;p95p96;184172.203125;;;;
;US-NV;1970;p95p100;;;;0.1912718415;0.1912718415
;US-NV;1970;p99.5p100;589158.0;;;0.0611869469;0.0611869469
;US-NV;1969;p0p100;48386.1171875;;9261461504.0;;
;US-NV;1969;p99p100;752500.125;;;0.1555198431;0.1555198431
;US-NV;1969;p99.9p100;4627380.0;;;0.0956344604;0.0956344604
;US-NV;1969;p99.99p100;34213620.0;;;0.0707095787;0.0707095787
;US-NV;1969;p90p100;;;;0.365911752;0.365911752
;US-NV;1969;p90p91;177050.484375;;;;
;US-NV;1969;p95p96;262569.375;;;;
;US-NV;1969;p95p100;;;;0.2713271677;0.2713271677
;US-NV;1969;p99.5p100;1267351.5;;;0.1309623122;0.1309623122
;US-NV;1968;p0p100;48660.984375;;8859091968.0;;
;US-NV;1968;p99p100;700809.6875;;;0.144018814;0.144018814
;US-NV;1968;p99.9p100;3901784.75;;;0.0801830292;0.0801830292
;US-NV;1968;p99.99p100;24545766.0;;;0.0504423939;0.0504423939
;US-NV;1968;p90p100;;;;0.3505585194;0.3505585194
;US-NV;1968;p90p91;170585.234375;;;;
;US-NV;1968;p95p96;248172.953125;;;;
;US-NV;1968;p95p100;;;;0.255001992;0.255001992
;US-NV;1968;p99.5p100;1147531.5;;;0.1179108396;0.1179108396
;US-NV;1967;p0p100;45701.03125;;7911786496.0;;
;US-NV;1967;p99p100;492503.4375;;;0.1077663824;0.1077663824
;US-NV;1967;p99.9p100;2165108.5;;;0.0473754816;0.0473754816
;US-NV;1967;p99.99p100;10681223.0;;;0.0233719535;0.0233719535
;US-NV;1967;p90p100;;;;0.3211925328;0.3211925328
;US-NV;1967;p90p91;146788.296875;;;;
;US-NV;1967;p95p96;201459.671875;;;;
;US-NV;1967;p95p100;;;;0.2204104215;0.2204104215
;US-NV;1967;p99.5p100;752465.1875;;;0.0823247582;0.0823247582
;US-NV;1966;p0p100;46118.2695312;;7584953344.0;;
;US-NV;1966;p99p100;432281.28125;;;0.0937331989;0.0937331989
;US-NV;1966;p99.9p100;1718619.625;;;0.0372654833;0.0372654833
;US-NV;1966;p99.99p100;7366765.0;;;0.0159736369;0.0159736369
;US-NV;1966;p90p100;;;;0.3141518533;0.3141518533
;US-NV;1966;p90p91;144881.40625;;;;
;US-NV;1966;p95p96;199794.015625;;;;
;US-NV;1966;p95p100;;;;0.2166104764;0.2166104764
;US-NV;1966;p99.5p100;648266.9375;;;0.0702830851;0.0702830851
;US-NV;1965;p0p100;47362.0507812;;7394976768.0;;
;US-NV;1965;p99p100;472214.6875;;;0.0997031704;0.0997031704
;US-NV;1965;p99.9p100;1787823.0;;;0.037748009;0.037748009
;US-NV;1965;p99.99p100;7539119.0;;;0.0159180574;0.0159180574
;US-NV;1965;p90p100;;;;0.304023236;0.304023236
;US-NV;1965;p90p91;143991.640625;;;;
;US-NV;1965;p95p96;201582.734375;;;;
;US-NV;1965;p95p100;;;;0.2128103822;0.2128103822
;US-NV;1965;p99.5p100;691707.625;;;0.0730234012;0.0730234012
;US-NV;1964;p0p100;47447.109375;;7026070016.0;;
;US-NV;1964;p99p100;463266.3125;;;0.0976384729;0.0976384729
;US-NV;1964;p99.9p100;1617468.375;;;0.0340899266;0.0340899266
;US-NV;1964;p99.99p100;6381716.0;;;0.0134501699;0.0134501699
;US-NV;1964;p90p100;;;;0.3019542694;0.3019542694
;US-NV;1964;p90p91;143268.5625;;;;
;US-NV;1964;p95p96;201028.1875;;;;
;US-NV;1964;p95p100;;;;0.2118445039;0.2118445039
;US-NV;1964;p99.5p100;656206.3125;;;0.0691513494;0.0691513494
;US-NV;1963;p0p100;46415.7070312;;6509456384.0;;
;US-NV;1963;p99p100;460438.15625;;;0.099198781;0.099198781
;US-NV;1963;p99.9p100;1807428.25;;;0.0389400125;0.0389400125
;US-NV;1963;p99.99p100;7831620.0;;;0.0168727785;0.0168727785
;US-NV;1963;p90p100;;;;0.3022539616;0.3022539616
;US-NV;1963;p90p91;140293.328125;;;;
;US-NV;1963;p95p96;196734.09375;;;;
;US-NV;1963;p95p100;;;;0.2119262069;0.2119262069
;US-NV;1963;p99.5p100;689005.5;;;0.0742211565;0.0742211565
;US-NV;1962;p0p100;43709.40625;;5802261504.0;;
;US-NV;1962;p99p100;400967.125;;;0.0917347521;0.0917347521
;US-NV;1962;p99.9p100;1418563.125;;;0.0324544124;0.0324544124
;US-NV;1962;p99.99p100;4877662.5;;;0.011159298;0.011159298
;US-NV;1962;p90p100;;;;0.2923391461;0.2923391461
;US-NV;1962;p90p91;127779.710938;;;;
;US-NV;1962;p95p96;172924.0;;;;
;US-NV;1962;p95p100;;;;0.1978109777;0.1978109777
;US-NV;1962;p99.5p100;579982.0;;;0.0663452223;0.0663452223
;US-NV;1961;p0p100;39107.4023438;;4908855296.0;;
;US-NV;1961;p99p100;429517.3125;;;0.1098301709;0.1098301709
;US-NV;1961;p99.9p100;1439054.875;;;0.0367975049;0.0367975049
;US-NV;1961;p99.99p100;4829826.5;;;0.0123501578;0.0123501578
;US-NV;1961;p90p100;;;;0.3359015584;0.3359015584
;US-NV;1961;p90p91;131362.390625;;;;
;US-NV;1961;p95p96;183861.6875;;;;
;US-NV;1961;p95p100;;;;0.235072732;0.235072732
;US-NV;1961;p99.5p100;627590.8125;;;0.0802393854;0.0802393854
;US-NV;1960;p0p100;37326.5546875;;4424855040.0;;
;US-NV;1960;p99p100;315721.8125;;;0.0845837072;0.0845837072
;US-NV;1960;p99.9p100;1026383.4375;;;0.027497407;0.027497407
;US-NV;1960;p99.99p100;2487290.25;;;0.0066635949;0.0066635949
;US-NV;1960;p90p100;;;;0.2963998914;0.2963998914
;US-NV;1960;p90p91;110635.867188;;;;
;US-NV;1960;p95p96;145784.234375;;;;
;US-NV;1960;p95p100;;;;0.1952822059;0.1952822059
;US-NV;1960;p99.5p100;448746.78125;;;0.0601109304;0.0601109304
;US-NV;1959;p0p100;36583.4023438;;4140954880.0;;
;US-NV;1959;p99p100;302130.46875;;;0.0825867727;0.0825867727
;US-NV;1959;p99.9p100;854508.8125;;;0.0233578309;0.0233578309
;US-NV;1959;p99.99p100;2880395.0;;;0.0078735026;0.0078735026
;US-NV;1959;p90p100;;;;0.3002676666;0.3002676666
;US-NV;1959;p90p91;109848.117188;;;;
;US-NV;1959;p95p96;147411.1875;;;;
;US-NV;1959;p95p100;;;;0.2014727741;0.2014727741
;US-NV;1959;p99.5p100;426740.75;;;0.0583243705;0.0583243705
;US-NV;1958;p0p100;34542.7070312;;3729328384.0;;
;US-NV;1958;p99p100;354706.40625;;;0.1026863232;0.1026863232
;US-NV;1958;p99.9p100;1330009.5;;;0.0385033302;0.0385033302
;US-NV;1958;p99.99p100;5488564.0;;;0.0158892106;0.0158892106
;US-NV;1958;p90p100;;;;0.3115227818;0.3115227818
;US-NV;1958;p90p91;107608.414062;;;;
;US-NV;1958;p95p96;141009.234375;;;;
;US-NV;1958;p95p100;;;;0.2041085213;0.2041085213
;US-NV;1958;p99.5p100;520831.3125;;;0.0753894672;0.0753894672
;US-NV;1957;p0p100;35490.9023438;;3653851648.0;;
;US-NV;1957;p99p100;364109.6875;;;0.1025924087;0.1025924087
;US-NV;1957;p99.9p100;1233026.875;;;0.0347420573;0.0347420573
;US-NV;1957;p99.99p100;3514289.0;;;0.0099019445;0.0099019445
;US-NV;1957;p90p100;;;;0.3175945282;0.3175945282
;US-NV;1957;p90p91;112717.15625;;;;
;US-NV;1957;p95p96;156970.96875;;;;
;US-NV;1957;p95p100;;;;0.2211425453;0.2211425453
;US-NV;1957;p99.5p100;510776.6875;;;0.0719588175;0.0719588175
;US-NV;1956;p0p100;36384.1953125;;3566259456.0;;
;US-NV;1956;p99p100;369785.6875;;;0.1016336083;0.1016336083
;US-NV;1956;p99.9p100;1216348.625;;;0.0334306918;0.0334306918
;US-NV;1956;p99.99p100;4019958.0;;;0.0110486392;0.0110486392
;US-NV;1956;p90p100;;;;0.3114283085;0.3114283085
;US-NV;1956;p90p91;113310.679688;;;;
;US-NV;1956;p95p96;155476.421875;;;;
;US-NV;1956;p95p100;;;;0.2136593014;0.2136593014
;US-NV;1956;p99.5p100;536576.5625;;;0.073737599;0.073737599
;US-NV;1955;p0p100;38232.3828125;;3568143104.0;;
;US-NV;1955;p99p100;424633.1875;;;0.1110663712;0.1110663712
;US-NV;1955;p99.9p100;1556910.0;;;0.0407222845;0.0407222845
;US-NV;1955;p99.99p100;5046737.0;;;0.0132001638;0.0132001638
;US-NV;1955;p90p100;;;;0.3171132505;0.3171132505
;US-NV;1955;p90p91;121239.953125;;;;
;US-NV;1955;p95p96;171217.125;;;;
;US-NV;1955;p95p100;;;;0.2239163667;0.2239163667
;US-NV;1955;p99.5p100;637708.3125;;;0.0833989829;0.0833989829
;US-NV;1954;p0p100;34523.9453125;;3067500800.0;;
;US-NV;1954;p99p100;374640.71875;;;0.1085161865;0.1085161865
;US-NV;1954;p99.9p100;1251357.375;;;0.0362460688;0.0362460688
;US-NV;1954;p99.99p100;3087400.75;;;0.008942781;0.008942781
;US-NV;1954;p90p100;;;;0.3356737196;0.3356737196
;US-NV;1954;p90p91;115887.804688;;;;
;US-NV;1954;p95p96;162223.296875;;;;
;US-NV;1954;p95p100;;;;0.2349431813;0.2349431813
;US-NV;1954;p99.5p100;557457.5625;;;0.080734916;0.080734916
;US-NV;1953;p0p100;33799.3398438;;2858690560.0;;
;US-NV;1953;p99p100;254060.84375;;;0.0751673952;0.0751673952
;US-NV;1953;p99.9p100;764299.25;;;0.0226128437;0.0226128437
;US-NV;1953;p99.99p100;1996745.375;;;0.0059076454;0.0059076454
;US-NV;1953;p90p100;;;;0.2764396667;0.2764396667
;US-NV;1953;p90p91;93434.796875;;;;
;US-NV;1953;p95p96;122539.039062;;;;
;US-NV;1953;p95p100;;;;0.1812742949;0.1812742949
;US-NV;1953;p99.5p100;351949.875;;;0.0520646051;0.0520646051
;US-NV;1952;p0p100;32818.8359375;;2644406016.0;;
;US-NV;1952;p99p100;418376.84375;;;0.1274807155;0.1274807155
;US-NV;1952;p99.9p100;1594887.75;;;0.0485967211;0.0485967211
;US-NV;1952;p99.99p100;6305536.0;;;0.0192131624;0.0192131624
;US-NV;1952;p90p100;;;;0.3277082443;0.3277082443
;US-NV;1952;p90p91;107550.03125;;;;
;US-NV;1952;p95p96;158641.953125;;;;
;US-NV;1952;p95p100;;;;0.2416934371;0.2416934371
;US-NV;1952;p99.5p100;627376.0;;;0.0955816954;0.0955816954
;US-NV;1951;p0p100;30404.7304688;;2332165632.0;;
;US-NV;1951;p99p100;406561.5;;;0.1337165236;0.1337165236
;US-NV;1951;p99.9p100;1676496.125;;;0.0551393181;0.0551393181
;US-NV;1951;p99.99p100;7348947.5;;;0.0241704062;0.0241704062
;US-NV;1951;p90p100;;;;0.3250985146;0.3250985146
;US-NV;1951;p90p91;98845.328125;;;;
;US-NV;1951;p95p96;151486.46875;;;;
;US-NV;1951;p95p100;;;;0.2491165996;0.2491165996
;US-NV;1951;p99.5p100;624287.5;;;0.1026628762;0.1026628762
;US-NV;1950;p0p100;29852.0273438;;2179628800.0;;
;US-NV;1950;p99p100;469460.8125;;;0.1572626233;0.1572626233
;US-NV;1950;p99.9p100;2112217.25;;;0.0707562417;0.0707562417
;US-NV;1950;p99.99p100;7852275.5;;;0.0263039935;0.0263039935
;US-NV;1950;p90p100;;;;0.3519747257;0.3519747257
;US-NV;1950;p90p91;105071.59375;;;;
;US-NV;1950;p95p96;165464.40625;;;;
;US-NV;1950;p95p100;;;;0.277140975;0.277140975
;US-NV;1950;p99.5p100;737164.6875;;;0.1234697849;0.1234697849
;US-NV;1949;p0p100;26890.1523438;;1896257152.0;;
;US-NV;1949;p99p100;313434.59375;;;0.1165611073;0.1165611073
;US-NV;1949;p99.9p100;1335680.375;;;0.0496717319;0.0496717319
;US-NV;1949;p99.99p100;6317071.5;;;0.023492137;0.023492137
;US-NV;1949;p90p100;;;;0.3279607296;0.3279607296
;US-NV;1949;p90p91;88189.140625;;;;
;US-NV;1949;p95p96;126577.25;;;;
;US-NV;1949;p95p100;;;;0.2353598624;0.2353598624
;US-NV;1949;p99.5p100;485132.6875;;;0.0902063847;0.0902063847
;US-NV;1948;p0p100;27011.4902344;;1845132416.0;;
;US-NV;1948;p99p100;356202.40625;;;0.1318706721;0.1318706721
;US-NV;1948;p99.9p100;1562985.375;;;0.0578637086;0.0578637086
;US-NV;1948;p99.99p100;6587064.0;;;0.0243861508;0.0243861508
;US-NV;1948;p90p100;;;;0.3518907726;0.3518907726
;US-NV;1948;p90p91;95050.953125;;;;
;US-NV;1948;p95p96;137573.546875;;;;
;US-NV;1948;p95p100;;;;0.2546574175;0.2546574175
;US-NV;1948;p99.5p100;550131.375;;;0.101832822;0.101832822
;US-NV;1947;p0p100;28144.515625;;1861986560.0;;
;US-NV;1947;p99p100;360845.375;;;0.1282116026;0.1282116026
;US-NV;1947;p99.9p100;1536910.875;;;0.0546078235;0.0546078235
;US-NV;1947;p99.99p100;6929359.5;;;0.0246206354;0.0246206354
;US-NV;1947;p90p100;;;;0.3193224967;0.3193224967
;US-NV;1947;p90p91;89871.7734375;;;;
;US-NV;1947;p95p96;136120.40625;;;;
;US-NV;1947;p95p100;;;;0.241824016;0.241824016
;US-NV;1947;p99.5p100;560163.875;;;0.0995156243;0.0995156243
;US-NV;1946;p0p100;30800.5644531;;1969285632.0;;
;US-NV;1946;p99p100;473162.25;;;0.1536213011;0.1536213011
;US-NV;1946;p99.9p100;2159417.25;;;0.0701096654;0.0701096654
;US-NV;1946;p99.99p100;8734111.0;;;0.0283569861;0.0283569861
;US-NV;1946;p90p100;;;;0.367462188;0.367462188
;US-NV;1946;p90p91;113180.421875;;;;
;US-NV;1946;p95p96;179018.078125;;;;
;US-NV;1946;p95p100;;;;0.2906084657;0.2906084657
;US-NV;1946;p99.5p100;731744.375;;;0.1187875047;0.1187875047
;US-NV;1945;p0p100;31680.5976562;;1974419840.0;;
;US-NV;1945;p99p100;440747.71875;;;0.1391222924;0.1391222924
;US-NV;1945;p99.9p100;2040753.125;;;0.0644164979;0.0644164979
;US-NV;1945;p99.99p100;8058223.0;;;0.0254358295;0.0254358295
;US-NV;1945;p90p100;;;;0.315405488;0.315405488
;US-NV;1945;p90p91;99922.3515625;;;;
;US-NV;1945;p95p96;152500.59375;;;;
;US-NV;1945;p95p100;;;;0.2406845391;0.2406845391
;US-NV;1945;p99.5p100;699402.0;;;0.1103833392;0.1103833392
;US-NV;1944;p0p100;32235.5722656;;1956685952.0;;
;US-NV;1944;p99p100;274458.4375;;;0.08514148;0.08514148
;US-NV;1944;p99.9p100;846380.1875;;;0.0262560919;0.0262560919
;US-NV;1944;p99.99p100;1764632.75;;;0.0054741791;0.0054741791
;US-NV;1944;p90p100;;;;0.2471262813;0.2471262813
;US-NV;1944;p90p91;79662.5703125;;;;
;US-NV;1944;p95p96;112165.109375;;;;
;US-NV;1944;p95p100;;;;0.173977226;0.173977226
;US-NV;1944;p99.5p100;394190.46875;;;0.0611421578;0.0611421578
;US-NV;1943;p0p100;36005.1992188;;2125922432.0;;
;US-NV;1943;p99p100;436244.84375;;;0.1211616322;0.1211616322
;US-NV;1943;p99.9p100;1758700.25;;;0.0488457307;0.0488457307
;US-NV;1943;p99.99p100;6389793.5;;;0.0177468639;0.0177468639
;US-NV;1943;p90p100;;;;0.2712942362;0.2712942362
;US-NV;1943;p90p91;97680.03125;;;;
;US-NV;1943;p95p96;151269.59375;;;;
;US-NV;1943;p95p100;;;;0.2100663185;0.2100663185
;US-NV;1943;p99.5p100;679250.4375;;;0.0943267122;0.0943267122
;US-NV;1942;p0p100;35978.4648438;;2062335744.0;;
;US-NV;1942;p99p100;403939.21875;;;0.1122724935;0.1122724935
;US-NV;1942;p99.9p100;1654160.75;;;0.0459764153;0.0459764153
;US-NV;1942;p99.99p100;6632181.0;;;0.0184337515;0.0184337515
;US-NV;1942;p90p100;;;;0.2605653107;0.2605653107
;US-NV;1942;p90p91;93747.3984375;;;;
;US-NV;1942;p95p96;140445.640625;;;;
;US-NV;1942;p95p100;;;;0.1951801479;0.1951801479
;US-NV;1942;p99.5p100;624934.375;;;0.0868483931;0.0868483931
;US-NV;1941;p0p100;21845.1914062;;1219041664.0;;
;US-NV;1941;p99p100;355026.0625;;;0.1625190824;0.1625190824
;US-NV;1941;p99.9p100;1412669.5;;;0.0646672919;0.0646672919
;US-NV;1941;p99.99p100;4737014.5;;;0.0216844715;0.0216844715
;US-NV;1941;p90p100;;;;0.3908504844;0.3908504844
;US-NV;1941;p90p91;85382.046875;;;;
;US-NV;1941;p95p96;123072.992188;;;;
;US-NV;1941;p95p100;;;;0.2816935182;0.2816935182
;US-NV;1941;p99.5p100;556216.9375;;;0.127308771;0.127308771
;US-NV;1940;p0p100;19977.453125;;1086421760.0;;
;US-NV;1940;p99p100;353534.96875;;;0.1769670099;0.1769670099
;US-NV;1940;p99.9p100;1599684.75;;;0.0800745189;0.0800745189
;US-NV;1940;p99.99p100;6465619.5;;;0.0323645845;0.0323645845
;US-NV;1940;p90p100;;;;0.4253194034;0.4253194034
;US-NV;1940;p90p91;84967.9765625;;;;
;US-NV;1940;p95p96;124480.289062;;;;
;US-NV;1940;p95p100;;;;0.3115519881;0.3115519881
;US-NV;1940;p99.5p100;565520.6875;;;0.1415397525;0.1415397525
;US-NV;1939;p0p100;18922.1347656;;1000806784.0;;
;US-NV;1939;p99p100;322885.40625;;;0.1706389934;0.1706389934
;US-NV;1939;p99.9p100;1474628.375;;;0.0779313967;0.0779313967
;US-NV;1939;p99.99p100;5460200.0;;;0.0288561545;0.0288561545
;US-NV;1939;p90p100;;;;0.4403513372;0.4403513372
;US-NV;1939;p90p91;83323.8671875;;;;
;US-NV;1939;p95p96;117915.351562;;;;
;US-NV;1939;p95p100;;;;0.3115804791;0.3115804791
;US-NV;1939;p99.5p100;515434.0;;;0.1361986995;0.1361986995
;US-NV;1938;p0p100;17235.3046875;;887827968.0;;
;US-NV;1938;p99p100;293570.71875;;;0.1703310311;0.1703310311
;US-NV;1938;p99.9p100;1437040.875;;;0.0833777487;0.0833777487
;US-NV;1938;p99.99p100;6475807.5;;;0.0375729203;0.0375729203
;US-NV;1938;p90p100;;;;0.463111639;0.463111639
;US-NV;1938;p90p91;79818.703125;;;;
;US-NV;1938;p95p96;108041.117188;;;;
;US-NV;1938;p95p100;;;;0.3134296834;0.3134296834
;US-NV;1938;p99.5p100;469536.25;;;0.1362134963;0.1362134963
;US-NV;1937;p0p100;16753.6835938;;840858816.0;;
;US-NV;1937;p99p100;359659.65625;;;0.2146749794;0.2146749794
;US-NV;1937;p99.9p100;1648254.75;;;0.0983816385;0.0983816385
;US-NV;1937;p99.99p100;6806212.0;;;0.0406251699;0.0406251699
;US-NV;1937;p90p100;;;;0.5266738534;0.5266738534
;US-NV;1937;p90p91;88237.2734375;;;;
;US-NV;1937;p95p96;124657.398438;;;;
;US-NV;1937;p95p100;;;;0.3720298707;0.3720298707
;US-NV;1937;p99.5p100;576700.875;;;0.1721116602;0.1721116602
;US-NV;1936;p0p100;19239.3300781;;942479616.0;;
;US-NV;1936;p99p100;350482.21875;;;0.182169646;0.182169646
;US-NV;1936;p99.9p100;1697512.25;;;0.0882313624;0.0882313624
;US-NV;1936;p99.99p100;7087049.5;;;0.0368362591;0.0368362591
;US-NV;1936;p90p100;;;;0.458873868;0.458873868
;US-NV;1936;p90p91;88284.2578125;;;;
;US-NV;1936;p95p96;123480.039062;;;;
;US-NV;1936;p95p100;;;;0.3209052384;0.3209052384
;US-NV;1936;p99.5p100;564509.1875;;;0.1467070878;0.1467070878
;US-NV;1935;p0p100;15536.09375;;742654912.0;;
;US-NV;1935;p99p100;266605.3125;;;0.1716038287;0.1716038287
;US-NV;1935;p99.9p100;1402311.375;;;0.0902615115;0.0902615115
;US-NV;1935;p99.99p100;7223886.0;;;0.0464974381;0.0464974381
;US-NV;1935;p90p100;;;;0.4847430289;0.4847430289
;US-NV;1935;p90p91;75310.1328125;;;;
;US-NV;1935;p95p96;101242.9375;;;;
;US-NV;1935;p95p100;;;;0.3258313835;0.3258313835
;US-NV;1935;p99.5p100;426891.0;;;0.1373868585;0.1373868585
;US-NV;1934;p0p100;13180.1318359;;614432832.0;;
;US-NV;1934;p99p100;186576.5625;;;0.1415589452;0.1415589452
;US-NV;1934;p99.9p100;735438.3125;;;0.0557990074;0.0557990074
;US-NV;1934;p99.99p100;2775261.25;;;0.0210564006;0.0210564006
;US-NV;1934;p90p100;;;;0.47287485;0.47287485
;US-NV;1934;p90p91;62325.53125;;;;
;US-NV;1934;p95p96;84920.53125;;;;
;US-NV;1934;p95p100;;;;0.3221535683;0.3221535683
;US-NV;1934;p99.5p100;275479.8125;;;0.1045057029;0.1045057029
;US-NV;1933;p0p100;12410.9873047;;564607808.0;;
;US-NV;1933;p99p100;150378.421875;;;0.1211655587;0.1211655587
;US-NV;1933;p99.9p100;700689.6875;;;0.0564572103;0.0564572103
;US-NV;1933;p99.99p100;2816972.25;;;0.0226974059;0.0226974059
;US-NV;1933;p90p100;;;;0.3848693967;0.3848693967
;US-NV;1933;p90p91;47766.09375;;;;
;US-NV;1933;p95p96;66656.6171875;;;;
;US-NV;1933;p95p100;;;;0.2685387433;0.2685387433
;US-NV;1933;p99.5p100;228625.296875;;;0.092106007;0.092106007
;US-NV;1932;p0p100;13658.9658203;;606651648.0;;
;US-NV;1932;p99p100;148128.890625;;;0.1084481031;0.1084481031
;US-NV;1932;p99.9p100;647979.375;;;0.0474398546;0.0474398546
;US-NV;1932;p99.99p100;2739017.5;;;0.0200528912;0.0200528912
;US-NV;1932;p90p100;;;;0.3813272119;0.3813272119
;US-NV;1932;p90p91;52085.3515625;;;;
;US-NV;1932;p95p96;68787.0390625;;;;
;US-NV;1932;p95p100;;;;0.2518018186;0.2518018186
;US-NV;1932;p99.5p100;219646.546875;;;0.0804038048;0.0804038048
;US-NV;1931;p0p100;14533.8994141;;629891072.0;;
;US-NV;1931;p99p100;209172.453125;;;0.1439203918;0.1439203918
;US-NV;1931;p99.9p100;944785.5;;;0.0650056452;0.0650056452
;US-NV;1931;p99.99p100;4903891.0;;;0.0337410532;0.0337410532
;US-NV;1931;p90p100;;;;0.4609568119;0.4609568119
;US-NV;1931;p90p91;66995.0;;;;
;US-NV;1931;p95p96;89861.7890625;;;;
;US-NV;1931;p95p100;;;;0.3091454804;0.3091454804
;US-NV;1931;p99.5p100;314221.4375;;;0.1080994904;0.1080994904
;US-NV;1930;p0p100;17169.5078125;;725149568.0;;
;US-NV;1930;p99p100;226616.984375;;;0.1319880486;0.1319880486
;US-NV;1930;p99.9p100;1122630.25;;;0.0653851256;0.0653851256
;US-NV;1930;p99.99p100;5824829.0;;;0.033925429;0.033925429
;US-NV;1930;p90p100;;;;0.3832639754;0.3832639754
;US-NV;1930;p90p91;65804.53125;;;;
;US-NV;1930;p95p96;90663.1796875;;;;
;US-NV;1930;p95p100;;;;0.2640238106;0.2640238106
;US-NV;1930;p99.5p100;350060.46875;;;0.1019424945;0.1019424945
;US-NV;1929;p0p100;17884.6679688;;749622464.0;;
;US-NV;1929;p99p100;241549.3125;;;0.1350594461;0.1350594461
;US-NV;1929;p99.9p100;958106.125;;;0.0535713695;0.0535713695
;US-NV;1929;p99.99p100;2427196.75;;;0.0135713844;0.0135713844
;US-NV;1929;p90p100;;;;0.3954879642;0.3954879642
;US-NV;1929;p90p91;70731.703125;;;;
;US-NV;1929;p95p96;99278.921875;;;;
;US-NV;1929;p95p100;;;;0.2775531709;0.2775531709
;US-NV;1929;p99.5p100;359703.1875;;;0.1005618945;0.1005618945
;US-NV;1928;p0p100;13786.7695312;;573594048.0;;
;US-NV;1928;p99p100;252120.3125;;;0.1828712225;0.1828712225
;US-NV;1928;p99.9p100;1073425.375;;;0.0778591037;0.0778591037
;US-NV;1928;p99.99p100;4090146.25;;;0.0296671875;0.0296671875
;US-NV;1928;p90p100;;;;0.507355392;0.507355392
;US-NV;1928;p90p91;69947.90625;;;;
;US-NV;1928;p95p96;100122.453125;;;;
;US-NV;1928;p95p100;;;;0.3631106913;0.3631106913
;US-NV;1928;p99.5p100;385518.8125;;;0.1398147941;0.1398147941
;US-NV;1927;p0p100;12593.4472656;;519021888.0;;
;US-NV;1927;p99p100;169920.0625;;;0.1349273473;0.1349273473
;US-NV;1927;p99.9p100;551989.1875;;;0.0438314565;0.0438314565
;US-NV;1927;p99.99p100;2011894.125;;;0.0159757212;0.0159757212
;US-NV;1927;p90p100;;;;0.4730633497;0.4730633497
;US-NV;1927;p90p91;59574.9921875;;;;
;US-NV;1927;p95p96;79580.1015625;;;;
;US-NV;1927;p95p100;;;;0.3159583509;0.3159583509
;US-NV;1927;p99.5p100;236860.109375;;;0.0940410048;0.0940410048
;US-NV;1926;p0p100;12106.9814453;;493465600.0;;
;US-NV;1926;p99p100;157930.015625;;;0.1304454058;0.1304454058
;US-NV;1926;p99.9p100;499640.53125;;;0.0412687957;0.0412687957
;US-NV;1926;p99.99p100;2139895.5;;;0.0176748876;0.0176748876
;US-NV;1926;p90p100;;;;0.4654965103;0.4654965103
;US-NV;1926;p90p91;56357.578125;;;;
;US-NV;1926;p95p96;74395.6171875;;;;
;US-NV;1926;p95p100;;;;0.3072426319;0.3072426319
;US-NV;1926;p99.5p100;217563.796875;;;0.0898505524;0.0898505524
;US-NV;1925;p0p100;14002.4306641;;564595200.0;;
;US-NV;1925;p99p100;156223.65625;;;0.1115689501;0.1115689501
;US-NV;1925;p99.9p100;538539.125;;;0.0384604;0.0384604
;US-NV;1925;p99.99p100;1791929.0;;;0.01279727;0.01279727
;US-NV;1925;p90p100;;;;0.4173060358;0.4173060358
;US-NV;1925;p90p91;58432.9960938;;;;
;US-NV;1925;p95p96;75407.765625;;;;
;US-NV;1925;p95p100;;;;0.269266665;0.269266665
;US-NV;1925;p99.5p100;217223.078125;;;0.077566199;0.077566199
;US-NV;1924;p0p100;15760.0830078;;627628992.0;;
;US-NV;1924;p99p100;128112.046875;;;0.0812889487;0.0812889487
;US-NV;1924;p99.9p100;397199.9375;;;0.0252029113;0.0252029113
;US-NV;1924;p99.99p100;1337218.25;;;0.0084848432;0.0084848432
;US-NV;1924;p90p100;;;;0.3514619172;0.3514619172
;US-NV;1924;p90p91;55390.6875;;;;
;US-NV;1924;p95p96;69341.0859375;;;;
;US-NV;1924;p95p100;;;;0.2199896127;0.2199896127
;US-NV;1924;p99.5p100;173566.6875;;;0.0550652891;0.0550652891
;US-NV;1923;p0p100;15031.9638672;;588731712.0;;
;US-NV;1923;p99p100;110819.859375;;;0.0737228096;0.0737228096
;US-NV;1923;p99.9p100;297422.25;;;0.0197859872;0.0197859872
;US-NV;1923;p99.99p100;904597.8125;;;0.0060178284;0.0060178284
;US-NV;1923;p90p100;;;;0.3395559788;0.3395559788
;US-NV;1923;p90p91;51041.9335938;;;;
;US-NV;1923;p95p96;63420.9609375;;;;
;US-NV;1923;p95p100;;;;0.2109536678;0.2109536678
;US-NV;1923;p99.5p100;146812.9375;;;0.0488335863;0.0488335863
;US-NV;1922;p0p100;13791.8154297;;532253632.0;;
;US-NV;1922;p99p100;105822.882812;;;0.0767287537;0.0767287537
;US-NV;1922;p99.9p100;255613.140625;;;0.0185336825;0.0185336825
;US-NV;1922;p99.99p100;557134.4375;;;0.0040396019;0.0040396019
;US-NV;1922;p90p100;;;;0.3457351923;0.3457351923
;US-NV;1922;p90p91;47683.15625;;;;
;US-NV;1922;p95p96;60280.75;;;;
;US-NV;1922;p95p100;;;;0.2185381204;0.2185381204
;US-NV;1922;p99.5p100;134283.328125;;;0.0486822501;0.0486822501
;US-NV;1921;p0p100;12993.8291016;;495689824.0;;
;US-NV;1921;p99p100;108587.945312;;;0.0835688636;0.0835688636
;US-NV;1921;p99.9p100;310420.75;;;0.0238898583;0.0238898583
;US-NV;1921;p99.99p100;997527.0625;;;0.0076769292;0.0076769292
;US-NV;1921;p90p100;;;;0.3452226818;0.3452226818
;US-NV;1921;p90p91;44857.6484375;;;;
;US-NV;1921;p95p96;57309.4335938;;;;
;US-NV;1921;p95p100;;;;0.2205255926;0.2205255926
;US-NV;1921;p99.5p100;144661.296875;;;0.0556653813;0.0556653813
;US-NV;1920;p0p100;13104.3613281;;491401120.0;;
;US-NV;1920;p99p100;91021.0078125;;;0.0694585592;0.0694585592
;US-NV;1920;p99.9p100;194477.765625;;;0.0148406895;0.0148406895
;US-NV;1920;p99.99p100;371359.78125;;;0.002833864;0.002833864
;US-NV;1920;p90p100;;;;0.3047319353;0.3047319353
;US-NV;1920;p90p91;39933.1757812;;;;
;US-NV;1920;p95p96;50548.3671875;;;;
;US-NV;1920;p95p100;;;;0.192868486;0.192868486
;US-NV;1920;p99.5p100;115347.507812;;;0.0440111123;0.0440111123
;US-NV;1919;p0p100;13927.3291016;;525436096.0;;
;US-NV;1919;p99p100;121434.382812;;;0.0871914327;0.0871914327
;US-NV;1919;p99.9p100;322403.84375;;;0.0231490061;0.0231490061
;US-NV;1919;p99.99p100;1157346.0;;;0.0083098914;0.0083098914
;US-NV;1919;p90p100;;;;0.3246772587;0.3246772587
;US-NV;1919;p90p91;45218.875;;;;
;US-NV;1919;p95p96;59580.1835938;;;;
;US-NV;1919;p95p100;;;;0.213896662;0.213896662
;US-NV;1919;p99.5p100;164009.515625;;;0.0588804595;0.0588804595
;US-NV;1918;p0p100;14544.0810547;;555263808.0;;
;US-NV;1918;p99p100;117500.6875;;;0.0807893574;0.0807893574
;US-NV;1918;p99.9p100;255688.171875;;;0.0175802223;0.0175802223
;US-NV;1918;p99.99p100;649589.8125;;;0.0044663521;0.0044663521
;US-NV;1918;p90p100;;;;0.3359827995;0.3359827995
;US-NV;1918;p90p91;48865.609375;;;;
;US-NV;1918;p95p96;61561.1992188;;;;
;US-NV;1918;p95p100;;;;0.2116366178;0.2116366178
;US-NV;1918;p99.5p100;146641.84375;;;0.050412897;0.050412897
;US-NV;1917;p0p100;16251.3945312;;636140224.0;;
