Variable Name;.;.;.;Fiscal income  | tax unit | Average | Adults | constant 2015 local currency;Fiscal income  | tax unit | Threshold | Adults | constant 2015 local currency;Fiscal income  | tax unit | Total | Adults | constant 2015 local currency;Fiscal income  | tax unit | Share | Adults | share of total (ratio);Pre-tax national income  | tax unit | Share | Adults | share of total (ratio)
Variable Category;.;.;.;Income inequality;Income inequality;Income inequality;Income inequality;Income inequality
Variable Description;.;.;.;Average Fiscal income within a given percentile group. Fiscal income is defined as the sum of all income items reported on income tax returns, before any deduction. It includes labour income, capital income and mixed income. The concept of fiscal income varies with national tax legislations, so in order to make international comparisons it is preferable to use the concept of national income. The population is comprised of individuals over age 20. The base unit is the tax unit defined by national fiscal administrations to measure personal income taxes.;Fiscal income threshold value at a given percentile.  Fiscal income is defined as the sum of all income items reported on income tax returns, before any deduction. It includes labour income, capital income and mixed income. The concept of fiscal income varies with national tax legislations, so in order to make international comparisons it is preferable to use the concept of national income. The population is comprised of individuals over age 20. The base unit is the tax unit defined by national fiscal administrations to measure personal income taxes.;Total Fiscal income  within a given percentile group. Fiscal income is defined as the sum of all income items reported on income tax returns, before any deduction. It includes labour income, capital income and mixed income. The concept of fiscal income varies with national tax legislations, so in order to make international comparisons it is preferable to use the concept of national income. The population is comprised of individuals over age 20.;Fiscal income share held by a given percentile group. Fiscal income is defined as the sum of all income items reported on income tax returns, before any deduction. It includes labour income, capital income and mixed income. The concept of fiscal income varies with national tax legislations, so in order to make international comparisons it is preferable to use the concept of national income. The population is comprised of individuals over age 20. The base unit is the tax unit defined by national fiscal administrations to measure personal income taxes.;Pre-tax national income share held by a given percentile group. Pre-tax national income  is the sum of all pre-tax personal income flows accruing to the owners of the production factors, labor and capital, before taking into account the operation of the tax/transfer system, but after taking into account the operation of pension system. The central difference between personal factor income and pre-tax income is the treatment of pensions, which are counted on a contribution basis by factor income and on a distribution basis by pre-tax income. The population is comprised of individuals over age 20. The base unit is the tax unit defined by national fiscal administrations to measure personal income taxes.
Variable Decomposition;.;.;.;[Fiscal income ]=[Fiscal labour income ]+[Fiscal capital income ];[Fiscal income ]=[Fiscal labour income ]+[Fiscal capital income ];[Fiscal income ]=[Fiscal labour income ]+[Fiscal capital income ];[Fiscal income ]=[Fiscal labour income ]+[Fiscal capital income ];Pre-tax national income =Pre-tax labor income [total pre-tax income ranking]+Pre-tax capital income [total pre-tax income ranking]
Variable Unit;.;.;.;"USD; United States dollar | local currency | market";"USD; United States dollar | local currency | market";"USD; United States dollar | local currency | market";share;share
Methodological Notes;.;.;.;;;;;Assuming the same distribution as fiscal income.
Sources;.;.;.;Frank, Sommeiller, Price & Saez (2015);Frank, Sommeiller, Price & Saez (2015);Frank, Sommeiller, Price & Saez (2015);Frank, Sommeiller, Price & Saez (2015);WID.world computations using: Frank, Sommeiller, Price & Saez (2015)
Variable Code;country;year;perc;afiinc992t;tfiinc992t;mfiinc992t;sfiinc992t;sptinc992t
;US-PA;2014;p0p100;59496.5507812;;4.04052443136e+11;;
;US-PA;2014;p99p100;;394272.59375;;0.1756284535;0.1756284535
;US-PA;2014;p99.9p100;;1618206.75;;0.0762526467;0.0762526467
;US-PA;2014;p99.99p100;;7209890.0;;0.0327945352;0.0327945352
;US-PA;2014;p90p100;;126235.820312;;0.4571839869;0.4571839869
;US-PA;2014;p90p91;275549.25;;;;
;US-PA;2014;p95p96;404575.0625;;;;
;US-PA;2014;p90p95;146523.46875;126235.820312;;0.1202603877;0.1202603877
;US-PA;2014;p95p99;241569.03125;168706.96875;;0.1612062007;0.1612062007
;US-PA;2014;p99.5p99.9;887260.375;608830.625;;0.0594580807;0.0594580807
;US-PA;2014;p99.9p99.99;2839343.25;1618206.75;;0.04373217;0.04373217
;US-PA;2014;p99p99.5;481611.59375;394272.59375;;0.039994508;0.039994508
;US-PA;2014;p95p100;;168706.96875;;0.3367805779;0.3367805779
;US-PA;2014;p0p90;35490.6914062;;;0.5425541401;0.5425541401
;US-PA;2014;p0p99;49424.8046875;;;0.8243715763;0.8243715763
;US-PA;2014;p99.5p100;;608830.625;;0.1356288493;0.1356288493
;US-PA;2014;p99.5p99.6;1631586.75;;;;
;US-PA;2014;p99.99p99.991;20534832.0;;;;
;US-PA;2014;p99.9p99.91;4608892.0;;;;
;US-PA;2014;p99p99.1;1056599.125;;;;
;US-PA;2013;p0p100;57471.2382812;;3.88538957824e+11;;
;US-PA;2013;p99p100;;376053.21875;;0.1658194214;0.1658194214
;US-PA;2013;p99.9p100;;1480790.375;;0.0695913211;0.0695913211
;US-PA;2013;p99.99p100;;6392362.5;;0.0296471212;0.0296471212
;US-PA;2013;p90p100;;124982.632812;;0.4496484101;0.4496484101
;US-PA;2013;p90p91;263939.59375;;;;
;US-PA;2013;p95p96;382115.21875;;;;
;US-PA;2013;p90p95;145763.984375;124982.632812;;0.1221997365;0.1221997365
;US-PA;2013;p95p99;236037.96875;165416.59375;;0.1613717675;0.1613717675
;US-PA;2013;p99.5p99.9;830188.25;574305.625;;0.0568235777;0.0568235777
;US-PA;2013;p99.9p99.99;2562987.0;1480790.375;;0.0400288031;0.0400288031
;US-PA;2013;p99p99.5;456932.71875;376053.21875;;0.0394264422;0.0394264422
;US-PA;2013;p95p100;;165416.59375;;0.327244699;0.327244699
;US-PA;2013;p0p90;34530.3085938;;;0.5505025387;0.5505025387
;US-PA;2013;p0p99;48289.8945312;;;0.8341805935;0.8341805935
;US-PA;2013;p99.5p100;;574305.625;;0.1264264882;0.1264264882
;US-PA;2013;p99.5p99.6;1475915.75;;;;
;US-PA;2013;p99.99p99.991;17521376.0;;;;
;US-PA;2013;p99.9p99.91;4058826.0;;;;
;US-PA;2013;p99p99.1;966424.25;;;;
;US-PA;2012;p0p100;57303.0078125;;3.90602129408e+11;;
;US-PA;2012;p99p100;1099311.0;;;0.1918417513;0.1918417513
;US-PA;2012;p99.9p100;5147185.0;;;0.0898239836;0.0898239836
;US-PA;2012;p99.99p100;23337962.0;;;0.0407272875;0.0407272875
;US-PA;2012;p90p100;;;;0.4717010558;0.4717010558
;US-PA;2012;p90p91;270298.90625;;;;
;US-PA;2012;p95p96;402261.5625;;;;
;US-PA;2012;p95p100;;;;0.3509951532;0.3509951532
;US-PA;2012;p99.5p100;1738859.25;;;0.1517249346;0.1517249346
;US-PA;2011;p0p100;55867.1484375;;3.71425411072e+11;;
;US-PA;2011;p99p100;946857.125;;;0.1694837064;0.1694837064
;US-PA;2011;p99.9p100;4123065.75;;;0.0738012567;0.0738012567
;US-PA;2011;p99.99p100;18088642.0;;;0.0323779583;0.0323779583
;US-PA;2011;p90p100;;;;0.4522037506;0.4522037506
;US-PA;2011;p90p91;252633.34375;;;;
;US-PA;2011;p95p96;368048.46875;;;;
;US-PA;2011;p95p100;;;;0.3293961287;0.3293961287
;US-PA;2011;p99.5p100;1458857.5;;;0.1305648834;0.1305648834
;US-PA;2010;p0p100;55672.15625;;3.6710334464e+11;;
;US-PA;2010;p99p100;964533.5;;;0.1732524037;0.1732524037
;US-PA;2010;p99.9p100;4407904.0;;;0.0791760907;0.0791760907
;US-PA;2010;p99.99p100;20948592.0;;;0.0376284905;0.0376284905
;US-PA;2010;p90p100;;;;0.4537289739;0.4537289739
;US-PA;2010;p90p91;252600.703125;;;;
;US-PA;2010;p95p96;368875.15625;;;;
;US-PA;2010;p95p100;;;;0.3312923014;0.3312923014
;US-PA;2010;p99.5p100;1504052.75;;;0.1350812316;0.1350812316
;US-PA;2009;p0p100;54352.015625;;3.51400624128e+11;;
;US-PA;2009;p99p100;872919.6875;;;0.1606048346;0.1606048346
;US-PA;2009;p99.9p100;3729865.5;;;0.0686242357;0.0686242357
;US-PA;2009;p99.99p100;16342162.0;;;0.0300672594;0.0300672594
;US-PA;2009;p90p100;;;;0.4411968291;0.4411968291
;US-PA;2009;p90p91;239799.375;;;;
;US-PA;2009;p95p96;344931.90625;;;;
;US-PA;2009;p95p100;;;;0.3173128963;0.3173128963
;US-PA;2009;p99.5p100;1335574.25;;;0.1228633597;0.1228633597
;US-PA;2008;p0p100;58560.6289062;;3.77498796032e+11;;
;US-PA;2008;p99p100;1059178.75;;;0.1808687449;0.1808687449
;US-PA;2008;p99.9p100;4848792.5;;;0.0827995166;0.0827995166
;US-PA;2008;p99.99p100;21639412.0;;;0.0369521528;0.0369521528
;US-PA;2008;p90p100;;;;0.4528532028;0.4528532028
;US-PA;2008;p90p91;265193.6875;;;;
;US-PA;2008;p95p96;390913.09375;;;;
;US-PA;2008;p95p100;;;;0.3337678015;0.3337678015
;US-PA;2008;p99.5p100;1664636.125;;;0.1421292871;0.1421292871
;US-PA;2007;p0p100;62424.0859375;;4.0395423744e+11;;
;US-PA;2007;p99p100;1271667.875;;;0.2037143111;0.2037143111
;US-PA;2007;p99.9p100;6188068.5;;;0.0991295055;0.0991295055
;US-PA;2007;p99.99p100;28350850.0;;;0.0454165228;0.0454165228
;US-PA;2007;p90p100;;;;0.4657681584;0.4657681584
;US-PA;2007;p90p91;290751.5;;;;
;US-PA;2007;p95p96;439645.09375;;;;
;US-PA;2007;p95p100;;;;0.3521437943;0.3521437943
;US-PA;2007;p99.5p100;2046001.5;;;0.1638791859;0.1638791859
;US-PA;2006;p0p100;59919.3203125;;3.85951596544e+11;;
;US-PA;2006;p99p100;1164861.75;;;0.1944050342;0.1944050342
;US-PA;2006;p99.9p100;5473476.5;;;0.0913474336;0.0913474336
;US-PA;2006;p99.99p100;23867150.0;;;0.0398321375;0.0398321375
;US-PA;2006;p90p100;;;;0.4578791559;0.4578791559
;US-PA;2006;p90p91;274358.09375;;;;
;US-PA;2006;p95p96;410375.0625;;;;
;US-PA;2006;p95p100;;;;0.3424396813;0.3424396813
;US-PA;2006;p99.5p100;1856376.25;;;0.1549063027;0.1549063027
;US-PA;2005;p0p100;58299.7695312;;3.70683117568e+11;;
;US-PA;2005;p99p100;1090037.25;;;0.1869711131;0.1869711131
;US-PA;2005;p99.9p100;5065830.0;;;0.0868927985;0.0868927985
;US-PA;2005;p99.99p100;21930480.0;;;0.0376167558;0.0376167558
;US-PA;2005;p90p100;;;;0.4490456581;0.4490456581
;US-PA;2005;p90p91;261792.5625;;;;
;US-PA;2005;p95p96;389666.65625;;;;
;US-PA;2005;p95p100;;;;0.334192276;0.334192276
;US-PA;2005;p99.5p100;1728029.5;;;0.1482020915;0.1482020915
;US-PA;2004;p0p100;57520.984375;;3.57475352576e+11;;
;US-PA;2004;p99p100;954019.4375;;;0.1658559144;0.1658559144
;US-PA;2004;p99.9p100;4175635.5;;;0.0725932568;0.0725932568
;US-PA;2004;p99.99p100;17497240.0;;;0.030418884;0.030418884
;US-PA;2004;p90p100;;;;0.4274609983;0.4274609983
;US-PA;2004;p90p91;245879.765625;;;;
;US-PA;2004;p95p96;359655.25;;;;
;US-PA;2004;p95p100;;;;0.3126296103;0.3126296103
;US-PA;2004;p99.5p100;1479711.125;;;0.1286235899;0.1286235899
;US-PA;2003;p0p100;54560.859375;;3.37130225664e+11;;
;US-PA;2003;p99p100;853474.8125;;;0.1564261913;0.1564261913
;US-PA;2003;p99.9p100;3604745.5;;;0.0660683364;0.0660683364
;US-PA;2003;p99.99p100;15057290.0;;;0.0275972374;0.0275972374
;US-PA;2003;p90p100;;;;0.4231688678;0.4231688678
;US-PA;2003;p90p91;230884.578125;;;;
;US-PA;2003;p95p96;334111.34375;;;;
;US-PA;2003;p95p100;;;;0.3061822355;0.3061822355
;US-PA;2003;p99.5p100;1307204.5;;;0.1197932512;0.1197932512
;US-PA;2002;p0p100;53663.796875;;3.34287699968e+11;;
;US-PA;2002;p99p100;800361.1875;;;0.1491435915;0.1491435915
;US-PA;2002;p99.9p100;3226297.0;;;0.0601205528;0.0601205528
;US-PA;2002;p99.99p100;12788064.0;;;0.0238299649;0.0238299649
;US-PA;2002;p90p100;;;;0.4177859128;0.4177859128
;US-PA;2002;p90p91;224199.78125;;;;
;US-PA;2002;p95p96;322156.125;;;;
;US-PA;2002;p95p100;;;;0.3001614809;0.3001614809
;US-PA;2002;p99.5p100;1209208.375;;;0.1126651838;0.1126651838
;US-PA;2001;p0p100;55682.875;;3.42982426624e+11;;
;US-PA;2001;p99p100;869753.375;;;0.1561976522;0.1561976522
;US-PA;2001;p99.9p100;3679239.25;;;0.066074878;0.066074878
;US-PA;2001;p99.99p100;15417869.0;;;0.0276887082;0.0276887082
;US-PA;2001;p90p100;;;;0.4206205308;0.4206205308
;US-PA;2001;p90p91;234213.59375;;;;
;US-PA;2001;p95p96;340530.34375;;;;
;US-PA;2001;p95p100;;;;0.3057765365;0.3057765365
;US-PA;2001;p99.5p100;1321704.0;;;0.1186813787;0.1186813787
;US-PA;2000;p0p100;58739.1210938;;3.59705509888e+11;;
;US-PA;2000;p99p100;1060447.125;;;0.1805350482;0.1805350482
;US-PA;2000;p99.9p100;4971812.5;;;0.0846422687;0.0846422687
;US-PA;2000;p99.99p100;21756252.0;;;0.037038777;0.037038777
;US-PA;2000;p90p100;;;;0.4436804354;0.4436804354
;US-PA;2000;p90p91;260614.0;;;;
;US-PA;2000;p95p96;388871.625;;;;
;US-PA;2000;p95p100;;;;0.3310158253;0.3310158253
;US-PA;2000;p99.5p100;1676395.5;;;0.1426983774;0.1426983774
;US-PA;1999;p0p100;58418.2890625;;3.4812690432e+11;;
;US-PA;1999;p99p100;1012079.5625;;;0.1732470542;0.1732470542
;US-PA;1999;p99.9p100;4494677.0;;;0.076939553;0.076939553
;US-PA;1999;p99.99p100;18374278.0;;;0.0314529575;0.0314529575
;US-PA;1999;p90p100;;;;0.4379869401;0.4379869401
;US-PA;1999;p90p91;255864.484375;;;;
;US-PA;1999;p95p96;379119.0625;;;;
;US-PA;1999;p95p100;;;;0.3244866133;0.3244866133
;US-PA;1999;p99.5p100;1573951.75;;;0.1347139627;0.1347139627
;US-PA;1998;p0p100;56016.9296875;;3.32244385792e+11;;
;US-PA;1998;p99p100;966559.375;;;0.1725477278;0.1725477278
;US-PA;1998;p99.9p100;4304638.5;;;0.0768453106;0.0768453106
;US-PA;1998;p99.99p100;17893744.0;;;0.0319434553;0.0319434553
;US-PA;1998;p90p100;;;;0.435046494;0.435046494
;US-PA;1998;p90p91;243699.671875;;;;
;US-PA;1998;p95p96;360193.3125;;;;
;US-PA;1998;p95p100;;;;0.321503967;0.321503967
;US-PA;1998;p99.5p100;1502805.125;;;0.1341384649;0.1341384649
;US-PA;1997;p0p100;51999.7773438;;3.0794579968e+11;;
;US-PA;1997;p99p100;858297.9375;;;0.165057987;0.165057987
;US-PA;1997;p99.9p100;3667029.5;;;0.0705200955;0.0705200955
;US-PA;1997;p99.99p100;15045002.0;;;0.0289328191;0.0289328191
;US-PA;1997;p90p100;;;;0.4333290458;0.4333290458
;US-PA;1997;p90p91;225330.15625;;;;
;US-PA;1997;p95p96;329000.125;;;;
;US-PA;1997;p95p100;;;;0.3163476288;0.3163476288
;US-PA;1997;p99.5p100;1318883.75;;;0.1268162727;0.1268162727
;US-PA;1996;p0p100;48984.25;;2.897108992e+11;;
;US-PA;1996;p99p100;773265.25;;;0.1578599811;0.1578599811
;US-PA;1996;p99.9p100;3232842.5;;;0.0659975931;0.0659975931
;US-PA;1996;p99.99p100;13157678.0;;;0.0268610362;0.0268610362
;US-PA;1996;p90p100;;;;0.4277997613;0.4277997613
;US-PA;1996;p90p91;209554.515625;;;;
;US-PA;1996;p95p96;302064.6875;;;;
;US-PA;1996;p95p100;;;;0.3083283603;0.3083283603
;US-PA;1996;p99.5p100;1182926.375;;;0.1207455695;0.1207455695
;US-PA;1995;p0p100;46709.2148438;;2.76873674752e+11;;
;US-PA;1995;p99p100;680797.0625;;;0.1457521915;0.1457521915
;US-PA;1995;p99.9p100;2699169.5;;;0.0577866547;0.0577866547
;US-PA;1995;p99.99p100;10425513.0;;;0.022320034;0.022320034
;US-PA;1995;p90p100;;;;0.4153484106;0.4153484106
;US-PA;1995;p90p91;194005.96875;;;;
;US-PA;1995;p95p96;275207.6875;;;;
;US-PA;1995;p95p100;;;;0.2945967615;0.2945967615
;US-PA;1995;p99.5p100;1025697.5;;;0.1097960621;0.1097960621
;US-PA;1994;p0p100;45005.671875;;2.67639652352e+11;;
;US-PA;1994;p99p100;600208.875;;;0.133362934;0.133362934
;US-PA;1994;p99.9p100;2309606.5;;;0.0513181202;0.0513181202
;US-PA;1994;p99.99p100;8920988.0;;;0.0198219195;0.0198219195
;US-PA;1994;p90p100;;;;0.3984359801;0.3984359801
;US-PA;1994;p90p91;179318.796875;;;;
;US-PA;1994;p95p96;251418.359375;;;;
;US-PA;1994;p95p100;;;;0.2793185115;0.2793185115
;US-PA;1994;p99.5p100;894370.8125;;;0.0993620008;0.0993620008
;US-PA;1993;p0p100;44717.2734375;;2.65325821952e+11;;
;US-PA;1993;p99p100;588961.125;;;0.1317077577;0.1317077577
;US-PA;1993;p99.9p100;2260377.0;;;0.0505481809;0.0505481809
;US-PA;1993;p99.99p100;8717558.0;;;0.0194948334;0.0194948334
;US-PA;1993;p90p100;;;;0.3928774595;0.3928774595
;US-PA;1993;p90p91;175684.078125;;;;
;US-PA;1993;p95p96;247169.84375;;;;
;US-PA;1993;p95p100;;;;0.2763695419;0.2763695419
;US-PA;1993;p99.5p100;878935.25;;;0.0982769281;0.0982769281
;US-PA;1992;p0p100;45101.2929688;;2.66320756736e+11;;
;US-PA;1992;p99p100;617862.1875;;;0.136994347;0.136994347
;US-PA;1992;p99.9p100;2442387.25;;;0.0541533791;0.0541533791
;US-PA;1992;p99.99p100;9590033.0;;;0.0212633237;0.0212633237
;US-PA;1992;p90p100;;;;0.394728601;0.394728601
;US-PA;1992;p90p91;178027.6875;;;;
;US-PA;1992;p95p96;251832.390625;;;;
;US-PA;1992;p95p100;;;;0.2791853547;0.2791853547
;US-PA;1992;p99.5p100;932215.125;;;0.1033468321;0.1033468321
;US-PA;1991;p0p100;44778.8476562;;2.6175791104e+11;;
;US-PA;1991;p99p100;562569.8125;;;0.1256329566;0.1256329566
;US-PA;1991;p99.9p100;2082567.0;;;0.0465078317;0.0465078317
;US-PA;1991;p99.99p100;7681202.0;;;0.0171536393;0.0171536393
;US-PA;1991;p90p100;;;;0.3852803707;0.3852803707
;US-PA;1991;p90p91;172524.109375;;;;
;US-PA;1991;p95p96;238215.125;;;;
;US-PA;1991;p95p100;;;;0.2659907043;0.2659907043
;US-PA;1991;p99.5p100;832071.75;;;0.0929090157;0.0929090157
;US-PA;1990;p0p100;46261.4882812;;2.6708942848e+11;;
;US-PA;1990;p99p100;624116.375;;;0.1349105686;0.1349105686
;US-PA;1990;p99.9p100;2461048.75;;;0.0531986505;0.0531986505
;US-PA;1990;p99.99p100;9565405.0;;;0.0206768215;0.0206768215
;US-PA;1990;p90p100;;;;0.3866733611;0.3866733611
;US-PA;1990;p90p91;178880.84375;;;;
;US-PA;1990;p95p96;251977.875;;;;
;US-PA;1990;p95p100;;;;0.2723408639;0.2723408639
;US-PA;1990;p99.5p100;944675.5;;;0.1021017134;0.1021017134
;US-PA;1989;p0p100;44657.9648438;;2.6510245888e+11;;
;US-PA;1989;p99p100;627571.6875;;;0.1405285001;0.1405285001
;US-PA;1989;p99.9p100;2538174.25;;;0.0568358675;0.0568358675
;US-PA;1989;p99.99p100;10141966.0;;;0.0227103177;0.0227103177
;US-PA;1989;p90p100;;;;0.3981683254;0.3981683254
;US-PA;1989;p90p91;177813.859375;;;;
;US-PA;1989;p95p96;251475.375;;;;
;US-PA;1989;p95p100;;;;0.2815571129;0.2815571129
;US-PA;1989;p99.5p100;953086.0;;;0.1067095175;0.1067095175
;US-PA;1988;p0p100;44387.5976562;;2.59493789696e+11;;
;US-PA;1988;p99p100;687329.625;;;0.1548472345;0.1548472345
;US-PA;1988;p99.9p100;2999060.75;;;0.0675652847;0.0675652847
;US-PA;1988;p99.99p100;12554880.0;;;0.0282846577;0.0282846577
;US-PA;1988;p90p100;;;;0.4083885252;0.4083885252
;US-PA;1988;p90p91;181273.859375;;;;
;US-PA;1988;p95p96;260912.609375;;;;
;US-PA;1988;p95p100;;;;0.2939026058;0.2939026058
;US-PA;1988;p99.5p100;1070980.875;;;0.120639652;0.120639652
;US-PA;1987;p0p100;41630.8085938;;2.41483513856e+11;;
;US-PA;1987;p99p100;521220.65625;;;0.1252007037;0.1252007037
;US-PA;1987;p99.9p100;1985448.75;;;0.0476918109;0.0476918109
;US-PA;1987;p99.99p100;7612304.5;;;0.0182852652;0.0182852652
;US-PA;1987;p90p100;;;;0.384103328;0.384103328
;US-PA;1987;p90p91;159905.34375;;;;
;US-PA;1987;p95p96;220879.65625;;;;
;US-PA;1987;p95p100;;;;0.2652838826;0.2652838826
;US-PA;1987;p99.5p100;774223.25;;;0.0929868072;0.0929868072
;US-PA;1986;p0p100;43319.1679688;;2.46830972928e+11;;
;US-PA;1986;p99p100;674382.5625;;;0.1556776166;0.1556776166
;US-PA;1986;p99.9p100;3111005.5;;;0.0718159005;0.0718159005
;US-PA;1986;p99.99p100;13957978.0;;;0.0322212465;0.0322212465
;US-PA;1986;p90p100;;;;0.400556922;0.400556922
;US-PA;1986;p90p91;173517.9375;;;;
;US-PA;1986;p95p96;251253.046875;;;;
;US-PA;1986;p95p100;;;;0.2900021374;0.2900021374
;US-PA;1986;p99.5p100;1067084.0;;;0.1231653318;0.1231653318
;US-PA;1985;p0p100;40512.5234375;;2.26776956928e+11;;
;US-PA;1985;p99p100;499027.0625;;;0.1231784523;0.1231784523
;US-PA;1985;p99.9p100;2066836.75;;;0.0510172322;0.0510172322
;US-PA;1985;p99.99p100;8563693.0;;;0.0211383849;0.0211383849
;US-PA;1985;p90p100;;;;0.367016077;0.367016077
;US-PA;1985;p90p91;148687.484375;;;;
;US-PA;1985;p95p96;207664.78125;;;;
;US-PA;1985;p95p100;;;;0.2562970221;0.2562970221
;US-PA;1985;p99.5p100;755125.25;;;0.0931965187;0.0931965187
;US-PA;1984;p0p100;39332.796875;;2.16397053952e+11;;
;US-PA;1984;p99p100;469935.40625;;;0.119476743;0.119476743
;US-PA;1984;p99.9p100;1899118.875;;;0.048283346;0.048283346
;US-PA;1984;p99.99p100;8156999.0;;;0.0207384173;0.0207384173
;US-PA;1984;p90p100;;;;0.3540391028;0.3540391028
;US-PA;1984;p90p91;139253.46875;;;;
;US-PA;1984;p95p96;193664.484375;;;;
;US-PA;1984;p95p100;;;;0.2461870462;0.2461870462
;US-PA;1984;p99.5p100;692360.4375;;;0.0880131274;0.0880131274
;US-PA;1983;p0p100;37806.5039062;;2.04488425472e+11;;
;US-PA;1983;p99p100;445164.1875;;;0.1177480593;0.1177480593
;US-PA;1983;p99.9p100;1713254.875;;;0.0453164093;0.0453164093
;US-PA;1983;p99.99p100;6983305.0;;;0.0184711758;0.0184711758
;US-PA;1983;p90p100;;;;0.3460719883;0.3460719883
;US-PA;1983;p90p91;130837.710938;;;;
;US-PA;1983;p95p96;181496.328125;;;;
;US-PA;1983;p95p100;;;;0.2400332242;0.2400332242
;US-PA;1983;p99.5p100;639711.375;;;0.0846033543;0.0846033543
;US-PA;1982;p0p100;38278.0195312;;2.11427393536e+11;;
;US-PA;1982;p99p100;404411.25;;;0.1056510359;0.1056510359
;US-PA;1982;p99.9p100;1564245.875;;;0.0408653803;0.0408653803
;US-PA;1982;p99.99p100;6494799.0;;;0.0169674382;0.0169674382
;US-PA;1982;p90p100;;;;0.3389387429;0.3389387429
;US-PA;1982;p90p91;129739.03125;;;;
;US-PA;1982;p95p96;175945.546875;;;;
;US-PA;1982;p95p100;;;;0.2298258096;0.2298258096
;US-PA;1982;p99.5p100;596741.625;;;0.0779483393;0.0779483393
;US-PA;1981;p0p100;38609.2851562;;2.1366235136e+11;;
;US-PA;1981;p99p100;365304.03125;;;0.0946155787;0.0946155787
;US-PA;1981;p99.9p100;1239526.5;;;0.0321043581;0.0321043581
;US-PA;1981;p99.99p100;4561739.5;;;0.0118151354;0.0118151354
;US-PA;1981;p90p100;;;;0.3477147222;0.3477147222
;US-PA;1981;p90p91;134250.171875;;;;
;US-PA;1981;p95p96;171470.34375;;;;
;US-PA;1981;p95p100;;;;0.2220584154;0.2220584154
;US-PA;1981;p99.5p100;519423.375;;;0.0672666356;0.0672666356
;US-PA;1980;p0p100;39593.9101562;;2.15512219648e+11;;
;US-PA;1980;p99p100;372740.40625;;;0.0941408426;0.0941408426
;US-PA;1980;p99.9p100;1184293.5;;;0.0299110021;0.0299110021
;US-PA;1980;p99.99p100;4046191.75;;;0.0102192275;0.0102192275
;US-PA;1980;p90p100;;;;0.3380223811;0.3380223811
;US-PA;1980;p90p91;133836.28125;;;;
;US-PA;1980;p95p96;175603.78125;;;;
;US-PA;1980;p95p100;;;;0.221756041;0.221756041
;US-PA;1980;p99.5p100;525470.8125;;;0.0663575307;0.0663575307
;US-PA;1979;p0p100;39981.6640625;;2.16925208576e+11;;
;US-PA;1979;p99p100;372173.96875;;;0.0930861458;0.0930861458
;US-PA;1979;p99.9p100;1195931.625;;;0.0299119968;0.0299119968
;US-PA;1979;p99.99p100;4527240.0;;;0.011323289;0.011323289
;US-PA;1979;p90p100;;;;0.333290875;0.333290875
;US-PA;1979;p90p91;133255.25;;;;
;US-PA;1979;p95p96;174631.171875;;;;
;US-PA;1979;p95p100;;;;0.2183890492;0.2183890492
;US-PA;1979;p99.5p100;520228.125;;;0.0650583282;0.0650583282
;US-PA;1978;p0p100;39678.7734375;;2.10098307072e+11;;
;US-PA;1978;p99p100;339948.125;;;0.0856750607;0.0856750607
;US-PA;1978;p99.9p100;983952.625;;;0.0247979593;0.0247979593
;US-PA;1978;p99.99p100;3195655.5;;;0.0080538159;0.0080538159
;US-PA;1978;p90p100;;;;0.3250410259;0.3250410259
;US-PA;1978;p90p91;128972.304688;;;;
;US-PA;1978;p95p96;170090.828125;;;;
;US-PA;1978;p95p100;;;;0.2143347859;0.2143347859
;US-PA;1978;p99.5p100;465441.53125;;;0.0586511977;0.0586511977
;US-PA;1977;p0p100;39277.15625;;2.04594692096e+11;;
;US-PA;1977;p99p100;339555.34375;;;0.0864510983;0.0864510983
;US-PA;1977;p99.9p100;995117.1875;;;0.025335772;0.025335772
;US-PA;1977;p99.99p100;3365039.5;;;0.0085674217;0.0085674217
;US-PA;1977;p90p100;;;;0.3261984587;0.3261984587
;US-PA;1977;p90p91;128121.484375;;;;
;US-PA;1977;p95p96;167460.859375;;;;
;US-PA;1977;p95p100;;;;0.213178426;0.213178426
;US-PA;1977;p99.5p100;464305.0;;;0.0591062345;0.0591062345
;US-PA;1976;p0p100;38806.578125;;1.98983401472e+11;;
;US-PA;1976;p99p100;328964.875;;;0.0847703964;0.0847703964
;US-PA;1976;p99.9p100;939740.875;;;0.0242160205;0.0242160205
;US-PA;1976;p99.99p100;3021331.0;;;0.007785616;0.007785616
;US-PA;1976;p90p100;;;;0.3268337846;0.3268337846
;US-PA;1976;p90p91;126833.007812;;;;
;US-PA;1976;p95p96;166311.125;;;;
;US-PA;1976;p95p100;;;;0.2142821252;0.2142821252
;US-PA;1976;p99.5p100;446058.28125;;;0.0574719943;0.0574719943
;US-PA;1975;p0p100;37764.2929688;;1.9073318912e+11;;
;US-PA;1975;p99p100;328309.875;;;0.0869365782;0.0869365782
;US-PA;1975;p99.9p100;944206.5;;;0.0250026248;0.0250026248
;US-PA;1975;p99.99p100;3196918.25;;;0.0084654512;0.0084654512
;US-PA;1975;p90p100;;;;0.3265818655;0.3265818655
;US-PA;1975;p90p91;123331.34375;;;;
;US-PA;1975;p95p96;161721.140625;;;;
;US-PA;1975;p95p100;;;;0.2141190916;0.2141190916
;US-PA;1975;p99.5p100;445950.84375;;;0.0590439737;0.0590439737
;US-PA;1974;p0p100;39938.3828125;;1.98630506496e+11;;
;US-PA;1974;p99p100;334127.34375;;;0.0836607069;0.0836607069
;US-PA;1974;p99.9p100;944869.4375;;;0.0236581806;0.0236581806
;US-PA;1974;p99.99p100;2884450.25;;;0.007222251;0.007222251
;US-PA;1974;p90p100;;;;0.3231964707;0.3231964707
;US-PA;1974;p90p91;129079.445312;;;;
;US-PA;1974;p95p96;168544.65625;;;;
;US-PA;1974;p95p100;;;;0.2110058814;0.2110058814
;US-PA;1974;p99.5p100;454286.03125;;;0.0568733625;0.0568733625
;US-PA;1973;p0p100;40530.46875;;1.9865247744e+11;;
;US-PA;1973;p99p100;359097.46875;;;0.0885993913;0.0885993913
;US-PA;1973;p99.9p100;1064357.5;;;0.0262606777;0.0262606777
;US-PA;1973;p99.99p100;3644055.0;;;0.0089909025;0.0089909025
;US-PA;1973;p90p100;;;;0.3229960501;0.3229960501
;US-PA;1973;p90p91;130911.796875;;;;
;US-PA;1973;p95p96;173315.296875;;;;
;US-PA;1973;p95p100;;;;0.2138086557;0.2138086557
;US-PA;1973;p99.5p100;497344.1875;;;0.0613543615;0.0613543615
;US-PA;1972;p0p100;40051.3320312;;1.93392902144e+11;;
;US-PA;1972;p99p100;377885.65625;;;0.094350338;0.094350338
;US-PA;1972;p99.9p100;1222938.0;;;0.0305342674;0.0305342674
;US-PA;1972;p99.99p100;4802451.5;;;0.0119907409;0.0119907409
;US-PA;1972;p90p100;;;;0.3235506713;0.3235506713
;US-PA;1972;p90p91;129586.351562;;;;
;US-PA;1972;p95p96;174046.828125;;;;
;US-PA;1972;p95p100;;;;0.2172797024;0.2172797024
;US-PA;1972;p99.5p100;530980.625;;;0.0662875101;0.0662875101
;US-PA;1971;p0p100;38746.0742188;;1.8411405312e+11;;
;US-PA;1971;p99p100;357975.75;;;0.092390202;0.092390202
;US-PA;1971;p99.9p100;1128395.125;;;0.0291228238;0.0291228238
;US-PA;1971;p99.99p100;4218052.5;;;0.0108864;0.0108864
;US-PA;1971;p90p100;;;;0.3265447021;0.3265447021
;US-PA;1971;p90p91;126523.25;;;;
;US-PA;1971;p95p96;169625.59375;;;;
;US-PA;1971;p95p100;;;;0.2188939154;0.2188939154
;US-PA;1971;p99.5p100;499834.46875;;;0.0645013079;0.0645013079
;US-PA;1970;p0p100;39274.1367188;;1.83311712256e+11;;
;US-PA;1970;p99p100;351512.125;;;0.0895022005;0.0895022005
;US-PA;1970;p99.9p100;1079758.375;;;0.0274928622;0.0274928622
;US-PA;1970;p99.99p100;3935209.25;;;0.01001985;0.01001985
;US-PA;1970;p90p100;;;;0.3190123737;0.3190123737
;US-PA;1970;p90p91;125289.359375;;;;
;US-PA;1970;p95p96;166807.171875;;;;
;US-PA;1970;p95p100;;;;0.2123626322;0.2123626322
;US-PA;1970;p99.5p100;487509.78125;;;0.0620649941;0.0620649941
;US-PA;1969;p0p100;39617.7148438;;1.83793270784e+11;;
;US-PA;1969;p99p100;398251.78125;;;0.1005236581;0.1005236581
;US-PA;1969;p99.9p100;1400786.5;;;0.0353575796;0.0353575796
;US-PA;1969;p99.99p100;5838787.5;;;0.0147378212;0.0147378212
;US-PA;1969;p90p100;;;;0.3295426667;0.3295426667
;US-PA;1969;p90p91;130557.265625;;;;
;US-PA;1969;p95p96;177862.984375;;;;
;US-PA;1969;p95p100;;;;0.2244740576;0.2244740576
;US-PA;1969;p99.5p100;568400.375;;;0.0717356354;0.0717356354
;US-PA;1968;p0p100;39611.5507812;;1.82985965568e+11;;
;US-PA;1968;p99p100;433789.34375;;;0.1095108241;0.1095108241
;US-PA;1968;p99.9p100;1602216.0;;;0.0404482037;0.0404482037
;US-PA;1968;p99.99p100;6832306.0;;;0.0172482673;0.0172482673
;US-PA;1968;p90p100;;;;0.3357231915;0.3357231915
;US-PA;1968;p90p91;132985.15625;;;;
;US-PA;1968;p95p96;185608.078125;;;;
;US-PA;1968;p95p100;;;;0.234285295;0.234285295
;US-PA;1968;p99.5p100;634669.5;;;0.0801116675;0.0801116675
;US-PA;1967;p0p100;38063.2890625;;1.75044624384e+11;;
;US-PA;1967;p99p100;398801.34375;;;0.1047732159;0.1047732159
;US-PA;1967;p99.9p100;1363341.375;;;0.0358177498;0.0358177498
;US-PA;1967;p99.99p100;5340945.0;;;0.0140317474;0.0140317474
;US-PA;1967;p90p100;;;;0.3310765624;0.3310765624
;US-PA;1967;p90p91;126018.632812;;;;
;US-PA;1967;p95p96;175179.609375;;;;
;US-PA;1967;p95p100;;;;0.2301162034;0.2301162034
;US-PA;1967;p99.5p100;570108.1875;;;0.0748895034;0.0748895034
;US-PA;1966;p0p100;36439.6679688;;1.66668845056e+11;;
;US-PA;1966;p99p100;373670.75;;;0.1025450453;0.1025450453
;US-PA;1966;p99.9p100;1279955.0;;;0.0351253189;0.0351253189
;US-PA;1966;p99.99p100;5172580.0;;;0.0141949151;0.0141949151
;US-PA;1966;p90p100;;;;0.3318746984;0.3318746984
;US-PA;1966;p90p91;120934.046875;;;;
;US-PA;1966;p95p96;166465.71875;;;;
;US-PA;1966;p95p100;;;;0.2284127772;0.2284127772
;US-PA;1966;p99.5p100;534457.8125;;;0.073334612;0.073334612
;US-PA;1965;p0p100;35039.0039062;;1.59281168384e+11;;
;US-PA;1965;p99p100;378413.3125;;;0.1079977378;0.1079977378
;US-PA;1965;p99.9p100;1266491.25;;;0.0361451842;0.0361451842
;US-PA;1965;p99.99p100;5207793.5;;;0.0148628457;0.0148628457
;US-PA;1965;p90p100;;;;0.340017885;0.340017885
;US-PA;1965;p90p91;119138.875;;;;
;US-PA;1965;p95p96;163748.578125;;;;
;US-PA;1965;p95p100;;;;0.2336661518;0.2336661518
;US-PA;1965;p99.5p100;537306.375;;;0.0766726062;0.0766726062
;US-PA;1964;p0p100;33412.6445312;;1.50808608768e+11;;
;US-PA;1964;p99p100;352764.875;;;0.1055782586;0.1055782586
;US-PA;1964;p99.9p100;1193650.375;;;0.0357245095;0.0357245095
;US-PA;1964;p99.99p100;5073367.5;;;0.0151839759;0.0151839759
;US-PA;1964;p90p100;;;;0.3372330666;0.3372330666
;US-PA;1964;p90p91;112678.484375;;;;
;US-PA;1964;p95p96;154281.578125;;;;
;US-PA;1964;p95p100;;;;0.2308730483;0.2308730483
;US-PA;1964;p99.5p100;500959.9375;;;0.074965626;0.074965626
;US-PA;1963;p0p100;31514.6601562;;1.41029900288e+11;;
;US-PA;1963;p99p100;315699.15625;;;0.1001753211;0.1001753211
;US-PA;1963;p99.9p100;1048059.125;;;0.0332562402;0.0332562402
;US-PA;1963;p99.99p100;4305653.0;;;0.0136623792;0.0136623792
;US-PA;1963;p90p100;;;;0.3321776688;0.3321776688
;US-PA;1963;p90p91;104684.671875;;;;
;US-PA;1963;p95p96;142341.8125;;;;
;US-PA;1963;p95p100;;;;0.2258342803;0.2258342803
;US-PA;1963;p99.5p100;448610.28125;;;0.0711748526;0.0711748526
;US-PA;1962;p0p100;30776.9511719;;1.36481284096e+11;;
;US-PA;1962;p99p100;300793.53125;;;0.0977333784;0.0977333784
;US-PA;1962;p99.9p100;970772.3125;;;0.0315421857;0.0315421857
;US-PA;1962;p99.99p100;3554947.25;;;0.0115506807;0.0115506807
;US-PA;1962;p90p100;;;;0.3256729543;0.3256729543
;US-PA;1962;p90p91;100232.203125;;;;
;US-PA;1962;p95p96;135910.703125;;;;
;US-PA;1962;p95p100;;;;0.220799461;0.220799461
;US-PA;1962;p99.5p100;433623.15625;;;0.0704460889;0.0704460889
;US-PA;1961;p0p100;30508.9648438;;1.33930655744e+11;;
;US-PA;1961;p99p100;308953.875;;;0.1012666002;0.1012666002
;US-PA;1961;p99.9p100;1014908.5625;;;0.0332659148;0.0332659148
;US-PA;1961;p99.99p100;3570974.25;;;0.0117046721;0.0117046721
;US-PA;1961;p90p100;;;;0.3270859718;0.3270859718
;US-PA;1961;p90p91;99790.5390625;;;;
;US-PA;1961;p95p96;136550.640625;;;;
;US-PA;1961;p95p100;;;;0.2237877399;0.2237877399
;US-PA;1961;p99.5p100;446268.1875;;;0.0731372312;0.0731372312
;US-PA;1960;p0p100;30302.6621094;;1.31522322432e+11;;
;US-PA;1960;p99p100;291609.5625;;;0.0962323248;0.0962323248
;US-PA;1960;p99.9p100;1005708.0;;;0.0331887677;0.0331887677
;US-PA;1960;p99.99p100;4026305.75;;;0.0132869715;0.0132869715
;US-PA;1960;p90p100;;;;0.3184138238;0.3184138238
;US-PA;1960;p90p91;96487.859375;;;;
;US-PA;1960;p95p96;130859.328125;;;;
;US-PA;1960;p95p100;;;;0.2159205228;0.2159205228
;US-PA;1960;p99.5p100;421927.1875;;;0.069618836;0.069618836
;US-PA;1959;p0p100;30023.2910156;;1.30292563968e+11;;
;US-PA;1959;p99p100;328262.34375;;;0.1093358919;0.1093358919
;US-PA;1959;p99.9p100;1040879.1875;;;0.0346690603;0.0346690603
;US-PA;1959;p99.99p100;3354411.0;;;0.011172696;0.011172696
;US-PA;1959;p90p100;;;;0.3338876963;0.3338876963
;US-PA;1959;p90p91;100244.070312;;;;
;US-PA;1959;p95p96;139895.125;;;;
;US-PA;1959;p95p100;;;;0.2329776883;0.2329776883
;US-PA;1959;p99.5p100;486097.40625;;;0.080953382;0.080953382
;US-PA;1958;p0p100;28413.890625;;1.23156471808e+11;;
;US-PA;1958;p99p100;306533.4375;;;0.1078815386;0.1078815386
;US-PA;1958;p99.9p100;965103.3125;;;0.0339658968;0.0339658968
;US-PA;1958;p99.99p100;3432857.75;;;0.0120816184;0.0120816184
;US-PA;1958;p90p100;;;;0.331841737;0.331841737
;US-PA;1958;p90p91;94289.1484375;;;;
;US-PA;1958;p95p96;130583.976562;;;;
;US-PA;1958;p95p100;;;;0.2297889739;0.2297889739
;US-PA;1958;p99.5p100;445216.625;;;0.078344889;0.078344889
;US-PA;1957;p0p100;29617.6347656;;1.281869824e+11;;
;US-PA;1957;p99p100;315835.90625;;;0.1066377833;0.1066377833
;US-PA;1957;p99.9p100;1002844.6875;;;0.0338597149;0.0338597149
;US-PA;1957;p99.99p100;3369730.25;;;0.0113774454;0.0113774454
;US-PA;1957;p90p100;;;;0.3239188194;0.3239188194
;US-PA;1957;p90p91;95937.1015625;;;;
;US-PA;1957;p95p96;133430.71875;;;;
;US-PA;1957;p95p100;;;;0.2252555341;0.2252555341
;US-PA;1957;p99.5p100;461828.90625;;;0.077965185;0.077965185
;US-PA;1956;p0p100;29616.4179688;;1.27790833664e+11;;
;US-PA;1956;p99p100;335302.6875;;;0.1132151261;0.1132151261
;US-PA;1956;p99.9p100;1155043.375;;;0.0390001014;0.0390001014
;US-PA;1956;p99.99p100;4193226.0;;;0.0141584501;0.0141584501
;US-PA;1956;p90p100;;;;0.3232778907;0.3232778907
;US-PA;1956;p90p91;95743.3359375;;;;
;US-PA;1956;p95p96;136454.109375;;;;
;US-PA;1956;p95p100;;;;0.2303690314;0.2303690314
;US-PA;1956;p99.5p100;497986.40625;;;0.0840726867;0.0840726867
;US-PA;1955;p0p100;28404.8203125;;1.22201726976e+11;;
;US-PA;1955;p99p100;310214.5;;;0.1092119217;0.1092119217
;US-PA;1955;p99.9p100;1058941.0;;;0.0372803286;0.0372803286
;US-PA;1955;p99.99p100;3879018.0;;;0.0136561962;0.0136561962
;US-PA;1955;p90p100;;;;0.3229355514;0.3229355514
;US-PA;1955;p90p91;91729.2578125;;;;
;US-PA;1955;p95p96;129419.328125;;;;
;US-PA;1955;p95p100;;;;0.2278122604;0.2278122604
;US-PA;1955;p99.5p100;451575.4375;;;0.0794892311;0.0794892311
;US-PA;1954;p0p100;26952.1621094;;1.15595157504e+11;;
;US-PA;1954;p99p100;288254.4375;;;0.1069503874;0.1069503874
;US-PA;1954;p99.9p100;945945.125;;;0.0350971892;0.0350971892
;US-PA;1954;p99.99p100;3222363.75;;;0.0119558638;0.0119558638
;US-PA;1954;p90p100;;;;0.3182792366;0.3182792366
;US-PA;1954;p90p91;85783.140625;;;;
;US-PA;1954;p95p96;120659.867188;;;;
;US-PA;1954;p95p100;;;;0.223840788;0.223840788
;US-PA;1954;p99.5p100;417445.75;;;0.0774419755;0.0774419755
;US-PA;1953;p0p100;28030.5292969;;1.19833796608e+11;;
;US-PA;1953;p99p100;270157.625;;;0.0963797718;0.0963797718
;US-PA;1953;p99.9p100;850172.875;;;0.0303302463;0.0303302463
;US-PA;1953;p99.99p100;2776027.25;;;0.0099035837;0.0099035837
;US-PA;1953;p90p100;;;;0.302408576;0.302408576
;US-PA;1953;p90p91;84766.734375;;;;
;US-PA;1953;p95p96;117139.765625;;;;
;US-PA;1953;p95p100;;;;0.2089503109;0.2089503109
;US-PA;1953;p99.5p100;384181.0625;;;0.0685290396;0.0685290396
;US-PA;1952;p0p100;26517.9316406;;1.1309441024e+11;;
;US-PA;1952;p99p100;291332.5625;;;0.1098624691;0.1098624691
;US-PA;1952;p99.9p100;991742.3125;;;0.0373989306;0.0373989306
;US-PA;1952;p99.99p100;3295924.5;;;0.012429039;0.012429039
;US-PA;1952;p90p100;;;;0.316962719;0.316962719
;US-PA;1952;p90p91;84051.9609375;;;;
;US-PA;1952;p95p96;119248.617188;;;;
;US-PA;1952;p95p100;;;;0.2248452306;0.2248452306
;US-PA;1952;p99.5p100;428200.21875;;;0.080737859;0.080737859
;US-PA;1951;p0p100;26123.421875;;1.11058591744e+11;;
;US-PA;1951;p99p100;300869.5;;;0.1151723191;0.1151723191
;US-PA;1951;p99.9p100;1026396.6875;;;0.0392902829;0.0392902829
;US-PA;1951;p99.99p100;3544937.75;;;0.0135699604;0.0135699604
;US-PA;1951;p90p100;;;;0.3246040642;0.3246040642
;US-PA;1951;p90p91;84797.6875;;;;
;US-PA;1951;p95p96;120594.523438;;;;
;US-PA;1951;p95p100;;;;0.2308168709;0.2308168709
;US-PA;1951;p99.5p100;439859.15625;;;0.0841886625;0.0841886625
;US-PA;1950;p0p100;25047.9199219;;1.06143039488e+11;;
;US-PA;1950;p99p100;313819.59375;;;0.1252876818;0.1252876818
;US-PA;1950;p99.9p100;1113364.25;;;0.0444493741;0.0444493741
;US-PA;1950;p99.99p100;3249377.0;;;0.0129726417;0.0129726417
;US-PA;1950;p90p100;;;;0.3403492272;0.3403492272
;US-PA;1950;p90p91;85250.40625;;;;
;US-PA;1950;p95p96;122555.601562;;;;
;US-PA;1950;p95p100;;;;0.2446422577;0.2446422577
;US-PA;1950;p99.5p100;463135.28125;;;0.0924498513;0.0924498513
;US-PA;1949;p0p100;22917.9375;;96305217536.0;;
;US-PA;1949;p99p100;265566.5625;;;0.1158771738;0.1158771738
;US-PA;1949;p99.9p100;902360.75;;;0.0393735617;0.0393735617
;US-PA;1949;p99.99p100;3075033.75;;;0.0134175858;0.0134175858
;US-PA;1949;p90p100;;;;0.333096981;0.333096981
;US-PA;1949;p90p91;76338.9609375;;;;
;US-PA;1949;p95p96;107616.296875;;;;
;US-PA;1949;p95p100;;;;0.2347861677;0.2347861677
;US-PA;1949;p99.5p100;389183.6875;;;0.084908098;0.084908098
;US-PA;1948;p0p100;23611.1171875;;98679021568.0;;
;US-PA;1948;p99p100;284138.46875;;;0.1203409582;0.1203409582
;US-PA;1948;p99.9p100;1003543.75;;;0.0425030142;0.0425030142
;US-PA;1948;p99.99p100;3592673.5;;;0.0152160237;0.0152160237
;US-PA;1948;p90p100;;;;0.3319722414;0.3319722414
;US-PA;1948;p90p91;78382.359375;;;;
;US-PA;1948;p95p96;111050.21875;;;;
;US-PA;1948;p95p100;;;;0.2351650894;0.2351650894
;US-PA;1948;p99.5p100;421643.71875;;;0.0892892256;0.0892892256
;US-PA;1947;p0p100;23427.7910156;;97364901888.0;;
;US-PA;1947;p99p100;278483.1875;;;0.1188687384;0.1188687384
;US-PA;1947;p99.9p100;959541.9375;;;0.0409574248;0.0409574248
;US-PA;1947;p99.99p100;3427553.5;;;0.0146302879;0.0146302879
;US-PA;1947;p90p100;;;;0.3266072869;0.3266072869
;US-PA;1947;p90p91;76516.875;;;;
;US-PA;1947;p95p96;110396.375;;;;
;US-PA;1947;p95p100;;;;0.2356098741;0.2356098741
;US-PA;1947;p99.5p100;408090.09375;;;0.0870952979;0.0870952979
;US-PA;1946;p0p100;23258.9003906;;95915024384.0;;
;US-PA;1946;p99p100;308631.84375;;;0.1326940656;0.1326940656
;US-PA;1946;p99.9p100;1066840.625;;;0.045868054;0.045868054
;US-PA;1946;p99.99p100;3814550.5;;;0.0164003894;0.0164003894
;US-PA;1946;p90p100;;;;0.3552412987;0.3552412987
;US-PA;1946;p90p91;82625.234375;;;;
;US-PA;1946;p95p96;120500.289062;;;;
;US-PA;1946;p95p100;;;;0.2590412199;0.2590412199
;US-PA;1946;p99.5p100;454193.625;;;0.0976386592;0.0976386592
;US-PA;1945;p0p100;23494.4492188;;96965632000.0;;
;US-PA;1945;p99p100;298262.46875;;;0.1269501895;0.1269501895
;US-PA;1945;p99.9p100;1022278.8125;;;0.0435115024;0.0435115024
;US-PA;1945;p99.99p100;3224313.5;;;0.0137237245;0.0137237245
;US-PA;1945;p90p100;;;;0.3417131901;0.3417131901
;US-PA;1945;p90p91;80283.6328125;;;;
;US-PA;1945;p95p96;116076.25;;;;
;US-PA;1945;p95p100;;;;0.2470291108;0.2470291108
;US-PA;1945;p99.5p100;439783.875;;;0.0935931429;0.0935931429
;US-PA;1944;p0p100;23778.9960938;;98139701248.0;;
;US-PA;1944;p99p100;278718.1875;;;0.1172119305;0.1172119305
;US-PA;1944;p99.9p100;913622.5625;;;0.0384214111;0.0384214111
;US-PA;1944;p99.99p100;2714089.0;;;0.0114138089;0.0114138089
;US-PA;1944;p90p100;;;;0.3348630667;0.3348630667
;US-PA;1944;p90p91;79627.0703125;;;;
;US-PA;1944;p95p96;112393.703125;;;;
;US-PA;1944;p95p100;;;;0.2363298088;0.2363298088
;US-PA;1944;p99.5p100;404859.96875;;;0.0851297453;0.0851297453
;US-PA;1943;p0p100;24143.2128906;;99518029824.0;;
;US-PA;1943;p99p100;303862.90625;;;0.1258585304;0.1258585304
;US-PA;1943;p99.9p100;1106706.0;;;0.0458392203;0.0458392203
;US-PA;1943;p99.99p100;3354243.5;;;0.0138931125;0.0138931125
;US-PA;1943;p90p100;;;;0.3307951987;0.3307951987
;US-PA;1943;p90p91;79864.5859375;;;;
;US-PA;1943;p95p96;114510.203125;;;;
;US-PA;1943;p95p100;;;;0.237147823;0.237147823
;US-PA;1943;p99.5p100;461245.65625;;;0.0955228508;0.0955228508
;US-PA;1942;p0p100;21227.8554688;;87218061312.0;;
;US-PA;1942;p99p100;292669.375;;;0.1378704309;0.1378704309
;US-PA;1942;p99.9p100;1096809.875;;;0.0516684204;0.0516684204
;US-PA;1942;p99.99p100;3735587.75;;;0.0175975747;0.0175975747
;US-PA;1942;p90p100;;;;0.3558167517;0.3558167517
;US-PA;1942;p90p91;75532.2734375;;;;
;US-PA;1942;p95p96;108679.289062;;;;
;US-PA;1942;p95p100;;;;0.2559827268;0.2559827268
;US-PA;1942;p99.5p100;445261.53125;;;0.104876712;0.104876712
;US-PA;1941;p0p100;19008.8574219;;78065876992.0;;
;US-PA;1941;p99p100;297023.3125;;;0.1562552303;0.1562552303
;US-PA;1941;p99.9p100;1130388.125;;;0.0594663881;0.0594663881
;US-PA;1941;p99.99p100;3958619.5;;;0.0208251309;0.0208251309
;US-PA;1941;p90p100;;;;0.3985335231;0.3985335231
;US-PA;1941;p90p91;75756.671875;;;;
;US-PA;1941;p95p96;109135.265625;;;;
;US-PA;1941;p95p100;;;;0.2870642543;0.2870642543
;US-PA;1941;p99.5p100;451691.15625;;;0.1188107133;0.1188107133
;US-PA;1940;p0p100;16774.1132812;;68928618496.0;;
;US-PA;1940;p99p100;273872.34375;;;0.1632708311;0.1632708311
;US-PA;1940;p99.9p100;1051857.875;;;0.0627072081;0.0627072081
;US-PA;1940;p99.99p100;3981806.0;;;0.0237378012;0.0237378012
;US-PA;1940;p90p100;;;;0.4261834919;0.4261834919
;US-PA;1940;p90p91;71488.5078125;;;;
;US-PA;1940;p95p96;103608.984375;;;;
;US-PA;1940;p95p100;;;;0.3088359237;0.3088359237
;US-PA;1940;p99.5p100;415871.125;;;0.1239621714;0.1239621714
;US-PA;1939;p0p100;15808.7470703;;64133906432.0;;
;US-PA;1939;p99p100;252378.734375;;;0.1596449912;0.1596449912
;US-PA;1939;p99.9p100;959189.0625;;;0.0606745705;0.0606745705
;US-PA;1939;p99.99p100;3565901.75;;;0.022556508;0.022556508
;US-PA;1939;p90p100;;;;0.4271574318;0.4271574318
;US-PA;1939;p90p91;67528.25;;;;
;US-PA;1939;p95p96;96887.9609375;;;;
;US-PA;1939;p95p100;;;;0.3064377904;0.3064377904
;US-PA;1939;p99.5p100;381313.84375;;;0.1206021532;0.1206021532
;US-PA;1938;p0p100;14859.5703125;;59598401536.0;;
;US-PA;1938;p99p100;221483.515625;;;0.1490511;0.1490511
;US-PA;1938;p99.9p100;827936.125;;;0.0557173751;0.0557173751
;US-PA;1938;p99.99p100;3037420.25;;;0.0204408374;0.0204408374
;US-PA;1938;p90p100;;;;0.4346048236;0.4346048236
;US-PA;1938;p90p91;64580.4023438;;;;
;US-PA;1938;p95p96;87916.515625;;;;
;US-PA;1938;p95p100;;;;0.2958245575;0.2958245575
;US-PA;1938;p99.5p100;332134.125;;;0.1117576584;0.1117576584
;US-PA;1937;p0p100;16603.6855469;;65863421952.0;;
;US-PA;1937;p99p100;270602.90625;;;0.1629776061;0.1629776061
;US-PA;1937;p99.9p100;1022779.6875;;;0.0615995489;0.0615995489
;US-PA;1937;p99.99p100;3415536.5;;;0.0205709524;0.0205709524
;US-PA;1937;p90p100;;;;0.4354332387;0.4354332387
;US-PA;1937;p90p91;72297.96875;;;;
;US-PA;1937;p95p96;101320.445312;;;;
;US-PA;1937;p95p100;;;;0.3051142991;0.3051142991
;US-PA;1937;p99.5p100;411728.625;;;0.1239871085;0.1239871085
;US-PA;1936;p0p100;16488.2050781;;64802361344.0;;
;US-PA;1936;p99p100;297538.8125;;;0.1804555655;0.1804555655
;US-PA;1936;p99.9p100;1179884.375;;;0.0715593025;0.0715593025
;US-PA;1936;p99.99p100;4076221.0;;;0.0247220416;0.0247220416
;US-PA;1936;p90p100;;;;0.4331842065;0.4331842065
;US-PA;1936;p90p91;71424.3046875;;;;
;US-PA;1936;p95p96;104512.71875;;;;
;US-PA;1936;p95p100;;;;0.3169317544;0.3169317544
;US-PA;1936;p99.5p100;460089.78125;;;0.1395208836;0.1395208836
;US-PA;1935;p0p100;14301.7333984;;55677247488.0;;
;US-PA;1935;p99p100;231777.984375;;;0.1620628536;0.1620628536
;US-PA;1935;p99.9p100;896952.5;;;0.06271635;0.06271635
;US-PA;1935;p99.99p100;3062290.25;;;0.0214120205;0.0214120205
;US-PA;1935;p90p100;;;;0.4391417801;0.4391417801
;US-PA;1935;p90p91;62804.890625;;;;
;US-PA;1935;p95p96;89593.3046875;;;;
;US-PA;1935;p95p100;;;;0.3132252991;0.3132252991
;US-PA;1935;p99.5p100;353810.40625;;;0.123694934;0.123694934
;US-PA;1934;p0p100;13715.0498047;;52857221120.0;;
;US-PA;1934;p99p100;210316.21875;;;0.1533470154;0.1533470154
;US-PA;1934;p99.9p100;796694.5625;;;0.0580890737;0.0580890737
;US-PA;1934;p99.99p100;2634952.75;;;0.0192121249;0.0192121249
;US-PA;1934;p90p100;;;;0.4202459455;0.4202459455
;US-PA;1934;p90p91;57636.9453125;;;;
;US-PA;1934;p95p96;84667.59375;;;;
;US-PA;1934;p95p100;;;;0.3086667061;0.3086667061
;US-PA;1934;p99.5p100;318362.625;;;0.1160632297;0.1160632297
;US-PA;1933;p0p100;12638.8896484;;48251437056.0;;
;US-PA;1933;p99p100;198697.859375;;;0.1572114676;0.1572114676
;US-PA;1933;p99.9p100;786587.8125;;;0.0622355118;0.0622355118
;US-PA;1933;p99.99p100;2608427.25;;;0.0206381027;0.0206381027
;US-PA;1933;p90p100;;;;0.4380642176;0.4380642176
;US-PA;1933;p90p91;55366.4570312;;;;
;US-PA;1933;p95p96;79418.4140625;;;;
;US-PA;1933;p95p100;;;;0.3141826987;0.3141826987
;US-PA;1933;p99.5p100;302725.4375;;;0.1197594926;0.1197594926
;US-PA;1932;p0p100;13246.0146484;;50115956736.0;;
;US-PA;1932;p99p100;200418.46875;;;0.1513047218;0.1513047218
;US-PA;1932;p99.9p100;784143.3125;;;0.0591984279;0.0591984279
;US-PA;1932;p99.99p100;2547842.75;;;0.0192347858;0.0192347858
;US-PA;1932;p90p100;;;;0.4407308698;0.4407308698
;US-PA;1932;p90p91;58379.2773438;;;;
;US-PA;1932;p95p96;81293.09375;;;;
;US-PA;1932;p95p100;;;;0.3068586588;0.3068586588
;US-PA;1932;p99.5p100;303798.90625;;;0.1146755815;0.1146755815
;US-PA;1931;p0p100;15845.4892578;;59383611392.0;;
;US-PA;1931;p99p100;240698.375;;;0.1519034058;0.1519034058
;US-PA;1931;p99.9p100;952575.25;;;0.0601164959;0.0601164959
;US-PA;1931;p99.99p100;3734577.0;;;0.0235687103;0.0235687103
;US-PA;1931;p90p100;;;;0.4244911373;0.4244911373
;US-PA;1931;p90p91;67262.6953125;;;;
;US-PA;1931;p95p96;93630.8125;;;;
;US-PA;1931;p95p100;;;;0.2954494357;0.2954494357
;US-PA;1931;p99.5p100;364521.46875;;;0.1150237396;0.1150237396
;US-PA;1930;p0p100;17612.6679688;;65295159296.0;;
;US-PA;1930;p99p100;295660.0;;;0.1678678095;0.1678678095
;US-PA;1930;p99.9p100;1233321.875;;;0.0700247064;0.0700247064
;US-PA;1930;p99.99p100;4981668.5;;;0.0282845795;0.0282845795
;US-PA;1930;p90p100;;;;0.4214909375;0.4214909375
;US-PA;1930;p90p91;74235.796875;;;;
;US-PA;1930;p95p96;107082.226562;;;;
;US-PA;1930;p95p100;;;;0.3039920926;0.3039920926
;US-PA;1930;p99.5p100;457383.3125;;;0.1298449934;0.1298449934
;US-PA;1929;p0p100;19568.9902344;;72008957952.0;;
;US-PA;1929;p99p100;428419.3125;;;0.2189276665;0.2189276665
;US-PA;1929;p99.9p100;2047859.875;;;0.1046482176;0.1046482176
;US-PA;1929;p99.99p100;9229344.0;;;0.0471631065;0.0471631065
;US-PA;1929;p90p100;;;;0.4595123529;0.4595123529
;US-PA;1929;p90p91;89921.921875;;;;
;US-PA;1929;p95p96;137652.65625;;;;
;US-PA;1929;p95p100;;;;0.3517112136;0.3517112136
;US-PA;1929;p99.5p100;692236.4375;;;0.1768707633;0.1768707633
;US-PA;1928;p0p100;18940.0351562;;69191008256.0;;
;US-PA;1928;p99p100;427341.21875;;;0.225628525;0.225628525
;US-PA;1928;p99.9p100;1973584.375;;;0.1042017192;0.1042017192
;US-PA;1928;p99.99p100;8200053.0;;;0.0432948098;0.0432948098
;US-PA;1928;p90p100;;;;0.4747316539;0.4747316539
;US-PA;1928;p90p91;89914.34375;;;;
;US-PA;1928;p95p96;137222.390625;;;;
;US-PA;1928;p95p100;;;;0.3622548282;0.3622548282
;US-PA;1928;p99.5p100;687172.9375;;;0.1814074963;0.1814074963
;US-PA;1927;p0p100;18918.6503906;;68474396672.0;;
;US-PA;1927;p99p100;379485.28125;;;0.2005879283;0.2005879283
;US-PA;1927;p99.9p100;1678940.875;;;0.0887452811;0.0887452811
;US-PA;1927;p99.99p100;6886324.0;;;0.0363996588;0.0363996588
;US-PA;1927;p90p100;;;;0.4491803348;0.4491803348
;US-PA;1927;p90p91;84978.859375;;;;
;US-PA;1927;p95p96;126134.992188;;;;
;US-PA;1927;p95p100;;;;0.3333615065;0.3333615065
;US-PA;1927;p99.5p100;601983.625;;;0.1590979397;0.1590979397
;US-PA;1926;p0p100;19304.2675781;;69110128640.0;;
;US-PA;1926;p99p100;369395.5625;;;0.1913543493;0.1913543493
;US-PA;1926;p99.9p100;1659167.0;;;0.085948199;0.085948199
;US-PA;1926;p99.99p100;7309391.0;;;0.0378641188;0.0378641188
;US-PA;1926;p90p100;;;;0.4403563142;0.4403563142
;US-PA;1926;p90p91;85007.5546875;;;;
;US-PA;1926;p95p96;124115.484375;;;;
;US-PA;1926;p95p100;;;;0.3214716315;0.3214716315
;US-PA;1926;p99.5p100;586123.25;;;0.1518118382;0.1518118382
;US-PA;1925;p0p100;18116.3808594;;64171601920.0;;
;US-PA;1925;p99p100;361476.0;;;0.1995299309;0.1995299309
;US-PA;1925;p99.9p100;1556760.0;;;0.0859310776;0.0859310776
;US-PA;1925;p99.99p100;6227955.5;;;0.0343774818;0.0343774818
;US-PA;1925;p90p100;;;;0.4549479783;0.4549479783
;US-PA;1925;p90p91;82420.109375;;;;
;US-PA;1925;p95p96;121288.9375;;;;
;US-PA;1925;p95p100;;;;0.3347493708;0.3347493708
;US-PA;1925;p99.5p100;571183.0;;;0.1576426923;0.1576426923
;US-PA;1924;p0p100;18261.7773438;;63899213824.0;;
;US-PA;1924;p99p100;309085.71875;;;0.1692528129;0.1692528129
;US-PA;1924;p99.9p100;1205163.375;;;0.0659937635;0.0659937635
;US-PA;1924;p99.99p100;4067154.25;;;0.022271404;0.022271404
;US-PA;1924;p90p100;;;;0.4105887711;0.4105887711
;US-PA;1924;p90p91;74980.8046875;;;;
;US-PA;1924;p95p96;108382.632812;;;;
;US-PA;1924;p95p100;;;;0.2967472076;0.2967472076
;US-PA;1924;p99.5p100;477550.5;;;0.1307513714;0.1307513714
;US-PA;1923;p0p100;18142.0039062;;62440333312.0;;
;US-PA;1923;p99p100;285833.0625;;;0.157553196;0.157553196
;US-PA;1923;p99.9p100;1101954.0;;;0.0607404783;0.0607404783
;US-PA;1923;p99.99p100;3753112.75;;;0.0206874218;0.0206874218
;US-PA;1923;p90p100;;;;0.3856906593;0.3856906593
;US-PA;1923;p90p91;69972.015625;;;;
;US-PA;1923;p95p96;102397.921875;;;;
;US-PA;1923;p95p100;;;;0.2822122574;0.2822122574
;US-PA;1923;p99.5p100;438946.59375;;;0.1209752262;0.1209752262
;US-PA;1922;p0p100;15458.0957031;;52432646144.0;;
;US-PA;1922;p99p100;277769.0;;;0.1796916276;0.1796916276
;US-PA;1922;p99.9p100;1100598.75;;;0.0711988658;0.0711988658
;US-PA;1922;p99.99p100;3664575.25;;;0.0237065144;0.0237065144
;US-PA;1922;p90p100;;;;0.4318669438;0.4318669438
;US-PA;1922;p90p91;66758.3984375;;;;
;US-PA;1922;p95p96;99228.90625;;;;
;US-PA;1922;p95p100;;;;0.3209610283;0.3209610283
;US-PA;1922;p99.5p100;430307.03125;;;0.1391850263;0.1391850263
;US-PA;1921;p0p100;14029.2519531;;47046393856.0;;
;US-PA;1921;p99p100;221941.65625;;;0.158199206;0.158199206
;US-PA;1921;p99.9p100;843264.0;;;0.0601075478;0.0601075478
;US-PA;1921;p99.99p100;2679128.5;;;0.0190967321;0.0190967321
;US-PA;1921;p90p100;;;;0.4089154899;0.4089154899
;US-PA;1921;p90p91;57367.7851562;;;;
;US-PA;1921;p95p96;83087.8984375;;;;
;US-PA;1921;p95p100;;;;0.2961237431;0.2961237431
;US-PA;1921;p99.5p100;338844.65625;;;0.1207636148;0.1207636148
;US-PA;1920;p0p100;14315.9316406;;47198601216.0;;
;US-PA;1920;p99p100;232484.59375;;;0.1623957306;0.1623957306
;US-PA;1920;p99.9p100;891317.1875;;;0.0622605085;0.0622605085
;US-PA;1920;p99.99p100;2809502.75;;;0.0196250118;0.0196250118
;US-PA;1920;p90p100;;;;0.3867604434;0.3867604434
;US-PA;1920;p90p91;55368.359375;;;;
;US-PA;1920;p95p96;82393.4140625;;;;
;US-PA;1920;p95p100;;;;0.2877682745;0.2877682745
;US-PA;1920;p99.5p100;357668.3125;;;0.1249196902;0.1249196902
;US-PA;1919;p0p100;15714.3369141;;50866434048.0;;
;US-PA;1919;p99p100;268787.625;;;0.171046108;0.171046108
;US-PA;1919;p99.9p100;1147828.25;;;0.0730433762;0.0730433762
;US-PA;1919;p99.99p100;3985700.0;;;0.0253634639;0.0253634639
;US-PA;1919;p90p100;;;;0.3910762668;0.3910762668
;US-PA;1919;p90p91;61455.0429688;;;;
;US-PA;1919;p95p96;92863.6328125;;;;
;US-PA;1919;p95p100;;;;0.2954742312;0.2954742312
;US-PA;1919;p99.5p100;422999.15625;;;0.1345901936;0.1345901936
;US-PA;1918;p0p100;18982.984375;;60681265152.0;;
;US-PA;1918;p99p100;289234.84375;;;0.152365312;0.152365312
;US-PA;1918;p99.9p100;1313619.5;;;0.0691998452;0.0691998452
;US-PA;1918;p99.99p100;4825614.0;;;0.0254207328;0.0254207328
;US-PA;1918;p90p100;;;;0.3648527861;0.3648527861
;US-PA;1918;p90p91;69259.953125;;;;
;US-PA;1918;p95p96;100613.40625;;;;
;US-PA;1918;p95p100;;;;0.2650094628;0.2650094628
;US-PA;1918;p99.5p100;464951.65625;;;0.1224653721;0.1224653721
;US-PA;1917;p0p100;18130.0078125;;57987072000.0;;
