Variable Name;.;.;.;Fiscal income  | tax unit | Average | Adults | constant 2015 local currency;Fiscal income  | tax unit | Threshold | Adults | constant 2015 local currency;Fiscal income  | tax unit | Total | Adults | constant 2015 local currency;Fiscal income  | tax unit | Share | Adults | share of total (ratio);Pre-tax national income  | tax unit | Share | Adults | share of total (ratio)
Variable Category;.;.;.;Income inequality;Income inequality;Income inequality;Income inequality;Income inequality
Variable Description;.;.;.;Average Fiscal income within a given percentile group. Fiscal income is defined as the sum of all income items reported on income tax returns, before any deduction. It includes labour income, capital income and mixed income. The concept of fiscal income varies with national tax legislations, so in order to make international comparisons it is preferable to use the concept of national income. The population is comprised of individuals over age 20. The base unit is the tax unit defined by national fiscal administrations to measure personal income taxes.;Fiscal income threshold value at a given percentile.  Fiscal income is defined as the sum of all income items reported on income tax returns, before any deduction. It includes labour income, capital income and mixed income. The concept of fiscal income varies with national tax legislations, so in order to make international comparisons it is preferable to use the concept of national income. The population is comprised of individuals over age 20. The base unit is the tax unit defined by national fiscal administrations to measure personal income taxes.;Total Fiscal income  within a given percentile group. Fiscal income is defined as the sum of all income items reported on income tax returns, before any deduction. It includes labour income, capital income and mixed income. The concept of fiscal income varies with national tax legislations, so in order to make international comparisons it is preferable to use the concept of national income. The population is comprised of individuals over age 20.;Fiscal income share held by a given percentile group. Fiscal income is defined as the sum of all income items reported on income tax returns, before any deduction. It includes labour income, capital income and mixed income. The concept of fiscal income varies with national tax legislations, so in order to make international comparisons it is preferable to use the concept of national income. The population is comprised of individuals over age 20. The base unit is the tax unit defined by national fiscal administrations to measure personal income taxes.;Pre-tax national income share held by a given percentile group. Pre-tax national income  is the sum of all pre-tax personal income flows accruing to the owners of the production factors, labor and capital, before taking into account the operation of the tax/transfer system, but after taking into account the operation of pension system. The central difference between personal factor income and pre-tax income is the treatment of pensions, which are counted on a contribution basis by factor income and on a distribution basis by pre-tax income. The population is comprised of individuals over age 20. The base unit is the tax unit defined by national fiscal administrations to measure personal income taxes.
Variable Decomposition;.;.;.;[Fiscal income ]=[Fiscal labour income ]+[Fiscal capital income ];[Fiscal income ]=[Fiscal labour income ]+[Fiscal capital income ];[Fiscal income ]=[Fiscal labour income ]+[Fiscal capital income ];[Fiscal income ]=[Fiscal labour income ]+[Fiscal capital income ];Pre-tax national income =Pre-tax labor income [total pre-tax income ranking]+Pre-tax capital income [total pre-tax income ranking]
Variable Unit;.;.;.;"USD; United States dollar | local currency | market";"USD; United States dollar | local currency | market";"USD; United States dollar | local currency | market";share;share
Methodological Notes;.;.;.;;;;;Assuming the same distribution as fiscal income.
Sources;.;.;.;Frank, Sommeiller, Price & Saez (2015);Frank, Sommeiller, Price & Saez (2015);Frank, Sommeiller, Price & Saez (2015);Frank, Sommeiller, Price & Saez (2015);WID.world computations using: Frank, Sommeiller, Price & Saez (2015)
Variable Code;country;year;perc;afiinc992t;tfiinc992t;mfiinc992t;sfiinc992t;sptinc992t
;US-DE;2014;p0p100;56042.8046875;;27606233088.0;;
;US-DE;2014;p99p100;;356932.40625;;0.1490488201;0.1490488201
;US-DE;2014;p99.9p100;;1351753.375;;0.0567358583;0.0567358583
;US-DE;2014;p99.99p100;;5157294.0;;0.0208945964;0.0208945964
;US-DE;2014;p90p100;;126989.421875;;0.4408117831;0.4408117831
;US-DE;2014;p90p91;250258.890625;;;;
;US-DE;2014;p95p96;350832.75;;;;
;US-DE;2014;p90p95;149685.015625;126989.421875;;0.1304264516;0.1304264516
;US-DE;2014;p95p99;227380.78125;165283.625;;0.1610890925;0.1610890925
;US-DE;2014;p99.5p99.9;767891.75;532605.0;;0.0546300635;0.0546300635
;US-DE;2014;p99.9p99.99;2219760.5;1351753.375;;0.0362962037;0.0362962037
;US-DE;2014;p99p99.5;428931.09375;356932.40625;;0.0378148928;0.0378148928
;US-DE;2014;p95p100;;165283.625;;0.3100416362;0.3100416362
;US-DE;2014;p0p90;34463.2382812;;;0.5588486791;0.5588486791
;US-DE;2014;p0p99;48077.1679688;;;0.8509511948;0.8509511948
;US-DE;2014;p99.5p100;;532605.0;;0.1112256944;0.1112256944
;US-DE;2014;p99.5p99.6;1260350.25;;;;
;US-DE;2014;p99.99p99.991;12324002.0;;;;
;US-DE;2014;p99.9p99.91;3230184.5;;;;
;US-DE;2014;p99p99.1;844640.6875;;;;
;US-DE;2013;p0p100;56924.21875;;26492057600.0;;
;US-DE;2013;p99p100;;357639.3125;;0.1388598531;0.1388598531
;US-DE;2013;p99.9p100;;1303772.0;;0.0498264879;0.0498264879
;US-DE;2013;p99.99p100;;4594650.0;;0.0173288882;0.0173288882
;US-DE;2013;p90p100;;128806.40625;;0.4251240194;0.4251240194
;US-DE;2013;p90p91;247168.8125;;;;
;US-DE;2013;p95p96;342132.75;;;;
;US-DE;2013;p90p95;152204.875;128806.40625;;0.1288255751;0.1288255751
;US-DE;2013;p95p99;227266.890625;166357.34375;;0.1568683535;0.1568683535
;US-DE;2013;p99.5p99.9;751316.1875;525010.5;;0.0519192293;0.0519192293
;US-DE;2013;p99.9p99.99;2071134.875;1303772.0;;0.0326578841;0.0326578841
;US-DE;2013;p99p99.5;426458.0625;357639.3125;;0.0371505395;0.0371505395
;US-DE;2013;p95p100;;166357.34375;;0.2958192229;0.2958192229
;US-DE;2013;p0p90;35785.9296875;;;0.5752495527;0.5752495527
;US-DE;2013;p0p99;49402.28125;;;0.861140132;0.861140132
;US-DE;2013;p99.5p100;;525010.5;;0.1017673314;0.1017673314
;US-DE;2013;p99.5p99.6;1176734.25;;;;
;US-DE;2013;p99.99p99.991;10143852.0;;;;
;US-DE;2013;p99.9p99.91;2878406.5;;;;
;US-DE;2013;p99p99.1;801596.1875;;;;
;US-DE;2012;p0p100;58102.1640625;;27584602112.0;;
;US-DE;2012;p99p100;887960.875;;;0.1528275013;0.1528275013
;US-DE;2012;p99.9p100;3581380.5;;;0.0616393648;0.0616393648
;US-DE;2012;p99.99p100;13496019.0;;;0.0232280828;0.0232280828
;US-DE;2012;p90p100;;;;0.427829057;0.427829057
;US-DE;2012;p90p91;248577.9375;;;;
;US-DE;2012;p95p96;353219.15625;;;;
;US-DE;2012;p95p100;;;;0.3039638698;0.3039638698
;US-DE;2012;p99.5p100;1354607.875;;;0.1165712103;0.1165712103
;US-DE;2011;p0p100;56016.0703125;;26006878208.0;;
;US-DE;2011;p99p100;785371.625;;;0.1402047127;0.1402047127
;US-DE;2011;p99.9p100;2931954.25;;;0.0523413084;0.0523413084
;US-DE;2011;p99.99p100;10373010.0;;;0.0185179189;0.0185179189
;US-DE;2011;p90p100;;;;0.4217775762;0.4217775762
;US-DE;2011;p90p91;236263.234375;;;;
;US-DE;2011;p95p96;329332.5625;;;;
;US-DE;2011;p95p100;;;;0.2939625978;0.2939625978
;US-DE;2011;p99.5p100;1167549.875;;;0.1042156294;0.1042156294
;US-DE;2010;p0p100;57772.1171875;;26051254272.0;;
;US-DE;2010;p99p100;792759.5625;;;0.1372218281;0.1372218281
;US-DE;2010;p99.9p100;2998333.25;;;0.0518993102;0.0518993102
;US-DE;2010;p99.99p100;11038326.0;;;0.0191066656;0.0191066656
;US-DE;2010;p90p100;;;;0.4096455574;0.4096455574
;US-DE;2010;p90p91;236660.90625;;;;
;US-DE;2010;p95p96;330044.0625;;;;
;US-DE;2010;p95p100;;;;0.2856430411;0.2856430411
;US-DE;2010;p99.5p100;1181776.125;;;0.1022791043;0.1022791043
;US-DE;2009;p0p100;56736.9726562;;25449089024.0;;
;US-DE;2009;p99p100;788432.4375;;;0.1389627159;0.1389627159
;US-DE;2009;p99.9p100;3170999.25;;;0.0558894686;0.0558894686
;US-DE;2009;p99.99p100;13077515.0;;;0.0230493695;0.0230493695
;US-DE;2009;p90p100;;;;0.412789166;0.412789166
;US-DE;2009;p90p91;234204.078125;;;;
;US-DE;2009;p95p96;325010.625;;;;
;US-DE;2009;p95p100;;;;0.286418736;0.286418736
;US-DE;2009;p99.5p100;1184527.0;;;0.1043875739;0.1043875739
;US-DE;2008;p0p100;61306.8242188;;27146694656.0;;
;US-DE;2008;p99p100;1002200.6875;;;0.1634729505;0.1634729505
;US-DE;2008;p99.9p100;4447348.5;;;0.0725424737;0.0725424737
;US-DE;2008;p99.99p100;19239566.0;;;0.0313824229;0.0313824229
;US-DE;2008;p90p100;;;;0.4292985797;0.4292985797
;US-DE;2008;p90p91;263189.3125;;;;
;US-DE;2008;p95p96;378019.4375;;;;
;US-DE;2008;p95p100;;;;0.3083012998;0.3083012998
;US-DE;2008;p99.5p100;1560398.25;;;0.1272613853;0.1272613853
;US-DE;2007;p0p100;68261.6953125;;29565452288.0;;
;US-DE;2007;p99p100;1275540.25;;;0.186860323;0.186860323
;US-DE;2007;p99.9p100;6055145.5;;;0.0887048841;0.0887048841
;US-DE;2007;p99.99p100;27063536.0;;;0.039646741;0.039646741
;US-DE;2007;p90p100;;;;0.4407428205;0.4407428205
;US-DE;2007;p90p91;300858.53125;;;;
;US-DE;2007;p95p96;448680.625;;;;
;US-DE;2007;p95p100;;;;0.3286474347;0.3286474347
;US-DE;2007;p99.5p100;2036995.5;;;0.1492048651;0.1492048651
;US-DE;2006;p0p100;66778.3203125;;28956930048.0;;
;US-DE;2006;p99p100;1278115.5;;;0.1913968027;0.1913968027
;US-DE;2006;p99.9p100;6147119.0;;;0.0920526236;0.0920526236
;US-DE;2006;p99.99p100;27436048.0;;;0.0410852656;0.0410852656
;US-DE;2006;p90p100;;;;0.4445752501;0.4445752501
;US-DE;2006;p90p91;296879.84375;;;;
;US-DE;2006;p95p96;443004.59375;;;;
;US-DE;2006;p95p100;;;;0.3316979706;0.3316979706
;US-DE;2006;p99.5p100;2051190.0;;;0.1535820514;0.1535820514
;US-DE;2005;p0p100;64221.3203125;;27900137472.0;;
;US-DE;2005;p99p100;1372213.625;;;0.2136694789;0.2136694789
;US-DE;2005;p99.9p100;7070775.5;;;0.1101001203;0.1101001203
;US-DE;2005;p99.99p100;33939120.0;;;0.0528471246;0.0528471246
;US-DE;2005;p90p100;;;;0.4692201912;0.4692201912
;US-DE;2005;p90p91;301339.40625;;;;
;US-DE;2005;p95p96;456388.40625;;;;
;US-DE;2005;p95p100;;;;0.3553246856;0.3553246856
;US-DE;2005;p99.5p100;2244029.25;;;0.1747106165;0.1747106165
;US-DE;2004;p0p100;64523.75;;26583480320.0;;
;US-DE;2004;p99p100;1185768.5;;;0.1837724298;0.1837724298
;US-DE;2004;p99.9p100;5778046.0;;;0.0895491391;0.0895491391
;US-DE;2004;p99.99p100;26955272.0;;;0.0417757407;0.0417757407
;US-DE;2004;p90p100;;;;0.4356289208;0.4356289208
;US-DE;2004;p90p91;281084.09375;;;;
;US-DE;2004;p95p96;414711.53125;;;;
;US-DE;2004;p95p100;;;;0.3213634789;0.3213634789
;US-DE;2004;p99.5p100;1899557.125;;;0.1471982896;0.1471982896
;US-DE;2003;p0p100;62205.2539062;;24860442624.0;;
;US-DE;2003;p99p100;937507.125;;;0.1507118791;0.1507118791
;US-DE;2003;p99.9p100;4065747.5;;;0.0653601959;0.0653601959
;US-DE;2003;p99.99p100;17437916.0;;;0.0280328654;0.0280328654
;US-DE;2003;p90p100;;;;0.4048475623;0.4048475623
;US-DE;2003;p90p91;251836.46875;;;;
;US-DE;2003;p95p96;353019.25;;;;
;US-DE;2003;p95p100;;;;0.2837535441;0.2837535441
;US-DE;2003;p99.5p100;1447384.25;;;0.1163393855;0.1163393855
;US-DE;2002;p0p100;62763.9609375;;24828344320.0;;
;US-DE;2002;p99p100;889063.5;;;0.1416518986;0.1416518986
;US-DE;2002;p99.9p100;3746701.0;;;0.0596950948;0.0596950948
;US-DE;2002;p99.99p100;15525562.0;;;0.0247364268;0.0247364268
;US-DE;2002;p90p100;;;;0.3916600049;0.3916600049
;US-DE;2002;p90p91;245821.359375;;;;
;US-DE;2002;p95p96;339576.0;;;;
;US-DE;2002;p95p100;;;;0.2705182731;0.2705182731
;US-DE;2002;p99.5p100;1361310.375;;;0.1084468141;0.1084468141
;US-DE;2001;p0p100;64493.296875;;24985444352.0;;
;US-DE;2001;p99p100;960186.0;;;0.1488815248;0.1488815248
;US-DE;2001;p99.9p100;4109520.25;;;0.0637201071;0.0637201071
;US-DE;2001;p99.99p100;16556253.0;;;0.0256712753;0.0256712753
;US-DE;2001;p90p100;;;;0.3984442055;0.3984442055
;US-DE;2001;p90p91;256969.828125;;;;
;US-DE;2001;p95p96;369976.15625;;;;
;US-DE;2001;p95p100;;;;0.2868330181;0.2868330181
;US-DE;2001;p99.5p100;1480695.125;;;0.1147944927;0.1147944927
;US-DE;2000;p0p100;65122.6875;;24572358656.0;;
;US-DE;2000;p99p100;1170826.25;;;0.1797877699;0.1797877699
;US-DE;2000;p99.9p100;5665004.5;;;0.0869897157;0.0869897157
;US-DE;2000;p99.99p100;25313934.0;;;0.038871143;0.038871143
;US-DE;2000;p90p100;;;;0.4377010167;0.4377010167
;US-DE;2000;p90p91;285042.65625;;;;
;US-DE;2000;p95p96;422336.9375;;;;
;US-DE;2000;p95p100;;;;0.3242624998;0.3242624998
;US-DE;2000;p99.5p100;1873356.5;;;0.1438328475;0.1438328475
;US-DE;1999;p0p100;62719.3242188;;23419836416.0;;
;US-DE;1999;p99p100;1596352.125;;;0.2545231581;0.2545231581
;US-DE;1999;p99.9p100;8077952.5;;;0.1287952811;0.1287952811
;US-DE;1999;p99.99p100;38025756.0;;;0.0606284551;0.0606284551
;US-DE;1999;p90p100;;;;0.521950841;0.521950841
;US-DE;1999;p90p91;327364.03125;;;;
;US-DE;1999;p95p96;523441.09375;;;;
;US-DE;1999;p95p100;;;;0.4172885418;0.4172885418
;US-DE;1999;p99.5p100;2586647.0;;;0.2062081397;0.2062081397
;US-DE;1998;p0p100;60272.3554688;;22287792128.0;;
;US-DE;1998;p99p100;1000666.375;;;0.1660241038;0.1660241038
;US-DE;1998;p99.9p100;4484130.5;;;0.0743977949;0.0743977949
;US-DE;1998;p99.99p100;18598624.0;;;0.0308576375;0.0308576375
;US-DE;1998;p90p100;;;;0.4270165563;0.4270165563
;US-DE;1998;p90p91;257372.9375;;;;
;US-DE;1998;p95p96;375015.0;;;;
;US-DE;1998;p95p100;;;;0.3111003041;0.3111003041
;US-DE;1998;p99.5p100;1573693.125;;;0.1305484921;0.1305484921
;US-DE;1997;p0p100;56932.5390625;;20563210240.0;;
;US-DE;1997;p99p100;1204412.125;;;0.2115507573;0.2115507573
;US-DE;1997;p99.9p100;5200976.0;;;0.0913533121;0.0913533121
;US-DE;1997;p99.99p100;21332188.0;;;0.037469238;0.037469238
;US-DE;1997;p90p100;;;;0.477971077;0.477971077
;US-DE;1997;p90p91;272121.0625;;;;
;US-DE;1997;p95p96;423600.90625;;;;
;US-DE;1997;p95p100;;;;0.3720200658;0.3720200658
;US-DE;1997;p99.5p100;1869351.875;;;0.16417256;0.16417256
;US-DE;1996;p0p100;54701.9453125;;19444946944.0;;
;US-DE;1996;p99p100;787204.875;;;0.1439080089;0.1439080089
;US-DE;1996;p99.9p100;3240322.25;;;0.0592359528;0.0592359528
;US-DE;1996;p99.99p100;12984559.0;;;0.0237369221;0.0237369221
;US-DE;1996;p90p100;;;;0.4094966352;0.4094966352
;US-DE;1996;p90p91;224002.65625;;;;
;US-DE;1996;p95p96;317375.125;;;;
;US-DE;1996;p95p100;;;;0.2900949121;0.2900949121
;US-DE;1996;p99.5p100;1198624.875;;;0.1095596105;0.1095596105
;US-DE;1995;p0p100;51691.2929688;;18253887488.0;;
;US-DE;1995;p99p100;665247.625;;;0.1286962628;0.1286962628
;US-DE;1995;p99.9p100;2492017.75;;;0.0482096225;0.0482096225
;US-DE;1995;p99.99p100;9094394.0;;;0.017593665;0.017593665
;US-DE;1995;p90p100;;;;0.3975417614;0.3975417614
;US-DE;1995;p90p91;205494.484375;;;;
;US-DE;1995;p95p96;285008.53125;;;;
;US-DE;1995;p95p100;;;;0.2756832838;0.2756832838
;US-DE;1995;p99.5p100;985294.875;;;0.0953056887;0.0953056887
;US-DE;1994;p0p100;50014.8359375;;17464633344.0;;
;US-DE;1994;p99p100;606161.25;;;0.1211962923;0.1211962923
;US-DE;1994;p99.9p100;2263032.75;;;0.045247227;0.045247227
;US-DE;1994;p99.99p100;8480721.0;;;0.0169564113;0.0169564113
;US-DE;1994;p90p100;;;;0.3843398094;0.3843398094
;US-DE;1994;p90p91;192226.921875;;;;
;US-DE;1994;p95p96;262877.09375;;;;
;US-DE;1994;p95p100;;;;0.262799114;0.262799114
;US-DE;1994;p99.5p100;895055.4375;;;0.0894789919;0.0894789919
;US-DE;1993;p0p100;50350.5742188;;17297508352.0;;
;US-DE;1993;p99p100;603411.5;;;0.1198420227;0.1198420227
;US-DE;1993;p99.9p100;2240647.5;;;0.0445009284;0.0445009284
;US-DE;1993;p99.99p100;8360904.0;;;0.0166053791;0.0166053791
;US-DE;1993;p90p100;;;;0.3791015148;0.3791015148
;US-DE;1993;p90p91;190879.796875;;;;
;US-DE;1993;p95p96;261646.625;;;;
;US-DE;1993;p95p100;;;;0.259824872;0.259824872
;US-DE;1993;p99.5p100;891597.375;;;0.0885389447;0.0885389447
;US-DE;1992;p0p100;51659.0078125;;17394714624.0;;
;US-DE;1992;p99p100;622370.375;;;0.1204766408;0.1204766408
;US-DE;1992;p99.9p100;2334015.5;;;0.0451811887;0.0451811887
;US-DE;1992;p99.99p100;8694431.0;;;0.0168304257;0.0168304257
;US-DE;1992;p90p100;;;;0.3749665618;0.3749665618
;US-DE;1992;p90p91;193704.0;;;;
;US-DE;1992;p95p96;264609.71875;;;;
;US-DE;1992;p95p100;;;;0.2561118901;0.2561118901
;US-DE;1992;p99.5p100;924250.0;;;0.0894568041;0.0894568041
;US-DE;1991;p0p100;51680.0742188;;17360746496.0;;
;US-DE;1991;p99p100;574649.4375;;;0.1111936122;0.1111936122
;US-DE;1991;p99.9p100;2047284.125;;;0.0396145731;0.0396145731
;US-DE;1991;p99.99p100;7267096.5;;;0.0140616978;0.0140616978
;US-DE;1991;p90p100;;;;0.3651998937;0.3651998937
;US-DE;1991;p90p91;188735.578125;;;;
;US-DE;1991;p95p96;254064.296875;;;;
;US-DE;1991;p95p100;;;;0.2458048612;0.2458048612
;US-DE;1991;p99.5p100;840186.9375;;;0.081287317;0.081287317
;US-DE;1990;p0p100;52140.6875;;17294661632.0;;
;US-DE;1990;p99p100;601431.9375;;;0.1153479069;0.1153479069
;US-DE;1990;p99.9p100;2179936.0;;;0.0418087281;0.0418087281
;US-DE;1990;p99.99p100;7788063.5;;;0.0149366325;0.0149366325
;US-DE;1990;p90p100;;;;0.3666500747;0.3666500747
;US-DE;1990;p90p91;191173.875;;;;
;US-DE;1990;p95p96;261865.8125;;;;
;US-DE;1990;p95p100;;;;0.2511146367;0.2511146367
;US-DE;1990;p99.5p100;887537.375;;;0.0851098597;0.0851098597
;US-DE;1989;p0p100;52990.1015625;;17276731392.0;;
;US-DE;1989;p99p100;626058.8125;;;0.1181463674;0.1181463674
;US-DE;1989;p99.9p100;2335593.25;;;0.0440760292;0.0440760292
;US-DE;1989;p99.99p100;8608390.0;;;0.0162452795;0.0162452795
;US-DE;1989;p90p100;;;;0.3629097939;0.3629097939
;US-DE;1989;p90p91;192306.265625;;;;
;US-DE;1989;p95p96;265438.78125;;;;
;US-DE;1989;p95p100;;;;0.2504607141;0.2504607141
;US-DE;1989;p99.5p100;927950.875;;;0.0875588804;0.0875588804
;US-DE;1988;p0p100;52999.140625;;16455218176.0;;
;US-DE;1988;p99p100;679304.6875;;;0.1281727701;0.1281727701
;US-DE;1988;p99.9p100;2684489.5;;;0.0506515615;0.0506515615
;US-DE;1988;p99.99p100;10178080.0;;;0.0192042366;0.0192042366
;US-DE;1988;p90p100;;;;0.3732407093;0.3732407093
;US-DE;1988;p90p91;197814.359375;;;;
;US-DE;1988;p95p96;276354.4375;;;;
;US-DE;1988;p95p100;;;;0.2607159615;0.2607159615
;US-DE;1988;p99.5p100;1027377.375;;;0.0969239622;0.0969239622
;US-DE;1987;p0p100;50242.9882812;;15298360320.0;;
;US-DE;1987;p99p100;536553.6875;;;0.1067917496;0.1067917496
;US-DE;1987;p99.9p100;1893641.75;;;0.0376896709;0.0376896709
;US-DE;1987;p99.99p100;6726712.5;;;0.0133883609;0.0133883609
;US-DE;1987;p90p100;;;;0.353615582;0.353615582
;US-DE;1987;p90p91;177667.046875;;;;
;US-DE;1987;p95p96;239839.0;;;;
;US-DE;1987;p95p100;;;;0.2386790663;0.2386790663
;US-DE;1987;p99.5p100;778893.125;;;0.0775126144;0.0775126144
;US-DE;1986;p0p100;52090.2695312;;15403720704.0;;
;US-DE;1986;p99p100;710238.75;;;0.1363476813;0.1363476813
;US-DE;1986;p99.9p100;3059604.75;;;0.0587365888;0.0587365888
;US-DE;1986;p99.99p100;12806488.0;;;0.0245851837;0.0245851837
;US-DE;1986;p90p100;;;;0.3773268759;0.3773268759
;US-DE;1986;p90p91;196550.578125;;;;
;US-DE;1986;p95p96;278306.625;;;;
;US-DE;1986;p95p100;;;;0.2671387792;0.2671387792
;US-DE;1986;p99.5p100;1100311.875;;;0.1056158692;0.1056158692
;US-DE;1985;p0p100;48715.34375;;14152231936.0;;
;US-DE;1985;p99p100;513934.375;;;0.1054974422;0.1054974422
;US-DE;1985;p99.9p100;1848158.625;;;0.0379379168;0.0379379168
;US-DE;1985;p99.99p100;6577701.0;;;0.0135023193;0.0135023193
;US-DE;1985;p90p100;;;;0.354193747;0.354193747
;US-DE;1985;p90p91;172546.6875;;;;
;US-DE;1985;p95p96;227436.03125;;;;
;US-DE;1985;p95p100;;;;0.2334336638;0.2334336638
;US-DE;1985;p99.5p100;737034.5;;;0.0756470561;0.0756470561
;US-DE;1984;p0p100;47296.75;;13504463872.0;;
;US-DE;1984;p99p100;496361.90625;;;0.1049463004;0.1049463004
;US-DE;1984;p99.9p100;1941550.5;;;0.0410503969;0.0410503969
;US-DE;1984;p99.99p100;7866645.5;;;0.016632529;0.016632529
;US-DE;1984;p90p100;;;;0.3533371389;0.3533371389
;US-DE;1984;p90p91;167116.984375;;;;
;US-DE;1984;p95p96;224441.703125;;;;
;US-DE;1984;p95p100;;;;0.2372696698;0.2372696698
;US-DE;1984;p99.5p100;737034.5625;;;0.0779159814;0.0779159814
;US-DE;1983;p0p100;45461.4179688;;12761295872.0;;
;US-DE;1983;p99p100;487297.21875;;;0.1071891785;0.1071891785
;US-DE;1983;p99.9p100;1997112.0;;;0.0439298227;0.0439298227
;US-DE;1983;p99.99p100;8135531.0;;;0.017895462;0.017895462
;US-DE;1983;p90p100;;;;0.3576604426;0.3576604426
;US-DE;1983;p90p91;162597.515625;;;;
;US-DE;1983;p95p96;222817.171875;;;;
;US-DE;1983;p95p100;;;;0.2450618297;0.2450618297
;US-DE;1983;p99.5p100;745190.125;;;0.0819585249;0.0819585249
;US-DE;1982;p0p100;45101.2421875;;12138842112.0;;
;US-DE;1982;p99p100;460331.375;;;0.1020662338;0.1020662338
;US-DE;1982;p99.9p100;1780542.5;;;0.0394787975;0.0394787975
;US-DE;1982;p99.99p100;7392870.0;;;0.0163917225;0.0163917225
;US-DE;1982;p90p100;;;;0.3523289859;0.3523289859
;US-DE;1982;p90p91;158904.734375;;;;
;US-DE;1982;p95p96;211844.484375;;;;
;US-DE;1982;p95p100;;;;0.2348544151;0.2348544151
;US-DE;1982;p99.5p100;679256.3125;;;0.0753035098;0.0753035098
;US-DE;1981;p0p100;46051.359375;;11986779136.0;;
;US-DE;1981;p99p100;468344.53125;;;0.1017004773;0.1017004773
;US-DE;1981;p99.9p100;1957404.875;;;0.042504821;0.042504821
;US-DE;1981;p99.99p100;8548319.0;;;0.0185625758;0.0185625758
;US-DE;1981;p90p100;;;;0.3486896455;0.3486896455
;US-DE;1981;p90p91;160576.328125;;;;
;US-DE;1981;p95p96;213910.34375;;;;
;US-DE;1981;p95p100;;;;0.2322519273;0.2322519273
;US-DE;1981;p99.5p100;705724.375;;;0.0766236186;0.0766236186
;US-DE;1980;p0p100;46935.8828125;;12116305920.0;;
;US-DE;1980;p99p100;483767.0;;;0.1030697674;0.1030697674
;US-DE;1980;p99.9p100;2016616.25;;;0.0429653451;0.0429653451
;US-DE;1980;p99.99p100;8304890.0;;;0.0176941194;0.0176941194
;US-DE;1980;p90p100;;;;0.3375423253;0.3375423253
;US-DE;1980;p90p91;158428.453125;;;;
;US-DE;1980;p95p96;218163.84375;;;;
;US-DE;1980;p95p100;;;;0.2324062735;0.2324062735
;US-DE;1980;p99.5p100;721947.625;;;0.0769078657;0.0769078657
;US-DE;1979;p0p100;46522.9101562;;11894905856.0;;
;US-DE;1979;p99p100;477798.9375;;;0.1027018577;0.1027018577
;US-DE;1979;p99.9p100;2032198.25;;;0.0436816663;0.0436816663
;US-DE;1979;p99.99p100;9159117.0;;;0.0196873266;0.0196873266
;US-DE;1979;p90p100;;;;0.3423759043;0.3423759043
;US-DE;1979;p90p91;159283.25;;;;
;US-DE;1979;p95p96;218232.515625;;;;
;US-DE;1979;p95p100;;;;0.2345430404;0.2345430404
;US-DE;1979;p99.5p100;722866.0;;;0.0776892453;0.0776892453
;US-DE;1978;p0p100;46830.4882812;;11610120192.0;;
;US-DE;1978;p99p100;436640.28125;;;0.0932384655;0.0932384655
;US-DE;1978;p99.9p100;1777212.625;;;0.0379499048;0.0379499048
;US-DE;1978;p99.99p100;6991347.0;;;0.0149290496;0.0149290496
;US-DE;1978;p90p100;;;;0.3324927092;0.3324927092
;US-DE;1978;p90p91;155707.953125;;;;
;US-DE;1978;p95p96;210584.34375;;;;
;US-DE;1978;p95p100;;;;0.2248367965;0.2248367965
;US-DE;1978;p99.5p100;652988.3125;;;0.0697182864;0.0697182864
;US-DE;1977;p0p100;46836.1015625;;11349839872.0;;
;US-DE;1977;p99p100;429876.75;;;0.0917832032;0.0917832032
;US-DE;1977;p99.9p100;1679062.75;;;0.0358497538;0.0358497538
;US-DE;1977;p99.99p100;6800176.5;;;0.0145190926;0.0145190926
;US-DE;1977;p90p100;;;;0.3318725824;0.3318725824
;US-DE;1977;p90p91;155436.171875;;;;
;US-DE;1977;p95p96;203092.328125;;;;
;US-DE;1977;p95p100;;;;0.2168117464;0.2168117464
;US-DE;1977;p99.5p100;636912.4375;;;0.0679937527;0.0679937527
;US-DE;1976;p0p100;47804.1015625;;11330322432.0;;
;US-DE;1976;p99p100;434361.71875;;;0.0908628553;0.0908628553
;US-DE;1976;p99.9p100;1653405.25;;;0.0345871039;0.0345871039
;US-DE;1976;p99.99p100;6564056.0;;;0.0137311565;0.0137311565
;US-DE;1976;p90p100;;;;0.3209166229;0.3209166229
;US-DE;1976;p90p91;153411.296875;;;;
;US-DE;1976;p95p96;203788.65625;;;;
;US-DE;1976;p95p100;;;;0.2131497711;0.2131497711
;US-DE;1976;p99.5p100;622285.9375;;;0.0650870875;0.0650870875
;US-DE;1975;p0p100;46676.4570312;;10827280384.0;;
;US-DE;1975;p99p100;415344.03125;;;0.0889836252;0.0889836252
;US-DE;1975;p99.9p100;1463436.625;;;0.0313527808;0.0313527808
;US-DE;1975;p99.99p100;5627170.5;;;0.0120556941;0.0120556941
;US-DE;1975;p90p100;;;;0.3261682987;0.3261682987
;US-DE;1975;p90p91;152243.8125;;;;
;US-DE;1975;p95p96;199515.390625;;;;
;US-DE;1975;p95p100;;;;0.2137216628;0.2137216628
;US-DE;1975;p99.5p100;577301.1875;;;0.0618407242;0.0618407242
;US-DE;1974;p0p100;50313.9648438;;11419092992.0;;
;US-DE;1974;p99p100;481259.09375;;;0.0956511945;0.0956511945
;US-DE;1974;p99.9p100;1535294.875;;;0.0305142906;0.0305142906
;US-DE;1974;p99.99p100;5261878.0;;;0.0104580866;0.0104580866
;US-DE;1974;p90p100;;;;0.3272499144;0.3272499144
;US-DE;1974;p90p91;164652.40625;;;;
;US-DE;1974;p95p96;222981.203125;;;;
;US-DE;1974;p95p100;;;;0.221589759;0.221589759
;US-DE;1974;p99.5p100;678501.8125;;;0.0674267858;0.0674267858
;US-DE;1973;p0p100;52076.4921875;;11573179392.0;;
;US-DE;1973;p99p100;580959.1875;;;0.1115588099;0.1115588099
;US-DE;1973;p99.9p100;2567869.5;;;0.0493095703;0.0493095703
;US-DE;1973;p99.99p100;11677159.0;;;0.0224230904;0.0224230904
;US-DE;1973;p90p100;;;;0.3335434198;0.3335434198
;US-DE;1973;p90p91;173697.71875;;;;
;US-DE;1973;p95p96;241645.875;;;;
;US-DE;1973;p95p100;;;;0.2320104986;0.2320104986
;US-DE;1973;p99.5p100;868946.4375;;;0.0834298134;0.0834298134
;US-DE;1972;p0p100;51074.0117188;;11110487040.0;;
;US-DE;1972;p99p100;579896.1875;;;0.1135403588;0.1135403588
;US-DE;1972;p99.9p100;2767833.5;;;0.0541925989;0.0541925989
;US-DE;1972;p99.99p100;11447347.0;;;0.0224132519;0.0224132519
;US-DE;1972;p90p100;;;;0.3293253481;0.3293253481
;US-DE;1972;p90p91;168199.65625;;;;
;US-DE;1972;p95p96;233646.046875;;;;
;US-DE;1972;p95p100;;;;0.2287328094;0.2287328094
;US-DE;1972;p99.5p100;900549.9375;;;0.0881612673;0.0881612673
;US-DE;1971;p0p100;49199.6875;;10465069056.0;;
;US-DE;1971;p99p100;554403.75;;;0.1126844138;0.1126844138
;US-DE;1971;p99.9p100;2470593.75;;;0.0502156429;0.0502156429
;US-DE;1971;p99.99p100;9973075.0;;;0.0202706065;0.0202706065
;US-DE;1971;p90p100;;;;0.3348403871;0.3348403871
;US-DE;1971;p90p91;164740.40625;;;;
;US-DE;1971;p95p96;227897.671875;;;;
;US-DE;1971;p95p100;;;;0.2316048145;0.2316048145
;US-DE;1971;p99.5p100;829711.0625;;;0.0843207687;0.0843207687
;US-DE;1970;p0p100;48373.5429688;;10042063872.0;;
;US-DE;1970;p99p100;556802.9375;;;0.1151048467;0.1151048467
;US-DE;1970;p99.9p100;2543114.5;;;0.0525724255;0.0525724255
;US-DE;1970;p99.99p100;10463936.0;;;0.0216315258;0.0216315258
;US-DE;1970;p90p100;;;;0.3389534056;0.3389534056
;US-DE;1970;p90p91;163963.78125;;;;
;US-DE;1970;p95p96;230718.140625;;;;
;US-DE;1970;p95p100;;;;0.2384755462;0.2384755462
;US-DE;1970;p99.5p100;844121.4375;;;0.0872503221;0.0872503221
;US-DE;1969;p0p100;49802.1445312;;10125330432.0;;
;US-DE;1969;p99p100;673711.75;;;0.1352776587;0.1352776587
;US-DE;1969;p99.9p100;3477749.0;;;0.0698313117;0.0698313117
;US-DE;1969;p99.99p100;14954786.0;;;0.0300283991;0.0300283991
;US-DE;1969;p90p100;;;;0.3470074236;0.3470074236
;US-DE;1969;p90p91;172817.140625;;;;
;US-DE;1969;p95p96;252065.21875;;;;
;US-DE;1969;p95p100;;;;0.2530666292;0.2530666292
;US-DE;1969;p99.5p100;1078686.25;;;0.1082971692;0.1082971692
;US-DE;1968;p0p100;49924.0703125;;9959016448.0;;
;US-DE;1968;p99p100;723001.9375;;;0.1448203027;0.1448203027
;US-DE;1968;p99.9p100;3625577.0;;;0.0726218224;0.0726218224
;US-DE;1968;p99.99p100;14609647.0;;;0.029263733;0.029263733
;US-DE;1968;p90p100;;;;0.3642623127;0.3642623127
;US-DE;1968;p90p91;181854.5625;;;;
;US-DE;1968;p95p96;268465.25;;;;
;US-DE;1968;p95p100;;;;0.2688735723;0.2688735723
;US-DE;1968;p99.5p100;1155320.25;;;0.1157077327;0.1157077327
;US-DE;1967;p0p100;48203.6601562;;9432406016.0;;
;US-DE;1967;p99p100;743000.8125;;;0.15413782;0.15413782
;US-DE;1967;p99.9p100;3889787.75;;;0.0806948543;0.0806948543
;US-DE;1967;p99.99p100;20528040.0;;;0.0425860584;0.0425860584
;US-DE;1967;p90p100;;;;0.3759648502;0.3759648502
;US-DE;1967;p90p91;181228.84375;;;;
;US-DE;1967;p95p96;268161.375;;;;
;US-DE;1967;p95p100;;;;0.278154552;0.278154552
;US-DE;1967;p99.5p100;1205114.875;;;0.125002414;0.125002414
;US-DE;1966;p0p100;46959.09375;;9005115392.0;;
;US-DE;1966;p99p100;792768.25;;;0.1688210219;0.1688210219
;US-DE;1966;p99.9p100;4463981.5;;;0.0950610638;0.0950610638
;US-DE;1966;p99.99p100;18390990.0;;;0.0391638502;0.0391638502
;US-DE;1966;p90p100;;;;0.3906314075;0.3906314075
;US-DE;1966;p90p91;183436.984375;;;;
;US-DE;1966;p95p96;273314.75;;;;
;US-DE;1966;p95p100;;;;0.291013658;0.291013658
;US-DE;1966;p99.5p100;1314585.375;;;0.1399713308;0.1399713308
;US-DE;1965;p0p100;46837.9726562;;8796092416.0;;
;US-DE;1965;p99p100;1236867.125;;;0.2640736103;0.2640736103
;US-DE;1965;p99.9p100;8527810.0;;;0.1820704639;0.1820704639
;US-DE;1965;p99.99p100;43450200.0;;;0.0927670449;0.0927670449
;US-DE;1965;p90p100;;;;0.491122812;0.491122812
;US-DE;1965;p90p91;230031.9375;;;;
;US-DE;1965;p95p96;370648.71875;;;;
;US-DE;1965;p95p100;;;;0.3956711888;0.3956711888
;US-DE;1965;p99.5p100;2168502.25;;;0.2314897776;0.2314897776
;US-DE;1964;p0p100;44079.0273438;;8098710016.0;;
;US-DE;1964;p99p100;1079907.375;;;0.2449934483;0.2449934483
;US-DE;1964;p99.9p100;7332971.5;;;0.1663596332;0.1663596332
;US-DE;1964;p99.99p100;37398260.0;;;0.0848436654;0.0848436654
;US-DE;1964;p90p100;;;;0.473133266;0.473133266
;US-DE;1964;p90p91;208552.546875;;;;
;US-DE;1964;p95p96;335607.875;;;;
;US-DE;1964;p95p100;;;;0.3806888163;0.3806888163
;US-DE;1964;p99.5p100;1875933.5;;;0.2127920687;0.2127920687
;US-DE;1963;p0p100;41850.1679688;;7511970816.0;;
;US-DE;1963;p99p100;794895.625;;;0.1899384409;0.1899384409
;US-DE;1963;p99.9p100;4844697.0;;;0.1157628968;0.1157628968
;US-DE;1963;p99.99p100;22547764.0;;;0.0538773537;0.0538773537
;US-DE;1963;p90p100;;;;0.4081307948;0.4081307948
;US-DE;1963;p90p91;170803.4375;;;;
;US-DE;1963;p95p96;261594.96875;;;;
;US-DE;1963;p95p100;;;;0.3125375211;0.3125375211
;US-DE;1963;p99.5p100;1346495.375;;;0.1608709544;0.1608709544
;US-DE;1962;p0p100;40077.2304688;;7024132608.0;;
;US-DE;1962;p99p100;777107.5625;;;0.1939025372;0.1939025372
;US-DE;1962;p99.9p100;4818564.5;;;0.1202319786;0.1202319786
;US-DE;1962;p99.99p100;22521160.0;;;0.056194406;0.056194406
;US-DE;1962;p90p100;;;;0.411305964;0.411305964
;US-DE;1962;p90p91;164840.03125;;;;
;US-DE;1962;p95p96;252280.6875;;;;
;US-DE;1962;p95p100;;;;0.314743191;0.314743191
;US-DE;1962;p99.5p100;1320877.875;;;0.1647915691;0.1647915691
;US-DE;1961;p0p100;39791.4140625;;6802663424.0;;
;US-DE;1961;p99p100;777147.5625;;;0.1953053474;0.1953053474
;US-DE;1961;p99.9p100;4903808.5;;;0.1232378483;0.1232378483
;US-DE;1961;p99.99p100;23604670.0;;;0.0593210161;0.0593210161
;US-DE;1961;p90p100;;;;0.408749491;0.408749491
;US-DE;1961;p90p91;162647.203125;;;;
;US-DE;1961;p95p96;250294.171875;;;;
;US-DE;1961;p95p100;;;;0.3145077825;0.3145077825
;US-DE;1961;p99.5p100;1333027.625;;;0.1675019115;0.1675019115
;US-DE;1960;p0p100;39732.0234375;;6617378816.0;;
;US-DE;1960;p99p100;732247.625;;;0.1842965931;0.1842965931
;US-DE;1960;p99.9p100;4626880.0;;;0.1164521575;0.1164521575
;US-DE;1960;p99.99p100;21708620.0;;;0.0546375923;0.0546375923
;US-DE;1960;p90p100;;;;0.4169844985;0.4169844985
;US-DE;1960;p90p91;165676.375;;;;
;US-DE;1960;p95p96;257132.84375;;;;
;US-DE;1960;p95p100;;;;0.3235838711;0.3235838711
;US-DE;1960;p99.5p100;1271186.625;;;0.1599700451;0.1599700451
;US-DE;1959;p0p100;39811.5195312;;6489767936.0;;
;US-DE;1959;p99p100;818233.5;;;0.205526799;0.205526799
;US-DE;1959;p99.9p100;5011925.5;;;0.1258913279;0.1258913279
;US-DE;1959;p99.99p100;23222256.0;;;0.0583304875;0.0583304875
;US-DE;1959;p90p100;;;;0.4232386053;0.4232386053
;US-DE;1959;p90p91;168497.734375;;;;
;US-DE;1959;p95p96;264259.09375;;;;
;US-DE;1959;p95p100;;;;0.331887722;0.331887722
;US-DE;1959;p99.5p100;1398273.375;;;0.175611645;0.175611645
;US-DE;1958;p0p100;38720.3359375;;6171022336.0;;
;US-DE;1958;p99p100;766231.1875;;;0.1978885531;0.1978885531
;US-DE;1958;p99.9p100;4635982.0;;;0.1197298989;0.1197298989
;US-DE;1958;p99.99p100;20973300.0;;;0.0541661084;0.0541661084
;US-DE;1958;p90p100;;;;0.4095146656;0.4095146656
;US-DE;1958;p90p91;158565.46875;;;;
;US-DE;1958;p95p96;244914.828125;;;;
;US-DE;1958;p95p100;;;;0.3162612319;0.3162612319
;US-DE;1958;p99.5p100;1299923.875;;;0.1678605974;0.1678605974
;US-DE;1957;p0p100;39943.2304688;;6222438912.0;;
;US-DE;1957;p99p100;800101.8125;;;0.2003097385;0.2003097385
;US-DE;1957;p99.9p100;4934788.0;;;0.1235450283;0.1235450283
;US-DE;1957;p99.99p100;21420554.0;;;0.0536274947;0.0536274947
;US-DE;1957;p90p100;;;;0.4284875095;0.4284875095
;US-DE;1957;p90p91;171151.75;;;;
;US-DE;1957;p95p96;268901.65625;;;;
;US-DE;1957;p95p100;;;;0.336604774;0.336604774
;US-DE;1957;p99.5p100;1376358.125;;;0.172289297;0.172289297
;US-DE;1956;p0p100;42783.2109375;;6504244736.0;;
;US-DE;1956;p99p100;870977.8125;;;0.2035793364;0.2035793364
;US-DE;1956;p99.9p100;5482175.0;;;0.1281384528;0.1281384528
;US-DE;1956;p99.99p100;23830242.0;;;0.0556999855;0.0556999855
;US-DE;1956;p90p100;;;;0.4066833258;0.4066833258
;US-DE;1956;p90p91;173992.1875;;;;
;US-DE;1956;p95p96;270764.09375;;;;
;US-DE;1956;p95p100;;;;0.316437304;0.316437304
;US-DE;1956;p99.5p100;1493310.25;;;0.174520582;0.174520582
;US-DE;1955;p0p100;39398.6523438;;5845954560.0;;
;US-DE;1955;p99p100;1008812.375;;;0.256052494;0.256052494
;US-DE;1955;p99.9p100;6526988.5;;;0.1656652689;0.1656652689
;US-DE;1955;p99.99p100;27472234.0;;;0.0697288588;0.0697288588
;US-DE;1955;p90p100;;;;0.4711702466;0.4711702466
;US-DE;1955;p90p91;185634.734375;;;;
;US-DE;1955;p95p96;295854.40625;;;;
;US-DE;1955;p95p100;;;;0.3754625916;0.3754625916
;US-DE;1955;p99.5p100;1766166.0;;;0.2241403908;0.2241403908
;US-DE;1954;p0p100;35230.8007812;;5101403648.0;;
;US-DE;1954;p99p100;812930.625;;;0.2307443172;0.2307443172
;US-DE;1954;p99.9p100;4696226.0;;;0.1332988739;0.1332988739
;US-DE;1954;p99.99p100;22652872.0;;;0.0642984957;0.0642984957
;US-DE;1954;p90p100;;;;0.455986768;0.455986768
;US-DE;1954;p90p91;160647.78125;;;;
;US-DE;1954;p95p96;251321.390625;;;;
;US-DE;1954;p95p100;;;;0.3566785455;0.3566785455
;US-DE;1954;p99.5p100;1386754.125;;;0.1968099177;0.1968099177
;US-DE;1953;p0p100;35134.6757812;;4964066304.0;;
;US-DE;1953;p99p100;704630.3125;;;0.2005512565;0.2005512565
;US-DE;1953;p99.9p100;4146700.5;;;0.118023023;0.118023023
;US-DE;1953;p99.99p100;19368066.0;;;0.0551252179;0.0551252179
;US-DE;1953;p90p100;;;;0.4240913689;0.4240913689
;US-DE;1953;p90p91;149003.125;;;;
;US-DE;1953;p95p96;229719.109375;;;;
;US-DE;1953;p95p100;;;;0.3269122243;0.3269122243
;US-DE;1953;p99.5p100;1193505.5;;;0.1698472351;0.1698472351
;US-DE;1952;p0p100;34099.4296875;;4704729600.0;;
;US-DE;1952;p99p100;686380.0625;;;0.2012878507;0.2012878507
;US-DE;1952;p99.9p100;3800481.0;;;0.1114529222;0.1114529222
;US-DE;1952;p99.99p100;16404055.0;;;0.04810654;0.04810654
;US-DE;1952;p90p100;;;;0.4381197989;0.4381197989
;US-DE;1952;p90p91;149396.34375;;;;
;US-DE;1952;p95p96;227497.125;;;;
;US-DE;1952;p95p100;;;;0.333579123;0.333579123
;US-DE;1952;p99.5p100;1140276.875;;;0.1671988219;0.1671988219
;US-DE;1951;p0p100;33552.9257812;;4517217280.0;;
;US-DE;1951;p99p100;793251.375;;;0.2364179492;0.2364179492
;US-DE;1951;p99.9p100;4622380.5;;;0.1377638578;0.1377638578
;US-DE;1951;p99.99p100;19277934.0;;;0.0574552938;0.0574552938
;US-DE;1951;p90p100;;;;0.4476180077;0.4476180077
;US-DE;1951;p90p91;150188.9375;;;;
;US-DE;1951;p95p96;247313.5;;;;
;US-DE;1951;p95p100;;;;0.3685423732;0.3685423732
;US-DE;1951;p99.5p100;1345143.75;;;0.2004510462;0.2004510462
;US-DE;1950;p0p100;34670.9882812;;4554460672.0;;
;US-DE;1950;p99p100;1061029.0;;;0.3060279191;0.3060279191
;US-DE;1950;p99.9p100;6893720.5;;;0.1988325566;0.1988325566
;US-DE;1950;p99.99p100;25763896.0;;;0.0743096769;0.0743096769
;US-DE;1950;p90p100;;;;0.5024082065;0.5024082065
;US-DE;1950;p90p91;174189.875;;;;
;US-DE;1950;p95p96;298357.78125;;;;
;US-DE;1950;p95p100;;;;0.4302701354;0.4302701354
;US-DE;1950;p99.5p100;1865657.25;;;0.269051671;0.269051671
;US-DE;1949;p0p100;30039.0546875;;3873982208.0;;
;US-DE;1949;p99p100;754304.8125;;;0.2511080205;0.2511080205
;US-DE;1949;p99.9p100;4569451.5;;;0.1521170139;0.1521170139
;US-DE;1949;p99.99p100;20795954.0;;;0.0692297146;0.0692297146
;US-DE;1949;p90p100;;;;0.4686250389;0.4686250389
;US-DE;1949;p90p91;140770.546875;;;;
;US-DE;1949;p95p96;229595.234375;;;;
;US-DE;1949;p95p100;;;;0.3821612;0.3821612
;US-DE;1949;p99.5p100;1291754.625;;;0.2150125206;0.2150125206
;US-DE;1948;p0p100;28084.2851562;;3566276352.0;;
;US-DE;1948;p99p100;625706.25;;;0.2227958441;0.2227958441
;US-DE;1948;p99.9p100;3412937.75;;;0.1215248182;0.1215248182
;US-DE;1948;p99.99p100;15317649.0;;;0.0545417033;0.0545417033
;US-DE;1948;p90p100;;;;0.4359857738;0.4359857738
;US-DE;1948;p90p91;122443.5;;;;
;US-DE;1948;p95p96;200065.953125;;;;
;US-DE;1948;p95p100;;;;0.3561884165;0.3561884165
;US-DE;1948;p99.5p100;1042676.6875;;;0.1856334805;0.1856334805
;US-DE;1947;p0p100;29149.5253906;;3644115456.0;;
;US-DE;1947;p99p100;613196.4375;;;0.2103624195;0.2103624195
;US-DE;1947;p99.9p100;3373435.5;;;0.1157286614;0.1157286614
;US-DE;1947;p99.99p100;16288077.0;;;0.0558776781;0.0558776781
;US-DE;1947;p90p100;;;;0.4245904684;0.4245904684
;US-DE;1947;p90p91;123766.101562;;;;
;US-DE;1947;p95p96;197266.796875;;;;
;US-DE;1947;p95p100;;;;0.3383705318;0.3383705318
;US-DE;1947;p99.5p100;1020179.0;;;0.1749906838;0.1749906838
;US-DE;1946;p0p100;29649.1074219;;3641202432.0;;
;US-DE;1946;p99p100;669587.5625;;;0.225837335;0.225837335
;US-DE;1946;p99.9p100;3620549.25;;;0.1221132576;0.1221132576
;US-DE;1946;p99.99p100;15987143.0;;;0.0539211594;0.0539211594
;US-DE;1946;p90p100;;;;0.4463106096;0.4463106096
;US-DE;1946;p90p91;132327.109375;;;;
;US-DE;1946;p95p96;210256.625;;;;
;US-DE;1946;p95p100;;;;0.3545749485;0.3545749485
;US-DE;1946;p99.5p100;1111657.125;;;0.1874689013;0.1874689013
;US-DE;1945;p0p100;29966.8046875;;3646490112.0;;
;US-DE;1945;p99p100;625754.375;;;0.2088158429;0.2088158429
;US-DE;1945;p99.9p100;3270254.5;;;0.1091292351;0.1091292351
;US-DE;1945;p99.99p100;13177068.0;;;0.0439722128;0.0439722128
;US-DE;1945;p90p100;;;;0.414989084;0.414989084
;US-DE;1945;p90p91;124358.96875;;;;
;US-DE;1945;p95p96;199859.03125;;;;
;US-DE;1945;p95p100;;;;0.3334673345;0.3334673345
;US-DE;1945;p99.5p100;1028982.9375;;;0.1716871262;0.1716871262
;US-DE;1944;p0p100;30578.5742188;;3683805440.0;;
;US-DE;1944;p99p100;287229.71875;;;0.0939316973;0.0939316973
;US-DE;1944;p99.9p100;892723.25;;;0.0291944053;0.0291944053
;US-DE;1944;p99.99p100;2276712.0;;;0.0074454485;0.0074454485
;US-DE;1944;p90p100;;;;0.2699866593;0.2699866593
;US-DE;1944;p90p91;82558.0625;;;;
;US-DE;1944;p95p96;116976.789062;;;;
;US-DE;1944;p95p100;;;;0.1912724823;0.1912724823
;US-DE;1944;p99.5p100;412194.875;;;0.0673993006;0.0673993006
;US-DE;1943;p0p100;32085.5488281;;3821999872.0;;
;US-DE;1943;p99p100;598083.1875;;;0.1864026636;0.1864026636
;US-DE;1943;p99.9p100;2826189.0;;;0.088082917;0.088082917
;US-DE;1943;p99.99p100;9465382.0;;;0.0295004509;0.0295004509
;US-DE;1943;p90p100;;;;0.3822671473;0.3822671473
;US-DE;1943;p90p91;122652.523438;;;;
;US-DE;1943;p95p96;192978.34375;;;;
;US-DE;1943;p95p100;;;;0.3007246852;0.3007246852
;US-DE;1943;p99.5p100;964503.25;;;0.1503018141;0.1503018141
;US-DE;1942;p0p100;29405.6367188;;3456619520.0;;
;US-DE;1942;p99p100;574051.5625;;;0.1952181906;0.1952181906
;US-DE;1942;p99.9p100;2638566.25;;;0.0897299424;0.0897299424
;US-DE;1942;p99.99p100;9036843.0;;;0.0307316668;0.0307316668
;US-DE;1942;p90p100;;;;0.393524617;0.393524617
;US-DE;1942;p90p91;115718.429688;;;;
;US-DE;1942;p95p96;183207.703125;;;;
;US-DE;1942;p95p100;;;;0.3115179837;0.3115179837
;US-DE;1942;p99.5p100;923997.1875;;;0.1571122408;0.1571122408
;US-DE;1941;p0p100;28445.2109375;;3308882432.0;;
;US-DE;1941;p99p100;896463.25;;;0.315154314;0.315154314
;US-DE;1941;p99.9p100;5290035.5;;;0.1859727949;0.1859727949
;US-DE;1941;p99.99p100;22150166.0;;;0.0778695717;0.0778695717
;US-DE;1941;p90p100;;;;0.5221925974;0.5221925974
;US-DE;1941;p90p91;148538.796875;;;;
;US-DE;1941;p95p96;248450.234375;;;;
;US-DE;1941;p95p100;;;;0.4367171228;0.4367171228
;US-DE;1941;p99.5p100;1546639.75;;;0.2718629241;0.2718629241
;US-DE;1940;p0p100;26243.0097656;;3024034816.0;;
;US-DE;1940;p99p100;1083842.5;;;0.4130024016;0.4130024016
;US-DE;1940;p99.9p100;6887705.0;;;0.2624586523;0.2624586523
;US-DE;1940;p99.99p100;27214070.0;;;0.1037002653;0.1037002653
;US-DE;1940;p90p100;;;;0.6234285831;0.6234285831
;US-DE;1940;p90p91;163606.421875;;;;
;US-DE;1940;p95p96;282116.96875;;;;
;US-DE;1940;p95p100;;;;0.5375087857;0.5375087857
;US-DE;1940;p99.5p100;1919724.0;;;0.3657591343;0.3657591343
;US-DE;1939;p0p100;23090.4589844;;2611365632.0;;
;US-DE;1939;p99p100;1075965.375;;;0.4659783244;0.4659783244
;US-DE;1939;p99.9p100;6917113.0;;;0.2995658517;0.2995658517
;US-DE;1939;p99.99p100;28014470.0;;;0.121324867;0.121324867
;US-DE;1939;p90p100;;;;0.7105451822;0.7105451822
;US-DE;1939;p90p91;164068.140625;;;;
;US-DE;1939;p95p96;276623.34375;;;;
;US-DE;1939;p95p100;;;;0.5989992619;0.5989992619
;US-DE;1939;p99.5p100;1920253.125;;;0.4158109426;0.4158109426
;US-DE;1938;p0p100;20088.4082031;;2232804096.0;;
;US-DE;1938;p99p100;726043.125;;;0.3614239097;0.3614239097
;US-DE;1938;p99.9p100;4323154.0;;;0.2152063996;0.2152063996
;US-DE;1938;p99.99p100;18282338.0;;;0.0910093933;0.0910093933
;US-DE;1938;p90p100;;;;0.6338251829;0.6338251829
;US-DE;1938;p90p91;127325.390625;;;;
;US-DE;1938;p95p96;200117.53125;;;;
;US-DE;1938;p95p100;;;;0.4980920255;0.4980920255
;US-DE;1938;p99.5p100;1258767.875;;;0.3133070171;0.3133070171
;US-DE;1937;p0p100;23652.3027344;;2584768256.0;;
;US-DE;1937;p99p100;1008646.5;;;0.4264474809;0.4264474809
;US-DE;1937;p99.9p100;5946135.0;;;0.2513977289;0.2513977289
;US-DE;1937;p99.99p100;21910554.0;;;0.0926360264;0.0926360264
;US-DE;1937;p90p100;;;;0.6775487661;0.6775487661
;US-DE;1937;p90p91;160255.890625;;;;
;US-DE;1937;p95p96;264145.84375;;;;
;US-DE;1937;p95p100;;;;0.558393538;0.558393538
;US-DE;1937;p99.5p100;1762797.25;;;0.3726480901;0.3726480901
;US-DE;1936;p0p100;22980.9902344;;2473582080.0;;
;US-DE;1936;p99p100;1082340.25;;;0.4709720016;0.4709720016
;US-DE;1936;p99.9p100;6531211.0;;;0.2842006087;0.2842006087
;US-DE;1936;p99.99p100;25770484.0;;;0.1121382713;0.1121382713
;US-DE;1936;p90p100;;;;0.7364786863;0.7364786863
;US-DE;1936;p90p91;169250.078125;;;;
;US-DE;1936;p95p96;278370.96875;;;;
;US-DE;1936;p95p100;;;;0.6056548953;0.6056548953
;US-DE;1936;p99.5p100;1903781.25;;;0.4142078459;0.4142078459
;US-DE;1935;p0p100;18817.9355469;;1994495104.0;;
;US-DE;1935;p99p100;700483.5625;;;0.3722425401;0.3722425401
;US-DE;1935;p99.9p100;4186138.5;;;0.2224547118;0.2224547118
;US-DE;1935;p99.99p100;16737876.0;;;0.0889464095;0.0889464095
;US-DE;1935;p90p100;;;;0.6470561028;0.6470561028
;US-DE;1935;p90p91;121762.601562;;;;
;US-DE;1935;p95p96;193044.09375;;;;
;US-DE;1935;p95p100;;;;0.5129258037;0.5129258037
;US-DE;1935;p99.5p100;1218161.25;;;0.3236702681;0.3236702681
;US-DE;1934;p0p100;17493.6542969;;1824698496.0;;
;US-DE;1934;p99p100;609060.3125;;;0.3481607437;0.3481607437
;US-DE;1934;p99.9p100;3670437.25;;;0.209815383;0.209815383
;US-DE;1934;p99.99p100;15781384.0;;;0.090212062;0.090212062
;US-DE;1934;p90p100;;;;0.6318490505;0.6318490505
;US-DE;1934;p90p91;110533.476562;;;;
;US-DE;1934;p95p96;176938.84375;;;;
;US-DE;1934;p95p100;;;;0.5057229996;0.5057229996
;US-DE;1934;p99.5p100;1061172.875;;;0.3033022583;0.3033022583
;US-DE;1933;p0p100;16174.0419922;;1661327616.0;;
;US-DE;1933;p99p100;487294.71875;;;0.3012819588;0.3012819588
;US-DE;1933;p99.9p100;2693686.0;;;0.1665437818;0.1665437818
;US-DE;1933;p99.99p100;10456807.0;;;0.0646517873;0.0646517873
;US-DE;1933;p90p100;;;;0.5778442025;0.5778442025
;US-DE;1933;p90p91;93460.765625;;;;
;US-DE;1933;p95p96;145311.65625;;;;
;US-DE;1933;p95p100;;;;0.4492125511;0.4492125511
;US-DE;1933;p99.5p100;836291.8125;;;0.2585290074;0.2585290074
;US-DE;1932;p0p100;16369.8886719;;1656546688.0;;
;US-DE;1932;p99p100;480378.65625;;;0.2934526205;0.2934526205
;US-DE;1932;p99.9p100;2666588.25;;;0.1628959477;0.1628959477
;US-DE;1932;p99.99p100;11369526.0;;;0.06945391;0.06945391
;US-DE;1932;p90p100;;;;0.5868268609;0.5868268609
;US-DE;1932;p90p91;96062.8984375;;;;
;US-DE;1932;p95p96;145175.3125;;;;
;US-DE;1932;p95p100;;;;0.4434218407;0.4434218407
;US-DE;1932;p99.5p100;821247.5;;;0.2508409023;0.2508409023
;US-DE;1931;p0p100;19301.1328125;;1923281024.0;;
;US-DE;1931;p99p100;496591.375;;;0.2572861016;0.2572861016
;US-DE;1931;p99.9p100;2846322.75;;;0.1474691778;0.1474691778
;US-DE;1931;p99.99p100;11339072.0;;;0.0587482117;0.0587482117
;US-DE;1931;p90p100;;;;0.5422484279;0.5422484279
;US-DE;1931;p90p91;104660.101562;;;;
;US-DE;1931;p95p96;152304.21875;;;;
;US-DE;1931;p95p100;;;;0.3945473135;0.3945473135
;US-DE;1931;p99.5p100;843866.25;;;0.2186053395;0.2186053395
;US-DE;1930;p0p100;19862.0058594;;1946299520.0;;
;US-DE;1930;p99p100;570866.5;;;0.2874163091;0.2874163091
;US-DE;1930;p99.9p100;2988376.0;;;0.1504568905;0.1504568905
;US-DE;1930;p99.99p100;11741209.0;;;0.0591139123;0.0591139123
;US-DE;1930;p90p100;;;;0.5604361296;0.5604361296
;US-DE;1930;p90p91;111313.859375;;;;
;US-DE;1930;p95p96;168782.3125;;;;
;US-DE;1930;p95p100;;;;0.4248873591;0.4248873591
;US-DE;1930;p99.5p100;962105.0625;;;0.2421973497;0.2421973497
;US-DE;1929;p0p100;23991.0351562;;2339190528.0;;
;US-DE;1929;p99p100;1667219.25;;;0.6949343085;0.6949343085
;US-DE;1929;p99.9p100;12774630.0;;;0.5324751139;0.5324751139
;US-DE;1929;p99.99p100;85378832.0;;;0.3558780551;0.3558780551
;US-DE;1929;p90p100;;;;0.9660384059;0.9660384059
;US-DE;1929;p90p91;231762.609375;;;;
;US-DE;1929;p95p96;393591.09375;;;;
;US-DE;1929;p95p100;;;;0.8202878237;0.8202878237
;US-DE;1929;p99.5p100;3102595.25;;;0.6466156244;0.6466156244
;US-DE;1928;p0p100;23330.1367188;;2263875072.0;;
;US-DE;1928;p99p100;1076593.5;;;0.4614604115;0.4614604115
;US-DE;1928;p99.9p100;6451151.0;;;0.2765158117;0.2765158117
;US-DE;1928;p99.99p100;24426640.0;;;0.1046999469;0.1046999469
;US-DE;1928;p90p100;;;;0.7154042125;0.7154042125
;US-DE;1928;p90p91;166904.78125;;;;
;US-DE;1928;p95p96;277732.125;;;;
;US-DE;1928;p95p100;;;;0.5952218175;0.5952218175
;US-DE;1928;p99.5p100;1894821.375;;;0.4060887992;0.4060887992
;US-DE;1927;p0p100;20606.2636719;;1985963776.0;;
;US-DE;1927;p99p100;889502.625;;;0.4316661358;0.4316661358
;US-DE;1927;p99.9p100;5296852.0;;;0.2570506036;0.2570506036
;US-DE;1927;p99.99p100;20943506.0;;;0.1016366035;0.1016366035
;US-DE;1927;p90p100;;;;0.6870030761;0.6870030761
;US-DE;1927;p90p91;141565.65625;;;;
;US-DE;1927;p95p96;232741.84375;;;;
;US-DE;1927;p95p100;;;;0.564735651;0.564735651
;US-DE;1927;p99.5p100;1561568.75;;;0.3789063394;0.3789063394
;US-DE;1926;p0p100;16037.3105469;;1532574848.0;;
;US-DE;1926;p99p100;625935.0;;;0.390299201;0.390299201
;US-DE;1926;p99.9p100;3582560.25;;;0.2233890742;0.2233890742
;US-DE;1926;p99.99p100;14708521.0;;;0.0917143822;0.0917143822
;US-DE;1926;p90p100;;;;0.6782209277;0.6782209277
;US-DE;1926;p90p91;108768.40625;;;;
;US-DE;1926;p95p96;173979.125;;;;
;US-DE;1926;p95p100;;;;0.5424198508;0.5424198508
;US-DE;1926;p99.5p100;1084283.75;;;0.3380503356;0.3380503356
;US-DE;1925;p0p100;12298.2167969;;1165690240.0;;
;US-DE;1925;p99p100;446362.25;;;0.3629487753;0.3629487753
;US-DE;1925;p99.9p100;2073352.875;;;0.1685897261;0.1685897261
;US-DE;1925;p99.99p100;6410329.5;;;0.0521240607;0.0521240607
;US-DE;1925;p90p100;;;;0.693911314;0.693911314
;US-DE;1925;p90p91;85338.71875;;;;
;US-DE;1925;p95p96;133367.8125;;;;
;US-DE;1925;p95p100;;;;0.5422242284;0.5422242284
;US-DE;1925;p99.5p100;743330.9375;;;0.3022108674;0.3022108674
;US-DE;1924;p0p100;11524.9990234;;1081759488.0;;
;US-DE;1924;p99p100;344006.625;;;0.2984873354;0.2984873354
;US-DE;1924;p99.9p100;1553224.25;;;0.1347700059;0.1347700059
;US-DE;1924;p99.99p100;5484154.5;;;0.0475848578;0.0475848578
;US-DE;1924;p90p100;;;;0.6336448193;0.6336448193
;US-DE;1924;p90p91;73027.5546875;;;;
;US-DE;1924;p95p96;110548.796875;;;;
;US-DE;1924;p95p100;;;;0.4796043932;0.4796043932
;US-DE;1924;p99.5p100;559897.0;;;0.2429054379;0.2429054379
;US-DE;1923;p0p100;10461.6777344;;968247616.0;;
;US-DE;1923;p99p100;243730.40625;;;0.2329745144;0.2329745144
;US-DE;1923;p99.9p100;886818.9375;;;0.0847683325;0.0847683325
;US-DE;1923;p99.99p100;2118469.5;;;0.0202498082;0.0202498082
;US-DE;1923;p90p100;;;;0.5812647343;0.5812647343
;US-DE;1923;p90p91;60810.0429688;;;;
;US-DE;1923;p95p96;88679.6640625;;;;
;US-DE;1923;p95p100;;;;0.423830986;0.423830986
;US-DE;1923;p99.5p100;373287.78125;;;0.1784072369;0.1784072369
;US-DE;1922;p0p100;10373.9941406;;948559808.0;;
;US-DE;1922;p99p100;244205.59375;;;0.2354017198;0.2354017198
;US-DE;1922;p99.9p100;912854.125;;;0.0879944712;0.0879944712
;US-DE;1922;p99.99p100;2585376.75;;;0.0249217115;0.0249217115
;US-DE;1922;p90p100;;;;0.5876675248;0.5876675248
;US-DE;1922;p90p91;60964.59375;;;;
;US-DE;1922;p95p96;87984.5234375;;;;
;US-DE;1922;p95p100;;;;0.4240629375;0.4240629375
;US-DE;1922;p99.5p100;377887.46875;;;0.18213211;0.18213211
;US-DE;1921;p0p100;7867.01171875;;712922368.0;;
;US-DE;1921;p99p100;175639.015625;;;0.2232601345;0.2232601345
;US-DE;1921;p99.9p100;618776.0625;;;0.0786545277;0.0786545277
;US-DE;1921;p99.99p100;1754375.25;;;0.0223004017;0.0223004017
;US-DE;1921;p90p100;;;;0.6200509667;0.6200509667
;US-DE;1921;p90p91;48779.484375;;;;
;US-DE;1921;p95p96;68700.4609375;;;;
;US-DE;1921;p95p100;;;;0.4366362989;0.4366362989
;US-DE;1921;p99.5p100;262949.375;;;0.1671214998;0.1671214998
;US-DE;1920;p0p100;8932.75390625;;797817088.0;;
;US-DE;1920;p99p100;191993.609375;;;0.2149321586;0.2149321586
;US-DE;1920;p99.9p100;691024.5625;;;0.0773585066;0.0773585066
;US-DE;1920;p99.99p100;2095095.125;;;0.0234540775;0.0234540775
;US-DE;1920;p90p100;;;;0.5488590598;0.5488590598
;US-DE;1920;p90p91;49028.2304688;;;;
;US-DE;1920;p95p96;71170.0859375;;;;
;US-DE;1920;p95p100;;;;0.3983658552;0.3983658552
;US-DE;1920;p99.5p100;289708.46875;;;0.1621607691;0.1621607691
;US-DE;1919;p0p100;13319.9472656;;1170048256.0;;
;US-DE;1919;p99p100;415381.46875;;;0.3118492067;0.3118492067
;US-DE;1919;p99.9p100;2213156.75;;;0.1661535949;0.1661535949
;US-DE;1919;p99.99p100;10033202.0;;;0.0753246397;0.0753246397
;US-DE;1919;p90p100;;;;0.5833050013;0.5833050013
;US-DE;1919;p90p91;77695.9140625;;;;
;US-DE;1919;p95p96;123952.578125;;;;
;US-DE;1919;p95p100;;;;0.4652893245;0.4652893245
;US-DE;1919;p99.5p100;693905.375;;;0.2604760528;0.2604760528
;US-DE;1918;p0p100;12817.0292969;;1113784448.0;;
;US-DE;1918;p99p100;432357.53125;;;0.33733055;0.33733055
;US-DE;1918;p99.9p100;2382046.5;;;0.1858501285;0.1858501285
;US-DE;1918;p99.99p100;12728764.0;;;0.0993113443;0.0993113443
;US-DE;1918;p90p100;;;;0.6335076094;0.6335076094
;US-DE;1918;p90p91;81196.8515625;;;;
;US-DE;1918;p95p96;127083.570312;;;;
;US-DE;1918;p95p100;;;;0.4957606494;0.4957606494
;US-DE;1918;p99.5p100;730328.6875;;;0.2849056125;0.2849056125
;US-DE;1917;p0p100;18565.8789062;;1617074176.0;;
