Variable Name;.;.;.;Fiscal income  | tax unit | Average | Adults | constant 2015 local currency;Fiscal income  | tax unit | Threshold | Adults | constant 2015 local currency;Fiscal income  | tax unit | Total | Adults | constant 2015 local currency;Fiscal income  | tax unit | Share | Adults | share of total (ratio);Pre-tax national income  | tax unit | Share | Adults | share of total (ratio)
Variable Category;.;.;.;Income inequality;Income inequality;Income inequality;Income inequality;Income inequality
Variable Description;.;.;.;Average Fiscal income within a given percentile group. Fiscal income is defined as the sum of all income items reported on income tax returns, before any deduction. It includes labour income, capital income and mixed income. The concept of fiscal income varies with national tax legislations, so in order to make international comparisons it is preferable to use the concept of national income. The population is comprised of individuals over age 20. The base unit is the tax unit defined by national fiscal administrations to measure personal income taxes.;Fiscal income threshold value at a given percentile.  Fiscal income is defined as the sum of all income items reported on income tax returns, before any deduction. It includes labour income, capital income and mixed income. The concept of fiscal income varies with national tax legislations, so in order to make international comparisons it is preferable to use the concept of national income. The population is comprised of individuals over age 20. The base unit is the tax unit defined by national fiscal administrations to measure personal income taxes.;Total Fiscal income  within a given percentile group. Fiscal income is defined as the sum of all income items reported on income tax returns, before any deduction. It includes labour income, capital income and mixed income. The concept of fiscal income varies with national tax legislations, so in order to make international comparisons it is preferable to use the concept of national income. The population is comprised of individuals over age 20.;Fiscal income share held by a given percentile group. Fiscal income is defined as the sum of all income items reported on income tax returns, before any deduction. It includes labour income, capital income and mixed income. The concept of fiscal income varies with national tax legislations, so in order to make international comparisons it is preferable to use the concept of national income. The population is comprised of individuals over age 20. The base unit is the tax unit defined by national fiscal administrations to measure personal income taxes.;Pre-tax national income share held by a given percentile group. Pre-tax national income  is the sum of all pre-tax personal income flows accruing to the owners of the production factors, labor and capital, before taking into account the operation of the tax/transfer system, but after taking into account the operation of pension system. The central difference between personal factor income and pre-tax income is the treatment of pensions, which are counted on a contribution basis by factor income and on a distribution basis by pre-tax income. The population is comprised of individuals over age 20. The base unit is the tax unit defined by national fiscal administrations to measure personal income taxes.
Variable Decomposition;.;.;.;[Fiscal income ]=[Fiscal labour income ]+[Fiscal capital income ];[Fiscal income ]=[Fiscal labour income ]+[Fiscal capital income ];[Fiscal income ]=[Fiscal labour income ]+[Fiscal capital income ];[Fiscal income ]=[Fiscal labour income ]+[Fiscal capital income ];Pre-tax national income =Pre-tax labor income [total pre-tax income ranking]+Pre-tax capital income [total pre-tax income ranking]
Variable Unit;.;.;.;"USD; United States dollar | local currency | market";"USD; United States dollar | local currency | market";"USD; United States dollar | local currency | market";share;share
Methodological Notes;.;.;.;;;;;Assuming the same distribution as fiscal income.
Sources;.;.;.;Frank, Sommeiller, Price & Saez (2015);Frank, Sommeiller, Price & Saez (2015);Frank, Sommeiller, Price & Saez (2015);Frank, Sommeiller, Price & Saez (2015);WID.world computations using: Frank, Sommeiller, Price & Saez (2015)
Variable Code;country;year;perc;afiinc992t;tfiinc992t;mfiinc992t;sfiinc992t;sptinc992t
;US-AR;2014;p0p100;46315.9726562;;69472321536.0;;
;US-AR;2014;p99p100;;251768.53125;;0.1853465438;0.1853465438
;US-AR;2014;p99.9p100;;1091978.25;;0.0983105972;0.0983105972
;US-AR;2014;p99.99p100;;6340861.0;;0.055104427;0.055104427
;US-AR;2014;p90p100;;99126.90625;;0.4709109962;0.4709109962
;US-AR;2014;p90p91;220945.984375;;;;
;US-AR;2014;p95p96;319347.40625;;;;
;US-AR;2014;p90p95;122544.5625;99126.90625;;0.129202351;0.129202351
;US-AR;2014;p95p99;182174.65625;118787.351562;;0.1561670452;0.1561670452
;US-AR;2014;p99.5p99.9;618438.5625;411831.6875;;0.0532374606;0.0532374606
;US-AR;2014;p99.9p99.99;2155200.75;1091978.25;;0.0426414385;0.0426414385
;US-AR;2014;p99p99.5;316178.40625;251768.53125;;0.0337284692;0.0337284692
;US-AR;2014;p95p100;;118787.351562;;0.3414855301;0.3414855301
;US-AR;2014;p0p90;26912.640625;;;0.5299187899;0.5299187899
;US-AR;2014;p0p99;38015.75;;;0.8146534562;0.8146534562
;US-AR;2014;p99.5p100;;411831.6875;;0.1516212821;0.1516212821
;US-AR;2014;p99.5p99.6;1419898.375;;;;
;US-AR;2014;p99.99p99.991;26860568.0;;;;
;US-AR;2014;p99.9p99.91;4625737.5;;;;
;US-AR;2014;p99p99.1;868038.375;;;;
;US-AR;2013;p0p100;44810.3945312;;66731008000.0;;
;US-AR;2013;p99p100;;247779.203125;;0.1722630411;0.1722630411
;US-AR;2013;p99.9p100;;1007087.875;;0.0857233927;0.0857233927
;US-AR;2013;p99.99p100;;5555532.5;;0.0466678031;0.0466678031
;US-AR;2013;p90p100;;99335.1796875;;0.4638870955;0.4638870955
;US-AR;2013;p90p91;212310.765625;;;;
;US-AR;2013;p95p96;301858.59375;;;;
;US-AR;2013;p90p95;122762.953125;99335.1796875;;0.131995514;0.131995514
;US-AR;2013;p95p99;181622.359375;119769.28125;;0.1592526883;0.1592526883
;US-AR;2013;p99.5p99.9;596908.375;397933.4375;;0.0524000227;0.0524000227
;US-AR;2013;p99.9p99.99;1942021.75;1007087.875;;0.0389002189;0.0389002189
;US-AR;2013;p99p99.5;308424.46875;247779.203125;;0.0341315418;0.0341315418
;US-AR;2013;p95p100;;119769.28125;;0.3315534592;0.3315534592
;US-AR;2013;p0p90;26199.2441406;;;0.5366522074;0.5366522074
;US-AR;2013;p0p99;37355.921875;;;0.8277369738;0.8277369738
;US-AR;2013;p99.5p100;;397933.4375;;0.1381168365;0.1381168365
;US-AR;2013;p99.5p99.6;1257182.5;;;;
;US-AR;2013;p99.99p99.991;21504596.0;;;;
;US-AR;2013;p99.9p99.91;3898279.0;;;;
;US-AR;2013;p99p99.1;782803.5;;;;
;US-AR;2012;p0p100;45328.3242188;;67482701824.0;;
;US-AR;2012;p99p100;920971.4375;;;0.2031778991;0.2031778991
;US-AR;2012;p99.9p100;5150493.0;;;0.1136263683;0.1136263683
;US-AR;2012;p99.99p100;28966340.0;;;0.0639033914;0.0639033914
;US-AR;2012;p90p100;;;;0.4855379164;0.4855379164
;US-AR;2012;p90p91;220086.21875;;;;
;US-AR;2012;p95p96;329095.0;;;;
;US-AR;2012;p95p100;;;;0.3630125225;0.3630125225
;US-AR;2012;p99.5p100;1536654.0;;;0.1695026159;0.1695026159
;US-AR;2011;p0p100;42705.078125;;63033315328.0;;
;US-AR;2011;p99p100;749570.0625;;;0.1755224764;0.1755224764
;US-AR;2011;p99.9p100;3663627.5;;;0.0857890397;0.0857890397
;US-AR;2011;p99.99p100;19579402.0;;;0.0458479486;0.0458479486
;US-AR;2011;p90p100;;;;0.4636152983;0.4636152983
;US-AR;2011;p90p91;197987.265625;;;;
;US-AR;2011;p95p96;288205.96875;;;;
;US-AR;2011;p95p100;;;;0.3374376297;0.3374376297
;US-AR;2011;p99.5p100;1176606.875;;;0.1377595961;0.1377595961
;US-AR;2010;p0p100;42410.5078125;;61406990336.0;;
;US-AR;2010;p99p100;732498.5;;;0.1727162898;0.1727162898
;US-AR;2010;p99.9p100;3504765.25;;;0.0826390907;0.0826390907
;US-AR;2010;p99.99p100;19520972.0;;;0.0460286215;0.0460286215
;US-AR;2010;p90p100;;;;0.4614317119;0.4614317119
;US-AR;2010;p90p91;195695.515625;;;;
;US-AR;2010;p95p96;284552.625;;;;
;US-AR;2010;p95p100;;;;0.3354742229;0.3354742229
;US-AR;2010;p99.5p100;1139564.375;;;0.1343493015;0.1343493015
;US-AR;2009;p0p100;42041.0898438;;59532668928.0;;
;US-AR;2009;p99p100;727210.5625;;;0.1729761511;0.1729761511
;US-AR;2009;p99.9p100;3463177.0;;;0.0823760033;0.0823760033
;US-AR;2009;p99.99p100;16911672.0;;;0.040226534;0.040226534
;US-AR;2009;p90p100;;;;0.4579132199;0.4579132199
;US-AR;2009;p90p91;192511.71875;;;;
;US-AR;2009;p95p96;279286.0625;;;;
;US-AR;2009;p95p100;;;;0.3321584463;0.3321584463
;US-AR;2009;p99.5p100;1149558.625;;;0.1367184669;0.1367184669
;US-AR;2008;p0p100;46186.6601562;;64711147520.0;;
;US-AR;2008;p99p100;785602.125;;;0.1700928509;0.1700928509
;US-AR;2008;p99.9p100;3667995.75;;;0.0794167817;0.0794167817
;US-AR;2008;p99.99p100;16695625.0;;;0.0361481532;0.0361481532
;US-AR;2008;p90p100;;;;0.438056916;0.438056916
;US-AR;2008;p90p91;202323.859375;;;;
;US-AR;2008;p95p96;295369.75;;;;
;US-AR;2008;p95p100;;;;0.3197565675;0.3197565675
;US-AR;2008;p99.5p100;1242024.125;;;0.134457022;0.134457022
;US-AR;2007;p0p100;49474.4375;;68586823680.0;;
;US-AR;2007;p99p100;859343.5625;;;0.1736944467;0.1736944467
;US-AR;2007;p99.9p100;4040787.75;;;0.0816742554;0.0816742554
;US-AR;2007;p99.99p100;17889360.0;;;0.0361587927;0.0361587927
;US-AR;2007;p90p100;;;;0.4293263555;0.4293263555
;US-AR;2007;p90p91;212406.8125;;;;
;US-AR;2007;p95p96;312939.65625;;;;
;US-AR;2007;p95p100;;;;0.3162639737;0.3162639737
;US-AR;2007;p99.5p100;1368418.875;;;0.1382955462;0.1382955462
;US-AR;2006;p0p100;47011.6445312;;64571502592.0;;
;US-AR;2006;p99p100;773472.3125;;;0.1645278186;0.1645278186
;US-AR;2006;p99.9p100;3400407.5;;;0.0723311752;0.0723311752
;US-AR;2006;p99.99p100;13872846.0;;;0.0295093823;0.0295093823
;US-AR;2006;p90p100;;;;0.4280831814;0.4280831814
;US-AR;2006;p90p91;201248.9375;;;;
;US-AR;2006;p95p96;294044.9375;;;;
;US-AR;2006;p95p100;;;;0.3127363026;0.3127363026
;US-AR;2006;p99.5p100;1208191.5;;;0.1284991801;0.1284991801
;US-AR;2005;p0p100;46330.0585938;;62357618688.0;;
;US-AR;2005;p99p100;771806.6875;;;0.1665887535;0.1665887535
;US-AR;2005;p99.9p100;3475017.75;;;0.0750056803;0.0750056803
;US-AR;2005;p99.99p100;14574503.0;;;0.031457983;0.031457983
;US-AR;2005;p90p100;;;;0.4277884364;0.4277884364
;US-AR;2005;p90p91;198194.640625;;;;
;US-AR;2005;p95p96;292188.25;;;;
;US-AR;2005;p95p100;;;;0.3153333366;0.3153333366
;US-AR;2005;p99.5p100;1211925.5;;;0.1307925731;0.1307925731
;US-AR;2004;p0p100;44322.3828125;;59306651648.0;;
;US-AR;2004;p99p100;691342.375;;;0.155980438;0.155980438
;US-AR;2004;p99.9p100;3022462.75;;;0.0681927055;0.0681927055
;US-AR;2004;p99.99p100;12650577.0;;;0.0285421908;0.0285421908
;US-AR;2004;p90p100;;;;0.4218066633;0.4218066633
;US-AR;2004;p90p91;186954.75;;;;
;US-AR;2004;p95p96;272994.5625;;;;
;US-AR;2004;p95p100;;;;0.3079647124;0.3079647124
;US-AR;2004;p99.5p100;1071921.75;;;0.1209233105;0.1209233105
;US-AR;2003;p0p100;42304.8867188;;55433015296.0;;
;US-AR;2003;p99p100;608537.4375;;;0.1438456774;0.1438456774
;US-AR;2003;p99.9p100;2530087.25;;;0.0598060302;0.0598060302
;US-AR;2003;p99.99p100;10403320.0;;;0.0245912969;0.0245912969
;US-AR;2003;p90p100;;;;0.4146334827;0.4146334827
;US-AR;2003;p90p91;175410.234375;;;;
;US-AR;2003;p95p96;248784.6875;;;;
;US-AR;2003;p95p100;;;;0.2940377891;0.2940377891
;US-AR;2003;p99.5p100;927646.375;;;0.1096381992;0.1096381992
;US-AR;2002;p0p100;42204.8554688;;53376458752.0;;
;US-AR;2002;p99p100;608969.9375;;;0.1442890763;0.1442890763
;US-AR;2002;p99.9p100;2517620.5;;;0.0596523918;0.0596523918
;US-AR;2002;p99.99p100;10234503.0;;;0.0242495891;0.0242495891
;US-AR;2002;p90p100;;;;0.4142220914;0.4142220914
;US-AR;2002;p90p91;174821.84375;;;;
;US-AR;2002;p95p96;247518.4375;;;;
;US-AR;2002;p95p100;;;;0.2932345569;0.2932345569
;US-AR;2002;p99.5p100;927075.5;;;0.1098304316;0.1098304316
;US-AR;2001;p0p100;44146.9882812;;55122763776.0;;
;US-AR;2001;p99p100;623182.0;;;0.1411606967;0.1411606967
;US-AR;2001;p99.9p100;2554274.75;;;0.0578584112;0.0578584112
;US-AR;2001;p99.99p100;11857931.0;;;0.0268601105;0.0268601105
;US-AR;2001;p90p100;;;;0.4024491012;0.4024491012
;US-AR;2001;p90p91;177669.171875;;;;
;US-AR;2001;p95p96;252412.90625;;;;
;US-AR;2001;p95p100;;;;0.2858778238;0.2858778238
;US-AR;2001;p99.5p100;923945.0;;;0.1046441719;0.1046441719
;US-AR;2000;p0p100;45961.1601562;;57360048128.0;;
;US-AR;2000;p99p100;702466.75;;;0.1528392136;0.1528392136
;US-AR;2000;p99.9p100;3142416.75;;;0.068371132;0.068371132
;US-AR;2000;p99.99p100;14607956.0;;;0.0317832641;0.0317832641
;US-AR;2000;p90p100;;;;0.4099746943;0.4099746943
;US-AR;2000;p90p91;188429.109375;;;;
;US-AR;2000;p95p96;272746.34375;;;;
;US-AR;2000;p95p100;;;;0.2967139482;0.2967139482
;US-AR;2000;p99.5p100;1065736.75;;;0.1159388497;0.1159388497
;US-AR;1999;p0p100;45651.7851562;;55917518848.0;;
;US-AR;1999;p99p100;677132.6875;;;0.1483255625;0.1483255625
;US-AR;1999;p99.9p100;2828218.5;;;0.0619519837;0.0619519837
;US-AR;1999;p99.99p100;12076729.0;;;0.0264540147;0.0264540147
;US-AR;1999;p90p100;;;;0.4084728062;0.4084728062
;US-AR;1999;p90p91;186475.109375;;;;
;US-AR;1999;p95p96;268066.53125;;;;
;US-AR;1999;p95p100;;;;0.2935991883;0.2935991883
;US-AR;1999;p99.5p100;1018562.4375;;;0.1115577966;0.1115577966
;US-AR;1998;p0p100;43048.5703125;;52673536000.0;;
;US-AR;1998;p99p100;655542.625;;;0.1522797644;0.1522797644
;US-AR;1998;p99.9p100;2815364.75;;;0.0653997287;0.0653997287
;US-AR;1998;p99.99p100;12286728.0;;;0.0285415463;0.0285415463
;US-AR;1998;p90p100;;;;0.4147506058;0.4147506058
;US-AR;1998;p90p91;178544.203125;;;;
;US-AR;1998;p95p96;257197.828125;;;;
;US-AR;1998;p95p100;;;;0.2987298071;0.2987298071
;US-AR;1998;p99.5p100;999067.8125;;;0.1160396039;0.1160396039
;US-AR;1997;p0p100;41365.1953125;;49727528960.0;;
;US-AR;1997;p99p100;563819.8125;;;0.136302948;0.136302948
;US-AR;1997;p99.9p100;2170842.75;;;0.0524799339;0.0524799339
;US-AR;1997;p99.99p100;8824372.0;;;0.0213328414;0.0213328414
;US-AR;1997;p90p100;;;;0.398886174;0.398886174
;US-AR;1997;p90p91;165000.046875;;;;
;US-AR;1997;p95p96;233818.515625;;;;
;US-AR;1997;p95p100;;;;0.2826270759;0.2826270759
;US-AR;1997;p99.5p100;838992.3125;;;0.1014128327;0.1014128327
;US-AR;1996;p0p100;39205.6171875;;47099052032.0;;
;US-AR;1996;p99p100;526974.3125;;;0.1344129741;0.1344129741
;US-AR;1996;p99.9p100;2023680.125;;;0.0516170971;0.0516170971
;US-AR;1996;p99.99p100;7565418.0;;;0.0192967709;0.0192967709
;US-AR;1996;p90p100;;;;0.4035799503;0.4035799503
;US-AR;1996;p90p91;158226.0;;;;
;US-AR;1996;p95p96;221470.609375;;;;
;US-AR;1996;p95p100;;;;0.2824475467;0.2824475467
;US-AR;1996;p99.5p100;785795.5;;;0.1002146602;0.1002146602
;US-AR;1995;p0p100;38385.953125;;44302225408.0;;
;US-AR;1995;p99p100;520304.90625;;;0.1355456561;0.1355456561
;US-AR;1995;p99.9p100;2036302.75;;;0.0530481264;0.0530481264
;US-AR;1995;p99.99p100;7763930.0;;;0.0202259682;0.0202259682
;US-AR;1995;p90p100;;;;0.4035972059;0.4035972059
;US-AR;1995;p90p91;154924.625;;;;
;US-AR;1995;p95p96;216561.140625;;;;
;US-AR;1995;p95p100;;;;0.282083869;0.282083869
;US-AR;1995;p99.5p100;780845.9375;;;0.1017098576;0.1017098576
;US-AR;1994;p0p100;37028.1523438;;42166300672.0;;
;US-AR;1994;p99p100;487569.5;;;0.1316753626;0.1316753626
;US-AR;1994;p99.9p100;1962408.25;;;0.0529977344;0.0529977344
;US-AR;1994;p99.99p100;7928326.5;;;0.0214116182;0.0214116182
;US-AR;1994;p90p100;;;;0.3978147805;0.3978147805
;US-AR;1994;p90p91;147303.46875;;;;
;US-AR;1994;p95p96;204792.09375;;;;
;US-AR;1994;p95p100;;;;0.27653566;0.27653566
;US-AR;1994;p99.5p100;736422.4375;;;0.0994408801;0.0994408801
;US-AR;1993;p0p100;36473.8632812;;40675753984.0;;
;US-AR;1993;p99p100;450994.46875;;;0.1236486658;0.1236486658
;US-AR;1993;p99.9p100;1694187.75;;;0.046449367;0.046449367
;US-AR;1993;p99.99p100;6395458.5;;;0.0175343603;0.0175343603
;US-AR;1993;p90p100;;;;0.3879024684;0.3879024684
;US-AR;1993;p90p91;141483.015625;;;;
;US-AR;1993;p95p96;194809.78125;;;;
;US-AR;1993;p95p100;;;;0.2670539618;0.2670539618
;US-AR;1993;p99.5p100;668714.4375;;;0.0916703567;0.0916703567
;US-AR;1992;p0p100;36859.0664062;;40266993664.0;;
;US-AR;1992;p99p100;474468.53125;;;0.1287250519;0.1287250519
;US-AR;1992;p99.9p100;1889356.75;;;0.0512589402;0.0512589402
;US-AR;1992;p99.99p100;7473142.0;;;0.0202749074;0.0202749074
;US-AR;1992;p90p100;;;;0.390509367;0.390509367
;US-AR;1992;p90p91;143938.109375;;;;
;US-AR;1992;p95p96;197671.390625;;;;
;US-AR;1992;p95p100;;;;0.2681448758;0.2681448758
;US-AR;1992;p99.5p100;717447.875;;;0.0973231122;0.0973231122
;US-AR;1991;p0p100;34964.3320312;;38248804352.0;;
;US-AR;1991;p99p100;412162.1875;;;0.1178807467;0.1178807467
;US-AR;1991;p99.9p100;1505706.0;;;0.0430640541;0.0430640541
;US-AR;1991;p99.99p100;5482430.5;;;0.0156800654;0.0156800654
;US-AR;1991;p90p100;;;;0.3847016096;0.3847016096
;US-AR;1991;p90p91;134508.359375;;;;
;US-AR;1991;p95p96;179742.65625;;;;
;US-AR;1991;p95p100;;;;0.257037133;0.257037133
;US-AR;1991;p99.5p100;607035.75;;;0.086807847;0.086807847
;US-AR;1990;p0p100;35220.7460938;;38116397056.0;;
;US-AR;1990;p99p100;433265.40625;;;0.1230142638;0.1230142638
;US-AR;1990;p99.9p100;1669864.5;;;0.0474113896;0.0474113896
;US-AR;1990;p99.99p100;6375632.0;;;0.0181019232;0.0181019232
;US-AR;1990;p90p100;;;;0.3840549588;0.3840549588
;US-AR;1990;p90p91;135267.03125;;;;
;US-AR;1990;p95p96;181870.28125;;;;
;US-AR;1990;p95p100;;;;0.2581862807;0.2581862807
;US-AR;1990;p99.5p100;649014.625;;;0.0921352655;0.0921352655
;US-AR;1989;p0p100;34287.046875;;38026203136.0;;
;US-AR;1989;p99p100;422029.0;;;0.1230870113;0.1230870113
;US-AR;1989;p99.9p100;1569523.75;;;0.0457760021;0.0457760021
;US-AR;1989;p99.99p100;5766817.5;;;0.0168192312;0.0168192312
;US-AR;1989;p90p100;;;;0.379268676;0.379268676
;US-AR;1989;p90p91;130040.023438;;;;
;US-AR;1989;p95p96;179324.484375;;;;
;US-AR;1989;p95p100;;;;0.2615047097;0.2615047097
;US-AR;1989;p99.5p100;624947.8125;;;0.0911346897;0.0911346897
;US-AR;1988;p0p100;35733.5742188;;37947621376.0;;
;US-AR;1988;p99p100;487059.5625;;;0.1363030672;0.1363030672
;US-AR;1988;p99.9p100;2005149.25;;;0.0561138727;0.0561138727
;US-AR;1988;p99.99p100;7919876.5;;;0.0221636854;0.0221636854
;US-AR;1988;p90p100;;;;0.3810055852;0.3810055852
;US-AR;1988;p90p91;136146.90625;;;;
;US-AR;1988;p95p96;192559.5;;;;
;US-AR;1988;p95p100;;;;0.2694377899;0.2694377899
;US-AR;1988;p99.5p100;745754.75;;;0.1043493077;0.1043493077
;US-AR;1987;p0p100;33815.9765625;;35673276416.0;;
;US-AR;1987;p99p100;384570.25;;;0.1137244329;0.1137244329
;US-AR;1987;p99.9p100;1390567.25;;;0.0411216058;0.0411216058
;US-AR;1987;p99.99p100;5060912.0;;;0.0149660381;0.0149660381
;US-AR;1987;p90p100;;;;0.3675494492;0.3675494492
;US-AR;1987;p90p91;124290.4375;;;;
;US-AR;1987;p95p96;169013.34375;;;;
;US-AR;1987;p95p100;;;;0.2499016076;0.2499016076
;US-AR;1987;p99.5p100;562355.1875;;;0.0831493437;0.0831493437
;US-AR;1986;p0p100;35688.1445312;;37310943232.0;;
;US-AR;1986;p99p100;521585.96875;;;0.146151036;0.146151036
;US-AR;1986;p99.9p100;2339061.75;;;0.0655416995;0.0655416995
;US-AR;1986;p99.99p100;10197870.0;;;0.0285749529;0.0285749529
;US-AR;1986;p90p100;;;;0.387540251;0.387540251
;US-AR;1986;p90p91;138305.921875;;;;
;US-AR;1986;p95p96;198420.671875;;;;
;US-AR;1986;p95p100;;;;0.2779924273;0.2779924273
;US-AR;1986;p99.5p100;818136.875;;;0.1146230623;0.1146230623
;US-AR;1985;p0p100;33375.9140625;;34279583744.0;;
;US-AR;1985;p99p100;374376.90625;;;0.1121697873;0.1121697873
;US-AR;1985;p99.9p100;1493339.375;;;0.0447430313;0.0447430313
;US-AR;1985;p99.99p100;5838144.5;;;0.0174920894;0.0174920894
;US-AR;1985;p90p100;;;;0.3623974323;0.3623974323
;US-AR;1985;p90p91;120953.453125;;;;
;US-AR;1985;p95p96;163066.234375;;;;
;US-AR;1985;p95p100;;;;0.244287312;0.244287312
;US-AR;1985;p99.5p100;565082.625;;;0.0846542493;0.0846542493
;US-AR;1984;p0p100;32404.0058594;;32710559744.0;;
;US-AR;1984;p99p100;383748.8125;;;0.1184263453;0.1184263453
;US-AR;1984;p99.9p100;1495524.625;;;0.0461524613;0.0461524613
;US-AR;1984;p99.99p100;6264683.5;;;0.0193330534;0.0193330534
;US-AR;1984;p90p100;;;;0.3526631892;0.3526631892
;US-AR;1984;p90p91;114277.0;;;;
;US-AR;1984;p95p96;157136.3125;;;;
;US-AR;1984;p95p100;;;;0.2424643338;0.2424643338
;US-AR;1984;p99.5p100;555153.75;;;0.0856612846;0.0856612846
;US-AR;1983;p0p100;31146.5800781;;30910453760.0;;
;US-AR;1983;p99p100;393303.6875;;;0.1262750775;0.1262750775
;US-AR;1983;p99.9p100;1474131.375;;;0.0473288335;0.0473288335
;US-AR;1983;p99.99p100;6013390.0;;;0.0193067417;0.0193067417
;US-AR;1983;p90p100;;;;0.3434552252;0.3434552252
;US-AR;1983;p90p91;106974.554688;;;;
;US-AR;1983;p95p96;152367.515625;;;;
;US-AR;1983;p95p100;;;;0.2445975095;0.2445975095
;US-AR;1983;p99.5p100;550932.8125;;;0.0884419456;0.0884419456
;US-AR;1982;p0p100;31126.4433594;;30425663488.0;;
;US-AR;1982;p99p100;345048.625;;;0.1108538508;0.1108538508
;US-AR;1982;p99.9p100;1334633.625;;;0.0428778082;0.0428778082
;US-AR;1982;p99.99p100;5541442.0;;;0.017803004;0.017803004
;US-AR;1982;p90p100;;;;0.3427782357;0.3427782357
;US-AR;1982;p90p91;106694.671875;;;;
;US-AR;1982;p95p96;145914.609375;;;;
;US-AR;1982;p95p100;;;;0.2343900949;0.2343900949
;US-AR;1982;p99.5p100;509147.25;;;0.0817869231;0.0817869231
;US-AR;1981;p0p100;31832.3886719;;31055828992.0;;
;US-AR;1981;p99p100;306667.46875;;;0.0963381976;0.0963381976
;US-AR;1981;p99.9p100;995373.0625;;;0.0312691927;0.0312691927
;US-AR;1981;p99.99p100;3464289.5;;;0.0108829075;0.0108829075
;US-AR;1981;p90p100;;;;0.3584775329;0.3584775329
;US-AR;1981;p90p91;114111.960938;;;;
;US-AR;1981;p95p96;145790.84375;;;;
;US-AR;1981;p95p100;;;;0.2289976478;0.2289976478
;US-AR;1981;p99.5p100;432915.5625;;;0.0679992288;0.0679992288
;US-AR;1980;p0p100;31869.4492188;;30422521856.0;;
;US-AR;1980;p99p100;310986.9375;;;0.0975815207;0.0975815207
;US-AR;1980;p99.9p100;912563.25;;;0.0286344215;0.0286344215
;US-AR;1980;p99.99p100;2627733.5;;;0.0082453061;0.0082453061
;US-AR;1980;p90p100;;;;0.3623681366;0.3623681366
;US-AR;1980;p90p91;115484.726562;;;;
;US-AR;1980;p95p96;152353.578125;;;;
;US-AR;1980;p95p100;;;;0.2390276343;0.2390276343
;US-AR;1980;p99.5p100;439816.8125;;;0.0690028891;0.0690028891
;US-AR;1979;p0p100;32857.8007812;;31427659776.0;;
;US-AR;1979;p99p100;323393.8125;;;0.0984222367;0.0984222367
;US-AR;1979;p99.9p100;964151.5;;;0.0293431543;0.0293431543
;US-AR;1979;p99.99p100;3342684.0;;;0.010173182;0.010173182
;US-AR;1979;p90p100;;;;0.3518117666;0.3518117666
;US-AR;1979;p90p91;115597.609375;;;;
;US-AR;1979;p95p96;154198.578125;;;;
;US-AR;1979;p95p100;;;;0.2346453369;0.2346453369
;US-AR;1979;p99.5p100;452061.21875;;;0.0687905475;0.0687905475
;US-AR;1978;p0p100;33552.1289062;;30820079616.0;;
;US-AR;1978;p99p100;300905.96875;;;0.0896831155;0.0896831155
;US-AR;1978;p99.9p100;789478.375;;;0.0235299021;0.0235299021
;US-AR;1978;p99.99p100;2324732.5;;;0.0069287177;0.0069287177
;US-AR;1978;p90p100;;;;0.3371675909;0.3371675909
;US-AR;1978;p90p91;113126.90625;;;;
;US-AR;1978;p95p96;150987.875;;;;
;US-AR;1978;p95p100;;;;0.2250048816;0.2250048816
;US-AR;1978;p99.5p100;412225.96875;;;0.0614306666;0.0614306666
;US-AR;1977;p0p100;31588.4238281;;28390152192.0;;
;US-AR;1977;p99p100;311466.90625;;;0.0986015946;0.0986015946
;US-AR;1977;p99.9p100;850349.875;;;0.0269196685;0.0269196685
;US-AR;1977;p99.99p100;2578166.0;;;0.0081617441;0.0081617441
;US-AR;1977;p90p100;;;;0.3555065393;0.3555065393
;US-AR;1977;p90p91;112298.90625;;;;
;US-AR;1977;p95p96;149923.859375;;;;
;US-AR;1977;p95p100;;;;0.237308234;0.237308234
;US-AR;1977;p99.5p100;427264.15625;;;0.0676298663;0.0676298663
;US-AR;1976;p0p100;30783.1699219;;27086094336.0;;
;US-AR;1976;p99p100;304410.03125;;;0.0988884643;0.0988884643
;US-AR;1976;p99.9p100;795641.125;;;0.0258466285;0.0258466285
;US-AR;1976;p99.99p100;2132510.75;;;0.0069275224;0.0069275224
;US-AR;1976;p90p100;;;;0.3667482138;0.3667482138
;US-AR;1976;p90p91;112896.734375;;;;
;US-AR;1976;p95p96;149158.890625;;;;
;US-AR;1976;p95p100;;;;0.2422734648;0.2422734648
;US-AR;1976;p99.5p100;414705.375;;;0.0673591122;0.0673591122
;US-AR;1975;p0p100;29654.9667969;;25562304512.0;;
;US-AR;1975;p99p100;302611.59375;;;0.1020441502;0.1020441502
;US-AR;1975;p99.9p100;851733.8125;;;0.0287214536;0.0287214536
;US-AR;1975;p99.99p100;2760423.5;;;0.0093084695;0.0093084695
;US-AR;1975;p90p100;;;;0.3583572507;0.3583572507
;US-AR;1975;p90p91;106270.71875;;;;
;US-AR;1975;p95p96;141233.3125;;;;
;US-AR;1975;p95p100;;;;0.2381275743;0.2381275743
;US-AR;1975;p99.5p100;416737.125;;;0.0702643096;0.0702643096
;US-AR;1974;p0p100;31344.6601562;;26461396992.0;;
;US-AR;1974;p99p100;321718.40625;;;0.1026389822;0.1026389822
;US-AR;1974;p99.9p100;999474.125;;;0.0318865851;0.0318865851
;US-AR;1974;p99.99p100;3339413.75;;;0.0106538516;0.0106538516
;US-AR;1974;p90p100;;;;0.3606695235;0.3606695235
;US-AR;1974;p90p91;113050.632812;;;;
;US-AR;1974;p95p96;151875.4375;;;;
;US-AR;1974;p95p100;;;;0.2422668636;0.2422668636
;US-AR;1974;p99.5p100;449967.65625;;;0.0717774034;0.0717774034
;US-AR;1973;p0p100;31609.8105469;;26155565056.0;;
;US-AR;1973;p99p100;334069.5625;;;0.1056854054;0.1056854054
;US-AR;1973;p99.9p100;867970.4375;;;0.0274588931;0.0274588931
;US-AR;1973;p99.99p100;2331354.25;;;0.0073754131;0.0073754131
;US-AR;1973;p90p100;;;;0.3631692827;0.3631692827
;US-AR;1973;p90p91;114797.125;;;;
;US-AR;1973;p95p96;155662.8125;;;;
;US-AR;1973;p95p100;;;;0.2462254763;0.2462254763
;US-AR;1973;p99.5p100;454228.75;;;0.0718493313;0.0718493313
;US-AR;1972;p0p100;29048.8574219;;23551500288.0;;
;US-AR;1972;p99p100;300592.375;;;0.1034782082;0.1034782082
;US-AR;1972;p99.9p100;830091.3125;;;0.0285756961;0.0285756961
;US-AR;1972;p99.99p100;2571628.5;;;0.0088527706;0.0088527706
;US-AR;1972;p90p100;;;;0.3617051244;0.3617051244
;US-AR;1972;p90p91;105071.210938;;;;
;US-AR;1972;p95p96;140974.328125;;;;
;US-AR;1972;p95p100;;;;0.2426503599;0.2426503599
;US-AR;1972;p99.5p100;407075.78125;;;0.0700674281;0.0700674281
;US-AR;1971;p0p100;27147.5351562;;21542283264.0;;
;US-AR;1971;p99p100;274005.1875;;;0.1009318754;0.1009318754
;US-AR;1971;p99.9p100;748984.3125;;;0.0275894012;0.0275894012
;US-AR;1971;p99.99p100;2355078.25;;;0.0086751087;0.0086751087
;US-AR;1971;p90p100;;;;0.3699192107;0.3699192107
;US-AR;1971;p90p91;100423.953125;;;;
;US-AR;1971;p95p96;132952.8125;;;;
;US-AR;1971;p95p100;;;;0.2448708713;0.2448708713
;US-AR;1971;p99.5p100;369412.59375;;;0.068037957;0.068037957
;US-AR;1970;p0p100;26299.9316406;;20388081664.0;;
;US-AR;1970;p99p100;253594.921875;;;0.0964241773;0.0964241773
;US-AR;1970;p99.9p100;684664.6875;;;0.0260329451;0.0260329451
;US-AR;1970;p99.99p100;2053145.5;;;0.0078066569;0.0078066569
;US-AR;1970;p90p100;;;;0.3644586802;0.3644586802
;US-AR;1970;p90p91;95852.390625;;;;
;US-AR;1970;p95p96;125561.53125;;;;
;US-AR;1970;p95p100;;;;0.2387107611;0.2387107611
;US-AR;1970;p99.5p100;345896.125;;;0.0657598898;0.0657598898
;US-AR;1969;p0p100;26089.7753906;;19980001280.0;;
;US-AR;1969;p99p100;283699.46875;;;0.1087397039;0.1087397039
;US-AR;1969;p99.9p100;946307.0;;;0.036271181;0.036271181
;US-AR;1969;p99.99p100;4335739.0;;;0.0166185368;0.0166185368
;US-AR;1969;p90p100;;;;0.3778778017;0.3778778017
;US-AR;1969;p90p91;98587.4765625;;;;
;US-AR;1969;p95p96;131464.28125;;;;
;US-AR;1969;p95p100;;;;0.2519459724;0.2519459724
;US-AR;1969;p99.5p100;406569.4375;;;0.0779173896;0.0779173896
;US-AR;1968;p0p100;25556.3457031;;19369861120.0;;
;US-AR;1968;p99p100;287280.625;;;0.1124106795;0.1124106795
;US-AR;1968;p99.9p100;821548.6875;;;0.0321465619;0.0321465619
;US-AR;1968;p99.99p100;2824171.5;;;0.0110507645;0.0110507645
;US-AR;1968;p90p100;;;;0.3804749846;0.3804749846
;US-AR;1968;p90p91;97235.5078125;;;;
;US-AR;1968;p95p96;132023.515625;;;;
;US-AR;1968;p95p100;;;;0.2582989037;0.2582989037
;US-AR;1968;p99.5p100;403269.125;;;0.0788980424;0.0788980424
;US-AR;1967;p0p100;24718.1992188;;18536931328.0;;
;US-AR;1967;p99p100;267301.8125;;;0.1081396714;0.1081396714
;US-AR;1967;p99.9p100;718738.875;;;0.029077312;0.029077312
;US-AR;1967;p99.99p100;1902802.75;;;0.0076979827;0.0076979827
;US-AR;1967;p90p100;;;;0.3781433403;0.3781433403
;US-AR;1967;p90p91;93470.234375;;;;
;US-AR;1967;p95p96;125431.492188;;;;
;US-AR;1967;p95p100;;;;0.2537229359;0.2537229359
;US-AR;1967;p99.5p100;367449.375;;;0.0743276998;0.0743276998
;US-AR;1966;p0p100;24159.9140625;;17910216704.0;;
;US-AR;1966;p99p100;261098.34375;;;0.1080708802;0.1080708802
;US-AR;1966;p99.9p100;756578.5625;;;0.0313154496;0.0313154496
;US-AR;1966;p99.99p100;2404120.0;;;0.0099508632;0.0099508632
;US-AR;1966;p90p100;;;;0.3739765882;0.3739765882
;US-AR;1966;p90p91;90352.4296875;;;;
;US-AR;1966;p95p96;119804.023438;;;;
;US-AR;1966;p95p100;;;;0.2479396611;0.2479396611
;US-AR;1966;p99.5p100;363327.3125;;;0.0751921758;0.0751921758
;US-AR;1965;p0p100;22577.84375;;16533597184.0;;
;US-AR;1965;p99p100;273339.0625;;;0.1210651696;0.1210651696
;US-AR;1965;p99.9p100;803808.3125;;;0.035601642;0.035601642
;US-AR;1965;p99.99p100;3022205.75;;;0.013385714;0.013385714
;US-AR;1965;p90p100;;;;0.3943606317;0.3943606317
;US-AR;1965;p90p91;89038.1328125;;;;
;US-AR;1965;p95p96;121815.570312;;;;
;US-AR;1965;p95p100;;;;0.26976794;0.26976794
;US-AR;1965;p99.5p100;368244.65625;;;0.0815500095;0.0815500095
;US-AR;1964;p0p100;22109.09375;;15977368576.0;;
;US-AR;1964;p99p100;249344.8125;;;0.1127792969;0.1127792969
;US-AR;1964;p99.9p100;668279.4375;;;0.0302264523;0.0302264523
;US-AR;1964;p99.99p100;1898732.125;;;0.0085880142;0.0085880142
;US-AR;1964;p90p100;;;;0.3867465854;0.3867465854
;US-AR;1964;p90p91;85506.1640625;;;;
;US-AR;1964;p95p96;116974.710938;;;;
;US-AR;1964;p95p100;;;;0.264539808;0.264539808
;US-AR;1964;p99.5p100;342843.34375;;;0.0775344595;0.0775344595
;US-AR;1963;p0p100;20702.1816406;;14742818816.0;;
;US-AR;1963;p99p100;228208.234375;;;0.1102339104;0.1102339104
;US-AR;1963;p99.9p100;674676.125;;;0.0325896181;0.0325896181
;US-AR;1963;p99.99p100;2088849.0;;;0.0100899953;0.0100899953
;US-AR;1963;p90p100;;;;0.3834489584;0.3834489584
;US-AR;1963;p90p91;79382.296875;;;;
;US-AR;1963;p95p96;106898.8125;;;;
;US-AR;1963;p95p100;;;;0.258182466;0.258182466
;US-AR;1963;p99.5p100;315328.96875;;;0.0761583969;0.0761583969
;US-AR;1962;p0p100;19872.5214844;;13938405376.0;;
;US-AR;1962;p99p100;217171.609375;;;0.1092823669;0.1092823669
;US-AR;1962;p99.9p100;672588.8125;;;0.0338451676;0.0338451676
;US-AR;1962;p99.99p100;2238209.0;;;0.0112628331;0.0112628331
;US-AR;1962;p90p100;;;;0.3787793219;0.3787793219
;US-AR;1962;p90p91;75273.0;;;;
;US-AR;1962;p95p96;101647.578125;;;;
;US-AR;1962;p95p100;;;;0.2557490468;0.2557490468
;US-AR;1962;p99.5p100;308995.9375;;;0.0777445138;0.0777445138
;US-AR;1961;p0p100;19479.1914062;;13442588672.0;;
;US-AR;1961;p99p100;206398.625;;;0.1059585214;0.1059585214
;US-AR;1961;p99.9p100;646011.25;;;0.0331641734;0.0331641734
;US-AR;1961;p99.99p100;2069355.375;;;0.0106234159;0.0106234159
;US-AR;1961;p90p100;;;;0.3669181466;0.3669181466
;US-AR;1961;p90p91;71472.6796875;;;;
;US-AR;1961;p95p96;96122.34375;;;;
;US-AR;1961;p95p100;;;;0.246730864;0.246730864
;US-AR;1961;p99.5p100;294805.9375;;;0.075672023;0.075672023
;US-AR;1960;p0p100;18215.4941406;;12352814080.0;;
;US-AR;1960;p99p100;191332.09375;;;0.1050381064;0.1050381064
;US-AR;1960;p99.9p100;597965.1875;;;0.0328272842;0.0328272842
;US-AR;1960;p99.99p100;1761594.625;;;0.0096708583;0.0096708583
;US-AR;1960;p90p100;;;;0.370311439;0.370311439
;US-AR;1960;p90p91;67454.0546875;;;;
;US-AR;1960;p95p96;91183.921875;;;;
;US-AR;1960;p95p100;;;;0.2502922118;0.2502922118
;US-AR;1960;p99.5p100;268670.25;;;0.0737477317;0.0737477317
;US-AR;1959;p0p100;18332.4335938;;12606531584.0;;
;US-AR;1959;p99p100;202405.421875;;;0.1104083732;0.1104083732
;US-AR;1959;p99.9p100;613154.0;;;0.0334464051;0.0334464051
;US-AR;1959;p99.99p100;2004021.5;;;0.0109315626;0.0109315626
;US-AR;1959;p90p100;;;;0.3759934306;0.3759934306
;US-AR;1959;p90p91;68928.7421875;;;;
;US-AR;1959;p95p96;94062.8046875;;;;
;US-AR;1959;p95p100;;;;0.2565475106;0.2565475106
;US-AR;1959;p99.5p100;289091.65625;;;0.0788470507;0.0788470507
;US-AR;1958;p0p100;16364.3251953;;11398475776.0;;
;US-AR;1958;p99p100;180493.125;;;0.1102967188;0.1102967188
;US-AR;1958;p99.9p100;549587.9375;;;0.0335845165;0.0335845165
;US-AR;1958;p99.99p100;1924855.375;;;0.0117625091;0.0117625091
;US-AR;1958;p90p100;;;;0.3879539669;0.3879539669
;US-AR;1958;p90p91;63486.046875;;;;
;US-AR;1958;p95p96;84847.875;;;;
;US-AR;1958;p95p100;;;;0.2592464983;0.2592464983
;US-AR;1958;p99.5p100;256260.203125;;;0.0782984272;0.0782984272
;US-AR;1957;p0p100;16001.4326172;;11287103488.0;;
;US-AR;1957;p99p100;163404.59375;;;0.1021187231;0.1021187231
;US-AR;1957;p99.9p100;477540.8125;;;0.0298436284;0.0298436284
;US-AR;1957;p99.99p100;1464713.125;;;0.0091536371;0.0091536371
;US-AR;1957;p90p100;;;;0.3715309203;0.3715309203
;US-AR;1957;p90p91;59450.2695312;;;;
;US-AR;1957;p95p96;79083.0234375;;;;
;US-AR;1957;p95p100;;;;0.2471123189;0.2471123189
;US-AR;1957;p99.5p100;226093.328125;;;0.0706478432;0.0706478432
;US-AR;1956;p0p100;16226.5869141;;11572639744.0;;
;US-AR;1956;p99p100;184292.84375;;;0.1135746241;0.1135746241
;US-AR;1956;p99.9p100;529394.5;;;0.0326251239;0.0326251239
;US-AR;1956;p99.99p100;1364176.25;;;0.0084070433;0.0084070433
;US-AR;1956;p90p100;;;;0.3930484354;0.3930484354
;US-AR;1956;p90p91;63778.3515625;;;;
;US-AR;1956;p95p96;81171.421875;;;;
;US-AR;1956;p95p100;;;;0.2501186132;0.2501186132
;US-AR;1956;p99.5p100;259137.203125;;;0.079849571;0.079849571
;US-AR;1955;p0p100;16093.6298828;;11606073344.0;;
;US-AR;1955;p99p100;182726.328125;;;0.1135395393;0.1135395393
;US-AR;1955;p99.9p100;543216.1875;;;0.0337534957;0.0337534957
;US-AR;1955;p99.99p100;1739439.625;;;0.010808249;0.010808249
;US-AR;1955;p90p100;;;;0.3772424459;0.3772424459
;US-AR;1955;p90p91;60712.0039062;;;;
;US-AR;1955;p95p96;80006.2734375;;;;
;US-AR;1955;p95p100;;;;0.248565048;0.248565048
;US-AR;1955;p99.5p100;262431.0;;;0.0815325752;0.0815325752
;US-AR;1954;p0p100;14630.3720703;;10667319296.0;;
;US-AR;1954;p99p100;185648.6875;;;0.126892671;0.126892671
;US-AR;1954;p99.9p100;641683.5;;;0.0438596867;0.0438596867
;US-AR;1954;p99.99p100;2706998.75;;;0.0185025968;0.0185025968
;US-AR;1954;p90p100;;;;0.4169175625;0.4169175625
;US-AR;1954;p90p91;60996.5898438;;;;
;US-AR;1954;p95p96;81265.796875;;;;
;US-AR;1954;p95p100;;;;0.2777297795;0.2777297795
;US-AR;1954;p99.5p100;273776.6875;;;0.0935645029;0.0935645029
;US-AR;1953;p0p100;14779.8037109;;10893778944.0;;
;US-AR;1953;p99p100;153446.859375;;;0.1038219929;0.1038219929
;US-AR;1953;p99.9p100;461524.9375;;;0.03122673;0.03122673
;US-AR;1953;p99.99p100;1417169.0;;;0.0095885508;0.0095885508
;US-AR;1953;p90p100;;;;0.3815956116;0.3815956116
;US-AR;1953;p90p91;56399.0820312;;;;
;US-AR;1953;p95p96;72701.4921875;;;;
;US-AR;1953;p95p100;;;;0.2459487766;0.2459487766
;US-AR;1953;p99.5p100;215863.53125;;;0.0730265155;0.0730265155
;US-AR;1952;p0p100;14809.4658203;;11043601408.0;;
;US-AR;1952;p99p100;154120.453125;;;0.1040688679;0.1040688679
;US-AR;1952;p99.9p100;464115.65625;;;0.0313391201;0.0313391201
;US-AR;1952;p99.99p100;1161554.125;;;0.0078433212;0.0078433212
;US-AR;1952;p90p100;;;;0.3586218357;0.3586218357
;US-AR;1952;p90p91;53109.9804688;;;;
;US-AR;1952;p95p96;69639.3828125;;;;
;US-AR;1952;p95p100;;;;0.2351177931;0.2351177931
;US-AR;1952;p99.5p100;219614.140625;;;0.074146539;0.074146539
;US-AR;1951;p0p100;14477.1904297;;10914006016.0;;
;US-AR;1951;p99p100;162664.15625;;;0.1123589277;0.1123589277
;US-AR;1951;p99.9p100;508525.375;;;0.0351259746;0.0351259746
;US-AR;1951;p99.99p100;1391038.5;;;0.0096084839;0.0096084839
;US-AR;1951;p90p100;;;;0.375857234;0.375857234
;US-AR;1951;p90p91;54413.5625;;;;
;US-AR;1951;p95p96;74586.7265625;;;;
;US-AR;1951;p95p100;;;;0.2576008439;0.2576008439
;US-AR;1951;p99.5p100;235021.84375;;;0.0811697021;0.0811697021
;US-AR;1950;p0p100;13437.0429688;;10240221184.0;;
;US-AR;1950;p99p100;174842.765625;;;0.1301199794;0.1301199794
;US-AR;1950;p99.9p100;584233.3125;;;0.0434793048;0.0434793048
;US-AR;1950;p99.99p100;1345840.875;;;0.0100159002;0.0100159002
;US-AR;1950;p90p100;;;;0.3951759338;0.3951759338
;US-AR;1950;p90p91;53099.9609375;;;;
;US-AR;1950;p95p96;74262.8359375;;;;
;US-AR;1950;p95p100;;;;0.2763362229;0.2763362229
;US-AR;1950;p99.5p100;256923.34375;;;0.0956026316;0.0956026316
;US-AR;1949;p0p100;12500.0048828;;9533483008.0;;
;US-AR;1949;p99p100;154189.765625;;;0.1233517677;0.1233517677
;US-AR;1949;p99.9p100;474972.125;;;0.0379977524;0.0379977524
;US-AR;1949;p99.99p100;1274101.75;;;0.0101928096;0.0101928096
;US-AR;1949;p90p100;;;;0.3882697225;0.3882697225
;US-AR;1949;p90p91;48533.7382812;;;;
;US-AR;1949;p95p96;67854.9296875;;;;
;US-AR;1949;p95p100;;;;0.2714195848;0.2714195848
;US-AR;1949;p99.5p100;221751.5;;;0.0887005627;0.0887005627
;US-AR;1948;p0p100;13462.8242188;;10306068480.0;;
;US-AR;1948;p99p100;167459.0625;;;0.1243862733;0.1243862733
;US-AR;1948;p99.9p100;559115.1875;;;0.0415302999;0.0415302999
;US-AR;1948;p99.99p100;1592390.875;;;0.0118280584;0.0118280584
;US-AR;1948;p90p100;;;;0.3644593954;0.3644593954
;US-AR;1948;p90p91;49066.53125;;;;
;US-AR;1948;p95p96;69190.453125;;;;
;US-AR;1948;p95p100;;;;0.2569685578;0.2569685578
;US-AR;1948;p99.5p100;246133.46875;;;0.0914122611;0.0914122611
;US-AR;1947;p0p100;11766.5527344;;9039624192.0;;
;US-AR;1947;p99p100;163047.203125;;;0.1385683715;0.1385683715
;US-AR;1947;p99.9p100;520884.84375;;;0.0442682616;0.0442682616
;US-AR;1947;p99.99p100;1373088.375;;;0.0116694206;0.0116694206
;US-AR;1947;p90p100;;;;0.4093706012;0.4093706012
;US-AR;1947;p90p91;48168.8085938;;;;
;US-AR;1947;p95p96;67360.8515625;;;;
;US-AR;1947;p95p100;;;;0.2862387002;0.2862387002
;US-AR;1947;p99.5p100;236276.703125;;;0.1004018411;0.1004018411
;US-AR;1946;p0p100;12864.890625;;9897259008.0;;
;US-AR;1946;p99p100;178868.15625;;;0.1390358955;0.1390358955
;US-AR;1946;p99.9p100;562545.6875;;;0.0437272005;0.0437272005
;US-AR;1946;p99.99p100;1517589.375;;;0.0117963646;0.0117963646
;US-AR;1946;p90p100;;;;0.3933683336;0.3933683336
;US-AR;1946;p90p91;50606.40625;;;;
;US-AR;1946;p95p96;71953.234375;;;;
;US-AR;1946;p95p100;;;;0.2796496153;0.2796496153
;US-AR;1946;p99.5p100;259847.46875;;;0.1009909287;0.1009909287
;US-AR;1945;p0p100;13654.2744141;;10609966080.0;;
;US-AR;1945;p99p100;154347.328125;;;0.1130395681;0.1130395681
;US-AR;1945;p99.9p100;521407.84375;;;0.0381864235;0.0381864235
;US-AR;1945;p99.99p100;1426173.0;;;0.0104448842;0.0104448842
;US-AR;1945;p90p100;;;;0.3417719901;0.3417719901
;US-AR;1945;p90p91;46666.484375;;;;
;US-AR;1945;p95p96;65348.6328125;;;;
;US-AR;1945;p95p100;;;;0.2392973602;0.2392973602
;US-AR;1945;p99.5p100;229144.59375;;;0.0839094743;0.0839094743
;US-AR;1944;p0p100;13019.2207031;;10209640448.0;;
;US-AR;1944;p99p100;168924.109375;;;0.1297497898;0.1297497898
;US-AR;1944;p99.9p100;588057.5625;;;0.0451684147;0.0451684147
;US-AR;1944;p99.99p100;1724564.0;;;0.0132462922;0.0132462922
;US-AR;1944;p90p100;;;;0.4195573926;0.4195573926
;US-AR;1944;p90p91;54623.1015625;;;;
;US-AR;1944;p95p96;73597.7890625;;;;
;US-AR;1944;p95p100;;;;0.2826505303;0.2826505303
;US-AR;1944;p99.5p100;250863.0625;;;0.0963433534;0.0963433534
;US-AR;1943;p0p100;11883.7929688;;9393284096.0;;
;US-AR;1943;p99p100;158333.140625;;;0.1332345158;0.1332345158
;US-AR;1943;p99.9p100;550712.625;;;0.0463414863;0.0463414863
;US-AR;1943;p99.99p100;1394984.375;;;0.0117385453;0.0117385453
;US-AR;1943;p90p100;;;;0.3920847476;0.3920847476
;US-AR;1943;p90p91;46594.5351562;;;;
;US-AR;1943;p95p96;63922.3242188;;;;
;US-AR;1943;p95p100;;;;0.2689474821;0.2689474821
;US-AR;1943;p99.5p100;237463.203125;;;0.0999105349;0.0999105349
;US-AR;1942;p0p100;11244.8925781;;8941136896.0;;
;US-AR;1942;p99p100;155088.625;;;0.1379191577;0.1379191577
;US-AR;1942;p99.9p100;537448.3125;;;0.0477948822;0.0477948822
;US-AR;1942;p99.99p100;1502170.375;;;0.0133586889;0.0133586889
;US-AR;1942;p90p100;;;;0.3752092719;0.3752092719
;US-AR;1942;p90p91;42191.8789062;;;;
;US-AR;1942;p95p96;62032.0546875;;;;
;US-AR;1942;p95p100;;;;0.2758232355;0.2758232355
;US-AR;1942;p99.5p100;233729.0;;;0.1039267331;0.1039267331
;US-AR;1941;p0p100;8367.77050781;;6711715328.0;;
;US-AR;1941;p99p100;152555.703125;;;0.1823134571;0.1823134571
;US-AR;1941;p99.9p100;527754.3125;;;0.0630698875;0.0630698875
;US-AR;1941;p99.99p100;1396287.625;;;0.0166864954;0.0166864954
;US-AR;1941;p90p100;;;;0.4648607075;0.4648607075
;US-AR;1941;p90p91;38898.4765625;;;;
;US-AR;1941;p95p96;60903.3085938;;;;
;US-AR;1941;p95p100;;;;0.3639159799;0.3639159799
;US-AR;1941;p99.5p100;228876.859375;;;0.1367609501;0.1367609501
;US-AR;1940;p0p100;6577.13525391;;5327172096.0;;
;US-AR;1940;p99p100;110466.210938;;;0.1679549068;0.1679549068
;US-AR;1940;p99.9p100;361229.78125;;;0.0549220555;0.0549220555
;US-AR;1940;p99.99p100;935226.0625;;;0.014219352;0.014219352
;US-AR;1940;p90p100;;;;0.4597862363;0.4597862363
;US-AR;1940;p90p91;30240.7617188;;;;
;US-AR;1940;p95p96;48098.3984375;;;;
;US-AR;1940;p95p100;;;;0.3656485379;0.3656485379
;US-AR;1940;p99.5p100;160740.875;;;0.1221967265;0.1221967265
;US-AR;1939;p0p100;6478.36328125;;5177932288.0;;
;US-AR;1939;p99p100;103832.601562;;;0.1602759808;0.1602759808
;US-AR;1939;p99.9p100;327170.75;;;0.0505020693;0.0505020693
;US-AR;1939;p99.99p100;847913.0625;;;0.0130883837;0.0130883837
;US-AR;1939;p90p100;;;;0.3632352948;0.3632352948
;US-AR;1939;p90p91;23531.7011719;;;;
;US-AR;1939;p95p96;37681.9257812;;;;
;US-AR;1939;p95p100;;;;0.2908290327;0.2908290327
;US-AR;1939;p99.5p100;148106.375;;;0.1143084913;0.1143084913
;US-AR;1938;p0p100;5951.87841797;;4700935168.0;;
;US-AR;1938;p99p100;94180.8125;;;0.1582371444;0.1582371444
;US-AR;1938;p99.9p100;304202.21875;;;0.05111029;0.05111029
;US-AR;1938;p99.99p100;882336.8125;;;0.0148245096;0.0148245096
;US-AR;1938;p90p100;;;;0.3647229075;0.3647229075
;US-AR;1938;p90p91;21707.8632812;;;;
;US-AR;1938;p95p96;33266.0507812;;;;
;US-AR;1938;p95p100;;;;0.2794584334;0.2794584334
;US-AR;1938;p99.5p100;134229.359375;;;0.1127621904;0.1127621904
;US-AR;1937;p0p100;6448.49023438;;5035012608.0;;
;US-AR;1937;p99p100;95956.953125;;;0.1488052905;0.1488052905
;US-AR;1937;p99.9p100;309793.90625;;;0.0480413064;0.0480413064
;US-AR;1937;p99.99p100;838407.25;;;0.0130016049;0.0130016049
;US-AR;1937;p90p100;;;;0.3239952624;0.3239952624
;US-AR;1937;p90p91;20892.8027344;;;;
;US-AR;1937;p95p96;32842.65625;;;;
;US-AR;1937;p95p100;;;;0.2546538413;0.2546538413
;US-AR;1937;p99.5p100;137514.1875;;;0.1066251025;0.1066251025
;US-AR;1936;p0p100;6389.61572266;;4940783616.0;;
;US-AR;1936;p99p100;104678.96875;;;0.163826704;0.163826704
;US-AR;1936;p99.9p100;350681.625;;;0.0548830591;0.0548830591
;US-AR;1936;p99.99p100;925604.25;;;0.0144860717;0.0144860717
;US-AR;1936;p90p100;;;;0.3391305506;0.3391305506
;US-AR;1936;p90p91;21669.1367188;;;;
;US-AR;1936;p95p96;33789.0859375;;;;
;US-AR;1936;p95p100;;;;0.264406234;0.264406234
;US-AR;1936;p99.5p100;153094.515625;;;0.1197994798;0.1197994798
;US-AR;1935;p0p100;5539.27539062;;4240788736.0;;
;US-AR;1935;p99p100;78688.3046875;;;0.1420552284;0.1420552284
;US-AR;1935;p99.9p100;232628.984375;;;0.0419962816;0.0419962816
;US-AR;1935;p99.99p100;611535.8125;;;0.0110399965;0.0110399965
;US-AR;1935;p90p100;;;;0.3291879892;0.3291879892
;US-AR;1935;p90p91;18234.6289062;;;;
;US-AR;1935;p95p96;26867.4550781;;;;
;US-AR;1935;p95p100;;;;0.2425177693;0.2425177693
;US-AR;1935;p99.5p100;108558.179688;;;0.0979895145;0.0979895145
;US-AR;1934;p0p100;4971.04199219;;3765822976.0;;
;US-AR;1934;p99p100;73930.9296875;;;0.1487232;0.1487232
;US-AR;1934;p99.9p100;216478.5625;;;0.0435479246;0.0435479246
;US-AR;1934;p99.99p100;565598.625;;;0.0113778682;0.0113778682
;US-AR;1934;p90p100;;;;0.3607477546;0.3607477546
;US-AR;1934;p90p91;17932.921875;;;;
;US-AR;1934;p95p96;26430.6347656;;;;
;US-AR;1934;p95p100;;;;0.265846014;0.265846014
;US-AR;1934;p99.5p100;102112.539062;;;0.1027073711;0.1027073711
;US-AR;1933;p0p100;4318.41943359;;3239161344.0;;
;US-AR;1933;p99p100;61819.7890625;;;0.143153742;0.143153742
;US-AR;1933;p99.9p100;159576.15625;;;0.0369524471;0.0369524471
;US-AR;1933;p99.99p100;407209.09375;;;0.0094295861;0.0094295861
;US-AR;1933;p90p100;;;;0.3679559529;0.3679559529
;US-AR;1933;p90p91;15889.8818359;;;;
;US-AR;1933;p95p96;22467.5996094;;;;
;US-AR;1933;p95p100;;;;0.2601368427;0.2601368427
;US-AR;1933;p99.5p100;82107.8125;;;0.0950669721;0.0950669721
;US-AR;1932;p0p100;4098.13525391;;3044979968.0;;
;US-AR;1932;p99p100;53663.9609375;;;0.1309472769;0.1309472769
;US-AR;1932;p99.9p100;128724.109375;;;0.0314104147;0.0314104147
;US-AR;1932;p99.99p100;302065.75;;;0.00737081;0.00737081
;US-AR;1932;p90p100;;;;0.355078131;0.355078131
;US-AR;1932;p90p91;14551.5810547;;;;
;US-AR;1932;p95p96;19831.8710938;;;;
;US-AR;1932;p95p100;;;;0.2419621497;0.2419621497
;US-AR;1932;p99.5p100;71036.3671875;;;0.086669147;0.086669147
;US-AR;1931;p0p100;5098.70458984;;3750845184.0;;
;US-AR;1931;p99p100;58523.7109375;;;0.1147815362;0.1147815362
;US-AR;1931;p99.9p100;154509.046875;;;0.0303035919;0.0303035919
;US-AR;1931;p99.99p100;357040.09375;;;0.007002566;0.007002566
;US-AR;1931;p90p100;;;;0.2865655422;0.2865655422
;US-AR;1931;p90p91;14611.1289062;;;;
;US-AR;1931;p95p96;19734.015625;;;;
;US-AR;1931;p95p100;;;;0.1935199052;0.1935199052
;US-AR;1931;p99.5p100;80780.359375;;;0.0792165548;0.0792165548
;US-AR;1930;p0p100;5337.86474609;;3882689536.0;;
;US-AR;1930;p99p100;69485.59375;;;0.1301749051;0.1301749051
;US-AR;1930;p99.9p100;192984.8125;;;0.0361539386;0.0361539386
;US-AR;1930;p99.99p100;502696.90625;;;0.0094175665;0.0094175665
;US-AR;1930;p90p100;;;;0.2992826998;0.2992826998
;US-AR;1930;p90p91;15975.3037109;;;;
;US-AR;1930;p95p96;23046.3496094;;;;
;US-AR;1930;p95p100;;;;0.2158761173;0.2158761173
;US-AR;1930;p99.5p100;95073.21875;;;0.0890554786;0.0890554786
;US-AR;1929;p0p100;7334.76660156;;5314692096.0;;
;US-AR;1929;p99p100;95858.8828125;;;0.1306911111;0.1306911111
;US-AR;1929;p99.9p100;288396.90625;;;0.0393191688;0.0393191688
;US-AR;1929;p99.99p100;808981.4375;;;0.0110294083;0.0110294083
;US-AR;1929;p90p100;;;;0.2710561454;0.2710561454
;US-AR;1929;p90p91;19881.3359375;;;;
;US-AR;1929;p95p96;31055.4453125;;;;
;US-AR;1929;p95p100;;;;0.2117002904;0.2117002904
;US-AR;1929;p99.5p100;134515.765625;;;0.091697365;0.091697365
;US-AR;1928;p0p100;6785.84912109;;4899041792.0;;
;US-AR;1928;p99p100;97235.0625;;;0.143290922;0.143290922
;US-AR;1928;p99.9p100;303912.5625;;;0.0447862223;0.0447862223
;US-AR;1928;p99.99p100;843514.875;;;0.0124304974;0.0124304974
;US-AR;1928;p90p100;;;;0.3028095663;0.3028095663
;US-AR;1928;p90p91;20548.2011719;;;;
;US-AR;1928;p95p96;32153.8144531;;;;
;US-AR;1928;p95p100;;;;0.2369181365;0.2369181365
;US-AR;1928;p99.5p100;137623.59375;;;0.1014048383;0.1014048383
;US-AR;1927;p0p100;7502.79541016;;5385966080.0;;
;US-AR;1927;p99p100;101943.5625;;;0.1358740926;0.1358740926
;US-AR;1927;p99.9p100;365032.8125;;;0.0486529022;0.0486529022
;US-AR;1927;p99.99p100;1340543.125;;;0.0178672466;0.0178672466
;US-AR;1927;p90p100;;;;0.2860612869;0.2860612869
;US-AR;1927;p90p91;21462.5957031;;;;
;US-AR;1927;p95p96;33471.1875;;;;
;US-AR;1927;p95p100;;;;0.2230580896;0.2230580896
;US-AR;1927;p99.5p100;147998.859375;;;0.0986291319;0.0986291319
;US-AR;1926;p0p100;8362.42578125;;5959192576.0;;
;US-AR;1926;p99p100;105681.664062;;;0.1263768077;0.1263768077
;US-AR;1926;p99.9p100;363230.375;;;0.0434360132;0.0434360132
;US-AR;1926;p99.99p100;1222383.25;;;0.0146175697;0.0146175697
;US-AR;1926;p90p100;;;;0.2759726048;0.2759726048
;US-AR;1926;p90p91;23078.0019531;;;;
;US-AR;1926;p95p96;36056.3671875;;;;
;US-AR;1926;p95p100;;;;0.2155856192;0.2155856192
;US-AR;1926;p99.5p100;151676.1875;;;0.0906891152;0.0906891152
;US-AR;1925;p0p100;8212.84667969;;5811608576.0;;
;US-AR;1925;p99p100;105256.875;;;0.1281612664;0.1281612664
;US-AR;1925;p99.9p100;361781.8125;;;0.0440507233;0.0440507233
;US-AR;1925;p99.99p100;1130508.375;;;0.0137651246;0.0137651246
;US-AR;1925;p90p100;;;;0.2837018669;0.2837018669
;US-AR;1925;p90p91;23299.9960938;;;;
;US-AR;1925;p95p96;36156.3632812;;;;
;US-AR;1925;p95p100;;;;0.2201207876;0.2201207876
;US-AR;1925;p99.5p100;153014.34375;;;0.0931554958;0.0931554958
;US-AR;1924;p0p100;8582.8046875;;6021121024.0;;
;US-AR;1924;p99p100;97453.59375;;;0.113545157;0.113545157
;US-AR;1924;p99.9p100;324968.15625;;;0.0378626995;0.0378626995
;US-AR;1924;p99.99p100;972575.9375;;;0.0113316784;0.0113316784
;US-AR;1924;p90p100;;;;0.3052957952;0.3052957952
;US-AR;1924;p90p91;26202.9433594;;;;
;US-AR;1924;p95p96;41752.9609375;;;;
;US-AR;1924;p95p100;;;;0.2432360947;0.2432360947
;US-AR;1924;p99.5p100;137893.6875;;;0.0803313553;0.0803313553
;US-AR;1923;p0p100;8697.078125;;6023006720.0;;
;US-AR;1923;p99p100;97058.890625;;;0.111599423;0.111599423
;US-AR;1923;p99.9p100;329019.0;;;0.0378309824;0.0378309824
;US-AR;1923;p99.99p100;989751.9375;;;0.0113802804;0.0113802804
;US-AR;1923;p90p100;;;;0.2996596396;0.2996596396
;US-AR;1923;p90p91;26061.6308594;;;;
;US-AR;1923;p95p96;41863.109375;;;;
;US-AR;1923;p95p100;;;;0.2406734079;0.2406734079
;US-AR;1923;p99.5p100;134875.1875;;;0.0775405243;0.0775405243
;US-AR;1922;p0p100;7948.26318359;;5444305408.0;;
;US-AR;1922;p99p100;95604.1484375;;;0.1202830598;0.1202830598
;US-AR;1922;p99.9p100;310062.6875;;;0.0390101187;0.0390101187
;US-AR;1922;p99.99p100;859483.875;;;0.0108134793;0.0108134793
;US-AR;1922;p90p100;;;;0.3092488945;0.3092488945
;US-AR;1922;p90p91;24579.9179688;;;;
;US-AR;1922;p95p96;39216.9179688;;;;
;US-AR;1922;p95p100;;;;0.246701166;0.246701166
;US-AR;1922;p99.5p100;135925.640625;;;0.0855064988;0.0855064988
;US-AR;1921;p0p100;7206.83984375;;4898075136.0;;
;US-AR;1921;p99p100;78268.4921875;;;0.1086030602;0.1086030602
;US-AR;1921;p99.9p100;236286.90625;;;0.0327864774;0.0327864774
;US-AR;1921;p99.99p100;576463.375;;;0.0079988372;0.0079988372
;US-AR;1921;p90p100;;;;0.3105350733;0.3105350733
;US-AR;1921;p90p91;22379.765625;;;;
;US-AR;1921;p95p96;34912.7148438;;;;
;US-AR;1921;p95p100;;;;0.2422192991;0.2422192991
;US-AR;1921;p99.5p100;108553.8125;;;0.0753130391;0.0753130391
;US-AR;1920;p0p100;8180.04492188;;5485527552.0;;
;US-AR;1920;p99p100;80720.1484375;;;0.0986793563;0.0986793563
;US-AR;1920;p99.9p100;254083.03125;;;0.0310613271;0.0310613271
;US-AR;1920;p99.99p100;712218.5625;;;0.0087067811;0.0087067811
;US-AR;1920;p90p100;;;;0.2858528793;0.2858528793
;US-AR;1920;p90p91;23382.8945312;;;;
;US-AR;1920;p95p96;37128.5351562;;;;
;US-AR;1920;p95p100;;;;0.2269458026;0.2269458026
;US-AR;1920;p99.5p100;113226.070312;;;0.0692087114;0.0692087114
;US-AR;1919;p0p100;11317.8564453;;7455455744.0;;
;US-AR;1919;p99p100;114371.875;;;0.1010543555;0.1010543555
;US-AR;1919;p99.9p100;341561.125;;;0.0301789586;0.0301789586
;US-AR;1919;p99.99p100;856595.9375;;;0.0075685349;0.0075685349
;US-AR;1919;p90p100;;;;0.2569063902;0.2569063902
;US-AR;1919;p90p91;29076.2949219;;;;
;US-AR;1919;p95p96;47578.4296875;;;;
;US-AR;1919;p95p100;;;;0.2101918757;0.2101918757
;US-AR;1919;p99.5p100;160564.15625;;;0.0709339976;0.0709339976
;US-AR;1918;p0p100;8754.32714844;;5697826816.0;;
;US-AR;1918;p99p100;104993.1875;;;0.1199329123;0.1199329123
;US-AR;1918;p99.9p100;314015.9375;;;0.0358697996;0.0358697996
;US-AR;1918;p99.99p100;788377.1875;;;0.0090055717;0.0090055717
;US-AR;1918;p90p100;;;;0.2743241489;0.2743241489
;US-AR;1918;p90p91;24015.2324219;;;;
;US-AR;1918;p95p96;38715.25;;;;
;US-AR;1918;p95p100;;;;0.2211206704;0.2211206704
;US-AR;1918;p99.5p100;147874.8125;;;0.0844581351;0.0844581351
;US-AR;1917;p0p100;9730.72070312;;6340100096.0;;
