Variable Name;.;.;.;Fiscal income  | tax unit | Average | Adults | constant 2015 local currency;Fiscal income  | tax unit | Threshold | Adults | constant 2015 local currency;Fiscal income  | tax unit | Total | Adults | constant 2015 local currency;Fiscal income  | tax unit | Share | Adults | share of total (ratio);Pre-tax national income  | tax unit | Share | Adults | share of total (ratio)
Variable Category;.;.;.;Income inequality;Income inequality;Income inequality;Income inequality;Income inequality
Variable Description;.;.;.;Average Fiscal income within a given percentile group. Fiscal income is defined as the sum of all income items reported on income tax returns, before any deduction. It includes labour income, capital income and mixed income. The concept of fiscal income varies with national tax legislations, so in order to make international comparisons it is preferable to use the concept of national income. The population is comprised of individuals over age 20. The base unit is the tax unit defined by national fiscal administrations to measure personal income taxes.;Fiscal income threshold value at a given percentile.  Fiscal income is defined as the sum of all income items reported on income tax returns, before any deduction. It includes labour income, capital income and mixed income. The concept of fiscal income varies with national tax legislations, so in order to make international comparisons it is preferable to use the concept of national income. The population is comprised of individuals over age 20. The base unit is the tax unit defined by national fiscal administrations to measure personal income taxes.;Total Fiscal income  within a given percentile group. Fiscal income is defined as the sum of all income items reported on income tax returns, before any deduction. It includes labour income, capital income and mixed income. The concept of fiscal income varies with national tax legislations, so in order to make international comparisons it is preferable to use the concept of national income. The population is comprised of individuals over age 20.;Fiscal income share held by a given percentile group. Fiscal income is defined as the sum of all income items reported on income tax returns, before any deduction. It includes labour income, capital income and mixed income. The concept of fiscal income varies with national tax legislations, so in order to make international comparisons it is preferable to use the concept of national income. The population is comprised of individuals over age 20. The base unit is the tax unit defined by national fiscal administrations to measure personal income taxes.;Pre-tax national income share held by a given percentile group. Pre-tax national income  is the sum of all pre-tax personal income flows accruing to the owners of the production factors, labor and capital, before taking into account the operation of the tax/transfer system, but after taking into account the operation of pension system. The central difference between personal factor income and pre-tax income is the treatment of pensions, which are counted on a contribution basis by factor income and on a distribution basis by pre-tax income. The population is comprised of individuals over age 20. The base unit is the tax unit defined by national fiscal administrations to measure personal income taxes.
Variable Decomposition;.;.;.;[Fiscal income ]=[Fiscal labour income ]+[Fiscal capital income ];[Fiscal income ]=[Fiscal labour income ]+[Fiscal capital income ];[Fiscal income ]=[Fiscal labour income ]+[Fiscal capital income ];[Fiscal income ]=[Fiscal labour income ]+[Fiscal capital income ];Pre-tax national income =Pre-tax labor income [total pre-tax income ranking]+Pre-tax capital income [total pre-tax income ranking]
Variable Unit;.;.;.;"USD; United States dollar | local currency | market";"USD; United States dollar | local currency | market";"USD; United States dollar | local currency | market";share;share
Methodological Notes;.;.;.;;;;;Assuming the same distribution as fiscal income.
Sources;.;.;.;Frank, Sommeiller, Price & Saez (2015);Frank, Sommeiller, Price & Saez (2015);Frank, Sommeiller, Price & Saez (2015);Frank, Sommeiller, Price & Saez (2015);WID.world computations using: Frank, Sommeiller, Price & Saez (2015)
Variable Code;country;year;perc;afiinc992t;tfiinc992t;mfiinc992t;sfiinc992t;sptinc992t
;US-AK;2014;p0p100;78239.375;;27497527296.0;;
;US-AK;2014;p99p100;;400276.96875;;0.1146157756;0.1146157756
;US-AK;2014;p99.9p100;;1438776.0;;0.0415947847;0.0415947847
;US-AK;2014;p99.99p100;;5282056.5;;0.0147401085;0.0147401085
;US-AK;2014;p90p100;;136191.703125;;0.3445084989;0.3445084989
;US-AK;2014;p90p91;273049.75;;;;
;US-AK;2014;p95p96;386477.40625;;;;
;US-AK;2014;p90p95;159622.109375;136191.703125;;0.099626489;0.099626489
;US-AK;2014;p95p99;256406.21875;192767.125;;0.1301174164;0.1301174164
;US-AK;2014;p99.5p99.9;842831.3125;589529.1875;;0.042950362;0.042950362
;US-AK;2014;p99.9p99.99;2324834.0;1438776.0;;0.0272296146;0.0272296146
;US-AK;2014;p99p99.5;478042.21875;400276.96875;;0.0301881209;0.0301881209
;US-AK;2014;p95p100;;192767.125;;0.2446461916;0.2446461916
;US-AK;2014;p0p90;56593.78125;;;0.6551479101;0.6551479101
;US-AK;2014;p0p99;69870.4609375;;;0.885384202;0.885384202
;US-AK;2014;p99.5p100;;589529.1875;;0.0844202116;0.0844202116
;US-AK;2014;p99.5p99.6;1335482.25;;;;
;US-AK;2014;p99.99p99.991;12137352.0;;;;
;US-AK;2014;p99.9p99.91;3306085.75;;;;
;US-AK;2014;p99p99.1;906762.1875;;;;
;US-AK;2013;p0p100;76906.0234375;;26540363776.0;;
;US-AK;2013;p99p100;;381259.0;;0.1114799827;0.1114799827
;US-AK;2013;p99.9p100;;1423791.125;;0.0400594547;0.0400594547
;US-AK;2013;p99.99p100;;4989460.0;;0.0138538973;0.0138538973
;US-AK;2013;p90p100;;132500.046875;;0.3372689188;0.3372689188
;US-AK;2013;p90p91;264921.78125;;;;
;US-AK;2013;p95p96;374617.5625;;;;
;US-AK;2013;p90p95;155225.96875;132500.046875;;0.0972466469;0.0972466469
;US-AK;2013;p95p99;250912.21875;187364.171875;;0.128191039;0.128191039
;US-AK;2013;p99.5p99.9;822259.75;562658.625;;0.0420582518;0.0420582518
;US-AK;2013;p99.9p99.99;2256526.5;1423791.125;;0.0263364241;0.0263364241
;US-AK;2013;p99p99.5;455767.6875;381259.0;;0.0293879341;0.0293879341
;US-AK;2013;p95p100;;187364.171875;;0.2397488952;0.2397488952
;US-AK;2013;p0p90;56015.3867188;;;0.6629257798;0.6629257798
;US-AK;2013;p0p99;68900.640625;;;0.8885200024;0.8885200024
;US-AK;2013;p99.5p100;;562658.625;;0.0821354613;0.0821354613
;US-AK;2013;p99.5p99.6;1283110.375;;;;
;US-AK;2013;p99.99p99.991;10956389.0;;;;
;US-AK;2013;p99.9p99.91;3126512.75;;;;
;US-AK;2013;p99p99.1;869439.0;;;;
;US-AK;2012;p0p100;74262.2265625;;25981317120.0;;
;US-AK;2012;p99p100;965719.875;;;0.1300418675;0.1300418675
;US-AK;2012;p99.9p100;3758683.25;;;0.0506136566;0.0506136566
;US-AK;2012;p99.99p100;13678089.0;;;0.0184186343;0.0184186343
;US-AK;2012;p90p100;;;;0.3551813662;0.3551813662
;US-AK;2012;p90p91;263765.625;;;;
;US-AK;2012;p95p96;387031.375;;;;
;US-AK;2012;p95p100;;;;0.260584265;0.260584265
;US-AK;2012;p99.5p100;1463884.5;;;0.0985618457;0.0985618457
;US-AK;2011;p0p100;70984.546875;;24377131008.0;;
;US-AK;2011;p99p100;848416.25;;;0.1195212454;0.1195212454
;US-AK;2011;p99.9p100;2986761.5;;;0.0420762189;0.0420762189
;US-AK;2011;p99.99p100;10002957.0;;;0.0140917376;0.0140917376
;US-AK;2011;p90p100;;;;0.3497687578;0.3497687578
;US-AK;2011;p90p91;248281.78125;;;;
;US-AK;2011;p95p96;358023.1875;;;;
;US-AK;2011;p95p100;;;;0.2521838844;0.2521838844
;US-AK;2011;p99.5p100;1243227.75;;;0.0875702947;0.0875702947
;US-AK;2010;p0p100;71668.015625;;23968452608.0;;
;US-AK;2010;p99p100;903993.625;;;0.1261362731;0.1261362731
;US-AK;2010;p99.9p100;3442507.5;;;0.0480340831;0.0480340831
;US-AK;2010;p99.99p100;12903892.0;;;0.0180050917;0.0180050917
;US-AK;2010;p90p100;;;;0.3517673612;0.3517673612
;US-AK;2010;p90p91;252104.6875;;;;
;US-AK;2010;p95p96;369966.5;;;;
;US-AK;2010;p95p100;;;;0.2581112981;0.2581112981
;US-AK;2010;p99.5p100;1352044.75;;;0.0943269283;0.0943269283
;US-AK;2009;p0p100;69275.8671875;;22398011392.0;;
;US-AK;2009;p99p100;857042.4375;;;0.1237144321;0.1237144321
;US-AK;2009;p99.9p100;3355467.75;;;0.0484363176;0.0484363176
;US-AK;2009;p99.99p100;13471043.0;;;0.019445505;0.019445505
;US-AK;2009;p90p100;;;;0.371738553;0.371738553
;US-AK;2009;p90p91;257525.125;;;;
;US-AK;2009;p95p96;359998.0;;;;
;US-AK;2009;p95p100;;;;0.2598292828;0.2598292828
;US-AK;2009;p99.5p100;1277222.375;;;0.0921837911;0.0921837911
;US-AK;2008;p0p100;71493.0703125;;22738761728.0;;
;US-AK;2008;p99p100;993646.3125;;;0.1389849633;0.1389849633
;US-AK;2008;p99.9p100;4061283.75;;;0.0568066724;0.0568066724
;US-AK;2008;p99.99p100;16182383.0;;;0.0226348955;0.0226348955
;US-AK;2008;p90p100;;;;0.3744879663;0.3744879663
;US-AK;2008;p90p91;267732.96875;;;;
;US-AK;2008;p95p96;396967.5;;;;
;US-AK;2008;p95p100;;;;0.2776265442;0.2776265442
;US-AK;2008;p99.5p100;1509250.375;;;0.1055522114;0.1055522114
;US-AK;2007;p0p100;76827.0390625;;23661469696.0;;
;US-AK;2007;p99p100;1066529.125;;;0.1388220936;0.1388220936
;US-AK;2007;p99.9p100;4431247.5;;;0.0576782227;0.0576782227
;US-AK;2007;p99.99p100;17334400.0;;;0.0225628857;0.0225628857
;US-AK;2007;p90p100;;;;0.3722546101;0.3722546101
;US-AK;2007;p90p91;285992.21875;;;;
;US-AK;2007;p95p96;411784.75;;;;
;US-AK;2007;p95p100;;;;0.2679946423;0.2679946423
;US-AK;2007;p99.5p100;1636235.625;;;0.1064882576;0.1064882576
;US-AK;2006;p0p100;72691.65625;;22257881088.0;;
;US-AK;2006;p99p100;974012.875;;;0.1339923739;0.1339923739
;US-AK;2006;p99.9p100;3936349.5;;;0.054151319;0.054151319
;US-AK;2006;p99.99p100;14762878.0;;;0.0203089006;0.0203089006
;US-AK;2006;p90p100;;;;0.3688703775;0.3688703775
;US-AK;2006;p90p91;268138.03125;;;;
;US-AK;2006;p95p96;381264.0;;;;
;US-AK;2006;p95p100;;;;0.2622474134;0.2622474134
;US-AK;2006;p99.5p100;1483374.75;;;0.1020319685;0.1020319685
;US-AK;2005;p0p100;71857.578125;;21555138560.0;;
;US-AK;2005;p99p100;894974.9375;;;0.1245484501;0.1245484501
;US-AK;2005;p99.9p100;3544050.25;;;0.0493204854;0.0493204854
;US-AK;2005;p99.99p100;13073057.0;;;0.0181930121;0.0181930121
;US-AK;2005;p90p100;;;;0.3538812697;0.3538812697
;US-AK;2005;p90p91;254290.484375;;;;
;US-AK;2005;p95p96;357812.40625;;;;
;US-AK;2005;p95p100;;;;0.2489733398;0.2489733398
;US-AK;2005;p99.5p100;1352050.875;;;0.0940785185;0.0940785185
;US-AK;2004;p0p100;68426.5546875;;20266229760.0;;
;US-AK;2004;p99p100;808732.5625;;;0.1181898788;0.1181898788
;US-AK;2004;p99.9p100;3109306.5;;;0.0454400629;0.0454400629
;US-AK;2004;p99.99p100;11444684.0;;;0.0167255029;0.0167255029
;US-AK;2004;p90p100;;;;0.3527229726;0.3527229726
;US-AK;2004;p90p91;241356.140625;;;;
;US-AK;2004;p95p96;333803.40625;;;;
;US-AK;2004;p95p100;;;;0.2439136803;0.2439136803
;US-AK;2004;p99.5p100;1206353.375;;;0.0881495178;0.0881495178
;US-AK;2003;p0p100;67762.0625;;19147405312.0;;
;US-AK;2003;p99p100;753919.9375;;;0.1112598851;0.1112598851
;US-AK;2003;p99.9p100;2850689.25;;;0.0420691073;0.0420691073
;US-AK;2003;p99.99p100;10660139.0;;;0.0157317221;0.0157317221
;US-AK;2003;p90p100;;;;0.3443253338;0.3443253338
;US-AK;2003;p90p91;233321.9375;;;;
;US-AK;2003;p95p96;312439.9375;;;;
;US-AK;2003;p95p100;;;;0.2305419445;0.2305419445
;US-AK;2003;p99.5p100;1116891.0;;;0.0824127123;0.0824127123
;US-AK;2002;p0p100;67883.7734375;;18637828096.0;;
;US-AK;2002;p99p100;694443.5625;;;0.1022989005;0.1022989005
;US-AK;2002;p99.9p100;2399602.5;;;0.0353486948;0.0353486948
;US-AK;2002;p99.99p100;8153119.5;;;0.0120104104;0.0120104104
;US-AK;2002;p90p100;;;;0.3388175666;0.3388175666
;US-AK;2002;p90p91;230002.125;;;;
;US-AK;2002;p95p96;304720.71875;;;;
;US-AK;2002;p95p100;;;;0.2244429886;0.2244429886
;US-AK;2002;p99.5p100;1001632.3125;;;0.0737755373;0.0737755373
;US-AK;2001;p0p100;68288.65625;;18536060928.0;;
;US-AK;2001;p99p100;711644.4375;;;0.1042112261;0.1042112261
;US-AK;2001;p99.9p100;2360419.25;;;0.0345653184;0.0345653184
;US-AK;2001;p99.99p100;7114177.5;;;0.0104178023;0.0104178023
;US-AK;2001;p90p100;;;;0.3429576755;0.3429576755
;US-AK;2001;p90p91;234201.171875;;;;
;US-AK;2001;p95p96;318053.1875;;;;
;US-AK;2001;p95p100;;;;0.2328740954;0.2328740954
;US-AK;2001;p99.5p100;1030493.5625;;;0.0754512995;0.0754512995
;US-AK;2000;p0p100;70199.6640625;;18540441600.0;;
;US-AK;2000;p99p100;828764.0;;;0.1180581078;0.1180581078
;US-AK;2000;p99.9p100;3243445.25;;;0.0462031439;0.0462031439
;US-AK;2000;p99.99p100;12312127.0;;;0.0175387263;0.0175387263
;US-AK;2000;p90p100;;;;0.3594843447;0.3594843447
;US-AK;2000;p90p91;252356.796875;;;;
;US-AK;2000;p95p96;350406.25;;;;
;US-AK;2000;p95p100;;;;0.2495782971;0.2495782971
;US-AK;2000;p99.5p100;1239327.25;;;0.0882715955;0.0882715955
;US-AK;1999;p0p100;69807.9921875;;17954764800.0;;
;US-AK;1999;p99p100;750405.25;;;0.1074956134;0.1074956134
;US-AK;1999;p99.9p100;2522232.5;;;0.036131002;0.036131002
;US-AK;1999;p99.99p100;7354299.5;;;0.0105350399;0.0105350399
;US-AK;1999;p90p100;;;;0.3498668373;0.3498668373
;US-AK;1999;p90p91;244234.984375;;;;
;US-AK;1999;p95p96;332790.28125;;;;
;US-AK;1999;p95p100;;;;0.2383611798;0.2383611798
;US-AK;1999;p99.5p100;1084441.75;;;0.0776731819;0.0776731819
;US-AK;1998;p0p100;67152.875;;17441867776.0;;
;US-AK;1998;p99p100;766336.9375;;;0.1141182557;0.1141182557
;US-AK;1998;p99.9p100;2869678.25;;;0.0427335128;0.0427335128
;US-AK;1998;p99.99p100;10759422.0;;;0.0160222799;0.0160222799
;US-AK;1998;p90p100;;;;0.3564320207;0.3564320207
;US-AK;1998;p90p91;239354.359375;;;;
;US-AK;1998;p95p96;326542.90625;;;;
;US-AK;1998;p95p100;;;;0.2431339622;0.2431339622
;US-AK;1998;p99.5p100;1136821.75;;;0.0846443027;0.0846443027
;US-AK;1997;p0p100;66312.1796875;;16978544640.0;;
;US-AK;1997;p99p100;678355.8125;;;0.1022973135;0.1022973135
;US-AK;1997;p99.9p100;2348154.75;;;0.0354106091;0.0354106091
;US-AK;1997;p99.99p100;7638322.5;;;0.0115187326;0.0115187326
;US-AK;1997;p90p100;;;;0.3403018117;0.3403018117
;US-AK;1997;p90p91;225661.546875;;;;
;US-AK;1997;p95p96;302337.1875;;;;
;US-AK;1997;p95p100;;;;0.2279650569;0.2279650569
;US-AK;1997;p99.5p100;992111.9375;;;0.0748061687;0.0748061687
;US-AK;1996;p0p100;64885.6679688;;16176641024.0;;
;US-AK;1996;p99p100;633139.0625;;;0.0975776538;0.0975776538
;US-AK;1996;p99.9p100;2148826.0;;;0.0331171118;0.0331171118
;US-AK;1996;p99.99p100;7099732.0;;;0.0109419115;0.0109419115
;US-AK;1996;p90p100;;;;0.3339916766;0.3339916766
;US-AK;1996;p90p91;216712.734375;;;;
;US-AK;1996;p95p96;290277.40625;;;;
;US-AK;1996;p95p100;;;;0.2236837745;0.2236837745
;US-AK;1996;p99.5p100;909638.5;;;0.0700954944;0.0700954944
;US-AK;1995;p0p100;64882.9804688;;15992173568.0;;
;US-AK;1995;p99p100;584216.75;;;0.0900416076;0.0900416076
;US-AK;1995;p99.9p100;1875271.375;;;0.0289023649;0.0289023649
;US-AK;1995;p99.99p100;5864204.5;;;0.0090381252;0.0090381252
;US-AK;1995;p90p100;;;;0.3214667737;0.3214667737
;US-AK;1995;p90p91;208577.21875;;;;
;US-AK;1995;p95p96;277279.84375;;;;
;US-AK;1995;p95p100;;;;0.2136768997;0.2136768997
;US-AK;1995;p99.5p100;825970.4375;;;0.0636507794;0.0636507794
;US-AK;1994;p0p100;61310.6835938;;15746373632.0;;
;US-AK;1994;p99p100;541629.6875;;;0.0883418098;0.0883418098
;US-AK;1994;p99.9p100;1751187.125;;;0.0285625122;0.0285625122
;US-AK;1994;p99.99p100;5683319.0;;;0.0092697041;0.0092697041
;US-AK;1994;p90p100;;;;0.3269001245;0.3269001245
;US-AK;1994;p90p91;200424.71875;;;;
;US-AK;1994;p95p96;263113.28125;;;;
;US-AK;1994;p95p100;;;;0.2145737708;0.2145737708
;US-AK;1994;p99.5p100;765875.375;;;0.0624585599;0.0624585599
;US-AK;1993;p0p100;61846.6289062;;15634965504.0;;
;US-AK;1993;p99p100;534235.375;;;0.0863806754;0.0863806754
;US-AK;1993;p99.9p100;1652049.125;;;0.0267120339;0.0267120339
;US-AK;1993;p99.99p100;5133731.0;;;0.0083007449;0.0083007449
;US-AK;1993;p90p100;;;;0.3229432702;0.3229432702
;US-AK;1993;p90p91;199729.53125;;;;
;US-AK;1993;p95p96;261939.421875;;;;
;US-AK;1993;p95p100;;;;0.2117653191;0.2117653191
;US-AK;1993;p99.5p100;747076.5;;;0.0603975132;0.0603975132
;US-AK;1992;p0p100;63876.8984375;;15514596352.0;;
;US-AK;1992;p99p100;570990.625;;;0.0893892199;0.0893892199
;US-AK;1992;p99.9p100;1863173.5;;;0.0291681886;0.0291681886
;US-AK;1992;p99.99p100;6038933.5;;;0.0094540184;0.0094540184
;US-AK;1992;p90p100;;;;0.3233643472;0.3233643472
;US-AK;1992;p90p91;206555.109375;;;;
;US-AK;1992;p95p96;271179.21875;;;;
;US-AK;1992;p95p100;;;;0.2122670412;0.2122670412
;US-AK;1992;p99.5p100;813164.0;;;0.0636508688;0.0636508688
;US-AK;1991;p0p100;64923.5078125;;15145263104.0;;
;US-AK;1991;p99p100;546337.875;;;0.0841509998;0.0841509998
;US-AK;1991;p99.9p100;1739954.0;;;0.0268000588;0.0268000588
;US-AK;1991;p99.99p100;5521053.0;;;0.0085039344;0.0085039344
;US-AK;1991;p90p100;;;;0.3131670952;0.3131670952
;US-AK;1991;p90p91;203319.078125;;;;
;US-AK;1991;p95p96;264224.09375;;;;
;US-AK;1991;p95p100;;;;0.2034887522;0.2034887522
;US-AK;1991;p99.5p100;772279.5;;;0.0594760999;0.0594760999
;US-AK;1990;p0p100;66567.203125;;15086621696.0;;
;US-AK;1990;p99p100;754913.8125;;;0.1134062633;0.1134062633
;US-AK;1990;p99.9p100;3338923.5;;;0.0501586832;0.0501586832
;US-AK;1990;p99.99p100;14556067.0;;;0.0218667239;0.0218667239
;US-AK;1990;p90p100;;;;0.3398002386;0.3398002386
;US-AK;1990;p90p91;226195.53125;;;;
;US-AK;1990;p95p96;308891.90625;;;;
;US-AK;1990;p95p100;;;;0.2320150882;0.2320150882
;US-AK;1990;p99.5p100;1182829.375;;;0.0888447538;0.0888447538
;US-AK;1989;p0p100;76114.4296875;;14934339584.0;;
;US-AK;1989;p99p100;684097.375;;;0.0898774862;0.0898774862
;US-AK;1989;p99.9p100;2385402.5;;;0.0313396864;0.0313396864
;US-AK;1989;p99.99p100;8217658.0;;;0.0107964519;0.0107964519
;US-AK;1989;p90p100;;;;0.2953707874;0.2953707874
;US-AK;1989;p90p91;224819.796875;;;;
;US-AK;1989;p95p96;304070.09375;;;;
;US-AK;1989;p95p100;;;;0.1997453719;0.1997453719
;US-AK;1989;p99.5p100;993564.4375;;;0.0652678087;0.0652678087
;US-AK;1988;p0p100;72131.015625;;14486963200.0;;
;US-AK;1988;p99p100;613465.0625;;;0.0850487128;0.0850487128
;US-AK;1988;p99.9p100;2096501.5;;;0.0290651862;0.0290651862
;US-AK;1988;p99.99p100;6873970.5;;;0.0095298402;0.0095298402
;US-AK;1988;p90p100;;;;0.2863866091;0.2863866091
;US-AK;1988;p90p91;206573.5625;;;;
;US-AK;1988;p95p96;276242.71875;;;;
;US-AK;1988;p95p100;;;;0.1914867908;0.1914867908
;US-AK;1988;p99.5p100;888101.6875;;;0.0615617074;0.0615617074
;US-AK;1987;p0p100;66241.7265625;;14162546688.0;;
;US-AK;1987;p99p100;503510.0625;;;0.076011017;0.076011017
;US-AK;1987;p99.9p100;1571550.875;;;0.0237244871;0.0237244871
;US-AK;1987;p99.99p100;4937069.0;;;0.0074531105;0.0074531105
;US-AK;1987;p90p100;;;;0.284599781;0.284599781
;US-AK;1987;p90p91;188523.8125;;;;
;US-AK;1987;p95p96;245253.296875;;;;
;US-AK;1987;p95p100;;;;0.1851199567;0.1851199567
;US-AK;1987;p99.5p100;704382.5625;;;0.053167589;0.053167589
;US-AK;1986;p0p100;74852.8671875;;16028084224.0;;
;US-AK;1986;p99p100;644343.5;;;0.0860813484;0.0860813484
;US-AK;1986;p99.9p100;2367330.5;;;0.0316264518;0.0316264518
;US-AK;1986;p99.99p100;8438019.0;;;0.0112728067;0.0112728067
;US-AK;1986;p90p100;;;;0.2821181715;0.2821181715
;US-AK;1986;p90p91;211173.53125;;;;
;US-AK;1986;p95p96;283904.5625;;;;
;US-AK;1986;p95p100;;;;0.189641729;0.189641729
;US-AK;1986;p99.5p100;950351.5;;;0.0634813085;0.0634813085
;US-AK;1985;p0p100;70003.15625;;14725869568.0;;
;US-AK;1985;p99p100;338913.375;;;0.0484140143;0.0484140143
;US-AK;1985;p99.9p100;757978.8125;;;0.0108277807;0.0108277807
;US-AK;1985;p99.99p100;132965.96875;;;0.0001899428;0.0001899428
;US-AK;1985;p90p100;;;;0.2278404087;0.2278404087
;US-AK;1985;p90p91;159495.46875;;;;
;US-AK;1985;p95p96;218321.109375;;;;
;US-AK;1985;p95p100;;;;0.1559366286;0.1559366286
;US-AK;1985;p99.5p100;469196.03125;;;0.0335124917;0.0335124917
;US-AK;1984;p0p100;67964.65625;;14051846144.0;;
;US-AK;1984;p99p100;444477.6875;;;0.0653983578;0.0653983578
;US-AK;1984;p99.9p100;1506336.25;;;0.0221635234;0.0221635234
;US-AK;1984;p99.99p100;5275795.0;;;0.0077625569;0.0077625569
;US-AK;1984;p90p100;;;;0.2633195221;0.2633195221
;US-AK;1984;p90p91;178964.203125;;;;
;US-AK;1984;p95p96;203658.328125;;;;
;US-AK;1984;p95p100;;;;0.1498266459;0.1498266459
;US-AK;1984;p99.5p100;634498.875;;;0.0466785878;0.0466785878
;US-AK;1983;p0p100;65327.3164062;;13278553088.0;;
;US-AK;1983;p99p100;552792.0;;;0.0846188068;0.0846188068
;US-AK;1983;p99.9p100;2173192.25;;;0.0332662091;0.0332662091
;US-AK;1983;p99.99p100;8798214.0;;;0.0134678949;0.0134678949
;US-AK;1983;p90p100;;;;0.3013855815;0.3013855815
;US-AK;1983;p90p91;196887.09375;;;;
;US-AK;1983;p95p96;192941.359375;;;;
;US-AK;1983;p95p100;;;;0.1476728022;0.1476728022
;US-AK;1983;p99.5p100;805071.625;;;0.0616183057;0.0616183057
;US-AK;1982;p0p100;84648.6171875;;13622377472.0;;
;US-AK;1982;p99p100;630607.9375;;;0.0744971335;0.0744971335
;US-AK;1982;p99.9p100;2439165.5;;;0.0288151838;0.0288151838
;US-AK;1982;p99.99p100;10127492.0;;;0.0119641563;0.0119641563
;US-AK;1982;p90p100;;;;0.2963978052;0.2963978052
;US-AK;1982;p90p91;250896.640625;;;;
;US-AK;1982;p95p96;232725.09375;;;;
;US-AK;1982;p95p100;;;;0.1374653876;0.1374653876
;US-AK;1982;p99.5p100;930513.1875;;;0.0549632832;0.0549632832
;US-AK;1981;p0p100;75255.6796875;;12450518016.0;;
;US-AK;1981;p99p100;424497.5;;;0.0564073734;0.0564073734
;US-AK;1981;p99.9p100;1199243.75;;;0.0159355942;0.0159355942
;US-AK;1981;p99.99p100;3477751.25;;;0.0046212478;0.0046212478
;US-AK;1981;p90p100;;;;0.2605865896;0.2605865896
;US-AK;1981;p90p91;196106.21875;;;;
;US-AK;1981;p95p96;225437.203125;;;;
;US-AK;1981;p95p100;;;;0.1497808695;0.1497808695
;US-AK;1981;p99.5p100;568957.125;;;0.0378016084;0.0378016084
;US-AK;1980;p0p100;77575.5625;;12161774592.0;;
;US-AK;1980;p99p100;402714.59375;;;0.0519125536;0.0519125536
;US-AK;1980;p99.9p100;1026488.625;;;0.0132321129;0.0132321129
;US-AK;1980;p99.99p100;2834028.25;;;0.0036532488;0.0036532488
;US-AK;1980;p90p100;;;;0.2513449192;0.2513449192
;US-AK;1980;p90p91;194982.21875;;;;
;US-AK;1980;p95p96;219704.296875;;;;
;US-AK;1980;p95p100;;;;0.1416066438;0.1416066438
;US-AK;1980;p99.5p100;524964.25;;;0.0338356681;0.0338356681
;US-AK;1979;p0p100;76826.6015625;;11727209472.0;;
;US-AK;1979;p99p100;406822.3125;;;0.0529533178;0.0529533178
;US-AK;1979;p99.9p100;1067069.5;;;0.0138893239;0.0138893239
;US-AK;1979;p99.99p100;3223221.0;;;0.0041954494;0.0041954494
;US-AK;1979;p90p100;;;;0.2495121956;0.2495121956
;US-AK;1979;p90p91;191691.71875;;;;
;US-AK;1979;p95p96;236674.3125;;;;
;US-AK;1979;p95p100;;;;0.1540315002;0.1540315002
;US-AK;1979;p99.5p100;534018.75;;;0.0347548127;0.0347548127
;US-AK;1978;p0p100;82005.5078125;;11778043904.0;;
;US-AK;1978;p99p100;401566.75;;;0.0489682592;0.0489682592
;US-AK;1978;p99.9p100;933833.25;;;0.0113874441;0.0113874441
;US-AK;1978;p99.99p100;2071652.375;;;0.0025262355;0.0025262355
;US-AK;1978;p90p100;;;;0.2396476716;0.2396476716
;US-AK;1978;p90p91;196524.3125;;;;
;US-AK;1978;p95p96;243598.9375;;;;
;US-AK;1978;p95p100;;;;0.1485259533;0.1485259533
;US-AK;1978;p99.5p100;514935.65625;;;0.0313964039;0.0313964039
;US-AK;1977;p0p100;91146.6015625;;12497676288.0;;
;US-AK;1977;p99p100;435420.21875;;;0.0477714203;0.0477714203
;US-AK;1977;p99.9p100;1062213.875;;;0.0116539057;0.0116539057
;US-AK;1977;p99.99p100;2633724.5;;;0.002889548;0.002889548
;US-AK;1977;p90p100;;;;0.2269702405;0.2269702405
;US-AK;1977;p90p91;206875.640625;;;;
;US-AK;1977;p95p96;252885.828125;;;;
;US-AK;1977;p95p100;;;;0.1387247741;0.1387247741
;US-AK;1977;p99.5p100;565519.1875;;;0.0310225077;0.0310225077
;US-AK;1976;p0p100;99999.2421875;;13098190848.0;;
;US-AK;1976;p99p100;432285.46875;;;0.0432288721;0.0432288721
;US-AK;1976;p99.9p100;1084567.25;;;0.0108457534;0.0108457534
;US-AK;1976;p99.99p100;2975043.5;;;0.0029750657;0.0029750657
;US-AK;1976;p90p100;;;;0.2147414088;0.2147414088
;US-AK;1976;p90p91;214739.78125;;;;
;US-AK;1976;p95p96;261150.203125;;;;
;US-AK;1976;p95p100;;;;0.130576089;0.130576089
;US-AK;1976;p99.5p100;566777.625;;;0.0283390917;0.0283390917
;US-AK;1975;p0p100;90352.15625;;11312410624.0;;
;US-AK;1975;p99p100;429225.75;;;0.0475058667;0.0475058667
;US-AK;1975;p99.9p100;1059451.125;;;0.0117257973;0.0117257973
;US-AK;1975;p99.99p100;2766818.25;;;0.0030622606;0.0030622606
;US-AK;1975;p90p100;;;;0.224135682;0.224135682
;US-AK;1975;p90p91;202511.40625;;;;
;US-AK;1975;p95p96;247923.28125;;;;
;US-AK;1975;p95p100;;;;0.1371983141;0.1371983141
;US-AK;1975;p99.5p100;557927.25;;;0.0308751464;0.0308751464
;US-AK;1974;p0p100;72998.21875;;8733899776.0;;
;US-AK;1974;p99p100;644219.0;;;0.0882513151;0.0882513151
;US-AK;1974;p99.9p100;2138430.75;;;0.0292942859;0.0292942859
;US-AK;1974;p99.99p100;7613873.0;;;0.0104302168;0.0104302168
;US-AK;1974;p90p100;;;;0.2900955677;0.2900955677
;US-AK;1974;p90p91;211764.625;;;;
;US-AK;1974;p95p96;290246.59375;;;;
;US-AK;1974;p95p100;;;;0.198803857;0.198803857
;US-AK;1974;p99.5p100;919170.8125;;;0.0629584342;0.0629584342
;US-AK;1973;p0p100;65020.390625;;7439967232.0;;
;US-AK;1973;p99p100;359147.125;;;0.0552360788;0.0552360788
;US-AK;1973;p99.9p100;884539.0;;;0.0136040244;0.0136040244
;US-AK;1973;p99.99p100;2275233.25;;;0.0034992611;0.0034992611
;US-AK;1973;p90p100;;;;0.2529119849;0.2529119849
;US-AK;1973;p90p91;164444.359375;;;;
;US-AK;1973;p95p96;203740.03125;;;;
;US-AK;1973;p95p100;;;;0.1566739529;0.1566739529
;US-AK;1973;p99.5p100;478046.78125;;;0.0367612988;0.0367612988
;US-AK;1972;p0p100;66027.078125;;7223095808.0;;
;US-AK;1972;p99p100;343554.09375;;;0.0520323105;0.0520323105
;US-AK;1972;p99.9p100;819292.375;;;0.0124084307;0.0124084307
;US-AK;1972;p99.99p100;1966383.625;;;0.0029781475;0.0029781475
;US-AK;1972;p90p100;;;;0.2416715622;0.2416715622
;US-AK;1972;p90p91;159568.65625;;;;
;US-AK;1972;p95p96;197379.8125;;;;
;US-AK;1972;p95p100;;;;0.1494688541;0.1494688541
;US-AK;1972;p99.5p100;456604.8125;;;0.0345770903;0.0345770903
;US-AK;1971;p0p100;65357.3125;;6828099584.0;;
;US-AK;1971;p99p100;342262.625;;;0.0523679145;0.0523679145
;US-AK;1971;p99.9p100;814809.625;;;0.0124670006;0.0124670006
;US-AK;1971;p99.99p100;1819897.375;;;0.0027845351;0.0027845351
;US-AK;1971;p90p100;;;;0.2509155273;0.2509155273
;US-AK;1971;p90p91;163991.640625;;;;
;US-AK;1971;p95p96;206104.3125;;;;
;US-AK;1971;p95p100;;;;0.1576750129;0.1576750129
;US-AK;1971;p99.5p100;454904.625;;;0.0348013565;0.0348013565
;US-AK;1970;p0p100;65074.0507812;;6480469504.0;;
;US-AK;1970;p99p100;323819.3125;;;0.0497616678;0.0497616678
;US-AK;1970;p99.9p100;790291.875;;;0.0121445013;0.0121445013
;US-AK;1970;p99.99p100;2758323.5;;;0.0042387457;0.0042387457
;US-AK;1970;p90p100;;;;0.2356838882;0.2356838882
;US-AK;1970;p90p91;153369.046875;;;;
;US-AK;1970;p95p96;188511.109375;;;;
;US-AK;1970;p95p100;;;;0.1448435336;0.1448435336
;US-AK;1970;p99.5p100;423645.78125;;;0.0325510539;0.0325510539
;US-AK;1969;p0p100;63380.8554688;;6135698432.0;;
;US-AK;1969;p99p100;325266.3125;;;0.0513193309;0.0513193309
;US-AK;1969;p99.9p100;824090.3125;;;0.0130021954;0.0130021954
;US-AK;1969;p99.99p100;2752286.75;;;0.0043424573;0.0043424573
;US-AK;1969;p90p100;;;;0.2538684309;0.2538684309
;US-AK;1969;p90p91;160903.984375;;;;
;US-AK;1969;p95p96;202611.515625;;;;
;US-AK;1969;p95p100;;;;0.1598365158;0.1598365158
;US-AK;1969;p99.5p100;421263.71875;;;0.0332327224;0.0332327224
;US-AK;1968;p0p100;60828.046875;;5734773248.0;;
;US-AK;1968;p99p100;312033.125;;;0.0512975752;0.0512975752
;US-AK;1968;p99.9p100;780732.5625;;;0.0128350761;0.0128350761
;US-AK;1968;p99.99p100;2121711.75;;;0.0034880484;0.0034880484
;US-AK;1968;p90p100;;;;0.2332968265;0.2332968265
;US-AK;1968;p90p91;141909.90625;;;;
;US-AK;1968;p95p96;175304.71875;;;;
;US-AK;1968;p95p100;;;;0.1440985948;0.1440985948
;US-AK;1968;p99.5p100;422199.21875;;;0.0347043239;0.0347043239
;US-AK;1967;p0p100;59768.9648438;;5486372352.0;;
;US-AK;1967;p99p100;310014.96875;;;0.0518688858;0.0518688858
;US-AK;1967;p99.9p100;625061.875;;;0.0104579674;0.0104579674
;US-AK;1967;p99.99p100;1624403.75;;;0.0027178046;0.0027178046
;US-AK;1967;p90p100;;;;0.2355096638;0.2355096638
;US-AK;1967;p90p91;140761.6875;;;;
;US-AK;1967;p95p96;172421.1875;;;;
;US-AK;1967;p95p100;;;;0.1442397386;0.1442397386
;US-AK;1967;p99.5p100;395228.03125;;;0.0330629833;0.0330629833
;US-AK;1966;p0p100;56750.6757812;;5067209728.0;;
;US-AK;1966;p99p100;282744.5;;;0.0498222262;0.0498222262
;US-AK;1966;p99.9p100;639679.9375;;;0.011271758;0.011271758
;US-AK;1966;p99.99p100;1912984.125;;;0.0033708569;0.0033708569
;US-AK;1966;p90p100;;;;0.2392834574;0.2392834574
;US-AK;1966;p90p91;135794.984375;;;;
;US-AK;1966;p95p96;164666.625;;;;
;US-AK;1966;p95p100;;;;0.1450789869;0.1450789869
;US-AK;1966;p99.5p100;365840.9375;;;0.0322322957;0.0322322957
;US-AK;1965;p0p100;56056.734375;;4865292800.0;;
;US-AK;1965;p99p100;332808.15625;;;0.0593698807;0.0593698807
;US-AK;1965;p99.9p100;674099.3125;;;0.0120253051;0.0120253051
;US-AK;1965;p99.99p100;1784063.125;;;0.0031826028;0.0031826028
;US-AK;1965;p90p100;;;;0.2387724668;0.2387724668
;US-AK;1965;p90p91;133848.046875;;;;
;US-AK;1965;p95p96;165275.890625;;;;
;US-AK;1965;p95p100;;;;0.1474184096;0.1474184096
;US-AK;1965;p99.5p100;406181.34375;;;0.0362294875;0.0362294875
;US-AK;1964;p0p100;54240.7851562;;4571518464.0;;
;US-AK;1964;p99p100;302225.46875;;;0.0557192229;0.0557192229
;US-AK;1964;p99.9p100;608309.1875;;;0.0112149771;0.0112149771
;US-AK;1964;p99.99p100;1491051.25;;;0.0027489483;0.0027489483
;US-AK;1964;p90p100;;;;0.2333202809;0.2333202809
;US-AK;1964;p90p91;126554.765625;;;;
;US-AK;1964;p95p96;154333.984375;;;;
;US-AK;1964;p95p100;;;;0.1422674507;0.1422674507
;US-AK;1964;p99.5p100;368837.90625;;;0.0340000503;0.0340000503
;US-AK;1963;p0p100;49881.8945312;;4076724992.0;;
;US-AK;1963;p99p100;229832.0;;;0.0460752323;0.0460752323
;US-AK;1963;p99.9p100;536334.875;;;0.0107520949;0.0107520949
;US-AK;1963;p99.99p100;1263194.625;;;0.0025323711;0.0025323711
;US-AK;1963;p90p100;;;;0.2275366336;0.2275366336
;US-AK;1963;p90p91;113499.59375;;;;
;US-AK;1963;p95p96;136889.546875;;;;
;US-AK;1963;p95p100;;;;0.1372136474;0.1372136474
;US-AK;1963;p99.5p100;302973.6875;;;0.030369103;0.030369103
;US-AK;1962;p0p100;47656.9882812;;3774806016.0;;
;US-AK;1962;p99p100;219658.671875;;;0.0460915975;0.0460915975
;US-AK;1962;p99.9p100;500929.0;;;0.0105111348;0.0105111348
;US-AK;1962;p99.99p100;1019170.625;;;0.0021385544;0.0021385544
;US-AK;1962;p90p100;;;;0.2334412038;0.2334412038
;US-AK;1962;p90p91;111251.039062;;;;
;US-AK;1962;p95p96;135172.0625;;;;
;US-AK;1962;p95p100;;;;0.1418176591;0.1418176591
;US-AK;1962;p99.5p100;290422.3125;;;0.0304700676;0.0304700676
;US-AK;1961;p0p100;48112.7070312;;3689636096.0;;
;US-AK;1961;p99p100;257278.1875;;;0.0534740649;0.0534740649
;US-AK;1961;p99.9p100;648336.25;;;0.013475365;0.013475365
;US-AK;1961;p99.99p100;1568496.75;;;0.0032600469;0.0032600469
;US-AK;1961;p90p100;;;;0.2317678779;0.2317678779
;US-AK;1961;p90p91;111509.796875;;;;
;US-AK;1961;p95p96;138858.0;;;;
;US-AK;1961;p95p100;;;;0.1443049163;0.1443049163
;US-AK;1961;p99.5p100;350475.9375;;;0.0364223905;0.0364223905
;US-AK;1960;p0p100;50068.0703125;;3712799744.0;;
;US-AK;1960;p99p100;234099.71875;;;0.0467562899;0.0467562899
;US-AK;1960;p99.9p100;414644.34375;;;0.0082816128;0.0082816128
;US-AK;1960;p99.99p100;563512.875;;;0.0011254936;0.0011254936
;US-AK;1960;p90p100;;;;0.2298802733;0.2298802733
;US-AK;1960;p90p91;115096.617188;;;;
;US-AK;1960;p95p96;143160.1875;;;;
;US-AK;1960;p95p100;;;;0.1429655701;0.1429655701
;US-AK;1960;p99.5p100;335703.8125;;;0.0335247405;0.0335247405
;US-AK;1959;p0p100;45492.171875;;3209715968.0;;
;US-AK;1959;p99p100;188559.71875;;;0.0414488241;0.0414488241
;US-AK;1959;p99.9p100;562664.1875;;;0.0123683736;0.0123683736
;US-AK;1959;p99.99p100;1352762.375;;;0.0029736157;0.0029736157
;US-AK;1959;p90p100;;;;0.2212927938;0.2212927938
;US-AK;1959;p90p91;100670.898438;;;;
;US-AK;1959;p95p96;119774.226562;;;;
;US-AK;1959;p95p100;;;;0.1316426694;0.1316426694
;US-AK;1959;p99.5p100;239353.90625;;;0.0263071507;0.0263071507
;US-AK;1958;p0p100;44738.2382812;;2999995904.0;;
;US-AK;1958;p99p100;194601.0;;;0.0434976928;0.0434976928
;US-AK;1958;p99.9p100;425487.625;;;0.0095106037;0.0095106037
;US-AK;1958;p99.99p100;771103.9375;;;0.0017235904;0.0017235904
;US-AK;1958;p90p100;;;;0.2153413147;0.2153413147
;US-AK;1958;p90p91;96339.90625;;;;
;US-AK;1958;p95p96;115409.4375;;;;
;US-AK;1958;p95p100;;;;0.128982991;0.128982991
;US-AK;1958;p99.5p100;253784.75;;;0.0283632968;0.0283632968
;US-AK;1957;p0p100;47050.6914062;;2997929728.0;;
;US-AK;1957;p99p100;191337.640625;;;0.0406662785;0.0406662785
;US-AK;1957;p99.9p100;422115.375;;;0.0089715021;0.0089715021
;US-AK;1957;p99.99p100;780801.125;;;0.0016594892;0.0016594892
;US-AK;1957;p90p100;;;;0.2238543481;0.2238543481
;US-AK;1957;p90p91;105325.015625;;;;
;US-AK;1957;p95p96;129797.5625;;;;
;US-AK;1957;p95p100;;;;0.1379337609;0.1379337609
;US-AK;1957;p99.5p100;274775.09375;;;0.029199902;0.029199902
;US-AK;1956;p0p100;53172.28125;;3214112512.0;;
;US-AK;1956;p99p100;178260.578125;;;0.0335250981;0.0335250981
;US-AK;1956;p99.9p100;434130.90625;;;0.0081646098;0.0081646098
;US-AK;1956;p99.99p100;916372.0625;;;0.0017234018;0.0017234018
;US-AK;1956;p90p100;;;;0.1831053495;0.1831053495
;US-AK;1956;p90p91;97361.2890625;;;;
;US-AK;1956;p95p96;113811.554688;;;;
;US-AK;1956;p95p100;;;;0.1070215106;0.1070215106
;US-AK;1956;p99.5p100;200263.75;;;0.0188315921;0.0188315921
;US-AK;1955;p0p100;53206.359375;;3051435264.0;;
;US-AK;1955;p99p100;183313.84375;;;0.034453366;0.034453366
;US-AK;1955;p99.9p100;478772.53125;;;0.0089984071;0.0089984071
;US-AK;1955;p99.99p100;965282.0;;;0.001814223;0.001814223
;US-AK;1955;p90p100;;;;0.1842923015;0.1842923015
;US-AK;1955;p90p91;98055.2265625;;;;
;US-AK;1955;p95p96;105934.007812;;;;
;US-AK;1955;p95p100;;;;0.0995501354;0.0995501354
;US-AK;1955;p99.5p100;241412.0625;;;0.0226863902;0.0226863902
;US-AK;1954;p0p100;55131.5195312;;2999493376.0;;
;US-AK;1954;p99p100;237205.84375;;;0.0430254489;0.0430254489
;US-AK;1954;p99.9p100;622198.625;;;0.0112857157;0.0112857157
;US-AK;1954;p99.99p100;1338212.125;;;0.0024273086;0.0024273086
;US-AK;1954;p90p100;;;;0.1760768741;0.1760768741
;US-AK;1954;p90p91;97073.859375;;;;
;US-AK;1954;p95p96;125066.5;;;;
;US-AK;1954;p95p100;;;;0.1134255901;0.1134255901
;US-AK;1954;p99.5p100;317930.96875;;;0.028833868;0.028833868
;US-AK;1953;p0p100;60687.5273438;;3131814912.0;;
;US-AK;1953;p99p100;248238.78125;;;0.0409044102;0.0409044102
;US-AK;1953;p99.9p100;626750.875;;;0.0103275059;0.0103275059
;US-AK;1953;p99.99p100;1309020.5;;;0.0021569843;0.0021569843
;US-AK;1953;p90p100;;;;0.1617554575;0.1617554575
;US-AK;1953;p90p91;98165.3984375;;;;
;US-AK;1953;p95p96;127370.914062;;;;
;US-AK;1953;p95p100;;;;0.1049399301;0.1049399301
;US-AK;1953;p99.5p100;337859.71875;;;0.0278360061;0.0278360061
;US-AK;1952;p0p100;61915.9765625;;3033189120.0;;
;US-AK;1952;p99p100;278083.84375;;;0.0449130982;0.0449130982
;US-AK;1952;p99.9p100;698701.5625;;;0.0112846736;0.0112846736
;US-AK;1952;p99.99p100;1482430.125;;;0.0023942611;0.0023942611
;US-AK;1952;p90p100;;;;0.1662863195;0.1662863195
;US-AK;1952;p90p91;102957.804688;;;;
;US-AK;1952;p95p96;136641.796875;;;;
;US-AK;1952;p95p100;;;;0.1103445366;0.1103445366
;US-AK;1952;p99.5p100;378720.8125;;;0.0305834468;0.0305834468
;US-AK;1951;p0p100;61678.8515625;;2866159360.0;;
;US-AK;1951;p99p100;208166.125;;;0.0337499976;0.0337499976
;US-AK;1951;p99.9p100;474885.5;;;0.0076993243;0.0076993243
;US-AK;1951;p99.99p100;748819.375;;;0.0012140617;0.0012140617
;US-AK;1951;p90p100;;;;0.1431246996;0.1431246996
;US-AK;1951;p90p91;88277.671875;;;;
;US-AK;1951;p95p96;115062.492188;;;;
;US-AK;1951;p95p100;;;;0.09327548;0.09327548
;US-AK;1951;p99.5p100;267343.46875;;;0.0216722135;0.0216722135
;US-AK;1950;p0p100;51025.5039062;;2249032960.0;;
;US-AK;1950;p99p100;215401.4375;;;0.0422144607;0.0422144607
;US-AK;1950;p99.9p100;495773.6875;;;0.0097161923;0.0097161923
;US-AK;1950;p99.99p100;631800.5625;;;0.0012382054;0.0012382054
;US-AK;1950;p90p100;;;;0.2343599945;0.2343599945
;US-AK;1950;p90p91;119583.382812;;;;
;US-AK;1950;p95p96;116742.601562;;;;
;US-AK;1950;p95p100;;;;0.1143963113;0.1143963113
;US-AK;1950;p99.5p100;278123.65625;;;0.0272533931;0.0272533931
;US-AK;1949;p0p100;47725.6523438;;2053974144.0;;
;US-AK;1949;p99p100;192221.390625;;;0.0402763225;0.0402763225
;US-AK;1949;p99.9p100;436253.5625;;;0.0091408603;0.0091408603
;US-AK;1949;p99.99p100;666662.625;;;0.0013968642;0.0013968642
;US-AK;1949;p90p100;;;;0.2363327742;0.2363327742
;US-AK;1949;p90p91;112791.375;;;;
;US-AK;1949;p95p96;106654.851562;;;;
;US-AK;1949;p95p100;;;;0.111737445;0.111737445
;US-AK;1949;p99.5p100;247590.53125;;;0.0259389337;0.0259389337
;US-AK;1948;p0p100;49295.921875;;2077630464.0;;
;US-AK;1948;p99p100;218206.484375;;;0.0442646109;0.0442646109
;US-AK;1948;p99.9p100;490068.4375;;;0.0099413581;0.0099413581
;US-AK;1948;p99.99p100;758497.625;;;0.0015386619;0.0015386619
;US-AK;1948;p90p100;;;;0.2388753593;0.2388753593
;US-AK;1948;p90p91;117755.8125;;;;
;US-AK;1948;p95p96;116828.3125;;;;
;US-AK;1948;p95p100;;;;0.1184969246;0.1184969246
;US-AK;1948;p99.5p100;282195.5;;;0.0286225956;0.0286225956
;US-AK;1947;p0p100;48432.1875;;1998639488.0;;
;US-AK;1947;p99p100;200487.03125;;;0.0413954109;0.0413954109
;US-AK;1947;p99.9p100;436669.59375;;;0.0090161031;0.0090161031
;US-AK;1947;p99.99p100;759558.1875;;;0.0015682922;0.0015682922
;US-AK;1947;p90p100;;;;0.2419515103;0.2419515103
;US-AK;1947;p90p91;117182.40625;;;;
;US-AK;1947;p95p96;139322.703125;;;;
;US-AK;1947;p95p100;;;;0.1438327581;0.1438327581
;US-AK;1947;p99.5p100;257073.0625;;;0.0265394859;0.0265394859
;US-AK;1946;p0p100;50151.5820312;;2022048512.0;;
;US-AK;1946;p99p100;226507.734375;;;0.0451646298;0.0451646298
;US-AK;1946;p99.9p100;530515.0;;;0.0105782319;0.0105782319
;US-AK;1946;p99.99p100;881406.6875;;;0.0017574856;0.0017574856
;US-AK;1946;p90p100;;;;0.2557887137;0.2557887137
;US-AK;1946;p90p91;128282.078125;;;;
;US-AK;1946;p95p96;153286.015625;;;;
;US-AK;1946;p95p100;;;;0.1528227329;0.1528227329
;US-AK;1946;p99.5p100;296537.3125;;;0.0295641068;0.0295641068
;US-AK;1945;p0p100;50249.4765625;;1996520832.0;;
;US-AK;1945;p99p100;228159.4375;;;0.0454053394;0.0454053394
;US-AK;1945;p99.9p100;526344.25;;;0.0104746222;0.0104746222
;US-AK;1945;p99.99p100;845413.5625;;;0.0016824328;0.0016824328
;US-AK;1945;p90p100;;;;0.2544215322;0.2544215322
;US-AK;1945;p90p91;127845.460938;;;;
;US-AK;1945;p95p96;154282.15625;;;;
;US-AK;1945;p95p100;;;;0.1535162032;0.1535162032
;US-AK;1945;p99.5p100;300056.0625;;;0.0298566371;0.0298566371
;US-AK;1944;p0p100;50215.2382812;;1964521344.0;;
;US-AK;1944;p99p100;303998.8125;;;0.0605391487;0.0605391487
;US-AK;1944;p99.9p100;892061.9375;;;0.0177647639;0.0177647639
;US-AK;1944;p99.99p100;2026958.125;;;0.0040365397;0.0040365397
;US-AK;1944;p90p100;;;;0.1744713187;0.1744713187
;US-AK;1944;p90p91;87611.1953125;;;;
;US-AK;1944;p95p96;125029.859375;;;;
;US-AK;1944;p95p100;;;;0.1244939342;0.1244939342
;US-AK;1944;p99.5p100;430788.28125;;;0.0428941734;0.0428941734
;US-AK;1943;p0p100;51494.4140625;;1981148544.0;;
;US-AK;1943;p99p100;274787.09375;;;0.0533624999;0.0533624999
;US-AK;1943;p99.9p100;650217.8125;;;0.0126269581;0.0126269581
;US-AK;1943;p99.99p100;938521.25;;;0.0018225689;0.0018225689
;US-AK;1943;p90p100;;;;0.1824706942;0.1824706942
;US-AK;1943;p90p91;93962.2265625;;;;
;US-AK;1943;p95p96;131032.304688;;;;
;US-AK;1943;p95p100;;;;0.1272296309;0.1272296309
;US-AK;1943;p99.5p100;368902.5625;;;0.0358196646;0.0358196646
;US-AK;1942;p0p100;44334.5585938;;1674067968.0;;
;US-AK;1942;p99p100;280104.75;;;0.0631797761;0.0631797761
;US-AK;1942;p99.9p100;857015.0625;;;0.0193306338;0.0193306338
;US-AK;1942;p99.99p100;2953634.25;;;0.0066621485;0.0066621485
;US-AK;1942;p90p100;;;;0.2037132233;0.2037132233
;US-AK;1942;p90p91;90315.3671875;;;;
;US-AK;1942;p95p96;121813.085938;;;;
;US-AK;1942;p95p100;;;;0.1373793781;0.1373793781
;US-AK;1942;p99.5p100;394882.75;;;0.0445344187;0.0445344187
;US-AK;1941;p0p100;38135.5898438;;1417249664.0;;
;US-AK;1941;p99p100;233422.921875;;;0.0612086877;0.0612086877
;US-AK;1941;p99.9p100;707155.1875;;;0.0185431819;0.0185431819
;US-AK;1941;p99.99p100;1866224.0;;;0.004893655;0.004893655
;US-AK;1941;p90p100;;;;0.2005539984;0.2005539984
;US-AK;1941;p90p91;76482.4453125;;;;
;US-AK;1941;p95p96;101778.484375;;;;
;US-AK;1941;p95p100;;;;0.1334429234;0.1334429234
;US-AK;1941;p99.5p100;329886.34375;;;0.0432517715;0.0432517715
;US-AK;1940;p0p100;33666.34375;;1232669952.0;;
;US-AK;1940;p99p100;197573.8125;;;0.0586858615;0.0586858615
;US-AK;1940;p99.9p100;495556.03125;;;0.0147196297;0.0147196297
;US-AK;1940;p99.99p100;1085549.0;;;0.0032244343;0.0032244343
;US-AK;1940;p90p100;;;;0.2007912993;0.2007912993
;US-AK;1940;p90p91;67599.078125;;;;
;US-AK;1940;p95p96;90984.3046875;;;;
;US-AK;1940;p95p100;;;;0.1351265162;0.1351265162
;US-AK;1940;p99.5p100;267126.3125;;;0.0396726094;0.0396726094
;US-AK;1939;p0p100;32192.1699219;;1159584384.0;;
;US-AK;1939;p99p100;171776.578125;;;0.0533597432;0.0533597432
;US-AK;1939;p99.9p100;463852.9375;;;0.0144088762;0.0144088762
;US-AK;1939;p99.99p100;1113027.375;;;0.003457448;0.003457448
;US-AK;1939;p90p100;;;;0.1914631128;0.1914631128
;US-AK;1939;p90p91;61636.1210938;;;;
;US-AK;1939;p95p96;79749.15625;;;;
;US-AK;1939;p95p100;;;;0.1238642186;0.1238642186
;US-AK;1939;p99.5p100;235406.859375;;;0.0365627557;0.0365627557
;US-AK;1938;p0p100;30370.9023438;;1077752576.0;;
;US-AK;1938;p99p100;135256.859375;;;0.0445350148;0.0445350148
;US-AK;1938;p99.9p100;308335.34375;;;0.0101523269;0.0101523269
;US-AK;1938;p99.99p100;894688.0;;;0.0029458723;0.0029458723
;US-AK;1938;p90p100;;;;0.1846435815;0.1846435815
;US-AK;1938;p90p91;56077.9257812;;;;
;US-AK;1938;p95p96;68216.75;;;;
;US-AK;1938;p95p100;;;;0.1123060882;0.1123060882
;US-AK;1938;p99.5p100;177022.640625;;;0.0291434601;0.0291434601
;US-AK;1937;p0p100;32593.8808594;;1139934080.0;;
;US-AK;1937;p99p100;144111.875;;;0.0442143977;0.0442143977
;US-AK;1937;p99.9p100;323777.71875;;;0.0099336971;0.0099336971
;US-AK;1937;p99.99p100;794379.25;;;0.0024372037;0.0024372037
;US-AK;1937;p90p100;;;;0.1704159826;0.1704159826
;US-AK;1937;p90p91;55545.1757812;;;;
;US-AK;1937;p95p96;70133.953125;;;;
;US-AK;1937;p95p100;;;;0.1075876132;0.1075876132
;US-AK;1937;p99.5p100;189528.296875;;;0.0290742144;0.0290742144
;US-AK;1936;p0p100;32456.2636719;;1120704000.0;;
;US-AK;1936;p99p100;145955.578125;;;0.0449699238;0.0449699238
;US-AK;1936;p99.9p100;349267.25;;;0.0107611651;0.0107611651
;US-AK;1936;p99.99p100;862133.125;;;0.0026562917;0.0026562917
;US-AK;1936;p90p100;;;;0.1690522432;0.1690522432
;US-AK;1936;p90p91;54868.0429688;;;;
;US-AK;1936;p95p96;69649.765625;;;;
;US-AK;1936;p95p100;;;;0.107297875;0.107297875
;US-AK;1936;p99.5p100;194726.96875;;;0.0299983639;0.0299983639
;US-AK;1935;p0p100;28817.2480469;;982172032.0;;
;US-AK;1935;p99p100;117340.28125;;;0.0407187603;0.0407187603
;US-AK;1935;p99.9p100;283763.59375;;;0.0098470049;0.0098470049
;US-AK;1935;p99.99p100;804452.4375;;;0.0027915656;0.0027915656
;US-AK;1935;p90p100;;;;0.1702508926;0.1702508926
;US-AK;1935;p90p91;49061.625;;;;
;US-AK;1935;p95p96;61832.9492188;;;;
;US-AK;1935;p95p100;;;;0.107284613;0.107284613
;US-AK;1935;p99.5p100;156568.390625;;;0.0271657426;0.0271657426
;US-AK;1934;p0p100;26218.578125;;881521792.0;;
;US-AK;1934;p99p100;97133.0390625;;;0.0370474085;0.0370474085
;US-AK;1934;p99.9p100;237254.3125;;;0.0090490906;0.0090490906
;US-AK;1934;p99.99p100;730768.4375;;;0.0027872161;0.0027872161
;US-AK;1934;p90p100;;;;0.1623086482;0.1623086482
;US-AK;1934;p90p91;42555.0195312;;;;
;US-AK;1934;p95p96;56737.828125;;;;
;US-AK;1934;p95p100;;;;0.1082015783;0.1082015783
;US-AK;1934;p99.5p100;131410.234375;;;0.0250605177;0.0250605177
;US-AK;1933;p0p100;24468.6035156;;812079360.0;;
;US-AK;1933;p99p100;82488.1328125;;;0.0337118246;0.0337118246
;US-AK;1933;p99.9p100;196949.21875;;;0.0080490578;0.0080490578
;US-AK;1933;p99.99p100;417441.3125;;;0.0017060281;0.0017060281
;US-AK;1933;p90p100;;;;0.1506347507;0.1506347507
;US-AK;1933;p90p91;36858.2226562;;;;
;US-AK;1933;p95p96;48886.7539062;;;;
;US-AK;1933;p95p100;;;;0.0998968929;0.0998968929
;US-AK;1933;p99.5p100;105887.414062;;;0.0216374025;0.0216374025
;US-AK;1932;p0p100;25396.8554688;;832395520.0;;
;US-AK;1932;p99p100;78796.90625;;;0.0310262442;0.0310262442
;US-AK;1932;p99.9p100;185438.546875;;;0.0073016342;0.0073016342
;US-AK;1932;p99.99p100;442572.75;;;0.0017426282;0.0017426282
;US-AK;1932;p90p100;;;;0.1463592947;0.1463592947
;US-AK;1932;p90p91;37170.65625;;;;
;US-AK;1932;p95p96;48439.3945312;;;;
;US-AK;1932;p95p100;;;;0.0953649431;0.0953649431
;US-AK;1932;p99.5p100;100263.101562;;;0.0197392758;0.0197392758
;US-AK;1931;p0p100;30083.6660156;;973244096.0;;
;US-AK;1931;p99p100;94279.734375;;;0.0313391797;0.0313391797
;US-AK;1931;p99.9p100;212611.203125;;;0.0070673302;0.0070673302
;US-AK;1931;p99.99p100;623885.3125;;;0.002073834;0.002073834
;US-AK;1931;p90p100;;;;0.1349991262;0.1349991262
;US-AK;1931;p90p91;40612.6875;;;;
;US-AK;1931;p95p96;53317.640625;;;;
;US-AK;1931;p95p100;;;;0.0886155888;0.0886155888
;US-AK;1931;p99.5p100;124242.976562;;;0.0206495728;0.0206495728
;US-AK;1930;p0p100;32595.7128906;;1039483008.0;;
;US-AK;1930;p99p100;100214.679688;;;0.0307447426;0.0307447426
;US-AK;1930;p99.9p100;224130.71875;;;0.0068760798;0.0068760798
;US-AK;1930;p99.99p100;609846.4375;;;0.0018709407;0.0018709407
;US-AK;1930;p90p100;;;;0.1225384399;0.1225384399
;US-AK;1930;p90p91;39942.2773438;;;;
;US-AK;1930;p95p96;52046.6054688;;;;
;US-AK;1930;p95p100;;;;0.0798365846;0.0798365846
;US-AK;1930;p99.5p100;130804.78125;;;0.0200647227;0.0200647227
;US-AK;1929;p0p100;37163.8945312;;1169987712.0;;
;US-AK;1929;p99p100;111459.070312;;;0.0299912244;0.0299912244
;US-AK;1929;p99.9p100;256331.078125;;;0.0068973145;0.0068973145
;US-AK;1929;p99.99p100;631423.8125;;;0.0016990247;0.0016990247
;US-AK;1929;p90p100;;;;0.1041784659;0.1041784659
;US-AK;1929;p90p91;38716.7773438;;;;
;US-AK;1929;p95p96;53988.9765625;;;;
;US-AK;1929;p95p100;;;;0.0726363212;0.0726363212
;US-AK;1929;p99.5p100;145474.0625;;;0.01957196;0.01957196
;US-AK;1928;p0p100;19565.4082031;;608191808.0;;
;US-AK;1928;p99p100;104365.789062;;;0.0533419959;0.0533419959
;US-AK;1928;p99.9p100;249628.703125;;;0.012758676;0.012758676
;US-AK;1928;p99.99p100;628900.25;;;0.0032143479;0.0032143479
;US-AK;1928;p90p100;;;;0.1872426569;0.1872426569
;US-AK;1928;p90p91;36634.7890625;;;;
;US-AK;1928;p95p96;49115.4648438;;;;
;US-AK;1928;p95p100;;;;0.1255160719;0.1255160719
;US-AK;1928;p99.5p100;138143.078125;;;0.0353028923;0.0353028923
;US-AK;1927;p0p100;19014.265625;;582426752.0;;
;US-AK;1927;p99p100;90469.9453125;;;0.047580041;0.047580041
;US-AK;1927;p99.9p100;201775.046875;;;0.0106117725;0.0106117725
;US-AK;1927;p99.99p100;558096.75;;;0.0029351476;0.0029351476
;US-AK;1927;p90p100;;;;0.183911562;0.183911562
;US-AK;1927;p90p91;34969.4296875;;;;
;US-AK;1927;p95p96;47311.765625;;;;
;US-AK;1927;p95p100;;;;0.1244112402;0.1244112402
;US-AK;1927;p99.5p100;119186.664062;;;0.0313413814;0.0313413814
;US-AK;1926;p0p100;18661.2070312;;562331776.0;;
;US-AK;1926;p99p100;85718.5625;;;0.0459340923;0.0459340923
;US-AK;1926;p99.9p100;205046.15625;;;0.0109878294;0.0109878294
;US-AK;1926;p99.99p100;581426.5;;;0.0031156961;0.0031156961
;US-AK;1926;p90p100;;;;0.1813624352;0.1813624352
;US-AK;1926;p90p91;33844.4179688;;;;
;US-AK;1926;p95p96;45360.9023438;;;;
;US-AK;1926;p95p100;;;;0.1215379611;0.1215379611
;US-AK;1926;p99.5p100;115648.695312;;;0.0309863929;0.0309863929
;US-AK;1925;p0p100;25901.8398438;;768081856.0;;
;US-AK;1925;p99p100;81974.8125;;;0.0316482596;0.0316482596
;US-AK;1925;p99.9p100;203157.890625;;;0.0078433771;0.0078433771
;US-AK;1925;p99.99p100;584398.8125;;;0.002256206;0.002256206
;US-AK;1925;p90p100;;;;0.1575636268;0.1575636268
;US-AK;1925;p90p91;40811.8789062;;;;
;US-AK;1925;p95p96;50744.4140625;;;;
;US-AK;1925;p95p100;;;;0.0979552269;0.0979552269
;US-AK;1925;p99.5p100;111570.585938;;;0.021537194;0.021537194
;US-AK;1924;p0p100;31426.6054688;;915579968.0;;
;US-AK;1924;p99p100;74697.9296875;;;0.0237690061;0.0237690061
;US-AK;1924;p99.9p100;179456.203125;;;0.0057103266;0.0057103266
;US-AK;1924;p99.99p100;560491.875;;;0.0017834947;0.0017834947
;US-AK;1924;p90p100;;;;0.1329799294;0.1329799294
;US-AK;1924;p90p91;41791.0820312;;;;
;US-AK;1924;p95p96;46992.0351562;;;;
;US-AK;1924;p95p100;;;;0.0747647285;0.0747647285
;US-AK;1924;p99.5p100;99570.625;;;0.0158417709;0.0158417709
;US-AK;1923;p0p100;31034.5820312;;884531072.0;;
;US-AK;1923;p99p100;61322.375;;;0.0197593682;0.0197593682
;US-AK;1923;p99.9p100;162629.25;;;0.0052402592;0.0052402592
;US-AK;1923;p99.99p100;403472.8125;;;0.001300075;0.001300075
;US-AK;1923;p90p100;;;;0.1260132045;0.1260132045
;US-AK;1923;p90p91;39107.6757812;;;;
;US-AK;1923;p95p96;44209.21875;;;;
;US-AK;1923;p95p100;;;;0.0712257326;0.0712257326
;US-AK;1923;p99.5p100;83029.796875;;;0.0133769792;0.0133769792
;US-AK;1922;p0p100;27639.3828125;;772151040.0;;
;US-AK;1922;p99p100;57709.2695312;;;0.0208793618;0.0208793618
;US-AK;1922;p99.9p100;178068.625;;;0.0064425687;0.0064425687
;US-AK;1922;p99.99p100;444136.0;;;0.0016068954;0.0016068954
;US-AK;1922;p90p100;;;;0.1305387467;0.1305387467
;US-AK;1922;p90p91;36080.1015625;;;;
;US-AK;1922;p95p96;43123.7773438;;;;
;US-AK;1922;p95p100;;;;0.0780114681;0.0780114681
;US-AK;1922;p99.5p100;84510.390625;;;0.0152880391;0.0152880391
;US-AK;1921;p0p100;23542.0507812;;646703232.0;;
;US-AK;1921;p99p100;49946.6835938;;;0.0212159418;0.0212159418
;US-AK;1921;p99.9p100;130404.71875;;;0.0055392245;0.0055392245
;US-AK;1921;p99.99p100;304393.75;;;0.0012929788;0.0012929788
;US-AK;1921;p90p100;;;;0.1399315149;0.1399315149
;US-AK;1921;p90p91;32942.75;;;;
;US-AK;1921;p95p96;40120.84375;;;;
;US-AK;1921;p95p100;;;;0.0852110162;0.0852110162
;US-AK;1921;p99.5p100;67600.90625;;;0.0143574793;0.0143574793
;US-AK;1920;p0p100;41010.78125;;1101583488.0;;
;US-AK;1920;p99p100;50892.6835938;;;0.0124095865;0.0124095865
;US-AK;1920;p99.9p100;137921.21875;;;0.003363048;0.003363048
;US-AK;1920;p99.99p100;328707.875;;;0.0008015158;0.0008015158
;US-AK;1920;p90p100;;;;0.0812193379;0.0812193379
;US-AK;1920;p90p91;33308.6875;;;;
;US-AK;1920;p95p96;35824.6132812;;;;
;US-AK;1920;p95p100;;;;0.0436770655;0.0436770655
;US-AK;1920;p99.5p100;70578.6015625;;;0.0086048841;0.0086048841
;US-AK;1919;p0p100;52780.5625;;1389194368.0;;
;US-AK;1919;p99p100;56867.578125;;;0.0107743423;0.0107743423
;US-AK;1919;p99.9p100;190536.65625;;;0.0036099784;0.0036099784
;US-AK;1919;p99.99p100;452318.6875;;;0.0008569798;0.0008569798
;US-AK;1919;p90p100;;;;0.0747808591;0.0747808591
;US-AK;1919;p90p91;39469.7539062;;;;
;US-AK;1919;p95p96;44746.8007812;;;;
;US-AK;1919;p95p100;;;;0.0423894748;0.0423894748
;US-AK;1919;p99.5p100;84503.125;;;0.0080051376;0.0080051376
;US-AK;1918;p0p100;54260.1445312;;1407566208.0;;
;US-AK;1918;p99p100;72025.453125;;;0.0132740987;0.0132740987
;US-AK;1918;p99.9p100;269697.1875;;;0.0049704472;0.0049704472
;US-AK;1918;p99.99p100;780952.8125;;;0.0014392752;0.0014392752
;US-AK;1918;p90p100;;;;0.0767395124;0.0767395124
;US-AK;1918;p90p91;41638.9726562;;;;
;US-AK;1918;p95p96;51129.5;;;;
;US-AK;1918;p95p100;;;;0.0471151508;0.0471151508
;US-AK;1918;p99.5p100;109568.148438;;;0.0100965584;0.0100965584
;US-AK;1917;p0p100;46183.0546875;;1196347904.0;;
