Variable Name;.;.;.;Fiscal income  | tax unit | Average | Adults | constant 2015 local currency;Fiscal income  | tax unit | Threshold | Adults | constant 2015 local currency;Fiscal income  | tax unit | Total | Adults | constant 2015 local currency;Fiscal income  | tax unit | Share | Adults | share of total (ratio);Pre-tax national income  | tax unit | Share | Adults | share of total (ratio)
Variable Category;.;.;.;Income inequality;Income inequality;Income inequality;Income inequality;Income inequality
Variable Description;.;.;.;Average Fiscal income within a given percentile group. Fiscal income is defined as the sum of all income items reported on income tax returns, before any deduction. It includes labour income, capital income and mixed income. The concept of fiscal income varies with national tax legislations, so in order to make international comparisons it is preferable to use the concept of national income. The population is comprised of individuals over age 20. The base unit is the tax unit defined by national fiscal administrations to measure personal income taxes.;Fiscal income threshold value at a given percentile.  Fiscal income is defined as the sum of all income items reported on income tax returns, before any deduction. It includes labour income, capital income and mixed income. The concept of fiscal income varies with national tax legislations, so in order to make international comparisons it is preferable to use the concept of national income. The population is comprised of individuals over age 20. The base unit is the tax unit defined by national fiscal administrations to measure personal income taxes.;Total Fiscal income  within a given percentile group. Fiscal income is defined as the sum of all income items reported on income tax returns, before any deduction. It includes labour income, capital income and mixed income. The concept of fiscal income varies with national tax legislations, so in order to make international comparisons it is preferable to use the concept of national income. The population is comprised of individuals over age 20.;Fiscal income share held by a given percentile group. Fiscal income is defined as the sum of all income items reported on income tax returns, before any deduction. It includes labour income, capital income and mixed income. The concept of fiscal income varies with national tax legislations, so in order to make international comparisons it is preferable to use the concept of national income. The population is comprised of individuals over age 20. The base unit is the tax unit defined by national fiscal administrations to measure personal income taxes.;Pre-tax national income share held by a given percentile group. Pre-tax national income  is the sum of all pre-tax personal income flows accruing to the owners of the production factors, labor and capital, before taking into account the operation of the tax/transfer system, but after taking into account the operation of pension system. The central difference between personal factor income and pre-tax income is the treatment of pensions, which are counted on a contribution basis by factor income and on a distribution basis by pre-tax income. The population is comprised of individuals over age 20. The base unit is the tax unit defined by national fiscal administrations to measure personal income taxes.
Variable Decomposition;.;.;.;[Fiscal income ]=[Fiscal labour income ]+[Fiscal capital income ];[Fiscal income ]=[Fiscal labour income ]+[Fiscal capital income ];[Fiscal income ]=[Fiscal labour income ]+[Fiscal capital income ];[Fiscal income ]=[Fiscal labour income ]+[Fiscal capital income ];Pre-tax national income =Pre-tax labor income [total pre-tax income ranking]+Pre-tax capital income [total pre-tax income ranking]
Variable Unit;.;.;.;"USD; United States dollar | local currency | market";"USD; United States dollar | local currency | market";"USD; United States dollar | local currency | market";share;share
Methodological Notes;.;.;.;;;;;Assuming the same distribution as fiscal income.
Sources;.;.;.;Frank, Sommeiller, Price & Saez (2015);Frank, Sommeiller, Price & Saez (2015);Frank, Sommeiller, Price & Saez (2015);Frank, Sommeiller, Price & Saez (2015);WID.world computations using: Frank, Sommeiller, Price & Saez (2015)
Variable Code;country;year;perc;afiinc992t;tfiinc992t;mfiinc992t;sfiinc992t;sptinc992t
;US-OR;2014;p0p100;51632.4296875;;1.07454365696e+11;;
;US-OR;2014;p99p100;;344944.15625;;0.1644722372;0.1644722372
;US-OR;2014;p99.9p100;;1313893.625;;0.0668106303;0.0668106303
;US-OR;2014;p99.99p100;;5541624.5;;0.0272003449;0.0272003449
;US-OR;2014;p90p100;;120282.390625;;0.4699702859;0.4699702859
;US-OR;2014;p90p91;245815.59375;;;;
;US-OR;2014;p95p96;350899.28125;;;;
;US-OR;2014;p90p95;140731.890625;120282.390625;;0.1330997199;0.1330997199
;US-OR;2014;p95p99;223950.4375;159066.0625;;0.1722112894;0.1722112894
;US-OR;2014;p99.5p99.9;748889.0;522219.125;;0.0578291006;0.0578291006
;US-OR;2014;p99.9p99.99;2251517.0;1313893.625;;0.0399601944;0.0399601944
;US-OR;2014;p99p99.5;417391.21875;344944.15625;;0.039940726;0.039940726
;US-OR;2014;p95p100;;159066.0625;;0.3365888;0.3365888
;US-OR;2014;p0p90;30056.5234375;;;0.5297586322;0.5297586322
;US-OR;2014;p0p99;43480.2851562;;;0.8355277777;0.8355277777
;US-OR;2014;p99.5p100;;522219.125;;0.1245242357;0.1245242357
;US-OR;2014;p99.5p99.6;1299998.125;;;;
;US-OR;2014;p99.99p99.991;14780695.0;;;;
;US-OR;2014;p99.9p99.91;3504434.75;;;;
;US-OR;2014;p99p99.1;858694.6875;;;;
;US-OR;2013;p0p100;49911.8125;;1.01503901696e+11;;
;US-OR;2013;p99p100;;326477.90625;;0.1555490196;0.1555490196
;US-OR;2013;p99.9p100;;1197300.5;;0.0613962784;0.0613962784
;US-OR;2013;p99.99p100;;4934023.0;;0.0249689166;0.0249689166
;US-OR;2013;p90p100;;119944.1875;;0.463444978;0.463444978
;US-OR;2013;p90p91;236255.796875;;;;
;US-OR;2013;p95p96;332359.40625;;;;
;US-OR;2013;p90p95;140152.1875;119944.1875;;0.1352904588;0.1352904588
;US-OR;2013;p95p99;218618.71875;155850.75;;0.1720997691;0.1720997691
;US-OR;2013;p99.5p99.9;699142.5;489842.03125;;0.0551016927;0.0551016927
;US-OR;2013;p99.9p99.99;2031441.75;1197300.5;;0.0365323685;0.0365323685
;US-OR;2013;p99p99.5;393359.1875;326477.90625;;0.0390815586;0.0390815586
;US-OR;2013;p95p100;;155850.75;;0.3277430236;0.3277430236
;US-OR;2013;p0p90;29206.9238281;;;0.5369252563;0.5369252563
;US-OR;2013;p0p99;42463.2226562;;;0.8444510102;0.8444510102
;US-OR;2013;p99.5p100;;489842.03125;;0.1165140867;0.1165140867
;US-OR;2013;p99.5p99.6;1181285.0;;;;
;US-OR;2013;p99.99p99.991;12815576.0;;;;
;US-OR;2013;p99.9p99.91;3109855.25;;;;
;US-OR;2013;p99p99.1;787322.125;;;;
;US-OR;2012;p0p100;50853.625;;1.03532535808e+11;;
;US-OR;2012;p99p100;832920.8125;;;0.1637878865;0.1637878865
;US-OR;2012;p99.9p100;3490615.25;;;0.0686404407;0.0686404407
;US-OR;2012;p99.99p100;14338949.0;;;0.0281965099;0.0281965099
;US-OR;2012;p90p100;;;;0.4572584033;0.4572584033
;US-OR;2012;p90p91;232532.484375;;;;
;US-OR;2012;p95p96;333432.0625;;;;
;US-OR;2012;p95p100;;;;0.327835083;0.327835083
;US-OR;2012;p99.5p100;1276698.875;;;0.1255268306;0.1255268306
;US-OR;2011;p0p100;47492.7773438;;96628416512.0;;
;US-OR;2011;p99p100;711457.8125;;;0.1498033553;0.1498033553
;US-OR;2011;p99.9p100;2845344.25;;;0.0599110872;0.0599110872
;US-OR;2011;p99.99p100;11859393.0;;;0.0249709394;0.0249709394
;US-OR;2011;p90p100;;;;0.4535900652;0.4535900652
;US-OR;2011;p90p91;215422.515625;;;;
;US-OR;2011;p95p96;302662.03125;;;;
;US-OR;2011;p95p100;;;;0.3186400533;0.3186400533
;US-OR;2011;p99.5p100;1069043.25;;;0.1125479713;0.1125479713
;US-OR;2010;p0p100;46481.9882812;;95061884928.0;;
;US-OR;2010;p99p100;690842.875;;;0.1486259401;0.1486259401
;US-OR;2010;p99.9p100;2798611.0;;;0.0602085069;0.0602085069
;US-OR;2010;p99.99p100;12042088.0;;;0.0259069987;0.0259069987
;US-OR;2010;p90p100;;;;0.4518177509;0.4518177509
;US-OR;2010;p90p91;210013.875;;;;
;US-OR;2010;p95p96;293585.8125;;;;
;US-OR;2010;p95p100;;;;0.3158060014;0.3158060014
;US-OR;2010;p99.5p100;1042290.5;;;0.1121176779;0.1121176779
;US-OR;2009;p0p100;46726.390625;;92838297600.0;;
;US-OR;2009;p99p100;661164.4375;;;0.141497016;0.141497016
;US-OR;2009;p99.9p100;2574348.5;;;0.0550941005;0.0550941005
;US-OR;2009;p99.99p100;10278330.0;;;0.0219968408;0.0219968408
;US-OR;2009;p90p100;;;;0.4333484173;0.4333484173
;US-OR;2009;p90p91;202488.078125;;;;
;US-OR;2009;p95p96;278791.65625;;;;
;US-OR;2009;p95p100;;;;0.2983235717;0.2983235717
;US-OR;2009;p99.5p100;983678.875;;;0.1052594557;0.1052594557
;US-OR;2008;p0p100;51863.9960938;;1.0216742912e+11;;
;US-OR;2008;p99p100;810237.9375;;;0.15622361;0.15622361
;US-OR;2008;p99.9p100;3350958.5;;;0.0646105036;0.0646105036
;US-OR;2008;p99.99p100;13510555.0;;;0.0260499716;0.0260499716
;US-OR;2008;p90p100;;;;0.4364061356;0.4364061356
;US-OR;2008;p90p91;226337.640625;;;;
;US-OR;2008;p95p96;321035.84375;;;;
;US-OR;2008;p95p100;;;;0.3094978333;0.3094978333
;US-OR;2008;p99.5p100;1235050.875;;;0.1190663129;0.1190663129
;US-OR;2007;p0p100;56386.5234375;;1.09500301312e+11;;
;US-OR;2007;p99p100;1055900.5;;;0.1872611493;0.1872611493
;US-OR;2007;p99.9p100;4718198.5;;;0.0836760029;0.0836760029
;US-OR;2007;p99.99p100;19849930.0;;;0.0352033265;0.0352033265
;US-OR;2007;p90p100;;;;0.4660579264;0.4660579264
;US-OR;2007;p90p91;262793.875;;;;
;US-OR;2007;p95p96;387465.53125;;;;
;US-OR;2007;p95p100;;;;0.3435799181;0.3435799181
;US-OR;2007;p99.5p100;1655803.0;;;0.1468261182;0.1468261182
;US-OR;2006;p0p100;55939.3984375;;1.05244606464e+11;;
;US-OR;2006;p99p100;1014458.0625;;;0.1813494861;0.1813494861
;US-OR;2006;p99.9p100;4442348.0;;;0.0794135854;0.0794135854
;US-OR;2006;p99.99p100;18052586.0;;;0.0322716869;0.0322716869
;US-OR;2006;p90p100;;;;0.4562672675;0.4562672675
;US-OR;2006;p90p91;255233.140625;;;;
;US-OR;2006;p95p96;375436.46875;;;;
;US-OR;2006;p95p100;;;;0.3355742991;0.3355742991
;US-OR;2006;p99.5p100;1582745.25;;;0.1414696425;0.1414696425
;US-OR;2005;p0p100;54686.9921875;;99707158528.0;;
;US-OR;2005;p99p100;923659.625;;;0.1688993424;0.1688993424
;US-OR;2005;p99.9p100;3900466.5;;;0.0713234767;0.0713234767
;US-OR;2005;p99.99p100;15342967.0;;;0.0280559752;0.0280559752
;US-OR;2005;p90p100;;;;0.4418335557;0.4418335557
;US-OR;2005;p90p91;241625.484375;;;;
;US-OR;2005;p95p96;353056.59375;;;;
;US-OR;2005;p95p100;;;;0.3227976263;0.3227976263
;US-OR;2005;p99.5p100;1422648.25;;;0.1300719082;0.1300719082
;US-OR;2004;p0p100;51795.9726562;;95543664640.0;;
;US-OR;2004;p99p100;811994.0625;;;0.1567678005;0.1567678005
;US-OR;2004;p99.9p100;3383544.25;;;0.065324463;0.065324463
;US-OR;2004;p99.99p100;13498096.0;;;0.0260601267;0.0260601267
;US-OR;2004;p90p100;;;;0.4271290898;0.4271290898
;US-OR;2004;p90p91;221235.671875;;;;
;US-OR;2004;p95p96;323606.15625;;;;
;US-OR;2004;p95p100;;;;0.3123854399;0.3123854399
;US-OR;2004;p99.5p100;1240928.125;;;0.1197900251;0.1197900251
;US-OR;2003;p0p100;50886.8007812;;89614311424.0;;
;US-OR;2003;p99p100;719966.75;;;0.1414839774;0.1414839774
;US-OR;2003;p99.9p100;2860035.0;;;0.0562038608;0.0562038608
;US-OR;2003;p99.99p100;11236174.0;;;0.0220807232;0.0220807232
;US-OR;2003;p90p100;;;;0.4105079174;0.4105079174
;US-OR;2003;p90p91;208894.375;;;;
;US-OR;2003;p95p96;296566.78125;;;;
;US-OR;2003;p95p100;;;;0.2913985252;0.2913985252
;US-OR;2003;p99.5p100;1082556.0;;;0.1063690335;0.1063690335
;US-OR;2002;p0p100;50954.4609375;;88434163712.0;;
;US-OR;2002;p99p100;684517.125;;;0.1343390048;0.1343390048
;US-OR;2002;p99.9p100;2601637.0;;;0.05105808;0.05105808
;US-OR;2002;p99.99p100;9722795.0;;;0.019081343;0.019081343
;US-OR;2002;p90p100;;;;0.4041703343;0.4041703343
;US-OR;2002;p90p91;205942.8125;;;;
;US-OR;2002;p95p96;289506.25;;;;
;US-OR;2002;p95p100;;;;0.2840833366;0.2840833366
;US-OR;2002;p99.5p100;1016029.5;;;0.099699758;0.099699758
;US-OR;2001;p0p100;53844.4882812;;91585347584.0;;
;US-OR;2001;p99p100;744538.25;;;0.1382756829;0.1382756829
;US-OR;2001;p99.9p100;2900549.0;;;0.0538690127;0.0538690127
;US-OR;2001;p99.99p100;11279385.0;;;0.0209480803;0.0209480803
;US-OR;2001;p90p100;;;;0.4039850831;0.4039850831
;US-OR;2001;p90p91;217523.6875;;;;
;US-OR;2001;p95p96;309005.46875;;;;
;US-OR;2001;p95p100;;;;0.2869425714;0.2869425714
;US-OR;2001;p99.5p100;1099405.875;;;0.1020908579;0.1020908579
;US-OR;2000;p0p100;58607.7734375;;98560557056.0;;
;US-OR;2000;p99p100;1031486.6875;;;0.1759982705;0.1759982705
;US-OR;2000;p99.9p100;4721131.5;;;0.0805546939;0.0805546939
;US-OR;2000;p99.99p100;19647262.0;;;0.0335233025;0.0335233025
;US-OR;2000;p90p100;;;;0.4354549944;0.4354549944
;US-OR;2000;p90p91;255210.484375;;;;
;US-OR;2000;p95p96;380073.40625;;;;
;US-OR;2000;p95p100;;;;0.3242517114;0.3242517114
;US-OR;2000;p99.5p100;1626027.5;;;0.1387211531;0.1387211531
;US-OR;1999;p0p100;57578.9179688;;94192058368.0;;
;US-OR;1999;p99p100;905048.125;;;0.1571839452;0.1571839452
;US-OR;1999;p99.9p100;3874360.5;;;0.0672878325;0.0672878325
;US-OR;1999;p99.99p100;15283010.0;;;0.0265427176;0.0265427176
;US-OR;1999;p90p100;;;;0.4186004102;0.4186004102
;US-OR;1999;p90p91;241025.578125;;;;
;US-OR;1999;p95p96;352056.375;;;;
;US-OR;1999;p95p100;;;;0.3057163954;0.3057163954
;US-OR;1999;p99.5p100;1387391.375;;;0.1204773784;0.1204773784
;US-OR;1998;p0p100;54991.9921875;;89051209728.0;;
;US-OR;1998;p99p100;838419.25;;;0.1524620652;0.1524620652
;US-OR;1998;p99.9p100;3532926.75;;;0.0642443821;0.0642443821
;US-OR;1998;p99.99p100;13733668.0;;;0.0249739401;0.0249739401
;US-OR;1998;p90p100;;;;0.4108939767;0.4108939767
;US-OR;1998;p90p91;225958.796875;;;;
;US-OR;1998;p95p96;327845.40625;;;;
;US-OR;1998;p95p100;;;;0.2980846763;0.2980846763
;US-OR;1998;p99.5p100;1280714.125;;;0.1164455041;0.1164455041
;US-OR;1997;p0p100;51711.1992188;;83931217920.0;;
;US-OR;1997;p99p100;788333.0625;;;0.1524491757;0.1524491757
;US-OR;1997;p99.9p100;3348467.25;;;0.0647532344;0.0647532344
;US-OR;1997;p99.99p100;13782295.0;;;0.0266524367;0.0266524367
;US-OR;1997;p90p100;;;;0.4177061915;0.4177061915
;US-OR;1997;p90p91;216000.890625;;;;
;US-OR;1997;p95p96;311683.625;;;;
;US-OR;1997;p95p100;;;;0.3013695478;0.3013695478
;US-OR;1997;p99.5p100;1201324.0;;;0.11615704;0.11615704
;US-OR;1996;p0p100;49960.171875;;77776322560.0;;
;US-OR;1996;p99p100;703132.3125;;;0.1407385767;0.1407385767
;US-OR;1996;p99.9p100;2757188.5;;;0.055187732;0.055187732
;US-OR;1996;p99.99p100;10525300.0;;;0.0210673809;0.0210673809
;US-OR;1996;p90p100;;;;0.4032025039;0.4032025039
;US-OR;1996;p90p91;201440.65625;;;;
;US-OR;1996;p95p96;286808.6875;;;;
;US-OR;1996;p95p100;;;;0.2870373428;0.2870373428
;US-OR;1996;p99.5p100;1055090.25;;;0.1055931374;0.1055931374
;US-OR;1995;p0p100;47736.6796875;;72476336128.0;;
;US-OR;1995;p99p100;610172.6875;;;0.1278205216;0.1278205216
;US-OR;1995;p99.9p100;2226622.75;;;0.0466438532;0.0466438532
;US-OR;1995;p99.99p100;7915809.0;;;0.0165822357;0.0165822357
;US-OR;1995;p90p100;;;;0.3901097178;0.3901097178
;US-OR;1995;p90p91;186225.4375;;;;
;US-OR;1995;p95p96;260571.546875;;;;
;US-OR;1995;p95p100;;;;0.2729259133;0.2729259133
;US-OR;1995;p99.5p100;896626.875;;;0.0939138308;0.0939138308
;US-OR;1994;p0p100;45732.25;;67572359168.0;;
;US-OR;1994;p99p100;573350.3125;;;0.1253711134;0.1253711134
;US-OR;1994;p99.9p100;2110022.25;;;0.046138607;0.046138607
;US-OR;1994;p99.99p100;7794591.5;;;0.0170439724;0.0170439724
;US-OR;1994;p90p100;;;;0.3854241967;0.3854241967
;US-OR;1994;p90p91;176263.140625;;;;
;US-OR;1994;p95p96;246134.8125;;;;
;US-OR;1994;p95p100;;;;0.2691042423;0.2691042423
;US-OR;1994;p99.5p100;842955.625;;;0.0921620578;0.0921620578
;US-OR;1993;p0p100;43224.2421875;;64170057728.0;;
;US-OR;1993;p99p100;550347.8125;;;0.1273238808;0.1273238808
;US-OR;1993;p99.9p100;2052128.0;;;0.0474763252;0.0474763252
;US-OR;1993;p99.99p100;7689382.5;;;0.0177895147;0.0177895147
;US-OR;1993;p90p100;;;;0.3920558691;0.3920558691
;US-OR;1993;p90p91;169463.15625;;;;
;US-OR;1993;p95p96;237335.890625;;;;
;US-OR;1993;p95p100;;;;0.2745402753;0.2745402753
;US-OR;1993;p99.5p100;814210.0625;;;0.0941844285;0.0941844285
;US-OR;1992;p0p100;43214.09375;;62080581632.0;;
;US-OR;1992;p99p100;546877.625;;;0.1265507638;0.1265507638
;US-OR;1992;p99.9p100;2024788.875;;;0.0468548313;0.0468548313
;US-OR;1992;p99.99p100;7446497.0;;;0.0172316413;0.0172316413
;US-OR;1992;p90p100;;;;0.3917960823;0.3917960823
;US-OR;1992;p90p91;169311.109375;;;;
;US-OR;1992;p95p96;234065.078125;;;;
;US-OR;1992;p95p100;;;;0.2708203495;0.2708203495
;US-OR;1992;p99.5p100;809012.8125;;;0.0936052129;0.0936052129
;US-OR;1991;p0p100;43268.9414062;;60574969856.0;;
;US-OR;1991;p99p100;510150.375;;;0.1179022193;0.1179022193
;US-OR;1991;p99.9p100;1863825.25;;;0.0430753604;0.0430753604
;US-OR;1991;p99.99p100;6784530.0;;;0.0156799108;0.0156799108
;US-OR;1991;p90p100;;;;0.3788828254;0.3788828254
;US-OR;1991;p90p91;163938.578125;;;;
;US-OR;1991;p95p96;223825.890625;;;;
;US-OR;1991;p95p100;;;;0.2586450279;0.2586450279
;US-OR;1991;p99.5p100;751557.0625;;;0.0868471861;0.0868471861
;US-OR;1990;p0p100;44347.2421875;;60439121920.0;;
;US-OR;1990;p99p100;548842.875;;;0.1237603128;0.1237603128
;US-OR;1990;p99.9p100;2051524.0;;;0.0462604649;0.0462604649
;US-OR;1990;p99.99p100;7558467.0;;;0.0170438252;0.0170438252
;US-OR;1990;p90p100;;;;0.3791589439;0.3791589439
;US-OR;1990;p90p91;168146.546875;;;;
;US-OR;1990;p95p96;233160.859375;;;;
;US-OR;1990;p95p100;;;;0.2628808916;0.2628808916
;US-OR;1990;p99.5p100;817472.875;;;0.0921672732;0.0921672732
;US-OR;1989;p0p100;44548.3632812;;58458402816.0;;
;US-OR;1989;p99p100;573330.4375;;;0.1286984235;0.1286984235
;US-OR;1989;p99.9p100;2236083.0;;;0.0501945019;0.0501945019
;US-OR;1989;p99.99p100;8616154.0;;;0.0193411242;0.0193411242
;US-OR;1989;p90p100;;;;0.3781383336;0.3781383336
;US-OR;1989;p90p91;168454.4375;;;;
;US-OR;1989;p95p96;235647.859375;;;;
;US-OR;1989;p95p100;;;;0.2644854188;0.2644854188
;US-OR;1989;p99.5p100;861241.5;;;0.0966636539;0.0966636539
;US-OR;1988;p0p100;44356.1445312;;56694444032.0;;
;US-OR;1988;p99p100;562440.6875;;;0.1268010885;0.1268010885
;US-OR;1988;p99.9p100;2224626.5;;;0.0501537398;0.0501537398
;US-OR;1988;p99.99p100;8441986.0;;;0.019032279;0.019032279
;US-OR;1988;p90p100;;;;0.3689205945;0.3689205945
;US-OR;1988;p90p91;163638.953125;;;;
;US-OR;1988;p95p96;228670.796875;;;;
;US-OR;1988;p95p100;;;;0.2577667534;0.2577667534
;US-OR;1988;p99.5p100;850858.8125;;;0.0959121734;0.0959121734
;US-OR;1987;p0p100;43027.4375;;52432699392.0;;
;US-OR;1987;p99p100;443155.65625;;;0.1029937267;0.1029937267
;US-OR;1987;p99.9p100;1548716.25;;;0.0359936878;0.0359936878
;US-OR;1987;p99.99p100;5447633.5;;;0.0126608359;0.0126608359
;US-OR;1987;p90p100;;;;0.3444082439;0.3444082439
;US-OR;1987;p90p91;148190.046875;;;;
;US-OR;1987;p95p96;199455.875;;;;
;US-OR;1987;p95p100;;;;0.2317775339;0.2317775339
;US-OR;1987;p99.5p100;641410.1875;;;0.0745350197;0.0745350197
;US-OR;1986;p0p100;43606.484375;;53997064192.0;;
;US-OR;1986;p99p100;552041.3125;;;0.1265961677;0.1265961677
;US-OR;1986;p99.9p100;2309334.5;;;0.0529585145;0.0529585145
;US-OR;1986;p99.99p100;9383371.0;;;0.0215182919;0.0215182919
;US-OR;1986;p90p100;;;;0.3614525497;0.3614525497
;US-OR;1986;p90p91;157616.75;;;;
;US-OR;1986;p95p96;221048.953125;;;;
;US-OR;1986;p95p100;;;;0.2534587979;0.2534587979
;US-OR;1986;p99.5p100;847513.3125;;;0.0971774384;0.0971774384
;US-OR;1985;p0p100;40781.2265625;;49610031104.0;;
;US-OR;1985;p99p100;382365.0625;;;0.0937600657;0.0937600657
;US-OR;1985;p99.9p100;1311517.75;;;0.0321598426;0.0321598426
;US-OR;1985;p99.99p100;4255696.0;;;0.0104354285;0.0104354285
;US-OR;1985;p90p100;;;;0.3296016157;0.3296016157
;US-OR;1985;p90p91;134415.59375;;;;
;US-OR;1985;p95p96;179236.5;;;;
;US-OR;1985;p95p100;;;;0.2197536975;0.2197536975
;US-OR;1985;p99.5p100;548170.0625;;;0.0672086254;0.0672086254
;US-OR;1984;p0p100;39593.671875;;47339302912.0;;
;US-OR;1984;p99p100;396810.8125;;;0.1002207696;0.1002207696
;US-OR;1984;p99.9p100;1459967.375;;;0.0368737541;0.0368737541
;US-OR;1984;p99.99p100;5766606.5;;;0.0145644648;0.0145644648
;US-OR;1984;p90p100;;;;0.3267381787;0.3267381787
;US-OR;1984;p90p91;129367.648438;;;;
;US-OR;1984;p95p96;176319.359375;;;;
;US-OR;1984;p95p100;;;;0.2226610333;0.2226610333
;US-OR;1984;p99.5p100;564136.4375;;;0.0712407306;0.0712407306
;US-OR;1983;p0p100;38057.2578125;;44734160896.0;;
;US-OR;1983;p99p100;411028.59375;;;0.108002685;0.108002685
;US-OR;1983;p99.9p100;1573843.25;;;0.0413546115;0.0413546115
;US-OR;1983;p99.99p100;6403600.0;;;0.0168262254;0.0168262254
;US-OR;1983;p90p100;;;;0.3280794919;0.3280794919
;US-OR;1983;p90p91;124858.054688;;;;
;US-OR;1983;p95p96;174701.5;;;;
;US-OR;1983;p95p100;;;;0.2295245379;0.2295245379
;US-OR;1983;p99.5p100;586435.4375;;;0.0770464614;0.0770464614
;US-OR;1982;p0p100;37886.03125;;45511618560.0;;
;US-OR;1982;p99p100;361464.65625;;;0.0954084322;0.0954084322
;US-OR;1982;p99.9p100;1398130.375;;;0.0369035862;0.0369035862
;US-OR;1982;p99.99p100;5805082.0;;;0.0153224869;0.0153224869
;US-OR;1982;p90p100;;;;0.3274150789;0.3274150789
;US-OR;1982;p90p91;124044.578125;;;;
;US-OR;1982;p95p96;166181.109375;;;;
;US-OR;1982;p95p100;;;;0.2193171233;0.2193171233
;US-OR;1982;p99.5p100;533370.4375;;;0.0703914389;0.0703914389
;US-OR;1981;p0p100;39935.3164062;;47924826112.0;;
;US-OR;1981;p99p100;333580.84375;;;0.083530277;0.083530277
;US-OR;1981;p99.9p100;1045785.8125;;;0.0261869915;0.0261869915
;US-OR;1981;p99.99p100;3563298.0;;;0.0089226738;0.0089226738
;US-OR;1981;p90p100;;;;0.335141778;0.335141778
;US-OR;1981;p90p91;133839.9375;;;;
;US-OR;1981;p95p96;169477.046875;;;;
;US-OR;1981;p95p100;;;;0.2121894509;0.2121894509
;US-OR;1981;p99.5p100;468822.625;;;0.0586977452;0.0586977452
;US-OR;1980;p0p100;42754.5976562;;49676206080.0;;
;US-OR;1980;p99p100;357336.90625;;;0.083578594;0.083578594
;US-OR;1980;p99.9p100;1088774.5;;;0.025465671;0.025465671
;US-OR;1980;p99.99p100;3297916.25;;;0.007713594;0.007713594
;US-OR;1980;p90p100;;;;0.3189284503;0.3189284503
;US-OR;1980;p90p91;136356.5625;;;;
;US-OR;1980;p95p96;176026.359375;;;;
;US-OR;1980;p95p100;;;;0.2058566362;0.2058566362
;US-OR;1980;p99.5p100;494412.53125;;;0.0578198098;0.0578198098
;US-OR;1979;p0p100;44560.0117188;;49457405952.0;;
;US-OR;1979;p99p100;387541.0;;;0.0869705677;0.0869705677
;US-OR;1979;p99.9p100;1192799.625;;;0.0267683845;0.0267683845
;US-OR;1979;p99.99p100;4247463.5;;;0.0095320065;0.0095320065
;US-OR;1979;p90p100;;;;0.3167661726;0.3167661726
;US-OR;1979;p90p91;141151.0625;;;;
;US-OR;1979;p95p96;184218.078125;;;;
;US-OR;1979;p95p100;;;;0.2067078054;0.2067078054
;US-OR;1979;p99.5p100;536442.6875;;;0.0601932742;0.0601932742
;US-OR;1978;p0p100;42261.7109375;;46502539264.0;;
;US-OR;1978;p99p100;353615.03125;;;0.0836726725;0.0836726725
;US-OR;1978;p99.9p100;978169.125;;;0.0231455192;0.0231455192
;US-OR;1978;p99.99p100;2987259.5;;;0.0070684776;0.0070684776
;US-OR;1978;p90p100;;;;0.3268395662;0.3268395662
;US-OR;1978;p90p91;138127.984375;;;;
;US-OR;1978;p95p96;181641.953125;;;;
;US-OR;1978;p95p100;;;;0.2149013281;0.2149013281
;US-OR;1978;p99.5p100;477664.84375;;;0.0565127209;0.0565127209
;US-OR;1977;p0p100;40619.8632812;;43384012800.0;;
;US-OR;1977;p99p100;352568.375;;;0.0867970437;0.0867970437
;US-OR;1977;p99.9p100;1048732.875;;;0.0258182287;0.0258182287
;US-OR;1977;p99.99p100;3807729.5;;;0.0093740588;0.0093740588
;US-OR;1977;p90p100;;;;0.3332638443;0.3332638443
;US-OR;1977;p90p91;135371.3125;;;;
;US-OR;1977;p95p96;176734.671875;;;;
;US-OR;1977;p95p100;;;;0.2175471038;0.2175471038
;US-OR;1977;p99.5p100;476118.78125;;;0.0586066432;0.0586066432
;US-OR;1976;p0p100;39877.1679688;;41366077440.0;;
;US-OR;1976;p99p100;315879.5;;;0.07921312;0.07921312
;US-OR;1976;p99.9p100;841565.5;;;0.0211039428;0.0211039428
;US-OR;1976;p99.99p100;2313342.0;;;0.0058011692;0.0058011692
;US-OR;1976;p90p100;;;;0.3173070252;0.3173070252
;US-OR;1976;p90p91;126533.054688;;;;
;US-OR;1976;p95p96;163369.5;;;;
;US-OR;1976;p95p100;;;;0.2048409134;0.2048409134
;US-OR;1976;p99.5p100;410680.1875;;;0.0514931493;0.0514931493
;US-OR;1975;p0p100;37636.2460938;;37942972416.0;;
;US-OR;1975;p99p100;305324.0625;;;0.0811250061;0.0811250061
;US-OR;1975;p99.9p100;828084.9375;;;0.0220023245;0.0220023245
;US-OR;1975;p99.99p100;2418689.5;;;0.006426489;0.006426489
;US-OR;1975;p90p100;;;;0.3286411166;0.3286411166
;US-OR;1975;p90p91;123688.1875;;;;
;US-OR;1975;p95p96;160076.390625;;;;
;US-OR;1975;p95p100;;;;0.212662518;0.212662518
;US-OR;1975;p99.5p100;404023.25;;;0.0536747538;0.0536747538
;US-OR;1974;p0p100;39555.09375;;38744461312.0;;
;US-OR;1974;p99p100;335731.96875;;;0.0848770589;0.0848770589
;US-OR;1974;p99.9p100;959537.625;;;0.0242582578;0.0242582578
;US-OR;1974;p99.99p100;2959244.0;;;0.0074813226;0.0074813226
;US-OR;1974;p90p100;;;;0.3244076073;0.3244076073
;US-OR;1974;p90p91;128319.726562;;;;
;US-OR;1974;p95p96;168091.640625;;;;
;US-OR;1974;p95p100;;;;0.2124778926;0.2124778926
;US-OR;1974;p99.5p100;457927.6875;;;0.0578847975;0.0578847975
;US-OR;1973;p0p100;39519.0664062;;37639376896.0;;
;US-OR;1973;p99p100;364434.96875;;;0.0922174975;0.0922174975
;US-OR;1973;p99.9p100;1172224.75;;;0.0296622571;0.0296622571
;US-OR;1973;p99.99p100;4577724.0;;;0.0115835834;0.0115835834
;US-OR;1973;p90p100;;;;0.3346099257;0.3346099257
;US-OR;1973;p90p91;132234.734375;;;;
;US-OR;1973;p95p96;176170.703125;;;;
;US-OR;1973;p95p100;;;;0.2228932828;0.2228932828
;US-OR;1973;p99.5p100;510070.3125;;;0.0645347089;0.0645347089
;US-OR;1972;p0p100;38606.9492188;;35742425088.0;;
;US-OR;1972;p99p100;360791.625;;;0.0934525207;0.0934525207
;US-OR;1972;p99.9p100;1250465.0;;;0.0323896371;0.0323896371
;US-OR;1972;p99.99p100;5357660.5;;;0.0138774524;0.0138774524
;US-OR;1972;p90p100;;;;0.329292804;0.329292804
;US-OR;1972;p90p91;127129.898438;;;;
;US-OR;1972;p95p96;169515.875;;;;
;US-OR;1972;p95p100;;;;0.2195406407;0.2195406407
;US-OR;1972;p99.5p100;509931.5625;;;0.0660414249;0.0660414249
;US-OR;1971;p0p100;36668.4726562;;32962385920.0;;
;US-OR;1971;p99p100;318467.8125;;;0.0868505761;0.0868505761
;US-OR;1971;p99.9p100;987228.8125;;;0.0269230977;0.0269230977
;US-OR;1971;p99.99p100;4028081.25;;;0.0109851351;0.0109851351
;US-OR;1971;p90p100;;;;0.3325865567;0.3325865567
;US-OR;1971;p90p91;121954.40625;;;;
;US-OR;1971;p95p96;160425.6875;;;;
;US-OR;1971;p95p100;;;;0.2187515199;0.2187515199
;US-OR;1971;p99.5p100;439561.40625;;;0.0599372424;0.0599372424
;US-OR;1970;p0p100;36299.6210938;;31624515584.0;;
;US-OR;1970;p99p100;287971.75;;;0.0793318823;0.0793318823
;US-OR;1970;p99.9p100;753229.6875;;;0.0207503438;0.0207503438
;US-OR;1970;p99.99p100;2259793.75;;;0.0062253918;0.0062253918
;US-OR;1970;p90p100;;;;0.3213180006;0.3213180006
;US-OR;1970;p90p91;116637.226562;;;;
;US-OR;1970;p95p96;150468.796875;;;;
;US-OR;1970;p95p100;;;;0.2072594315;0.2072594315
;US-OR;1970;p99.5p100;384262.875;;;0.0529293194;0.0529293194
;US-OR;1969;p0p100;36504.578125;;31252633600.0;;
;US-OR;1969;p99p100;341704.28125;;;0.0936058611;0.0936058611
;US-OR;1969;p99.9p100;1117851.375;;;0.0306222215;0.0306222215
;US-OR;1969;p99.99p100;4137598.75;;;0.011334464;0.011334464
;US-OR;1969;p90p100;;;;0.3361090422;0.3361090422
;US-OR;1969;p90p91;122695.195312;;;;
;US-OR;1969;p95p96;162096.59375;;;;
;US-OR;1969;p95p100;;;;0.2220222652;0.2220222652
;US-OR;1969;p99.5p100;476002.15625;;;0.0651975945;0.0651975945
;US-OR;1968;p0p100;36100.0820312;;30427348992.0;;
;US-OR;1968;p99p100;355925.90625;;;0.0985941961;0.0985941961
;US-OR;1968;p99.9p100;1090953.75;;;0.0302202534;0.0302202534
;US-OR;1968;p99.99p100;3566192.25;;;0.0098786252;0.0098786252
;US-OR;1968;p90p100;;;;0.3430257142;0.3430257142
;US-OR;1968;p90p91;123832.578125;;;;
;US-OR;1968;p95p96;166908.078125;;;;
;US-OR;1968;p95p100;;;;0.2311740965;0.2311740965
;US-OR;1968;p99.5p100;499320.8125;;;0.0691578463;0.0691578463
;US-OR;1967;p0p100;34891.7773438;;28945854464.0;;
;US-OR;1967;p99p100;336542.09375;;;0.0964531302;0.0964531302
;US-OR;1967;p99.9p100;1002481.0;;;0.0287311543;0.0287311543
;US-OR;1967;p99.99p100;3282385.0;;;0.0094073312;0.0094073312
;US-OR;1967;p90p100;;;;0.3407010734;0.3407010734
;US-OR;1967;p90p91;118876.65625;;;;
;US-OR;1967;p95p96;160263.859375;;;;
;US-OR;1967;p95p100;;;;0.2296584994;0.2296584994
;US-OR;1967;p99.5p100;463827.78125;;;0.0664666295;0.0664666295
;US-OR;1966;p0p100;34108.5039062;;27824312320.0;;
;US-OR;1966;p99p100;311061.40625;;;0.0911976174;0.0911976174
;US-OR;1966;p99.9p100;865276.25;;;0.0253683459;0.0253683459
;US-OR;1966;p99.99p100;2738117.0;;;0.0080276672;0.0080276672
;US-OR;1966;p90p100;;;;0.331181109;0.331181109
;US-OR;1966;p90p91;112960.90625;;;;
;US-OR;1966;p95p96;151412.765625;;;;
;US-OR;1966;p95p100;;;;0.2219575197;0.2219575197
;US-OR;1966;p99.5p100;421003.4375;;;0.0617153198;0.0617153198
;US-OR;1965;p0p100;33076.9726562;;26514356224.0;;
;US-OR;1965;p99p100;328038.21875;;;0.099174194;0.099174194
;US-OR;1965;p99.9p100;1016160.75;;;0.0307210945;0.0307210945
;US-OR;1965;p99.99p100;4489507.5;;;0.0135729089;0.0135729089
;US-OR;1965;p90p100;;;;0.3448406458;0.3448406458
;US-OR;1965;p90p91;114062.84375;;;;
;US-OR;1965;p95p96;153451.703125;;;;
;US-OR;1965;p95p100;;;;0.2319615334;0.2319615334
;US-OR;1965;p99.5p100;456813.8125;;;0.0690531433;0.0690531433
;US-OR;1964;p0p100;31421.5996094;;24725618688.0;;
;US-OR;1964;p99p100;315655.21875;;;0.1004580408;0.1004580408
;US-OR;1964;p99.9p100;930841.6875;;;0.0296242628;0.0296242628
;US-OR;1964;p99.99p100;4251500.0;;;0.0135305012;0.0135305012
;US-OR;1964;p90p100;;;;0.3525534868;0.3525534868
;US-OR;1964;p90p91;110777.945312;;;;
;US-OR;1964;p95p96;147827.6875;;;;
;US-OR;1964;p95p100;;;;0.2352326065;0.2352326065
;US-OR;1964;p99.5p100;422639.03125;;;0.0672529489;0.0672529489
;US-OR;1963;p0p100;29823.5703125;;23005022208.0;;
;US-OR;1963;p99p100;268368.03125;;;0.0899852216;0.0899852216
;US-OR;1963;p99.9p100;735783.5625;;;0.0246712118;0.0246712118
;US-OR;1963;p99.99p100;2001155.75;;;0.0067099812;0.0067099812
;US-OR;1963;p90p100;;;;0.3359073699;0.3359073699
;US-OR;1963;p90p91;100179.554688;;;;
;US-OR;1963;p95p96;131996.78125;;;;
;US-OR;1963;p95p100;;;;0.2212960869;0.2212960869
;US-OR;1963;p99.5p100;368108.71875;;;0.0617143959;0.0617143959
;US-OR;1962;p0p100;28922.1757812;;21857667072.0;;
;US-OR;1962;p99p100;266875.375;;;0.0922736079;0.0922736079
;US-OR;1962;p99.9p100;799326.125;;;0.0276371371;0.0276371371
;US-OR;1962;p99.99p100;2847822.25;;;0.0098465001;0.0098465001
;US-OR;1962;p90p100;;;;0.3329492509;0.3329492509
;US-OR;1962;p90p91;96296.171875;;;;
;US-OR;1962;p95p96;126607.164062;;;;
;US-OR;1962;p95p100;;;;0.218875587;0.218875587
;US-OR;1962;p99.5p100;371438.1875;;;0.0642133877;0.0642133877
;US-OR;1961;p0p100;28382.7382812;;20993898496.0;;
;US-OR;1961;p99p100;266932.96875;;;0.0940476432;0.0940476432
;US-OR;1961;p99.9p100;735838.5;;;0.0259255618;0.0259255618
;US-OR;1961;p99.99p100;2127140.5;;;0.0074944864;0.0074944864
;US-OR;1961;p90p100;;;;0.3341329992;0.3341329992
;US-OR;1961;p90p91;94836.09375;;;;
;US-OR;1961;p95p96;126024.382812;;;;
;US-OR;1961;p95p100;;;;0.2220088542;0.2220088542
;US-OR;1961;p99.5p100;373418.25;;;0.065782629;0.065782629
;US-OR;1960;p0p100;28085.015625;;20306755584.0;;
;US-OR;1960;p99p100;266522.6875;;;0.0948985294;0.0948985294
;US-OR;1960;p99.9p100;809788.9375;;;0.0288334861;0.0288334861
;US-OR;1960;p99.99p100;2392313.75;;;0.0085181138;0.0085181138
;US-OR;1960;p90p100;;;;0.3352080286;0.3352080286
;US-OR;1960;p90p91;94143.234375;;;;
;US-OR;1960;p95p96;125923.078125;;;;
;US-OR;1960;p95p100;;;;0.2241819501;0.2241819501
;US-OR;1960;p99.5p100;372649.03125;;;0.0663430244;0.0663430244
;US-OR;1959;p0p100;28047.4589844;;20248745984.0;;
;US-OR;1959;p99p100;283426.65625;;;0.1010525301;0.1010525301
;US-OR;1959;p99.9p100;781631.3125;;;0.0278681703;0.0278681703
;US-OR;1959;p99.99p100;2634294.25;;;0.0093922745;0.0093922745
;US-OR;1959;p90p100;;;;0.3400273323;0.3400273323
;US-OR;1959;p90p91;95369.0234375;;;;
;US-OR;1959;p95p96;129589.398438;;;;
;US-OR;1959;p95p100;;;;0.2310180813;0.2310180813
;US-OR;1959;p99.5p100;405819.65625;;;0.0723451748;0.0723451748
;US-OR;1958;p0p100;25671.2265625;;18484709376.0;;
;US-OR;1958;p99p100;258302.375;;;0.1006194055;0.1006194055
;US-OR;1958;p99.9p100;721100.5625;;;0.0280898344;0.0280898344
;US-OR;1958;p99.99p100;1874365.625;;;0.0073014256;0.0073014256
;US-OR;1958;p90p100;;;;0.3463888168;0.3463888168
;US-OR;1958;p90p91;88922.265625;;;;
;US-OR;1958;p95p96;119203.03125;;;;
;US-OR;1958;p95p100;;;;0.2321724296;0.2321724296
;US-OR;1958;p99.5p100;361567.125;;;0.0704226419;0.0704226419
;US-OR;1957;p0p100;26039.7753906;;18696761344.0;;
;US-OR;1957;p99p100;227802.9375;;;0.0874826834;0.0874826834
;US-OR;1957;p99.9p100;674164.8125;;;0.0258898083;0.0258898083
;US-OR;1957;p99.99p100;1892821.75;;;0.0072689634;0.0072689634
;US-OR;1957;p90p100;;;;0.3188622296;0.3188622296
;US-OR;1957;p90p91;83031.0078125;;;;
;US-OR;1957;p95p96;109777.484375;;;;
;US-OR;1957;p95p100;;;;0.2107880563;0.2107880563
;US-OR;1957;p99.5p100;317898.90625;;;0.0610410199;0.0610410199
;US-OR;1956;p0p100;27623.7988281;;19746146304.0;;
;US-OR;1956;p99p100;297713.03125;;;0.1077741086;0.1077741086
;US-OR;1956;p99.9p100;1150757.125;;;0.041658178;0.041658178
;US-OR;1956;p99.99p100;5364793.0;;;0.0194209088;0.0194209088
;US-OR;1956;p90p100;;;;0.3271285892;0.3271285892
;US-OR;1956;p90p91;90365.34375;;;;
;US-OR;1956;p95p96;125178.203125;;;;
;US-OR;1956;p95p100;;;;0.2265767306;0.2265767306
;US-OR;1956;p99.5p100;438809.78125;;;0.0794260353;0.0794260353
;US-OR;1955;p0p100;26824.359375;;19091611648.0;;
;US-OR;1955;p99p100;249910.015625;;;0.0931653231;0.0931653231
;US-OR;1955;p99.9p100;807144.5;;;0.0300899819;0.0300899819
;US-OR;1955;p99.99p100;3011821.5;;;0.0112279337;0.0112279337
;US-OR;1955;p90p100;;;;0.3241403103;0.3241403103
;US-OR;1955;p90p91;86948.5625;;;;
;US-OR;1955;p95p96;116806.242188;;;;
;US-OR;1955;p95p100;;;;0.2177241892;0.2177241892
;US-OR;1955;p99.5p100;349648.15625;;;0.0651736259;0.0651736259
;US-OR;1954;p0p100;24983.0898438;;17701748736.0;;
;US-OR;1954;p99p100;253663.484375;;;0.1015340835;0.1015340835
;US-OR;1954;p99.9p100;799533.0;;;0.0320029706;0.0320029706
;US-OR;1954;p99.99p100;2563330.5;;;0.0102602625;0.0102602625
;US-OR;1954;p90p100;;;;0.3328481317;0.3328481317
;US-OR;1954;p90p91;83155.7421875;;;;
;US-OR;1954;p95p96;113305.84375;;;;
;US-OR;1954;p95p100;;;;0.2267650962;0.2267650962
;US-OR;1954;p99.5p100;363355.4375;;;0.0727202818;0.0727202818
;US-OR;1953;p0p100;25487.2832031;;17975947264.0;;
;US-OR;1953;p99p100;245372.078125;;;0.0962723494;0.0962723494
;US-OR;1953;p99.9p100;700864.375;;;0.027498588;0.027498588
;US-OR;1953;p99.99p100;2008858.625;;;0.0078818072;0.0078818072
;US-OR;1953;p90p100;;;;0.3175906241;0.3175906241
;US-OR;1953;p90p91;80945.2265625;;;;
;US-OR;1953;p95p96;110021.648438;;;;
;US-OR;1953;p95p100;;;;0.2158363461;0.2158363461
;US-OR;1953;p99.5p100;339922.4375;;;0.066684708;0.066684708
;US-OR;1952;p0p100;25471.2890625;;17896527872.0;;
;US-OR;1952;p99p100;274837.6875;;;0.1079009697;0.1079009697
;US-OR;1952;p99.9p100;823454.5625;;;0.032328736;0.032328736
;US-OR;1952;p99.99p100;2447287.5;;;0.0096080229;0.0096080229
;US-OR;1952;p90p100;;;;0.3312871158;0.3312871158
;US-OR;1952;p90p91;84383.09375;;;;
;US-OR;1952;p95p96;117587.953125;;;;
;US-OR;1952;p95p100;;;;0.2308245003;0.2308245003
;US-OR;1952;p99.5p100;385811.28125;;;0.0757345408;0.0757345408
;US-OR;1951;p0p100;25230.9042969;;17646860288.0;;
;US-OR;1951;p99p100;300695.9375;;;0.1191776246;0.1191776246
;US-OR;1951;p99.9p100;954666.9375;;;0.0378372036;0.0378372036
;US-OR;1951;p99.99p100;2809860.0;;;0.0111365803;0.0111365803
;US-OR;1951;p90p100;;;;0.3476694226;0.3476694226
;US-OR;1951;p90p91;87720.1484375;;;;
;US-OR;1951;p95p96;124355.992188;;;;
;US-OR;1951;p95p100;;;;0.246435836;0.246435836
;US-OR;1951;p99.5p100;427261.71875;;;0.0846703127;0.0846703127
;US-OR;1950;p0p100;24248.1777344;;16881369088.0;;
;US-OR;1950;p99p100;301201.0;;;0.1242159158;0.1242159158
;US-OR;1950;p99.9p100;962246.875;;;0.0396832637;0.0396832637
;US-OR;1950;p99.99p100;2271431.75;;;0.0093674315;0.0093674315
;US-OR;1950;p90p100;;;;0.3576286733;0.3576286733
;US-OR;1950;p90p91;86718.4453125;;;;
;US-OR;1950;p95p96;122270.578125;;;;
;US-OR;1950;p95p100;;;;0.2521232069;0.2521232069
;US-OR;1950;p99.5p100;431337.03125;;;0.0889421478;0.0889421478
;US-OR;1949;p0p100;22439.8046875;;15181146112.0;;
;US-OR;1949;p99p100;239407.765625;;;0.1066888869;0.1066888869
;US-OR;1949;p99.9p100;721630.3125;;;0.032158494;0.032158494
;US-OR;1949;p99.99p100;1820451.875;;;0.0081126019;0.0081126019
;US-OR;1949;p90p100;;;;0.3375152051;0.3375152051
;US-OR;1949;p90p91;75737.75;;;;
;US-OR;1949;p95p96;104418.570312;;;;
;US-OR;1949;p95p100;;;;0.2326637208;0.2326637208
;US-OR;1949;p99.5p100;340725.78125;;;0.075919956;0.075919956
;US-OR;1948;p0p100;23391.6953125;;15423533056.0;;
;US-OR;1948;p99p100;289418.0625;;;0.1237268373;0.1237268373
;US-OR;1948;p99.9p100;939482.125;;;0.0401630625;0.0401630625
;US-OR;1948;p99.99p100;2727535.25;;;0.0116602713;0.0116602713
;US-OR;1948;p90p100;;;;0.3546870947;0.3546870947
;US-OR;1948;p90p91;82967.3359375;;;;
;US-OR;1948;p95p96;119553.109375;;;;
;US-OR;1948;p95p100;;;;0.2555460334;0.2555460334
;US-OR;1948;p99.5p100;415986.09375;;;0.0889174715;0.0889174715
;US-OR;1947;p0p100;22283.9277344;;14317902848.0;;
;US-OR;1947;p99p100;250295.125;;;0.1123209223;0.1123209223
;US-OR;1947;p99.9p100;786248.0625;;;0.0352831893;0.0352831893
;US-OR;1947;p99.99p100;2109553.25;;;0.0094667021;0.0094667021
;US-OR;1947;p90p100;;;;0.3277713954;0.3277713954
;US-OR;1947;p90p91;73040.34375;;;;
;US-OR;1947;p95p96;104068.398438;;;;
;US-OR;1947;p95p100;;;;0.2335055172;0.2335055172
;US-OR;1947;p99.5p100;358867.65625;;;0.0805216283;0.0805216283
;US-OR;1946;p0p100;22426.3320312;;14011185152.0;;
;US-OR;1946;p99p100;297472.0625;;;0.132644102;0.132644102
;US-OR;1946;p99.9p100;906277.0;;;0.0404112861;0.0404112861
;US-OR;1946;p99.99p100;2513696.75;;;0.0112086851;0.0112086851
;US-OR;1946;p90p100;;;;0.3766835034;0.3766835034
;US-OR;1946;p90p91;84476.2890625;;;;
;US-OR;1946;p95p96;123262.242188;;;;
;US-OR;1946;p95p100;;;;0.2748158872;0.2748158872
;US-OR;1946;p99.5p100;424720.125;;;0.0946922824;0.0946922824
;US-OR;1945;p0p100;22988.921875;;14086171648.0;;
;US-OR;1945;p99p100;278890.21875;;;0.121315062;0.121315062
;US-OR;1945;p99.9p100;865683.875;;;0.0376565717;0.0376565717
;US-OR;1945;p99.99p100;2393223.75;;;0.0104103358;0.0104103358
;US-OR;1945;p90p100;;;;0.3500257432;0.3500257432
;US-OR;1945;p90p91;80467.1328125;;;;
;US-OR;1945;p95p96;115342.015625;;;;
;US-OR;1945;p95p100;;;;0.2508643866;0.2508643866
;US-OR;1945;p99.5p100;397837.4375;;;0.0865280777;0.0865280777
;US-OR;1944;p0p100;24473.3554688;;14694987776.0;;
;US-OR;1944;p99p100;263845.09375;;;0.107809104;0.107809104
;US-OR;1944;p99.9p100;869983.6875;;;0.0355481952;0.0355481952
;US-OR;1944;p99.99p100;2575747.25;;;0.0105246995;0.0105246995
;US-OR;1944;p90p100;;;;0.3110546172;0.3110546172
;US-OR;1944;p90p91;76125.5078125;;;;
;US-OR;1944;p95p96;106668.09375;;;;
;US-OR;1944;p95p100;;;;0.217926994;0.217926994
;US-OR;1944;p99.5p100;385575.59375;;;0.078774564;0.078774564
;US-OR;1943;p0p100;26597.9238281;;15630811136.0;;
;US-OR;1943;p99p100;325864.59375;;;0.1225150749;0.1225150749
;US-OR;1943;p99.9p100;1083626.875;;;0.0407410413;0.0407410413
;US-OR;1943;p99.99p100;2873620.25;;;0.0108039286;0.0108039286
;US-OR;1943;p90p100;;;;0.3316485882;0.3316485882
;US-OR;1943;p90p91;88211.6171875;;;;
;US-OR;1943;p95p96;126531.367188;;;;
;US-OR;1943;p95p100;;;;0.2378595173;0.2378595173
;US-OR;1943;p99.5p100;479184.53125;;;0.0900793299;0.0900793299
;US-OR;1942;p0p100;20710.4296875;;11888283648.0;;
;US-OR;1942;p99p100;289574.21875;;;0.1398204714;0.1398204714
;US-OR;1942;p99.9p100;1008289.1875;;;0.0486850888;0.0486850888
;US-OR;1942;p99.99p100;2994647.75;;;0.0144596109;0.0144596109
;US-OR;1942;p90p100;;;;0.3802854419;0.3802854419
;US-OR;1942;p90p91;78758.7578125;;;;
;US-OR;1942;p95p96;111528.320312;;;;
;US-OR;1942;p95p100;;;;0.2692563832;0.2692563832
;US-OR;1942;p99.5p100;431082.0;;;0.1040736437;0.1040736437
;US-OR;1941;p0p100;15713.2011719;;8834913280.0;;
;US-OR;1941;p99p100;227861.703125;;;0.1450129002;0.1450129002
;US-OR;1941;p99.9p100;716714.5625;;;0.045612257;0.045612257
;US-OR;1941;p99.99p100;1681836.625;;;0.0107033355;0.0107033355
;US-OR;1941;p90p100;;;;0.4081249237;0.4081249237
;US-OR;1941;p90p91;64129.4882812;;;;
;US-OR;1941;p95p96;91474.4453125;;;;
;US-OR;1941;p95p100;;;;0.2910751402;0.2910751402
;US-OR;1941;p99.5p100;329747.53125;;;0.104926914;0.104926914
;US-OR;1940;p0p100;12760.3740234;;7034907648.0;;
;US-OR;1940;p99p100;179215.015625;;;0.1404465139;0.1404465139
;US-OR;1940;p99.9p100;554412.9375;;;0.043448016;0.043448016
;US-OR;1940;p99.99p100;1418567.375;;;0.0111169731;0.0111169731
;US-OR;1940;p90p100;;;;0.4337295294;0.4337295294
;US-OR;1940;p90p91;55345.5117188;;;;
;US-OR;1940;p95p96;76261.859375;;;;
;US-OR;1940;p95p100;;;;0.2988229692;0.2988229692
;US-OR;1940;p99.5p100;255691.0;;;0.1001894623;0.1001894623
;US-OR;1939;p0p100;12322.2265625;;6627546624.0;;
;US-OR;1939;p99p100;158855.921875;;;0.1289181858;0.1289181858
;US-OR;1939;p99.9p100;460135.5625;;;0.0373419188;0.0373419188
;US-OR;1939;p99.99p100;1030306.375;;;0.0083613656;0.0083613656
;US-OR;1939;p90p100;;;;0.4037010074;0.4037010074
;US-OR;1939;p90p91;49744.9492188;;;;
;US-OR;1939;p95p96;70653.578125;;;;
;US-OR;1939;p95p100;;;;0.286691606;0.286691606
;US-OR;1939;p99.5p100;222637.4375;;;0.0903397799;0.0903397799
;US-OR;1938;p0p100;11441.484375;;6012049408.0;;
;US-OR;1938;p99p100;142587.328125;;;0.1246231049;0.1246231049
;US-OR;1938;p99.9p100;418317.0625;;;0.0365614332;0.0365614332
;US-OR;1938;p99.99p100;1001531.0625;;;0.0087535074;0.0087535074
;US-OR;1938;p90p100;;;;0.3966896534;0.3966896534
;US-OR;1938;p90p91;45387.1835938;;;;
;US-OR;1938;p95p96;63369.8828125;;;;
;US-OR;1938;p95p100;;;;0.276930362;0.276930362
;US-OR;1938;p99.5p100;201238.03125;;;0.0879422799;0.0879422799
;US-OR;1937;p0p100;11894.0302734;;6108280320.0;;
;US-OR;1937;p99p100;158440.875;;;0.1332104057;0.1332104057
;US-OR;1937;p99.9p100;459557.28125;;;0.0386376418;0.0386376418
;US-OR;1937;p99.99p100;959856.625;;;0.0080700703;0.0080700703
;US-OR;1937;p90p100;;;;0.3987306952;0.3987306952
;US-OR;1937;p90p91;47425.15625;;;;
;US-OR;1937;p95p96;68211.234375;;;;
;US-OR;1937;p95p100;;;;0.2867456377;0.2867456377
;US-OR;1937;p99.5p100;223872.6875;;;0.0941113606;0.0941113606
;US-OR;1936;p0p100;12107.1103516;;6087605248.0;;
;US-OR;1936;p99p100;171948.109375;;;0.142022416;0.142022416
;US-OR;1936;p99.9p100;520707.53125;;;0.0430084057;0.0430084057
;US-OR;1936;p99.99p100;1060602.125;;;0.0087601598;0.0087601598
;US-OR;1936;p90p100;;;;0.3859504461;0.3859504461
;US-OR;1936;p90p91;46727.4453125;;;;
;US-OR;1936;p95p96;69303.1015625;;;;
;US-OR;1936;p95p100;;;;0.286208272;0.286208272
;US-OR;1936;p99.5p100;246656.6875;;;0.1018643901;0.1018643901
;US-OR;1935;p0p100;10315.4208984;;5076951040.0;;
;US-OR;1935;p99p100;131422.84375;;;0.1274042577;0.1274042577
;US-OR;1935;p99.9p100;377539.0625;;;0.0365994833;0.0365994833
;US-OR;1935;p99.99p100;856744.1875;;;0.0083054705;0.0083054705
;US-OR;1935;p90p100;;;;0.3924839199;0.3924839199
;US-OR;1935;p90p91;40486.3671875;;;;
;US-OR;1935;p95p96;57256.765625;;;;
;US-OR;1935;p95p100;;;;0.2775299549;0.2775299549
;US-OR;1935;p99.5p100;184972.8125;;;0.0896583945;0.0896583945
;US-OR;1934;p0p100;9933.99707031;;4782954496.0;;
;US-OR;1934;p99p100;114376.75;;;0.1151366904;0.1151366904
;US-OR;1934;p99.9p100;316012.65625;;;0.0318112299;0.0318112299
;US-OR;1934;p99.99p100;720422.625;;;0.007252092;0.007252092
;US-OR;1934;p90p100;;;;0.3643650413;0.3643650413
;US-OR;1934;p90p91;36196.0117188;;;;
;US-OR;1934;p95p96;51443.2265625;;;;
;US-OR;1934;p95p100;;;;0.2589251101;0.2589251101
;US-OR;1934;p99.5p100;158291.03125;;;0.0796713755;0.0796713755
;US-OR;1933;p0p100;8622.50585938;;4063857920.0;;
;US-OR;1933;p99p100;99292.84375;;;0.1151554286;0.1151554286
;US-OR;1933;p99.9p100;276455.71875;;;0.0320621058;0.0320621058
;US-OR;1933;p99.99p100;708545.75;;;0.008217399;0.008217399
;US-OR;1933;p90p100;;;;0.4145715535;0.4145715535
;US-OR;1933;p90p91;35746.4609375;;;;
;US-OR;1933;p95p96;49046.2851562;;;;
;US-OR;1933;p95p100;;;;0.2844085097;0.2844085097
;US-OR;1933;p99.5p100;134231.265625;;;0.077837728;0.077837728
;US-OR;1932;p0p100;8913.36425781;;4114096896.0;;
;US-OR;1932;p99p100;96386.828125;;;0.1081374213;0.1081374213
;US-OR;1932;p99.9p100;252957.03125;;;0.0283795223;0.0283795223
;US-OR;1932;p99.99p100;606584.25;;;0.0068053338;0.0068053338
;US-OR;1932;p90p100;;;;0.3838935792;0.3838935792
;US-OR;1932;p90p91;34217.8320312;;;;
;US-OR;1932;p95p96;46060.3085938;;;;
;US-OR;1932;p95p100;;;;0.2583778203;0.2583778203
;US-OR;1932;p99.5p100;128973.21875;;;0.0723482221;0.0723482221
;US-OR;1931;p0p100;10757.1220703;;4860014592.0;;
;US-OR;1931;p99p100;120989.578125;;;0.11247392;0.11247392
;US-OR;1931;p99.9p100;333237.5625;;;0.0309783164;0.0309783164
;US-OR;1931;p99.99p100;792088.125;;;0.0073633827;0.0073633827
;US-OR;1931;p90p100;;;;0.3654133677;0.3654133677
;US-OR;1931;p90p91;39307.96875;;;;
;US-OR;1931;p95p96;54264.0625;;;;
;US-OR;1931;p95p100;;;;0.2522238493;0.2522238493
;US-OR;1931;p99.5p100;164721.984375;;;0.0765641481;0.0765641481
;US-OR;1930;p0p100;12311.65625;;5437398528.0;;
;US-OR;1930;p99p100;149502.59375;;;0.1214317605;0.1214317605
;US-OR;1930;p99.9p100;437435.9375;;;0.0355302282;0.0355302282
;US-OR;1930;p99.99p100;1029616.4375;;;0.0083629405;0.0083629405
;US-OR;1930;p90p100;;;;0.364171952;0.364171952
;US-OR;1930;p90p91;44835.5976562;;;;
;US-OR;1930;p95p96;65838.515625;;;;
;US-OR;1930;p95p100;;;;0.2673828602;0.2673828602
;US-OR;1930;p99.5p100;209184.96875;;;0.0849540383;0.0849540383
;US-OR;1929;p0p100;13833.5673828;;5991250432.0;;
;US-OR;1929;p99p100;182269.359375;;;0.1317587495;0.1317587495
;US-OR;1929;p99.9p100;585882.4375;;;0.0423522256;0.0423522256
;US-OR;1929;p99.99p100;1658305.0;;;0.0119875446;0.0119875446
;US-OR;1929;p90p100;;;;0.3498452008;0.3498452008
;US-OR;1929;p90p91;48396.0703125;;;;
;US-OR;1929;p95p96;73781.7734375;;;;
;US-OR;1929;p95p100;;;;0.2666766047;0.2666766047
;US-OR;1929;p99.5p100;260547.53125;;;0.0941722095;0.0941722095
;US-OR;1928;p0p100;12385.4521484;;5261288448.0;;
;US-OR;1928;p99p100;192187.859375;;;0.1551722735;0.1551722735
;US-OR;1928;p99.9p100;668983.9375;;;0.0540136918;0.0540136918
;US-OR;1928;p99.99p100;2244223.25;;;0.0181198344;0.0181198344
;US-OR;1928;p90p100;;;;0.4040905535;0.4040905535
;US-OR;1928;p90p91;50048.4375;;;;
;US-OR;1928;p95p96;75907.6484375;;;;
;US-OR;1928;p95p100;;;;0.3064387739;0.3064387739
;US-OR;1928;p99.5p100;280133.21875;;;0.1130896211;0.1130896211
;US-OR;1927;p0p100;13985.2431641;;5815214592.0;;
;US-OR;1927;p99p100;178720.453125;;;0.1277921498;0.1277921498
;US-OR;1927;p99.9p100;562070.8125;;;0.040190272;0.040190272
;US-OR;1927;p99.99p100;1517930.25;;;0.0108537991;0.0108537991
;US-OR;1927;p90p100;;;;0.3739226758;0.3739226758
;US-OR;1927;p90p91;52294.0039062;;;;
;US-OR;1927;p95p96;75917.328125;;;;
;US-OR;1927;p95p100;;;;0.2714193761;0.2714193761
;US-OR;1927;p99.5p100;254556.609375;;;0.0910089985;0.0910089985
;US-OR;1926;p0p100;13557.6845703;;5509063680.0;;
;US-OR;1926;p99p100;185872.484375;;;0.1370975077;0.1370975077
;US-OR;1926;p99.9p100;628474.75;;;0.0463556126;0.0463556126
;US-OR;1926;p99.99p100;2214677.75;;;0.016335221;0.016335221
;US-OR;1926;p90p100;;;;0.3762164116;0.3762164116
;US-OR;1926;p90p91;51006.234375;;;;
;US-OR;1926;p95p96;75565.234375;;;;
;US-OR;1926;p95p100;;;;0.2786804438;0.2786804438
;US-OR;1926;p99.5p100;270990.53125;;;0.0999398306;0.0999398306
;US-OR;1925;p0p100;13253.8417969;;5264576000.0;;
;US-OR;1925;p99p100;176009.109375;;;0.1327985674;0.1327985674
;US-OR;1925;p99.9p100;550079.75;;;0.0415034145;0.0415034145
;US-OR;1925;p99.99p100;1345299.125;;;0.0101502575;0.0101502575
;US-OR;1925;p90p100;;;;0.3800442517;0.3800442517
;US-OR;1925;p90p91;50370.46875;;;;
;US-OR;1925;p95p96;73258.7578125;;;;
;US-OR;1925;p95p100;;;;0.2763679922;0.2763679922
;US-OR;1925;p99.5p100;251955.03125;;;0.0950498059;0.0950498059
;US-OR;1924;p0p100;15504.6123047;;6010489344.0;;
;US-OR;1924;p99p100;162950.703125;;;0.1050982326;0.1050982326
;US-OR;1924;p99.9p100;495081.5;;;0.0319312438;0.0319312438
;US-OR;1924;p99.99p100;1142413.875;;;0.0073682205;0.0073682205
;US-OR;1924;p90p100;;;;0.3392261565;0.3392261565
;US-OR;1924;p90p91;52595.6914062;;;;
;US-OR;1924;p95p96;71312.40625;;;;
;US-OR;1924;p95p100;;;;0.2299716324;0.2299716324
;US-OR;1924;p99.5p100;231996.625;;;0.0748153701;0.0748153701
;US-OR;1923;p0p100;16024.2050781;;6036694016.0;;
;US-OR;1923;p99p100;157612.71875;;;0.0983591452;0.0983591452
;US-OR;1923;p99.9p100;521761.90625;;;0.0325608589;0.0325608589
;US-OR;1923;p99.99p100;1455868.375;;;0.0090854326;0.0090854326
;US-OR;1923;p90p100;;;;0.3149344921;0.3149344921
;US-OR;1923;p90p91;50465.7460938;;;;
;US-OR;1923;p95p96;68658.0546875;;;;
;US-OR;1923;p95p100;;;;0.2142323107;0.2142323107
;US-OR;1923;p99.5p100;228373.09375;;;0.0712587908;0.0712587908
;US-OR;1922;p0p100;14504.8105469;;5320431616.0;;
;US-OR;1922;p99p100;162131.28125;;;0.1117775887;0.1117775887
;US-OR;1922;p99.9p100;581893.1875;;;0.0401172526;0.0401172526
;US-OR;1922;p99.99p100;1920608.625;;;0.0132411839;0.0132411839
;US-OR;1922;p90p100;;;;0.335347414;0.335347414
;US-OR;1922;p90p91;48641.5039062;;;;
;US-OR;1922;p95p96;67518.2890625;;;;
;US-OR;1922;p95p100;;;;0.2327444851;0.2327444851
;US-OR;1922;p99.5p100;238977.984375;;;0.0823788717;0.0823788717
;US-OR;1921;p0p100;13652.5966797;;4891502080.0;;
;US-OR;1921;p99p100;142785.6875;;;0.1045849994;0.1045849994
;US-OR;1921;p99.9p100;488308.96875;;;0.0357667468;0.0357667468
;US-OR;1921;p99.99p100;1910784.5;;;0.0139957583;0.0139957583
;US-OR;1921;p90p100;;;;0.326531738;0.326531738
;US-OR;1921;p90p91;44580.0664062;;;;
;US-OR;1921;p95p96;60547.9960938;;;;
;US-OR;1921;p95p100;;;;0.221745342;0.221745342
;US-OR;1921;p99.5p100;207184.796875;;;0.0758774281;0.0758774281
;US-OR;1920;p0p100;14986.0712891;;5215294976.0;;
;US-OR;1920;p99p100;147690.15625;;;0.0985516086;0.0985516086
;US-OR;1920;p99.9p100;494223.625;;;0.0329788625;0.0329788625
;US-OR;1920;p99.99p100;1695868.75;;;0.0113162976;0.0113162976
;US-OR;1920;p90p100;;;;0.3009004295;0.3009004295
;US-OR;1920;p90p91;45093.1601562;;;;
;US-OR;1920;p95p96;63050.2578125;;;;
;US-OR;1920;p95p100;;;;0.2103628516;0.2103628516
;US-OR;1920;p99.5p100;214472.78125;;;0.0715573654;0.0715573654
;US-OR;1919;p0p100;17210.4667969;;5807236096.0;;
;US-OR;1919;p99p100;198279.265625;;;0.1152085289;0.1152085289
;US-OR;1919;p99.9p100;737482.9375;;;0.0428508371;0.0428508371
;US-OR;1919;p99.99p100;2676778.75;;;0.0155532034;0.0155532034
;US-OR;1919;p90p100;;;;0.3206481934;0.3206481934
;US-OR;1919;p90p91;55185.0507812;;;;
;US-OR;1919;p95p96;80039.265625;;;;
;US-OR;1919;p95p100;;;;0.2325307876;0.2325307876
;US-OR;1919;p99.5p100;294068.375;;;0.0854330063;0.0854330063
;US-OR;1918;p0p100;14668.8759766;;4827127296.0;;
;US-OR;1918;p99p100;174410.53125;;;0.1188983545;0.1188983545
;US-OR;1918;p99.9p100;644359.5625;;;0.0439269841;0.0439269841
;US-OR;1918;p99.99p100;2439909.5;;;0.0166332405;0.0166332405
;US-OR;1918;p90p100;;;;0.3392093778;0.3392093778
;US-OR;1918;p90p91;49758.2070312;;;;
;US-OR;1918;p95p96;71354.3359375;;;;
;US-OR;1918;p95p100;;;;0.243216753;0.243216753
;US-OR;1918;p99.5p100;258458.453125;;;0.0880975649;0.0880975649
;US-OR;1917;p0p100;14018.6943359;;4558297600.0;;
