Variable Name;.;.;.;Fiscal income  | tax unit | Average | Adults | constant 2015 local currency;Fiscal income  | tax unit | Threshold | Adults | constant 2015 local currency;Fiscal income  | tax unit | Total | Adults | constant 2015 local currency;Fiscal income  | tax unit | Share | Adults | share of total (ratio);Pre-tax national income  | tax unit | Share | Adults | share of total (ratio)
Variable Category;.;.;.;Income inequality;Income inequality;Income inequality;Income inequality;Income inequality
Variable Description;.;.;.;Average Fiscal income within a given percentile group. Fiscal income is defined as the sum of all income items reported on income tax returns, before any deduction. It includes labour income, capital income and mixed income. The concept of fiscal income varies with national tax legislations, so in order to make international comparisons it is preferable to use the concept of national income. The population is comprised of individuals over age 20. The base unit is the tax unit defined by national fiscal administrations to measure personal income taxes.;Fiscal income threshold value at a given percentile.  Fiscal income is defined as the sum of all income items reported on income tax returns, before any deduction. It includes labour income, capital income and mixed income. The concept of fiscal income varies with national tax legislations, so in order to make international comparisons it is preferable to use the concept of national income. The population is comprised of individuals over age 20. The base unit is the tax unit defined by national fiscal administrations to measure personal income taxes.;Total Fiscal income  within a given percentile group. Fiscal income is defined as the sum of all income items reported on income tax returns, before any deduction. It includes labour income, capital income and mixed income. The concept of fiscal income varies with national tax legislations, so in order to make international comparisons it is preferable to use the concept of national income. The population is comprised of individuals over age 20.;Fiscal income share held by a given percentile group. Fiscal income is defined as the sum of all income items reported on income tax returns, before any deduction. It includes labour income, capital income and mixed income. The concept of fiscal income varies with national tax legislations, so in order to make international comparisons it is preferable to use the concept of national income. The population is comprised of individuals over age 20. The base unit is the tax unit defined by national fiscal administrations to measure personal income taxes.;Pre-tax national income share held by a given percentile group. Pre-tax national income  is the sum of all pre-tax personal income flows accruing to the owners of the production factors, labor and capital, before taking into account the operation of the tax/transfer system, but after taking into account the operation of pension system. The central difference between personal factor income and pre-tax income is the treatment of pensions, which are counted on a contribution basis by factor income and on a distribution basis by pre-tax income. The population is comprised of individuals over age 20. The base unit is the tax unit defined by national fiscal administrations to measure personal income taxes.
Variable Decomposition;.;.;.;[Fiscal income ]=[Fiscal labour income ]+[Fiscal capital income ];[Fiscal income ]=[Fiscal labour income ]+[Fiscal capital income ];[Fiscal income ]=[Fiscal labour income ]+[Fiscal capital income ];[Fiscal income ]=[Fiscal labour income ]+[Fiscal capital income ];Pre-tax national income =Pre-tax labor income [total pre-tax income ranking]+Pre-tax capital income [total pre-tax income ranking]
Variable Unit;.;.;.;"USD; United States dollar | local currency | market";"USD; United States dollar | local currency | market";"USD; United States dollar | local currency | market";share;share
Methodological Notes;.;.;.;;;;;Assuming the same distribution as fiscal income.
Sources;.;.;.;Frank, Sommeiller, Price & Saez (2015);Frank, Sommeiller, Price & Saez (2015);Frank, Sommeiller, Price & Saez (2015);Frank, Sommeiller, Price & Saez (2015);WID.world computations using: Frank, Sommeiller, Price & Saez (2015)
Variable Code;country;year;perc;afiinc992t;tfiinc992t;mfiinc992t;sfiinc992t;sptinc992t
;US-VT;2014;p0p100;56894.8359375;;19126884352.0;;
;US-VT;2014;p99p100;;343869.46875;;0.1510251611;0.1510251611
;US-VT;2014;p99.9p100;;1369648.125;;0.0617261045;0.0617261045
;US-VT;2014;p99.99p100;;5658608.0;;0.0246162228;0.0246162228
;US-VT;2014;p90p100;;120984.476562;;0.4234750569;0.4234750569
;US-VT;2014;p90p91;244071.546875;;;;
;US-VT;2014;p95p96;348950.75;;;;
;US-VT;2014;p90p95;139192.328125;120984.476562;;0.1194674596;0.1194674596
;US-VT;2014;p95p99;218975.453125;154968.671875;;0.1528110802;0.1528110802
;US-VT;2014;p99.5p99.9;759063.5;522737.4375;;0.0531932823;0.0531932823
;US-VT;2014;p99.9p99.99;2326383.0;1369648.125;;0.0374699645;0.0374699645
;US-VT;2014;p99p99.5;416907.8125;343869.46875;;0.0362044871;0.0362044871
;US-VT;2014;p95p100;;154968.671875;;0.3037602901;0.3037602901
;US-VT;2014;p0p90;36097.4257812;;;0.5762374997;0.5762374997
;US-VT;2014;p0p99;48693.25;;;0.848974824;0.848974824
;US-VT;2014;p99.5p100;;522737.4375;;0.1148144752;0.1148144752
;US-VT;2014;p99.5p99.6;1320796.125;;;;
;US-VT;2014;p99.99p99.991;14739819.0;;;;
;US-VT;2014;p99.9p99.91;3567726.5;;;;
;US-VT;2014;p99p99.1;868851.9375;;;;
;US-VT;2013;p0p100;55648.0664062;;18607273984.0;;
;US-VT;2013;p99p100;;312306.3125;;0.136033833;0.136033833
;US-VT;2013;p99.9p100;;1183265.75;;0.0542300381;0.0542300381
;US-VT;2013;p99.99p100;;4860909.0;;0.0219854191;0.0219854191
;US-VT;2013;p90p100;;118776.65625;;0.4060835242;0.4060835242
;US-VT;2013;p90p91;230805.625;;;;
;US-VT;2013;p95p96;323635.5;;;;
;US-VT;2013;p90p95;137975.75;118776.65625;;0.1194602177;0.1194602177
;US-VT;2013;p95p99;212624.96875;150777.046875;;0.1501275599;0.1501275599
;US-VT;2013;p99.5p99.9;681977.8125;471135.53125;;0.0482084006;0.0482084006
;US-VT;2013;p99.9p99.99;2004941.375;1183265.75;;0.0323391333;0.0323391333
;US-VT;2013;p99p99.5;377260.8125;312306.3125;;0.0336184353;0.0336184353
;US-VT;2013;p95p100;;150777.046875;;0.2862430215;0.2862430215
;US-VT;2013;p0p90;36186.1132812;;;0.5942608118;0.5942608118
;US-VT;2013;p0p99;48455.8476562;;;0.863966167;0.863966167
;US-VT;2013;p99.5p100;;471135.53125;;0.1024521217;0.1024521217
;US-VT;2013;p99.5p99.6;1158094.5;;;;
;US-VT;2013;p99.99p99.991;12581139.0;;;;
;US-VT;2013;p99.9p99.91;3062561.0;;;;
;US-VT;2013;p99p99.1;767677.625;;;;
;US-VT;2012;p0p100;55382.0;;18834939904.0;;
;US-VT;2012;p99p100;830495.25;;;0.1499576122;0.1499576122
;US-VT;2012;p99.9p100;3521442.5;;;0.0635846034;0.0635846034
;US-VT;2012;p99.99p100;14452172.0;;;0.0260954313;0.0260954313
;US-VT;2012;p90p100;;;;0.415459305;0.415459305
;US-VT;2012;p90p91;230089.671875;;;;
;US-VT;2012;p95p96;329102.78125;;;;
;US-VT;2012;p95p100;;;;0.2971207201;0.2971207201
;US-VT;2012;p99.5p100;1279246.5;;;0.1154929921;0.1154929921
;US-VT;2011;p0p100;52180.859375;;17853906944.0;;
;US-VT;2011;p99p100;756758.375;;;0.145026058;0.145026058
;US-VT;2011;p99.9p100;3377633.5;;;0.0647293627;0.0647293627
;US-VT;2011;p99.99p100;15791320.0;;;0.0302626677;0.0302626677
;US-VT;2011;p90p100;;;;0.4195104241;0.4195104241
;US-VT;2011;p90p91;218904.140625;;;;
;US-VT;2011;p95p96;308792.75;;;;
;US-VT;2011;p95p100;;;;0.2958869934;0.2958869934
;US-VT;2011;p99.5p100;1173725.625;;;0.112467058;0.112467058
;US-VT;2010;p0p100;51897.2265625;;17348542464.0;;
;US-VT;2010;p99p100;686223.75;;;0.1322274506;0.1322274506
;US-VT;2010;p99.9p100;2702463.75;;;0.0520733781;0.0520733781
;US-VT;2010;p99.99p100;11259849.0;;;0.021696439;0.021696439
;US-VT;2010;p90p100;;;;0.4069464207;0.4069464207
;US-VT;2010;p90p91;211193.890625;;;;
;US-VT;2010;p95p96;294143.5625;;;;
;US-VT;2010;p95p100;;;;0.2833904624;0.2833904624
;US-VT;2010;p99.5p100;1026522.5;;;0.0988995582;0.0988995582
;US-VT;2009;p0p100;50909.265625;;16792492032.0;;
;US-VT;2009;p99p100;695959.75;;;0.1367059201;0.1367059201
;US-VT;2009;p99.9p100;2785734.25;;;0.0547195934;0.0547195934
;US-VT;2009;p99.99p100;11433852.0;;;0.0224592779;0.0224592779
;US-VT;2009;p90p100;;;;0.4086974263;0.4086974263
;US-VT;2009;p90p91;208064.859375;;;;
;US-VT;2009;p95p96;287851.40625;;;;
;US-VT;2009;p95p100;;;;0.2827102542;0.2827102542
;US-VT;2009;p99.5p100;1044094.125;;;0.1025446132;0.1025446132
;US-VT;2008;p0p100;54482.6445312;;18168215552.0;;
;US-VT;2008;p99p100;868496.625;;;0.1594079435;0.1594079435
;US-VT;2008;p99.9p100;3827939.0;;;0.0702597871;0.0702597871
;US-VT;2008;p99.99p100;16447864.0;;;0.0301891789;0.0301891789
;US-VT;2008;p90p100;;;;0.4236846566;0.4236846566
;US-VT;2008;p90p91;230834.609375;;;;
;US-VT;2008;p95p96;329146.53125;;;;
;US-VT;2008;p95p100;;;;0.3020654917;0.3020654917
;US-VT;2008;p99.5p100;1349463.125;;;0.1238433868;0.1238433868
;US-VT;2007;p0p100;58473.9570312;;19351240704.0;;
;US-VT;2007;p99p100;1085957.5;;;0.1857164353;0.1857164353
;US-VT;2007;p99.9p100;4997316.5;;;0.0854622573;0.0854622573
;US-VT;2007;p99.99p100;21651624.0;;;0.0370278023;0.0370278023
;US-VT;2007;p90p100;;;;0.4496847093;0.4496847093
;US-VT;2007;p90p91;262948.4375;;;;
;US-VT;2007;p95p96;390388.0625;;;;
;US-VT;2007;p95p100;;;;0.3338136077;0.3338136077
;US-VT;2007;p99.5p100;1718078.0;;;0.146909669;0.146909669
;US-VT;2006;p0p100;55958.3984375;;18595184640.0;;
;US-VT;2006;p99p100;1024048.25;;;0.183001712;0.183001712
;US-VT;2006;p99.9p100;4650294.0;;;0.0831026956;0.0831026956
;US-VT;2006;p99.99p100;19596964.0;;;0.0350205936;0.0350205936
;US-VT;2006;p90p100;;;;0.4481728375;0.4481728375
;US-VT;2006;p90p91;250790.34375;;;;
;US-VT;2006;p95p96;369480.875;;;;
;US-VT;2006;p95p100;;;;0.3301388919;0.3301388919
;US-VT;2006;p99.5p100;1615280.875;;;0.1443287283;0.1443287283
;US-VT;2005;p0p100;55356.4414062;;18026786816.0;;
;US-VT;2005;p99p100;901854.1875;;;0.1629176587;0.1629176587
;US-VT;2005;p99.9p100;3829035.5;;;0.069170557;0.069170557
;US-VT;2005;p99.99p100;15143656.0;;;0.0273566302;0.0273566302
;US-VT;2005;p90p100;;;;0.4256136119;0.4256136119
;US-VT;2005;p90p91;235604.546875;;;;
;US-VT;2005;p95p96;343421.21875;;;;
;US-VT;2005;p95p100;;;;0.3101908565;0.3101908565
;US-VT;2005;p99.5p100;1391325.875;;;0.1256697327;0.1256697327
;US-VT;2004;p0p100;54888.3945312;;17692807168.0;;
;US-VT;2004;p99p100;779490.6875;;;0.1420137584;0.1420137584
;US-VT;2004;p99.9p100;3135194.25;;;0.0571194366;0.0571194366
;US-VT;2004;p99.99p100;12072566.0;;;0.0219947528;0.0219947528
;US-VT;2004;p90p100;;;;0.3979870975;0.3979870975
;US-VT;2004;p90p91;218448.734375;;;;
;US-VT;2004;p95p96;317607.46875;;;;
;US-VT;2004;p95p100;;;;0.2893211544;0.2893211544
;US-VT;2004;p99.5p100;1178634.75;;;0.1073664874;0.1073664874
;US-VT;2003;p0p100;51207.6328125;;16503034880.0;;
;US-VT;2003;p99p100;640970.0625;;;0.125170812;0.125170812
;US-VT;2003;p99.9p100;2334510.0;;;0.0455891006;0.0455891006
;US-VT;2003;p99.99p100;8408954.0;;;0.016421292;0.016421292
;US-VT;2003;p90p100;;;;0.3884779811;0.3884779811
;US-VT;2003;p90p91;198930.375;;;;
;US-VT;2003;p95p96;278838.53125;;;;
;US-VT;2003;p95p100;;;;0.2722626626;0.2722626626
;US-VT;2003;p99.5p100;938915.6875;;;0.091677323;0.091677323
;US-VT;2002;p0p100;48980.9570312;;16117262336.0;;
;US-VT;2002;p99p100;651607.5625;;;0.1330328435;0.1330328435
;US-VT;2002;p99.9p100;2454993.25;;;0.0501213782;0.0501213782
;US-VT;2002;p99.99p100;9094870.0;;;0.0185681749;0.0185681749
;US-VT;2002;p90p100;;;;0.40430969;0.40430969
;US-VT;2002;p90p91;198034.765625;;;;
;US-VT;2002;p95p96;278195.96875;;;;
;US-VT;2002;p95p100;;;;0.283983767;0.283983767
;US-VT;2002;p99.5p100;964638.875;;;0.0984708071;0.0984708071
;US-VT;2001;p0p100;51973.6171875;;16527962112.0;;
;US-VT;2001;p99p100;693856.375;;;0.1335016489;0.1335016489
;US-VT;2001;p99.9p100;2604067.5;;;0.050103642;0.050103642
;US-VT;2001;p99.99p100;9108370.0;;;0.0175249875;0.0175249875
;US-VT;2001;p90p100;;;;0.3998095989;0.3998095989
;US-VT;2001;p90p91;207795.515625;;;;
;US-VT;2001;p95p96;294119.34375;;;;
;US-VT;2001;p95p100;;;;0.2829506099;0.2829506099
;US-VT;2001;p99.5p100;1017252.8125;;;0.0978624225;0.0978624225
;US-VT;2000;p0p100;55512.5703125;;17011050496.0;;
;US-VT;2000;p99p100;891813.4375;;;0.1606507152;0.1606507152
;US-VT;2000;p99.9p100;3794521.75;;;0.0683542788;0.0683542788
;US-VT;2000;p99.99p100;14965680.0;;;0.0269590821;0.0269590821
;US-VT;2000;p90p100;;;;0.4265916049;0.4265916049
;US-VT;2000;p90p91;236811.96875;;;;
;US-VT;2000;p95p96;347332.03125;;;;
;US-VT;2000;p95p100;;;;0.312840879;0.312840879
;US-VT;2000;p99.5p100;1360622.5;;;0.1225508451;0.1225508451
;US-VT;1999;p0p100;54083.8203125;;16182745088.0;;
;US-VT;1999;p99p100;798494.875;;;0.1476402432;0.1476402432
;US-VT;1999;p99.9p100;3129388.5;;;0.0578618199;0.0578618199
;US-VT;1999;p99.99p100;11082202.0;;;0.0204907898;0.0204907898
;US-VT;1999;p90p100;;;;0.4152320921;0.4152320921
;US-VT;1999;p90p91;224573.390625;;;;
;US-VT;1999;p95p96;324539.75;;;;
;US-VT;1999;p95p100;;;;0.3000340462;0.3000340462
;US-VT;1999;p99.5p100;1186381.0;;;0.1096798331;0.1096798331
;US-VT;1998;p0p100;51211.5;;15090794496.0;;
;US-VT;1998;p99p100;771271.75;;;0.1506051868;0.1506051868
;US-VT;1998;p99.9p100;3107795.25;;;0.0606854968;0.0606854968
;US-VT;1998;p99.99p100;11130813.0;;;0.0217349883;0.0217349883
;US-VT;1998;p90p100;;;;0.4175141156;0.4175141156
;US-VT;1998;p90p91;213815.234375;;;;
;US-VT;1998;p95p96;307843.96875;;;;
;US-VT;1998;p95p100;;;;0.3005613685;0.3005613685
;US-VT;1998;p99.5p100;1163757.375;;;0.1136226654;0.1136226654
;US-VT;1997;p0p100;47295.7304688;;13924110336.0;;
;US-VT;1997;p99p100;673607.125;;;0.1424245089;0.1424245089
;US-VT;1997;p99.9p100;2693548.5;;;0.056951195;0.056951195
;US-VT;1997;p99.99p100;10570661.0;;;0.0223501381;0.0223501381
;US-VT;1997;p90p100;;;;0.4139684439;0.4139684439
;US-VT;1997;p90p91;195789.390625;;;;
;US-VT;1997;p95p96;278104.625;;;;
;US-VT;1997;p95p100;;;;0.2940060496;0.2940060496
;US-VT;1997;p99.5p100;993703.3125;;;0.105052121;0.105052121
;US-VT;1996;p0p100;45279.3945312;;13099627520.0;;
;US-VT;1996;p99p100;574159.1875;;;0.1268036216;0.1268036216
;US-VT;1996;p99.9p100;2082636.375;;;0.0459952317;0.0459952317
;US-VT;1996;p99.99p100;7354162.5;;;0.0162417404;0.0162417404
;US-VT;1996;p90p100;;;;0.3957384527;0.3957384527
;US-VT;1996;p90p91;179188.0;;;;
;US-VT;1996;p95p96;249087.171875;;;;
;US-VT;1996;p95p100;;;;0.2750557363;0.2750557363
;US-VT;1996;p99.5p100;841580.25;;;0.0929319039;0.0929319039
;US-VT;1995;p0p100;43961.3632812;;12368393216.0;;
;US-VT;1995;p99p100;496985.90625;;;0.1130506098;0.1130506098
;US-VT;1995;p99.9p100;1654451.75;;;0.0376342237;0.0376342237
;US-VT;1995;p99.99p100;5365609.0;;;0.0122052822;0.0122052822
;US-VT;1995;p90p100;;;;0.3788167834;0.3788167834
;US-VT;1995;p90p91;166533.03125;;;;
;US-VT;1995;p95p96;227446.09375;;;;
;US-VT;1995;p95p100;;;;0.2586885989;0.2586885989
;US-VT;1995;p99.5p100;710390.0;;;0.0807970762;0.0807970762
;US-VT;1994;p0p100;42454.390625;;11936030720.0;;
;US-VT;1994;p99p100;456689.8125;;;0.1075718701;0.1075718701
;US-VT;1994;p99.9p100;1560335.375;;;0.0367532149;0.0367532149
;US-VT;1994;p99.99p100;5351233.5;;;0.012604665;0.012604665
;US-VT;1994;p90p100;;;;0.3688534796;0.3688534796
;US-VT;1994;p90p91;156594.5;;;;
;US-VT;1994;p95p96;212976.359375;;;;
;US-VT;1994;p95p100;;;;0.2508295774;0.2508295774
;US-VT;1994;p99.5p100;656586.0;;;0.0773283988;0.0773283988
;US-VT;1993;p0p100;41538.0195312;;11690224640.0;;
;US-VT;1993;p99p100;440633.5625;;;0.1060795784;0.1060795784
;US-VT;1993;p99.9p100;1520779.875;;;0.0366117582;0.0366117582
;US-VT;1993;p99.99p100;5274423.0;;;0.0126978206;0.0126978206
;US-VT;1993;p90p100;;;;0.3726117611;0.3726117611
;US-VT;1993;p90p91;154775.546875;;;;
;US-VT;1993;p95p96;208461.09375;;;;
;US-VT;1993;p95p100;;;;0.2509280741;0.2509280741
;US-VT;1993;p99.5p100;636896.25;;;0.0766642541;0.0766642541
;US-VT;1992;p0p100;42294.6289062;;11699942400.0;;
;US-VT;1992;p99p100;443537.90625;;;0.1048686206;0.1048686206
;US-VT;1992;p99.9p100;1546658.5;;;0.0365686752;0.0365686752
;US-VT;1992;p99.99p100;5357236.0;;;0.0126664704;0.0126664704
;US-VT;1992;p90p100;;;;0.3679121435;0.3679121435
;US-VT;1992;p90p91;155607.0625;;;;
;US-VT;1992;p95p96;208035.578125;;;;
;US-VT;1992;p95p100;;;;0.2459361702;0.2459361702
;US-VT;1992;p99.5p100;644408.6875;;;0.07618092;0.07618092
;US-VT;1991;p0p100;41917.0976562;;11376849920.0;;
;US-VT;1991;p99p100;422159.21875;;;0.1007128954;0.1007128954
;US-VT;1991;p99.9p100;1410414.75;;;0.0336477235;0.0336477235
;US-VT;1991;p99.99p100;4694886.5;;;0.0112004103;0.0112004103
;US-VT;1991;p90p100;;;;0.3642638922;0.3642638922
;US-VT;1991;p90p91;152688.84375;;;;
;US-VT;1991;p95p96;202139.453125;;;;
;US-VT;1991;p95p100;;;;0.2411181629;0.2411181629
;US-VT;1991;p99.5p100;605409.3125;;;0.0722150877;0.0722150877
;US-VT;1990;p0p100;43682.6210938;;11804177408.0;;
;US-VT;1990;p99p100;461993.59375;;;0.1057614163;0.1057614163
;US-VT;1990;p99.9p100;1680893.625;;;0.0384796895;0.0384796895
;US-VT;1990;p99.99p100;6027997.0;;;0.0137995314;0.0137995314
;US-VT;1990;p90p100;;;;0.3612315357;0.3612315357
;US-VT;1990;p90p91;157795.40625;;;;
;US-VT;1990;p95p96;212329.203125;;;;
;US-VT;1990;p95p100;;;;0.2430362403;0.2430362403
;US-VT;1990;p99.5p100;682545.9375;;;0.0781255737;0.0781255737
;US-VT;1989;p0p100;44872.8476562;;11993190400.0;;
;US-VT;1989;p99p100;536569.25;;;0.1195754856;0.1195754856
;US-VT;1989;p99.9p100;1987682.125;;;0.0442958772;0.0442958772
;US-VT;1989;p99.99p100;7274626.0;;;0.0162116438;0.0162116438
;US-VT;1989;p90p100;;;;0.3698975146;0.3698975146
;US-VT;1989;p90p91;165983.53125;;;;
;US-VT;1989;p95p96;228620.125;;;;
;US-VT;1989;p95p100;;;;0.2547421753;0.2547421753
;US-VT;1989;p99.5p100;793622.875;;;0.0884301886;0.0884301886
;US-VT;1988;p0p100;43943.5117188;;11532676096.0;;
;US-VT;1988;p99p100;611019.5625;;;0.1390465796;0.1390465796
;US-VT;1988;p99.9p100;2489025.0;;;0.0566414669;0.0566414669
;US-VT;1988;p99.99p100;9727709.0;;;0.0221368484;0.0221368484
;US-VT;1988;p90p100;;;;0.3928045034;0.3928045034
;US-VT;1988;p90p91;172612.09375;;;;
;US-VT;1988;p95p96;243358.5;;;;
;US-VT;1988;p95p100;;;;0.2768992484;0.2768992484
;US-VT;1988;p99.5p100;932582.3125;;;0.1061114892;0.1061114892
;US-VT;1987;p0p100;40827.5703125;;10616837120.0;;
;US-VT;1987;p99p100;446735.84375;;;0.1094201282;0.1094201282
;US-VT;1987;p99.9p100;1562548.25;;;0.0382718854;0.0382718854
;US-VT;1987;p99.99p100;5500935.0;;;0.0134735778;0.0134735778
;US-VT;1987;p90p100;;;;0.365588814;0.365588814
;US-VT;1987;p90p91;149261.046875;;;;
;US-VT;1987;p95p96;200948.5;;;;
;US-VT;1987;p95p100;;;;0.2460941076;0.2460941076
;US-VT;1987;p99.5p100;646756.5625;;;0.0792058557;0.0792058557
;US-VT;1986;p0p100;41346.5234375;;10527416320.0;;
;US-VT;1986;p99p100;583385.1875;;;0.1410965472;0.1410965472
;US-VT;1986;p99.9p100;2529464.0;;;0.0611771867;0.0611771867
;US-VT;1986;p99.99p100;10657329.0;;;0.0257756356;0.0257756356
;US-VT;1986;p90p100;;;;0.3877959549;0.3877959549
;US-VT;1986;p90p91;160340.140625;;;;
;US-VT;1986;p95p96;227512.9375;;;;
;US-VT;1986;p95p100;;;;0.2751294971;0.2751294971
;US-VT;1986;p99.5p100;905596.0;;;0.1095129624;0.1095129624
;US-VT;1985;p0p100;38667.6835938;;9672108032.0;;
;US-VT;1985;p99p100;422733.78125;;;0.1093248203;0.1093248203
;US-VT;1985;p99.9p100;1561343.625;;;0.040378511;0.040378511
;US-VT;1985;p99.99p100;5681354.5;;;0.0146927712;0.0146927712
;US-VT;1985;p90p100;;;;0.3561029136;0.3561029136
;US-VT;1985;p90p91;137696.75;;;;
;US-VT;1985;p95p96;186706.4375;;;;
;US-VT;1985;p95p100;;;;0.2414243817;0.2414243817
;US-VT;1985;p99.5p100;615157.625;;;0.0795441493;0.0795441493
;US-VT;1984;p0p100;37541.6796875;;9229402112.0;;
;US-VT;1984;p99p100;401128.28125;;;0.1068487838;0.1068487838
;US-VT;1984;p99.9p100;1494672.5;;;0.0398136787;0.0398136787
;US-VT;1984;p99.99p100;6084603.0;;;0.0162075926;0.0162075926
;US-VT;1984;p90p100;;;;0.3340805173;0.3340805173
;US-VT;1984;p90p91;125419.445312;;;;
;US-VT;1984;p95p96;173534.96875;;;;
;US-VT;1984;p95p100;;;;0.23112306;0.23112306
;US-VT;1984;p99.5p100;564461.0;;;0.0751779079;0.0751779079
;US-VT;1983;p0p100;36084.890625;;8721496064.0;;
;US-VT;1983;p99p100;386939.4375;;;0.1072303206;0.1072303206
;US-VT;1983;p99.9p100;1407880.5;;;0.0390157886;0.0390157886
;US-VT;1983;p99.99p100;5721310.0;;;0.0158551391;0.0158551391
;US-VT;1983;p90p100;;;;0.3210998476;0.3210998476
;US-VT;1983;p90p91;115868.523438;;;;
;US-VT;1983;p95p96;162221.734375;;;;
;US-VT;1983;p95p100;;;;0.2247779071;0.2247779071
;US-VT;1983;p99.5p100;523846.46875;;;0.0725852922;0.0725852922
;US-VT;1982;p0p100;34546.8828125;;8165346304.0;;
;US-VT;1982;p99p100;308717.0625;;;0.0893617719;0.0893617719
;US-VT;1982;p99.9p100;1194104.625;;;0.0345647633;0.0345647633
;US-VT;1982;p99.99p100;4957961.0;;;0.0143514005;0.0143514005
;US-VT;1982;p90p100;;;;0.3225417137;0.3225417137
;US-VT;1982;p90p91;111428.101562;;;;
;US-VT;1982;p95p96;148254.8125;;;;
;US-VT;1982;p95p100;;;;0.2145704925;0.2145704925
;US-VT;1982;p99.5p100;455537.0625;;;0.0659302697;0.0659302697
;US-VT;1981;p0p100;35171.6875;;8132048384.0;;
;US-VT;1981;p99p100;264140.0;;;0.075100176;0.075100176
;US-VT;1981;p99.9p100;727834.0625;;;0.0206937511;0.0206937511
;US-VT;1981;p99.99p100;2200132.75;;;0.0062554083;0.0062554083
;US-VT;1981;p90p100;;;;0.3315930068;0.3315930068
;US-VT;1981;p90p91;116626.851562;;;;
;US-VT;1981;p95p96;145983.5;;;;
;US-VT;1981;p95p100;;;;0.2075298578;0.2075298578
;US-VT;1981;p99.5p100;357278.875;;;0.0507906936;0.0507906936
;US-VT;1980;p0p100;36150.9101562;;8028690432.0;;
;US-VT;1980;p99p100;281596.5;;;0.0778947175;0.0778947175
;US-VT;1980;p99.9p100;769865.6875;;;0.0212958865;0.0212958865
;US-VT;1980;p99.99p100;2245790.75;;;0.0062122662;0.0062122662
;US-VT;1980;p90p100;;;;0.3291983008;0.3291983008
;US-VT;1980;p90p91;119008.1875;;;;
;US-VT;1980;p95p96;151123.875;;;;
;US-VT;1980;p95p100;;;;0.2090180665;0.2090180665
;US-VT;1980;p99.5p100;377796.78125;;;0.0522527285;0.0522527285
;US-VT;1979;p0p100;36816.921875;;7903873024.0;;
;US-VT;1979;p99p100;285703.25;;;0.0776010677;0.0776010677
;US-VT;1979;p99.9p100;760208.8125;;;0.0206483528;0.0206483528
;US-VT;1979;p99.99p100;2375767.75;;;0.0064529232;0.0064529232
;US-VT;1979;p90p100;;;;0.3160272241;0.3160272241
;US-VT;1979;p90p91;116351.5;;;;
;US-VT;1979;p95p96;152902.453125;;;;
;US-VT;1979;p95p100;;;;0.2076524198;0.2076524198
;US-VT;1979;p99.5p100;373386.0625;;;0.0507084839;0.0507084839
;US-VT;1978;p0p100;35680.6757812;;7503345152.0;;
;US-VT;1978;p99p100;260853.734375;;;0.0731078386;0.0731078386
;US-VT;1978;p99.9p100;632290.5;;;0.0177208111;0.0177208111
;US-VT;1978;p99.99p100;1797816.625;;;0.0050386284;0.0050386284
;US-VT;1978;p90p100;;;;0.3213384151;0.3213384151
;US-VT;1978;p90p91;114655.71875;;;;
;US-VT;1978;p95p96;149498.546875;;;;
;US-VT;1978;p95p100;;;;0.2094950974;0.2094950974
;US-VT;1978;p99.5p100;343208.46875;;;0.0480944477;0.0480944477
;US-VT;1977;p0p100;34111.21875;;6962206720.0;;
;US-VT;1977;p99p100;258583.0;;;0.0758058503;0.0758058503
;US-VT;1977;p99.9p100;586845.0;;;0.017203873;0.017203873
;US-VT;1977;p99.99p100;1446814.75;;;0.0042414633;0.0042414633
;US-VT;1977;p90p100;;;;0.3275843263;0.3275843263
;US-VT;1977;p90p91;111743.007812;;;;
;US-VT;1977;p95p96;143944.125;;;;
;US-VT;1977;p95p100;;;;0.2109923661;0.2109923661
;US-VT;1977;p99.5p100;325930.5625;;;0.0477746911;0.0477746911
;US-VT;1976;p0p100;34401.1835938;;6818958336.0;;
;US-VT;1976;p99p100;251755.890625;;;0.0731823295;0.0731823295
;US-VT;1976;p99.9p100;616541.25;;;0.0179220941;0.0179220941
;US-VT;1976;p99.99p100;1677504.125;;;0.0048762974;0.0048762974
;US-VT;1976;p90p100;;;;0.3177625537;0.3177625537
;US-VT;1976;p90p91;109314.078125;;;;
;US-VT;1976;p95p96;138057.8125;;;;
;US-VT;1976;p95p100;;;;0.2006585151;0.2006585151
;US-VT;1976;p99.5p100;325693.65625;;;0.0473375656;0.0473375656
;US-VT;1975;p0p100;33082.3476562;;6372534272.0;;
;US-VT;1975;p99p100;252235.0625;;;0.0762446076;0.0762446076
;US-VT;1975;p99.9p100;615995.75;;;0.0186200738;0.0186200738
;US-VT;1975;p99.99p100;1594326.375;;;0.004819266;0.004819266
;US-VT;1975;p90p100;;;;0.3315088451;0.3315088451
;US-VT;1975;p90p91;109670.914062;;;;
;US-VT;1975;p95p96;140649.40625;;;;
;US-VT;1975;p95p100;;;;0.2125747055;0.2125747055
;US-VT;1975;p99.5p100;322041.53125;;;0.0486727096;0.0486727096
;US-VT;1974;p0p100;35659.1992188;;6673225216.0;;
;US-VT;1974;p99p100;281513.875;;;0.0789456517;0.0789456517
;US-VT;1974;p99.9p100;767504.0625;;;0.0215233136;0.0215233136
;US-VT;1974;p99.99p100;2262111.0;;;0.0063436958;0.0063436958
;US-VT;1974;p90p100;;;;0.3164242506;0.3164242506
;US-VT;1974;p90p91;112834.351562;;;;
;US-VT;1974;p95p96;145711.984375;;;;
;US-VT;1974;p95p100;;;;0.2043119222;0.2043119222
;US-VT;1974;p99.5p100;378565.0;;;0.053080976;0.053080976
;US-VT;1973;p0p100;37620.65625;;6845186560.0;;
;US-VT;1973;p99p100;296663.90625;;;0.0788566545;0.0788566545
;US-VT;1973;p99.9p100;784792.75;;;0.0208606869;0.0208606869
;US-VT;1973;p99.99p100;2304169.25;;;0.0061247447;0.0061247447
;US-VT;1973;p90p100;;;;0.3179951906;0.3179951906
;US-VT;1973;p90p91;119631.882812;;;;
;US-VT;1973;p95p96;155603.359375;;;;
;US-VT;1973;p95p100;;;;0.2068057358;0.2068057358
;US-VT;1973;p99.5p100;397387.03125;;;0.0528150089;0.0528150089
;US-VT;1972;p0p100;37764.796875;;6678748160.0;;
;US-VT;1972;p99p100;293444.40625;;;0.077703163;0.077703163
;US-VT;1972;p99.9p100;971387.625;;;0.0257220417;0.0257220417
;US-VT;1972;p99.99p100;3852724.0;;;0.0102018928;0.0102018928
;US-VT;1972;p90p100;;;;0.30345577;0.30345577
;US-VT;1972;p90p91;114599.445312;;;;
;US-VT;1972;p95p96;148879.703125;;;;
;US-VT;1972;p95p100;;;;0.1971143931;0.1971143931
;US-VT;1972;p99.5p100;409796.90625;;;0.0542564727;0.0542564727
;US-VT;1971;p0p100;36618.7382812;;6287598080.0;;
;US-VT;1971;p99p100;308422.71875;;;0.0842253789;0.0842253789
;US-VT;1971;p99.9p100;920058.9375;;;0.0251253583;0.0251253583
;US-VT;1971;p99.99p100;3482445.75;;;0.0095100105;0.0095100105
;US-VT;1971;p90p100;;;;0.3202631772;0.3202631772
;US-VT;1971;p90p91;117276.335938;;;;
;US-VT;1971;p95p96;152073.140625;;;;
;US-VT;1971;p95p100;;;;0.2076438814;0.2076438814
;US-VT;1971;p99.5p100;431726.125;;;0.0589488;0.0589488
;US-VT;1970;p0p100;36926.9804688;;6144511488.0;;
;US-VT;1970;p99p100;277948.15625;;;0.0752696618;0.0752696618
;US-VT;1970;p99.9p100;763086.25;;;0.020664731;0.020664731
;US-VT;1970;p99.99p100;2619401.5;;;0.0070934612;0.0070934612
;US-VT;1970;p90p100;;;;0.3171284497;0.3171284497
;US-VT;1970;p90p91;117105.96875;;;;
;US-VT;1970;p95p96;151510.3125;;;;
;US-VT;1970;p95p100;;;;0.2051485032;0.2051485032
;US-VT;1970;p99.5p100;365739.625;;;0.0495220013;0.0495220013
;US-VT;1969;p0p100;36696.8398438;;6023304192.0;;
;US-VT;1969;p99p100;326745.375;;;0.0890391096;0.0890391096
;US-VT;1969;p99.9p100;1066307.0;;;0.0290571898;0.0290571898
;US-VT;1969;p99.99p100;4225051.0;;;0.0115133915;0.0115133915
;US-VT;1969;p90p100;;;;0.3196575642;0.3196575642
;US-VT;1969;p90p91;117304.210938;;;;
;US-VT;1969;p95p96;157181.15625;;;;
;US-VT;1969;p95p100;;;;0.214161709;0.214161709
;US-VT;1969;p99.5p100;458133.9375;;;0.0624214448;0.0624214448
;US-VT;1968;p0p100;36461.5546875;;5914294784.0;;
;US-VT;1968;p99p100;344203.71875;;;0.0944018289;0.0944018289
;US-VT;1968;p99.9p100;1075040.0;;;0.0294842087;0.0294842087
;US-VT;1968;p99.99p100;4439790.0;;;0.0121766347;0.0121766347
;US-VT;1968;p90p100;;;;0.3233502209;0.3233502209
;US-VT;1968;p90p91;117898.507812;;;;
;US-VT;1968;p95p96;161895.46875;;;;
;US-VT;1968;p95p100;;;;0.2220084816;0.2220084816
;US-VT;1968;p99.5p100;486060.40625;;;0.0666538253;0.0666538253
;US-VT;1967;p0p100;34832.3789062;;5582174720.0;;
;US-VT;1967;p99p100;322888.15625;;;0.0926977023;0.0926977023
;US-VT;1967;p99.9p100;1075469.875;;;0.0308755822;0.0308755822
;US-VT;1967;p99.99p100;4987873.0;;;0.0143196452;0.0143196452
;US-VT;1967;p90p100;;;;0.3150431812;0.3150431812
;US-VT;1967;p90p91;109737.039062;;;;
;US-VT;1967;p95p96;151936.3125;;;;
;US-VT;1967;p95p100;;;;0.2180963755;0.2180963755
;US-VT;1967;p99.5p100;460568.78125;;;0.0661121607;0.0661121607
;US-VT;1966;p0p100;33313.8671875;;5269735936.0;;
;US-VT;1966;p99p100;301231.03125;;;0.0904221162;0.0904221162
;US-VT;1966;p99.9p100;1086815.375;;;0.0326235145;0.0326235145
;US-VT;1966;p99.99p100;5412969.5;;;0.0162483975;0.0162483975
;US-VT;1966;p90p100;;;;0.3122632504;0.3122632504
;US-VT;1966;p90p91;104026.953125;;;;
;US-VT;1966;p95p96;140103.71875;;;;
;US-VT;1966;p95p100;;;;0.2102784067;0.2102784067
;US-VT;1966;p99.5p100;445109.1875;;;0.0668053925;0.0668053925
;US-VT;1965;p0p100;30458.6464844;;4752400896.0;;
;US-VT;1965;p99p100;315350.59375;;;0.1035340205;0.1035340205
;US-VT;1965;p99.9p100;1044419.75;;;0.0342897661;0.0342897661
;US-VT;1965;p99.99p100;4229771.0;;;0.0138869314;0.0138869314
;US-VT;1965;p90p100;;;;0.3270899951;0.3270899951
;US-VT;1965;p90p91;99627.1875;;;;
;US-VT;1965;p95p96;137329.015625;;;;
;US-VT;1965;p95p100;;;;0.2254351974;0.2254351974
;US-VT;1965;p99.5p100;425430.96875;;;0.0698374733;0.0698374733
;US-VT;1964;p0p100;28545.1523438;;4388775936.0;;
;US-VT;1964;p99p100;291761.40625;;;0.1022104844;0.1022104844
;US-VT;1964;p99.9p100;882490.375;;;0.0309155937;0.0309155937
;US-VT;1964;p99.99p100;4790302.5;;;0.0167814922;0.0167814922
;US-VT;1964;p90p100;;;;0.3404668272;0.3404668272
;US-VT;1964;p90p91;97186.7734375;;;;
;US-VT;1964;p95p96;131333.484375;;;;
;US-VT;1964;p95p100;;;;0.2300451398;0.2300451398
;US-VT;1964;p99.5p100;376371.5;;;0.0659256428;0.0659256428
;US-VT;1963;p0p100;27162.9082031;;4109382656.0;;
;US-VT;1963;p99p100;252543.703125;;;0.092973724;0.092973724
;US-VT;1963;p99.9p100;913972.1875;;;0.033647798;0.033647798
;US-VT;1963;p99.99p100;4012239.0;;;0.0147710191;0.0147710191
;US-VT;1963;p90p100;;;;0.3284926713;0.3284926713
;US-VT;1963;p90p91;89228.171875;;;;
;US-VT;1963;p95p96;121989.234375;;;;
;US-VT;1963;p95p100;;;;0.2245510966;0.2245510966
;US-VT;1963;p99.5p100;357576.75;;;0.0658207759;0.0658207759
;US-VT;1962;p0p100;26764.1894531;;3982073088.0;;
;US-VT;1962;p99p100;233206.4375;;;0.0871337578;0.0871337578
;US-VT;1962;p99.9p100;722894.75;;;0.0270097759;0.0270097759
;US-VT;1962;p99.99p100;2557423.25;;;0.0095553929;0.0095553929
;US-VT;1962;p90p100;;;;0.3145300746;0.3145300746
;US-VT;1962;p90p91;84181.421875;;;;
;US-VT;1962;p95p96;112845.234375;;;;
;US-VT;1962;p95p100;;;;0.2108138502;0.2108138502
;US-VT;1962;p99.5p100;329731.28125;;;0.061599344;0.061599344
;US-VT;1961;p0p100;26624.78125;;3891815168.0;;
;US-VT;1961;p99p100;222066.984375;;;0.0834061354;0.0834061354
;US-VT;1961;p99.9p100;723748.9375;;;0.0271832831;0.0271832831
;US-VT;1961;p99.99p100;2803172.5;;;0.0105284341;0.0105284341
;US-VT;1961;p90p100;;;;0.3018017113;0.3018017113
;US-VT;1961;p90p91;80354.0390625;;;;
;US-VT;1961;p95p96;105806.382812;;;;
;US-VT;1961;p95p100;;;;0.198699072;0.198699072
;US-VT;1961;p99.5p100;310444.96875;;;0.0583000034;0.0583000034
;US-VT;1960;p0p100;26096.2089844;;3742964224.0;;
;US-VT;1960;p99p100;201434.703125;;;0.0771892592;0.0771892592
;US-VT;1960;p99.9p100;508687.9375;;;0.019492792;0.019492792
;US-VT;1960;p99.99p100;2019090.75;;;0.0077371043;0.0077371043
;US-VT;1960;p90p100;;;;0.3033699393;0.3033699393
;US-VT;1960;p90p91;79168.0546875;;;;
;US-VT;1960;p95p96;104992.828125;;;;
;US-VT;1960;p95p100;;;;0.2011649311;0.2011649311
;US-VT;1960;p99.5p100;267997.1875;;;0.0513479188;0.0513479188
;US-VT;1959;p0p100;25180.9199219;;3637106176.0;;
;US-VT;1959;p99p100;202231.03125;;;0.080311209;0.080311209
;US-VT;1959;p99.9p100;652440.4375;;;0.0259101093;0.0259101093
;US-VT;1959;p99.99p100;2144215.25;;;0.0085152378;0.0085152378
;US-VT;1959;p90p100;;;;0.3037129343;0.3037129343
;US-VT;1959;p90p91;76477.7109375;;;;
;US-VT;1959;p95p96;101309.21875;;;;
;US-VT;1959;p95p100;;;;0.2011626512;0.2011626512
;US-VT;1959;p99.5p100;276444.84375;;;0.0548917316;0.0548917316
;US-VT;1958;p0p100;23099.1308594;;3356206080.0;;
;US-VT;1958;p99p100;211539.859375;;;0.0915791541;0.0915791541
;US-VT;1958;p99.9p100;546150.4375;;;0.0236437675;0.0236437675
;US-VT;1958;p99.99p100;1797399.625;;;0.0077812439;0.0077812439
;US-VT;1958;p90p100;;;;0.3089683354;0.3089683354
;US-VT;1958;p90p91;71369.0;;;;
;US-VT;1958;p95p96;95025.6953125;;;;
;US-VT;1958;p95p100;;;;0.2056910843;0.2056910843
;US-VT;1958;p99.5p100;294065.59375;;;0.0636529624;0.0636529624
;US-VT;1957;p0p100;23403.5195312;;3419831040.0;;
;US-VT;1957;p99p100;210044.0;;;0.0897489041;0.0897489041
;US-VT;1957;p99.9p100;583463.1875;;;0.0249305759;0.0249305759
;US-VT;1957;p99.99p100;1814787.0;;;0.0077543347;0.0077543347
;US-VT;1957;p90p100;;;;0.3124580681;0.3124580681
;US-VT;1957;p90p91;73126.1796875;;;;
;US-VT;1957;p95p96;97094.7890625;;;;
;US-VT;1957;p95p100;;;;0.2074363232;0.2074363232
;US-VT;1957;p99.5p100;288395.40625;;;0.0616136864;0.0616136864
;US-VT;1956;p0p100;23660.9589844;;3471625728.0;;
;US-VT;1956;p99p100;237068.25;;;0.1001938432;0.1001938432
;US-VT;1956;p99.9p100;680239.6875;;;0.0287494548;0.0287494548
;US-VT;1956;p99.99p100;2618230.5;;;0.0110656144;0.0110656144
;US-VT;1956;p90p100;;;;0.3278698623;0.3278698623
;US-VT;1956;p90p91;77577.15625;;;;
;US-VT;1956;p95p96;107841.703125;;;;
;US-VT;1956;p95p100;;;;0.2278895378;0.2278895378
;US-VT;1956;p99.5p100;332571.6875;;;0.0702785775;0.0702785775
;US-VT;1955;p0p100;22220.9453125;;3274045184.0;;
;US-VT;1955;p99p100;228778.109375;;;0.102956064;0.102956064
;US-VT;1955;p99.9p100;770910.0;;;0.0346929431;0.0346929431
;US-VT;1955;p99.99p100;2344415.5;;;0.0105504757;0.0105504757
;US-VT;1955;p90p100;;;;0.3214100599;0.3214100599
;US-VT;1955;p90p91;71420.359375;;;;
;US-VT;1955;p95p96;96712.4375;;;;
;US-VT;1955;p95p100;;;;0.2176154852;0.2176154852
;US-VT;1955;p99.5p100;337221.9375;;;0.0758792907;0.0758792907
;US-VT;1954;p0p100;21385.2734375;;3163741952.0;;
;US-VT;1954;p99p100;196493.8125;;;0.0918827802;0.0918827802
;US-VT;1954;p99.9p100;621530.0;;;0.0290634613;0.0290634613
;US-VT;1954;p99.99p100;2492273.25;;;0.0116541572;0.0116541572
;US-VT;1954;p90p100;;;;0.3161281645;0.3161281645
;US-VT;1954;p90p91;67604.8671875;;;;
;US-VT;1954;p95p96;90864.9140625;;;;
;US-VT;1954;p95p100;;;;0.2124474198;0.2124474198
;US-VT;1954;p99.5p100;276820.3125;;;0.0647221878;0.0647221878
;US-VT;1953;p0p100;21279.3359375;;3160456704.0;;
;US-VT;1953;p99p100;189326.140625;;;0.0889718235;0.0889718235
;US-VT;1953;p99.9p100;609951.4375;;;0.0286640264;0.0286640264
;US-VT;1953;p99.99p100;2391180.75;;;0.0112371016;0.0112371016
;US-VT;1953;p90p100;;;;0.3148644269;0.3148644269
;US-VT;1953;p90p91;67001.0625;;;;
;US-VT;1953;p95p96;89637.328125;;;;
;US-VT;1953;p95p100;;;;0.2106205821;0.2106205821
;US-VT;1953;p99.5p100;272760.21875;;;0.064090386;0.064090386
;US-VT;1952;p0p100;20554.3515625;;3067272960.0;;
;US-VT;1952;p99p100;191261.359375;;;0.093051523;0.093051523
;US-VT;1952;p99.9p100;612895.3125;;;0.0298182759;0.0298182759
;US-VT;1952;p99.99p100;2168959.5;;;0.0105523141;0.0105523141
;US-VT;1952;p90p100;;;;0.3183912933;0.3183912933
;US-VT;1952;p90p91;65443.2617188;;;;
;US-VT;1952;p95p96;84828.9375;;;;
;US-VT;1952;p95p100;;;;0.2063527703;0.2063527703
;US-VT;1952;p99.5p100;264877.90625;;;0.0644335374;0.0644335374
;US-VT;1951;p0p100;20649.5683594;;3093739520.0;;
;US-VT;1951;p99p100;195165.046875;;;0.0945128947;0.0945128947
;US-VT;1951;p99.9p100;643434.1875;;;0.0311596896;0.0311596896
;US-VT;1951;p99.99p100;2182451.0;;;0.0105689904;0.0105689904
;US-VT;1951;p90p100;;;;0.3170067966;0.3170067966
;US-VT;1951;p90p91;65460.5390625;;;;
;US-VT;1951;p95p96;87173.9140625;;;;
;US-VT;1951;p95p100;;;;0.2110792547;0.2110792547
;US-VT;1951;p99.5p100;283966.4375;;;0.0687584504;0.0687584504
;US-VT;1950;p0p100;19318.1386719;;2905622784.0;;
;US-VT;1950;p99p100;214551.03125;;;0.111061953;0.111061953
;US-VT;1950;p99.9p100;769345.6875;;;0.0398250408;0.0398250408
;US-VT;1950;p99.99p100;2376014.0;;;0.0122993933;0.0122993933
;US-VT;1950;p90p100;;;;0.3412545025;0.3412545025
;US-VT;1950;p90p91;65924.0234375;;;;
;US-VT;1950;p95p96;93549.8125;;;;
;US-VT;1950;p95p100;;;;0.2421294451;0.2421294451
;US-VT;1950;p99.5p100;314194.84375;;;0.0813212022;0.0813212022
;US-VT;1949;p0p100;18048.8320312;;2701362176.0;;
;US-VT;1949;p99p100;174695.75;;;0.0967906043;0.0967906043
;US-VT;1949;p99.9p100;583244.5;;;0.0323147997;0.0323147997
;US-VT;1949;p99.99p100;2117703.75;;;0.0117331892;0.0117331892
;US-VT;1949;p90p100;;;;0.3203868568;0.3203868568
;US-VT;1949;p90p91;57826.09375;;;;
;US-VT;1949;p95p96;78444.3671875;;;;
;US-VT;1949;p95p100;;;;0.2173114568;0.2173114568
;US-VT;1949;p99.5p100;254900.421875;;;0.0706140995;0.0706140995
;US-VT;1948;p0p100;19014.7558594;;2840297472.0;;
;US-VT;1948;p99p100;187477.234375;;;0.0985956639;0.0985956639
;US-VT;1948;p99.9p100;552235.5625;;;0.0290424768;0.0290424768
;US-VT;1948;p99.99p100;1533893.25;;;0.0080668591;0.0080668591
;US-VT;1948;p90p100;;;;0.3329894245;0.3329894245
;US-VT;1948;p90p91;63317.1132812;;;;
;US-VT;1948;p95p96;87143.390625;;;;
;US-VT;1948;p95p100;;;;0.2291467786;0.2291467786
;US-VT;1948;p99.5p100;257619.484375;;;0.0677419975;0.0677419975
;US-VT;1947;p0p100;18654.7148438;;2780545024.0;;
;US-VT;1947;p99p100;185604.03125;;;0.0994944423;0.0994944423
;US-VT;1947;p99.9p100;592405.125;;;0.0317563228;0.0317563228
;US-VT;1947;p99.99p100;1874183.125;;;0.0100467;0.0100467
;US-VT;1947;p90p100;;;;0.3171043098;0.3171043098
;US-VT;1947;p90p91;59154.90625;;;;
;US-VT;1947;p95p96;80943.4453125;;;;
;US-VT;1947;p95p100;;;;0.216951713;0.216951713
;US-VT;1947;p99.5p100;264000.75;;;0.0707597956;0.0707597956
;US-VT;1946;p0p100;18993.546875;;2818896896.0;;
;US-VT;1946;p99p100;207223.46875;;;0.1091020256;0.1091020256
;US-VT;1946;p99.9p100;650820.625;;;0.0342653506;0.0342653506
;US-VT;1946;p99.99p100;1944772.125;;;0.0102391187;0.0102391187
;US-VT;1946;p90p100;;;;0.3198470175;0.3198470175
;US-VT;1946;p90p91;60750.3046875;;;;
;US-VT;1946;p95p96;85718.5859375;;;;
;US-VT;1946;p95p100;;;;0.2256518304;0.2256518304
;US-VT;1946;p99.5p100;295743.5625;;;0.0778536871;0.0778536871
;US-VT;1945;p0p100;17853.1113281;;2661016320.0;;
;US-VT;1945;p99p100;192194.71875;;;0.1076533347;0.1076533347
;US-VT;1945;p99.9p100;619516.1875;;;0.0347007364;0.0347007364
;US-VT;1945;p99.99p100;1745887.25;;;0.0097791748;0.0097791748
;US-VT;1945;p90p100;;;;0.3311033249;0.3311033249
;US-VT;1945;p90p91;59112.25;;;;
;US-VT;1945;p95p96;82527.78125;;;;
;US-VT;1945;p95p100;;;;0.2311299443;0.2311299443
;US-VT;1945;p99.5p100;277740.78125;;;0.0777849704;0.0777849704
;US-VT;1944;p0p100;16861.2695312;;2521900288.0;;
;US-VT;1944;p99p100;243716.328125;;;0.144542098;0.144542098
;US-VT;1944;p99.9p100;798264.6875;;;0.0473430976;0.0473430976
;US-VT;1944;p99.99p100;2211004.75;;;0.0131129203;0.0131129203
;US-VT;1944;p90p100;;;;0.4245598316;0.4245598316
;US-VT;1944;p90p91;71586.171875;;;;
;US-VT;1944;p95p96;99700.6328125;;;;
;US-VT;1944;p95p100;;;;0.2956498265;0.2956498265
;US-VT;1944;p99.5p100;356214.78125;;;0.1056310683;0.1056310683
;US-VT;1943;p0p100;18498.1738281;;2772856320.0;;
;US-VT;1943;p99p100;188173.34375;;;0.1017253622;0.1017253622
;US-VT;1943;p99.9p100;659063.75;;;0.035628587;0.035628587
;US-VT;1943;p99.99p100;2021302.25;;;0.0109270364;0.0109270364
;US-VT;1943;p90p100;;;;0.3121781349;0.3121781349
;US-VT;1943;p90p91;57747.2539062;;;;
;US-VT;1943;p95p96;79970.3515625;;;;
;US-VT;1943;p95p100;;;;0.2161574066;0.2161574066
;US-VT;1943;p99.5p100;276552.875;;;0.0747513995;0.0747513995
;US-VT;1942;p0p100;16759.2070312;;2512759552.0;;
;US-VT;1942;p99p100;179660.859375;;;0.1072012931;0.1072012931
;US-VT;1942;p99.9p100;645065.0;;;0.0384901874;0.0384901874
;US-VT;1942;p99.99p100;2270874.25;;;0.0135500105;0.0135500105
;US-VT;1942;p90p100;;;;0.3238245845;0.3238245845
;US-VT;1942;p90p91;54270.4335938;;;;
;US-VT;1942;p95p96;75754.3125;;;;
;US-VT;1942;p95p100;;;;0.2260080427;0.2260080427
;US-VT;1942;p99.5p100;264704.28125;;;0.0789727941;0.0789727941
;US-VT;1941;p0p100;15077.3466797;;2267424000.0;;
;US-VT;1941;p99p100;181488.25;;;0.1203714758;0.1203714758
;US-VT;1941;p99.9p100;614170.9375;;;0.0407346822;0.0407346822
;US-VT;1941;p99.99p100;1828366.75;;;0.0121265808;0.0121265808
;US-VT;1941;p90p100;;;;0.3653915823;0.3653915823
;US-VT;1941;p90p91;55091.359375;;;;
;US-VT;1941;p95p96;76270.8828125;;;;
;US-VT;1941;p95p100;;;;0.2529320419;0.2529320419
;US-VT;1941;p99.5p100;265116.90625;;;0.0879189447;0.0879189447
;US-VT;1940;p0p100;13280.3173828;;2005286528.0;;
;US-VT;1940;p99p100;180459.375;;;0.1358848512;0.1358848512
;US-VT;1940;p99.9p100;616196.25;;;0.0463992134;0.0463992134
;US-VT;1940;p99.99p100;1840026.875;;;0.0138552943;0.0138552943
;US-VT;1940;p90p100;;;;0.417277962;0.417277962
;US-VT;1940;p90p91;55415.8320312;;;;
;US-VT;1940;p95p96;75967.3671875;;;;
;US-VT;1940;p95p100;;;;0.2860149145;0.2860149145
;US-VT;1940;p99.5p100;263007.15625;;;0.0990214199;0.0990214199
;US-VT;1939;p0p100;12632.7080078;;1898736256.0;;
;US-VT;1939;p99p100;163159.078125;;;0.1291560531;0.1291560531
;US-VT;1939;p99.9p100;523450.53125;;;0.0414361283;0.0414361283
;US-VT;1939;p99.99p100;1562689.375;;;0.012370185;0.012370185
;US-VT;1939;p90p100;;;;0.393173635;0.393173635
;US-VT;1939;p90p91;49668.4765625;;;;
;US-VT;1939;p95p96;72604.78125;;;;
;US-VT;1939;p95p100;;;;0.287368238;0.287368238
;US-VT;1939;p99.5p100;234370.203125;;;0.0927632377;0.0927632377
;US-VT;1938;p0p100;11592.3642578;;1736794752.0;;
;US-VT;1938;p99p100;141528.28125;;;0.1220874935;0.1220874935
;US-VT;1938;p99.9p100;414713.1875;;;0.0357746892;0.0357746892
;US-VT;1938;p99.99p100;1223158.375;;;0.0105514145;0.0105514145
;US-VT;1938;p90p100;;;;0.3847036958;0.3847036958
;US-VT;1938;p90p91;44596.2539062;;;;
;US-VT;1938;p95p96;63761.1289062;;;;
;US-VT;1938;p95p100;;;;0.2750134766;0.2750134766
;US-VT;1938;p99.5p100;198807.15625;;;0.0857491866;0.0857491866
;US-VT;1937;p0p100;12119.0175781;;1810611584.0;;
;US-VT;1937;p99p100;168352.5625;;;0.1389160007;0.1389160007
;US-VT;1937;p99.9p100;538484.3125;;;0.0444329977;0.0444329977
;US-VT;1937;p99.99p100;1399705.25;;;0.01154966;0.01154966
;US-VT;1937;p90p100;;;;0.3903409243;0.3903409243
;US-VT;1937;p90p91;47305.4882812;;;;
;US-VT;1937;p95p96;69870.7734375;;;;
;US-VT;1937;p95p100;;;;0.2882691324;0.2882691324
;US-VT;1937;p99.5p100;245148.890625;;;0.1011422276;0.1011422276
;US-VT;1936;p0p100;12262.1337891;;1830086528.0;;
;US-VT;1936;p99p100;173418.9375;;;0.1414264143;0.1414264143
;US-VT;1936;p99.9p100;556436.375;;;0.0453784354;0.0453784354
;US-VT;1936;p99.99p100;1542368.625;;;0.0125783067;0.0125783067
;US-VT;1936;p90p100;;;;0.3935860693;0.3935860693
;US-VT;1936;p90p91;48262.046875;;;;
;US-VT;1936;p95p96;70910.2421875;;;;
;US-VT;1936;p95p100;;;;0.2891431749;0.2891431749
;US-VT;1936;p99.5p100;252506.078125;;;0.1029617339;0.1029617339
;US-VT;1935;p0p100;11008.2744141;;1640841216.0;;
;US-VT;1935;p99p100;135436.578125;;;0.1230316088;0.1230316088
;US-VT;1935;p99.9p100;396588.34375;;;0.0360263847;0.0360263847
;US-VT;1935;p99.99p100;933114.0625;;;0.008476479;0.008476479
;US-VT;1935;p90p100;;;;0.3907897472;0.3907897472
;US-VT;1935;p90p91;43019.2109375;;;;
;US-VT;1935;p95p96;60632.7890625;;;;
;US-VT;1935;p95p100;;;;0.2753964067;0.2753964067
;US-VT;1935;p99.5p100;189652.265625;;;0.0861407667;0.0861407667
;US-VT;1934;p0p100;10231.0761719;;1522146560.0;;
;US-VT;1934;p99p100;127416.554688;;;0.1245387793;0.1245387793
;US-VT;1934;p99.9p100;384544.71875;;;0.0375859551;0.0375859551
;US-VT;1934;p99.99p100;916465.875;;;0.0089576691;0.0089576691
;US-VT;1934;p90p100;;;;0.4020147324;0.4020147324
;US-VT;1934;p90p91;41130.4257812;;;;
;US-VT;1934;p95p96;58726.0976562;;;;
;US-VT;1934;p95p100;;;;0.2869986594;0.2869986594
;US-VT;1934;p99.5p100;179466.109375;;;0.0877063721;0.0877063721
;US-VT;1933;p0p100;9479.58007812;;1408603136.0;;
;US-VT;1933;p99p100;116212.382812;;;0.1225923449;0.1225923449
;US-VT;1933;p99.9p100;359935.59375;;;0.0379695781;0.0379695781
;US-VT;1933;p99.99p100;961291.5;;;0.0101406556;0.0101406556
;US-VT;1933;p90p100;;;;0.415192157;0.415192157
;US-VT;1933;p90p91;39358.4726562;;;;
;US-VT;1933;p95p96;54455.625;;;;
;US-VT;1933;p95p100;;;;0.2872259617;0.2872259617
;US-VT;1933;p99.5p100;163418.390625;;;0.0861949548;0.0861949548
;US-VT;1932;p0p100;9817.93652344;;1457737600.0;;
;US-VT;1932;p99p100;127573.578125;;;0.1299392879;0.1299392879
;US-VT;1932;p99.9p100;420961.125;;;0.0428767391;0.0428767391
;US-VT;1932;p99.99p100;1213160.5;;;0.0123565709;0.0123565709
;US-VT;1932;p90p100;;;;0.4428742826;0.4428742826
;US-VT;1932;p90p91;43481.1210938;;;;
;US-VT;1932;p95p96;59763.7109375;;;;
;US-VT;1932;p95p100;;;;0.3043597937;0.3043597937
;US-VT;1932;p99.5p100;182159.9375;;;0.0927689448;0.0927689448
;US-VT;1931;p0p100;11469.3125;;1700735360.0;;
;US-VT;1931;p99p100;146640.75;;;0.1278548688;0.1278548688
;US-VT;1931;p99.9p100;453130.375;;;0.0395080671;0.0395080671
;US-VT;1931;p99.99p100;1433126.875;;;0.0124953166;0.0124953166
;US-VT;1931;p90p100;;;;0.4043321609;0.4043321609
;US-VT;1931;p90p91;46374.1210938;;;;
;US-VT;1931;p95p96;64606.015625;;;;
;US-VT;1931;p95p100;;;;0.281647265;0.281647265
;US-VT;1931;p99.5p100;207033.484375;;;0.090255402;0.090255402
;US-VT;1930;p0p100;13067.2207031;;1932624640.0;;
;US-VT;1930;p99p100;180115.546875;;;0.137837708;0.137837708
;US-VT;1930;p99.9p100;608275.25;;;0.0465497039;0.0465497039
;US-VT;1930;p99.99p100;1838051.375;;;0.0140661243;0.0140661243
;US-VT;1930;p90p100;;;;0.3759383261;0.3759383261
;US-VT;1930;p90p91;49124.6875;;;;
;US-VT;1930;p95p96;72471.6171875;;;;
;US-VT;1930;p95p100;;;;0.2773031294;0.2773031294
;US-VT;1930;p99.5p100;262330.625;;;0.1003773659;0.1003773659
;US-VT;1929;p0p100;14454.2275391;;2145870208.0;;
;US-VT;1929;p99p100;227089.1875;;;0.1571091861;0.1571091861
;US-VT;1929;p99.9p100;812887.9375;;;0.0562387705;0.0562387705
;US-VT;1929;p99.99p100;2701535.25;;;0.0186902788;0.0186902788
;US-VT;1929;p90p100;;;;0.3746539652;0.3746539652
;US-VT;1929;p90p91;54153.3320312;;;;
;US-VT;1929;p95p96;84299.3359375;;;;
;US-VT;1929;p95p100;;;;0.2916078866;0.2916078866
;US-VT;1929;p99.5p100;339334.46875;;;0.1173824444;0.1173824444
;US-VT;1928;p0p100;12188.8759766;;1816791168.0;;
;US-VT;1928;p99p100;218635.65625;;;0.1793731004;0.1793731004
;US-VT;1928;p99.9p100;785261.3125;;;0.0644244254;0.0644244254
;US-VT;1928;p99.99p100;2483826.5;;;0.020377811;0.020377811
;US-VT;1928;p90p100;;;;0.4283080697;0.4283080697
;US-VT;1928;p90p91;52205.9414062;;;;
;US-VT;1928;p95p96;81512.6015625;;;;
;US-VT;1928;p95p100;;;;0.3343728781;0.3343728781
;US-VT;1928;p99.5p100;326146.6875;;;0.1337886602;0.1337886602
;US-VT;1927;p0p100;11042.3095703;;1649120640.0;;
;US-VT;1927;p99p100;193724.984375;;;0.1754388213;0.1754388213
;US-VT;1927;p99.9p100;676508.25;;;0.0612651035;0.0612651035
;US-VT;1927;p99.99p100;2078155.375;;;0.0188199338;0.0188199338
;US-VT;1927;p90p100;;;;0.4213658869;0.4213658869
;US-VT;1927;p90p91;46528.5273438;;;;
;US-VT;1927;p95p96;73763.96875;;;;
;US-VT;1927;p95p100;;;;0.3340060711;0.3340060711
;US-VT;1927;p99.5p100;286054.375;;;0.1295265257;0.1295265257
;US-VT;1926;p0p100;10995.5205078;;1642632960.0;;
;US-VT;1926;p99p100;187328.984375;;;0.1703684628;0.1703684628
;US-VT;1926;p99.9p100;662028.4375;;;0.0602089204;0.0602089204
;US-VT;1926;p99.99p100;2022648.125;;;0.0183952041;0.0183952041
;US-VT;1926;p90p100;;;;0.4156720042;0.4156720042
;US-VT;1926;p90p91;45705.3007812;;;;
;US-VT;1926;p95p96;71510.8984375;;;;
;US-VT;1926;p95p100;;;;0.3251819909;0.3251819909
;US-VT;1926;p99.5p100;275114.90625;;;0.1251031905;0.1251031905
;US-VT;1925;p0p100;11668.6269531;;1744253696.0;;
;US-VT;1925;p99p100;198312.40625;;;0.1699534953;0.1699534953
;US-VT;1925;p99.9p100;722432.0625;;;0.0619123392;0.0619123392
;US-VT;1925;p99.99p100;2297949.75;;;0.0196934007;0.0196934007
;US-VT;1925;p90p100;;;;0.4180756211;0.4180756211
;US-VT;1925;p90p91;48783.6875;;;;
;US-VT;1925;p95p96;75531.3359375;;;;
;US-VT;1925;p95p100;;;;0.3236513436;0.3236513436
;US-VT;1925;p99.5p100;296766.46875;;;0.1271642596;0.1271642596
;US-VT;1924;p0p100;12865.3496094;;1921208576.0;;
;US-VT;1924;p99p100;174325.90625;;;0.1355003119;0.1355003119
;US-VT;1924;p99.9p100;619039.5625;;;0.0481168032;0.0481168032
;US-VT;1924;p99.99p100;2021405.0;;;0.0157120079;0.0157120079
;US-VT;1924;p90p100;;;;0.4010712802;0.4010712802
;US-VT;1924;p90p91;51599.2226562;;;;
;US-VT;1924;p95p96;72574.5;;;;
;US-VT;1924;p95p100;;;;0.2820540965;0.2820540965
;US-VT;1924;p99.5p100;257574.40625;;;0.1001039147;0.1001039147
;US-VT;1923;p0p100;13230.6083984;;1965360512.0;;
;US-VT;1923;p99p100;179418.84375;;;0.1356089264;0.1356089264
;US-VT;1923;p99.9p100;702838.8125;;;0.0531221852;0.0531221852
;US-VT;1923;p99.99p100;2914272.5;;;0.0220267456;0.0220267456
;US-VT;1923;p90p100;;;;0.3823170066;0.3823170066
;US-VT;1923;p90p91;50582.8632812;;;;
;US-VT;1923;p95p96;71481.609375;;;;
;US-VT;1923;p95p100;;;;0.2701372802;0.2701372802
;US-VT;1923;p99.5p100;269511.65625;;;0.1018515825;0.1018515825
;US-VT;1922;p0p100;10982.1484375;;1625913856.0;;
;US-VT;1922;p99p100;161523.84375;;;0.1470785439;0.1470785439
;US-VT;1922;p99.9p100;609320.625;;;0.0554828234;0.0554828234
;US-VT;1922;p99.99p100;2153525.25;;;0.0196093246;0.0196093246
;US-VT;1922;p90p100;;;;0.4127006531;0.4127006531
;US-VT;1922;p90p91;45323.4023438;;;;
;US-VT;1922;p95p96;66324.6953125;;;;
;US-VT;1922;p95p100;;;;0.3019659221;0.3019659221
;US-VT;1922;p99.5p100;241280.0625;;;0.109851025;0.109851025
;US-VT;1921;p0p100;9394.72363281;;1390663936.0;;
;US-VT;1921;p99p100;128736.820312;;;0.1370309889;0.1370309889
;US-VT;1921;p99.9p100;427010.6875;;;0.045452185;0.045452185
;US-VT;1921;p99.99p100;1144289.875;;;0.0121801347;0.0121801347
;US-VT;1921;p90p100;;;;0.4122960865;0.4122960865
;US-VT;1921;p90p91;38734.078125;;;;
;US-VT;1921;p95p96;55527.5234375;;;;
;US-VT;1921;p95p100;;;;0.295525074;0.295525074
;US-VT;1921;p99.5p100;186369.375;;;0.0991883278;0.0991883278
;US-VT;1920;p0p100;10351.0615234;;1523431168.0;;
;US-VT;1920;p99p100;143915.984375;;;0.1390349865;0.1390349865
;US-VT;1920;p99.9p100;528849.9375;;;0.0510913692;0.0510913692
;US-VT;1920;p99.99p100;1620800.625;;;0.0156583022;0.0156583022
;US-VT;1920;p90p100;;;;0.3925867081;0.3925867081
;US-VT;1920;p90p91;40636.8945312;;;;
;US-VT;1920;p95p96;58489.0507812;;;;
;US-VT;1920;p95p100;;;;0.2825267911;0.2825267911
;US-VT;1920;p99.5p100;215491.421875;;;0.1040914506;0.1040914506
;US-VT;1919;p0p100;10488.5732422;;1539587840.0;;
;US-VT;1919;p99p100;163707.28125;;;0.1560815573;0.1560815573
;US-VT;1919;p99.9p100;625549.6875;;;0.0596410669;0.0596410669
;US-VT;1919;p99.99p100;1760239.375;;;0.0167824496;0.0167824496
;US-VT;1919;p90p100;;;;0.3958153725;0.3958153725
;US-VT;1919;p90p91;41515.3867188;;;;
;US-VT;1919;p95p96;63916.125;;;;
;US-VT;1919;p95p100;;;;0.3046940863;0.3046940863
;US-VT;1919;p99.5p100;244608.0;;;0.1166068986;0.1166068986
;US-VT;1918;p0p100;9543.92675781;;1405382272.0;;
;US-VT;1918;p99p100;157694.46875;;;0.1652301699;0.1652301699
;US-VT;1918;p99.9p100;631589.625;;;0.0661771223;0.0661771223
;US-VT;1918;p99.99p100;1916445.0;;;0.0200802572;0.0200802572
;US-VT;1918;p90p100;;;;0.4068034887;0.4068034887
;US-VT;1918;p90p91;38825.0273438;;;;
;US-VT;1918;p95p96;61115.640625;;;;
;US-VT;1918;p95p100;;;;0.3201807737;0.3201807737
;US-VT;1918;p99.5p100;241789.265625;;;0.1266717911;0.1266717911
;US-VT;1917;p0p100;10126.4804688;;1515630592.0;;
