Variable Name;.;.;.;Fiscal income  | tax unit | Average | Adults | constant 2015 local currency;Fiscal income  | tax unit | Threshold | Adults | constant 2015 local currency;Fiscal income  | tax unit | Total | Adults | constant 2015 local currency;Fiscal income  | tax unit | Share | Adults | share of total (ratio);Pre-tax national income  | tax unit | Share | Adults | share of total (ratio)
Variable Category;.;.;.;Income inequality;Income inequality;Income inequality;Income inequality;Income inequality
Variable Description;.;.;.;Average Fiscal income within a given percentile group. Fiscal income is defined as the sum of all income items reported on income tax returns, before any deduction. It includes labour income, capital income and mixed income. The concept of fiscal income varies with national tax legislations, so in order to make international comparisons it is preferable to use the concept of national income. The population is comprised of individuals over age 20. The base unit is the tax unit defined by national fiscal administrations to measure personal income taxes.;Fiscal income threshold value at a given percentile.  Fiscal income is defined as the sum of all income items reported on income tax returns, before any deduction. It includes labour income, capital income and mixed income. The concept of fiscal income varies with national tax legislations, so in order to make international comparisons it is preferable to use the concept of national income. The population is comprised of individuals over age 20. The base unit is the tax unit defined by national fiscal administrations to measure personal income taxes.;Total Fiscal income  within a given percentile group. Fiscal income is defined as the sum of all income items reported on income tax returns, before any deduction. It includes labour income, capital income and mixed income. The concept of fiscal income varies with national tax legislations, so in order to make international comparisons it is preferable to use the concept of national income. The population is comprised of individuals over age 20.;Fiscal income share held by a given percentile group. Fiscal income is defined as the sum of all income items reported on income tax returns, before any deduction. It includes labour income, capital income and mixed income. The concept of fiscal income varies with national tax legislations, so in order to make international comparisons it is preferable to use the concept of national income. The population is comprised of individuals over age 20. The base unit is the tax unit defined by national fiscal administrations to measure personal income taxes.;Pre-tax national income share held by a given percentile group. Pre-tax national income  is the sum of all pre-tax personal income flows accruing to the owners of the production factors, labor and capital, before taking into account the operation of the tax/transfer system, but after taking into account the operation of pension system. The central difference between personal factor income and pre-tax income is the treatment of pensions, which are counted on a contribution basis by factor income and on a distribution basis by pre-tax income. The population is comprised of individuals over age 20. The base unit is the tax unit defined by national fiscal administrations to measure personal income taxes.
Variable Decomposition;.;.;.;[Fiscal income ]=[Fiscal labour income ]+[Fiscal capital income ];[Fiscal income ]=[Fiscal labour income ]+[Fiscal capital income ];[Fiscal income ]=[Fiscal labour income ]+[Fiscal capital income ];[Fiscal income ]=[Fiscal labour income ]+[Fiscal capital income ];Pre-tax national income =Pre-tax labor income [total pre-tax income ranking]+Pre-tax capital income [total pre-tax income ranking]
Variable Unit;.;.;.;"USD; United States dollar | local currency | market";"USD; United States dollar | local currency | market";"USD; United States dollar | local currency | market";share;share
Methodological Notes;.;.;.;;;;;Assuming the same distribution as fiscal income.
Sources;.;.;.;Frank, Sommeiller, Price & Saez (2015);Frank, Sommeiller, Price & Saez (2015);Frank, Sommeiller, Price & Saez (2015);Frank, Sommeiller, Price & Saez (2015);WID.world computations using: Frank, Sommeiller, Price & Saez (2015)
Variable Code;country;year;perc;afiinc992t;tfiinc992t;mfiinc992t;sfiinc992t;sptinc992t
;US-GA;2014;p0p100;51341.1992188;;2.62338854912e+11;;
;US-GA;2014;p99p100;;362994.59375;;0.1912050843;0.1912050843
;US-GA;2014;p99.9p100;;1516286.0;;0.0839249417;0.0839249417
;US-GA;2014;p99.99p100;;6829423.5;;0.0364876539;0.0364876539
;US-GA;2014;p90p100;;114222.085938;;0.4956539571;0.4956539571
;US-GA;2014;p90p91;257787.015625;;;;
;US-GA;2014;p95p96;378758.46875;;;;
;US-GA;2014;p90p95;136815.578125;114222.085938;;0.1301297843;0.1301297843
;US-GA;2014;p95p99;225289.625;156429.734375;;0.1742237806;0.1742237806
;US-GA;2014;p99.5p99.9;831627.5625;563439.125;;0.0645824373;0.0645824373
;US-GA;2014;p99.9p99.99;2673052.0;1516286.0;;0.0477107577;0.0477107577
;US-GA;2014;p99p99.5;444504.40625;362994.59375;;0.0427765027;0.0427765027
;US-GA;2014;p95p100;;156429.734375;;0.3653726578;0.3653726578
;US-GA;2014;p0p90;28402.7753906;;;0.5040890574;0.5040890574
;US-GA;2014;p0p99;41833.1914062;;;0.8087949157;0.8087949157
;US-GA;2014;p99.5p100;;563439.125;;0.1484238207;0.1484238207
;US-GA;2014;p99.5p99.6;1540763.25;;;;
;US-GA;2014;p99.99p99.991;19715592.0;;;;
;US-GA;2014;p99.9p99.91;4377306.0;;;;
;US-GA;2014;p99p99.1;992633.8125;;;;
;US-GA;2013;p0p100;49715.5429688;;2.48575934464e+11;;
;US-GA;2013;p99p100;;360955.21875;;0.1775451005;0.1775451005
;US-GA;2013;p99.9p100;;1412616.875;;0.0706562251;0.0706562251
;US-GA;2013;p99.99p100;;5672288.0;;0.0279990938;0.0279990938
;US-GA;2013;p90p100;;116228.34375;;0.4904228151;0.4904228151
;US-GA;2013;p90p91;249025.484375;;;;
;US-GA;2013;p95p96;359141.0;;;;
;US-GA;2013;p90p95;138909.96875;116228.34375;;0.1346206814;0.1346206814
;US-GA;2013;p95p99;225145.5;158567.78125;;0.1779374331;0.1779374331
;US-GA;2013;p99.5p99.9;800924.375;545876.0;;0.0633726493;0.0633726493
;US-GA;2013;p99.9p99.99;2370427.5;1412616.875;;0.0427967943;0.0427967943
;US-GA;2013;p99p99.5;436542.90625;360955.21875;;0.043543227;0.043543227
;US-GA;2013;p95p100;;158567.78125;;0.3555507958;0.3555507958
;US-GA;2013;p0p90;27569.9941406;;;0.5097301006;0.5097301006
;US-GA;2013;p0p99;41176.0742188;;;0.8224549294;0.8224549294
;US-GA;2013;p99.5p100;;545876.0;;0.1340473741;0.1340473741
;US-GA;2013;p99.5p99.6;1353703.25;;;;
;US-GA;2013;p99.99p99.991;14314339.0;;;;
;US-GA;2013;p99.9p99.91;3564818.5;;;;
;US-GA;2013;p99p99.1;895123.0625;;;;
;US-GA;2012;p0p100;53066.953125;;2.59046490112e+11;;
;US-GA;2012;p99p100;965636.9375;;;0.1819657832;0.1819657832
;US-GA;2012;p99.9p100;4198415.0;;;0.0791154355;0.0791154355
;US-GA;2012;p99.99p100;17576528.0;;;0.0331214182;0.0331214182
;US-GA;2012;p90p100;;;;0.4686821699;0.4686821699
;US-GA;2012;p90p91;248715.34375;;;;
;US-GA;2012;p95p96;365618.5;;;;
;US-GA;2012;p95p100;;;;0.3444879651;0.3444879651
;US-GA;2012;p99.5p100;1498920.75;;;0.1412292272;0.1412292272
;US-GA;2011;p0p100;50063.8359375;;2.43300352e+11;;
;US-GA;2011;p99p100;826966.5625;;;0.1651824266;0.1651824266
;US-GA;2011;p99.9p100;3366476.0;;;0.0672436729;0.0672436729
;US-GA;2011;p99.99p100;13666640.0;;;0.0272984263;0.0272984263
;US-GA;2011;p90p100;;;;0.4613308907;0.4613308907
;US-GA;2011;p90p91;230959.921875;;;;
;US-GA;2011;p95p96;332275.84375;;;;
;US-GA;2011;p95p100;;;;0.3318521678;0.3318521678
;US-GA;2011;p99.5p100;1252874.375;;;0.125127703;0.125127703
;US-GA;2010;p0p100;49645.0703125;;2.38144667648e+11;;
;US-GA;2010;p99p100;829357.1875;;;0.1670573056;0.1670573056
;US-GA;2010;p99.9p100;3435131.5;;;0.0691938102;0.0691938102
;US-GA;2010;p99.99p100;14633825.0;;;0.0294768959;0.0294768959
;US-GA;2010;p90p100;;;;0.4620921314;0.4620921314
;US-GA;2010;p90p91;229405.953125;;;;
;US-GA;2010;p95p96;329492.15625;;;;
;US-GA;2010;p95p100;;;;0.3318478167;0.3318478167
;US-GA;2010;p99.5p100;1261123.0;;;0.1270139366;0.1270139366
;US-GA;2009;p0p100;48920.9921875;;2.34145497088e+11;;
;US-GA;2009;p99p100;777251.375;;;0.1588789076;0.1588789076
;US-GA;2009;p99.9p100;3203979.75;;;0.0654929429;0.0654929429
;US-GA;2009;p99.99p100;13543017.0;;;0.027683448;0.027683448
;US-GA;2009;p90p100;;;;0.4531325698;0.4531325698
;US-GA;2009;p90p91;221676.9375;;;;
;US-GA;2009;p95p96;314932.875;;;;
;US-GA;2009;p95p100;;;;0.3218790591;0.3218790591
;US-GA;2009;p99.5p100;1176418.875;;;0.1202366203;0.1202366203
;US-GA;2008;p0p100;54416.9765625;;2.559369216e+11;;
;US-GA;2008;p99p100;947922.875;;;0.1741961688;0.1741961688
;US-GA;2008;p99.9p100;4173641.25;;;0.0766974092;0.0766974092
;US-GA;2008;p99.99p100;17914508.0;;;0.0329208039;0.0329208039
;US-GA;2008;p90p100;;;;0.4538891315;0.4538891315
;US-GA;2008;p90p91;246992.734375;;;;
;US-GA;2008;p95p96;359510.84375;;;;
;US-GA;2008;p95p100;;;;0.3303296864;0.3303296864
;US-GA;2008;p99.5p100;1472410.75;;;0.1352896392;0.1352896392
;US-GA;2007;p0p100;60022.6367188;;2.7941126144e+11;;
;US-GA;2007;p99p100;1214294.75;;;0.2023061365;0.2023061365
;US-GA;2007;p99.9p100;5749726.5;;;0.0957926363;0.0957926363
;US-GA;2007;p99.99p100;25633020.0;;;0.042705588;0.042705588
;US-GA;2007;p90p100;;;;0.471960932;0.471960932
;US-GA;2007;p90p91;283283.375;;;;
;US-GA;2007;p95p96;427898.96875;;;;
;US-GA;2007;p95p100;;;;0.3564480245;0.3564480245
;US-GA;2007;p99.5p100;1937700.375;;;0.1614141464;0.1614141464
;US-GA;2006;p0p100;59094.0117188;;2.66177806336e+11;;
;US-GA;2006;p99p100;1201178.75;;;0.2032657266;0.2032657266
;US-GA;2006;p99.9p100;5640491.0;;;0.0954494551;0.0954494551
;US-GA;2006;p99.99p100;24579590.0;;;0.0415940434;0.0415940434
;US-GA;2006;p90p100;;;;0.4752317667;0.4752317667
;US-GA;2006;p90p91;280833.5;;;;
;US-GA;2006;p95p96;423359.8125;;;;
;US-GA;2006;p95p100;;;;0.3582087159;0.3582087159
;US-GA;2006;p99.5p100;1913881.5;;;0.1619353145;0.1619353145
;US-GA;2005;p0p100;59192.4609375;;2.55764709376e+11;;
;US-GA;2005;p99p100;1130334.625;;;0.1909592152;0.1909592152
;US-GA;2005;p99.9p100;5221817.5;;;0.0882176086;0.0882176086
;US-GA;2005;p99.99p100;22471114.0;;;0.0379627943;0.0379627943
;US-GA;2005;p90p100;;;;0.4563410878;0.4563410878
;US-GA;2005;p90p91;270119.53125;;;;
;US-GA;2005;p95p96;405763.09375;;;;
;US-GA;2005;p95p100;;;;0.34274894;0.34274894
;US-GA;2005;p99.5p100;1788692.875;;;0.1510912776;0.1510912776
;US-GA;2004;p0p100;56127.9765625;;2.39583346688e+11;;
;US-GA;2004;p99p100;956356.4375;;;0.1703885347;0.1703885347
;US-GA;2004;p99.9p100;4116941.5;;;0.0733491853;0.0733491853
;US-GA;2004;p99.99p100;16967244.0;;;0.0302295629;0.0302295629
;US-GA;2004;p90p100;;;;0.4419261515;0.4419261515
;US-GA;2004;p90p91;248044.234375;;;;
;US-GA;2004;p95p96;364744.53125;;;;
;US-GA;2004;p95p100;;;;0.324922204;0.324922204
;US-GA;2004;p99.5p100;1475940.625;;;0.1314799488;0.1314799488
;US-GA;2003;p0p100;55246.3007812;;2.27381559296e+11;;
;US-GA;2003;p99p100;847578.625;;;0.1534181833;0.1534181833
;US-GA;2003;p99.9p100;3456181.25;;;0.0625595078;0.0625595078
;US-GA;2003;p99.99p100;13938026.0;;;0.0252288878;0.0252288878
;US-GA;2003;p90p100;;;;0.4238000512;0.4238000512
;US-GA;2003;p90p91;234133.828125;;;;
;US-GA;2003;p95p96;338476.53125;;;;
;US-GA;2003;p95p100;;;;0.3063341379;0.3063341379
;US-GA;2003;p99.5p100;1284508.25;;;0.1162528843;0.1162528843
;US-GA;2002;p0p100;55697.3125;;2.24387661824e+11;;
;US-GA;2002;p99p100;830420.75;;;0.1490952969;0.1490952969
;US-GA;2002;p99.9p100;3286226.5;;;0.0590015277;0.0590015277
;US-GA;2002;p99.99p100;12787300.0;;;0.0229585599;0.0229585599
;US-GA;2002;p90p100;;;;0.4202041924;0.4202041924
;US-GA;2002;p90p91;234042.453125;;;;
;US-GA;2002;p95p96;336661.1875;;;;
;US-GA;2002;p95p100;;;;0.3022239208;0.3022239208
;US-GA;2002;p99.5p100;1247668.875;;;0.1120043993;0.1120043993
;US-GA;2001;p0p100;57646.3125;;2.31099219968e+11;;
;US-GA;2001;p99p100;914982.125;;;0.1587234437;0.1587234437
;US-GA;2001;p99.9p100;3728589.25;;;0.0646804422;0.0646804422
;US-GA;2001;p99.99p100;14743303.0;;;0.0255754478;0.0255754478
;US-GA;2001;p90p100;;;;0.4278970659;0.4278970659
;US-GA;2001;p90p91;246666.875;;;;
;US-GA;2001;p95p96;358947.9375;;;;
;US-GA;2001;p95p100;;;;0.3113363981;0.3113363981
;US-GA;2001;p99.5p100;1385638.625;;;0.120184496;0.120184496
;US-GA;2000;p0p100;61626.2929688;;2.4087502848e+11;;
;US-GA;2000;p99p100;1110051.75;;;0.1801263243;0.1801263243
;US-GA;2000;p99.9p100;4844946.0;;;0.0786181688;0.0786181688
;US-GA;2000;p99.99p100;19474104.0;;;0.0316003151;0.0316003151
;US-GA;2000;p90p100;;;;0.442596674;0.442596674
;US-GA;2000;p90p91;272755.9375;;;;
;US-GA;2000;p95p96;407908.0;;;;
;US-GA;2000;p95p100;;;;0.3309529126;0.3309529126
;US-GA;2000;p99.5p100;1723526.0;;;0.1398369074;0.1398369074
;US-GA;1999;p0p100;61226.2773438;;2.27534372864e+11;;
;US-GA;1999;p99p100;1057704.75;;;0.1727533937;0.1727533937
;US-GA;1999;p99.9p100;4453906.0;;;0.0727450103;0.0727450103
;US-GA;1999;p99.99p100;17150848.0;;;0.0280122329;0.0280122329
;US-GA;1999;p90p100;;;;0.4390645623;0.4390645623
;US-GA;1999;p90p91;268822.90625;;;;
;US-GA;1999;p95p96;397897.125;;;;
;US-GA;1999;p95p100;;;;0.324939847;0.324939847
;US-GA;1999;p99.5p100;1626209.0;;;0.1328031868;0.1328031868
;US-GA;1998;p0p100;56973.578125;;2.10639208448e+11;;
;US-GA;1998;p99p100;972454.5625;;;0.170685187;0.170685187
;US-GA;1998;p99.9p100;4107316.25;;;0.0720916018;0.0720916018
;US-GA;1998;p99.99p100;16109694.0;;;0.0282757282;0.0282757282
;US-GA;1998;p90p100;;;;0.4388599992;0.4388599992
;US-GA;1998;p90p91;250034.25;;;;
;US-GA;1998;p95p96;368586.625;;;;
;US-GA;1998;p95p100;;;;0.323471576;0.323471576
;US-GA;1998;p99.5p100;1498006.75;;;0.1314650476;0.1314650476
;US-GA;1997;p0p100;53847.296875;;1.94086436864e+11;;
;US-GA;1997;p99p100;860080.3125;;;0.1597258151;0.1597258151
;US-GA;1997;p99.9p100;3494748.25;;;0.0649010912;0.0649010912
;US-GA;1997;p99.99p100;13515037.0;;;0.025098823;0.025098823
;US-GA;1997;p90p100;;;;0.4278417826;0.4278417826
;US-GA;1997;p90p91;230381.25;;;;
;US-GA;1997;p95p96;335847.21875;;;;
;US-GA;1997;p95p100;;;;0.3118515313;0.3118515313
;US-GA;1997;p99.5p100;1310991.625;;;0.1217323467;0.1217323467
;US-GA;1996;p0p100;52118.4609375;;1.7961959424e+11;;
;US-GA;1996;p99p100;770407.3125;;;0.1478185058;0.1478185058
;US-GA;1996;p99.9p100;3045422.75;;;0.0584327057;0.0584327057
;US-GA;1996;p99.99p100;11719616.0;;;0.0224864949;0.0224864949
;US-GA;1996;p90p100;;;;0.4151801765;0.4151801765
;US-GA;1996;p90p91;216385.515625;;;;
;US-GA;1996;p95p96;310828.5625;;;;
;US-GA;1996;p95p100;;;;0.298194319;0.298194319
;US-GA;1996;p99.5p100;1158846.375;;;0.1111742705;0.1111742705
;US-GA;1995;p0p100;48183.3945312;;1.65637718016e+11;;
;US-GA;1995;p99p100;671995.6875;;;0.139466241;0.139466241
;US-GA;1995;p99.9p100;2523076.0;;;0.0523640215;0.0523640215
;US-GA;1995;p99.99p100;9228881.0;;;0.0191536564;0.0191536564
;US-GA;1995;p90p100;;;;0.4110914171;0.4110914171
;US-GA;1995;p90p91;198077.78125;;;;
;US-GA;1995;p95p96;280328.375;;;;
;US-GA;1995;p95p100;;;;0.2908973098;0.2908973098
;US-GA;1995;p99.5p100;995976.6875;;;0.1033527032;0.1033527032
;US-GA;1994;p0p100;45712.03125;;1.548988416e+11;;
;US-GA;1994;p99p100;604462.4375;;;0.1322326809;0.1322326809
;US-GA;1994;p99.9p100;2260196.5;;;0.0494442396;0.0494442396
;US-GA;1994;p99.99p100;8483254.0;;;0.0185580328;0.0185580328
;US-GA;1994;p90p100;;;;0.4012767076;0.4012767076
;US-GA;1994;p90p91;183431.71875;;;;
;US-GA;1994;p95p96;256572.90625;;;;
;US-GA;1994;p95p100;;;;0.2806404531;0.2806404531
;US-GA;1994;p99.5p100;892964.1875;;;0.0976727754;0.0976727754
;US-GA;1993;p0p100;44849.4609375;;1.47447136256e+11;;
;US-GA;1993;p99p100;596816.6875;;;0.1330710948;0.1330710948
;US-GA;1993;p99.9p100;2246193.5;;;0.0500829518;0.0500829518
;US-GA;1993;p99.99p100;8495189.0;;;0.0189415645;0.0189415645
;US-GA;1993;p90p100;;;;0.4020655155;0.4020655155
;US-GA;1993;p90p91;180324.21875;;;;
;US-GA;1993;p95p96;253157.453125;;;;
;US-GA;1993;p95p100;;;;0.2822301686;0.2822301686
;US-GA;1993;p99.5p100;885433.75;;;0.098711744;0.098711744
;US-GA;1992;p0p100;44659.8359375;;1.43782330368e+11;;
;US-GA;1992;p99p100;592222.25;;;0.1326073557;0.1326073557
;US-GA;1992;p99.9p100;2198400.5;;;0.0492254533;0.0492254533
;US-GA;1992;p99.99p100;8106093.5;;;0.0181507468;0.0181507468
;US-GA;1992;p90p100;;;;0.4001312256;0.4001312256
;US-GA;1992;p90p91;178697.953125;;;;
;US-GA;1992;p95p96;249771.171875;;;;
;US-GA;1992;p95p100;;;;0.2796373665;0.2796373665
;US-GA;1992;p99.5p100;876780.5;;;0.0981620848;0.0981620848
;US-GA;1991;p0p100;43982.3867188;;1.37164455936e+11;;
;US-GA;1991;p99p100;539664.125;;;0.1227000579;0.1227000579
;US-GA;1991;p99.9p100;1911833.875;;;0.0434681661;0.0434681661
;US-GA;1991;p99.99p100;6748145.0;;;0.0153428335;0.0153428335
;US-GA;1991;p90p100;;;;0.3936873078;0.3936873078
;US-GA;1991;p90p91;173153.078125;;;;
;US-GA;1991;p95p96;236483.4375;;;;
;US-GA;1991;p95p100;;;;0.268838793;0.268838793
;US-GA;1991;p99.5p100;787697.4375;;;0.0895469114;0.0895469114
;US-GA;1990;p0p100;45322.234375;;1.37975758848e+11;;
;US-GA;1990;p99p100;601032.5625;;;0.132613197;0.132613197
;US-GA;1990;p99.9p100;2325299.75;;;0.0513059348;0.0513059348
;US-GA;1990;p99.99p100;8867237.0;;;0.0195648707;0.0195648707
;US-GA;1990;p90p100;;;;0.3952398598;0.3952398598
;US-GA;1990;p90p91;179131.53125;;;;
;US-GA;1990;p95p96;249730.234375;;;;
;US-GA;1990;p95p100;;;;0.2755052149;0.2755052149
;US-GA;1990;p99.5p100;904533.0625;;;0.0997891054;0.0997891054
;US-GA;1989;p0p100;44611.8632812;;1.35296131072e+11;;
;US-GA;1989;p99p100;604771.3125;;;0.1355628967;0.1355628967
;US-GA;1989;p99.9p100;2371436.0;;;0.0531570688;0.0531570688
;US-GA;1989;p99.99p100;9187011.0;;;0.0205931999;0.0205931999
;US-GA;1989;p90p100;;;;0.3961694837;0.3961694837
;US-GA;1989;p90p91;176738.59375;;;;
;US-GA;1989;p95p96;247637.28125;;;;
;US-GA;1989;p95p100;;;;0.2775464058;0.2775464058
;US-GA;1989;p99.5p100;909944.1875;;;0.1019845456;0.1019845456
;US-GA;1988;p0p100;45666.1210938;;1.33898436608e+11;;
;US-GA;1988;p99p100;672077.625;;;0.1471720487;0.1471720487
;US-GA;1988;p99.9p100;2824521.5;;;0.0618515834;0.0618515834
;US-GA;1988;p99.99p100;11388788.0;;;0.0249392502;0.0249392502
;US-GA;1988;p90p100;;;;0.4029862285;0.4029862285
;US-GA;1988;p90p91;184028.15625;;;;
;US-GA;1988;p95p96;261902.09375;;;;
;US-GA;1988;p95p100;;;;0.2867575586;0.2867575586
;US-GA;1988;p99.5p100;1035454.125;;;0.1133722514;0.1133722514
;US-GA;1987;p0p100;43705.0664062;;1.23863711744e+11;;
;US-GA;1987;p99p100;517599.28125;;;0.1184300333;0.1184300333
;US-GA;1987;p99.9p100;1890633.75;;;0.0432589091;0.0432589091
;US-GA;1987;p99.99p100;6950908.0;;;0.015904123;0.015904123
;US-GA;1987;p90p100;;;;0.3789016306;0.3789016306
;US-GA;1987;p90p91;165599.21875;;;;
;US-GA;1987;p95p96;225873.515625;;;;
;US-GA;1987;p95p100;;;;0.2584065199;0.2584065199
;US-GA;1987;p99.5p100;759193.5;;;0.0868541673;0.0868541673
;US-GA;1986;p0p100;45534.6523438;;1.24904923136e+11;;
;US-GA;1986;p99p100;689403.0;;;0.1514018327;0.1514018327
;US-GA;1986;p99.9p100;3074856.25;;;0.0675278306;0.0675278306
;US-GA;1986;p99.99p100;13331634.0;;;0.029277999;0.029277999
;US-GA;1986;p90p100;;;;0.4037844837;0.4037844837
;US-GA;1986;p90p91;183861.84375;;;;
;US-GA;1986;p95p96;263311.71875;;;;
;US-GA;1986;p95p100;;;;0.2891333699;0.2891333699
;US-GA;1986;p99.5p100;1079554.0;;;0.1185420305;0.1185420305
;US-GA;1985;p0p100;42584.4648438;;1.14756919296e+11;;
;US-GA;1985;p99p100;509264.71875;;;0.1195893213;0.1195893213
;US-GA;1985;p99.9p100;1989936.25;;;0.0467291623;0.0467291623
;US-GA;1985;p99.99p100;7748300.5;;;0.0181951355;0.0181951355
;US-GA;1985;p90p100;;;;0.3737002015;0.3737002015
;US-GA;1985;p90p91;159138.234375;;;;
;US-GA;1985;p95p96;217545.5;;;;
;US-GA;1985;p95p100;;;;0.2554282546;0.2554282546
;US-GA;1985;p99.5p100;754368.625;;;0.0885732174;0.0885732174
;US-GA;1984;p0p100;41344.4023438;;1.09504331776e+11;;
;US-GA;1984;p99p100;492121.96875;;;0.119029887;0.119029887
;US-GA;1984;p99.9p100;1934777.25;;;0.0467965938;0.0467965938
;US-GA;1984;p99.99p100;8078572.0;;;0.019539699;0.019539699
;US-GA;1984;p90p100;;;;0.3701751828;0.3701751828
;US-GA;1984;p90p91;153046.71875;;;;
;US-GA;1984;p95p96;209491.390625;;;;
;US-GA;1984;p95p100;;;;0.2533491552;0.2533491552
;US-GA;1984;p99.5p100;719022.125;;;0.0869552046;0.0869552046
;US-GA;1983;p0p100;39740.0507812;;1.03478165504e+11;;
;US-GA;1983;p99p100;479799.59375;;;0.1207345277;0.1207345277
;US-GA;1983;p99.9p100;1853117.125;;;0.0466309711;0.0466309711
;US-GA;1983;p99.99p100;7557360.0;;;0.0190169867;0.0190169867
;US-GA;1983;p90p100;;;;0.3700428903;0.3700428903
;US-GA;1983;p90p91;147055.234375;;;;
;US-GA;1983;p95p96;202854.046875;;;;
;US-GA;1983;p95p100;;;;0.2552261949;0.2552261949
;US-GA;1983;p99.5p100;692357.5625;;;0.08711081;0.08711081
;US-GA;1982;p0p100;36540.015625;;89532497920.0;;
;US-GA;1982;p99p100;398467.5625;;;0.1090496331;0.1090496331
;US-GA;1982;p99.9p100;1541256.0;;;0.0421799459;0.0421799459
;US-GA;1982;p99.99p100;6399344.5;;;0.0175132491;0.0175132491
;US-GA;1982;p90p100;;;;0.3643200397;0.3643200397
;US-GA;1982;p90p91;133122.625;;;;
;US-GA;1982;p95p96;179059.8125;;;;
;US-GA;1982;p95p100;;;;0.2450187802;0.2450187802
;US-GA;1982;p99.5p100;587971.1875;;;0.0804557875;0.0804557875
;US-GA;1981;p0p100;38969.890625;;88129576960.0;;
;US-GA;1981;p99p100;350038.75;;;0.0898228735;0.0898228735
;US-GA;1981;p99.9p100;1080547.5;;;0.0277277529;0.0277277529
;US-GA;1981;p99.99p100;3920337.25;;;0.0100599136;0.0100599136
;US-GA;1981;p90p100;;;;0.3456216455;0.3456216455
;US-GA;1981;p90p91;134688.375;;;;
;US-GA;1981;p95p96;170162.578125;;;;
;US-GA;1981;p95p100;;;;0.2183257192;0.2183257192
;US-GA;1981;p99.5p100;492195.09375;;;0.0631506965;0.0631506965
;US-GA;1980;p0p100;39485.3320312;;86378438656.0;;
;US-GA;1980;p99p100;353495.90625;;;0.0895258784;0.0895258784
;US-GA;1980;p99.9p100;1072678.25;;;0.0271664988;0.0271664988
;US-GA;1980;p99.99p100;3638660.75;;;0.0092152217;0.0092152217
;US-GA;1980;p90p100;;;;0.3374489248;0.3374489248
;US-GA;1980;p90p91;133242.828125;;;;
;US-GA;1980;p95p96;175760.203125;;;;
;US-GA;1980;p95p100;;;;0.2225639224;0.2225639224
;US-GA;1980;p99.5p100;492306.46875;;;0.0623404272;0.0623404272
;US-GA;1979;p0p100;39139.2226562;;85526921216.0;;
;US-GA;1979;p99p100;373827.4375;;;0.0955122262;0.0955122262
;US-GA;1979;p99.9p100;1166712.0;;;0.0298092756;0.0298092756
;US-GA;1979;p99.99p100;4660186.0;;;0.01190669;0.01190669
;US-GA;1979;p90p100;;;;0.3453485072;0.3453485072
;US-GA;1979;p90p91;135166.734375;;;;
;US-GA;1979;p95p96;177303.0625;;;;
;US-GA;1979;p95p100;;;;0.2265030295;0.2265030295
;US-GA;1979;p99.5p100;518730.3125;;;0.0662673116;0.0662673116
;US-GA;1978;p0p100;38983.1953125;;81577467904.0;;
;US-GA;1978;p99p100;326008.5625;;;0.0836279765;0.0836279765
;US-GA;1978;p99.9p100;858372.8125;;;0.0220190473;0.0220190473
;US-GA;1978;p99.99p100;2163450.5;;;0.0055497009;0.0055497009
;US-GA;1978;p90p100;;;;0.327147305;0.327147305
;US-GA;1978;p90p91;127532.460938;;;;
;US-GA;1978;p95p96;167900.984375;;;;
;US-GA;1978;p95p100;;;;0.2153504789;0.2153504789
;US-GA;1978;p99.5p100;439614.40625;;;0.0563851222;0.0563851222
;US-GA;1977;p0p100;37741.1953125;;77045940224.0;;
;US-GA;1977;p99p100;313525.40625;;;0.0830724686;0.0830724686
;US-GA;1977;p99.9p100;838198.0625;;;0.0222091023;0.0222091023
;US-GA;1977;p99.99p100;2265634.75;;;0.0060030818;0.0060030818
;US-GA;1977;p90p100;;;;0.3295162916;0.3295162916
;US-GA;1977;p90p91;124363.382812;;;;
;US-GA;1977;p95p96;161202.140625;;;;
;US-GA;1977;p95p100;;;;0.2135625631;0.2135625631
;US-GA;1977;p99.5p100;424292.65625;;;0.0562108122;0.0562108122
;US-GA;1976;p0p100;37178.546875;;74085793792.0;;
;US-GA;1976;p99p100;303120.4375;;;0.0815310106;0.0815310106
;US-GA;1976;p99.9p100;771340.9375;;;0.020746937;0.020746937
;US-GA;1976;p99.99p100;2106251.75;;;0.0056652343;0.0056652343
;US-GA;1976;p90p100;;;;0.326251775;0.326251775
;US-GA;1976;p90p91;121295.65625;;;;
;US-GA;1976;p95p96;158283.734375;;;;
;US-GA;1976;p95p100;;;;0.2128697187;0.2128697187
;US-GA;1976;p99.5p100;418055.625;;;0.0562226959;0.0562226959
;US-GA;1975;p0p100;35563.7382812;;69220474880.0;;
;US-GA;1975;p99p100;302903.96875;;;0.0851721391;0.0851721391
;US-GA;1975;p99.9p100;789393.625;;;0.0221965872;0.0221965872
;US-GA;1975;p99.99p100;2155633.25;;;0.0060613239;0.0060613239
;US-GA;1975;p90p100;;;;0.3377741873;0.3377741873
;US-GA;1975;p90p91;120125.125;;;;
;US-GA;1975;p95p96;156660.28125;;;;
;US-GA;1975;p95p100;;;;0.2202528268;0.2202528268
;US-GA;1975;p99.5p100;412096.9375;;;0.0579377972;0.0579377972
;US-GA;1974;p0p100;38500.9414062;;73174605824.0;;
;US-GA;1974;p99p100;345923.59375;;;0.0898480862;0.0898480862
;US-GA;1974;p99.9p100;1018071.875;;;0.0264427774;0.0264427774
;US-GA;1974;p99.99p100;3229391.75;;;0.0083878245;0.0083878245
;US-GA;1974;p90p100;;;;0.3334138393;0.3334138393
;US-GA;1974;p90p91;128367.46875;;;;
;US-GA;1974;p95p96;169652.171875;;;;
;US-GA;1974;p95p100;;;;0.2203221023;0.2203221023
;US-GA;1974;p99.5p100;476008.15625;;;0.0618177243;0.0618177243
;US-GA;1973;p0p100;39590.8945312;;73534717952.0;;
;US-GA;1973;p99p100;376774.625;;;0.0951670036;0.0951670036
;US-GA;1973;p99.9p100;1075367.25;;;0.0271619875;0.0271619875
;US-GA;1973;p99.99p100;3574367.25;;;0.0090282578;0.0090282578
;US-GA;1973;p90p100;;;;0.348762989;0.348762989
;US-GA;1973;p90p91;138078.359375;;;;
;US-GA;1973;p95p96;186175.046875;;;;
;US-GA;1973;p95p100;;;;0.2351236045;0.2351236045
;US-GA;1973;p99.5p100;522836.78125;;;0.0660299361;0.0660299361
;US-GA;1972;p0p100;38155.3867188;;69233369088.0;;
;US-GA;1972;p99p100;378656.15625;;;0.0992405489;0.0992405489
;US-GA;1972;p99.9p100;1117355.375;;;0.0292843431;0.0292843431
;US-GA;1972;p99.99p100;3559537.5;;;0.0093290564;0.0093290564
;US-GA;1972;p90p100;;;;0.347392112;0.347392112
;US-GA;1972;p90p91;132548.796875;;;;
;US-GA;1972;p95p96;179165.3125;;;;
;US-GA;1972;p95p100;;;;0.2347837687;0.2347837687
;US-GA;1972;p99.5p100;525878.125;;;0.0689126998;0.0689126998
;US-GA;1971;p0p100;35999.8789062;;63745216512.0;;
;US-GA;1971;p99p100;345295.75;;;0.0959158167;0.0959158167
;US-GA;1971;p99.9p100;1004226.0;;;0.0278952606;0.0278952606
;US-GA;1971;p99.99p100;3309308.5;;;0.0091925543;0.0091925543
;US-GA;1971;p90p100;;;;0.3421609104;0.3421609104
;US-GA;1971;p90p91;123177.507812;;;;
;US-GA;1971;p95p96;164021.921875;;;;
;US-GA;1971;p95p100;;;;0.227808997;0.227808997
;US-GA;1971;p99.5p100;473729.625;;;0.0657960027;0.0657960027
;US-GA;1970;p0p100;35131.1328125;;60591857664.0;;
;US-GA;1970;p99p100;321671.34375;;;0.091563046;0.091563046
;US-GA;1970;p99.9p100;875970.875;;;0.0249343198;0.0249343198
;US-GA;1970;p99.99p100;2676678.25;;;0.0076191062;0.0076191062
;US-GA;1970;p90p100;;;;0.3386637866;0.3386637866
;US-GA;1970;p90p91;118976.421875;;;;
;US-GA;1970;p95p96;157389.46875;;;;
;US-GA;1970;p95p100;;;;0.2240028381;0.2240028381
;US-GA;1970;p99.5p100;434195.375;;;0.0617963821;0.0617963821
;US-GA;1969;p0p100;35493.8320312;;59965841408.0;;
;US-GA;1969;p99p100;385973.96875;;;0.1087439582;0.1087439582
;US-GA;1969;p99.9p100;1262934.0;;;0.0355817899;0.0355817899
;US-GA;1969;p99.99p100;5596260.0;;;0.0157668535;0.0157668535
;US-GA;1969;p90p100;;;;0.3555380702;0.3555380702
;US-GA;1969;p90p91;126194.085938;;;;
;US-GA;1969;p95p96;171676.640625;;;;
;US-GA;1969;p95p100;;;;0.2418400943;0.2418400943
;US-GA;1969;p99.5p100;545313.0;;;0.0768179968;0.0768179968
;US-GA;1968;p0p100;35012.3046875;;58049691648.0;;
;US-GA;1968;p99p100;367044.6875;;;0.104833059;0.104833059
;US-GA;1968;p99.9p100;1155954.75;;;0.0330156721;0.0330156721
;US-GA;1968;p99.99p100;4029342.5;;;0.0115083614;0.0115083614
;US-GA;1968;p90p100;;;;0.3456912041;0.3456912041
;US-GA;1968;p90p91;121034.460938;;;;
;US-GA;1968;p95p96;166288.4375;;;;
;US-GA;1968;p95p100;;;;0.2374714166;0.2374714166
;US-GA;1968;p99.5p100;518347.96875;;;0.0740236863;0.0740236863
;US-GA;1967;p0p100;33501.078125;;54495019008.0;;
;US-GA;1967;p99p100;337399.90625;;;0.1007131487;0.1007131487
;US-GA;1967;p99.9p100;966313.125;;;0.0288442373;0.0288442373
;US-GA;1967;p99.99p100;2832278.75;;;0.0084542902;0.0084542902
;US-GA;1967;p90p100;;;;0.3440757394;0.3440757394
;US-GA;1967;p90p91;115269.09375;;;;
;US-GA;1967;p95p96;154675.40625;;;;
;US-GA;1967;p95p100;;;;0.2308513671;0.2308513671
;US-GA;1967;p99.5p100;459347.4375;;;0.0685571134;0.0685571134
;US-GA;1966;p0p100;31971.8808594;;50977222656.0;;
;US-GA;1966;p99p100;321544.0;;;0.1005708799;0.1005708799
;US-GA;1966;p99.9p100;930951.3125;;;0.0291178171;0.0291178171
;US-GA;1966;p99.99p100;3058919.25;;;0.0095675308;0.0095675308
;US-GA;1966;p90p100;;;;0.3472518623;0.3472518623
;US-GA;1966;p90p91;111022.9375;;;;
;US-GA;1966;p95p96;148203.96875;;;;
;US-GA;1966;p95p100;;;;0.231772393;0.231772393
;US-GA;1966;p99.5p100;440113.71875;;;0.0688282549;0.0688282549
;US-GA;1965;p0p100;30476.5371094;;47596896256.0;;
;US-GA;1965;p99p100;322003.6875;;;0.1056562513;0.1056562513
;US-GA;1965;p99.9p100;917582.875;;;0.0301078465;0.0301078465
;US-GA;1965;p99.99p100;2796169.5;;;0.0091748266;0.0091748266
;US-GA;1965;p90p100;;;;0.3565133214;0.3565133214
;US-GA;1965;p90p91;108652.914062;;;;
;US-GA;1965;p95p96;146976.46875;;;;
;US-GA;1965;p95p100;;;;0.2411305159;0.2411305159
;US-GA;1965;p99.5p100;442792.9375;;;0.0726448894;0.0726448894
;US-GA;1964;p0p100;28703.8085938;;43865948160.0;;
;US-GA;1964;p99p100;293629.5625;;;0.1022963747;0.1022963747
;US-GA;1964;p99.9p100;848482.8125;;;0.0295599382;0.0295599382
;US-GA;1964;p99.99p100;2552108.0;;;0.0088911811;0.0088911811
;US-GA;1964;p90p100;;;;0.3550272286;0.3550272286
;US-GA;1964;p90p91;101906.34375;;;;
;US-GA;1964;p95p96;136864.078125;;;;
;US-GA;1964;p95p100;;;;0.2384075075;0.2384075075
;US-GA;1964;p99.5p100;411360.40625;;;0.0716560632;0.0716560632
;US-GA;1963;p0p100;27189.8886719;;40602341376.0;;
;US-GA;1963;p99p100;261911.171875;;;0.096326679;0.096326679
;US-GA;1963;p99.9p100;758081.5625;;;0.0278810114;0.0278810114
;US-GA;1963;p99.99p100;2359316.75;;;0.0086771837;0.0086771837
;US-GA;1963;p90p100;;;;0.3404988348;0.3404988348
;US-GA;1963;p90p91;92581.2578125;;;;
;US-GA;1963;p95p96;123631.273438;;;;
;US-GA;1963;p95p100;;;;0.2273478806;0.2273478806
;US-GA;1963;p99.5p100;360941.03125;;;0.0663741305;0.0663741305
;US-GA;1962;p0p100;25661.515625;;37423738880.0;;
;US-GA;1962;p99p100;248360.28125;;;0.0967831686;0.0967831686
;US-GA;1962;p99.9p100;696799.125;;;0.0271534678;0.0271534678
;US-GA;1962;p99.99p100;1888466.375;;;0.0073591382;0.0073591382
;US-GA;1962;p90p100;;;;0.3507032394;0.3507032394
;US-GA;1962;p90p91;89995.765625;;;;
;US-GA;1962;p95p96;120164.148438;;;;
;US-GA;1962;p95p100;;;;0.2341330051;0.2341330051
;US-GA;1962;p99.5p100;345084.03125;;;0.0672376528;0.0672376528
;US-GA;1961;p0p100;25045.9140625;;35635200000.0;;
;US-GA;1961;p99p100;256756.90625;;;0.102514483;0.102514483
;US-GA;1961;p99.9p100;808647.8125;;;0.0322866142;0.0322866142
;US-GA;1961;p99.99p100;2806293.25;;;0.0112045947;0.0112045947
;US-GA;1961;p90p100;;;;0.3494216502;0.3494216502
;US-GA;1961;p90p91;87515.8515625;;;;
;US-GA;1961;p95p96;118338.351562;;;;
;US-GA;1961;p95p100;;;;0.2362428308;0.2362428308
;US-GA;1961;p99.5p100;364331.5;;;0.0727327093;0.0727327093
;US-GA;1960;p0p100;24638.6269531;;34158381056.0;;
;US-GA;1960;p99p100;251266.046875;;;0.1019805521;0.1019805521
;US-GA;1960;p99.9p100;744762.25;;;0.0302274283;0.0302274283
;US-GA;1960;p99.99p100;1909994.875;;;0.0077520357;0.0077520357
;US-GA;1960;p90p100;;;;0.3452825248;0.3452825248
;US-GA;1960;p90p91;85072.8671875;;;;
;US-GA;1960;p95p96;115807.429688;;;;
;US-GA;1960;p95p100;;;;0.235011965;0.235011965
;US-GA;1960;p99.5p100;354222.8125;;;0.0718836486;0.0718836486
;US-GA;1959;p0p100;24310.8261719;;33543878656.0;;
;US-GA;1959;p99p100;236799.3125;;;0.0974048898;0.0974048898
;US-GA;1959;p99.9p100;711413.5;;;0.0292632412;0.0292632412
;US-GA;1959;p99.99p100;2021006.75;;;0.0083131976;0.0083131976
;US-GA;1959;p90p100;;;;0.3389476538;0.3389476538
;US-GA;1959;p90p91;82400.9765625;;;;
;US-GA;1959;p95p96;111112.710938;;;;
;US-GA;1959;p95p100;;;;0.2285251766;0.2285251766
;US-GA;1959;p99.5p100;335037.65625;;;0.068907097;0.068907097
;US-GA;1958;p0p100;22764.2128906;;31226374144.0;;
;US-GA;1958;p99p100;222024.359375;;;0.0975321904;0.0975321904
;US-GA;1958;p99.9p100;627999.375;;;0.0275871363;0.0275871363
;US-GA;1958;p99.99p100;1705216.375;;;0.0074907774;0.0074907774
;US-GA;1958;p90p100;;;;0.3428616822;0.3428616822
;US-GA;1958;p90p91;78049.7578125;;;;
;US-GA;1958;p95p96;104888.242188;;;;
;US-GA;1958;p95p100;;;;0.2303797007;0.2303797007
;US-GA;1958;p99.5p100;306984.28125;;;0.0674269497;0.0674269497
;US-GA;1957;p0p100;22718.3417969;;30974388224.0;;
;US-GA;1957;p99p100;228170.0;;;0.1004342735;0.1004342735
;US-GA;1957;p99.9p100;619041.375;;;0.0272485297;0.0272485297
;US-GA;1957;p99.99p100;1535252.25;;;0.0067577655;0.0067577655
;US-GA;1957;p90p100;;;;0.3383947015;0.3383947015
;US-GA;1957;p90p91;76877.65625;;;;
;US-GA;1957;p95p96;104738.710938;;;;
;US-GA;1957;p95p100;;;;0.2305157483;0.2305157483
;US-GA;1957;p99.5p100;315372.59375;;;0.0694092512;0.0694092512
;US-GA;1956;p0p100;23266.46875;;31478958080.0;;
;US-GA;1956;p99p100;233603.390625;;;0.1004034802;0.1004034802
;US-GA;1956;p99.9p100;657692.375;;;0.0282678232;0.0282678232
;US-GA;1956;p99.99p100;1626444.25;;;0.0069905086;0.0069905086
;US-GA;1956;p90p100;;;;0.3372830451;0.3372830451
;US-GA;1956;p90p91;78473.84375;;;;
;US-GA;1956;p95p96;104207.84375;;;;
;US-GA;1956;p95p100;;;;0.2239442915;0.2239442915
;US-GA;1956;p99.5p100;331026.6875;;;0.0711381584;0.0711381584
;US-GA;1955;p0p100;22608.4707031;;30357735424.0;;
;US-GA;1955;p99p100;230511.640625;;;0.1019580886;0.1019580886
;US-GA;1955;p99.9p100;663803.9375;;;0.0293608513;0.0293608513
;US-GA;1955;p99.99p100;1689201.25;;;0.0074715419;0.0074715419
;US-GA;1955;p90p100;;;;0.3450457752;0.3450457752
;US-GA;1955;p90p91;78009.5703125;;;;
;US-GA;1955;p95p96;102852.351562;;;;
;US-GA;1955;p95p100;;;;0.2274641991;0.2274641991
;US-GA;1955;p99.5p100;321466.59375;;;0.0710942894;0.0710942894
;US-GA;1954;p0p100;20635.1152344;;27495141376.0;;
;US-GA;1954;p99p100;226529.609375;;;0.1097787023;0.1097787023
;US-GA;1954;p99.9p100;638475.625;;;0.0309412181;0.0309412181
;US-GA;1954;p99.99p100;1552535.125;;;0.0075237527;0.0075237527
;US-GA;1954;p90p100;;;;0.3662017882;0.3662017882
;US-GA;1954;p90p91;75566.15625;;;;
;US-GA;1954;p95p96;98565.125;;;;
;US-GA;1954;p95p100;;;;0.2388286293;0.2388286293
;US-GA;1954;p99.5p100;317685.875;;;0.0769769996;0.0769769996
;US-GA;1953;p0p100;21069.1328125;;27854020608.0;;
;US-GA;1953;p99p100;200069.578125;;;0.0949586183;0.0949586183
;US-GA;1953;p99.9p100;585970.125;;;0.0278117806;0.0278117806
;US-GA;1953;p99.99p100;1478386.125;;;0.0070168343;0.0070168343
;US-GA;1953;p90p100;;;;0.336987257;0.336987257
;US-GA;1953;p90p91;71000.2890625;;;;
;US-GA;1953;p95p96;90482.671875;;;;
;US-GA;1953;p95p100;;;;0.2147280425;0.2147280425
;US-GA;1953;p99.5p100;278659.5;;;0.0661298037;0.0661298037
;US-GA;1952;p0p100;20949.6875;;27501881344.0;;
;US-GA;1952;p99p100;215847.640625;;;0.1030314341;0.1030314341
;US-GA;1952;p99.9p100;640653.9375;;;0.030580597;0.030580597
;US-GA;1952;p99.99p100;1757158.125;;;0.0083875144;0.0083875144
;US-GA;1952;p90p100;;;;0.3537630141;0.3537630141
;US-GA;1952;p90p91;74112.25;;;;
;US-GA;1952;p95p96;94583.1484375;;;;
;US-GA;1952;p95p100;;;;0.2257387936;0.2257387936
;US-GA;1952;p99.5p100;305051.21875;;;0.0728056729;0.0728056729
;US-GA;1951;p0p100;20091.3964844;;26170122240.0;;
;US-GA;1951;p99p100;223129.09375;;;0.1110570356;0.1110570356
;US-GA;1951;p99.9p100;687204.0;;;0.0342038907;0.0342038907
;US-GA;1951;p99.99p100;1833611.0;;;0.0091263494;0.0091263494
;US-GA;1951;p90p100;;;;0.3368181884;0.3368181884
;US-GA;1951;p90p91;67671.4765625;;;;
;US-GA;1951;p95p96;93325.9296875;;;;
;US-GA;1951;p95p100;;;;0.2322534621;0.2322534621
;US-GA;1951;p99.5p100;323387.46875;;;0.0804790929;0.0804790929
;US-GA;1950;p0p100;18682.9511719;;24145100800.0;;
;US-GA;1950;p99p100;215470.125;;;0.1153298095;0.1153298095
;US-GA;1950;p99.9p100;695696.0;;;0.0372369476;0.0372369476
;US-GA;1950;p99.99p100;1585740.875;;;0.0084876362;0.0084876362
;US-GA;1950;p90p100;;;;0.3457007408;0.3457007408
;US-GA;1950;p90p91;64587.0976562;;;;
;US-GA;1950;p95p96;90450.109375;;;;
;US-GA;1950;p95p100;;;;0.2420659065;0.2420659065
;US-GA;1950;p99.5p100;318216.34375;;;0.0851622298;0.0851622298
;US-GA;1949;p0p100;16465.9511719;;21060624384.0;;
;US-GA;1949;p99p100;191251.546875;;;0.1161496937;0.1161496937
;US-GA;1949;p99.9p100;615629.3125;;;0.0373880155;0.0373880155
;US-GA;1949;p99.99p100;1760100.875;;;0.0106893349;0.0106893349
;US-GA;1949;p90p100;;;;0.3608568311;0.3608568311
;US-GA;1949;p90p91;59418.5195312;;;;
;US-GA;1949;p95p96;82600.2421875;;;;
;US-GA;1949;p95p100;;;;0.2508213222;0.2508213222
;US-GA;1949;p99.5p100;277627.5625;;;0.0843035206;0.0843035206
;US-GA;1948;p0p100;16662.0195312;;21154000896.0;;
;US-GA;1948;p99p100;209215.0;;;0.125564009;0.125564009
;US-GA;1948;p99.9p100;700588.0;;;0.0420470051;0.0420470051
;US-GA;1948;p99.99p100;2121459.75;;;0.0127323093;0.0127323093
;US-GA;1948;p90p100;;;;0.3614448607;0.3614448607
;US-GA;1948;p90p91;60224.0117188;;;;
;US-GA;1948;p95p96;85306.375;;;;
;US-GA;1948;p95p100;;;;0.2559905052;0.2559905052
;US-GA;1948;p99.5p100;309901.96875;;;0.0929965228;0.0929965228
;US-GA;1947;p0p100;15830.4257812;;19946508288.0;;
;US-GA;1947;p99p100;219445.78125;;;0.1386227757;0.1386227757
;US-GA;1947;p99.9p100;757213.9375;;;0.0478328131;0.0478328131
;US-GA;1947;p99.99p100;2776781.5;;;0.0175407864;0.0175407864
;US-GA;1947;p90p100;;;;0.3746611178;0.3746611178
;US-GA;1947;p90p91;59310.4570312;;;;
;US-GA;1947;p95p96;85345.6328125;;;;
;US-GA;1947;p95p100;;;;0.269562006;0.269562006
;US-GA;1947;p99.5p100;324119.0625;;;0.1023721695;0.1023721695
;US-GA;1946;p0p100;16532.9550781;;20629917696.0;;
;US-GA;1946;p99p100;241305.484375;;;0.1459542364;0.1459542364
;US-GA;1946;p99.9p100;781411.875;;;0.0472639017;0.0472639017
;US-GA;1946;p99.99p100;2242007.0;;;0.0135608371;0.0135608371
;US-GA;1946;p90p100;;;;0.398704499;0.398704499
;US-GA;1946;p90p91;65917.6328125;;;;
;US-GA;1946;p95p96;95028.609375;;;;
;US-GA;1946;p95p100;;;;0.2873915136;0.2873915136
;US-GA;1946;p99.5p100;353067.3125;;;0.1067768261;0.1067768261
;US-GA;1945;p0p100;17952.4472656;;22375477248.0;;
;US-GA;1945;p99p100;221751.546875;;;0.123521626;0.123521626
;US-GA;1945;p99.9p100;701223.875;;;0.0390600711;0.0390600711
;US-GA;1945;p99.99p100;1802472.625;;;0.0100402618;0.0100402618
;US-GA;1945;p90p100;;;;0.3450715244;0.3450715244
;US-GA;1945;p90p91;61948.78125;;;;
;US-GA;1945;p95p96;88580.0078125;;;;
;US-GA;1945;p95p100;;;;0.24670735;0.24670735
;US-GA;1945;p99.5p100;323638.75;;;0.0901377797;0.0901377797
;US-GA;1944;p0p100;17908.9238281;;22277339136.0;;
;US-GA;1944;p99p100;211776.65625;;;0.1182520166;0.1182520166
;US-GA;1944;p99.9p100;726990.5;;;0.0405937545;0.0405937545
;US-GA;1944;p99.99p100;2222361.25;;;0.0124092391;0.0124092391
;US-GA;1944;p90p100;;;;0.3584148884;0.3584148884
;US-GA;1944;p90p91;64188.25;;;;
;US-GA;1944;p95p96;87801.171875;;;;
;US-GA;1944;p95p100;;;;0.2451324463;0.2451324463
;US-GA;1944;p99.5p100;312883.84375;;;0.0873541683;0.0873541683
;US-GA;1943;p0p100;17486.2089844;;21681604608.0;;
;US-GA;1943;p99p100;229100.15625;;;0.1310176253;0.1310176253
;US-GA;1943;p99.9p100;793910.8125;;;0.0454021096;0.0454021096
;US-GA;1943;p99.99p100;2092262.25;;;0.0119652124;0.0119652124
;US-GA;1943;p90p100;;;;0.3476506174;0.3476506174
;US-GA;1943;p90p91;60790.9179688;;;;
;US-GA;1943;p95p96;88539.875;;;;
;US-GA;1943;p95p100;;;;0.2531705797;0.2531705797
;US-GA;1943;p99.5p100;343874.625;;;0.0983273834;0.0983273834
;US-GA;1942;p0p100;13948.3544922;;17205164032.0;;
;US-GA;1942;p99p100;207107.546875;;;0.1484817117;0.1484817117
;US-GA;1942;p99.9p100;768588.9375;;;0.0551024824;0.0551024824
;US-GA;1942;p99.99p100;2585927.25;;;0.0185393002;0.0185393002
;US-GA;1942;p90p100;;;;0.3696386516;0.3696386516
;US-GA;1942;p90p91;51558.5039062;;;;
;US-GA;1942;p95p96;78207.265625;;;;
;US-GA;1942;p95p100;;;;0.2803458571;0.2803458571
;US-GA;1942;p99.5p100;315046.625;;;0.1129332632;0.1129332632
;US-GA;1941;p0p100;11005.0517578;;13541893120.0;;
;US-GA;1941;p99p100;195255.28125;;;0.1774233133;0.1774233133
;US-GA;1941;p99.9p100;685004.5;;;0.0622445457;0.0622445457
;US-GA;1941;p99.99p100;2040987.0;;;0.0185459089;0.0185459089
;US-GA;1941;p90p100;;;;0.4640883505;0.4640883505
;US-GA;1941;p90p91;51073.1640625;;;;
;US-GA;1941;p95p96;75861.9453125;;;;
;US-GA;1941;p95p100;;;;0.3446687162;0.3446687162
;US-GA;1941;p99.5p100;292091.96875;;;0.1327081323;0.1327081323
;US-GA;1940;p0p100;9134.61132812;;11224801280.0;;
;US-GA;1940;p99p100;168914.0;;;0.1849164516;0.1849164516
;US-GA;1940;p99.9p100;591222.6875;;;0.0647233501;0.0647233501
;US-GA;1940;p99.99p100;1907112.25;;;0.0208778698;0.0208778698
;US-GA;1940;p90p100;;;;0.5179185271;0.5179185271
;US-GA;1940;p90p91;47309.8476562;;;;
;US-GA;1940;p95p96;70410.953125;;;;
;US-GA;1940;p95p100;;;;0.3854074776;0.3854074776
;US-GA;1940;p99.5p100;250684.796875;;;0.1372169852;0.1372169852
;US-GA;1939;p0p100;8621.42480469;;10434285568.0;;
;US-GA;1939;p99p100;153759.46875;;;0.1783457547;0.1783457547
;US-GA;1939;p99.9p100;527357.375;;;0.0611682311;0.0611682311
;US-GA;1939;p99.99p100;1671208.375;;;0.0193843599;0.0193843599
;US-GA;1939;p90p100;;;;0.4563222826;0.4563222826
;US-GA;1939;p90p91;39341.4882812;;;;
;US-GA;1939;p95p96;63347.4882812;;;;
;US-GA;1939;p95p100;;;;0.3673840761;0.3673840761
;US-GA;1939;p99.5p100;224731.109375;;;0.130332917;0.130332917
;US-GA;1938;p0p100;8042.63574219;;9600307200.0;;
;US-GA;1938;p99p100;139046.34375;;;0.1728865355;0.1728865355
;US-GA;1938;p99.9p100;489002.4375;;;0.0608012676;0.0608012676
;US-GA;1938;p99.99p100;1707654.125;;;0.0212325174;0.0212325174
;US-GA;1938;p90p100;;;;0.445128113;0.445128113
;US-GA;1938;p90p91;35800.0351562;;;;
;US-GA;1938;p95p96;55128.5390625;;;;
;US-GA;1938;p95p100;;;;0.3427267969;0.3427267969
;US-GA;1938;p99.5p100;202676.8125;;;0.1260014921;0.1260014921
;US-GA;1937;p0p100;8499.77148438;;10010832896.0;;
;US-GA;1937;p99p100;148288.78125;;;0.17446208;0.17446208
;US-GA;1937;p99.9p100;520320.375;;;0.0612158105;0.0612158105
;US-GA;1937;p99.99p100;1545947.0;;;0.0181881022;0.0181881022
;US-GA;1937;p90p100;;;;0.4247013628;0.4247013628
;US-GA;1937;p90p91;36098.6445312;;;;
;US-GA;1937;p95p96;57042.8515625;;;;
;US-GA;1937;p95p100;;;;0.3355552256;0.3355552256
;US-GA;1937;p99.5p100;219319.4375;;;0.1290149093;0.1290149093
;US-GA;1936;p0p100;8389.85742188;;9766977536.0;;
;US-GA;1936;p99p100;157082.6875;;;0.1872292608;0.1872292608
;US-GA;1936;p99.9p100;577281.5;;;0.0688070729;0.0688070729
;US-GA;1936;p99.99p100;1737554.625;;;0.0207101796;0.0207101796
;US-GA;1936;p90p100;;;;0.4268961251;0.4268961251
;US-GA;1936;p90p91;35815.9765625;;;;
;US-GA;1936;p95p96;55693.6992188;;;;
;US-GA;1936;p95p100;;;;0.3319108784;0.3319108784
;US-GA;1936;p99.5p100;237817.6875;;;0.1417292655;0.1417292655
;US-GA;1935;p0p100;7634.02880859;;8782049280.0;;
;US-GA;1935;p99p100;124133.625;;;0.1626056731;0.1626056731
;US-GA;1935;p99.9p100;426166.96875;;;0.0558246523;0.0558246523
;US-GA;1935;p99.99p100;1268124.875;;;0.0166114792;0.0166114792
;US-GA;1935;p90p100;;;;0.4290379882;0.4290379882
;US-GA;1935;p90p91;32752.8769531;;;;
;US-GA;1935;p95p96;48487.171875;;;;
;US-GA;1935;p95p100;;;;0.3175726533;0.3175726533
;US-GA;1935;p99.5p100;179771.90625;;;0.11774382;0.11774382
;US-GA;1934;p0p100;7025.29736328;;7981593088.0;;
;US-GA;1934;p99p100;113850.445312;;;0.1620578468;0.1620578468
;US-GA;1934;p99.9p100;379944.34375;;;0.0540823154;0.0540823154
;US-GA;1934;p99.99p100;1098222.0;;;0.0156323928;0.0156323928
;US-GA;1934;p90p100;;;;0.4235687256;0.4235687256
;US-GA;1934;p90p91;29756.9628906;;;;
;US-GA;1934;p95p96;44548.28125;;;;
;US-GA;1934;p95p100;;;;0.3170562088;0.3170562088
;US-GA;1934;p99.5p100;163877.21875;;;0.1166336611;0.1166336611
;US-GA;1933;p0p100;6232.78417969;;6997874688.0;;
;US-GA;1933;p99p100;98118.828125;;;0.1574237496;0.1574237496
;US-GA;1933;p99.9p100;322291.3125;;;0.0517090484;0.0517090484
;US-GA;1933;p99.99p100;1024899.875;;;0.0164436921;0.0164436921
;US-GA;1933;p90p100;;;;0.4174560905;0.4174560905
;US-GA;1933;p90p91;26019.1367188;;;;
;US-GA;1933;p95p96;37668.109375;;;;
;US-GA;1933;p95p100;;;;0.3021772206;0.3021772206
;US-GA;1933;p99.5p100;138258.265625;;;0.1109121293;0.1109121293
;US-GA;1932;p0p100;5866.6171875;;6512177664.0;;
;US-GA;1932;p99p100;93893.3046875;;;0.1600467563;0.1600467563
;US-GA;1932;p99.9p100;312219.34375;;;0.0532196537;0.0532196537
;US-GA;1932;p99.99p100;1074912.375;;;0.0183225237;0.0183225237
;US-GA;1932;p90p100;;;;0.4421476126;0.4421476126
;US-GA;1932;p90p91;25939.1074219;;;;
;US-GA;1932;p95p96;36596.109375;;;;
;US-GA;1932;p95p100;;;;0.3119012713;0.3119012713
;US-GA;1932;p99.5p100;131086.546875;;;0.1117224246;0.1117224246
;US-GA;1931;p0p100;6759.83642578;;7414975488.0;;
;US-GA;1931;p99p100;104951.140625;;;0.155256927;0.155256927
;US-GA;1931;p99.9p100;331454.53125;;;0.0490329266;0.0490329266
;US-GA;1931;p99.99p100;995712.375;;;0.0147298314;0.0147298314
;US-GA;1931;p90p100;;;;0.3876629472;0.3876629472
;US-GA;1931;p90p91;26205.3789062;;;;
;US-GA;1931;p95p96;36940.8359375;;;;
;US-GA;1931;p95p100;;;;0.2732376754;0.2732376754
;US-GA;1931;p99.5p100;146360.25;;;0.1082572564;0.1082572564
;US-GA;1930;p0p100;7679.68457031;;8313363456.0;;
;US-GA;1930;p99p100;112885.484375;;;0.1469923407;0.1469923407
;US-GA;1930;p99.9p100;372220.625;;;0.0484682173;0.0484682173
;US-GA;1930;p99.99p100;1104746.875;;;0.0143853137;0.0143853137
;US-GA;1930;p90p100;;;;0.3409807086;0.3409807086
;US-GA;1930;p90p91;26186.2441406;;;;
;US-GA;1930;p95p96;39085.15625;;;;
;US-GA;1930;p95p100;;;;0.2544710934;0.2544710934
;US-GA;1930;p99.5p100;161894.078125;;;0.1054041088;0.1054041088
;US-GA;1929;p0p100;8741.47265625;;9499414528.0;;
;US-GA;1929;p99p100;136348.53125;;;0.1559788734;0.1559788734
;US-GA;1929;p99.9p100;495011.84375;;;0.0566279665;0.0566279665
;US-GA;1929;p99.99p100;1578443.25;;;0.0180569477;0.0180569477
;US-GA;1929;p90p100;;;;0.3237411082;0.3237411082
;US-GA;1929;p90p91;28299.7441406;;;;
;US-GA;1929;p95p96;45037.3945312;;;;
;US-GA;1929;p95p100;;;;0.2576075792;0.2576075792
;US-GA;1929;p99.5p100;202588.0625;;;0.115877524;0.115877524
;US-GA;1928;p0p100;6771.41601562;;7388547584.0;;
;US-GA;1928;p99p100;140972.03125;;;0.2081869394;0.2081869394
;US-GA;1928;p99.9p100;539155.0625;;;0.0796222016;0.0796222016
;US-GA;1928;p99.99p100;1811111.125;;;0.0267464165;0.0267464165
;US-GA;1928;p90p100;;;;0.4242369235;0.4242369235
;US-GA;1928;p90p91;28726.8476562;;;;
;US-GA;1928;p95p96;45910.7851562;;;;
;US-GA;1928;p95p100;;;;0.339004308;0.339004308
;US-GA;1928;p99.5p100;212905.578125;;;0.1572090536;0.1572090536
;US-GA;1927;p0p100;7063.82177734;;7723338752.0;;
;US-GA;1927;p99p100;136701.890625;;;0.1935239732;0.1935239732
;US-GA;1927;p99.9p100;512264.90625;;;0.072519511;0.072519511
;US-GA;1927;p99.99p100;1685538.125;;;0.0238615628;0.0238615628
;US-GA;1927;p90p100;;;;0.4064631462;0.4064631462
;US-GA;1927;p90p91;28711.8339844;;;;
;US-GA;1927;p95p96;45493.5664062;;;;
;US-GA;1927;p95p100;;;;0.3220180869;0.3220180869
;US-GA;1927;p99.5p100;205408.328125;;;0.1453946084;0.1453946084
;US-GA;1926;p0p100;7127.92138672;;7796418048.0;;
;US-GA;1926;p99p100;129714.15625;;;0.1819803268;0.1819803268
;US-GA;1926;p99.9p100;445052.8125;;;0.0624379478;0.0624379478
;US-GA;1926;p99.99p100;1187302.0;;;0.0166570581;0.0166570581
;US-GA;1926;p90p100;;;;0.4013671279;0.4013671279
;US-GA;1926;p90p91;28609.1328125;;;;
;US-GA;1926;p95p96;45029.671875;;;;
;US-GA;1926;p95p100;;;;0.3158681691;0.3158681691
;US-GA;1926;p99.5p100;192014.71875;;;0.1346919537;0.1346919537
;US-GA;1925;p0p100;7208.34814453;;7889830400.0;;
;US-GA;1925;p99p100;133249.359375;;;0.1848542094;0.1848542094
;US-GA;1925;p99.9p100;489648.40625;;;0.0679279566;0.0679279566
;US-GA;1925;p99.99p100;1472591.125;;;0.0204289649;0.0204289649
;US-GA;1925;p90p100;;;;0.4083577394;0.4083577394
;US-GA;1925;p90p91;29435.8496094;;;;
;US-GA;1925;p95p96;46592.9648438;;;;
;US-GA;1925;p95p100;;;;0.3231875002;0.3231875002
;US-GA;1925;p99.5p100;200618.1875;;;0.1391568333;0.1391568333
;US-GA;1924;p0p100;6816.55957031;;7454092800.0;;
;US-GA;1924;p99p100;115842.828125;;;0.1699432433;0.1699432433
;US-GA;1924;p99.9p100;400967.34375;;;0.0588225387;0.0588225387
;US-GA;1924;p99.99p100;1107847.25;;;0.0162522942;0.0162522942
;US-GA;1924;p90p100;;;;0.4483829737;0.4483829737
;US-GA;1924;p90p91;30564.2929688;;;;
;US-GA;1924;p95p96;49322.53125;;;;
;US-GA;1924;p95p100;;;;0.3617846668;0.3617846668
;US-GA;1924;p99.5p100;168847.78125;;;0.1238511726;0.1238511726
;US-GA;1923;p0p100;7274.00146484;;7913106944.0;;
;US-GA;1923;p99p100;111425.25;;;0.1531828791;0.1531828791
;US-GA;1923;p99.9p100;383295.125;;;0.0526938513;0.0526938513
;US-GA;1923;p99.99p100;1003519.5;;;0.0137959765;0.0137959765
;US-GA;1923;p90p100;;;;0.4282329977;0.4282329977
;US-GA;1923;p90p91;31149.6738281;;;;
;US-GA;1923;p95p96;49356.5859375;;;;
;US-GA;1923;p95p100;;;;0.3392671049;0.3392671049
;US-GA;1923;p99.5p100;162361.140625;;;0.1116037443;0.1116037443
;US-GA;1922;p0p100;6776.90429688;;7348308480.0;;
;US-GA;1922;p99p100;104289.84375;;;0.1538901031;0.1538901031
;US-GA;1922;p99.9p100;356710.4375;;;0.0526361987;0.0526361987
;US-GA;1922;p99.99p100;1012298.5625;;;0.0149374772;0.0149374772
;US-GA;1922;p90p100;;;;0.4345713854;0.4345713854
;US-GA;1922;p90p91;29450.484375;;;;
;US-GA;1922;p95p96;46288.6484375;;;;
;US-GA;1922;p95p100;;;;0.341517657;0.341517657
;US-GA;1922;p99.5p100;150178.046875;;;0.1108013615;0.1108013615
;US-GA;1921;p0p100;5691.98046875;;6171376640.0;;
;US-GA;1921;p99p100;85748.7890625;;;0.1506484151;0.1506484151
;US-GA;1921;p99.9p100;280484.8125;;;0.0492771938;0.0492771938
;US-GA;1921;p99.99p100;785724.8125;;;0.0138040669;0.0138040669
;US-GA;1921;p90p100;;;;0.4454951584;0.4454951584
;US-GA;1921;p90p91;25357.5;;;;
;US-GA;1921;p95p96;39445.8515625;;;;
;US-GA;1921;p95p100;;;;0.3465037644;0.3465037644
;US-GA;1921;p99.5p100;120885.921875;;;0.1061896831;0.1061896831
;US-GA;1920;p0p100;6376.71777344;;6874643456.0;;
;US-GA;1920;p99p100;96849.1953125;;;0.1518793851;0.1518793851
;US-GA;1920;p99.9p100;340844.40625;;;0.0534513853;0.0534513853
;US-GA;1920;p99.99p100;939785.0;;;0.0147377541;0.0147377541
;US-GA;1920;p90p100;;;;0.4169178009;0.4169178009
;US-GA;1920;p90p91;26585.671875;;;;
;US-GA;1920;p95p96;41003.1953125;;;;
;US-GA;1920;p95p100;;;;0.3215070367;0.3215070367
;US-GA;1920;p99.5p100;142713.171875;;;0.1119017527;0.1119017527
;US-GA;1919;p0p100;8057.67236328;;8560353280.0;;
;US-GA;1919;p99p100;126062.085938;;;0.1564497352;0.1564497352
;US-GA;1919;p99.9p100;431692.625;;;0.0535753481;0.0535753481
;US-GA;1919;p99.99p100;1167729.5;;;0.0144921429;0.0144921429
;US-GA;1919;p90p100;;;;0.3875550628;0.3875550628
;US-GA;1919;p90p91;31227.921875;;;;
;US-GA;1919;p95p96;51200.0;;;;
;US-GA;1919;p95p100;;;;0.317709595;0.317709595
;US-GA;1919;p99.5p100;184704.15625;;;0.1146138236;0.1146138236
;US-GA;1918;p0p100;6804.49658203;;7165332992.0;;
;US-GA;1918;p99p100;118118.078125;;;0.1735882759;0.1735882759
;US-GA;1918;p99.9p100;405546.4375;;;0.0595997721;0.0595997721
;US-GA;1918;p99.99p100;1125232.625;;;0.0165366046;0.0165366046
;US-GA;1918;p90p100;;;;0.4033056796;0.4033056796
;US-GA;1918;p90p91;27442.9199219;;;;
;US-GA;1918;p95p96;44430.6484375;;;;
;US-GA;1918;p95p100;;;;0.3264800608;0.3264800608
;US-GA;1918;p99.5p100;171153.09375;;;0.1257646978;0.1257646978
;US-GA;1917;p0p100;7824.36474609;;8274387968.0;;
