Variable Name;.;.;.;Fiscal income  | tax unit | Average | Adults | constant 2015 local currency;Fiscal income  | tax unit | Threshold | Adults | constant 2015 local currency;Fiscal income  | tax unit | Total | Adults | constant 2015 local currency;Fiscal income  | tax unit | Share | Adults | share of total (ratio);Pre-tax national income  | tax unit | Share | Adults | share of total (ratio)
Variable Category;.;.;.;Income inequality;Income inequality;Income inequality;Income inequality;Income inequality
Variable Description;.;.;.;Average Fiscal income within a given percentile group. Fiscal income is defined as the sum of all income items reported on income tax returns, before any deduction. It includes labour income, capital income and mixed income. The concept of fiscal income varies with national tax legislations, so in order to make international comparisons it is preferable to use the concept of national income. The population is comprised of individuals over age 20. The base unit is the tax unit defined by national fiscal administrations to measure personal income taxes.;Fiscal income threshold value at a given percentile.  Fiscal income is defined as the sum of all income items reported on income tax returns, before any deduction. It includes labour income, capital income and mixed income. The concept of fiscal income varies with national tax legislations, so in order to make international comparisons it is preferable to use the concept of national income. The population is comprised of individuals over age 20. The base unit is the tax unit defined by national fiscal administrations to measure personal income taxes.;Total Fiscal income  within a given percentile group. Fiscal income is defined as the sum of all income items reported on income tax returns, before any deduction. It includes labour income, capital income and mixed income. The concept of fiscal income varies with national tax legislations, so in order to make international comparisons it is preferable to use the concept of national income. The population is comprised of individuals over age 20.;Fiscal income share held by a given percentile group. Fiscal income is defined as the sum of all income items reported on income tax returns, before any deduction. It includes labour income, capital income and mixed income. The concept of fiscal income varies with national tax legislations, so in order to make international comparisons it is preferable to use the concept of national income. The population is comprised of individuals over age 20. The base unit is the tax unit defined by national fiscal administrations to measure personal income taxes.;Pre-tax national income share held by a given percentile group. Pre-tax national income  is the sum of all pre-tax personal income flows accruing to the owners of the production factors, labor and capital, before taking into account the operation of the tax/transfer system, but after taking into account the operation of pension system. The central difference between personal factor income and pre-tax income is the treatment of pensions, which are counted on a contribution basis by factor income and on a distribution basis by pre-tax income. The population is comprised of individuals over age 20. The base unit is the tax unit defined by national fiscal administrations to measure personal income taxes.
Variable Decomposition;.;.;.;[Fiscal income ]=[Fiscal labour income ]+[Fiscal capital income ];[Fiscal income ]=[Fiscal labour income ]+[Fiscal capital income ];[Fiscal income ]=[Fiscal labour income ]+[Fiscal capital income ];[Fiscal income ]=[Fiscal labour income ]+[Fiscal capital income ];Pre-tax national income =Pre-tax labor income [total pre-tax income ranking]+Pre-tax capital income [total pre-tax income ranking]
Variable Unit;.;.;.;"USD; United States dollar | local currency | market";"USD; United States dollar | local currency | market";"USD; United States dollar | local currency | market";share;share
Methodological Notes;.;.;.;;;;;Assuming the same distribution as fiscal income.
Sources;.;.;.;Frank, Sommeiller, Price & Saez (2015);Frank, Sommeiller, Price & Saez (2015);Frank, Sommeiller, Price & Saez (2015);Frank, Sommeiller, Price & Saez (2015);WID.world computations using: Frank, Sommeiller, Price & Saez (2015)
Variable Code;country;year;perc;afiinc992t;tfiinc992t;mfiinc992t;sfiinc992t;sptinc992t
;US-AZ;2014;p0p100;48607.5351562;;1.64723032064e+11;;
;US-AZ;2014;p99p100;;327331.125;;0.1750931144;0.1750931144
;US-AZ;2014;p99.9p100;;1344488.25;;0.0733522475;0.0733522475
;US-AZ;2014;p99.99p100;;5719686.5;;0.0301217753;0.0301217753
;US-AZ;2014;p90p100;;112709.039062;;0.4831378162;0.4831378162
;US-AZ;2014;p90p91;237898.15625;;;;
;US-AZ;2014;p95p96;341597.375;;;;
;US-AZ;2014;p90p95;134198.96875;112709.039062;;0.1348195076;0.1348195076
;US-AZ;2014;p95p99;211849.21875;148310.125;;0.1730435938;0.1730435938
;US-AZ;2014;p99.5p99.9;747327.1875;502942.75;;0.0612997562;0.0612997562
;US-AZ;2014;p99.9p99.99;2312474.0;1344488.25;;0.0435961559;0.0435961559
;US-AZ;2014;p99p99.5;398887.5;327331.125;;0.0405454449;0.0405454449
;US-AZ;2014;p95p100;;148310.125;;0.3480572104;0.3480572104
;US-AZ;2014;p0p90;27575.2421875;;;0.5165737867;0.5165737867
;US-AZ;2014;p0p99;40405.6914062;;;0.8249068856;0.8249068856
;US-AZ;2014;p99.5p100;;502942.75;;0.1345419288;0.1345419288
;US-AZ;2014;p99.5p99.6;1322292.5;;;;
;US-AZ;2014;p99.99p99.991;15409270.0;;;;
;US-AZ;2014;p99.9p99.91;3622153.5;;;;
;US-AZ;2014;p99p99.1;860590.0;;;;
;US-AZ;2013;p0p100;47467.3789062;;1.57062299648e+11;;
;US-AZ;2013;p99p100;;322577.8125;;0.1700715572;0.1700715572
;US-AZ;2013;p99.9p100;;1267785.5;;0.0696656406;0.0696656406
;US-AZ;2013;p99.99p100;;5312114.0;;0.0288071223;0.0288071223
;US-AZ;2013;p90p100;;114679.320312;;0.4845623076;0.4845623076
;US-AZ;2013;p90p91;234923.15625;;;;
;US-AZ;2013;p95p96;333452.0;;;;
;US-AZ;2013;p90p95;136394.3125;114679.320312;;0.1384432018;0.1384432018
;US-AZ;2013;p95p99;212147.546875;149324.09375;;0.1756058633;0.1756058633
;US-AZ;2013;p99.5p99.9;718550.375;490965.09375;;0.0595476404;0.0595476404
;US-AZ;2013;p99.9p99.99;2166390.75;1267785.5;;0.0409655049;0.0409655049
;US-AZ;2013;p99p99.5;391319.9375;322577.8125;;0.0408811048;0.0408811048
;US-AZ;2013;p95p100;;149324.09375;;0.3457537591;0.3457537591
;US-AZ;2013;p0p90;26638.9570312;;;0.5157495737;0.5157495737
;US-AZ;2013;p0p99;39677.453125;;;0.8299284577;0.8299284577
;US-AZ;2013;p99.5p100;;490965.09375;;0.1292280257;0.1292280257
;US-AZ;2013;p99.5p99.6;1246019.75;;;;
;US-AZ;2013;p99.99p99.991;14061454.0;;;;
;US-AZ;2013;p99.9p99.91;3355897.25;;;;
;US-AZ;2013;p99p99.1;818669.8125;;;;
;US-AZ;2012;p0p100;48941.25;;1.59761170432e+11;;
;US-AZ;2012;p99p100;902077.6875;;;0.1843184829;0.1843184829
;US-AZ;2012;p99.9p100;4083035.25;;;0.0834272727;0.0834272727
;US-AZ;2012;p99.99p100;17841698.0;;;0.0364553407;0.0364553407
;US-AZ;2012;p90p100;;;;0.4827277362;0.4827277362
;US-AZ;2012;p90p91;236253.0;;;;
;US-AZ;2012;p95p96;342279.15625;;;;
;US-AZ;2012;p95p100;;;;0.3496836722;0.3496836722
;US-AZ;2012;p99.5p100;1417312.375;;;0.1447973102;0.1447973102
;US-AZ;2011;p0p100;45491.21875;;1.50460645376e+11;;
;US-AZ;2011;p99p100;765279.5;;;0.1682257652;0.1682257652
;US-AZ;2011;p99.9p100;3276130.75;;;0.0720167756;0.0720167756
;US-AZ;2011;p99.99p100;14066492.0;;;0.0309213344;0.0309213344
;US-AZ;2011;p90p100;;;;0.4789522588;0.4789522588
;US-AZ;2011;p90p91;217881.21875;;;;
;US-AZ;2011;p95p96;308952.21875;;;;
;US-AZ;2011;p95p100;;;;0.3395734727;0.3395734727
;US-AZ;2011;p99.5p100;1177786.625;;;0.1294520944;0.1294520944
;US-AZ;2010;p0p100;44719.3671875;;1.48482736128e+11;;
;US-AZ;2010;p99p100;755921.6875;;;0.169036746;0.169036746
;US-AZ;2010;p99.9p100;3312363.75;;;0.0740699992;0.0740699992
;US-AZ;2010;p99.99p100;14929770.0;;;0.0333854631;0.0333854631
;US-AZ;2010;p90p100;;;;0.478522867;0.478522867
;US-AZ;2010;p90p91;213992.421875;;;;
;US-AZ;2010;p95p96;302112.59375;;;;
;US-AZ;2010;p95p100;;;;0.3377871811;0.3377871811
;US-AZ;2010;p99.5p100;1169224.875;;;0.1307291389;0.1307291389
;US-AZ;2009;p0p100;44764.015625;;1.46269437952e+11;;
;US-AZ;2009;p99p100;721367.8125;;;0.1611490399;0.1611490399
;US-AZ;2009;p99.9p100;3018067.75;;;0.0674217343;0.0674217343
;US-AZ;2009;p99.99p100;12947878.0;;;0.0289247446;0.0289247446
;US-AZ;2009;p90p100;;;;0.4638833404;0.4638833404
;US-AZ;2009;p90p91;207652.796875;;;;
;US-AZ;2009;p95p96;289273.8125;;;;
;US-AZ;2009;p95p100;;;;0.323109746;0.323109746
;US-AZ;2009;p99.5p100;1096723.25;;;0.1225005463;0.1225005463
;US-AZ;2008;p0p100;51404.3828125;;1.64300357632e+11;;
;US-AZ;2008;p99p100;926412.5;;;0.1802205145;0.1802205145
;US-AZ;2008;p99.9p100;4220288.5;;;0.082099773;0.082099773
;US-AZ;2008;p99.99p100;18742498.0;;;0.0364608914;0.0364608914
;US-AZ;2008;p90p100;;;;0.4631268978;0.4631268978
;US-AZ;2008;p90p91;238067.546875;;;;
;US-AZ;2008;p95p96;343084.96875;;;;
;US-AZ;2008;p95p100;;;;0.333711803;0.333711803
;US-AZ;2008;p99.5p100;1453832.25;;;0.1414112896;0.1414112896
;US-AZ;2007;p0p100;58620.7148438;;1.81593194496e+11;;
;US-AZ;2007;p99p100;1266884.75;;;0.2161155343;0.2161155343
;US-AZ;2007;p99.9p100;6330195.0;;;0.1079856306;0.1079856306
;US-AZ;2007;p99.99p100;29780128.0;;;0.050801374;0.050801374
;US-AZ;2007;p90p100;;;;0.4850845337;0.4850845337
;US-AZ;2007;p90p91;284360.03125;;;;
;US-AZ;2007;p95p96;429960.40625;;;;
;US-AZ;2007;p95p100;;;;0.3667307794;0.3667307794
;US-AZ;2007;p99.5p100;2054616.375;;;0.1752466261;0.1752466261
;US-AZ;2006;p0p100;58855.4648438;;1.7359142912e+11;;
;US-AZ;2006;p99p100;1358344.75;;;0.2307932973;0.2307932973
;US-AZ;2006;p99.9p100;6887695.0;;;0.1170272827;0.1170272827
;US-AZ;2006;p99.99p100;32410538.0;;;0.0550680198;0.0550680198
;US-AZ;2006;p90p100;;;;0.5028582215;0.5028582215
;US-AZ;2006;p90p91;295959.53125;;;;
;US-AZ;2006;p95p96;453730.59375;;;;
;US-AZ;2006;p95p100;;;;0.3854617476;0.3854617476
;US-AZ;2006;p99.5p100;2214920.5;;;0.1881660819;0.1881660819
;US-AZ;2005;p0p100;56160.4140625;;1.60366362624e+11;;
;US-AZ;2005;p99p100;1271554.125;;;0.2264146805;0.2264146805
;US-AZ;2005;p99.9p100;6301545.0;;;0.1122061834;0.1122061834
;US-AZ;2005;p99.99p100;29090254.0;;;0.0517985076;0.0517985076
;US-AZ;2005;p90p100;;;;0.5063693523;0.5063693523
;US-AZ;2005;p90p91;284379.125;;;;
;US-AZ;2005;p95p96;434593.75;;;;
;US-AZ;2005;p95p100;;;;0.3869217932;0.3869217932
;US-AZ;2005;p99.5p100;2055153.625;;;0.1829717457;0.1829717457
;US-AZ;2004;p0p100;52097.7851562;;1.44307585024e+11;;
;US-AZ;2004;p99p100;1011483.1875;;;0.1941508949;0.1941508949
;US-AZ;2004;p99.9p100;4728004.0;;;0.0907524899;0.0907524899
;US-AZ;2004;p99.99p100;21158196.0;;;0.0406124666;0.0406124666
;US-AZ;2004;p90p100;;;;0.4747917354;0.4747917354
;US-AZ;2004;p90p91;247355.984375;;;;
;US-AZ;2004;p95p96;371631.0625;;;;
;US-AZ;2004;p95p100;;;;0.3566668034;0.3566668034
;US-AZ;2004;p99.5p100;1600198.625;;;0.1535764486;0.1535764486
;US-AZ;2003;p0p100;50946.1171875;;1.31758743552e+11;;
;US-AZ;2003;p99p100;813422.625;;;0.1596633196;0.1596633196
;US-AZ;2003;p99.9p100;3457356.0;;;0.067862995;0.067862995
;US-AZ;2003;p99.99p100;14533166.0;;;0.0285265446;0.0285265446
;US-AZ;2003;p90p100;;;;0.4357118309;0.4357118309
;US-AZ;2003;p90p91;221978.265625;;;;
;US-AZ;2003;p95p96;320229.40625;;;;
;US-AZ;2003;p95p100;;;;0.3142824471;0.3142824471
;US-AZ;2003;p99.5p100;1248231.5;;;0.1225050613;0.1225050613
;US-AZ;2002;p0p100;51834.5273438;;1.28679821312e+11;;
;US-AZ;2002;p99p100;771733.8125;;;0.1488841325;0.1488841325
;US-AZ;2002;p99.9p100;3144157.5;;;0.0606575906;0.0606575906
;US-AZ;2002;p99.99p100;12595724.0;;;0.024299873;0.024299873
;US-AZ;2002;p90p100;;;;0.422186166;0.422186166
;US-AZ;2002;p90p91;218838.1875;;;;
;US-AZ;2002;p95p96;312017.28125;;;;
;US-AZ;2002;p95p100;;;;0.300974369;0.300974369
;US-AZ;2002;p99.5p100;1169695.75;;;0.112829797;0.112829797
;US-AZ;2001;p0p100;52994.078125;;1.30897108992e+11;;
;US-AZ;2001;p99p100;832539.3125;;;0.1571004391;0.1571004391
;US-AZ;2001;p99.9p100;3493420.5;;;0.0659209564;0.0659209564
;US-AZ;2001;p99.99p100;14045239.0;;;0.0265034102;0.0265034102
;US-AZ;2001;p90p100;;;;0.4313836396;0.4313836396
;US-AZ;2001;p90p91;228607.796875;;;;
;US-AZ;2001;p95p96;329460.65625;;;;
;US-AZ;2001;p95p100;;;;0.3108466566;0.3108466566
;US-AZ;2001;p99.5p100;1268520.0;;;0.1196850687;0.1196850687
;US-AZ;2000;p0p100;56253.2070312;;1.368225792e+11;;
;US-AZ;2000;p99p100;1029886.75;;;0.183080554;0.183080554
;US-AZ;2000;p99.9p100;4713910.5;;;0.0837980732;0.0837980732
;US-AZ;2000;p99.99p100;19754976.0;;;0.0351179577;0.0351179577
;US-AZ;2000;p90p100;;;;0.4543017447;0.4543017447
;US-AZ;2000;p90p91;255559.296875;;;;
;US-AZ;2000;p95p96;380019.78125;;;;
;US-AZ;2000;p95p100;;;;0.3377760947;0.3377760947
;US-AZ;2000;p99.5p100;1621394.75;;;0.1441157758;0.1441157758
;US-AZ;1999;p0p100;55777.984375;;1.2758192128e+11;;
;US-AZ;1999;p99p100;1007020.5625;;;0.1805408746;0.1805408746
;US-AZ;1999;p99.9p100;4525485.5;;;0.0811339021;0.0811339021
;US-AZ;1999;p99.99p100;18427478.0;;;0.0330371894;0.0330371894
;US-AZ;1999;p90p100;;;;0.4547295868;0.4547295868
;US-AZ;1999;p90p91;253638.984375;;;;
;US-AZ;1999;p95p96;375713.625;;;;
;US-AZ;1999;p95p100;;;;0.3367938399;0.3367938399
;US-AZ;1999;p99.5p100;1579172.75;;;0.1415587962;0.1415587962
;US-AZ;1998;p0p100;54308.7421875;;1.18307299328e+11;;
;US-AZ;1998;p99p100;965118.0625;;;0.177709505;0.177709505
;US-AZ;1998;p99.9p100;4357831.5;;;0.0802417994;0.0802417994
;US-AZ;1998;p99.99p100;18166948.0;;;0.0334512405;0.0334512405
;US-AZ;1998;p90p100;;;;0.4476873279;0.4476873279
;US-AZ;1998;p90p91;243133.359375;;;;
;US-AZ;1998;p95p96;358980.65625;;;;
;US-AZ;1998;p95p100;;;;0.3304998875;0.3304998875
;US-AZ;1998;p99.5p100;1512181.0;;;0.1392207742;0.1392207742
;US-AZ;1997;p0p100;48917.7265625;;1.07031412736e+11;;
;US-AZ;1997;p99p100;833529.5;;;0.1703941822;0.1703941822
;US-AZ;1997;p99.9p100;3688655.25;;;0.0754052922;0.0754052922
;US-AZ;1997;p99.99p100;15579505.0;;;0.0318483897;0.0318483897
;US-AZ;1997;p90p100;;;;0.447366178;0.447366178
;US-AZ;1997;p90p91;218841.34375;;;;
;US-AZ;1997;p95p96;318801.125;;;;
;US-AZ;1997;p95p100;;;;0.3258544505;0.3258544505
;US-AZ;1997;p99.5p100;1292826.875;;;0.1321429908;0.1321429908
;US-AZ;1996;p0p100;47513.1796875;;97237598208.0;;
;US-AZ;1996;p99p100;780954.0625;;;0.1643657684;0.1643657684
;US-AZ;1996;p99.9p100;3394548.25;;;0.0714443475;0.0714443475
;US-AZ;1996;p99.99p100;14364057.0;;;0.0302317291;0.0302317291
;US-AZ;1996;p90p100;;;;0.4392209053;0.4392209053
;US-AZ;1996;p90p91;208687.828125;;;;
;US-AZ;1996;p95p96;301748.96875;;;;
;US-AZ;1996;p95p100;;;;0.3175423741;0.3175423741
;US-AZ;1996;p99.5p100;1208765.875;;;0.1272032261;0.1272032261
;US-AZ;1995;p0p100;45157.96875;;89543524352.0;;
;US-AZ;1995;p99p100;649638.75;;;0.1438591629;0.1438591629
;US-AZ;1995;p99.9p100;2566703.75;;;0.0568383373;0.0568383373
;US-AZ;1995;p99.99p100;9879486.0;;;0.0218776148;0.0218776148
;US-AZ;1995;p90p100;;;;0.4189158678;0.4189158678
;US-AZ;1995;p90p91;189173.90625;;;;
;US-AZ;1995;p95p96;267010.4375;;;;
;US-AZ;1995;p95p100;;;;0.295640409;0.295640409
;US-AZ;1995;p99.5p100;977731.1875;;;0.1082567647;0.1082567647
;US-AZ;1994;p0p100;43754.3710938;;82688049152.0;;
;US-AZ;1994;p99p100;575616.8125;;;0.1315564066;0.1315564066
;US-AZ;1994;p99.9p100;2182056.5;;;0.0498705953;0.0498705953
;US-AZ;1994;p99.99p100;8303055.5;;;0.0189765152;0.0189765152
;US-AZ;1994;p90p100;;;;0.4025316834;0.4025316834
;US-AZ;1994;p90p91;176125.21875;;;;
;US-AZ;1994;p95p96;245755.40625;;;;
;US-AZ;1994;p95p100;;;;0.2808352411;0.2808352411
;US-AZ;1994;p99.5p100;853868.5;;;0.0975752249;0.0975752249
;US-AZ;1993;p0p100;41393.1796875;;76849233920.0;;
;US-AZ;1993;p99p100;537438.4375;;;0.1298374236;0.1298374236
;US-AZ;1993;p99.9p100;1990596.0;;;0.0480899513;0.0480899513
;US-AZ;1993;p99.99p100;7408962.0;;;0.0178989917;0.0178989917
;US-AZ;1993;p90p100;;;;0.4047523737;0.4047523737
;US-AZ;1993;p90p91;167539.875;;;;
;US-AZ;1993;p95p96;233584.4375;;;;
;US-AZ;1993;p95p100;;;;0.2821533084;0.2821533084
;US-AZ;1993;p99.5p100;793507.5625;;;0.0958500355;0.0958500355
;US-AZ;1992;p0p100;41280.5195312;;74135101440.0;;
;US-AZ;1992;p99p100;544860.125;;;0.1319896579;0.1319896579
;US-AZ;1992;p99.9p100;2020750.625;;;0.048951678;0.048951678
;US-AZ;1992;p99.99p100;7444286.5;;;0.0180334132;0.0180334132
;US-AZ;1992;p90p100;;;;0.4076074064;0.4076074064
;US-AZ;1992;p90p91;168262.453125;;;;
;US-AZ;1992;p95p96;232248.640625;;;;
;US-AZ;1992;p95p100;;;;0.2813053727;0.2813053727
;US-AZ;1992;p99.5p100;806440.6875;;;0.0976781249;0.0976781249
;US-AZ;1991;p0p100;41461.2929688;;72521801728.0;;
;US-AZ;1991;p99p100;500229.125;;;0.120649673;0.120649673
;US-AZ;1991;p99.9p100;1747836.875;;;0.0421558693;0.0421558693
;US-AZ;1991;p99.99p100;6084718.0;;;0.0146756601;0.0146756601
;US-AZ;1991;p90p100;;;;0.3930255473;0.3930255473
;US-AZ;1991;p90p91;162953.484375;;;;
;US-AZ;1991;p95p96;221194.46875;;;;
;US-AZ;1991;p95p100;;;;0.2667481601;0.2667481601
;US-AZ;1991;p99.5p100;727110.25;;;0.0876854286;0.0876854286
;US-AZ;1990;p0p100;42377.3671875;;72572633088.0;;
;US-AZ;1990;p99p100;541149.3125;;;0.1276977062;0.1276977062
;US-AZ;1990;p99.9p100;1974599.5;;;0.0465956144;0.0465956144
;US-AZ;1990;p99.99p100;7101817.0;;;0.0167585146;0.0167585146
;US-AZ;1990;p90p100;;;;0.3960898221;0.3960898221
;US-AZ;1990;p90p91;167852.4375;;;;
;US-AZ;1990;p95p96;231169.71875;;;;
;US-AZ;1990;p95p100;;;;0.2727513909;0.2727513909
;US-AZ;1990;p99.5p100;800187.25;;;0.0944120958;0.0944120958
;US-AZ;1989;p0p100;45737.8710938;;72852127744.0;;
;US-AZ;1989;p99p100;578973.3125;;;0.126585111;0.126585111
;US-AZ;1989;p99.9p100;2219162.75;;;0.0485191531;0.0485191531
;US-AZ;1989;p99.99p100;8403543.0;;;0.0183732696;0.0183732696
;US-AZ;1989;p90p100;;;;0.3784533739;0.3784533739
;US-AZ;1989;p90p91;173096.515625;;;;
;US-AZ;1989;p95p96;240877.296875;;;;
;US-AZ;1989;p95p100;;;;0.2633236945;0.2633236945
;US-AZ;1989;p99.5p100;865177.125;;;0.0945799574;0.0945799574
;US-AZ;1988;p0p100;46580.46875;;72985649152.0;;
;US-AZ;1988;p99p100;637180.25;;;0.136791274;0.136791274
;US-AZ;1988;p99.9p100;2619732.5;;;0.0562410019;0.0562410019
;US-AZ;1988;p99.99p100;10333767.0;;;0.022184765;0.022184765
;US-AZ;1988;p90p100;;;;0.3828724027;0.3828724027
;US-AZ;1988;p90p91;178343.765625;;;;
;US-AZ;1988;p95p96;252141.046875;;;;
;US-AZ;1988;p95p100;;;;0.2706510127;0.2706510127
;US-AZ;1988;p99.5p100;975224.625;;;0.1046817005;0.1046817005
;US-AZ;1987;p0p100;44117.578125;;68618514432.0;;
;US-AZ;1987;p99p100;517637.15625;;;0.1173312813;0.1173312813
;US-AZ;1987;p99.9p100;1910642.75;;;0.0433079712;0.0433079712
;US-AZ;1987;p99.99p100;7098294.0;;;0.0160894915;0.0160894915
;US-AZ;1987;p90p100;;;;0.3714822829;0.3714822829
;US-AZ;1987;p90p91;163888.984375;;;;
;US-AZ;1987;p95p96;224245.40625;;;;
;US-AZ;1987;p95p100;;;;0.254145205;0.254145205
;US-AZ;1987;p99.5p100;761642.25;;;0.0863195956;0.0863195956
;US-AZ;1986;p0p100;45901.5039062;;69293162496.0;;
;US-AZ;1986;p99p100;680473.125;;;0.1482463628;0.1482463628
;US-AZ;1986;p99.9p100;3028454.0;;;0.0659772232;0.0659772232
;US-AZ;1986;p99.99p100;13101625.0;;;0.0285429098;0.0285429098
;US-AZ;1986;p90p100;;;;0.3962825835;0.3962825835
;US-AZ;1986;p90p91;181899.6875;;;;
;US-AZ;1986;p95p96;260316.9375;;;;
;US-AZ;1986;p95p100;;;;0.2835603356;0.2835603356
;US-AZ;1986;p99.5p100;1064857.25;;;0.1159937084;0.1159937084
;US-AZ;1985;p0p100;42927.5507812;;63663378432.0;;
;US-AZ;1985;p99p100;497174.03125;;;0.1158170104;0.1158170104
;US-AZ;1985;p99.9p100;1939404.625;;;0.0451785512;0.0451785512
;US-AZ;1985;p99.99p100;7495169.5;;;0.0174600463;0.0174600463
;US-AZ;1985;p90p100;;;;0.3654414415;0.3654414415
;US-AZ;1985;p90p91;156875.046875;;;;
;US-AZ;1985;p95p96;214513.46875;;;;
;US-AZ;1985;p95p100;;;;0.2498552352;0.2498552352
;US-AZ;1985;p99.5p100;738567.5625;;;0.0860248953;0.0860248953
;US-AZ;1984;p0p100;41677.4960938;;60749414400.0;;
;US-AZ;1984;p99p100;471210.25;;;0.1130610555;0.1130610555
;US-AZ;1984;p99.9p100;1861047.375;;;0.0446535274;0.0446535274
;US-AZ;1984;p99.99p100;7753788.5;;;0.0186042544;0.0186042544
;US-AZ;1984;p90p100;;;;0.3586229086;0.3586229086
;US-AZ;1984;p90p91;149465.0625;;;;
;US-AZ;1984;p95p96;203777.40625;;;;
;US-AZ;1984;p95p100;;;;0.2444693148;0.2444693148
;US-AZ;1984;p99.5p100;692447.625;;;0.083072111;0.083072111
;US-AZ;1983;p0p100;40060.21875;;57406291968.0;;
;US-AZ;1983;p99p100;451567.15625;;;0.1127220839;0.1127220839
;US-AZ;1983;p99.9p100;1758461.25;;;0.0438954458;0.0438954458
;US-AZ;1983;p99.99p100;7163243.5;;;0.0178811867;0.0178811867
;US-AZ;1983;p90p100;;;;0.3562090099;0.3562090099
;US-AZ;1983;p90p91;142698.125;;;;
;US-AZ;1983;p95p96;194724.359375;;;;
;US-AZ;1983;p95p100;;;;0.2430395335;0.2430395335
;US-AZ;1983;p99.5p100;656129.9375;;;0.0818929523;0.0818929523
;US-AZ;1982;p0p100;39149.65625;;49403461632.0;;
;US-AZ;1982;p99p100;399237.8125;;;0.1019773558;0.1019773558
;US-AZ;1982;p99.9p100;1544235.25;;;0.0394444205;0.0394444205
;US-AZ;1982;p99.99p100;6411714.5;;;0.016377449;0.016377449
;US-AZ;1982;p90p100;;;;0.3476096988;0.3476096988
;US-AZ;1982;p90p91;136087.984375;;;;
;US-AZ;1982;p95p96;182305.9375;;;;
;US-AZ;1982;p95p100;;;;0.2328321189;0.2328321189
;US-AZ;1982;p99.5p100;589107.8125;;;0.0752379298;0.0752379298
;US-AZ;1981;p0p100;44608.5507812;;50195083264.0;;
;US-AZ;1981;p99p100;383998.15625;;;0.0860817432;0.0860817432
;US-AZ;1981;p99.9p100;1267100.5;;;0.028404884;0.028404884
;US-AZ;1981;p99.99p100;4701607.0;;;0.0105397003;0.0105397003
;US-AZ;1981;p90p100;;;;0.3148469329;0.3148469329
;US-AZ;1981;p90p91;140448.65625;;;;
;US-AZ;1981;p95p96;184974.609375;;;;
;US-AZ;1981;p95p100;;;;0.2073308975;0.2073308975
;US-AZ;1981;p99.5p100;543596.8125;;;0.0609296672;0.0609296672
;US-AZ;1980;p0p100;45083.03125;;48835338240.0;;
;US-AZ;1980;p99p100;387363.25;;;0.0859221816;0.0859221816
;US-AZ;1980;p99.9p100;1219038.375;;;0.0270398501;0.0270398501
;US-AZ;1980;p99.99p100;3964291.0;;;0.0087933103;0.0087933103
;US-AZ;1980;p90p100;;;;0.3196555078;0.3196555078
;US-AZ;1980;p90p91;144110.390625;;;;
;US-AZ;1980;p95p96;187934.296875;;;;
;US-AZ;1980;p95p100;;;;0.2084313035;0.2084313035
;US-AZ;1980;p99.5p100;542745.8125;;;0.060194023;0.060194023
;US-AZ;1979;p0p100;44915.1171875;;46547107840.0;;
;US-AZ;1979;p99p100;409781.21875;;;0.0912345946;0.0912345946
;US-AZ;1979;p99.9p100;1345349.0;;;0.0299531445;0.0299531445
;US-AZ;1979;p99.99p100;4847963.0;;;0.0107936114;0.0107936114
;US-AZ;1979;p90p100;;;;0.3224817514;0.3224817514
;US-AZ;1979;p90p91;144843.0625;;;;
;US-AZ;1979;p95p96;193425.859375;;;;
;US-AZ;1979;p95p100;;;;0.2153237909;0.2153237909
;US-AZ;1979;p99.5p100;572542.0625;;;0.0637360141;0.0637360141
;US-AZ;1978;p0p100;42275.5195312;;41843798016.0;;
;US-AZ;1978;p99p100;359435.3125;;;0.0850220919;0.0850220919
;US-AZ;1978;p99.9p100;994595.4375;;;0.0235265102;0.0235265102
;US-AZ;1978;p99.99p100;2980443.25;;;0.0070500448;0.0070500448
;US-AZ;1978;p90p100;;;;0.3269366622;0.3269366622
;US-AZ;1978;p90p91;138214.171875;;;;
;US-AZ;1978;p95p96;184237.46875;;;;
;US-AZ;1978;p95p100;;;;0.217900902;0.217900902
;US-AZ;1978;p99.5p100;487495.5;;;0.0576569475;0.0576569475
;US-AZ;1977;p0p100;40293.203125;;38024552448.0;;
;US-AZ;1977;p99p100;332679.25;;;0.0825646147;0.0825646147
;US-AZ;1977;p99.9p100;922354.5;;;0.0228910726;0.0228910726
;US-AZ;1977;p99.99p100;3003361.75;;;0.007453768;0.007453768
;US-AZ;1977;p90p100;;;;0.3217667341;0.3217667341
;US-AZ;1977;p90p91;129650.117188;;;;
;US-AZ;1977;p95p96;168956.046875;;;;
;US-AZ;1977;p95p100;;;;0.2096582502;0.2096582502
;US-AZ;1977;p99.5p100;447534.78125;;;0.05553478;0.05553478
;US-AZ;1976;p0p100;39869.4570312;;35894665216.0;;
;US-AZ;1976;p99p100;325796.3125;;;0.0817157626;0.0817157626
;US-AZ;1976;p99.9p100;864744.125;;;0.021689387;0.021689387
;US-AZ;1976;p99.99p100;2502066.25;;;0.0062756469;0.0062756469
;US-AZ;1976;p90p100;;;;0.3183993697;0.3183993697
;US-AZ;1976;p90p91;126944.101562;;;;
;US-AZ;1976;p95p96;166519.421875;;;;
;US-AZ;1976;p95p100;;;;0.2088308185;0.2088308185
;US-AZ;1976;p99.5p100;438792.59375;;;0.0550286621;0.0550286621
;US-AZ;1975;p0p100;38895.1484375;;33428633600.0;;
;US-AZ;1975;p99p100;317621.78125;;;0.0816610232;0.0816610232
;US-AZ;1975;p99.9p100;861635.125;;;0.0221527647;0.0221527647
;US-AZ;1975;p99.99p100;2547247.5;;;0.0065490105;0.0065490105
;US-AZ;1975;p90p100;;;;0.320997268;0.320997268
;US-AZ;1975;p90p91;124852.382812;;;;
;US-AZ;1975;p95p96;160731.96875;;;;
;US-AZ;1975;p95p100;;;;0.2066221088;0.2066221088
;US-AZ;1975;p99.5p100;428779.5625;;;0.0551199205;0.0551199205
;US-AZ;1974;p0p100;43519.0546875;;35695484928.0;;
;US-AZ;1974;p99p100;356584.90625;;;0.0819376558;0.0819376558
;US-AZ;1974;p99.9p100;1034994.125;;;0.0237825532;0.0237825532
;US-AZ;1974;p99.99p100;3239635.0;;;0.0074441773;0.0074441773
;US-AZ;1974;p90p100;;;;0.3083380759;0.3083380759
;US-AZ;1974;p90p91;134185.796875;;;;
;US-AZ;1974;p95p96;176599.125;;;;
;US-AZ;1974;p95p100;;;;0.2028986365;0.2028986365
;US-AZ;1974;p99.5p100;488635.25;;;0.0561403856;0.0561403856
;US-AZ;1973;p0p100;44354.2695312;;34747723776.0;;
;US-AZ;1973;p99p100;388746.40625;;;0.0876457691;0.0876457691
;US-AZ;1973;p99.9p100;1092347.0;;;0.024627775;0.024627775
;US-AZ;1973;p99.99p100;3450359.0;;;0.0077790911;0.0077790911
;US-AZ;1973;p90p100;;;;0.3202504218;0.3202504218
;US-AZ;1973;p90p91;142044.734375;;;;
;US-AZ;1973;p95p96;189584.4375;;;;
;US-AZ;1973;p95p100;;;;0.2137160897;0.2137160897
;US-AZ;1973;p99.5p100;528764.4375;;;0.0596069396;0.0596069396
;US-AZ;1972;p0p100;42959.875;;32134035456.0;;
;US-AZ;1972;p99p100;389673.78125;;;0.0907064527;0.0907064527
;US-AZ;1972;p99.9p100;1171633.375;;;0.0272727367;0.0272727367
;US-AZ;1972;p99.99p100;3731636.75;;;0.0086863311;0.0086863311
;US-AZ;1972;p90p100;;;;0.3265024424;0.3265024424
;US-AZ;1972;p90p91;140265.03125;;;;
;US-AZ;1972;p95p96;187807.59375;;;;
;US-AZ;1972;p95p100;;;;0.21858491;0.21858491
;US-AZ;1972;p99.5p100;534119.625;;;0.0621649474;0.0621649474
;US-AZ;1971;p0p100;40668.8945312;;29013520384.0;;
;US-AZ;1971;p99p100;367352.9375;;;0.0903277397;0.0903277397
;US-AZ;1971;p99.9p100;1070551.0;;;0.0263235848;0.0263235848
;US-AZ;1971;p99.99p100;3470939.25;;;0.0085346289;0.0085346289
;US-AZ;1971;p90p100;;;;0.32927984;0.32927984
;US-AZ;1971;p90p91;133914.46875;;;;
;US-AZ;1971;p95p96;179185.21875;;;;
;US-AZ;1971;p95p100;;;;0.2202976495;0.2202976495
;US-AZ;1971;p99.5p100;503672.8125;;;0.061923597;0.061923597
;US-AZ;1970;p0p100;39291.421875;;26684575744.0;;
;US-AZ;1970;p99p100;341714.40625;;;0.0869692191;0.0869692191
;US-AZ;1970;p99.9p100;928571.4375;;;0.0236329306;0.0236329306
;US-AZ;1970;p99.99p100;2859784.25;;;0.007278393;0.007278393
;US-AZ;1970;p90p100;;;;0.3240187466;0.3240187466
;US-AZ;1970;p90p91;127311.578125;;;;
;US-AZ;1970;p95p96;168549.421875;;;;
;US-AZ;1970;p95p100;;;;0.2144863009;0.2144863009
;US-AZ;1970;p99.5p100;463258.375;;;0.0589515902;0.0589515902
;US-AZ;1969;p0p100;38427.9179688;;25210736640.0;;
;US-AZ;1969;p99p100;376729.65625;;;0.0980354175;0.0980354175
;US-AZ;1969;p99.9p100;1306390.25;;;0.0339958668;0.0339958668
;US-AZ;1969;p99.99p100;5667055.0;;;0.0147472341;0.0147472341
;US-AZ;1969;p90p100;;;;0.3328120708;0.3328120708
;US-AZ;1969;p90p91;127892.75;;;;
;US-AZ;1969;p95p96;170925.875;;;;
;US-AZ;1969;p95p100;;;;0.2223980725;0.2223980725
;US-AZ;1969;p99.5p100;536820.6875;;;0.0698477477;0.0698477477
;US-AZ;1968;p0p100;36410.5742188;;23117535232.0;;
;US-AZ;1968;p99p100;377792.125;;;0.1037589163;0.1037589163
;US-AZ;1968;p99.9p100;1241226.25;;;0.0340897217;0.0340897217
;US-AZ;1968;p99.99p100;4844173.5;;;0.0133043062;0.0133043062
;US-AZ;1968;p90p100;;;;0.3467965722;0.3467965722
;US-AZ;1968;p90p91;126270.617188;;;;
;US-AZ;1968;p95p96;171111.265625;;;;
;US-AZ;1968;p95p100;;;;0.2349747121;0.2349747121
;US-AZ;1968;p99.5p100;540674.25;;;0.0742468834;0.0742468834
;US-AZ;1967;p0p100;33947.0273438;;20853637120.0;;
;US-AZ;1967;p99p100;344921.09375;;;0.1016056761;0.1016056761
;US-AZ;1967;p99.9p100;1093405.875;;;0.0322091766;0.0322091766
;US-AZ;1967;p99.99p100;3997668.25;;;0.011776194;0.011776194
;US-AZ;1967;p90p100;;;;0.3505716324;0.3505716324
;US-AZ;1967;p90p91;119008.65625;;;;
;US-AZ;1967;p95p96;160650.5;;;;
;US-AZ;1967;p95p100;;;;0.2366193682;0.2366193682
;US-AZ;1967;p99.5p100;485069.59375;;;0.0714450702;0.0714450702
;US-AZ;1966;p0p100;32999.7226562;;19595100160.0;;
;US-AZ;1966;p99p100;305353.625;;;0.0925321802;0.0925321802
;US-AZ;1966;p99.9p100;925611.6875;;;0.028049076;0.028049076
;US-AZ;1966;p99.99p100;2988125.75;;;0.0090550026;0.0090550026
;US-AZ;1966;p90p100;;;;0.3344308734;0.3344308734
;US-AZ;1966;p90p91;110361.257812;;;;
;US-AZ;1966;p95p96;143210.71875;;;;
;US-AZ;1966;p95p100;;;;0.2169877589;0.2169877589
;US-AZ;1966;p99.5p100;437165.0;;;0.0662376806;0.0662376806
;US-AZ;1965;p0p100;32199.015625;;18468515840.0;;
;US-AZ;1965;p99p100;345465.09375;;;0.1072905734;0.1072905734
;US-AZ;1965;p99.9p100;1087483.25;;;0.0337738022;0.0337738022
;US-AZ;1965;p99.99p100;4367528.5;;;0.0135641694;0.0135641694
;US-AZ;1965;p90p100;;;;0.3521661162;0.3521661162
;US-AZ;1965;p90p91;113394.023438;;;;
;US-AZ;1965;p95p96;152494.75;;;;
;US-AZ;1965;p95p100;;;;0.2368003428;0.2368003428
;US-AZ;1965;p99.5p100;476801.53125;;;0.0740397722;0.0740397722
;US-AZ;1964;p0p100;32160.3867188;;17800525824.0;;
;US-AZ;1964;p99p100;321048.1875;;;0.0998272151;0.0998272151
;US-AZ;1964;p99.9p100;970137.9375;;;0.0301656183;0.0301656183
;US-AZ;1964;p99.99p100;4135372.5;;;0.0128585892;0.0128585892
;US-AZ;1964;p90p100;;;;0.3458926082;0.3458926082
;US-AZ;1964;p90p91;111240.40625;;;;
;US-AZ;1964;p95p96;148921.265625;;;;
;US-AZ;1964;p95p100;;;;0.2315290421;0.2315290421
;US-AZ;1964;p99.5p100;444224.4375;;;0.0690639168;0.0690639168
;US-AZ;1963;p0p100;31329.171875;;16709493760.0;;
;US-AZ;1963;p99p100;296195.65625;;;0.094543092;0.094543092
;US-AZ;1963;p99.9p100;897192.6875;;;0.0286376141;0.0286376141
;US-AZ;1963;p99.99p100;2828641.25;;;0.0090287775;0.0090287775
;US-AZ;1963;p90p100;;;;0.3379276097;0.3379276097
;US-AZ;1963;p90p91;105869.914062;;;;
;US-AZ;1963;p95p96;140467.046875;;;;
;US-AZ;1963;p95p100;;;;0.2241793275;0.2241793275
;US-AZ;1963;p99.5p100;409300.21875;;;0.0653225407;0.0653225407
;US-AZ;1962;p0p100;31134.2929688;;15992700928.0;;
;US-AZ;1962;p99p100;301929.5;;;0.0969765112;0.0969765112
;US-AZ;1962;p99.9p100;917886.0625;;;0.0294815134;0.0294815134
;US-AZ;1962;p99.99p100;2929145.0;;;0.0094080986;0.0094080986
;US-AZ;1962;p90p100;;;;0.3365418315;0.3365418315
;US-AZ;1962;p90p91;104779.929688;;;;
;US-AZ;1962;p95p96;140371.6875;;;;
;US-AZ;1962;p95p100;;;;0.225429371;0.225429371
;US-AZ;1962;p99.5p100;429153.0;;;0.0689196661;0.0689196661
;US-AZ;1961;p0p100;30873.5058594;;15257850880.0;;
;US-AZ;1961;p99p100;305429.03125;;;0.0989291742;0.0989291742
;US-AZ;1961;p99.9p100;945460.5;;;0.0306236856;0.0306236856
;US-AZ;1961;p99.99p100;3328114.0;;;0.0107798381;0.0107798381
;US-AZ;1961;p90p100;;;;0.3361753821;0.3361753821
;US-AZ;1961;p90p91;103789.125;;;;
;US-AZ;1961;p95p96;140358.765625;;;;
;US-AZ;1961;p95p100;;;;0.2273126543;0.2273126543
;US-AZ;1961;p99.5p100;440437.21875;;;0.071329318;0.071329318
;US-AZ;1960;p0p100;29454.4726562;;13987639296.0;;
;US-AZ;1960;p99p100;314396.65625;;;0.1067398563;0.1067398563
;US-AZ;1960;p99.9p100;1048321.875;;;0.0355912596;0.0355912596
;US-AZ;1960;p99.99p100;4521088.0;;;0.0153494095;0.0153494095
;US-AZ;1960;p90p100;;;;0.3473500907;0.3473500907
;US-AZ;1960;p90p91;102310.148438;;;;
;US-AZ;1960;p95p96;138252.515625;;;;
;US-AZ;1960;p95p100;;;;0.2346884608;0.2346884608
;US-AZ;1960;p99.5p100;457084.71875;;;0.0775917321;0.0775917321
;US-AZ;1959;p0p100;28850.453125;;13140238336.0;;
;US-AZ;1959;p99p100;314458.375;;;0.108995989;0.108995989
;US-AZ;1959;p99.9p100;990080.5;;;0.0343176723;0.0343176723
;US-AZ;1959;p99.99p100;3431715.25;;;0.0118948398;0.0118948398
;US-AZ;1959;p90p100;;;;0.3499159217;0.3499159217
;US-AZ;1959;p90p91;100952.335938;;;;
;US-AZ;1959;p95p96;138790.015625;;;;
;US-AZ;1959;p95p100;;;;0.2405335158;0.2405335158
;US-AZ;1959;p99.5p100;438493.875;;;0.0759942755;0.0759942755
;US-AZ;1958;p0p100;27141.7167969;;11843167232.0;;
;US-AZ;1958;p99p100;267863.71875;;;0.0986907929;0.0986907929
;US-AZ;1958;p99.9p100;832538.9375;;;0.0306737777;0.0306737777
;US-AZ;1958;p99.99p100;2761879.0;;;0.010175772;0.010175772
;US-AZ;1958;p90p100;;;;0.3397706747;0.3397706747
;US-AZ;1958;p90p91;92219.5859375;;;;
;US-AZ;1958;p95p96;124607.984375;;;;
;US-AZ;1958;p95p100;;;;0.2295506895;0.2295506895
;US-AZ;1958;p99.5p100;372710.78125;;;0.06866014;0.06866014
;US-AZ;1957;p0p100;27655.5410156;;11558316032.0;;
;US-AZ;1957;p99p100;274924.75;;;0.0994103625;0.0994103625
;US-AZ;1957;p99.9p100;798688.875;;;0.0288798884;0.0288798884
;US-AZ;1957;p99.99p100;2274773.25;;;0.0082253795;0.0082253795
;US-AZ;1957;p90p100;;;;0.3281447589;0.3281447589
;US-AZ;1957;p90p91;90750.203125;;;;
;US-AZ;1957;p95p96;123068.59375;;;;
;US-AZ;1957;p95p100;;;;0.2225026041;0.2225026041
;US-AZ;1957;p99.5p100;388596.46875;;;0.0702565312;0.0702565312
;US-AZ;1956;p0p100;27733.78125;;11084343296.0;;
;US-AZ;1956;p99p100;287975.40625;;;0.1038356051;0.1038356051
;US-AZ;1956;p99.9p100;683472.0625;;;0.0246440265;0.0246440265
;US-AZ;1956;p99.99p100;2243862.25;;;0.0080907186;0.0080907186
;US-AZ;1956;p90p100;;;;0.3223717511;0.3223717511
;US-AZ;1956;p90p91;89405.8828125;;;;
;US-AZ;1956;p95p96;123614.007812;;;;
;US-AZ;1956;p95p100;;;;0.2228581756;0.2228581756
;US-AZ;1956;p99.5p100;416788.90625;;;0.0751410201;0.0751410201
;US-AZ;1955;p0p100;26577.7226562;;10159013888.0;;
;US-AZ;1955;p99p100;278170.53125;;;0.1046630368;0.1046630368
;US-AZ;1955;p99.9p100;781939.25;;;0.0294208527;0.0294208527
;US-AZ;1955;p99.99p100;2307419.5;;;0.0086817807;0.0086817807
;US-AZ;1955;p90p100;;;;0.3268621266;0.3268621266
;US-AZ;1955;p90p91;86872.5078125;;;;
;US-AZ;1955;p95p96;120960.1875;;;;
;US-AZ;1955;p95p100;;;;0.2275593579;0.2275593579
;US-AZ;1955;p99.5p100;383552.4375;;;0.0721567497;0.0721567497
;US-AZ;1954;p0p100;25540.3867188;;9335483392.0;;
;US-AZ;1954;p99p100;251052.5;;;0.0982962772;0.0982962772
;US-AZ;1954;p99.9p100;717857.25;;;0.0281067509;0.0281067509
;US-AZ;1954;p99.99p100;2003733.125;;;0.0078453515;0.0078453515
;US-AZ;1954;p90p100;;;;0.3259119987;0.3259119987
;US-AZ;1954;p90p91;83239.1796875;;;;
;US-AZ;1954;p95p96;113387.742188;;;;
;US-AZ;1954;p95p100;;;;0.2219773382;0.2219773382
;US-AZ;1954;p99.5p100;353420.53125;;;0.069188565;0.069188565
;US-AZ;1953;p0p100;25991.2128906;;9083489280.0;;
;US-AZ;1953;p99p100;226263.15625;;;0.0870537087;0.0870537087
;US-AZ;1953;p99.9p100;681894.8125;;;0.0262355898;0.0262355898
;US-AZ;1953;p99.99p100;1941913.5;;;0.0074714236;0.0074714236
;US-AZ;1953;p90p100;;;;0.2948181629;0.2948181629
;US-AZ;1953;p90p91;76626.8203125;;;;
;US-AZ;1953;p95p96;103630.679688;;;;
;US-AZ;1953;p95p100;;;;0.1993571371;0.1993571371
;US-AZ;1953;p99.5p100;319680.0625;;;0.0614977144;0.0614977144
;US-AZ;1952;p0p100;26082.8769531;;8722679808.0;;
;US-AZ;1952;p99p100;274249.34375;;;0.1051453501;0.1051453501
;US-AZ;1952;p99.9p100;789901.9375;;;0.0302843098;0.0302843098
;US-AZ;1952;p99.99p100;2211434.0;;;0.0084784888;0.0084784888
;US-AZ;1952;p90p100;;;;0.3223116398;0.3223116398
;US-AZ;1952;p90p91;84068.1484375;;;;
;US-AZ;1952;p95p96;117376.132812;;;;
;US-AZ;1952;p95p100;;;;0.2250061035;0.2250061035
;US-AZ;1952;p99.5p100;381270.71875;;;0.0730883181;0.0730883181
;US-AZ;1951;p0p100;24695.3730469;;7896696320.0;;
;US-AZ;1951;p99p100;283812.40625;;;0.1149253398;0.1149253398
;US-AZ;1951;p99.9p100;851172.3125;;;0.0344668739;0.0344668739
;US-AZ;1951;p99.99p100;2133554.75;;;0.0086394921;0.0086394921
;US-AZ;1951;p90p100;;;;0.3282270133;0.3282270133
;US-AZ;1951;p90p91;81056.8828125;;;;
;US-AZ;1951;p95p96;115784.53125;;;;
;US-AZ;1951;p95p100;;;;0.2344255596;0.2344255596
;US-AZ;1951;p99.5p100;405117.59375;;;0.0820229724;0.0820229724
;US-AZ;1950;p0p100;22261.765625;;6806158336.0;;
;US-AZ;1950;p99p100;307583.4375;;;0.1381666809;0.1381666809
;US-AZ;1950;p99.9p100;1035897.375;;;0.0465325788;0.0465325788
;US-AZ;1950;p99.99p100;3108859.75;;;0.013965019;0.013965019
;US-AZ;1950;p90p100;;;;0.3675490022;0.3675490022
;US-AZ;1950;p90p91;81822.90625;;;;
;US-AZ;1950;p95p96;119748.742188;;;;
;US-AZ;1950;p95p100;;;;0.268956095;0.268956095
;US-AZ;1950;p99.5p100;449546.8125;;;0.1009683609;0.1009683609
;US-AZ;1949;p0p100;20850.4375;;6119248384.0;;
;US-AZ;1949;p99p100;215587.71875;;;0.1033972204;0.1033972204
;US-AZ;1949;p99.9p100;658388.6875;;;0.031576734;0.031576734
;US-AZ;1949;p99.99p100;1659789.125;;;0.0079604527;0.0079604527
;US-AZ;1949;p90p100;;;;0.316244632;0.316244632
;US-AZ;1949;p90p91;65938.390625;;;;
;US-AZ;1949;p95p96;91658.203125;;;;
;US-AZ;1949;p95p100;;;;0.2197992206;0.2197992206
;US-AZ;1949;p99.5p100;312509.28125;;;0.0749407038;0.0749407038
;US-AZ;1948;p0p100;21269.6191406;;6009837568.0;;
;US-AZ;1948;p99p100;241419.546875;;;0.1135044098;0.1135044098
;US-AZ;1948;p99.9p100;710987.9375;;;0.0334273949;0.0334273949
;US-AZ;1948;p99.99p100;1842032.625;;;0.0086603928;0.0086603928
;US-AZ;1948;p90p100;;;;0.3413040936;0.3413040936
;US-AZ;1948;p90p91;72594.078125;;;;
;US-AZ;1948;p95p96;102505.304688;;;;
;US-AZ;1948;p95p100;;;;0.240966469;0.240966469
;US-AZ;1948;p99.5p100;340747.75;;;0.0801019892;0.0801019892
;US-AZ;1947;p0p100;19595.9101562;;5329879552.0;;
;US-AZ;1947;p99p100;200466.3125;;;0.1023000702;0.1023000702
;US-AZ;1947;p99.9p100;550272.1875;;;0.0280809682;0.0280809682
;US-AZ;1947;p99.99p100;1362500.25;;;0.0069529824;0.0069529824
;US-AZ;1947;p90p100;;;;0.3114694357;0.3114694357
;US-AZ;1947;p90p91;61035.2773438;;;;
;US-AZ;1947;p95p96;85015.65625;;;;
;US-AZ;1947;p95p100;;;;0.2169219404;0.2169219404
;US-AZ;1947;p99.5p100;275886.6875;;;0.0703939423;0.0703939423
;US-AZ;1946;p0p100;19852.5410156;;5186572800.0;;
;US-AZ;1946;p99p100;235981.53125;;;0.1188671738;0.1188671738
;US-AZ;1946;p99.9p100;738118.0625;;;0.0371800326;0.0371800326
;US-AZ;1946;p99.99p100;2210611.25;;;0.0111351553;0.0111351553
;US-AZ;1946;p90p100;;;;0.3431230783;0.3431230783
;US-AZ;1946;p90p91;68118.6484375;;;;
;US-AZ;1946;p95p96;95739.578125;;;;
;US-AZ;1946;p95p100;;;;0.2411267608;0.2411267608
;US-AZ;1946;p99.5p100;334245.75;;;0.0841821209;0.0841821209
;US-AZ;1945;p0p100;21529.7910156;;5449358848.0;;
;US-AZ;1945;p99p100;230137.234375;;;0.1068924665;0.1068924665
;US-AZ;1945;p99.9p100;765803.625;;;0.0355694853;0.0355694853
;US-AZ;1945;p99.99p100;2431838.5;;;0.0112952255;0.0112952255
;US-AZ;1945;p90p100;;;;0.3050634563;0.3050634563
;US-AZ;1945;p90p91;65679.5234375;;;;
;US-AZ;1945;p95p96;93355.1796875;;;;
;US-AZ;1945;p95p100;;;;0.2168046534;0.2168046534
;US-AZ;1945;p99.5p100;335162.4375;;;0.0778369009;0.0778369009
;US-AZ;1944;p0p100;22313.3515625;;5467077120.0;;
;US-AZ;1944;p99p100;233021.125;;;0.1044312567;0.1044312567
;US-AZ;1944;p99.9p100;778951.125;;;0.0349096432;0.0349096432
;US-AZ;1944;p99.99p100;2364499.5;;;0.0105967913;0.0105967913
;US-AZ;1944;p90p100;;;;0.3099307418;0.3099307418
;US-AZ;1944;p90p91;69155.9375;;;;
;US-AZ;1944;p95p96;95653.71875;;;;
;US-AZ;1944;p95p100;;;;0.2143418789;0.2143418789
;US-AZ;1944;p99.5p100;342177.3125;;;0.0766754597;0.0766754597
;US-AZ;1943;p0p100;25733.4355469;;6095785984.0;;
;US-AZ;1943;p99p100;246272.625;;;0.0957014263;0.0957014263
;US-AZ;1943;p99.9p100;803897.3125;;;0.031239409;0.031239409
;US-AZ;1943;p99.99p100;2066563.625;;;0.0080306558;0.0080306558
;US-AZ;1943;p90p100;;;;0.2622006238;0.2622006238
;US-AZ;1943;p90p91;67473.2265625;;;;
;US-AZ;1943;p95p96;95327.53125;;;;
;US-AZ;1943;p95p100;;;;0.1852211505;0.1852211505
;US-AZ;1943;p99.5p100;358557.78125;;;0.0696676821;0.0696676821
;US-AZ;1942;p0p100;19904.9609375;;4549597184.0;;
;US-AZ;1942;p99p100;235493.328125;;;0.118308872;0.118308872
;US-AZ;1942;p99.9p100;919405.0625;;;0.0461897478;0.0461897478
;US-AZ;1942;p99.99p100;3864185.0;;;0.0194131751;0.0194131751
;US-AZ;1942;p90p100;;;;0.3246683478;0.3246683478
;US-AZ;1942;p90p91;64625.109375;;;;
;US-AZ;1942;p95p96;91299.1796875;;;;
;US-AZ;1942;p95p100;;;;0.2293377668;0.2293377668
;US-AZ;1942;p99.5p100;354901.875;;;0.0891490951;0.0891490951
;US-AZ;1941;p0p100;14181.0820312;;3136259840.0;;
;US-AZ;1941;p99p100;180262.515625;;;0.1271147728;0.1271147728
;US-AZ;1941;p99.9p100;582455.9375;;;0.0410727412;0.0410727412
;US-AZ;1941;p99.99p100;1599853.875;;;0.0112816058;0.0112816058
;US-AZ;1941;p90p100;;;;0.3954196572;0.3954196572
;US-AZ;1941;p90p91;56074.7890625;;;;
;US-AZ;1941;p95p96;77014.0390625;;;;
;US-AZ;1941;p95p100;;;;0.2715379596;0.2715379596
;US-AZ;1941;p99.5p100;260922.734375;;;0.0919967666;0.0919967666
;US-AZ;1940;p0p100;12363.0078125;;2648303360.0;;
;US-AZ;1940;p99p100;151649.015625;;;0.1226635203;0.1226635203
;US-AZ;1940;p99.9p100;446432.96875;;;0.0361103825;0.0361103825
;US-AZ;1940;p99.99p100;1000773.5;;;0.0080949031;0.0080949031
;US-AZ;1940;p90p100;;;;0.440151602;0.440151602
;US-AZ;1940;p90p91;54415.9804688;;;;
;US-AZ;1940;p95p96;72822.3671875;;;;
;US-AZ;1940;p95p100;;;;0.2945171893;0.2945171893
;US-AZ;1940;p99.5p100;210557.75;;;0.0851563588;0.0851563588
;US-AZ;1939;p0p100;12087.4873047;;2532146944.0;;
;US-AZ;1939;p99p100;147082.484375;;;0.1216816083;0.1216816083
;US-AZ;1939;p99.9p100;433121.0625;;;0.0358321816;0.0358321816
;US-AZ;1939;p99.99p100;939751.1875;;;0.0077745784;0.0077745784
;US-AZ;1939;p90p100;;;;0.4313073456;0.4313073456
;US-AZ;1939;p90p91;52134.2226562;;;;
;US-AZ;1939;p95p96;70699.8515625;;;;
;US-AZ;1939;p95p100;;;;0.292450577;0.292450577
;US-AZ;1939;p99.5p100;201963.515625;;;0.0835423991;0.0835423991
;US-AZ;1938;p0p100;11490.4550781;;2357260032.0;;
;US-AZ;1938;p99p100;137080.078125;;;0.1192990839;0.1192990839
;US-AZ;1938;p99.9p100;403110.625;;;0.0350822173;0.0350822173
;US-AZ;1938;p99.99p100;986492.9375;;;0.0085853254;0.0085853254
;US-AZ;1938;p90p100;;;;0.4256989658;0.4256989658
;US-AZ;1938;p90p91;48914.7460938;;;;
;US-AZ;1938;p95p96;66836.2421875;;;;
;US-AZ;1938;p95p100;;;;0.2908337414;0.2908337414
;US-AZ;1938;p99.5p100;189316.40625;;;0.0823798627;0.0823798627
;US-AZ;1937;p0p100;11905.078125;;2392726272.0;;
;US-AZ;1937;p99p100;155338.265625;;;0.1304806769;0.1304806769
;US-AZ;1937;p99.9p100;466632.90625;;;0.0391961187;0.0391961187
;US-AZ;1937;p99.99p100;1202430.5;;;0.0101001477;0.0101001477
;US-AZ;1937;p90p100;;;;0.4366975129;0.4366975129
;US-AZ;1937;p90p91;51989.1835938;;;;
;US-AZ;1937;p95p96;71892.90625;;;;
;US-AZ;1937;p95p100;;;;0.3019421399;0.3019421399
;US-AZ;1937;p99.5p100;216815.40625;;;0.0910600424;0.0910600424
;US-AZ;1936;p0p100;11242.1533203;;2217517568.0;;
;US-AZ;1936;p99p100;158006.5;;;0.140548259;0.140548259
;US-AZ;1936;p99.9p100;502146.78125;;;0.0446664281;0.0446664281
;US-AZ;1936;p99.99p100;1367793.75;;;0.0121666547;0.0121666547
;US-AZ;1936;p90p100;;;;0.44233796;0.44233796
;US-AZ;1936;p90p91;49728.3046875;;;;
;US-AZ;1936;p95p96;71261.828125;;;;
;US-AZ;1936;p95p100;;;;0.3169403076;0.3169403076
;US-AZ;1936;p99.5p100;221238.5625;;;0.0983968899;0.0983968899
;US-AZ;1935;p0p100;10142.2460938;;1962919680.0;;
;US-AZ;1935;p99p100;122867.515625;;;0.1211442873;0.1211442873
;US-AZ;1935;p99.9p100;346657.6875;;;0.0341795795;0.0341795795
;US-AZ;1935;p99.99p100;904620.75;;;0.0089193331;0.0089193331
;US-AZ;1935;p90p100;;;;0.4154545665;0.4154545665
;US-AZ;1935;p90p91;42136.4257812;;;;
;US-AZ;1935;p95p96;59179.6210938;;;;
;US-AZ;1935;p95p100;;;;0.2917481065;0.2917481065
;US-AZ;1935;p99.5p100;166276.984375;;;0.0819724649;0.0819724649
;US-AZ;1934;p0p100;8923.19238281;;1693501824.0;;
;US-AZ;1934;p99p100;105179.023438;;;0.1178715229;0.1178715229
;US-AZ;1934;p99.9p100;269204.375;;;0.0301690642;0.0301690642
;US-AZ;1934;p99.99p100;681979.3125;;;0.0076427734;0.0076427734
;US-AZ;1934;p90p100;;;;0.4203614593;0.4203614593
;US-AZ;1934;p90p91;37509.6601562;;;;
;US-AZ;1934;p95p96;53670.5820312;;;;
;US-AZ;1934;p95p100;;;;0.3007364571;0.3007364571
;US-AZ;1934;p99.5p100;139126.203125;;;0.0779576451;0.0779576451
;US-AZ;1933;p0p100;8152.99560547;;1518294784.0;;
;US-AZ;1933;p99p100;89531.25;;;0.1098139435;0.1098139435
;US-AZ;1933;p99.9p100;231079.75;;;0.0283429269;0.0283429269
;US-AZ;1933;p99.99p100;700485.75;;;0.0085917599;0.0085917599
;US-AZ;1933;p90p100;;;;0.381966114;0.381966114
;US-AZ;1933;p90p91;31141.6777344;;;;
;US-AZ;1933;p95p96;43017.703125;;;;
;US-AZ;1933;p95p100;;;;0.2638153136;0.2638153136
;US-AZ;1933;p99.5p100;116707.101562;;;0.0715731531;0.0715731531
;US-AZ;1932;p0p100;8313.41113281;;1519801344.0;;
;US-AZ;1932;p99p100;95041.578125;;;0.1143231988;0.1143231988
;US-AZ;1932;p99.9p100;242422.0;;;0.0291603487;0.0291603487
;US-AZ;1932;p99.99p100;650199.875;;;0.0078210952;0.0078210952
;US-AZ;1932;p90p100;;;;0.4115456939;0.4115456939
;US-AZ;1932;p90p91;34213.4882812;;;;
;US-AZ;1932;p95p96;46898.3125;;;;
;US-AZ;1932;p95p100;;;;0.2820641696;0.2820641696
;US-AZ;1932;p99.5p100;123132.6875;;;0.0740566552;0.0740566552
;US-AZ;1931;p0p100;10230.2460938;;1835029248.0;;
;US-AZ;1931;p99p100;119967.75;;;0.1172677055;0.1172677055
;US-AZ;1931;p99.9p100;345236.34375;;;0.0337466337;0.0337466337
;US-AZ;1931;p99.99p100;1017271.375;;;0.0099437628;0.0099437628
;US-AZ;1931;p90p100;;;;0.380314827;0.380314827
;US-AZ;1931;p90p91;38907.140625;;;;
;US-AZ;1931;p95p96;53849.7265625;;;;
;US-AZ;1931;p95p100;;;;0.2631888092;0.2631888092
;US-AZ;1931;p99.5p100;161981.390625;;;0.0791678876;0.0791678876
;US-AZ;1930;p0p100;12019.5117188;;2112602496.0;;
;US-AZ;1930;p99p100;147560.34375;;;0.1227673441;0.1227673441
;US-AZ;1930;p99.9p100;500502.53125;;;0.0416408367;0.0416408367
;US-AZ;1930;p99.99p100;2038815.75;;;0.0169625524;0.0169625524
;US-AZ;1930;p90p100;;;;0.3760913312;0.3760913312
;US-AZ;1930;p90p91;45204.3398438;;;;
;US-AZ;1930;p95p96;65661.8203125;;;;
;US-AZ;1930;p95p100;;;;0.2731468081;0.2731468081
;US-AZ;1930;p99.5p100;207636.90625;;;0.0863749385;0.0863749385
;US-AZ;1929;p0p100;14238.75;;2452570112.0;;
;US-AZ;1929;p99p100;208799.421875;;;0.1466416866;0.1466416866
;US-AZ;1929;p99.9p100;784244.0625;;;0.0550781526;0.0550781526
;US-AZ;1929;p99.99p100;3190486.5;;;0.0224070679;0.0224070679
;US-AZ;1929;p90p100;;;;0.3910458386;0.3910458386
;US-AZ;1929;p90p91;55680.0390625;;;;
;US-AZ;1929;p95p96;84561.1640625;;;;
;US-AZ;1929;p95p100;;;;0.2969402671;0.2969402671
;US-AZ;1929;p99.5p100;305443.1875;;;0.1072577313;0.1072577313
;US-AZ;1928;p0p100;12766.3574219;;2155379200.0;;
;US-AZ;1928;p99p100;228475.875;;;0.178967163;0.178967163
;US-AZ;1928;p99.9p100;996879.75;;;0.0780864656;0.0780864656
;US-AZ;1928;p99.99p100;4273584.5;;;0.0334753618;0.0334753618
;US-AZ;1928;p90p100;;;;0.4317305684;0.4317305684
;US-AZ;1928;p90p91;55116.265625;;;;
;US-AZ;1928;p95p96;85457.609375;;;;
;US-AZ;1928;p95p100;;;;0.3346984684;0.3346984684
;US-AZ;1928;p99.5p100;348554.46875;;;0.1365128756;0.1365128756
;US-AZ;1927;p0p100;10691.3466797;;1765690496.0;;
;US-AZ;1927;p99p100;160554.609375;;;0.1501725018;0.1501725018
;US-AZ;1927;p99.9p100;535273.6875;;;0.0500660762;0.0500660762
;US-AZ;1927;p99.99p100;1979185.125;;;0.0185120311;0.0185120311
;US-AZ;1927;p90p100;;;;0.4208438993;0.4208438993
;US-AZ;1927;p90p91;44993.875;;;;
;US-AZ;1927;p95p96;67546.890625;;;;
;US-AZ;1927;p95p100;;;;0.31589517;0.31589517
;US-AZ;1927;p99.5p100;227465.359375;;;0.1063782573;0.1063782573
;US-AZ;1926;p0p100;9838.15625;;1586728064.0;;
;US-AZ;1926;p99p100;140682.734375;;;0.1429970562;0.1429970562
;US-AZ;1926;p99.9p100;428556.28125;;;0.0435606316;0.0435606316
;US-AZ;1926;p99.99p100;1300921.25;;;0.0132232225;0.0132232225
;US-AZ;1926;p90p100;;;;0.4213388562;0.4213388562
;US-AZ;1926;p90p91;41451.9726562;;;;
;US-AZ;1926;p95p96;61732.3125;;;;
;US-AZ;1926;p95p100;;;;0.3137392402;0.3137392402
;US-AZ;1926;p99.5p100;195590.375;;;0.0994039848;0.0994039848
;US-AZ;1925;p0p100;9764.60644531;;1538448768.0;;
;US-AZ;1925;p99p100;142590.28125;;;0.1460276693;0.1460276693
;US-AZ;1925;p99.9p100;471751.1875;;;0.0483123586;0.0483123586
;US-AZ;1925;p99.99p100;1564898.625;;;0.0160262343;0.0160262343
;US-AZ;1925;p90p100;;;;0.4319938123;0.4319938123
;US-AZ;1925;p90p91;42182.4960938;;;;
;US-AZ;1925;p95p96;63242.7109375;;;;
;US-AZ;1925;p95p100;;;;0.3238364458;0.3238364458
;US-AZ;1925;p99.5p100;199792.625;;;0.1023044884;0.1023044884
;US-AZ;1924;p0p100;11191.0195312;;1719631232.0;;
;US-AZ;1924;p99p100;119799.28125;;;0.1070494875;0.1070494875
;US-AZ;1924;p99.9p100;356778.625;;;0.031880796;0.031880796
;US-AZ;1924;p99.99p100;1010563.9375;;;0.0090301326;0.0090301326
;US-AZ;1924;p90p100;;;;0.4001645148;0.4001645148
;US-AZ;1924;p90p91;44782.4882812;;;;
;US-AZ;1924;p95p96;59728.171875;;;;
;US-AZ;1924;p95p100;;;;0.2668576241;0.2668576241
;US-AZ;1924;p99.5p100;165704.859375;;;0.074034743;0.074034743
;US-AZ;1923;p0p100;11824.6152344;;1764560384.0;;
;US-AZ;1923;p99p100;109784.09375;;;0.0928436965;0.0928436965
;US-AZ;1923;p99.9p100;330601.71875;;;0.0279587712;0.0279587712
;US-AZ;1923;p99.99p100;924916.875;;;0.0078219613;0.0078219613
;US-AZ;1923;p90p100;;;;0.3676886559;0.3676886559
;US-AZ;1923;p90p91;43477.765625;;;;
;US-AZ;1923;p95p96;57042.921875;;;;
;US-AZ;1923;p95p100;;;;0.2412041426;0.2412041426
;US-AZ;1923;p99.5p100;150486.65625;;;0.0636327937;0.0636327937
;US-AZ;1922;p0p100;10267.5654297;;1490867840.0;;
;US-AZ;1922;p99p100;103468.53125;;;0.100772202;0.100772202
;US-AZ;1922;p99.9p100;301257.0;;;0.0293406434;0.0293406434
;US-AZ;1922;p99.99p100;778452.3125;;;0.0075816638;0.0075816638
;US-AZ;1922;p90p100;;;;0.3950272501;0.3950272501
;US-AZ;1922;p90p91;40559.6835938;;;;
;US-AZ;1922;p95p96;53174.9492188;;;;
;US-AZ;1922;p95p100;;;;0.2589462399;0.2589462399
;US-AZ;1922;p99.5p100;138970.25;;;0.067674391;0.067674391
;US-AZ;1921;p0p100;9740.70019531;;1380588288.0;;
;US-AZ;1921;p99p100;83807.625;;;0.0860386044;0.0860386044
;US-AZ;1921;p99.9p100;207040.015625;;;0.0212551467;0.0212551467
;US-AZ;1921;p99.99p100;480156.78125;;;0.004929387;0.004929387
;US-AZ;1921;p90p100;;;;0.3826056123;0.3826056123
;US-AZ;1921;p90p91;37268.4648438;;;;
;US-AZ;1921;p95p96;45838.59375;;;;
;US-AZ;1921;p95p100;;;;0.2352941334;0.2352941334
;US-AZ;1921;p99.5p100;108040.523438;;;0.0554582961;0.0554582961
;US-AZ;1920;p0p100;12278.46875;;1689243648.0;;
;US-AZ;1920;p99p100;104206.101562;;;0.084868975;0.084868975
;US-AZ;1920;p99.9p100;303451.5625;;;0.0247141235;0.0247141235
;US-AZ;1920;p99.99p100;622563.125;;;0.005070365;0.005070365
;US-AZ;1920;p90p100;;;;0.312743485;0.312743485
;US-AZ;1920;p90p91;38400.1132812;;;;
;US-AZ;1920;p95p96;50403.828125;;;;
;US-AZ;1920;p95p100;;;;0.2052529156;0.2052529156
;US-AZ;1920;p99.5p100;142764.59375;;;0.058136154;0.058136154
;US-AZ;1919;p0p100;15340.4511719;;2000739584.0;;
;US-AZ;1919;p99p100;154353.609375;;;0.1006186903;0.1006186903
;US-AZ;1919;p99.9p100;479754.21875;;;0.0312738046;0.0312738046
;US-AZ;1919;p99.99p100;1298559.25;;;0.0084649362;0.0084649362
;US-AZ;1919;p90p100;;;;0.3187435567;0.3187435567
;US-AZ;1919;p90p91;48896.6992188;;;;
;US-AZ;1919;p95p96;67888.5859375;;;;
;US-AZ;1919;p95p100;;;;0.2212731242;0.2212731242
;US-AZ;1919;p99.5p100;218346.234375;;;0.0711668283;0.0711668283
;US-AZ;1918;p0p100;13482.1796875;;1676664448.0;;
;US-AZ;1918;p99p100;160230.796875;;;0.1188463569;0.1188463569
;US-AZ;1918;p99.9p100;564269.4375;;;0.0418529771;0.0418529771
;US-AZ;1918;p99.99p100;1882279.75;;;0.0139612416;0.0139612416
;US-AZ;1918;p90p100;;;;0.3573239446;0.3573239446
;US-AZ;1918;p90p91;48175.0585938;;;;
;US-AZ;1918;p95p96;65892.8828125;;;;
;US-AZ;1918;p95p100;;;;0.2443702817;0.2443702817
;US-AZ;1918;p99.5p100;232925.15625;;;0.0863825977;0.0863825977
;US-AZ;1917;p0p100;16542.7207031;;1987534592.0;;
