Variable Name;.;.;.;Fiscal income  | tax unit | Average | Adults | constant 2015 local currency;Fiscal income  | tax unit | Threshold | Adults | constant 2015 local currency;Fiscal income  | tax unit | Total | Adults | constant 2015 local currency;Fiscal income  | tax unit | Share | Adults | share of total (ratio);Pre-tax national income  | tax unit | Share | Adults | share of total (ratio)
Variable Category;.;.;.;Income inequality;Income inequality;Income inequality;Income inequality;Income inequality
Variable Description;.;.;.;Average Fiscal income within a given percentile group. Fiscal income is defined as the sum of all income items reported on income tax returns, before any deduction. It includes labour income, capital income and mixed income. The concept of fiscal income varies with national tax legislations, so in order to make international comparisons it is preferable to use the concept of national income. The population is comprised of individuals over age 20. The base unit is the tax unit defined by national fiscal administrations to measure personal income taxes.;Fiscal income threshold value at a given percentile.  Fiscal income is defined as the sum of all income items reported on income tax returns, before any deduction. It includes labour income, capital income and mixed income. The concept of fiscal income varies with national tax legislations, so in order to make international comparisons it is preferable to use the concept of national income. The population is comprised of individuals over age 20. The base unit is the tax unit defined by national fiscal administrations to measure personal income taxes.;Total Fiscal income  within a given percentile group. Fiscal income is defined as the sum of all income items reported on income tax returns, before any deduction. It includes labour income, capital income and mixed income. The concept of fiscal income varies with national tax legislations, so in order to make international comparisons it is preferable to use the concept of national income. The population is comprised of individuals over age 20.;Fiscal income share held by a given percentile group. Fiscal income is defined as the sum of all income items reported on income tax returns, before any deduction. It includes labour income, capital income and mixed income. The concept of fiscal income varies with national tax legislations, so in order to make international comparisons it is preferable to use the concept of national income. The population is comprised of individuals over age 20. The base unit is the tax unit defined by national fiscal administrations to measure personal income taxes.;Pre-tax national income share held by a given percentile group. Pre-tax national income  is the sum of all pre-tax personal income flows accruing to the owners of the production factors, labor and capital, before taking into account the operation of the tax/transfer system, but after taking into account the operation of pension system. The central difference between personal factor income and pre-tax income is the treatment of pensions, which are counted on a contribution basis by factor income and on a distribution basis by pre-tax income. The population is comprised of individuals over age 20. The base unit is the tax unit defined by national fiscal administrations to measure personal income taxes.
Variable Decomposition;.;.;.;[Fiscal income ]=[Fiscal labour income ]+[Fiscal capital income ];[Fiscal income ]=[Fiscal labour income ]+[Fiscal capital income ];[Fiscal income ]=[Fiscal labour income ]+[Fiscal capital income ];[Fiscal income ]=[Fiscal labour income ]+[Fiscal capital income ];Pre-tax national income =Pre-tax labor income [total pre-tax income ranking]+Pre-tax capital income [total pre-tax income ranking]
Variable Unit;.;.;.;"USD; United States dollar | local currency | market";"USD; United States dollar | local currency | market";"USD; United States dollar | local currency | market";share;share
Methodological Notes;.;.;.;;;;;Assuming the same distribution as fiscal income.
Sources;.;.;.;Frank, Sommeiller, Price & Saez (2015);Frank, Sommeiller, Price & Saez (2015);Frank, Sommeiller, Price & Saez (2015);Frank, Sommeiller, Price & Saez (2015);WID.world computations using: Frank, Sommeiller, Price & Saez (2015)
Variable Code;country;year;perc;afiinc992t;tfiinc992t;mfiinc992t;sfiinc992t;sptinc992t
;US-NJ;2014;p0p100;77470.96875;;3.60100593664e+11;;
;US-NJ;2014;p99p100;;587891.5;;0.2040934414;0.2040934414
;US-NJ;2014;p99.9p100;;2495896.25;;0.0893711373;0.0893711373
;US-NJ;2014;p99.99p100;;11025039.0;;0.0381068327;0.0381068327
;US-NJ;2014;p90p100;;159672.015625;;0.4978838265;0.4978838265
;US-NJ;2014;p90p91;390736.0625;;;;
;US-NJ;2014;p95p96;588707.125;;;;
;US-NJ;2014;p90p95;192764.9375;159672.015625;;0.1215055883;0.1215055883
;US-NJ;2014;p95p99;336186.21875;240571.765625;;0.1722951829;0.1722951829
;US-NJ;2014;p99.5p99.9;1354379.375;883656.5625;;0.0697032288;0.0697032288
;US-NJ;2014;p99.9p99.99;4363053.5;2495896.25;;0.0516091213;0.0516091213
;US-NJ;2014;p99p99.5;707330.9375;587891.5;;0.045110628;0.045110628
;US-NJ;2014;p95p100;;240571.765625;;0.3763570487;0.3763570487
;US-NJ;2014;p0p90;42663.7382812;;;0.5016694069;0.5016694069
;US-NJ;2014;p0p99;62104.1015625;;;0.7959065437;0.7959065437
;US-NJ;2014;p99.5p100;;883656.5625;;0.1589782983;0.1589782983
;US-NJ;2014;p99.5p99.6;2490251.0;;;;
;US-NJ;2014;p99.99p99.991;31069890.0;;;;
;US-NJ;2014;p99.9p99.91;7033737.0;;;;
;US-NJ;2014;p99p99.1;1598791.0;;;;
;US-NJ;2013;p0p100;75526.5078125;;3.45456869376e+11;;
;US-NJ;2013;p99p100;;571616.8125;;0.1980791539;0.1980791539
;US-NJ;2013;p99.9p100;;2364939.25;;0.0858201459;0.0858201459
;US-NJ;2013;p99.99p100;;10334485.0;;0.0370098837;0.0370098837
;US-NJ;2013;p90p100;;158879.734375;;0.4925743043;0.4925743043
;US-NJ;2013;p90p91;379972.46875;;;;
;US-NJ;2013;p95p96;568736.375;;;;
;US-NJ;2013;p90p95;191208.578125;158879.734375;;0.1219771728;0.1219771728
;US-NJ;2013;p95p99;331640.34375;237808.5;;0.1725298166;0.1725298166
;US-NJ;2013;p99.5p99.9;1288626.625;843629.0;;0.067116648;0.067116648
;US-NJ;2013;p99.9p99.99;4114898.5;2364939.25;;0.0489031076;0.0489031076
;US-NJ;2013;p99p99.5;687771.0625;571616.8125;;0.045157548;0.045157548
;US-NJ;2013;p95p100;;237808.5;;0.370629847;0.370629847
;US-NJ;2013;p0p90;41699.1835938;;;0.5073058009;0.5073058009
;US-NJ;2013;p0p99;60964.9570312;;;0.8019208312;0.8019208312
;US-NJ;2013;p99.5p100;;843629.0;;0.1529475749;0.1529475749
;US-NJ;2013;p99.5p99.6;2346469.75;;;;
;US-NJ;2013;p99.99p99.991;28744336.0;;;;
;US-NJ;2013;p99.9p99.91;6577842.0;;;;
;US-NJ;2013;p99p99.1;1517120.375;;;;
;US-NJ;2012;p0p100;76462.4375;;3.51667683328e+11;;
;US-NJ;2012;p99p100;1589858.0;;;0.2079266757;0.2079266757
;US-NJ;2012;p99.9p100;7087937.0;;;0.0926982984;0.0926982984
;US-NJ;2012;p99.99p100;30141570.0;;;0.0394201055;0.0394201055
;US-NJ;2012;p90p100;;;;0.4933919311;0.4933919311
;US-NJ;2012;p90p91;377259.5;;;;
;US-NJ;2012;p95p96;576531.0;;;;
;US-NJ;2012;p95p100;;;;0.3770027757;0.3770027757
;US-NJ;2012;p99.5p100;2490014.75;;;0.1628260165;0.1628260165
;US-NJ;2011;p0p100;72743.1171875;;3.32847906816e+11;;
;US-NJ;2011;p99p100;1407643.5;;;0.1935088038;0.1935088038
;US-NJ;2011;p99.9p100;5920684.5;;;0.0813916773;0.0813916773
;US-NJ;2011;p99.99p100;24349994.0;;;0.0334739462;0.0334739462
;US-NJ;2011;p90p100;;;;0.4863232672;0.4863232672
;US-NJ;2011;p90p91;353766.75;;;;
;US-NJ;2011;p95p96;533035.5625;;;;
;US-NJ;2011;p95p100;;;;0.366382122;0.366382122
;US-NJ;2011;p99.5p100;2159810.5;;;0.1484546065;0.1484546065
;US-NJ;2010;p0p100;73283.2734375;;3.31393466368e+11;;
;US-NJ;2010;p99p100;1421926.5;;;0.1940315217;0.1940315217
;US-NJ;2010;p99.9p100;6090474.5;;;0.0831086561;0.0831086561
;US-NJ;2010;p99.99p100;26150682.0;;;0.0356843807;0.0356843807
;US-NJ;2010;p90p100;;;;0.480448395;0.480448395
;US-NJ;2010;p90p91;352088.28125;;;;
;US-NJ;2010;p95p96;533963.9375;;;;
;US-NJ;2010;p95p100;;;;0.3643150032;0.3643150032
;US-NJ;2010;p99.5p100;2190686.75;;;0.1494670361;0.1494670361
;US-NJ;2009;p0p100;71003.09375;;3.2078266368e+11;;
;US-NJ;2009;p99p100;1284191.125;;;0.1808641106;0.1808641106
;US-NJ;2009;p99.9p100;5520499.5;;;0.077750124;0.077750124
;US-NJ;2009;p99.99p100;24334610.0;;;0.0342726074;0.0342726074
;US-NJ;2009;p90p100;;;;0.4720258117;0.4720258117
;US-NJ;2009;p90p91;335152.90625;;;;
;US-NJ;2009;p95p96;505301.53125;;;;
;US-NJ;2009;p95p100;;;;0.3558306694;0.3558306694
;US-NJ;2009;p99.5p100;1968407.625;;;0.1386142224;0.1386142224
;US-NJ;2008;p0p100;78388.03125;;3.48406710272e+11;;
;US-NJ;2008;p99p100;1638437.625;;;0.2090162933;0.2090162933
;US-NJ;2008;p99.9p100;7606145.5;;;0.0970319733;0.0970319733
;US-NJ;2008;p99.99p100;34422864.0;;;0.0439134166;0.0439134166
;US-NJ;2008;p90p100;;;;0.4958461821;0.4958461821
;US-NJ;2008;p90p91;388684.09375;;;;
;US-NJ;2008;p95p96;598822.0625;;;;
;US-NJ;2008;p95p100;;;;0.381960094;0.381960094
;US-NJ;2008;p99.5p100;2585873.75;;;0.1649405956;0.1649405956
;US-NJ;2007;p0p100;85736.1328125;;3.7598478336e+11;;
;US-NJ;2007;p99p100;1978481.25;;;0.2307640165;0.2307640165
;US-NJ;2007;p99.9p100;9669405.0;;;0.1127809882;0.1127809882
;US-NJ;2007;p99.99p100;44493556.0;;;0.0518959202;0.0518959202
;US-NJ;2007;p90p100;;;;0.5050026774;0.5050026774
;US-NJ;2007;p90p91;432969.75;;;;
;US-NJ;2007;p95p96;681933.375;;;;
;US-NJ;2007;p95p100;;;;0.3976931274;0.3976931274
;US-NJ;2007;p99.5p100;3187367.0;;;0.1858823746;0.1858823746
;US-NJ;2006;p0p100;81862.53125;;3.56822974464e+11;;
;US-NJ;2006;p99p100;1737815.875;;;0.2122846395;0.2122846395
;US-NJ;2006;p99.9p100;7990012.5;;;0.097602807;0.097602807
;US-NJ;2006;p99.99p100;34090988.0;;;0.0416441895;0.0416441895
;US-NJ;2006;p90p100;;;;0.4871148169;0.4871148169
;US-NJ;2006;p90p91;398764.53125;;;;
;US-NJ;2006;p95p96;621601.6875;;;;
;US-NJ;2006;p95p100;;;;0.3796619177;0.3796619177
;US-NJ;2006;p99.5p100;2751389.25;;;0.1680493802;0.1680493802
;US-NJ;2005;p0p100;78896.0390625;;3.4128592896e+11;;
;US-NJ;2005;p99p100;1637340.875;;;0.2075314224;0.2075314224
;US-NJ;2005;p99.9p100;7463761.5;;;0.094602488;0.094602488
;US-NJ;2005;p99.99p100;31693102.0;;;0.0401707105;0.0401707105
;US-NJ;2005;p90p100;;;;0.4806012511;0.4806012511
;US-NJ;2005;p90p91;379175.375;;;;
;US-NJ;2005;p95p96;593274.625;;;;
;US-NJ;2005;p95p100;;;;0.3759850264;0.3759850264
;US-NJ;2005;p99.5p100;2580614.25;;;0.1635452211;0.1635452211
;US-NJ;2004;p0p100;76637.3828125;;3.26895403008e+11;;
;US-NJ;2004;p99p100;1508594.375;;;0.1968483776;0.1968483776
;US-NJ;2004;p99.9p100;6732822.5;;;0.0878529772;0.0878529772
;US-NJ;2004;p99.99p100;28767592.0;;;0.0375372805;0.0375372805
;US-NJ;2004;p90p100;;;;0.4773301184;0.4773301184
;US-NJ;2004;p90p91;365813.3125;;;;
;US-NJ;2004;p95p96;561033.5625;;;;
;US-NJ;2004;p95p100;;;;0.3660312593;0.3660312593
;US-NJ;2004;p99.5p100;2353632.75;;;0.1535564363;0.1535564363
;US-NJ;2003;p0p100;71112.1171875;;3.0808162304e+11;;
;US-NJ;2003;p99p100;1312784.875;;;0.1846077591;0.1846077591
;US-NJ;2003;p99.9p100;5610305.0;;;0.0788937956;0.0788937956
;US-NJ;2003;p99.99p100;23711970.0;;;0.0333444849;0.0333444849
;US-NJ;2003;p90p100;;;;0.4723632336;0.4723632336
;US-NJ;2003;p90p91;335907.5;;;;
;US-NJ;2003;p95p96;499426.90625;;;;
;US-NJ;2003;p95p100;;;;0.3511545658;0.3511545658
;US-NJ;2003;p99.5p100;2017829.125;;;0.1418766081;0.1418766081
;US-NJ;2002;p0p100;69982.6953125;;3.07514638336e+11;;
;US-NJ;2002;p99p100;1263179.75;;;0.1804988533;0.1804988533
;US-NJ;2002;p99.9p100;5258963.5;;;0.075146623;0.075146623
;US-NJ;2002;p99.99p100;21528672.0;;;0.0307628494;0.0307628494
;US-NJ;2002;p90p100;;;;0.4711197019;0.4711197019
;US-NJ;2002;p90p91;329702.28125;;;;
;US-NJ;2002;p95p96;486587.28125;;;;
;US-NJ;2002;p95p100;;;;0.347648263;0.347648263
;US-NJ;2002;p99.5p100;1927079.75;;;0.1376825869;0.1376825869
;US-NJ;2001;p0p100;74440.5625;;3.19273402368e+11;;
;US-NJ;2001;p99p100;1491323.625;;;0.2003374845;0.2003374845
;US-NJ;2001;p99.9p100;6478379.5;;;0.0870275423;0.0870275423
;US-NJ;2001;p99.99p100;26882252.0;;;0.0361123681;0.0361123681
;US-NJ;2001;p90p100;;;;0.4821151793;0.4821151793
;US-NJ;2001;p90p91;358889.25;;;;
;US-NJ;2001;p95p96;542490.0625;;;;
;US-NJ;2001;p95p100;;;;0.3643780053;0.3643780053
;US-NJ;2001;p99.5p100;2315932.5;;;0.1555558145;0.1555558145
;US-NJ;2000;p0p100;79597.9375;;3.35140257792e+11;;
;US-NJ;2000;p99p100;1867366.25;;;0.2345997989;0.2345997989
;US-NJ;2000;p99.9p100;9146755.0;;;0.1149119586;0.1149119586
;US-NJ;2000;p99.99p100;41397740.0;;;0.0520085581;0.0520085581
;US-NJ;2000;p90p100;;;;0.5092803836;0.5092803836
;US-NJ;2000;p90p91;405376.71875;;;;
;US-NJ;2000;p95p96;631504.3125;;;;
;US-NJ;2000;p95p100;;;;0.3966838121;0.3966838121
;US-NJ;2000;p99.5p100;3012001.75;;;0.1892009825;0.1892009825
;US-NJ;1999;p0p100;76342.265625;;3.11839752192e+11;;
;US-NJ;1999;p99p100;1631321.0;;;0.2136851549;0.2136851549
;US-NJ;1999;p99.9p100;7435141.0;;;0.0973921865;0.0973921865
;US-NJ;1999;p99.99p100;31019842.0;;;0.0406325869;0.0406325869
;US-NJ;1999;p90p100;;;;0.4968293607;0.4968293607
;US-NJ;1999;p90p91;379290.78125;;;;
;US-NJ;1999;p95p96;579519.8125;;;;
;US-NJ;1999;p95p100;;;;0.3795537055;0.3795537055
;US-NJ;1999;p99.5p100;2573341.5;;;0.1685397625;0.1685397625
;US-NJ;1998;p0p100;73434.2421875;;2.956795904e+11;;
;US-NJ;1998;p99p100;1457063.75;;;0.1984174848;0.1984174848
;US-NJ;1998;p99.9p100;6399920.0;;;0.0871517137;0.0871517137
;US-NJ;1998;p99.99p100;26028100.0;;;0.035444092;0.035444092
;US-NJ;1998;p90p100;;;;0.4738505483;0.4738505483
;US-NJ;1998;p90p91;347968.53125;;;;
;US-NJ;1998;p95p96;526311.75;;;;
;US-NJ;1998;p95p100;;;;0.3583558202;0.3583558202
;US-NJ;1998;p99.5p100;2273836.25;;;0.1548212618;0.1548212618
;US-NJ;1997;p0p100;69415.7421875;;2.7687026688e+11;;
;US-NJ;1997;p99p100;1276754.25;;;0.1839286387;0.1839286387
;US-NJ;1997;p99.9p100;5440973.5;;;0.0783824176;0.0783824176
;US-NJ;1997;p99.99p100;21929856.0;;;0.0315920487;0.0315920487
;US-NJ;1997;p90p100;;;;0.4588484168;0.4588484168
;US-NJ;1997;p90p91;318513.03125;;;;
;US-NJ;1997;p95p96;474975.375;;;;
;US-NJ;1997;p95p100;;;;0.3421237171;0.3421237171
;US-NJ;1997;p99.5p100;1973803.125;;;0.1421725899;0.1421725899
;US-NJ;1996;p0p100;64577.875;;2.56663076864e+11;;
;US-NJ;1996;p99p100;1091277.0;;;0.1689862162;0.1689862162
;US-NJ;1996;p99.9p100;4465488.5;;;0.0691488981;0.0691488981
;US-NJ;1996;p99.99p100;17788594.0;;;0.0275459588;0.0275459588
;US-NJ;1996;p90p100;;;;0.4463399351;0.4463399351
;US-NJ;1996;p90p91;288236.8125;;;;
;US-NJ;1996;p95p96;417225.75;;;;
;US-NJ;1996;p95p100;;;;0.3230408132;0.3230408132
;US-NJ;1996;p99.5p100;1658662.25;;;0.1284234226;0.1284234226
;US-NJ;1995;p0p100;61552.9453125;;2.41108434944e+11;;
;US-NJ;1995;p99p100;966624.125;;;0.1570394635;0.1570394635
;US-NJ;1995;p99.9p100;3755090.5;;;0.0610058606;0.0610058606
;US-NJ;1995;p99.99p100;14211436.0;;;0.0230881497;0.0230881497
;US-NJ;1995;p90p100;;;;0.4350339174;0.4350339174
;US-NJ;1995;p90p91;267776.1875;;;;
;US-NJ;1995;p95p96;386200.875;;;;
;US-NJ;1995;p95p100;;;;0.313714385;0.313714385
;US-NJ;1995;p99.5p100;1447422.375;;;0.1175753996;0.1175753996
;US-NJ;1994;p0p100;57557.3476562;;2.28981456896e+11;;
;US-NJ;1994;p99p100;843202.25;;;0.1464977562;0.1464977562
;US-NJ;1994;p99.9p100;3174911.0;;;0.0551608242;0.0551608242
;US-NJ;1994;p99.99p100;11999707.0;;;0.0208482612;0.0208482612
;US-NJ;1994;p90p100;;;;0.4258023202;0.4258023202
;US-NJ;1994;p90p91;245080.515625;;;;
;US-NJ;1994;p95p96;348328.5;;;;
;US-NJ;1994;p95p100;;;;0.3025925159;0.3025925159
;US-NJ;1994;p99.5p100;1248264.125;;;0.1084365472;0.1084365472
;US-NJ;1993;p0p100;57523.796875;;2.2639263744e+11;;
;US-NJ;1993;p99p100;874797.25;;;0.1520757079;0.1520757079
;US-NJ;1993;p99.9p100;3424435.0;;;0.0595307574;0.0595307574
;US-NJ;1993;p99.99p100;13470704.0;;;0.02341762;0.02341762
;US-NJ;1993;p90p100;;;;0.4278096855;0.4278096855
;US-NJ;1993;p90p91;246092.375;;;;
;US-NJ;1993;p95p96;352993.09375;;;;
;US-NJ;1993;p95p100;;;;0.3068235219;0.3068235219
;US-NJ;1993;p99.5p100;1313296.125;;;0.1141524166;0.1141524166
;US-NJ;1992;p0p100;58103.1289062;;2.28226105344e+11;;
;US-NJ;1992;p99p100;906211.9375;;;0.155966118;0.155966118
;US-NJ;1992;p99.9p100;3617725.25;;;0.0622638687;0.0622638687
;US-NJ;1992;p99.99p100;14345779.0;;;0.0246902015;0.0246902015
;US-NJ;1992;p90p100;;;;0.4273325503;0.4273325503
;US-NJ;1992;p90p91;248293.578125;;;;
;US-NJ;1992;p95p96;356528.96875;;;;
;US-NJ;1992;p95p100;;;;0.3068070412;0.3068070412
;US-NJ;1992;p99.5p100;1371335.125;;;0.1180087179;0.1180087179
;US-NJ;1991;p0p100;56707.8671875;;2.2172565504e+11;;
;US-NJ;1991;p99p100;768031.625;;;0.1354365349;0.1354365349
;US-NJ;1991;p99.9p100;2794553.5;;;0.0492798239;0.0492798239
;US-NJ;1991;p99.99p100;10131025.0;;;0.0178652909;0.0178652909
;US-NJ;1991;p90p100;;;;0.407039851;0.407039851
;US-NJ;1991;p90p91;230823.59375;;;;
;US-NJ;1991;p95p96;322651.125;;;;
;US-NJ;1991;p95p100;;;;0.2844853699;0.2844853699
;US-NJ;1991;p99.5p100;1130079.375;;;0.0996404439;0.0996404439
;US-NJ;1990;p0p100;59622.734375;;2.30061981696e+11;;
;US-NJ;1990;p99p100;903145.75;;;0.1514767557;0.1514767557
;US-NJ;1990;p99.9p100;3566019.0;;;0.059809722;0.059809722
;US-NJ;1990;p99.99p100;13878354.0;;;0.0232769512;0.0232769512
;US-NJ;1990;p90p100;;;;0.4135639966;0.4135639966
;US-NJ;1990;p90p91;246578.140625;;;;
;US-NJ;1990;p95p96;354826.6875;;;;
;US-NJ;1990;p95p100;;;;0.2975598872;0.2975598872
;US-NJ;1990;p99.5p100;1367561.5;;;0.1146845669;0.1146845669
;US-NJ;1989;p0p100;59407.6445312;;2.29561450496e+11;;
;US-NJ;1989;p99p100;952738.5625;;;0.1603730619;0.1603730619
;US-NJ;1989;p99.9p100;4152750.5;;;0.0699026287;0.0699026287
;US-NJ;1989;p99.99p100;17883008.0;;;0.0301021989;0.0301021989
;US-NJ;1989;p90p100;;;;0.4216282666;0.4216282666
;US-NJ;1989;p90p91;250479.421875;;;;
;US-NJ;1989;p95p96;362315.1875;;;;
;US-NJ;1989;p95p100;;;;0.3049398661;0.3049398661
;US-NJ;1989;p99.5p100;1479882.25;;;0.1245531887;0.1245531887
;US-NJ;1988;p0p100;59839.375;;2.27677601792e+11;;
;US-NJ;1988;p99p100;1090891.875;;;0.1823033392;0.1823033392
;US-NJ;1988;p99.9p100;5140122.0;;;0.0858986601;0.0858986601
;US-NJ;1988;p99.99p100;23236586.0;;;0.0388315991;0.0388315991
;US-NJ;1988;p90p100;;;;0.4452389479;0.4452389479
;US-NJ;1988;p90p91;266428.21875;;;;
;US-NJ;1988;p95p96;392451.4375;;;;
;US-NJ;1988;p95p100;;;;0.3279207349;0.3279207349
;US-NJ;1988;p99.5p100;1739578.875;;;0.1453540325;0.1453540325
;US-NJ;1987;p0p100;55985.3710938;;2.08799563776e+11;;
;US-NJ;1987;p99p100;811850.25;;;0.1450111419;0.1450111419
;US-NJ;1987;p99.9p100;3337969.0;;;0.0596221648;0.0596221648
;US-NJ;1987;p99.99p100;13813672.0;;;0.0246737152;0.0246737152
;US-NJ;1987;p90p100;;;;0.4121671021;0.4121671021
;US-NJ;1987;p90p91;230753.28125;;;;
;US-NJ;1987;p95p96;326156.1875;;;;
;US-NJ;1987;p95p100;;;;0.2912869751;0.2912869751
;US-NJ;1987;p99.5p100;1233972.5;;;0.1102048978;0.1102048978
;US-NJ;1986;p0p100;56774.9765625;;2.09721212928e+11;;
;US-NJ;1986;p99p100;1007907.4375;;;0.1775267124;0.1775267124
;US-NJ;1986;p99.9p100;4844786.5;;;0.0853331313;0.0853331313
;US-NJ;1986;p99.99p100;22664124.0;;;0.0399192125;0.0399192125
;US-NJ;1986;p90p100;;;;0.4371955693;0.4371955693
;US-NJ;1986;p90p91;248217.671875;;;;
;US-NJ;1986;p95p96;364295.8125;;;;
;US-NJ;1986;p95p100;;;;0.3208242953;0.3208242953
;US-NJ;1986;p99.5p100;1615207.0;;;0.1422463953;0.1422463953
;US-NJ;1985;p0p100;53096.53125;;1.92682262528e+11;;
;US-NJ;1985;p99p100;774039.75;;;0.145779714;0.145779714
;US-NJ;1985;p99.9p100;3426556.0;;;0.0645344555;0.0645344555
;US-NJ;1985;p99.99p100;15311102.0;;;0.028836349;0.028836349
;US-NJ;1985;p90p100;;;;0.4111890197;0.4111890197
;US-NJ;1985;p90p91;218327.109375;;;;
;US-NJ;1985;p95p96;304900.65625;;;;
;US-NJ;1985;p95p100;;;;0.28711918;0.28711918
;US-NJ;1985;p99.5p100;1192310.0;;;0.1122775748;0.1122775748
;US-NJ;1984;p0p100;51550.3554688;;1.83862902784e+11;;
;US-NJ;1984;p99p100;674039.0625;;;0.1307535172;0.1307535172
;US-NJ;1984;p99.9p100;2901748.25;;;0.0562895872;0.0562895872
;US-NJ;1984;p99.99p100;12941932.0;;;0.0251054186;0.0251054186
;US-NJ;1984;p90p100;;;;0.3926681876;0.3926681876
;US-NJ;1984;p90p91;202421.859375;;;;
;US-NJ;1984;p95p96;278650.28125;;;;
;US-NJ;1984;p95p100;;;;0.27026999;0.27026999
;US-NJ;1984;p99.5p100;1030320.8125;;;0.0999334306;0.0999334306
;US-NJ;1983;p0p100;49549.9648438;;1.73744668672e+11;;
;US-NJ;1983;p99p100;584755.125;;;0.1180132255;0.1180132255
;US-NJ;1983;p99.9p100;2369066.0;;;0.0478116572;0.0478116572
;US-NJ;1983;p99.99p100;9665817.0;;;0.0195072107;0.0195072107
;US-NJ;1983;p90p100;;;;0.3769591749;0.3769591749
;US-NJ;1983;p90p91;186783.140625;;;;
;US-NJ;1983;p95p96;255060.390625;;;;
;US-NJ;1983;p95p100;;;;0.2573769689;0.2573769689
;US-NJ;1983;p99.5p100;885585.6875;;;0.089362897;0.089362897
;US-NJ;1982;p0p100;47833.8828125;;1.64943937536e+11;;
;US-NJ;1982;p99p100;536227.9375;;;0.1121021137;0.1121021137
;US-NJ;1982;p99.9p100;2074107.375;;;0.0433606319;0.0433606319
;US-NJ;1982;p99.99p100;8611760.0;;;0.0180034731;0.0180034731
;US-NJ;1982;p90p100;;;;0.3674391508;0.3674391508
;US-NJ;1982;p90p91;175760.421875;;;;
;US-NJ;1982;p95p96;236461.59375;;;;
;US-NJ;1982;p95p100;;;;0.2471695542;0.2471695542
;US-NJ;1982;p99.5p100;791247.8125;;;0.0827078819;0.0827078819
;US-NJ;1981;p0p100;47989.8867188;;1.63002580992e+11;;
;US-NJ;1981;p99p100;461054.5;;;0.0960732624;0.0960732624
;US-NJ;1981;p99.9p100;1562420.625;;;0.0325572863;0.0325572863
;US-NJ;1981;p99.99p100;5521871.5;;;0.0115063228;0.0115063228
;US-NJ;1981;p90p100;;;;0.3450081348;0.3450081348
;US-NJ;1981;p90p91;165569.03125;;;;
;US-NJ;1981;p95p96;217334.796875;;;;
;US-NJ;1981;p95p100;;;;0.2264381051;0.2264381051
;US-NJ;1981;p99.5p100;655713.5625;;;0.0683178902;0.0683178902
;US-NJ;1980;p0p100;48380.9492188;;1.62176008192e+11;;
;US-NJ;1980;p99p100;467648.90625;;;0.0966597199;0.0966597199
;US-NJ;1980;p99.9p100;1521903.875;;;0.0314566754;0.0314566754
;US-NJ;1980;p99.99p100;5419622.0;;;0.0112019759;0.0112019759
;US-NJ;1980;p90p100;;;;0.3389196992;0.3389196992
;US-NJ;1980;p90p91;163972.5625;;;;
;US-NJ;1980;p95p96;222113.5;;;;
;US-NJ;1980;p95p100;;;;0.2295464426;0.2295464426
;US-NJ;1980;p99.5p100;658953.1875;;;0.0681004822;0.0681004822
;US-NJ;1979;p0p100;47272.96875;;1.5825256448e+11;;
;US-NJ;1979;p99p100;452413.75;;;0.0957024172;0.0957024172
;US-NJ;1979;p99.9p100;1441384.5;;;0.0304906704;0.0304906704
;US-NJ;1979;p99.99p100;4984784.5;;;0.0105446819;0.0105446819
;US-NJ;1979;p90p100;;;;0.3437513411;0.3437513411
;US-NJ;1979;p90p91;162501.46875;;;;
;US-NJ;1979;p95p96;217879.71875;;;;
;US-NJ;1979;p95p100;;;;0.2304485291;0.2304485291
;US-NJ;1979;p99.5p100;634503.0625;;;0.0671105534;0.0671105534
;US-NJ;1978;p0p100;47008.3476562;;1.524215808e+11;;
;US-NJ;1978;p99p100;397640.71875;;;0.0845893845;0.0845893845
;US-NJ;1978;p99.9p100;1120147.375;;;0.0238286909;0.0238286909
;US-NJ;1978;p99.99p100;3299318.25;;;0.0070185801;0.0070185801
;US-NJ;1978;p90p100;;;;0.3301043808;0.3301043808
;US-NJ;1978;p90p91;155176.625;;;;
;US-NJ;1978;p95p96;205439.703125;;;;
;US-NJ;1978;p95p100;;;;0.218514055;0.218514055
;US-NJ;1978;p99.5p100;536754.0;;;0.0570913441;0.0570913441
;US-NJ;1977;p0p100;46309.4726562;;1.47299254272e+11;;
;US-NJ;1977;p99p100;394881.9375;;;0.085270226;0.085270226
;US-NJ;1977;p99.9p100;1110198.25;;;0.0239734612;0.0239734612
;US-NJ;1977;p99.99p100;3582449.0;;;0.0077358885;0.0077358885
;US-NJ;1977;p90p100;;;;0.3317976296;0.3317976296
;US-NJ;1977;p90p91;153653.75;;;;
;US-NJ;1977;p95p96;199593.15625;;;;
;US-NJ;1977;p95p100;;;;0.215499267;0.215499267
;US-NJ;1977;p99.5p100;532510.0;;;0.0574947149;0.0574947149
;US-NJ;1976;p0p100;46060.5195312;;1.43808954368e+11;;
;US-NJ;1976;p99p100;381026.3125;;;0.0827229694;0.0827229694
;US-NJ;1976;p99.9p100;1070868.75;;;0.0232491679;0.0232491679
;US-NJ;1976;p99.99p100;3406142.5;;;0.0073949285;0.0073949285
;US-NJ;1976;p90p100;;;;0.3295438588;0.3295438588
;US-NJ;1976;p90p91;151789.625;;;;
;US-NJ;1976;p95p96;196294.09375;;;;
;US-NJ;1976;p95p100;;;;0.2130827904;0.2130827904
;US-NJ;1976;p99.5p100;515720.96875;;;0.0559829734;0.0559829734
;US-NJ;1975;p0p100;45058.7460938;;1.38177953792e+11;;
;US-NJ;1975;p99p100;376031.25;;;0.0834535658;0.0834535658
;US-NJ;1975;p99.9p100;1051255.0;;;0.0233307667;0.0233307667
;US-NJ;1975;p99.99p100;3220299.25;;;0.0071468912;0.0071468912
;US-NJ;1975;p90p100;;;;0.3296351433;0.3296351433
;US-NJ;1975;p90p91;148529.4375;;;;
;US-NJ;1975;p95p96;193893.84375;;;;
;US-NJ;1975;p95p100;;;;0.215156734;0.215156734
;US-NJ;1975;p99.5p100;508636.5625;;;0.0564414971;0.0564414971
;US-NJ;1974;p0p100;48395.8476562;;1.45729552384e+11;;
;US-NJ;1974;p99p100;453922.40625;;;0.0937936679;0.0937936679
;US-NJ;1974;p99.9p100;1400521.0;;;0.0289388672;0.0289388672
;US-NJ;1974;p99.99p100;4648545.0;;;0.009605255;0.009605255
;US-NJ;1974;p90p100;;;;0.331877619;0.331877619
;US-NJ;1974;p90p91;160614.984375;;;;
;US-NJ;1974;p95p96;215326.703125;;;;
;US-NJ;1974;p95p100;;;;0.222464025;0.222464025
;US-NJ;1974;p99.5p100;633560.6875;;;0.0654560998;0.0654560998
;US-NJ;1973;p0p100;49855.546875;;1.47529580544e+11;;
;US-NJ;1973;p99p100;444874.53125;;;0.0892327055;0.0892327055
;US-NJ;1973;p99.9p100;1310628.875;;;0.0262885261;0.0262885261
;US-NJ;1973;p99.99p100;4247635.5;;;0.0085198861;0.0085198861
;US-NJ;1973;p90p100;;;;0.3250089884;0.3250089884
;US-NJ;1973;p90p91;162035.015625;;;;
;US-NJ;1973;p95p96;217258.328125;;;;
;US-NJ;1973;p95p100;;;;0.2178878039;0.2178878039
;US-NJ;1973;p99.5p100;611991.9375;;;0.0613765121;0.0613765121
;US-NJ;1972;p0p100;49771.5;;1.44686088192e+11;;
;US-NJ;1972;p99p100;472084.46875;;;0.0948503613;0.0948503613
;US-NJ;1972;p99.9p100;1492746.75;;;0.0299919993;0.0299919993
;US-NJ;1972;p99.99p100;5793686.5;;;0.0116405711;0.0116405711
;US-NJ;1972;p90p100;;;;0.3343034685;0.3343034685
;US-NJ;1972;p90p91;166387.84375;;;;
;US-NJ;1972;p95p96;224216.859375;;;;
;US-NJ;1972;p95p100;;;;0.2252462357;0.2252462357
;US-NJ;1972;p99.5p100;652139.5;;;0.0655133501;0.0655133501
;US-NJ;1971;p0p100;48488.4765625;;1.3832142848e+11;;
;US-NJ;1971;p99p100;437768.90625;;;0.0902830735;0.0902830735
;US-NJ;1971;p99.9p100;1378744.625;;;0.0284344796;0.0284344796
;US-NJ;1971;p99.99p100;5218594.5;;;0.0107625443;0.0107625443
;US-NJ;1971;p90p100;;;;0.3215802312;0.3215802312
;US-NJ;1971;p90p91;155929.359375;;;;
;US-NJ;1971;p95p96;209124.46875;;;;
;US-NJ;1971;p95p100;;;;0.2156434506;0.2156434506
;US-NJ;1971;p99.5p100;601228.8125;;;0.0619970821;0.0619970821
;US-NJ;1970;p0p100;48539.640625;;1.35625408512e+11;;
;US-NJ;1970;p99p100;409435.4375;;;0.0843507349;0.0843507349
;US-NJ;1970;p99.9p100;1217175.125;;;0.0250758994;0.0250758994
;US-NJ;1970;p99.99p100;4345572.5;;;0.008952627;0.008952627
;US-NJ;1970;p90p100;;;;0.3142559528;0.3142559528
;US-NJ;1970;p90p91;152538.703125;;;;
;US-NJ;1970;p95p96;202636.109375;;;;
;US-NJ;1970;p95p100;;;;0.2087325901;0.2087325901
;US-NJ;1970;p99.5p100;560189.9375;;;0.0577043779;0.0577043779
;US-NJ;1969;p0p100;48866.6484375;;1.34296444928e+11;;
;US-NJ;1969;p99p100;490530.4375;;;0.100381434;0.100381434
;US-NJ;1969;p99.9p100;1713247.75;;;0.0350596495;0.0350596495
;US-NJ;1969;p99.99p100;7994843.0;;;0.0163605306;0.0163605306
;US-NJ;1969;p90p100;;;;0.3263852894;0.3263852894
;US-NJ;1969;p90p91;159493.5625;;;;
;US-NJ;1969;p95p96;219942.9375;;;;
;US-NJ;1969;p95p100;;;;0.2250440121;0.2250440121
;US-NJ;1969;p99.5p100;700008.1875;;;0.0716243312;0.0716243312
;US-NJ;1968;p0p100;47819.8203125;;1.29499045888e+11;;
;US-NJ;1968;p99p100;490602.84375;;;0.1025940254;0.1025940254
;US-NJ;1968;p99.9p100;1590120.375;;;0.0332523249;0.0332523249
;US-NJ;1968;p99.99p100;5791059.0;;;0.0121101635;0.0121101635
;US-NJ;1968;p90p100;;;;0.3349348605;0.3349348605
;US-NJ;1968;p90p91;160165.265625;;;;
;US-NJ;1968;p95p96;221878.265625;;;;
;US-NJ;1968;p95p100;;;;0.2319940329;0.2319940329
;US-NJ;1968;p99.5p100;695139.875;;;0.07268323;0.07268323
;US-NJ;1967;p0p100;45943.9296875;;1.22569990144e+11;;
;US-NJ;1967;p99p100;459327.15625;;;0.0999755859;0.0999755859
;US-NJ;1967;p99.9p100;1497213.0;;;0.03258783;0.03258783
;US-NJ;1967;p99.99p100;5737974.0;;;0.0124890795;0.0124890795
;US-NJ;1967;p90p100;;;;0.3336959183;0.3336959183
;US-NJ;1967;p90p91;153313.03125;;;;
;US-NJ;1967;p95p96;210097.125;;;;
;US-NJ;1967;p95p100;;;;0.2286451459;0.2286451459
;US-NJ;1967;p99.5p100;646445.1875;;;0.0703515336;0.0703515336
;US-NJ;1966;p0p100;44019.9804688;;1.15583090688e+11;;
;US-NJ;1966;p99p100;407748.0;;;0.0926279351;0.0926279351
;US-NJ;1966;p99.9p100;1200348.125;;;0.027268257;0.027268257
;US-NJ;1966;p99.99p100;3944091.5;;;0.0089597758;0.0089597758
;US-NJ;1966;p90p100;;;;0.3222424388;0.3222424388
;US-NJ;1966;p90p91;141851.0625;;;;
;US-NJ;1966;p95p96;190537.5625;;;;
;US-NJ;1966;p95p100;;;;0.2164216787;0.2164216787
;US-NJ;1966;p99.5p100;558648.5;;;0.0634539723;0.0634539723
;US-NJ;1965;p0p100;42497.9414062;;1.097478144e+11;;
;US-NJ;1965;p99p100;419533.25;;;0.0987184942;0.0987184942
;US-NJ;1965;p99.9p100;1272998.25;;;0.0299543533;0.0299543533
;US-NJ;1965;p99.99p100;4863787.0;;;0.0114447605;0.0114447605
;US-NJ;1965;p90p100;;;;0.3315065503;0.3315065503
;US-NJ;1965;p90p91;140883.4375;;;;
;US-NJ;1965;p95p96;192918.78125;;;;
;US-NJ;1965;p95p100;;;;0.2269742638;0.2269742638
;US-NJ;1965;p99.5p100;576934.5625;;;0.0678779408;0.0678779408
;US-NJ;1964;p0p100;40898.6367188;;1.03774420992e+11;;
;US-NJ;1964;p99p100;385089.25;;;0.0941570029;0.0941570029
;US-NJ;1964;p99.9p100;1177151.875;;;0.0287821833;0.0287821833
;US-NJ;1964;p99.99p100;4570535.5;;;0.0111752767;0.0111752767
;US-NJ;1964;p90p100;;;;0.3188602626;0.3188602626
;US-NJ;1964;p90p91;130409.492188;;;;
;US-NJ;1964;p95p96;178600.953125;;;;
;US-NJ;1964;p95p100;;;;0.2183458805;0.2183458805
;US-NJ;1964;p99.5p100;532913.625;;;0.065150544;0.065150544
;US-NJ;1963;p0p100;39001.359375;;97094672384.0;;
;US-NJ;1963;p99p100;339582.84375;;;0.0870694891;0.0870694891
;US-NJ;1963;p99.9p100;971294.375;;;0.0249041151;0.0249041151
;US-NJ;1963;p99.99p100;3054723.5;;;0.0078323511;0.0078323511
;US-NJ;1963;p90p100;;;;0.3170449734;0.3170449734
;US-NJ;1963;p90p91;123651.851562;;;;
;US-NJ;1963;p95p96;165589.703125;;;;
;US-NJ;1963;p95p100;;;;0.2122870982;0.2122870982
;US-NJ;1963;p99.5p100;465111.5625;;;0.0596276075;0.0596276075
;US-NJ;1962;p0p100;38060.6015625;;92916129792.0;;
;US-NJ;1962;p99p100;335892.46875;;;0.0882520005;0.0882520005
;US-NJ;1962;p99.9p100;992335.375;;;0.0260725059;0.0260725059
;US-NJ;1962;p99.99p100;3318389.5;;;0.0087186983;0.0087186983
;US-NJ;1962;p90p100;;;;0.3154750168;0.3154750168
;US-NJ;1962;p90p91;120071.710938;;;;
;US-NJ;1962;p95p96;161725.25;;;;
;US-NJ;1962;p95p100;;;;0.2124575377;0.2124575377
;US-NJ;1962;p99.5p100;466517.15625;;;0.0612860918;0.0612860918
;US-NJ;1961;p0p100;37035.0546875;;88569544704.0;;
;US-NJ;1961;p99p100;360091.21875;;;0.0972298235;0.0972298235
;US-NJ;1961;p99.9p100;1163471.625;;;0.0314154141;0.0314154141
;US-NJ;1961;p99.99p100;4403291.5;;;0.0118895229;0.0118895229
;US-NJ;1961;p90p100;;;;0.3260510862;0.3260510862
;US-NJ;1961;p90p91;120753.203125;;;;
;US-NJ;1961;p95p96;165407.875;;;;
;US-NJ;1961;p95p100;;;;0.2233125865;0.2233125865
;US-NJ;1961;p99.5p100;507074.5625;;;0.0684587285;0.0684587285
;US-NJ;1960;p0p100;35979.625;;84187013120.0;;
;US-NJ;1960;p99p100;309311.375;;;0.0859684721;0.0859684721
;US-NJ;1960;p99.9p100;905303.25;;;0.0251615532;0.0251615532
;US-NJ;1960;p99.99p100;2930347.5;;;0.0081444634;0.0081444634
;US-NJ;1960;p90p100;;;;0.3128807843;0.3128807843
;US-NJ;1960;p90p91;112573.34375;;;;
;US-NJ;1960;p95p96;150780.546875;;;;
;US-NJ;1960;p95p100;;;;0.209536016;0.209536016
;US-NJ;1960;p99.5p100;431328.40625;;;0.0599406473;0.0599406473
;US-NJ;1959;p0p100;35550.6484375;;82058174464.0;;
;US-NJ;1959;p99p100;325590.40625;;;0.0915849432;0.0915849432
;US-NJ;1959;p99.9p100;941869.5;;;0.0264937356;0.0264937356
;US-NJ;1959;p99.99p100;3250650.5;;;0.0091437157;0.0091437157
;US-NJ;1959;p90p100;;;;0.3196522593;0.3196522593
;US-NJ;1959;p90p91;113638.453125;;;;
;US-NJ;1959;p95p96;155217.65625;;;;
;US-NJ;1959;p95p100;;;;0.2183049619;0.2183049619
;US-NJ;1959;p99.5p100;451379.65625;;;0.0634840205;0.0634840205
;US-NJ;1958;p0p100;33220.0742188;;75558510592.0;;
;US-NJ;1958;p99p100;314383.59375;;;0.0946366414;0.0946366414
;US-NJ;1958;p99.9p100;944134.75;;;0.0284206104;0.0284206104
;US-NJ;1958;p99.99p100;2667443.25;;;0.0080296127;0.0080296127
;US-NJ;1958;p90p100;;;;0.3233123422;0.3233123422
;US-NJ;1958;p90p91;107404.59375;;;;
;US-NJ;1958;p95p96;146028.734375;;;;
;US-NJ;1958;p95p100;;;;0.2197899222;0.2197899222
;US-NJ;1958;p99.5p100;441393.125;;;0.0664347038;0.0664347038
;US-NJ;1957;p0p100;35652.5195312;;79888326656.0;;
;US-NJ;1957;p99p100;303376.0625;;;0.0850924626;0.0850924626
;US-NJ;1957;p99.9p100;855953.4375;;;0.0240082182;0.0240082182
;US-NJ;1957;p99.99p100;2765563.75;;;0.0077569941;0.0077569941
;US-NJ;1957;p90p100;;;;0.2968735695;0.2968735695
;US-NJ;1957;p90p91;105842.90625;;;;
;US-NJ;1957;p95p96;143879.390625;;;;
;US-NJ;1957;p95p100;;;;0.2017801106;0.2017801106
;US-NJ;1957;p99.5p100;414330.25;;;0.0581067279;0.0581067279
;US-NJ;1956;p0p100;35708.4648438;;78701166592.0;;
;US-NJ;1956;p99p100;325647.96875;;;0.091196306;0.091196306
;US-NJ;1956;p99.9p100;958493.4375;;;0.0268421937;0.0268421937
;US-NJ;1956;p99.99p100;3087078.25;;;0.008645229;0.008645229
;US-NJ;1956;p90p100;;;;0.3065085113;0.3065085113
;US-NJ;1956;p90p91;109449.484375;;;;
;US-NJ;1956;p95p96;148115.203125;;;;
;US-NJ;1956;p95p100;;;;0.2073951066;0.2073951066
;US-NJ;1956;p99.5p100;451196.46875;;;0.0631778017;0.0631778017
;US-NJ;1955;p0p100;34621.1601562;;75060772864.0;;
;US-NJ;1955;p99p100;312868.875;;;0.0903692544;0.0903692544
;US-NJ;1955;p99.9p100;944470.4375;;;0.02728015;0.02728015
;US-NJ;1955;p99.99p100;2951815.5;;;0.008526044;0.008526044
;US-NJ;1955;p90p100;;;;0.3092419207;0.3092419207
;US-NJ;1955;p90p91;107063.140625;;;;
;US-NJ;1955;p95p96;144601.34375;;;;
;US-NJ;1955;p95p100;;;;0.208833769;0.208833769
;US-NJ;1955;p99.5p100;434813.28125;;;0.0627958849;0.0627958849
;US-NJ;1954;p0p100;33234.171875;;70869647360.0;;
;US-NJ;1954;p99p100;305551.4375;;;0.0919389352;0.0919389352
;US-NJ;1954;p99.9p100;917462.1875;;;0.0276059899;0.0276059899
;US-NJ;1954;p99.99p100;2959205.75;;;0.0089041051;0.0089041051
;US-NJ;1954;p90p100;;;;0.3100729585;0.3100729585
;US-NJ;1954;p90p91;103050.179688;;;;
;US-NJ;1954;p95p96;139104.03125;;;;
;US-NJ;1954;p95p100;;;;0.2092785984;0.2092785984
;US-NJ;1954;p99.5p100;427517.21875;;;0.0643189177;0.0643189177
;US-NJ;1953;p0p100;33417.9609375;;70081060864.0;;
;US-NJ;1953;p99p100;267378.4375;;;0.0800103918;0.0800103918
;US-NJ;1953;p99.9p100;782289.6875;;;0.0234092567;0.0234092567
;US-NJ;1953;p99.99p100;2334631.75;;;0.006986158;0.006986158
;US-NJ;1953;p90p100;;;;0.2913297117;0.2913297117
;US-NJ;1953;p90p91;97356.453125;;;;
;US-NJ;1953;p95p96;127945.960938;;;;
;US-NJ;1953;p95p100;;;;0.1914329231;0.1914329231
;US-NJ;1953;p99.5p100;372408.625;;;0.0557198264;0.0557198264
;US-NJ;1952;p0p100;32086.2265625;;66227146752.0;;
;US-NJ;1952;p99p100;272184.09375;;;0.0848289654;0.0848289654
;US-NJ;1952;p99.9p100;760276.75;;;0.0236948039;0.0236948039
;US-NJ;1952;p99.99p100;2019822.0;;;0.0062949825;0.0062949825
;US-NJ;1952;p90p100;;;;0.3036215007;0.3036215007
;US-NJ;1952;p90p91;97420.671875;;;;
;US-NJ;1952;p95p96;129939.882812;;;;
;US-NJ;1952;p95p100;;;;0.202485472;0.202485472
;US-NJ;1952;p99.5p100;374699.03125;;;0.0583893992;0.0583893992
;US-NJ;1951;p0p100;31069.1660156;;63068270592.0;;
;US-NJ;1951;p99p100;301269.0625;;;0.0969672129;0.0969672129
;US-NJ;1951;p99.9p100;903932.625;;;0.0290942024;0.0290942024
;US-NJ;1951;p99.99p100;2738300.75;;;0.0088135628;0.0088135628
;US-NJ;1951;p90p100;;;;0.2951741517;0.2951741517
;US-NJ;1951;p90p91;91708.15625;;;;
;US-NJ;1951;p95p96;132087.890625;;;;
;US-NJ;1951;p95p100;;;;0.212570712;0.212570712
;US-NJ;1951;p99.5p100;425141.59375;;;0.0684185699;0.0684185699
;US-NJ;1950;p0p100;29801.3398438;;59491946496.0;;
;US-NJ;1950;p99p100;320919.71875;;;0.1076863408;0.1076863408
;US-NJ;1950;p99.9p100;1026957.4375;;;0.0344601087;0.0344601087
;US-NJ;1950;p99.99p100;2730661.0;;;0.0091628805;0.0091628805
;US-NJ;1950;p90p100;;;;0.3105670214;0.3105670214
;US-NJ;1950;p90p91;92553.140625;;;;
;US-NJ;1950;p95p96;135708.3125;;;;
;US-NJ;1950;p95p100;;;;0.2276882529;0.2276882529
;US-NJ;1950;p99.5p100;458147.125;;;0.0768668652;0.0768668652
;US-NJ;1949;p0p100;27241.2167969;;53527834624.0;;
;US-NJ;1949;p99p100;275764.625;;;0.1012306586;0.1012306586
;US-NJ;1949;p99.9p100;843732.5;;;0.0309726428;0.0309726428
;US-NJ;1949;p99.99p100;2635166.75;;;0.0096734539;0.0096734539
;US-NJ;1949;p90p100;;;;0.3159472644;0.3159472644
;US-NJ;1949;p90p91;86067.875;;;;
;US-NJ;1949;p95p96;121649.21875;;;;
;US-NJ;1949;p95p100;;;;0.2232815474;0.2232815474
;US-NJ;1949;p99.5p100;389049.0;;;0.07140816;0.07140816
;US-NJ;1948;p0p100;27492.9628906;;53331668992.0;;
;US-NJ;1948;p99p100;286224.875;;;0.1041084081;0.1041084081
;US-NJ;1948;p99.9p100;883438.5;;;0.0321332589;0.0321332589
;US-NJ;1948;p99.99p100;2691212.0;;;0.0097887293;0.0097887293
;US-NJ;1948;p90p100;;;;0.3181709647;0.3181709647
;US-NJ;1948;p90p91;87474.6328125;;;;
;US-NJ;1948;p95p96;123909.914062;;;;
;US-NJ;1948;p95p100;;;;0.2253483981;0.2253483981
;US-NJ;1948;p99.5p100;406742.96875;;;0.0739721879;0.0739721879
;US-NJ;1947;p0p100;26913.9082031;;51532316672.0;;
;US-NJ;1947;p99p100;271180.96875;;;0.1007586792;0.1007586792
;US-NJ;1947;p99.9p100;829765.4375;;;0.0308303609;0.0308303609
;US-NJ;1947;p99.99p100;2530642.0;;;0.0094027305;0.0094027305
;US-NJ;1947;p90p100;;;;0.3132147491;0.3132147491
;US-NJ;1947;p90p91;84298.3203125;;;;
;US-NJ;1947;p95p96;118888.007812;;;;
;US-NJ;1947;p95p100;;;;0.2208672464;0.2208672464
;US-NJ;1947;p99.5p100;384090.84375;;;0.0713554621;0.0713554621
;US-NJ;1946;p0p100;27847.3339844;;52515717120.0;;
;US-NJ;1946;p99p100;314857.28125;;;0.1130654961;0.1130654961
;US-NJ;1946;p99.9p100;985387.3125;;;0.0353853367;0.0353853367
;US-NJ;1946;p99.99p100;3127755.25;;;0.011231794;0.011231794
;US-NJ;1946;p90p100;;;;0.3332412243;0.3332412243
;US-NJ;1946;p90p91;92798.796875;;;;
;US-NJ;1946;p95p96;135071.1875;;;;
;US-NJ;1946;p95p100;;;;0.2425208539;0.2425208539
;US-NJ;1946;p99.5p100;447595.59375;;;0.0803659633;0.0803659633
;US-NJ;1945;p0p100;28876.8144531;;54098661376.0;;
;US-NJ;1945;p99p100;312259.59375;;;0.108135052;0.108135052
;US-NJ;1945;p99.9p100;1004066.9375;;;0.0347706974;0.0347706974
;US-NJ;1945;p99.99p100;3062776.75;;;0.0106063522;0.0106063522
;US-NJ;1945;p90p100;;;;0.3143147528;0.3143147528
;US-NJ;1945;p90p91;90764.09375;;;;
;US-NJ;1945;p95p96;128382.421875;;;;
;US-NJ;1945;p95p100;;;;0.2222932428;0.2222932428
;US-NJ;1945;p99.5p100;449654.09375;;;0.0778572857;0.0778572857
;US-NJ;1944;p0p100;29747.8046875;;55318097920.0;;
;US-NJ;1944;p99p100;291969.9375;;;0.0981484056;0.0981484056
;US-NJ;1944;p99.9p100;941347.0;;;0.0316442512;0.0316442512
;US-NJ;1944;p99.99p100;2699161.5;;;0.0090734819;0.0090734819
;US-NJ;1944;p90p100;;;;0.2788968086;0.2788968086
;US-NJ;1944;p90p91;82965.671875;;;;
;US-NJ;1944;p95p96;117833.890625;;;;
;US-NJ;1944;p95p100;;;;0.1980547756;0.1980547756
;US-NJ;1944;p99.5p100;422021.28125;;;0.0709331855;0.0709331855
;US-NJ;1943;p0p100;30209.953125;;55692193792.0;;
;US-NJ;1943;p99p100;319835.71875;;;0.105870977;0.105870977
;US-NJ;1943;p99.9p100;1052198.625;;;0.0348295383;0.0348295383
;US-NJ;1943;p99.99p100;2878054.5;;;0.0095268423;0.0095268423
;US-NJ;1943;p90p100;;;;0.2992953658;0.2992953658
;US-NJ;1943;p90p91;90416.9921875;;;;
;US-NJ;1943;p95p96;128283.515625;;;;
;US-NJ;1943;p95p100;;;;0.2123199552;0.2123199552
;US-NJ;1943;p99.5p100;465620.78125;;;0.0770641416;0.0770641416
;US-NJ;1942;p0p100;26170.6386719;;47734079488.0;;
;US-NJ;1942;p99p100;312745.90625;;;0.119502604;0.119502604
;US-NJ;1942;p99.9p100;1058500.5;;;0.0404461063;0.0404461063
;US-NJ;1942;p99.99p100;3300456.0;;;0.0126112942;0.0126112942
;US-NJ;1942;p90p100;;;;0.3250046372;0.3250046372
;US-NJ;1942;p90p91;85055.7890625;;;;
;US-NJ;1942;p95p96;123078.617188;;;;
;US-NJ;1942;p95p100;;;;0.2351463884;0.2351463884
;US-NJ;1942;p99.5p100;459572.78125;;;0.0878031328;0.0878031328
;US-NJ;1941;p0p100;23019.5703125;;41657466880.0;;
;US-NJ;1941;p99p100;331688.5625;;;0.1440898031;0.1440898031
;US-NJ;1941;p99.9p100;1202190.875;;;0.0522247292;0.0522247292
;US-NJ;1941;p99.99p100;4534623.0;;;0.0196989924;0.0196989924
;US-NJ;1941;p90p100;;;;0.3846729398;0.3846729398
;US-NJ;1941;p90p91;88550.0625;;;;
;US-NJ;1941;p95p96;127682.820312;;;;
;US-NJ;1941;p95p100;;;;0.2773353457;0.2773353457
;US-NJ;1941;p99.5p100;492034.21875;;;0.1068730205;0.1068730205
;US-NJ;1940;p0p100;20684.5195312;;37176827904.0;;
;US-NJ;1940;p99p100;309457.6875;;;0.1496083438;0.1496083438
;US-NJ;1940;p99.9p100;1105578.75;;;0.0534495637;0.0534495637
;US-NJ;1940;p99.99p100;4297261.0;;;0.0207752492;0.0207752492
;US-NJ;1940;p90p100;;;;0.4004184306;0.4004184306
;US-NJ;1940;p90p91;82824.640625;;;;
;US-NJ;1940;p95p96;119891.484375;;;;
;US-NJ;1940;p95p100;;;;0.2898096442;0.2898096442
;US-NJ;1940;p99.5p100;456737.875;;;0.1104057059;0.1104057059
;US-NJ;1939;p0p100;19092.2988281;;33904740352.0;;
;US-NJ;1939;p99p100;289892.125;;;0.1518372148;0.1518372148
;US-NJ;1939;p99.9p100;1024184.625;;;0.0536438674;0.0536438674
;US-NJ;1939;p99.99p100;3853808.5;;;0.0201851483;0.0201851483
;US-NJ;1939;p90p100;;;;0.4309475124;0.4309475124
;US-NJ;1939;p90p91;82277.7734375;;;;
;US-NJ;1939;p95p96;114361.273438;;;;
;US-NJ;1939;p95p100;;;;0.299495846;0.299495846
;US-NJ;1939;p99.5p100;426970.125;;;0.1118173823;0.1118173823
;US-NJ;1938;p0p100;17698.0292969;;31096426496.0;;
;US-NJ;1938;p99p100;261451.359375;;;0.1477290988;0.1477290988
;US-NJ;1938;p99.9p100;930464.75;;;0.0525744893;0.0525744893
;US-NJ;1938;p99.99p100;3584582.5;;;0.0202541351;0.0202541351
;US-NJ;1938;p90p100;;;;0.4364848435;0.4364848435
;US-NJ;1938;p90p91;77249.2109375;;;;
;US-NJ;1938;p95p96;104015.140625;;;;
;US-NJ;1938;p95p100;;;;0.2938608229;0.2938608229
;US-NJ;1938;p99.5p100;383971.375;;;0.1084785685;0.1084785685
;US-NJ;1937;p0p100;18693.0292969;;32510359552.0;;
;US-NJ;1937;p99p100;304788.03125;;;0.1630490422;0.1630490422
;US-NJ;1937;p99.9p100;1111893.375;;;0.0594817176;0.0594817176
;US-NJ;1937;p99.99p100;3910952.5;;;0.0209219866;0.0209219866
;US-NJ;1937;p90p100;;;;0.4399888813;0.4399888813
;US-NJ;1937;p90p91;82247.2421875;;;;
;US-NJ;1937;p95p96;115177.882812;;;;
;US-NJ;1937;p95p100;;;;0.3080771267;0.3080771267
;US-NJ;1937;p99.5p100;455682.28125;;;0.121885635;0.121885635
;US-NJ;1936;p0p100;18688.765625;;32228909056.0;;
;US-NJ;1936;p99p100;335321.9375;;;0.1794243455;0.1794243455
;US-NJ;1936;p99.9p100;1252476.625;;;0.0670176223;0.0670176223
;US-NJ;1936;p99.99p100;4443462.5;;;0.0237761158;0.0237761158
;US-NJ;1936;p90p100;;;;0.4662103653;0.4662103653
;US-NJ;1936;p90p91;87128.9609375;;;;
;US-NJ;1936;p95p96;122311.5625;;;;
;US-NJ;1936;p95p100;;;;0.3272328675;0.3272328675
;US-NJ;1936;p99.5p100;507990.28125;;;0.1359079331;0.1359079331
;US-NJ;1935;p0p100;16664.8359375;;28489367552.0;;
;US-NJ;1935;p99p100;272687.96875;;;0.1636307687;0.1636307687
;US-NJ;1935;p99.9p100;1051974.125;;;0.0631253868;0.0631253868
;US-NJ;1935;p99.99p100;4330200.5;;;0.0259840563;0.0259840563
;US-NJ;1935;p90p100;;;;0.4588904083;0.4588904083
;US-NJ;1935;p90p91;76473.328125;;;;
;US-NJ;1935;p95p96;104804.867188;;;;
;US-NJ;1935;p95p100;;;;0.3144491315;0.3144491315
;US-NJ;1935;p99.5p100;411405.4375;;;0.1234351918;0.1234351918
;US-NJ;1934;p0p100;15603.6835938;;26428465152.0;;
;US-NJ;1934;p99p100;247930.453125;;;0.1588922441;0.1588922441
;US-NJ;1934;p99.9p100;942596.125;;;0.060408555;0.060408555
;US-NJ;1934;p99.99p100;3871497.75;;;0.0248114318;0.0248114318
;US-NJ;1934;p90p100;;;;0.486530304;0.486530304
;US-NJ;1934;p90p91;75916.65625;;;;
;US-NJ;1934;p95p96;104109.398438;;;;
;US-NJ;1934;p95p100;;;;0.3336051702;0.3336051702
;US-NJ;1934;p99.5p100;371260.75;;;0.1189657301;0.1189657301
;US-NJ;1933;p0p100;15283.5996094;;25663152128.0;;
;US-NJ;1933;p99p100;240721.34375;;;0.1575030535;0.1575030535
;US-NJ;1933;p99.9p100;934446.25;;;0.0611404553;0.0611404553
;US-NJ;1933;p99.99p100;3532230.5;;;0.0231112484;0.0231112484
;US-NJ;1933;p90p100;;;;0.4688034952;0.4688034952
;US-NJ;1933;p90p91;71650.046875;;;;
;US-NJ;1933;p95p96;98392.296875;;;;
;US-NJ;1933;p95p100;;;;0.3218885064;0.3218885064
;US-NJ;1933;p99.5p100;361641.46875;;;0.1183103099;0.1183103099
;US-NJ;1932;p0p100;16756.1113281;;27905656832.0;;
;US-NJ;1932;p99p100;244080.6875;;;0.1456666589;0.1456666589
;US-NJ;1932;p99.9p100;917546.0625;;;0.0547588915;0.0547588915
;US-NJ;1932;p99.99p100;3354222.5;;;0.0200179052;0.0200179052
;US-NJ;1932;p90p100;;;;0.4710721374;0.4710721374
;US-NJ;1932;p90p91;78933.3671875;;;;
;US-NJ;1932;p95p96;102141.140625;;;;
;US-NJ;1932;p95p100;;;;0.3047877252;0.3047877252
;US-NJ;1932;p99.5p100;362881.15625;;;0.1082832292;0.1082832292
;US-NJ;1931;p0p100;18898.6015625;;31200677888.0;;
;US-NJ;1931;p99p100;274847.46875;;;0.1454326957;0.1454326957
;US-NJ;1931;p99.9p100;1021024.875;;;0.0540264733;0.0540264733
;US-NJ;1931;p99.99p100;4036047.5;;;0.0213563275;0.0213563275
;US-NJ;1931;p90p100;;;;0.4830683172;0.4830683172
;US-NJ;1931;p90p91;91293.15625;;;;
;US-NJ;1931;p95p96;116513.554688;;;;
;US-NJ;1931;p95p100;;;;0.3082596958;0.3082596958
;US-NJ;1931;p99.5p100;404722.21875;;;0.1070772931;0.1070772931
;US-NJ;1930;p0p100;20098.7558594;;32850624512.0;;
;US-NJ;1930;p99p100;321711.53125;;;0.1600653976;0.1600653976
;US-NJ;1930;p99.9p100;1263829.125;;;0.0628809631;0.0628809631
;US-NJ;1930;p99.99p100;5218468.0;;;0.0259641353;0.0259641353
;US-NJ;1930;p90p100;;;;0.4621984065;0.4621984065
;US-NJ;1930;p90p91;92896.125;;;;
;US-NJ;1930;p95p96;124799.992188;;;;
;US-NJ;1930;p95p100;;;;0.3104669452;0.3104669452
;US-NJ;1930;p99.5p100;484702.1875;;;0.1205801591;0.1205801591
;US-NJ;1929;p0p100;22072.5410156;;35238985728.0;;
;US-NJ;1929;p99p100;467777.875;;;0.2119275182;0.2119275182
;US-NJ;1929;p99.9p100;2191337.5;;;0.0992788896;0.0992788896
;US-NJ;1929;p99.99p100;9744553.0;;;0.0441478528;0.0441478528
;US-NJ;1929;p90p100;;;;0.4869218469;0.4869218469
;US-NJ;1929;p90p91;107476.03125;;;;
;US-NJ;1929;p95p96;157531.5625;;;;
;US-NJ;1929;p95p100;;;;0.356849581;0.356849581
;US-NJ;1929;p99.5p100;743584.6875;;;0.1684411168;0.1684411168
;US-NJ;1928;p0p100;21225.7050781;;33106888704.0;;
;US-NJ;1928;p99p100;498781.0625;;;0.2349891365;0.2349891365
;US-NJ;1928;p99.9p100;2266516.5;;;0.106781669;0.106781669
;US-NJ;1928;p99.99p100;10107541.0;;;0.0476193354;0.0476193354
;US-NJ;1928;p90p100;;;;0.5266810656;0.5266810656
;US-NJ;1928;p90p91;111791.78125;;;;
;US-NJ;1928;p95p96;164606.234375;;;;
;US-NJ;1928;p95p100;;;;0.3877520859;0.3877520859
;US-NJ;1928;p99.5p100;792103.75;;;0.1865906715;0.1865906715
;US-NJ;1927;p0p100;20441.0742188;;31085901824.0;;
;US-NJ;1927;p99p100;423729.28125;;;0.2072930634;0.2072930634
;US-NJ;1927;p99.9p100;1802956.875;;;0.0882026553;0.0882026553
;US-NJ;1927;p99.99p100;7462556.0;;;0.0365076512;0.0365076512
;US-NJ;1927;p90p100;;;;0.4983010292;0.4983010292
;US-NJ;1927;p90p91;101858.078125;;;;
;US-NJ;1927;p95p96;147065.8125;;;;
;US-NJ;1927;p95p100;;;;0.3597311378;0.3597311378
;US-NJ;1927;p99.5p100;658551.1875;;;0.1610852778;0.1610852778
;US-NJ;1926;p0p100;19156.359375;;28356810752.0;;
;US-NJ;1926;p99p100;388846.03125;;;0.2029853761;0.2029853761
;US-NJ;1926;p99.9p100;1502983.375;;;0.078458719;0.078458719
;US-NJ;1926;p99.99p100;5566154.0;;;0.0290564317;0.0290564317
;US-NJ;1926;p90p100;;;;0.5049653649;0.5049653649
;US-NJ;1926;p90p91;96732.96875;;;;
;US-NJ;1926;p95p96;139289.8125;;;;
;US-NJ;1926;p95p100;;;;0.3635602593;0.3635602593
;US-NJ;1926;p99.5p100;591448.25;;;0.1543738842;0.1543738842
;US-NJ;1925;p0p100;17578.4199219;;25336215552.0;;
;US-NJ;1925;p99p100;388496.25;;;0.221007511;0.221007511
;US-NJ;1925;p99.9p100;1491394.125;;;0.0848423466;0.0848423466
;US-NJ;1925;p99.99p100;4980985.5;;;0.0283358004;0.0283358004
;US-NJ;1925;p90p100;;;;0.5361198783;0.5361198783
;US-NJ;1925;p90p91;94241.3984375;;;;
;US-NJ;1925;p95p96;137826.796875;;;;
;US-NJ;1925;p95p100;;;;0.3920341134;0.3920341134
;US-NJ;1925;p99.5p100;589709.1875;;;0.1677366942;0.1677366942
;US-NJ;1924;p0p100;17909.3847656;;25093314560.0;;
;US-NJ;1924;p99p100;326656.8125;;;0.1823942214;0.1823942214
;US-NJ;1924;p99.9p100;1183804.25;;;0.0660996661;0.0660996661
;US-NJ;1924;p99.99p100;3926203.5;;;0.0219226051;0.0219226051
;US-NJ;1924;p90p100;;;;0.4704525471;0.4704525471
;US-NJ;1924;p90p91;84255.15625;;;;
;US-NJ;1924;p95p96;121418.203125;;;;
;US-NJ;1924;p95p100;;;;0.338979274;0.338979274
;US-NJ;1924;p99.5p100;489107.34375;;;0.1365505755;0.1365505755
;US-NJ;1923;p0p100;16585.9960938;;22494730240.0;;
;US-NJ;1923;p99p100;293085.71875;;;0.1767067313;0.1767067313
;US-NJ;1923;p99.9p100;1063247.625;;;0.0641051382;0.0641051382
;US-NJ;1923;p99.99p100;3690097.0;;;0.02224827;0.02224827
;US-NJ;1923;p90p100;;;;0.4604138136;0.4604138136
;US-NJ;1923;p90p91;76364.21875;;;;
;US-NJ;1923;p95p96;110722.460938;;;;
;US-NJ;1923;p95p100;;;;0.3337829709;0.3337829709
;US-NJ;1923;p99.5p100;437795.46875;;;0.1319774538;0.1319774538
;US-NJ;1922;p0p100;17436.8242188;;22935429120.0;;
;US-NJ;1922;p99p100;300516.71875;;;0.1723459959;0.1723459959
;US-NJ;1922;p99.9p100;1164408.625;;;0.0667787045;0.0667787045
;US-NJ;1922;p99.99p100;4652646.0;;;0.0266828723;0.0266828723
;US-NJ;1922;p90p100;;;;0.4455150962;0.4455150962
;US-NJ;1922;p90p91;77683.6875;;;;
;US-NJ;1922;p95p96;112775.882812;;;;
;US-NJ;1922;p95p100;;;;0.3233841956;0.3233841956
;US-NJ;1922;p99.5p100;456764.5625;;;0.1309769899;0.1309769899
;US-NJ;1921;p0p100;13818.8554688;;17684461568.0;;
;US-NJ;1921;p99p100;232465.890625;;;0.168223694;0.168223694
;US-NJ;1921;p99.9p100;780622.25;;;0.0564896464;0.0564896464
;US-NJ;1921;p99.99p100;2292956.0;;;0.0165929515;0.0165929515
;US-NJ;1921;p90p100;;;;0.4590295255;0.4590295255
;US-NJ;1921;p90p91;63432.625;;;;
;US-NJ;1921;p95p96;91547.9453125;;;;
;US-NJ;1921;p95p100;;;;0.3312428892;0.3312428892
;US-NJ;1921;p99.5p100;340646.5625;;;0.1232542619;0.1232542619
;US-NJ;1920;p0p100;14320.6835938;;17731100672.0;;
;US-NJ;1920;p99p100;228798.109375;;;0.1597675979;0.1597675979
;US-NJ;1920;p99.9p100;778824.1875;;;0.0543845706;0.0543845706
;US-NJ;1920;p99.99p100;2331277.25;;;0.0162790921;0.0162790921
;US-NJ;1920;p90p100;;;;0.4174862504;0.4174862504
;US-NJ;1920;p90p91;59786.8828125;;;;
;US-NJ;1920;p95p96;86856.0;;;;
;US-NJ;1920;p95p100;;;;0.3032536805;0.3032536805
;US-NJ;1920;p99.5p100;339141.96875;;;0.1184098423;0.1184098423
;US-NJ;1919;p0p100;16177.7480469;;19484674048.0;;
;US-NJ;1919;p99p100;276674.25;;;0.1710214764;0.1710214764
;US-NJ;1919;p99.9p100;1068601.0;;;0.0660537481;0.0660537481
;US-NJ;1919;p99.99p100;3373319.0;;;0.0208515953;0.0208515953
;US-NJ;1919;p90p100;;;;0.4274606109;0.4274606109
;US-NJ;1919;p90p91;69153.5078125;;;;
;US-NJ;1919;p95p96;100871.265625;;;;
;US-NJ;1919;p95p100;;;;0.3117592633;0.3117592633
;US-NJ;1919;p99.5p100;422549.5;;;0.1305958927;0.1305958927
;US-NJ;1918;p0p100;16140.1201172;;19020156928.0;;
;US-NJ;1918;p99p100;281098.875;;;0.1741615832;0.1741615832
;US-NJ;1918;p99.9p100;1123880.5;;;0.0696327239;0.0696327239
;US-NJ;1918;p99.99p100;3628469.0;;;0.0224810541;0.0224810541
;US-NJ;1918;p90p100;;;;0.4332420826;0.4332420826
;US-NJ;1918;p90p91;69925.78125;;;;
;US-NJ;1918;p95p96;101198.539062;;;;
;US-NJ;1918;p95p100;;;;0.3134999871;0.3134999871
;US-NJ;1918;p99.5p100;434180.09375;;;0.1345033646;0.1345033646
;US-NJ;1917;p0p100;16152.2939453;;18869571584.0;;
