Entity,Code,Year,IIASA rates of no education projections (%)
Argentina,ARG,1970,9.9872584
Argentina,ARG,1975,8.5500987
Argentina,ARG,1980,7.3567607
Argentina,ARG,1985,6.2459837
Argentina,ARG,1990,5.2273583
Argentina,ARG,1995,4.3009109
Argentina,ARG,2000,3.5656642
Argentina,ARG,2005,2.9318724
Argentina,ARG,2010,2.3895133
Argentina,ARG,2015,1.9411247
Argentina,ARG,2020,1.5755135999999998
Argentina,ARG,2025,1.2702461
Argentina,ARG,2030,1.0175081000000001
Argentina,ARG,2035,0.8086346
Argentina,ARG,2040,0.6354942
Argentina,ARG,2045,0.49180889999999994
Argentina,ARG,2050,0.3729542
Armenia,ARM,1970,2.013421
Armenia,ARM,1975,1.4189627
Armenia,ARM,1980,1.0302364
Armenia,ARM,1985,0.7961606
Armenia,ARM,1990,0.6059944
Armenia,ARM,1995,0.4990827
Armenia,ARM,2000,0.40219820000000006
Armenia,ARM,2005,0.3109631
Armenia,ARM,2010,0.2401548
Armenia,ARM,2015,0.1894283
Armenia,ARM,2020,0.1520052
Armenia,ARM,2025,0.12289259999999999
Armenia,ARM,2030,0.1012352
Armenia,ARM,2035,0.0852199
Armenia,ARM,2040,0.0727514
Armenia,ARM,2045,0.0620068
Armenia,ARM,2050,0.051829299999999995
Austria,AUT,1970,0.0000757
Austria,AUT,1975,0.0000348
Austria,AUT,1980,0.0000142
Austria,AUT,1985,0.00000436
Austria,AUT,1990,9.95e-7
Austria,AUT,1995,5.73e-8
Austria,AUT,2000,0.6170687
Austria,AUT,2005,0.41851220000000006
Austria,AUT,2010,0.2793969
Austria,AUT,2015,0.1844709
Austria,AUT,2020,0.1206775
Austria,AUT,2025,0.0782566
Austria,AUT,2030,0.049989
Austria,AUT,2035,0.0309357
Austria,AUT,2040,0.0180506
Austria,AUT,2045,0.009550000000000001
Austria,AUT,2050,0.00437
Bahamas,BHS,1970,3.0267481999999997
Bahamas,BHS,1975,2.7656406000000002
Bahamas,BHS,1980,2.4146183000000003
Bahamas,BHS,1985,2.1047577
Bahamas,BHS,1990,1.8286184
Bahamas,BHS,1995,1.5894159
Bahamas,BHS,2000,1.3358694
Bahamas,BHS,2005,1.2325334000000001
Bahamas,BHS,2010,1.0980834
Bahamas,BHS,2015,0.9551853000000001
Bahamas,BHS,2020,0.8195878999999999
Bahamas,BHS,2025,0.6849742
Bahamas,BHS,2030,0.5552775
Bahamas,BHS,2035,0.4376047
Bahamas,BHS,2040,0.3319779
Bahamas,BHS,2045,0.2396787
Bahamas,BHS,2050,0.1626754
Bahrain,BHR,1970,51.6718583
Bahrain,BHR,1975,38.4264341
Bahrain,BHR,1980,28.6440032
Bahrain,BHR,1985,22.616272600000002
Bahrain,BHR,1990,16.3513566
Bahrain,BHR,1995,12.1754809
Bahrain,BHR,2000,9.1551098
Bahrain,BHR,2005,7.2470465
Bahrain,BHR,2010,5.5713757
Bahrain,BHR,2015,4.2728857
Bahrain,BHR,2020,3.2436952999999997
Bahrain,BHR,2025,2.4331208
Bahrain,BHR,2030,1.800539
Bahrain,BHR,2035,1.3084423
Bahrain,BHR,2040,0.9238878
Bahrain,BHR,2045,0.6257045999999999
Bahrain,BHR,2050,0.4020321
Bangladesh,BGD,1970,64.3926533
Bangladesh,BGD,1975,60.9529577
Bangladesh,BGD,1980,57.907456700000004
Bangladesh,BGD,1985,54.875276799999995
Bangladesh,BGD,1990,51.2244593
Bangladesh,BGD,1995,45.9616663
Bangladesh,BGD,2000,40.340098499999996
Bangladesh,BGD,2005,35.4870537
Bangladesh,BGD,2010,31.133039800000002
Bangladesh,BGD,2015,27.345425499999997
Bangladesh,BGD,2020,23.850429300000002
Bangladesh,BGD,2025,20.750331499999998
Bangladesh,BGD,2030,17.9092524
Bangladesh,BGD,2035,15.316107500000001
Bangladesh,BGD,2040,12.9639972
Bangladesh,BGD,2045,10.8512217
Bangladesh,BGD,2050,8.9732114
Belgium,BEL,1970,0.000118
Belgium,BEL,1975,0.0000686
Belgium,BEL,1980,0.0000346
Belgium,BEL,1985,0.0000163
Belgium,BEL,1990,0.00000643
Belgium,BEL,1995,9.230000000000001e-7
Belgium,BEL,2000,1.0500000000000001e-7
Belize,BLZ,1970,22.444651800000003
Belize,BLZ,1975,18.7639049
Belize,BLZ,1980,15.9846521
Belize,BLZ,1985,13.2493649
Belize,BLZ,1990,10.7064024
Belize,BLZ,1995,8.4218196
Belize,BLZ,2000,6.6813638
Belize,BLZ,2005,5.3689203999999995
Belize,BLZ,2010,4.3067210000000005
Belize,BLZ,2015,3.4616531
Belize,BLZ,2020,2.7932146
Belize,BLZ,2025,2.264446
Belize,BLZ,2030,1.8338525
Belize,BLZ,2035,1.4734785000000001
Belize,BLZ,2040,1.1690218
Belize,BLZ,2045,0.911767
Belize,BLZ,2050,0.6957927
Benin,BEN,1970,82.98416119999999
Benin,BEN,1975,79.00511879999999
Benin,BEN,1980,74.84241270000001
Benin,BEN,1985,69.9254774
Benin,BEN,1990,65.9624993
Benin,BEN,1995,61.8356392
Benin,BEN,2000,56.5545763
Benin,BEN,2005,50.8444369
Benin,BEN,2010,45.772473600000005
Benin,BEN,2015,41.1663975
Benin,BEN,2020,36.7801585
Benin,BEN,2025,32.644608000000005
Benin,BEN,2030,28.8530193
Benin,BEN,2035,25.440048700000002
Benin,BEN,2040,22.3885
Benin,BEN,2045,19.647382099999998
Benin,BEN,2050,17.1675726
Bolivia,BOL,1970,39.7367713
Bolivia,BOL,1975,33.6907874
Bolivia,BOL,1980,28.017904100000003
Bolivia,BOL,1985,23.0917381
Bolivia,BOL,1990,18.7694388
Bolivia,BOL,1995,15.1271809
Bolivia,BOL,2000,12.0192095
Bolivia,BOL,2005,9.4087728
Bolivia,BOL,2010,7.235169599999999
Bolivia,BOL,2015,5.5371166
Bolivia,BOL,2020,4.206225
Bolivia,BOL,2025,3.1854122
Bolivia,BOL,2030,2.404247
Bolivia,BOL,2035,1.8085261
Bolivia,BOL,2040,1.353807
Bolivia,BOL,2045,1.0064986999999999
Bolivia,BOL,2050,0.7413341
Brazil,BRA,1970,32.8603064
Brazil,BRA,1975,28.0687875
Brazil,BRA,1980,23.6822752
Brazil,BRA,1985,20.0295025
Brazil,BRA,1990,16.9918968
Brazil,BRA,1995,14.2084891
Brazil,BRA,2000,11.825160799999999
Brazil,BRA,2005,9.9127294
Brazil,BRA,2010,8.3287854
Brazil,BRA,2015,6.9335171
Brazil,BRA,2020,5.7204806
Brazil,BRA,2025,4.6890463
Brazil,BRA,2030,3.8225455
Brazil,BRA,2035,3.0921289
Brazil,BRA,2040,2.4732781
Brazil,BRA,2045,1.9495833
Brazil,BRA,2050,1.509016
Bulgaria,BGR,1970,7.855195600000001
Bulgaria,BGR,1975,5.9025806
Bulgaria,BGR,1980,4.4214221
Bulgaria,BGR,1985,3.3040993
Bulgaria,BGR,1990,2.5651638
Bulgaria,BGR,1995,2.0783766
Bulgaria,BGR,2000,1.7925642
Bulgaria,BGR,2005,1.5868184
Bulgaria,BGR,2010,1.419577
Bulgaria,BGR,2015,1.2799392
Bulgaria,BGR,2020,1.1578585000000001
Bulgaria,BGR,2025,1.0538281999999999
Bulgaria,BGR,2030,0.9713360000000001
Bulgaria,BGR,2035,0.9048927999999999
Bulgaria,BGR,2040,0.8451158000000001
Bulgaria,BGR,2045,0.7826217999999999
Bulgaria,BGR,2050,0.7105884
Burkina Faso,BFA,1970,94.6189547
Burkina Faso,BFA,1975,93.17242350000001
Burkina Faso,BFA,1980,90.9764847
Burkina Faso,BFA,1985,88.02284019999999
Burkina Faso,BFA,1990,84.5429682
Burkina Faso,BFA,1995,80.5149007
Burkina Faso,BFA,2000,76.25826599999999
Burkina Faso,BFA,2005,71.74118109999999
Burkina Faso,BFA,2010,67.0978404
Burkina Faso,BFA,2015,62.2465851
Burkina Faso,BFA,2020,57.292701300000004
Burkina Faso,BFA,2025,52.3721325
Burkina Faso,BFA,2030,47.6631607
Burkina Faso,BFA,2035,43.217033900000004
Burkina Faso,BFA,2040,39.0595384
Burkina Faso,BFA,2045,35.196539
Burkina Faso,BFA,2050,31.6128173
Cambodia,KHM,1970,54.4531737
Cambodia,KHM,1975,48.1204871
Cambodia,KHM,1980,45.0717023
Cambodia,KHM,1985,39.4276279
Cambodia,KHM,1990,34.697155800000004
Cambodia,KHM,1995,31.441301900000003
Cambodia,KHM,2000,27.0035293
Cambodia,KHM,2005,23.2611304
Cambodia,KHM,2010,19.9879706
Cambodia,KHM,2015,17.3998002
Cambodia,KHM,2020,15.195473100000001
Cambodia,KHM,2025,13.189336700000002
Cambodia,KHM,2030,11.360348100000001
Cambodia,KHM,2035,9.741920499999999
Cambodia,KHM,2040,8.3380354
Cambodia,KHM,2045,7.1210517
Cambodia,KHM,2050,6.043317
Cameroon,CMR,1970,61.8579227
Cameroon,CMR,1975,54.742149399999995
Cameroon,CMR,1980,48.0479354
Cameroon,CMR,1985,41.607865
Cameroon,CMR,1990,35.8532332
Cameroon,CMR,1995,30.462614199999997
Cameroon,CMR,2000,25.334262600000002
Cameroon,CMR,2005,20.902069700000002
Cameroon,CMR,2010,17.1116578
Cameroon,CMR,2015,14.0079038
Cameroon,CMR,2020,11.3566648
Cameroon,CMR,2025,9.2301146
Cameroon,CMR,2030,7.525517
Cameroon,CMR,2035,6.1502775000000005
Cameroon,CMR,2040,5.023646100000001
Cameroon,CMR,2045,4.085827
Cameroon,CMR,2050,3.2984196
Canada,CAN,1970,2.400129
Canada,CAN,1975,2.0091046
Canada,CAN,1980,1.6449592999999998
Canada,CAN,1985,1.3496500999999999
Canada,CAN,1990,1.0895644
Canada,CAN,1995,0.8472026
Canada,CAN,2000,0.6486386000000001
Canada,CAN,2005,0.4903165
Canada,CAN,2010,0.369564
Canada,CAN,2015,0.2798925
Canada,CAN,2020,0.2113434
Canada,CAN,2025,0.1579856
Canada,CAN,2030,0.11587349999999999
Canada,CAN,2035,0.0824971
Canada,CAN,2040,0.056247000000000005
Canada,CAN,2045,0.0361705
Canada,CAN,2050,0.0215852
Central African Republic,CAF,1970,78.5433913
Central African Republic,CAF,1975,72.3036908
Central African Republic,CAF,1980,65.306626
Central African Republic,CAF,1985,58.8073868
Central African Republic,CAF,1990,52.6371358
Central African Republic,CAF,1995,46.7130291
Central African Republic,CAF,2000,41.2802473
Central African Republic,CAF,2005,35.976875899999996
Central African Republic,CAF,2010,30.8968491
Central African Republic,CAF,2015,26.4067446
Central African Republic,CAF,2020,22.5264944
Central African Republic,CAF,2025,19.1514459
Central African Republic,CAF,2030,16.2306611
Central African Republic,CAF,2035,13.750965500000001
Central African Republic,CAF,2040,11.6542891
Central African Republic,CAF,2045,9.8687426
Central African Republic,CAF,2050,8.3314605
Chad,TCD,1970,90.2826194
Chad,TCD,1975,86.53880769999999
Chad,TCD,1980,83.091846
Chad,TCD,1985,79.0784208
Chad,TCD,1990,74.1191317
Chad,TCD,1995,69.1406286
Chad,TCD,2000,64.0281895
Chad,TCD,2005,58.194565600000004
Chad,TCD,2010,52.9414769
Chad,TCD,2015,47.7128445
Chad,TCD,2020,42.6553236
Chad,TCD,2025,37.9423655
Chad,TCD,2030,33.5943469
Chad,TCD,2035,29.6176617
Chad,TCD,2040,26.0268832
Chad,TCD,2045,22.8207727
Chad,TCD,2050,19.9732832
Chile,CHL,1970,12.318066
Chile,CHL,1975,10.1869162
Chile,CHL,1980,8.4111742
Chile,CHL,1985,6.998138099999999
Chile,CHL,1990,5.8207726
Chile,CHL,1995,4.8337905
Chile,CHL,2000,4.0132224
Chile,CHL,2005,3.3347798999999996
Chile,CHL,2010,2.7385551
Chile,CHL,2015,2.2505922000000003
Chile,CHL,2020,1.8421282
Chile,CHL,2025,1.4928017999999998
Chile,CHL,2030,1.1982442
Chile,CHL,2035,0.9538408
Chile,CHL,2040,0.7512167999999999
Chile,CHL,2045,0.583116
Chile,CHL,2050,0.4423989
China,CHN,1970,40.7423762
China,CHN,1975,33.9346393
China,CHN,1980,27.293750700000004
China,CHN,1985,21.4882773
China,CHN,1990,17.1681793
China,CHN,1995,14.0276744
China,CHN,2000,11.3575003
China,CHN,2005,8.9755719
China,CHN,2010,7.055341299999999
China,CHN,2015,5.4916837
China,CHN,2020,4.2889335
China,CHN,2025,3.317853
China,CHN,2030,2.5463119
China,CHN,2035,1.9411845
China,CHN,2040,1.468448
China,CHN,2045,1.0999632000000001
China,CHN,2050,0.8107787999999999
Colombia,COL,1970,22.8157864
Colombia,COL,1975,18.9989533
Colombia,COL,1980,15.612458300000002
Colombia,COL,1985,12.8141218
Colombia,COL,1990,10.5854412
Colombia,COL,1995,8.716051700000001
Colombia,COL,2000,7.1809084
Colombia,COL,2005,5.8955684
Colombia,COL,2010,4.809201
Colombia,COL,2015,3.9159933000000002
Colombia,COL,2020,3.1797910999999996
Colombia,COL,2025,2.5753985
Colombia,COL,2030,2.0671576000000003
Colombia,COL,2035,1.6368833
Colombia,COL,2040,1.2756346
Colombia,COL,2045,0.97552
Colombia,COL,2050,0.7302307
Comoros,COM,1970,90.2190049
Comoros,COM,1975,86.21456400000001
Comoros,COM,1980,79.0152654
Comoros,COM,1985,69.6223161
Comoros,COM,1990,60.399552
Comoros,COM,1995,52.10630510000001
Comoros,COM,2000,44.6281818
Comoros,COM,2005,38.5078095
Comoros,COM,2015,28.2543822
Comoros,COM,2020,23.9457786
Comoros,COM,2025,20.2500772
Comoros,COM,2030,17.110966899999998
Comoros,COM,2035,14.4420336
Comoros,COM,2040,12.1580969
Comoros,COM,2045,10.199346
Comoros,COM,2050,8.5345069
Costa Rica,CRI,1970,16.396031999999998
Costa Rica,CRI,1975,13.3276284
Costa Rica,CRI,1980,10.8064863
Costa Rica,CRI,1985,8.973052500000001
Costa Rica,CRI,1990,7.678108999999999
Costa Rica,CRI,1995,6.5036912000000004
Costa Rica,CRI,2000,5.4340209999999995
Costa Rica,CRI,2005,4.7430605
Costa Rica,CRI,2010,4.0339435
Costa Rica,CRI,2015,3.4316256000000003
Costa Rica,CRI,2020,2.9094391
Costa Rica,CRI,2025,2.453721
Costa Rica,CRI,2030,2.0657186000000003
Costa Rica,CRI,2035,1.7368900999999999
Costa Rica,CRI,2040,1.4540787
Costa Rica,CRI,2045,1.2079726000000002
Costa Rica,CRI,2050,0.9889041
Cote d'Ivoire,CIV,1970,87.54132460000001
Cote d'Ivoire,CIV,1975,81.95574359999999
Cote d'Ivoire,CIV,1980,76.3623933
Cote d'Ivoire,CIV,1985,71.7736653
Cote d'Ivoire,CIV,1990,65.703426
Cote d'Ivoire,CIV,1995,60.150825100000006
Cote d'Ivoire,CIV,2000,55.29553000000001
Cote d'Ivoire,CIV,2005,50.6310088
Cote d'Ivoire,CIV,2010,45.961185799999996
Cote d'Ivoire,CIV,2015,41.4863159
Cote d'Ivoire,CIV,2020,37.2841745
Cote d'Ivoire,CIV,2025,33.3932732
Cote d'Ivoire,CIV,2030,29.824725800000003
Cote d'Ivoire,CIV,2035,26.599299199999997
Cote d'Ivoire,CIV,2040,23.698556
Cote d'Ivoire,CIV,2045,21.0742264
Cote d'Ivoire,CIV,2050,18.677998600000002
Croatia,HRV,1970,12.814494000000002
Croatia,HRV,1975,10.1983386
Croatia,HRV,1980,8.0556312
Croatia,HRV,1985,6.2201245
Croatia,HRV,1990,4.743757400000001
Croatia,HRV,1995,3.647732
Croatia,HRV,2000,2.8062175000000003
Croatia,HRV,2005,2.1792199
Croatia,HRV,2010,1.6438887
Croatia,HRV,2015,1.2080573000000001
Croatia,HRV,2020,0.8687900000000001
Croatia,HRV,2025,0.6166556999999999
Croatia,HRV,2030,0.4429779
Croatia,HRV,2035,0.328769
Croatia,HRV,2040,0.2530345
Croatia,HRV,2045,0.1988185
Croatia,HRV,2050,0.1561483
Cuba,CUB,1970,5.7089355
Cuba,CUB,1975,4.0807054
Cuba,CUB,1980,2.7515805
Cuba,CUB,1985,1.8215852000000001
Cuba,CUB,1990,1.1880184999999999
Cuba,CUB,1995,0.7276429
Cuba,CUB,2000,0.4822124
Cuba,CUB,2005,0.3009537
Cuba,CUB,2010,0.1871634
Cuba,CUB,2015,0.1194826
Cuba,CUB,2020,0.07975289999999999
Cuba,CUB,2025,0.0560285
Cuba,CUB,2030,0.0410551
Cuba,CUB,2035,0.030958500000000003
Cuba,CUB,2040,0.0238192
Cuba,CUB,2045,0.0186128
Cuba,CUB,2050,0.0144821
Cyprus,CYP,1970,14.4163232
Cyprus,CYP,1975,10.298843
Cyprus,CYP,1980,7.867670899999999
Cyprus,CYP,1985,6.019426
Cyprus,CYP,1990,4.539985199999999
Cyprus,CYP,1995,3.0388285
Cyprus,CYP,2000,2.0606339
Cyprus,CYP,2005,1.3793713
Cyprus,CYP,2010,0.9035426
Cyprus,CYP,2015,0.6033776000000001
Cyprus,CYP,2020,0.4113854
Cyprus,CYP,2025,0.2863368
Cyprus,CYP,2030,0.2049479
Cyprus,CYP,2035,0.1510499
Cyprus,CYP,2040,0.1138994
Cyprus,CYP,2045,0.08625189999999999
Cyprus,CYP,2050,0.0640438
Czech Republic,CZE,1970,0.7304765000000001
Czech Republic,CZE,1975,0.6757676
Czech Republic,CZE,1980,0.6228686
Czech Republic,CZE,1985,0.5740575
Czech Republic,CZE,1990,0.5279609000000001
Czech Republic,CZE,1995,0.4906257
Czech Republic,CZE,2000,0.4445785
Czech Republic,CZE,2005,0.3977665
Czech Republic,CZE,2010,0.3547849
Czech Republic,CZE,2015,0.3199418
Czech Republic,CZE,2020,0.2864646
Czech Republic,CZE,2025,0.25332190000000004
Czech Republic,CZE,2030,0.22207720000000003
Czech Republic,CZE,2035,0.1920792
Czech Republic,CZE,2040,0.1629893
Czech Republic,CZE,2045,0.1346971
Czech Republic,CZE,2050,0.1072553
Denmark,DNK,1970,0.00011999999999999999
Denmark,DNK,1975,0.0000731
Denmark,DNK,1980,0.0000396
Denmark,DNK,1985,0.0000194
Denmark,DNK,1990,0.00000781
Denmark,DNK,1995,0.00000108
Denmark,DNK,2000,1.9099999999999998e-7
Dominican Republic,DOM,1970,2.7666277
Dominican Republic,DOM,1975,2.548872
Dominican Republic,DOM,1980,2.2815047
Dominican Republic,DOM,1985,2.0378670000000003
Dominican Republic,DOM,1990,1.8144361000000002
Dominican Republic,DOM,1995,1.5992539
Dominican Republic,DOM,2000,1.3845333
Dominican Republic,DOM,2005,1.1852166000000002
Dominican Republic,DOM,2010,0.9982085999999999
Dominican Republic,DOM,2015,0.8318402
Dominican Republic,DOM,2020,0.687266
Dominican Republic,DOM,2025,0.5636154
Dominican Republic,DOM,2030,0.4576251
Dominican Republic,DOM,2035,0.3664193
Dominican Republic,DOM,2040,0.288288
Dominican Republic,DOM,2045,0.2219055
Dominican Republic,DOM,2050,0.1658288
Ecuador,ECU,1970,23.2023471
Ecuador,ECU,1975,19.9290591
Ecuador,ECU,1980,16.8267465
Ecuador,ECU,1985,14.052404199999998
Ecuador,ECU,1990,11.7389488
Ecuador,ECU,1995,9.8301485
Ecuador,ECU,2000,8.390553200000001
Ecuador,ECU,2005,7.200862399999999
Ecuador,ECU,2010,6.1092493
Ecuador,ECU,2015,5.0722785
Ecuador,ECU,2020,4.1807523
Ecuador,ECU,2025,3.4251732
Ecuador,ECU,2030,2.7823033
Ecuador,ECU,2035,2.2387807
Ecuador,ECU,2040,1.7857647
Ecuador,ECU,2045,1.4113042
Ecuador,ECU,2050,1.1051811999999999
Egypt,EGY,1970,67.6210623
Egypt,EGY,1975,61.2823599
Egypt,EGY,1980,56.067533499999996
Egypt,EGY,1985,50.21143260000001
Egypt,EGY,1990,44.3442328
Egypt,EGY,1995,38.081724799999996
Egypt,EGY,2000,32.560331999999995
Egypt,EGY,2005,27.847145400000002
Egypt,EGY,2010,23.9760694
Egypt,EGY,2015,20.5520362
Egypt,EGY,2020,17.5107099
Egypt,EGY,2025,14.821810699999999
Egypt,EGY,2030,12.4680923
Egypt,EGY,2035,10.429752200000001
Egypt,EGY,2040,8.6578596
Egypt,EGY,2045,7.121319
Egypt,EGY,2050,5.7994285
Eritrea,ERI,1970,82.014966
Eritrea,ERI,1975,78.4366814
Eritrea,ERI,1980,76.0674027
Eritrea,ERI,1985,70.5104344
Eritrea,ERI,1990,61.2561119
Eritrea,ERI,1995,52.82797540000001
Eritrea,ERI,2000,43.6803388
Eritrea,ERI,2005,35.089779300000004
Eritrea,ERI,2010,29.3779654
Eritrea,ERI,2015,24.5730425
Eritrea,ERI,2020,20.3504482
Eritrea,ERI,2025,16.7004523
Eritrea,ERI,2030,13.736642600000001
Eritrea,ERI,2035,11.3609394
Eritrea,ERI,2040,9.4164002
Eritrea,ERI,2045,7.7698708000000005
Eritrea,ERI,2050,6.3455658999999995
Estonia,EST,1970,2.7675261
Estonia,EST,1975,2.0990929
Estonia,EST,1980,1.6156049
Estonia,EST,1985,1.2608734
Estonia,EST,1990,0.9822067999999999
Estonia,EST,1995,0.7930613
Estonia,EST,2000,0.6883587
Estonia,EST,2005,0.5912746
Estonia,EST,2010,0.5091641
Estonia,EST,2015,0.4447839
Estonia,EST,2020,0.3929412
Estonia,EST,2025,0.3510923
Estonia,EST,2030,0.3195756
Estonia,EST,2035,0.29476810000000003
Estonia,EST,2040,0.2729047
Estonia,EST,2045,0.2506208
Estonia,EST,2050,0.2249101
Ethiopia,ETH,1970,95.53149450000001
Ethiopia,ETH,1975,94.1763978
Ethiopia,ETH,1980,91.7563435
Ethiopia,ETH,1985,88.9813647
Ethiopia,ETH,1990,85.2233347
Ethiopia,ETH,1995,81.3740208
Ethiopia,ETH,2000,78.8883432
Ethiopia,ETH,2005,75.98825719999999
Ethiopia,ETH,2010,72.6220024
Ethiopia,ETH,2015,68.90603039999999
Ethiopia,ETH,2020,64.8937413
Ethiopia,ETH,2025,60.6350273
Ethiopia,ETH,2030,56.28081780000001
Ethiopia,ETH,2035,51.9861458
Ethiopia,ETH,2040,47.8555091
Ethiopia,ETH,2045,43.9211989
Ethiopia,ETH,2050,40.1670285
Finland,FIN,1970,0.0000703
Finland,FIN,1975,0.0000388
Finland,FIN,1980,0.0000209
Finland,FIN,1985,0.0000102
Finland,FIN,1990,0.00000376
Finland,FIN,1995,5.06e-7
Finland,FIN,2000,4.25e-8
France,FRA,1970,1.1099405999999998
France,FRA,1975,1.1354052
France,FRA,1980,1.1301007
France,FRA,1985,1.0978478999999999
France,FRA,1990,1.0571920000000001
France,FRA,1995,1.0235766
France,FRA,2000,0.9768233
France,FRA,2005,0.9277736999999999
France,FRA,2010,0.856048
France,FRA,2015,0.7680546
France,FRA,2020,0.6662064
France,FRA,2025,0.5579965
France,FRA,2030,0.4537002
France,FRA,2035,0.3593003
France,FRA,2040,0.277463
France,FRA,2045,0.2083147
France,FRA,2050,0.1508142
Gabon,GAB,1970,67.1005832
Gabon,GAB,1975,56.7592376
Gabon,GAB,1980,46.9941087
Gabon,GAB,1985,38.3536212
Gabon,GAB,1990,30.887113799999998
Gabon,GAB,1995,24.540753000000002
Gabon,GAB,2000,18.8250462
Gabon,GAB,2005,14.305879599999999
Gabon,GAB,2010,10.8056012
Gabon,GAB,2015,8.140153399999999
Gabon,GAB,2020,6.0902275
Gabon,GAB,2025,4.5173103999999995
Gabon,GAB,2030,3.3373543
Gabon,GAB,2035,2.4702447
Gabon,GAB,2040,1.8405113000000002
Gabon,GAB,2045,1.3715635
Gabon,GAB,2050,1.0076399
Germany,DEU,1970,0.00013099999999999999
Germany,DEU,1975,0.0000737
Germany,DEU,1980,0.0000377
Germany,DEU,1985,0.0000168
Germany,DEU,1990,0.00000629
Germany,DEU,1995,8.45e-7
Germany,DEU,2000,1.03e-7
Ghana,GHA,1970,62.42455139999999
Ghana,GHA,1975,55.703875700000005
Ghana,GHA,1980,50.689811399999996
Ghana,GHA,1985,45.5854441
Ghana,GHA,1990,40.6714655
Ghana,GHA,1995,35.146128
Ghana,GHA,2000,29.743028199999998
Ghana,GHA,2005,25.047514999999997
Ghana,GHA,2010,21.0581129
Ghana,GHA,2015,17.7207024
Ghana,GHA,2020,14.8543225
Ghana,GHA,2025,12.4361469
Ghana,GHA,2030,10.3925744
Ghana,GHA,2035,8.6559649
Ghana,GHA,2040,7.1676514
Ghana,GHA,2045,5.8751817
Ghana,GHA,2050,4.7493642000000005
Greece,GRC,1970,16.016724
Greece,GRC,1975,13.202248999999998
Greece,GRC,1980,10.724347700000001
Greece,GRC,1985,8.4520193
Greece,GRC,1990,6.7235135
Greece,GRC,1995,5.1553063
Greece,GRC,2000,4.0349148
Greece,GRC,2005,3.3843869
Greece,GRC,2010,2.8598174
Greece,GRC,2015,2.3829274000000003
Greece,GRC,2020,1.9599140000000002
Greece,GRC,2025,1.5987215
Greece,GRC,2030,1.3175493999999999
Greece,GRC,2035,1.1024479999999999
Greece,GRC,2040,0.9323055
Greece,GRC,2045,0.7842877
Greece,GRC,2050,0.6416041
Guatemala,GTM,1970,54.2787448
Guatemala,GTM,1975,50.5693508
Guatemala,GTM,1980,46.7297745
Guatemala,GTM,1985,42.4286058
Guatemala,GTM,1990,38.206832899999995
Guatemala,GTM,1995,34.198381
Guatemala,GTM,2000,30.2256642
Guatemala,GTM,2005,26.638766800000003
Guatemala,GTM,2010,23.1298267
Guatemala,GTM,2015,19.8836922
Guatemala,GTM,2020,16.997696400000002
Guatemala,GTM,2025,14.4966628
Guatemala,GTM,2030,12.346249199999999
Guatemala,GTM,2035,10.5086964
Guatemala,GTM,2040,8.942610199999999
Guatemala,GTM,2045,7.6062115
Guatemala,GTM,2050,6.461861000000001
Guinea,GIN,1970,93.2477055
Guinea,GIN,1975,89.9643712
Guinea,GIN,1980,87.002591
Guinea,GIN,1985,83.3622087
Guinea,GIN,1990,80.5559932
Guinea,GIN,1995,76.7322508
Guinea,GIN,2000,72.14019019999999
Guinea,GIN,2005,67.503433
Guinea,GIN,2010,62.731416100000004
Guinea,GIN,2015,57.851107899999995
Guinea,GIN,2020,52.9209099
Guinea,GIN,2025,48.1161556
Guinea,GIN,2030,43.5696689
Guinea,GIN,2035,39.3425708
Guinea,GIN,2040,35.446398
Guinea,GIN,2045,31.8477834
Guinea,GIN,2050,28.5087592
Guyana,GUY,1970,5.3036208
Guyana,GUY,1975,4.5978707
Guyana,GUY,1980,4.0294682
Guyana,GUY,1985,3.6336051
Guyana,GUY,1990,3.3130431000000002
Guyana,GUY,1995,2.9941857
Guyana,GUY,2000,2.6685944
Guyana,GUY,2005,2.9593188
Guyana,GUY,2010,3.169714
Guyana,GUY,2015,2.6875864
Guyana,GUY,2020,2.2757233
Guyana,GUY,2025,1.9654104
Guyana,GUY,2030,1.692923
Guyana,GUY,2035,1.4152498
Guyana,GUY,2040,1.1448558
Guyana,GUY,2045,0.9020674
Guyana,GUY,2050,0.7000737
Haiti,HTI,1970,70.5318721
Haiti,HTI,1975,65.9767857
Haiti,HTI,1980,60.7957571
Haiti,HTI,1985,54.4806985
Haiti,HTI,1990,48.554303399999995
Haiti,HTI,1995,41.237305899999996
Haiti,HTI,2000,34.0428821
Haiti,HTI,2005,28.175036799999997
Haiti,HTI,2010,23.493496
Haiti,HTI,2015,19.5746314
Haiti,HTI,2020,16.2774574
Haiti,HTI,2025,13.461641299999998
Haiti,HTI,2030,11.0847275
Haiti,HTI,2035,9.0969221
Haiti,HTI,2040,7.4253736
Haiti,HTI,2045,6.007904900000001
Haiti,HTI,2050,4.8133322
Honduras,HND,1970,47.702187200000004
Honduras,HND,1975,42.0981347
Honduras,HND,1980,36.8718902
Honduras,HND,1985,31.983523
Honduras,HND,1990,27.9048583
Honduras,HND,1995,24.3357351
Honduras,HND,2000,21.2252108
Honduras,HND,2005,18.3744093
Honduras,HND,2010,15.7465046
Honduras,HND,2015,13.506844200000002
Honduras,HND,2020,11.6194728
Honduras,HND,2025,9.9920641
Honduras,HND,2030,8.5925822
Honduras,HND,2035,7.3955622
Honduras,HND,2040,6.3730745
Honduras,HND,2045,5.492083200000001
Honduras,HND,2050,4.7210948
Hong Kong,HKG,1970,26.485709
Hong Kong,HKG,1975,21.4623044
Hong Kong,HKG,1980,16.3880299
Hong Kong,HKG,1985,13.0685075
Hong Kong,HKG,1990,10.2091683
Hong Kong,HKG,1995,7.799434700000001
Hong Kong,HKG,2000,5.9851645
Hong Kong,HKG,2005,4.7671502
Hong Kong,HKG,2010,3.6469499
Hong Kong,HKG,2015,2.7145988
Hong Kong,HKG,2020,1.977077
Hong Kong,HKG,2025,1.4115305999999999
Hong Kong,HKG,2030,1.0026861999999999
Hong Kong,HKG,2035,0.7135608
Hong Kong,HKG,2040,0.5066654
Hong Kong,HKG,2045,0.3512369
Hong Kong,HKG,2050,0.22876459999999998
Hungary,HUN,1970,5.0715899
Hungary,HUN,1975,4.104981700000001
Hungary,HUN,1980,3.370041
Hungary,HUN,1985,2.6508891
Hungary,HUN,1990,2.0887424
Hungary,HUN,1995,1.655468
Hungary,HUN,2000,1.3870019
Hungary,HUN,2005,1.2037708
Hungary,HUN,2010,1.0376878
Hungary,HUN,2015,0.8970866
Hungary,HUN,2020,0.7701338999999999
Hungary,HUN,2025,0.6558687
Hungary,HUN,2030,0.5579447000000001
Hungary,HUN,2035,0.4731634
Hungary,HUN,2040,0.3974022
Hungary,HUN,2045,0.32864970000000004
Hungary,HUN,2050,0.2660919
India,IND,1970,62.536861200000004
India,IND,1975,59.3554146
India,IND,1980,56.3377664
India,IND,1985,53.27185800000001
India,IND,1990,49.8398726
India,IND,1995,45.7504214
India,IND,2000,41.3445464
India,IND,2005,37.2959735
India,IND,2010,33.4392988
India,IND,2015,29.922212799999997
India,IND,2020,26.706187999999997
India,IND,2025,23.7448242
India,IND,2030,21.0214454
India,IND,2035,18.5169977
India,IND,2040,16.2199339
India,IND,2045,14.1088307
India,IND,2050,12.162516499999999
Indonesia,IDN,1970,40.2464936
Indonesia,IDN,1975,33.748884499999996
Indonesia,IDN,1980,27.683293199999998
Indonesia,IDN,1985,22.1934857
Indonesia,IDN,1990,17.616685500000003
Indonesia,IDN,1995,13.879270599999998
Indonesia,IDN,2000,10.952986600000001
Indonesia,IDN,2005,8.606597
Indonesia,IDN,2010,6.6920779
Indonesia,IDN,2015,5.1208969
Indonesia,IDN,2020,3.8529714999999998
Indonesia,IDN,2025,2.8781906999999998
Indonesia,IDN,2030,2.1382958
Indonesia,IDN,2035,1.5759306
Indonesia,IDN,2040,1.1395624
Indonesia,IDN,2045,0.8029466000000001
Indonesia,IDN,2050,0.5493908
Iran,IRN,1970,62.599261
Iran,IRN,1975,56.3357295
Iran,IRN,1980,48.1275473
Iran,IRN,1985,40.3187574
Iran,IRN,1990,33.3721168
Iran,IRN,1995,27.334339200000002
Iran,IRN,2000,21.3655441
Iran,IRN,2005,16.8316931
Iran,IRN,2010,13.5103075
Iran,IRN,2015,11.2162244
Iran,IRN,2020,9.2142918
Iran,IRN,2025,7.4249335
Iran,IRN,2030,5.901431
Iran,IRN,2035,4.6589092
Iran,IRN,2040,3.6578816
Iran,IRN,2045,2.8411039999999996
Iran,IRN,2050,2.172341
Ireland,IRL,1970,1.1557382999999999
Ireland,IRL,1975,1.0400839
Ireland,IRL,1980,0.9380436000000001
Ireland,IRL,1985,0.8444200000000001
Ireland,IRL,1990,0.7772576
Ireland,IRL,1995,0.686682
Ireland,IRL,2000,0.5989391000000001
Ireland,IRL,2005,0.5047504
Ireland,IRL,2010,0.4221002
Ireland,IRL,2015,0.3570939
Ireland,IRL,2020,0.2974291
Ireland,IRL,2025,0.2452315
Ireland,IRL,2030,0.20008299999999998
Ireland,IRL,2035,0.16190410000000002
Ireland,IRL,2040,0.1296812
Ireland,IRL,2045,0.10200669999999999
Ireland,IRL,2050,0.0780318
Italy,ITA,1970,21.8558728
Italy,ITA,1975,18.5504493
Italy,ITA,1980,15.3713402
Italy,ITA,1985,12.469847000000001
Italy,ITA,1990,10.3862066
Italy,ITA,1995,8.4074721
Italy,ITA,2000,6.8481689999999995
Italy,ITA,2005,5.6350377
Italy,ITA,2010,4.472243
Italy,ITA,2015,3.466205
Italy,ITA,2020,2.6176511
Italy,ITA,2025,1.9437931
Italy,ITA,2030,1.4457891
Italy,ITA,2035,1.0913152000000002
Italy,ITA,2040,0.8359577
Italy,ITA,2045,0.6414999
Italy,ITA,2050,0.48274779999999995
Japan,JPN,1970,0.0876205
Japan,JPN,1975,0.0424517
Japan,JPN,1980,0.022799
Japan,JPN,1985,0.010609
Japan,JPN,1990,0.0037799999999999995
Japan,JPN,1995,0.000169
Jordan,JOR,1970,35.642964500000005
Jordan,JOR,1975,29.6205991
Jordan,JOR,1980,24.390414999999997
Jordan,JOR,1985,19.5943017
Jordan,JOR,1990,14.782931699999999
Jordan,JOR,1995,10.4056052
Jordan,JOR,2000,8.0528478
Jordan,JOR,2005,6.4311205
Jordan,JOR,2010,5.2241758
Jordan,JOR,2015,4.0632141
Jordan,JOR,2020,3.1328512
Jordan,JOR,2025,2.3829269
Jordan,JOR,2030,1.8086775
Jordan,JOR,2035,1.3669826
Jordan,JOR,2040,1.020225
Jordan,JOR,2045,0.744339
Jordan,JOR,2050,0.5242431
Kazakhstan,KAZ,1970,4.0511875
Kazakhstan,KAZ,1975,3.2010504
Kazakhstan,KAZ,1980,2.5263207
Kazakhstan,KAZ,1985,2.0144061
Kazakhstan,KAZ,1990,1.6096538
Kazakhstan,KAZ,1995,1.2921867
Kazakhstan,KAZ,2000,0.9855222
Kazakhstan,KAZ,2005,0.7337859999999999
Kazakhstan,KAZ,2010,0.546549
Kazakhstan,KAZ,2015,0.4134164
Kazakhstan,KAZ,2020,0.310456
Kazakhstan,KAZ,2025,0.23128659999999998
Kazakhstan,KAZ,2030,0.1766982
Kazakhstan,KAZ,2035,0.1393825
Kazakhstan,KAZ,2040,0.11255670000000001
Kazakhstan,KAZ,2045,0.0914086
Kazakhstan,KAZ,2050,0.0731696
Kenya,KEN,1970,50.9244232
Kenya,KEN,1975,43.2931568
Kenya,KEN,1980,35.5479727
Kenya,KEN,1985,28.9858799
Kenya,KEN,1990,23.4909279
Kenya,KEN,1995,18.8810453
Kenya,KEN,2000,15.461668300000001
Kenya,KEN,2005,12.5748837
Kenya,KEN,2010,10.291742399999999
Kenya,KEN,2015,8.3302102
Kenya,KEN,2020,6.6405958
Kenya,KEN,2025,5.2310428
Kenya,KEN,2030,4.1278859
Kenya,KEN,2035,3.2750324999999996
Kenya,KEN,2040,2.6058502
Kenya,KEN,2045,2.0726971
Kenya,KEN,2050,1.6452143999999997
Kyrgyzstan,KGZ,1970,8.0817249
Kyrgyzstan,KGZ,1975,6.0895572
Kyrgyzstan,KGZ,1980,4.5917582
Kyrgyzstan,KGZ,1985,3.5354289
Kyrgyzstan,KGZ,1990,2.6301869
Kyrgyzstan,KGZ,1995,1.9337014
Kyrgyzstan,KGZ,2000,1.4054967999999999
Kyrgyzstan,KGZ,2005,1.0211252
Kyrgyzstan,KGZ,2010,0.7398602
Kyrgyzstan,KGZ,2015,0.5449174999999999
Kyrgyzstan,KGZ,2020,0.41362730000000003
Kyrgyzstan,KGZ,2025,0.321702
Kyrgyzstan,KGZ,2030,0.25759509999999997
Kyrgyzstan,KGZ,2035,0.21020320000000003
Kyrgyzstan,KGZ,2040,0.17206980000000002
Kyrgyzstan,KGZ,2045,0.1388249
Kyrgyzstan,KGZ,2050,0.1084603
Laos,LAO,1970,62.9989279
Laos,LAO,1975,56.5167193
Laos,LAO,1980,51.215005999999995
Laos,LAO,1985,46.0872881
Laos,LAO,1990,41.9545519
Laos,LAO,1995,37.9731112
Laos,LAO,2000,33.348057399999995
Laos,LAO,2005,29.00097
Laos,LAO,2010,24.990140099999998
Laos,LAO,2015,21.7648999
Laos,LAO,2020,19.1556004
Laos,LAO,2025,16.803501400000002
Laos,LAO,2030,14.6856436
Laos,LAO,2035,12.7842557
Laos,LAO,2040,11.1067449
Laos,LAO,2045,9.621098
Laos,LAO,2050,8.285154
Latvia,LVA,1970,0.000102
Latvia,LVA,1975,0.000059800000000000003
Latvia,LVA,1980,0.0000294
Latvia,LVA,1985,0.0000134
Latvia,LVA,1990,0.0000043700000000000005
Latvia,LVA,1995,6.14e-7
Latvia,LVA,2000,7.16e-8
Lithuania,LTU,1970,0.8809613000000001
Lithuania,LTU,1975,0.770806
Lithuania,LTU,1980,0.6716558
Lithuania,LTU,1985,0.5950505
Lithuania,LTU,1990,0.537416
Lithuania,LTU,1995,0.4890213
Lithuania,LTU,2000,0.43901840000000003
Lithuania,LTU,2005,0.3820808
Lithuania,LTU,2010,0.3303889
Lithuania,LTU,2015,0.28715759999999996
Lithuania,LTU,2020,0.2506735
Lithuania,LTU,2025,0.2177636
Lithuania,LTU,2030,0.18871000000000002
Lithuania,LTU,2035,0.16352160000000002
Lithuania,LTU,2040,0.1411906
Lithuania,LTU,2045,0.12025250000000001
Lithuania,LTU,2050,0.0996348
Luxembourg,LUX,1970,0.000107
Luxembourg,LUX,1975,0.0000588
Luxembourg,LUX,1980,0.000028999999999999997
Luxembourg,LUX,1985,0.000013199999999999999
Luxembourg,LUX,1990,0.00000488
Luxembourg,LUX,1995,1.25e-7
Luxembourg,LUX,2000,1.9699999999999998e-8
Macedonia,MKD,1970,13.892174800000001
Macedonia,MKD,1975,11.081966699999999
Macedonia,MKD,1980,8.8738837
Macedonia,MKD,1985,7.124310400000001
Macedonia,MKD,1990,5.5753113
Macedonia,MKD,1995,4.371841600000001
Macedonia,MKD,2000,3.4302114
Macedonia,MKD,2005,2.6985981
Macedonia,MKD,2010,2.1207852999999997
Macedonia,MKD,2015,1.6912536999999999
Macedonia,MKD,2020,1.373998
Macedonia,MKD,2025,1.1413659
Macedonia,MKD,2030,0.9630943
Macedonia,MKD,2035,0.8215131
Macedonia,MKD,2040,0.7031353
Macedonia,MKD,2045,0.5981675
Macedonia,MKD,2050,0.5005954
Madagascar,MDG,1970,43.5896369
Madagascar,MDG,1975,38.9024519
Madagascar,MDG,1980,34.3500999
Madagascar,MDG,1985,29.864830799999996
Madagascar,MDG,1990,27.1303837
Madagascar,MDG,1995,25.265734899999998
Madagascar,MDG,2000,23.5495043
Madagascar,MDG,2005,21.6651268
Madagascar,MDG,2010,19.6756337
Madagascar,MDG,2015,17.6833773
Madagascar,MDG,2020,15.793966000000001
Madagascar,MDG,2025,14.0358903
Madagascar,MDG,2030,12.4245909
Madagascar,MDG,2035,10.958431000000001
Madagascar,MDG,2040,9.6234651
Madagascar,MDG,2045,8.403867499999999
Madagascar,MDG,2050,7.2857563
Malawi,MWI,1970,58.539190399999995
Malawi,MWI,1975,55.364599299999995
Malawi,MWI,1980,51.781349
Malawi,MWI,1985,47.6960224
Malawi,MWI,1990,43.718164599999994
Malawi,MWI,1995,39.3674928
Malawi,MWI,2000,33.9692252
Malawi,MWI,2005,28.8737591
Malawi,MWI,2010,24.0588348
Malawi,MWI,2015,19.8558775
Malawi,MWI,2020,16.368000199999997
Malawi,MWI,2025,13.4845317
Malawi,MWI,2030,11.0553676
Malawi,MWI,2035,9.010708300000001
Malawi,MWI,2040,7.3114899
Malawi,MWI,2045,5.9117785
Malawi,MWI,2050,4.7670811
Malaysia,MYS,1970,41.3544851
Malaysia,MYS,1975,34.0585556
Malaysia,MYS,1980,27.7585427
Malaysia,MYS,1985,22.7341015
Malaysia,MYS,1990,18.3960271
Malaysia,MYS,1995,14.752008499999999
Malaysia,MYS,2000,11.5614444
Malaysia,MYS,2005,9.2805285
Malaysia,MYS,2010,7.4334815
Malaysia,MYS,2015,5.9467624
Malaysia,MYS,2020,4.7278573
Malaysia,MYS,2025,3.7464372000000004
Malaysia,MYS,2030,2.9574534
Malaysia,MYS,2035,2.3269748999999997
Malaysia,MYS,2040,1.8205276
Malaysia,MYS,2045,1.4099477
Malaysia,MYS,2050,1.0715507000000002
Maldives,MDV,1970,80.2042152
Maldives,MDV,1975,75.41188629999999
Maldives,MDV,1980,70.11542560000001
Maldives,MDV,1985,62.0156996
Maldives,MDV,1990,52.3907751
Maldives,MDV,1995,42.2340389
Maldives,MDV,2000,32.5708421
Maldives,MDV,2005,24.9335237
Maldives,MDV,2020,12.7120577
Maldives,MDV,2025,10.0055962
Maldives,MDV,2030,7.6671721
Maldives,MDV,2035,5.7050489
Maldives,MDV,2040,4.0914963
Maldives,MDV,2045,2.7893813
Maldives,MDV,2050,1.7848289
Mali,MLI,1970,93.4025664
Mali,MLI,1975,90.2540605
Mali,MLI,1980,87.0859061
Mali,MLI,1985,84.3408615
Mali,MLI,1990,82.0372232
Mali,MLI,1995,79.8609325
Mali,MLI,2000,76.598316
Mali,MLI,2005,72.926079
Mali,MLI,2010,68.823101
Mali,MLI,2015,64.3176815
Mali,MLI,2020,59.625032600000004
Mali,MLI,2025,54.710309800000005
Mali,MLI,2030,49.9294005
Mali,MLI,2035,45.402187999999995
Mali,MLI,2040,41.1926692
Mali,MLI,2045,37.3143587
Mali,MLI,2050,33.7344698
Malta,MLT,1970,0.000082
Malta,MLT,1975,0.0000425
Malta,MLT,1980,0.000019999999999999998
Malta,MLT,1985,0.000008740000000000001
Malta,MLT,1990,0.00000293
Malta,MLT,1995,4.11e-7
Malta,MLT,2000,6.8e-8
Mauritania,MRT,1970,88.15087820000001
Mauritania,MRT,1975,85.325151
Mauritania,MRT,1980,81.2612649
Mauritania,MRT,1985,75.9016724
Mauritania,MRT,1990,68.9097436
Mauritania,MRT,1995,62.634819799999995
Mauritania,MRT,2000,56.2805118
Mauritania,MRT,2005,50.2908503
Mauritania,MRT,2010,44.9390887
Mauritania,MRT,2015,39.9813935
Mauritania,MRT,2020,35.3860971
Mauritania,MRT,2025,31.239326000000002
Mauritania,MRT,2030,27.541641500000004
Mauritania,MRT,2035,24.2071168
Mauritania,MRT,2040,21.172744299999998
Mauritania,MRT,2045,18.411339700000003
Mauritania,MRT,2050,15.9302023
Mauritius,MUS,1970,30.6040775
Mauritius,MUS,1975,25.527941
Mauritius,MUS,1980,21.0619314
Mauritius,MUS,1985,17.3795639
Mauritius,MUS,1990,14.4231767
Mauritius,MUS,1995,11.651207900000001
Mauritius,MUS,2000,9.471954
Mauritius,MUS,2005,7.6582208
Mauritius,MUS,2010,6.025522400000001
Mauritius,MUS,2015,4.702395
Mauritius,MUS,2020,3.6162771000000005
Mauritius,MUS,2025,2.7255287
Mauritius,MUS,2030,2.008317
Mauritius,MUS,2035,1.4432666
Mauritius,MUS,2040,1.0101664
Mauritius,MUS,2045,0.6892457000000001
Mauritius,MUS,2050,0.4598516
Mexico,MEX,1970,31.954019700000003
Mexico,MEX,1975,26.8071487
Mexico,MEX,1980,22.3245727
Mexico,MEX,1985,18.4244894
Mexico,MEX,1990,15.0812588
Mexico,MEX,1995,12.4987999
Mexico,MEX,2000,10.40426
Mexico,MEX,2005,8.8263792
Mexico,MEX,2010,7.3135323
Mexico,MEX,2015,6.0463413
Mexico,MEX,2020,4.9761248
Mexico,MEX,2025,4.0826242
Mexico,MEX,2030,3.3337139000000002
Mexico,MEX,2035,2.7073599
Mexico,MEX,2040,2.1779672999999997
Mexico,MEX,2045,1.7326658000000001
Mexico,MEX,2050,1.3618545
Montenegro,MNE,1970,19.7625262
Montenegro,MNE,1975,15.5166929
Montenegro,MNE,1980,12.012183799999999
Montenegro,MNE,1985,9.2735293
Montenegro,MNE,1990,7.6810711000000005
Montenegro,MNE,1995,5.7792417
Montenegro,MNE,2000,5.4445344
Montenegro,MNE,2005,5.0891717000000005
Montenegro,MNE,2010,4.7132439
Montenegro,MNE,2015,4.3771870999999996
Montenegro,MNE,2020,4.0749390000000005
Montenegro,MNE,2025,3.8016167
Montenegro,MNE,2030,3.5416517
Montenegro,MNE,2035,3.2991735
Montenegro,MNE,2040,3.0707961999999998
Montenegro,MNE,2045,2.8410938
Montenegro,MNE,2050,2.5937452
Morocco,MAR,1970,82.13315
Morocco,MAR,1975,76.1140745
Morocco,MAR,1980,71.176915
Morocco,MAR,1985,64.4764814
Morocco,MAR,1990,58.146228099999995
Morocco,MAR,1995,52.495004
Morocco,MAR,2000,46.1147219
Morocco,MAR,2005,40.765217199999995
Morocco,MAR,2010,36.0485377
Morocco,MAR,2015,31.9665635
Morocco,MAR,2020,28.3360986
Morocco,MAR,2025,24.909897
Morocco,MAR,2030,21.7268519
Morocco,MAR,2035,18.8271038
Morocco,MAR,2040,16.1973332
Morocco,MAR,2045,13.8125993
Morocco,MAR,2050,11.6611698
Mozambique,MOZ,1970,66.7080216
Mozambique,MOZ,1975,60.3331711
Mozambique,MOZ,1980,54.1376949
Mozambique,MOZ,1985,49.6541699
Mozambique,MOZ,1990,46.7141288
Mozambique,MOZ,1995,41.4118713
Mozambique,MOZ,2000,36.0216834
Mozambique,MOZ,2005,31.057723799999998
Mozambique,MOZ,2010,26.2719708
Mozambique,MOZ,2015,21.8669414
Mozambique,MOZ,2020,17.9611056
Mozambique,MOZ,2025,14.769512200000001
Mozambique,MOZ,2030,12.16552
Mozambique,MOZ,2035,10.0046489
Mozambique,MOZ,2040,8.1993328
Mozambique,MOZ,2045,6.687915299999999
Mozambique,MOZ,2050,5.4259198
Myanmar,MMR,1970,33.2021085
Myanmar,MMR,1975,30.5924389
Myanmar,MMR,1980,28.1421775
Myanmar,MMR,1985,25.5423421
Myanmar,MMR,1990,23.0697212
Myanmar,MMR,1995,20.6991755
Myanmar,MMR,2000,18.5657814
Myanmar,MMR,2005,16.6016614
Myanmar,MMR,2010,14.8156655
Myanmar,MMR,2015,13.206061499999999
Myanmar,MMR,2020,11.7608852
Myanmar,MMR,2025,10.4206328
Myanmar,MMR,2030,9.1916407
Myanmar,MMR,2035,8.047264
Myanmar,MMR,2040,6.9721883
Myanmar,MMR,2045,5.9649845
Myanmar,MMR,2050,5.0248532
Namibia,NAM,1970,0.0000357
Namibia,NAM,1975,0.000017
Namibia,NAM,1980,0.0000065
Namibia,NAM,1985,0.00000213
Namibia,NAM,1990,4.18e-7
Namibia,NAM,1995,3.24e-8
Namibia,NAM,2000,2.39e-9
Nepal,NPL,1970,87.2052303
Nepal,NPL,1975,83.3337034
Nepal,NPL,1980,78.93460060000001
Nepal,NPL,1985,74.0838772
Nepal,NPL,1990,68.5160559
Nepal,NPL,1995,62.2719467
Nepal,NPL,2000,54.8607956
Nepal,NPL,2005,47.996131
Nepal,NPL,2010,41.659210800000004
Nepal,NPL,2015,36.1621746
Nepal,NPL,2020,31.4864925
Nepal,NPL,2025,27.2969766
Nepal,NPL,2030,23.5195337
Nepal,NPL,2035,20.1374803
Nepal,NPL,2040,17.1411455
Nepal,NPL,2045,14.5213575
Nepal,NPL,2050,12.2174596
Netherlands,NLD,1970,0.00010300000000000001
Netherlands,NLD,1975,0.00006080000000000001
Netherlands,NLD,1980,0.0000322
Netherlands,NLD,1985,0.0000154
Netherlands,NLD,1990,0.0000057900000000000005
Netherlands,NLD,1995,8.65e-7
Netherlands,NLD,2000,1.38e-7
New Zealand,NZL,1970,0.0000474
New Zealand,NZL,1975,0.0000216
New Zealand,NZL,1980,0.0000101
New Zealand,NZL,1985,0.00000382
New Zealand,NZL,1990,0.000001
New Zealand,NZL,1995,1.1700000000000002e-7
Nicaragua,NIC,1970,0.0000265
Nicaragua,NIC,1975,0.000013199999999999999
Nicaragua,NIC,1980,0.00000568
Nicaragua,NIC,1985,0.0000024500000000000003
Nicaragua,NIC,1990,7.04e-7
Nicaragua,NIC,1995,5.37e-8
Nicaragua,NIC,2000,6.06e-9
Niger,NER,1970,97.60626529999999
Niger,NER,1975,95.9988685
Niger,NER,1980,94.4323081
Niger,NER,1985,91.5932605
Niger,NER,1990,88.68132560000001
Niger,NER,1995,84.9866806
Niger,NER,2000,81.9881157
Niger,NER,2005,77.9181896
Niger,NER,2010,73.5921201
Niger,NER,2015,68.9806947
Niger,NER,2020,64.1444883
Niger,NER,2025,59.175297900000004
Niger,NER,2030,54.1630296
Niger,NER,2035,49.2111843
Niger,NER,2040,44.4227722
Niger,NER,2045,39.892942500000004
Niger,NER,2050,35.7009092
Nigeria,NGA,1970,74.5071128
Nigeria,NGA,1975,69.3881717
Nigeria,NGA,1980,63.0835414
Nigeria,NGA,1985,57.411153299999995
Nigeria,NGA,1990,51.5822238
Nigeria,NGA,1995,45.4427302
Nigeria,NGA,2000,39.772976799999995
Nigeria,NGA,2005,34.6510355
Nigeria,NGA,2010,29.921087
Nigeria,NGA,2015,25.6942542
Nigeria,NGA,2020,21.947207499999998
Nigeria,NGA,2025,18.6890055
Nigeria,NGA,2030,15.8853176
Nigeria,NGA,2035,13.4928182
Nigeria,NGA,2040,11.453554200000001
Nigeria,NGA,2045,9.702998000000001
Nigeria,NGA,2050,8.1886288
Norway,NOR,1970,0.4729364
Norway,NOR,1975,0.43682590000000004
Norway,NOR,1980,0.40245810000000004
Norway,NOR,1985,0.3653413
Norway,NOR,1990,0.3285507
Norway,NOR,1995,0.2940753
Norway,NOR,2000,0.2599147
Norway,NOR,2005,0.22632210000000003
Norway,NOR,2010,0.19349339999999998
Norway,NOR,2015,0.1632866
Norway,NOR,2020,0.13547730000000002
Norway,NOR,2025,0.1089671
Norway,NOR,2030,0.08437889999999999
Norway,NOR,2035,0.0621307
Norway,NOR,2040,0.043125
Norway,NOR,2045,0.028178699999999997
Norway,NOR,2050,0.0173747
Pakistan,PAK,1970,77.1354558
Pakistan,PAK,1975,73.7865045
Pakistan,PAK,1980,70.0135505
Pakistan,PAK,1985,66.21063459999999
Pakistan,PAK,1990,62.1274385
Pakistan,PAK,1995,57.15984950000001
Pakistan,PAK,2000,51.8542226
Pakistan,PAK,2005,46.636324800000004
Pakistan,PAK,2010,42.0777398
Pakistan,PAK,2015,38.056546499999996
Pakistan,PAK,2020,34.5810585
Pakistan,PAK,2025,31.137417899999996
Pakistan,PAK,2030,27.8043561
Pakistan,PAK,2035,24.7092898
Pakistan,PAK,2040,21.9074126
Pakistan,PAK,2045,19.3598837
Pakistan,PAK,2050,16.995594399999998
Panama,PAN,1970,20.944622199999998
Panama,PAN,1975,17.7289241
Panama,PAN,1980,14.7394687
Panama,PAN,1985,12.2676588
Panama,PAN,1990,10.416863
Panama,PAN,1995,8.8746485
Panama,PAN,2000,7.577367
Panama,PAN,2005,6.477290099999999
Panama,PAN,2010,5.511695400000001
Panama,PAN,2015,4.6422883
Panama,PAN,2020,3.8799272000000005
Panama,PAN,2025,3.2269578
Panama,PAN,2030,2.6731911
Panama,PAN,2035,2.2048131
Panama,PAN,2040,1.8100082
Panama,PAN,2045,1.4778134
Panama,PAN,2050,1.1965315
Paraguay,PRY,1970,17.4562322
Paraguay,PRY,1975,14.6185869
Paraguay,PRY,1980,12.1474687
Paraguay,PRY,1985,9.9270214
Paraguay,PRY,1990,8.0868627
Paraguay,PRY,1995,6.8576445
Paraguay,PRY,2000,5.6299776
Paraguay,PRY,2005,4.6144624
Paraguay,PRY,2010,3.7562103
Paraguay,PRY,2015,3.0542626
Paraguay,PRY,2020,2.4825687999999997
Paraguay,PRY,2025,2.0155249
Paraguay,PRY,2030,1.6324862
Paraguay,PRY,2035,1.3166308999999998
Paraguay,PRY,2040,1.0546309999999999
Paraguay,PRY,2045,0.8342769
Paraguay,PRY,2050,0.6500505999999999
Peru,PER,1970,24.8947643
Peru,PER,1975,20.6246875
Peru,PER,1980,16.8270391
Peru,PER,1985,13.558868700000001
Peru,PER,1990,10.8195291
Peru,PER,1995,8.7309637
Peru,PER,2000,7.023774
Peru,PER,2005,5.6285549
Peru,PER,2010,4.4001389
Peru,PER,2015,3.4224262
Peru,PER,2020,2.649584
Peru,PER,2025,2.024691
Peru,PER,2030,1.5317692
Peru,PER,2035,1.1494398
Peru,PER,2040,0.8553916
Peru,PER,2045,0.627987
Peru,PER,2050,0.4513896
Philippines,PHL,1970,11.5110387
Philippines,PHL,1975,9.0234673
Philippines,PHL,1980,7.163720199999999
Philippines,PHL,1985,5.6888278
Philippines,PHL,1990,4.5541845
Philippines,PHL,1995,3.6497816000000003
Philippines,PHL,2000,3.0288975
Philippines,PHL,2005,2.5068970999999998
Philippines,PHL,2010,2.06372
Philippines,PHL,2015,1.6983205000000001
Philippines,PHL,2020,1.3911607
Philippines,PHL,2025,1.1412448
Philippines,PHL,2030,0.9398004
Philippines,PHL,2035,0.7739439
Philippines,PHL,2040,0.6345013
Philippines,PHL,2045,0.5160866
Philippines,PHL,2050,0.4143287
Poland,POL,1970,13.4105954
Poland,POL,1975,10.5143112
Poland,POL,1980,8.342191699999999
Poland,POL,1985,6.4220049
Poland,POL,1990,4.7772311
Poland,POL,1995,3.4271698
Poland,POL,2000,2.8085092
Poland,POL,2005,2.3242711
Poland,POL,2010,1.9279629999999999
Poland,POL,2015,1.6169429999999998
Poland,POL,2020,1.3962193
Poland,POL,2025,1.2534104000000001
Poland,POL,2030,1.1704020000000002
Poland,POL,2035,1.1242872
Poland,POL,2040,1.0954425
Poland,POL,2045,1.0693044
Poland,POL,2050,1.0339945
Portugal,PRT,1970,30.6643325
Portugal,PRT,1975,25.6657682
Portugal,PRT,1980,20.6681859
Portugal,PRT,1985,17.8509971
Portugal,PRT,1990,14.622498
Portugal,PRT,1995,11.671712300000001
Portugal,PRT,2000,9.1244543
Portugal,PRT,2005,7.187848700000001
Portugal,PRT,2010,5.5053763
Portugal,PRT,2015,4.0738607
Portugal,PRT,2020,2.9225764
Portugal,PRT,2025,2.0722503
Portugal,PRT,2030,1.4828314
Portugal,PRT,2035,1.0957402
Portugal,PRT,2040,0.834981
Portugal,PRT,2045,0.6383384
Portugal,PRT,2050,0.4707149
Romania,ROU,1970,14.690824399999999
Romania,ROU,1975,12.0475959
Romania,ROU,1980,9.9376025
Romania,ROU,1985,7.8270392
Romania,ROU,1990,6.2528417
Romania,ROU,1995,5.1522751
Romania,ROU,2000,4.2969319
Romania,ROU,2005,3.5612718
Romania,ROU,2010,2.9850249
Romania,ROU,2015,2.5110034999999997
Romania,ROU,2020,2.1404387000000002
Romania,ROU,2025,1.8691381
Romania,ROU,2030,1.6805123000000002
Romania,ROU,2035,1.5460734
Romania,ROU,2040,1.4360971
Romania,ROU,2045,1.3280589
Romania,ROU,2050,1.2074287
Russia,RUS,1970,0.0000645
Russia,RUS,1975,0.0000362
Russia,RUS,1980,0.0000179
Russia,RUS,1985,0.00000754
Russia,RUS,1990,0.00000222
Russia,RUS,1995,2.65e-7
Russia,RUS,2000,2.32e-8
Rwanda,RWA,1970,67.7496216
Rwanda,RWA,1975,62.2190112
Rwanda,RWA,1980,56.8141268
Rwanda,RWA,1985,51.4559635
Rwanda,RWA,1990,45.3116325
Rwanda,RWA,1995,38.9754269
Rwanda,RWA,2000,32.134652800000005
Rwanda,RWA,2005,26.2755509
Rwanda,RWA,2010,22.1344828
Rwanda,RWA,2015,18.769395
Rwanda,RWA,2020,15.7601046
Rwanda,RWA,2025,13.0052891
Rwanda,RWA,2030,10.6567006
Rwanda,RWA,2035,8.7425754
Rwanda,RWA,2040,7.2176669
Rwanda,RWA,2045,5.9713292000000004
Rwanda,RWA,2050,4.9181625
Saudi Arabia,SAU,1970,67.23938109999999
Saudi Arabia,SAU,1975,58.3903785
Saudi Arabia,SAU,1980,48.4307343
Saudi Arabia,SAU,1985,38.2138889
Saudi Arabia,SAU,1990,30.7835684
Saudi Arabia,SAU,1995,24.5974435
Saudi Arabia,SAU,2000,19.604671500000002
Saudi Arabia,SAU,2005,15.7745093
Saudi Arabia,SAU,2010,12.878294200000001
Saudi Arabia,SAU,2015,10.557169499999999
Saudi Arabia,SAU,2020,8.5913999
Saudi Arabia,SAU,2025,6.9210495
Saudi Arabia,SAU,2030,5.5151390000000005
Saudi Arabia,SAU,2035,4.331626
Saudi Arabia,SAU,2040,3.3607865
Saudi Arabia,SAU,2045,2.5681738
Saudi Arabia,SAU,2050,1.9236471000000002
Singapore,SGP,1970,49.1757834
Singapore,SGP,1975,40.9089734
Singapore,SGP,1980,34.154436700000005
Singapore,SGP,1985,29.490573599999998
Singapore,SGP,1990,24.0040631
Singapore,SGP,1995,20.7376596
Singapore,SGP,2000,17.8056706
Singapore,SGP,2005,15.5836648
Singapore,SGP,2010,13.317457899999999
Singapore,SGP,2015,11.3279332
Singapore,SGP,2020,9.582053
Singapore,SGP,2025,7.986299299999999
Singapore,SGP,2030,6.5159673
Singapore,SGP,2035,5.168948
Singapore,SGP,2040,3.9649568000000004
Singapore,SGP,2045,2.9380936
Singapore,SGP,2050,2.0896997
Slovakia,SVK,1970,0.3997552
Slovakia,SVK,1975,0.3784114
Slovakia,SVK,1980,0.36374290000000004
Slovakia,SVK,1985,0.3484424
Slovakia,SVK,1990,0.3401285
Slovakia,SVK,1995,0.3296129
Slovakia,SVK,2000,0.3331034
Slovakia,SVK,2005,0.3189487
Slovakia,SVK,2010,0.2973176
Slovakia,SVK,2015,0.2762112
Slovakia,SVK,2020,0.25594870000000003
Slovakia,SVK,2025,0.23514539999999998
Slovakia,SVK,2030,0.21476440000000002
Slovakia,SVK,2035,0.1947475
Slovakia,SVK,2040,0.1749173
Slovakia,SVK,2045,0.15466670000000002
Slovakia,SVK,2050,0.1334354
Slovenia,SVN,1970,1.1467524999999998
Slovenia,SVN,1975,1.0321169
Slovenia,SVN,1980,0.9190724000000001
Slovenia,SVN,1985,0.8163621
Slovenia,SVN,1990,0.7221936
Slovenia,SVN,1995,0.6445179
Slovenia,SVN,2000,0.5853111999999999
Slovenia,SVN,2005,0.5230192
Slovenia,SVN,2010,0.46539499999999995
Slovenia,SVN,2015,0.4112323
Slovenia,SVN,2020,0.3608295
Slovenia,SVN,2025,0.3134304
Slovenia,SVN,2030,0.2709355
Slovenia,SVN,2035,0.233322
Slovenia,SVN,2040,0.1998439
Slovenia,SVN,2045,0.16931179999999998
Slovenia,SVN,2050,0.1407485
South Africa,ZAF,1970,40.1415885
South Africa,ZAF,1975,34.8946429
South Africa,ZAF,1980,30.1240213
South Africa,ZAF,1985,25.589002500000003
South Africa,ZAF,1990,21.6667961
South Africa,ZAF,1995,18.2999852
South Africa,ZAF,2000,15.0276933
South Africa,ZAF,2005,12.3905524
South Africa,ZAF,2010,10.0649862
South Africa,ZAF,2015,8.076146600000001
South Africa,ZAF,2020,6.410216500000001
South Africa,ZAF,2025,5.0359925
South Africa,ZAF,2030,3.9151884
South Africa,ZAF,2035,2.9960199
South Africa,ZAF,2040,2.2469554
South Africa,ZAF,2045,1.6477032999999999
South Africa,ZAF,2050,1.1816013
South Korea,KOR,1970,29.2035996
South Korea,KOR,1975,21.970917500000002
South Korea,KOR,1980,16.3007621
South Korea,KOR,1985,12.7336435
South Korea,KOR,1990,9.7279071
South Korea,KOR,1995,7.5403064
South Korea,KOR,2000,5.8707768
South Korea,KOR,2005,4.598911599999999
South Korea,KOR,2010,3.4441976999999997
South Korea,KOR,2015,2.5053176
South Korea,KOR,2020,1.7518120000000001
South Korea,KOR,2025,1.1554267
South Korea,KOR,2030,0.7191647
South Korea,KOR,2035,0.42681810000000003
South Korea,KOR,2040,0.2475768
South Korea,KOR,2045,0.1462031
South Korea,KOR,2050,0.0898829
Spain,ESP,1970,39.102751600000005
Spain,ESP,1975,34.2669952
Spain,ESP,1980,29.5248391
Spain,ESP,1985,25.2938868
Spain,ESP,1990,21.5023678
Spain,ESP,1995,18.1095988
Spain,ESP,2000,15.2748352
Spain,ESP,2005,13.405813499999999
Spain,ESP,2010,11.5392472
Spain,ESP,2015,9.737222399999999
Spain,ESP,2020,8.0502468
Spain,ESP,2025,6.5805986
Spain,ESP,2030,5.4018909
Spain,ESP,2035,4.4907426
Spain,ESP,2040,3.7832280000000003
Spain,ESP,2045,3.2089761
Spain,ESP,2050,2.7152523
Sri Lanka,LKA,1970,16.1154856
Sri Lanka,LKA,1975,13.793237999999999
Sri Lanka,LKA,1980,11.868443
Sri Lanka,LKA,1985,10.272567200000001
Sri Lanka,LKA,1990,8.6779551
Sri Lanka,LKA,1995,7.264312
Sri Lanka,LKA,2000,6.1063805
Sri Lanka,LKA,2005,5.6664181000000005
Sri Lanka,LKA,2010,4.8495454
Sri Lanka,LKA,2015,4.1527902
Sri Lanka,LKA,2020,3.5310334
Sri Lanka,LKA,2025,2.9801569
Sri Lanka,LKA,2030,2.4735155
Sri Lanka,LKA,2035,2.0102295999999997
Sri Lanka,LKA,2040,1.5932094
Sri Lanka,LKA,2045,1.2269565
Sri Lanka,LKA,2050,0.9157010999999999
Sweden,SWE,1970,0.000128
Sweden,SWE,1975,0.0000805
Sweden,SWE,1980,0.0000437
Sweden,SWE,1985,0.0000226
Sweden,SWE,1990,0.00000791
Sweden,SWE,1995,0.0000012
Sweden,SWE,2000,1.23e-7
Switzerland,CHE,1970,0.000117
Switzerland,CHE,1975,0.0000699
Switzerland,CHE,1980,0.0000387
Switzerland,CHE,1985,0.0000191
Switzerland,CHE,1990,0.00000765
Switzerland,CHE,1995,0.00000115
Switzerland,CHE,2000,1.6399999999999999e-7
Syria,SYR,1970,49.815879
Syria,SYR,1975,41.881775399999995
Syria,SYR,1980,34.5898027
Syria,SYR,1985,28.6740302
Syria,SYR,1990,23.412558999999998
Syria,SYR,1995,18.7948848
Syria,SYR,2000,14.917582800000002
Syria,SYR,2005,12.0248402
Syria,SYR,2010,9.8996037
Syria,SYR,2015,8.1486026
Syria,SYR,2020,6.6437991
Syria,SYR,2025,5.3706819
Syria,SYR,2030,4.3329647
Syria,SYR,2035,3.4987763999999997
Syria,SYR,2040,2.8242818
Syria,SYR,2045,2.2717911
Syria,SYR,2050,1.8139074000000002
Tajikistan,TJK,1970,3.8673295000000003
Tajikistan,TJK,1975,2.9237741
Tajikistan,TJK,1980,2.1492246
Tajikistan,TJK,1985,1.6043901999999999
Tajikistan,TJK,1990,1.2045552
Tajikistan,TJK,1995,0.860209
Tajikistan,TJK,2000,0.6787526
Tajikistan,TJK,2005,0.5511033000000001
Tajikistan,TJK,2010,0.4292289
Tajikistan,TJK,2015,0.3303466
Tajikistan,TJK,2020,0.2559117
Tajikistan,TJK,2025,0.2004938
Tajikistan,TJK,2030,0.1586951
Tajikistan,TJK,2035,0.1272902
Tajikistan,TJK,2040,0.1034226
Tajikistan,TJK,2045,0.0846075
Tajikistan,TJK,2050,0.0689693
Tanzania,TZA,1970,61.8947499
Tanzania,TZA,1975,55.1199496
Tanzania,TZA,1980,48.227369599999996
Tanzania,TZA,1985,41.5929926
Tanzania,TZA,1990,36.2676479
Tanzania,TZA,1995,31.9785465
Tanzania,TZA,2000,29.0938556
Tanzania,TZA,2005,26.1466552
Tanzania,TZA,2010,23.311521
Tanzania,TZA,2015,20.5573281
Tanzania,TZA,2020,17.880724400000002
Tanzania,TZA,2025,15.503511
Tanzania,TZA,2030,13.438528699999999
Tanzania,TZA,2035,11.6578883
Tanzania,TZA,2040,10.1148341
Tanzania,TZA,2045,8.7686157
Tanzania,TZA,2050,7.5895806
Thailand,THA,1970,31.6700896
Thailand,THA,1975,25.9703489
Thailand,THA,1980,21.0174796
Thailand,THA,1985,17.6341069
Thailand,THA,1990,14.6326244
Thailand,THA,1995,12.1275221
Thailand,THA,2000,10.1413606
Thailand,THA,2005,8.7573887
Thailand,THA,2010,7.4540469
Thailand,THA,2015,6.3040098
Thailand,THA,2020,5.3687859
Thailand,THA,2025,4.5622924000000005
Thailand,THA,2030,3.8620788000000004
Thailand,THA,2035,3.2377239
Thailand,THA,2040,2.6689734
Thailand,THA,2045,2.1512252999999997
Thailand,THA,2050,1.684869
Togo,TGO,1970,79.3067988
Togo,TGO,1975,73.8780764
Togo,TGO,1980,68.4023443
Togo,TGO,1985,62.002591900000006
Togo,TGO,1990,56.0150718
Togo,TGO,1995,49.5824303
Togo,TGO,2000,42.924492199999996
Togo,TGO,2005,36.965693
Togo,TGO,2010,31.6615592
Togo,TGO,2015,26.998295300000002
Togo,TGO,2020,22.9125578
Togo,TGO,2025,19.407207800000002
Togo,TGO,2030,16.4234898
Togo,TGO,2035,13.880462900000001
Togo,TGO,2040,11.701698500000001
Togo,TGO,2045,9.8263851
Togo,TGO,2050,8.2134699
Turkey,TUR,1970,49.9543062
Turkey,TUR,1975,42.841654899999995
Turkey,TUR,1980,36.9003372
Turkey,TUR,1985,31.0865993
Turkey,TUR,1990,25.8594863
Turkey,TUR,1995,21.5356903
Turkey,TUR,2000,18.8477485
Turkey,TUR,2005,16.5463042
Turkey,TUR,2010,14.397191000000001
Turkey,TUR,2015,12.4527011
Turkey,TUR,2020,10.8034138
Turkey,TUR,2025,9.3605317
Turkey,TUR,2030,8.102631200000001
Turkey,TUR,2035,7.0070354
Turkey,TUR,2040,6.0506098
Turkey,TUR,2045,5.2105259
Turkey,TUR,2050,4.4596335
Turkmenistan,TKM,1970,16.6703715
Turkmenistan,TKM,1975,11.6437414
Turkmenistan,TKM,1980,7.9929329
Turkmenistan,TKM,1985,5.5582201
Turkmenistan,TKM,1990,3.7941405999999995
Turkmenistan,TKM,1995,2.5665852
Turkmenistan,TKM,2000,1.7012893
Turkmenistan,TKM,2005,1.1002257
Turkmenistan,TKM,2010,0.71768
Turkmenistan,TKM,2015,0.4887512
Turkmenistan,TKM,2020,0.3425229
Turkmenistan,TKM,2025,0.2492956
Turkmenistan,TKM,2030,0.1885694
Turkmenistan,TKM,2035,0.1468495
Turkmenistan,TKM,2040,0.11573639999999999
Turkmenistan,TKM,2045,0.090406
Turkmenistan,TKM,2050,0.0684746
Uganda,UGA,1970,55.037597999999996
Uganda,UGA,1975,48.5002323
Uganda,UGA,1980,42.704618599999996
Uganda,UGA,1985,36.7656595
Uganda,UGA,1990,31.409342699999996
Uganda,UGA,1995,26.465035399999998
Uganda,UGA,2000,21.252846
Uganda,UGA,2005,16.7114853
Uganda,UGA,2010,13.0132308
Uganda,UGA,2015,10.077017000000001
Uganda,UGA,2020,7.7510787
Uganda,UGA,2025,5.8959575
Uganda,UGA,2030,4.4483827
Uganda,UGA,2035,3.3385448999999996
Uganda,UGA,2040,2.5011513
Uganda,UGA,2045,1.8720858999999999
Uganda,UGA,2050,1.3973327
Ukraine,UKR,1970,0.0000527
Ukraine,UKR,1975,0.0000281
Ukraine,UKR,1980,0.0000134
Ukraine,UKR,1985,0.00000414
Ukraine,UKR,1990,9.100000000000001e-7
Ukraine,UKR,1995,9.64e-8
Ukraine,UKR,2000,4.96e-9
United Kingdom,GBR,1970,0.000118
United Kingdom,GBR,1975,0.00007039999999999999
United Kingdom,GBR,1980,0.000035900000000000005
United Kingdom,GBR,1985,0.0000178
United Kingdom,GBR,1990,0.0000069499999999999995
United Kingdom,GBR,1995,0.00000126
United Kingdom,GBR,2000,1.86e-7
United States,USA,1970,1.774331
United States,USA,1975,1.403187
United States,USA,1980,1.1031189000000001
United States,USA,1985,0.87197
United States,USA,1990,0.7018089
United States,USA,1995,0.5641581
United States,USA,2000,0.46354650000000003
United States,USA,2005,0.3752429
United States,USA,2010,0.3043373
United States,USA,2015,0.2492241
United States,USA,2020,0.20469880000000001
United States,USA,2025,0.1679159
United States,USA,2030,0.13642769999999999
United States,USA,2035,0.10882990000000001
United States,USA,2040,0.0845548
United States,USA,2045,0.06353160000000001
United States,USA,2050,0.0459452
Uruguay,URY,1970,3.1166071
Uruguay,URY,1975,2.5161878
Uruguay,URY,1980,1.9862435
Uruguay,URY,1985,1.5892296
Uruguay,URY,1990,1.2632605
Uruguay,URY,1995,0.9847760000000001
Uruguay,URY,2000,0.8084817
Uruguay,URY,2005,0.6577771
Uruguay,URY,2010,0.524399
Uruguay,URY,2015,0.4176174
Uruguay,URY,2020,0.333673
Uruguay,URY,2025,0.268601
Uruguay,URY,2030,0.2179581
Uruguay,URY,2035,0.1780385
Uruguay,URY,2040,0.1458034
Uruguay,URY,2045,0.1187381
Uruguay,URY,2050,0.0951795
Uzbekistan,UZB,1970,5.8072672999999995
Uzbekistan,UZB,1975,4.2883137
Uzbekistan,UZB,1980,3.1549185
Uzbekistan,UZB,1985,2.3999683000000003
Uzbekistan,UZB,1990,1.7746722
Uzbekistan,UZB,1995,1.3266165
Uzbekistan,UZB,2000,0.967413
Uzbekistan,UZB,2005,0.7000893
Uzbekistan,UZB,2010,0.5041034
Uzbekistan,UZB,2015,0.3723643
Uzbekistan,UZB,2020,0.2771506
Uzbekistan,UZB,2025,0.2088673
Uzbekistan,UZB,2030,0.16021069999999998
Uzbekistan,UZB,2035,0.1255913
Uzbekistan,UZB,2040,0.09992580000000001
Uzbekistan,UZB,2045,0.0792056
Uzbekistan,UZB,2050,0.0611841
Vietnam,VNM,1970,31.188742400000002
Vietnam,VNM,1975,24.7472655
Vietnam,VNM,1980,19.4959106
Vietnam,VNM,1985,15.5537239
Vietnam,VNM,1990,12.750614299999999
Vietnam,VNM,1995,10.6882055
Vietnam,VNM,2000,9.02702
Vietnam,VNM,2005,7.600411
Vietnam,VNM,2010,6.4456287
Vietnam,VNM,2015,5.575681100000001
Vietnam,VNM,2020,4.8452268
Vietnam,VNM,2025,4.2379654
Vietnam,VNM,2030,3.7273735
Vietnam,VNM,2035,3.2929304999999998
Vietnam,VNM,2040,2.908301
Vietnam,VNM,2045,2.5538715
Vietnam,VNM,2050,2.2114779
Zambia,ZMB,1970,43.0875818
Zambia,ZMB,1975,36.3394634
Zambia,ZMB,1980,30.547683799999998
Zambia,ZMB,1985,25.1802275
Zambia,ZMB,1990,20.9722017
Zambia,ZMB,1995,17.6770234
Zambia,ZMB,2000,14.895683900000002
Zambia,ZMB,2005,12.3831251
Zambia,ZMB,2010,10.0983926
Zambia,ZMB,2015,8.082033800000001
Zambia,ZMB,2020,6.398967999999999
Zambia,ZMB,2025,5.0415198000000006
Zambia,ZMB,2030,3.9604984
Zambia,ZMB,2035,3.1165444
Zambia,ZMB,2040,2.4656336000000003
Zambia,ZMB,2045,1.9598978
Zambia,ZMB,2050,1.559882
Zimbabwe,ZWE,1970,38.593114899999996
Zimbabwe,ZWE,1975,32.927285
Zimbabwe,ZWE,1980,27.500321300000003
Zimbabwe,ZWE,1985,21.6805191
Zimbabwe,ZWE,1990,16.8708362
Zimbabwe,ZWE,1995,13.0679766
Zimbabwe,ZWE,2000,10.0730607
Zimbabwe,ZWE,2005,7.5234651
Zimbabwe,ZWE,2010,5.5683439
Zimbabwe,ZWE,2015,4.1586248999999995
Zimbabwe,ZWE,2020,3.1002791
Zimbabwe,ZWE,2025,2.270228
Zimbabwe,ZWE,2030,1.6257871
Zimbabwe,ZWE,2035,1.1408939
Zimbabwe,ZWE,2040,0.7870072
Zimbabwe,ZWE,2045,0.5367797
Zimbabwe,ZWE,2050,0.36524650000000003