Variable Name;.;.;.;Fiscal income  | tax unit | Average | Adults | constant 2015 local currency;Fiscal income  | tax unit | Threshold | Adults | constant 2015 local currency;Fiscal income  | tax unit | Total | Adults | constant 2015 local currency;Fiscal income  | tax unit | Share | Adults | share of total (ratio);Pre-tax national income  | tax unit | Share | Adults | share of total (ratio)
Variable Category;.;.;.;Income inequality;Income inequality;Income inequality;Income inequality;Income inequality
Variable Description;.;.;.;Average Fiscal income within a given percentile group. Fiscal income is defined as the sum of all income items reported on income tax returns, before any deduction. It includes labour income, capital income and mixed income. The concept of fiscal income varies with national tax legislations, so in order to make international comparisons it is preferable to use the concept of national income. The population is comprised of individuals over age 20. The base unit is the tax unit defined by national fiscal administrations to measure personal income taxes.;Fiscal income threshold value at a given percentile.  Fiscal income is defined as the sum of all income items reported on income tax returns, before any deduction. It includes labour income, capital income and mixed income. The concept of fiscal income varies with national tax legislations, so in order to make international comparisons it is preferable to use the concept of national income. The population is comprised of individuals over age 20. The base unit is the tax unit defined by national fiscal administrations to measure personal income taxes.;Total Fiscal income  within a given percentile group. Fiscal income is defined as the sum of all income items reported on income tax returns, before any deduction. It includes labour income, capital income and mixed income. The concept of fiscal income varies with national tax legislations, so in order to make international comparisons it is preferable to use the concept of national income. The population is comprised of individuals over age 20.;Fiscal income share held by a given percentile group. Fiscal income is defined as the sum of all income items reported on income tax returns, before any deduction. It includes labour income, capital income and mixed income. The concept of fiscal income varies with national tax legislations, so in order to make international comparisons it is preferable to use the concept of national income. The population is comprised of individuals over age 20. The base unit is the tax unit defined by national fiscal administrations to measure personal income taxes.;Pre-tax national income share held by a given percentile group. Pre-tax national income  is the sum of all pre-tax personal income flows accruing to the owners of the production factors, labor and capital, before taking into account the operation of the tax/transfer system, but after taking into account the operation of pension system. The central difference between personal factor income and pre-tax income is the treatment of pensions, which are counted on a contribution basis by factor income and on a distribution basis by pre-tax income. The population is comprised of individuals over age 20. The base unit is the tax unit defined by national fiscal administrations to measure personal income taxes.
Variable Decomposition;.;.;.;[Fiscal income ]=[Fiscal labour income ]+[Fiscal capital income ];[Fiscal income ]=[Fiscal labour income ]+[Fiscal capital income ];[Fiscal income ]=[Fiscal labour income ]+[Fiscal capital income ];[Fiscal income ]=[Fiscal labour income ]+[Fiscal capital income ];Pre-tax national income =Pre-tax labor income [total pre-tax income ranking]+Pre-tax capital income [total pre-tax income ranking]
Variable Unit;.;.;.;"USD; United States dollar | local currency | market";"USD; United States dollar | local currency | market";"USD; United States dollar | local currency | market";share;share
Methodological Notes;.;.;.;;;;;Assuming the same distribution as fiscal income.
Sources;.;.;.;Frank, Sommeiller, Price & Saez (2015);Frank, Sommeiller, Price & Saez (2015);Frank, Sommeiller, Price & Saez (2015);Frank, Sommeiller, Price & Saez (2015);WID.world computations using: Frank, Sommeiller, Price & Saez (2015)
Variable Code;country;year;perc;afiinc992t;tfiinc992t;mfiinc992t;sfiinc992t;sptinc992t
;US-DC;2014;p0p100;74730.3984375;;32902971392.0;;
;US-DC;2014;p99p100;;583870.375;;0.226853475;0.226853475
;US-DC;2014;p99.9p100;;2670068.0;;0.1028276682;0.1028276682
;US-DC;2014;p99.99p100;;12147630.0;;0.0451576337;0.0451576337
;US-DC;2014;p90p100;;149378.75;;0.5212447047;0.5212447047
;US-DC;2014;p90p91;394598.46875;;;;
;US-DC;2014;p95p96;607054.6875;;;;
;US-DC;2014;p90p95;182142.25;149378.75;;0.1190201789;0.1190201789
;US-DC;2014;p95p99;330263.59375;229805.9375;;0.1754670888;0.1754670888
;US-DC;2014;p99.5p99.9;1432652.5;926022.625;;0.0764354989;0.0764354989
;US-DC;2014;p99.9p99.99;4727661.0;2670068.0;;0.0579727627;0.0579727627
;US-DC;2014;p99p99.5;721013.5625;583870.375;;0.0476695858;0.0476695858
;US-DC;2014;p95p100;;229805.9375;;0.402318716;0.402318716
;US-DC;2014;p0p90;39189.5;;;0.478277266;0.478277266
;US-DC;2014;p0p99;58169.90625;;;0.7731465101;0.7731465101
;US-DC;2014;p99.5p100;;926022.625;;0.1791813523;0.1791813523
;US-DC;2014;p99.5p99.6;2707424.75;;;;
;US-DC;2014;p99.99p99.991;35516188.0;;;;
;US-DC;2014;p99.9p99.91;7806514.0;;;;
;US-DC;2014;p99p99.1;1714219.125;;;;
;US-DC;2013;p0p100;71331.3359375;;30354950144.0;;
;US-DC;2013;p99p100;;578903.625;;0.2209370583;0.2209370583
;US-DC;2013;p99.9p100;;2534138.0;;0.0945132896;0.0945132896
;US-DC;2013;p99.99p100;;10800347.0;;0.0397520885;0.0397520885
;US-DC;2013;p90p100;;151191.515625;;0.5274136662;0.5274136662
;US-DC;2013;p90p91;384248.90625;;;;
;US-DC;2013;p95p96;585053.4375;;;;
;US-DC;2013;p90p95;183444.40625;151191.515625;;0.1239066869;0.1239066869
;US-DC;2013;p95p99;331767.125;230202.625;;0.1827465743;0.1827465743
;US-DC;2013;p99.5p99.9;1394128.375;919927.4375;;0.0768820569;0.0768820569
;US-DC;2013;p99.9p99.99;4362048.5;2534138.0;;0.0548892058;0.0548892058
;US-DC;2013;p99p99.5;712742.125;578903.625;;0.0495493524;0.0495493524
;US-DC;2013;p95p100;;230202.625;;0.4036863148;0.4036863148
;US-DC;2013;p0p90;36562.7109375;;;0.4722740352;0.4722740352
;US-DC;2013;p0p99;55908.4296875;;;0.7790629268;0.7790629268
;US-DC;2013;p99.5p100;;919927.4375;;0.1714107394;0.1714107394
;US-DC;2013;p99.5p99.6;2483655.25;;;;
;US-DC;2013;p99.99p99.991;29159186.0;;;;
;US-DC;2013;p99.9p99.91;6841762.5;;;;
;US-DC;2013;p99p99.1;1598198.625;;;;
;US-DC;2012;p0p100;84449.0859375;;35057553408.0;;
;US-DC;2012;p99p100;2014291.0;;;0.2385213673;0.2385213673
;US-DC;2012;p99.9p100;10315162.0;;;0.1221465245;0.1221465245
;US-DC;2012;p99.99p100;50220432.0;;;0.0594682992;0.0594682992
;US-DC;2012;p90p100;;;;0.4887429476;0.4887429476
;US-DC;2012;p90p91;412738.96875;;;;
;US-DC;2012;p95p96;659993.75;;;;
;US-DC;2012;p95p100;;;;0.3907642961;0.3907642961
;US-DC;2012;p99.5p100;3296763.25;;;0.1951923519;0.1951923519
;US-DC;2011;p0p100;83409.1953125;;33447557120.0;;
;US-DC;2011;p99p100;1574353.125;;;0.1887505352;0.1887505352
;US-DC;2011;p99.9p100;6872246.5;;;0.0823919475;0.0823919475
;US-DC;2011;p99.99p100;29086536.0;;;0.034872096;0.034872096
;US-DC;2011;p90p100;;;;0.439486742;0.439486742
;US-DC;2011;p90p91;366572.375;;;;
;US-DC;2011;p95p96;565094.8125;;;;
;US-DC;2011;p95p100;;;;0.3387484848;0.3387484848
;US-DC;2011;p99.5p100;2457133.5;;;0.1472939253;0.1472939253
;US-DC;2010;p0p100;81714.1796875;;32131094528.0;;
;US-DC;2010;p99p100;1579087.75;;;0.1932452619;0.1932452619
;US-DC;2010;p99.9p100;6963054.0;;;0.0852123126;0.0852123126
;US-DC;2010;p99.99p100;30441724.0;;;0.0372539088;0.0372539088
;US-DC;2010;p90p100;;;;0.4450151622;0.4450151622
;US-DC;2010;p90p91;363640.46875;;;;
;US-DC;2010;p95p96;563234.5625;;;;
;US-DC;2010;p95p100;;;;0.3446370065;0.3446370065
;US-DC;2010;p99.5p100;2473151.25;;;0.1513293982;0.1513293982
;US-DC;2009;p0p100;79113.453125;;30346938368.0;;
;US-DC;2009;p99p100;1592510.625;;;0.2012945563;0.2012945563
;US-DC;2009;p99.9p100;7897505.0;;;0.0998250693;0.0998250693
;US-DC;2009;p99.99p100;40160108.0;;;0.0507626869;0.0507626869
;US-DC;2009;p90p100;;;;0.4585707486;0.4585707486
;US-DC;2009;p90p91;362791.125;;;;
;US-DC;2009;p95p96;567056.0625;;;;
;US-DC;2009;p95p100;;;;0.3583815992;0.3583815992
;US-DC;2009;p99.5p100;2548292.75;;;0.1610530764;0.1610530764
;US-DC;2008;p0p100;84819.9375;;32187561984.0;;
;US-DC;2008;p99p100;1679420.0;;;0.1979982704;0.1979982704
;US-DC;2008;p99.9p100;8239679.5;;;0.0971431956;0.0971431956
;US-DC;2008;p99.99p100;39410224.0;;;0.0464634001;0.0464634001
;US-DC;2008;p90p100;;;;0.445299834;0.445299834
;US-DC;2008;p90p91;377703.03125;;;;
;US-DC;2008;p95p96;590528.0625;;;;
;US-DC;2008;p95p100;;;;0.3481068909;0.3481068909
;US-DC;2008;p99.5p100;2695047.0;;;0.1588687301;0.1588687301
;US-DC;2007;p0p100;88459.703125;;32213565440.0;;
;US-DC;2007;p99p100;2211751.5;;;0.2500292659;0.2500292659
;US-DC;2007;p99.9p100;11851205.0;;;0.1339729279;0.1339729279
;US-DC;2007;p99.99p100;59788580.0;;;0.0675884932;0.0675884932
;US-DC;2007;p90p100;;;;0.500107348;0.500107348
;US-DC;2007;p90p91;442393.46875;;;;
;US-DC;2007;p95p96;714852.75;;;;
;US-DC;2007;p95p100;;;;0.4040555656;0.4040555656
;US-DC;2007;p99.5p100;3663237.5;;;0.2070568651;0.2070568651
;US-DC;2006;p0p100;89124.1640625;;30122579968.0;;
;US-DC;2006;p99p100;2116902.0;;;0.2375227958;0.2375227958
;US-DC;2006;p99.9p100;11068395.0;;;0.1241907328;0.1241907328
;US-DC;2006;p99.99p100;53705280.0;;;0.0602589436;0.0602589436
;US-DC;2006;p90p100;;;;0.4814336896;0.4814336896
;US-DC;2006;p90p91;429073.75;;;;
;US-DC;2006;p95p96;692115.5;;;;
;US-DC;2006;p95p100;;;;0.3882872462;0.3882872462
;US-DC;2006;p99.5p100;3483843.75;;;0.1954488754;0.1954488754
;US-DC;2005;p0p100;81868.6640625;;28192872448.0;;
;US-DC;2005;p99p100;1958466.125;;;0.2392204553;0.2392204553
;US-DC;2005;p99.9p100;10218083.0;;;0.1248106509;0.1248106509
;US-DC;2005;p99.99p100;49660488.0;;;0.0606587194;0.0606587194
;US-DC;2005;p90p100;;;;0.4871851206;0.4871851206
;US-DC;2005;p90p91;398852.0;;;;
;US-DC;2005;p95p96;645726.9375;;;;
;US-DC;2005;p95p100;;;;0.3943675458;0.3943675458
;US-DC;2005;p99.5p100;3214777.0;;;0.1963374317;0.1963374317
;US-DC;2004;p0p100;78160.15625;;26076635136.0;;
;US-DC;2004;p99p100;1740257.5;;;0.222652778;0.222652778
;US-DC;2004;p99.9p100;8754957.0;;;0.1120130494;0.1120130494
;US-DC;2004;p99.99p100;42167340.0;;;0.0539499186;0.0539499186
;US-DC;2004;p90p100;;;;0.4747756124;0.4747756124
;US-DC;2004;p90p91;371085.34375;;;;
;US-DC;2004;p95p96;595212.875;;;;
;US-DC;2004;p95p100;;;;0.3807649314;0.3807649314
;US-DC;2004;p99.5p100;2814738.25;;;0.1800622344;0.1800622344
;US-DC;2003;p0p100;65682.8359375;;23989055488.0;;
;US-DC;2003;p99p100;1410778.5;;;0.2147864997;0.2147864997
;US-DC;2003;p99.9p100;6818412.0;;;0.1038081348;0.1038081348
;US-DC;2003;p99.99p100;32590868.0;;;0.0496185534;0.0496185534
;US-DC;2003;p90p100;;;;0.4808516204;0.4808516204
;US-DC;2003;p90p91;315836.9375;;;;
;US-DC;2003;p95p96;492481.75;;;;
;US-DC;2003;p95p100;;;;0.3748938441;0.3748938441
;US-DC;2003;p99.5p100;2250267.5;;;0.1712979972;0.1712979972
;US-DC;2002;p0p100;67225.46875;;23484293120.0;;
;US-DC;2002;p99p100;1300912.25;;;0.1935147941;0.1935147941
;US-DC;2002;p99.9p100;5904456.5;;;0.0878306478;0.0878306478
;US-DC;2002;p99.99p100;26350808.0;;;0.0391976573;0.0391976573
;US-DC;2002;p90p100;;;;0.456369102;0.456369102
;US-DC;2002;p90p91;306796.28125;;;;
;US-DC;2002;p95p96;471774.4375;;;;
;US-DC;2002;p95p100;;;;0.3508896828;0.3508896828
;US-DC;2002;p99.5p100;2036902.625;;;0.1514978409;0.1514978409
;US-DC;2001;p0p100;70649.546875;;24340686848.0;;
;US-DC;2001;p99p100;1528245.375;;;0.2163135558;0.2163135558
;US-DC;2001;p99.9p100;7153153.0;;;0.1012484059;0.1012484059
;US-DC;2001;p99.99p100;32510132.0;;;0.0460160561;0.0460160561
;US-DC;2001;p90p100;;;;0.4735308588;0.4735308588
;US-DC;2001;p90p91;334547.375;;;;
;US-DC;2001;p95p96;525444.3125;;;;
;US-DC;2001;p95p100;;;;0.3718667328;0.3718667328
;US-DC;2001;p99.5p100;2418755.0;;;0.1711798161;0.1711798161
;US-DC;2000;p0p100;68299.140625;;23439276032.0;;
;US-DC;2000;p99p100;1883535.0;;;0.2757772803;0.2757772803
;US-DC;2000;p99.9p100;9695007.0;;;0.1419491768;0.1419491768
;US-DC;2000;p99.99p100;46225744.0;;;0.0676812977;0.0676812977
;US-DC;2000;p90p100;;;;0.5492575169;0.5492575169
;US-DC;2000;p90p91;375138.15625;;;;
;US-DC;2000;p95p96;606454.375;;;;
;US-DC;2000;p95p100;;;;0.4439692497;0.4439692497
;US-DC;2000;p99.5p100;3078373.0;;;0.225359574;0.225359574
;US-DC;1999;p0p100;68256.8046875;;21874429952.0;;
;US-DC;1999;p99p100;1177214.5;;;0.1724684387;0.1724684387
;US-DC;1999;p99.9p100;5118210.0;;;0.0749846101;0.0749846101
;US-DC;1999;p99.99p100;20295478.0;;;0.0297339987;0.0297339987
;US-DC;1999;p90p100;;;;0.4323741198;0.4323741198
;US-DC;1999;p90p91;295124.78125;;;;
;US-DC;1999;p95p96;433438.9375;;;;
;US-DC;1999;p95p100;;;;0.3175060153;0.3175060153
;US-DC;1999;p99.5p100;1827536.25;;;0.1338720769;0.1338720769
;US-DC;1998;p0p100;65754.9921875;;21016524800.0;;
;US-DC;1998;p99p100;1548837.25;;;0.2355467379;0.2355467379
;US-DC;1998;p99.9p100;7376627.0;;;0.1121835336;0.1121835336
;US-DC;1998;p99.99p100;33073532.0;;;0.050298132;0.050298132
;US-DC;1998;p90p100;;;;0.4980736971;0.4980736971
;US-DC;1998;p90p91;327508.3125;;;;
;US-DC;1998;p95p96;519651.15625;;;;
;US-DC;1998;p95p100;;;;0.395141989;0.395141989
;US-DC;1998;p99.5p100;2471344.75;;;0.1879207045;0.1879207045
;US-DC;1997;p0p100;61312.4804688;;20274642944.0;;
;US-DC;1997;p99p100;993099.375;;;0.1619734466;0.1619734466
;US-DC;1997;p99.9p100;4457785.5;;;0.0727060065;0.0727060065
;US-DC;1997;p99.99p100;19023694.0;;;0.03102744;0.03102744
;US-DC;1997;p90p100;;;;0.4190404117;0.4190404117
;US-DC;1997;p90p91;256924.078125;;;;
;US-DC;1997;p95p96;374181.625;;;;
;US-DC;1997;p95p100;;;;0.3051430881;0.3051430881
;US-DC;1997;p99.5p100;1558934.625;;;0.1271302849;0.1271302849
;US-DC;1996;p0p100;58259.4101562;;19077976064.0;;
;US-DC;1996;p99p100;1074413.5;;;0.184418872;0.184418872
;US-DC;1996;p99.9p100;4641710.5;;;0.0796731412;0.0796731412
;US-DC;1996;p99.99p100;19521952.0;;;0.0335086696;0.0335086696
;US-DC;1996;p90p100;;;;0.4469219744;0.4469219744
;US-DC;1996;p90p91;260374.09375;;;;
;US-DC;1996;p95p96;397988.21875;;;;
;US-DC;1996;p95p100;;;;0.3415655792;0.3415655792
;US-DC;1996;p99.5p100;1659932.5;;;0.1424604803;0.1424604803
;US-DC;1995;p0p100;55276.2578125;;18544302080.0;;
;US-DC;1995;p99p100;879472.625;;;0.1591049582;0.1591049582
;US-DC;1995;p99.9p100;3418432.0;;;0.06184268;0.06184268
;US-DC;1995;p99.99p100;12944533.0;;;0.0234178882;0.0234178882
;US-DC;1995;p90p100;;;;0.4206860363;0.4206860363
;US-DC;1995;p90p91;232539.484375;;;;
;US-DC;1995;p95p96;347455.59375;;;;
;US-DC;1995;p95p100;;;;0.3142900765;0.3142900765
;US-DC;1995;p99.5p100;1317142.5;;;0.1191417947;0.1191417947
;US-DC;1994;p0p100;53428.734375;;18563788800.0;;
;US-DC;1994;p99p100;909415.5;;;0.1702109426;0.1702109426
;US-DC;1994;p99.9p100;3888545.5;;;0.0727800354;0.0727800354
;US-DC;1994;p99.99p100;16689806.0;;;0.0312375072;0.0312375072
;US-DC;1994;p90p100;;;;0.4276328683;0.4276328683
;US-DC;1994;p90p91;228478.84375;;;;
;US-DC;1994;p95p96;343697.0625;;;;
;US-DC;1994;p95p100;;;;0.3216406703;0.3216406703
;US-DC;1994;p99.5p100;1398818.875;;;0.1309051067;0.1309051067
;US-DC;1993;p0p100;53505.765625;;18726617088.0;;
;US-DC;1993;p99p100;818073.8125;;;0.1528945267;0.1528945267
;US-DC;1993;p99.9p100;3191696.0;;;0.0596514419;0.0596514419
;US-DC;1993;p99.99p100;12513255.0;;;0.0233867429;0.0233867429
;US-DC;1993;p90p100;;;;0.4073974788;0.4073974788
;US-DC;1993;p90p91;217981.125;;;;
;US-DC;1993;p95p96;324393.3125;;;;
;US-DC;1993;p95p100;;;;0.3031386435;0.3031386435
;US-DC;1993;p99.5p100;1226903.75;;;0.1146515533;0.1146515533
;US-DC;1992;p0p100;52873.7460938;;18842695680.0;;
;US-DC;1992;p99p100;842497.4375;;;0.1593413651;0.1593413651
;US-DC;1992;p99.9p100;3354558.25;;;0.0634446889;0.0634446889
;US-DC;1992;p99.99p100;13267368.0;;;0.0250925422;0.0250925422
;US-DC;1992;p90p100;;;;0.416208297;0.416208297
;US-DC;1992;p90p91;220064.921875;;;;
;US-DC;1992;p95p96;326737.875;;;;
;US-DC;1992;p95p100;;;;0.3089793026;0.3089793026
;US-DC;1992;p99.5p100;1273912.25;;;0.1204673722;0.1204673722
;US-DC;1991;p0p100;51793.2929688;;18754975744.0;;
;US-DC;1991;p99p100;776574.5;;;0.1499372721;0.1499372721
;US-DC;1991;p99.9p100;2966256.0;;;0.0572710484;0.0572710484
;US-DC;1991;p99.99p100;11288645.0;;;0.0217955746;0.0217955746
;US-DC;1991;p90p100;;;;0.4102105796;0.4102105796
;US-DC;1991;p90p91;212461.546875;;;;
;US-DC;1991;p95p96;310704.71875;;;;
;US-DC;1991;p95p100;;;;0.2999468744;0.2999468744
;US-DC;1991;p99.5p100;1159477.5;;;0.1119331792;0.1119331792
;US-DC;1990;p0p100;51555.6484375;;18991308800.0;;
;US-DC;1990;p99p100;844284.75;;;0.1637618542;0.1637618542
;US-DC;1990;p99.9p100;3374817.0;;;0.0654596984;0.0654596984
;US-DC;1990;p99.99p100;13296581.0;;;0.0257907379;0.0257907379
;US-DC;1990;p90p100;;;;0.4237908125;0.4237908125
;US-DC;1990;p90p91;218488.09375;;;;
;US-DC;1990;p95p96;324471.21875;;;;
;US-DC;1990;p95p100;;;;0.3146805763;0.3146805763
;US-DC;1990;p99.5p100;1283169.75;;;0.124445118;0.124445118
;US-DC;1989;p0p100;52505.4570312;;18784008192.0;;
;US-DC;1989;p99p100;1044192.1875;;;0.1988730729;0.1988730729
;US-DC;1989;p99.9p100;5419824.0;;;0.1032240167;0.1032240167
;US-DC;1989;p99.99p100;27792820.0;;;0.0529332012;0.0529332012
;US-DC;1989;p90p100;;;;0.439067781;0.439067781
;US-DC;1989;p90p91;230534.5625;;;;
;US-DC;1989;p95p96;351464.5;;;;
;US-DC;1989;p95p100;;;;0.3346932828;0.3346932828
;US-DC;1989;p99.5p100;1709482.875;;;0.1627909839;0.1627909839
;US-DC;1988;p0p100;52052.3398438;;18547791872.0;;
;US-DC;1988;p99p100;1080125.75;;;0.2075076252;0.2075076252
;US-DC;1988;p99.9p100;5794165.0;;;0.1113142073;0.1113142073
;US-DC;1988;p99.99p100;29820474.0;;;0.0572893992;0.0572893992
;US-DC;1988;p90p100;;;;0.4451514482;0.4451514482
;US-DC;1988;p90p91;231711.75;;;;
;US-DC;1988;p95p96;354902.65625;;;;
;US-DC;1988;p95p100;;;;0.3409093916;0.3409093916
;US-DC;1988;p99.5p100;1790986.25;;;0.1720370501;0.1720370501
;US-DC;1987;p0p100;47220.25;;17062848512.0;;
;US-DC;1987;p99p100;848956.6875;;;0.1797865778;0.1797865778
;US-DC;1987;p99.9p100;4056269.75;;;0.0859010741;0.0859010741
;US-DC;1987;p99.99p100;19506916.0;;;0.0413104892;0.0413104892
;US-DC;1987;p90p100;;;;0.4397383034;0.4397383034
;US-DC;1987;p90p91;207645.515625;;;;
;US-DC;1987;p95p96;307070.40625;;;;
;US-DC;1987;p95p100;;;;0.3251469731;0.3251469731
;US-DC;1987;p99.5p100;1350059.0;;;0.1429533958;0.1429533958
;US-DC;1986;p0p100;49386.9023438;;17519720448.0;;
;US-DC;1986;p99p100;1186461.375;;;0.2402380705;0.2402380705
;US-DC;1986;p99.9p100;6742760.0;;;0.1365293264;0.1365293264
;US-DC;1986;p99.99p100;37445408.0;;;0.0758205205;0.0758205205
;US-DC;1986;p90p100;;;;0.4950989485;0.4950989485
;US-DC;1986;p90p91;244514.03125;;;;
;US-DC;1986;p95p96;379116.8125;;;;
;US-DC;1986;p95p100;;;;0.3838232458;0.3838232458
;US-DC;1986;p99.5p100;2002119.125;;;0.2026973665;0.2026973665
;US-DC;1985;p0p100;46187.1289062;;16096316416.0;;
;US-DC;1985;p99p100;947024.3125;;;0.205040738;0.205040738
;US-DC;1985;p99.9p100;5345266.5;;;0.1157306507;0.1157306507
;US-DC;1985;p99.99p100;29900468.0;;;0.0647376627;0.0647376627
;US-DC;1985;p90p100;;;;0.463867873;0.463867873
;US-DC;1985;p90p91;214247.265625;;;;
;US-DC;1985;p95p96;323419.0625;;;;
;US-DC;1985;p95p100;;;;0.3501181602;0.3501181602
;US-DC;1985;p99.5p100;1595567.375;;;0.1727285534;0.1727285534
;US-DC;1984;p0p100;44842.15625;;15359565824.0;;
;US-DC;1984;p99p100;766164.3125;;;0.1708580405;0.1708580405
;US-DC;1984;p99.9p100;3908072.75;;;0.0871517584;0.0871517584
;US-DC;1984;p99.99p100;20287370.0;;;0.0452417322;0.0452417322
;US-DC;1984;p90p100;;;;0.4442566931;0.4442566931
;US-DC;1984;p90p91;199214.296875;;;;
;US-DC;1984;p95p96;289911.9375;;;;
;US-DC;1984;p95p100;;;;0.3232582808;0.3232582808
;US-DC;1984;p99.5p100;1257372.5;;;0.1401998252;0.1401998252
;US-DC;1983;p0p100;43102.0742188;;14514307072.0;;
;US-DC;1983;p99p100;601722.625;;;0.1396041214;0.1396041214
;US-DC;1983;p99.9p100;2514566.5;;;0.0583398044;0.0583398044
;US-DC;1983;p99.99p100;10292142.0;;;0.0238785315;0.0238785315
;US-DC;1983;p90p100;;;;0.4308841228;0.4308841228
;US-DC;1983;p90p91;185719.984375;;;;
;US-DC;1983;p95p96;258918.0625;;;;
;US-DC;1983;p95p100;;;;0.3003545403;0.3003545403
;US-DC;1983;p99.5p100;943458.875;;;0.1094447225;0.1094447225
;US-DC;1982;p0p100;40212.7148438;;14295110656.0;;
;US-DC;1982;p99p100;560247.5625;;;0.1393209845;0.1393209845
;US-DC;1982;p99.9p100;2167014.25;;;0.0538887791;0.0538887791
;US-DC;1982;p99.99p100;8997512.0;;;0.0223747939;0.0223747939
;US-DC;1982;p90p100;;;;0.4233890474;0.4233890474
;US-DC;1982;p90p91;170256.234375;;;;
;US-DC;1982;p95p96;233352.078125;;;;
;US-DC;1982;p95p100;;;;0.2901471257;0.2901471257
;US-DC;1982;p99.5p100;826690.6875;;;0.1027897075;0.1027897075
;US-DC;1981;p0p100;40726.4804688;;14130026496.0;;
;US-DC;1981;p99p100;550810.5;;;0.1352462918;0.1352462918
;US-DC;1981;p99.9p100;1987581.5;;;0.0488031767;0.0488031767
;US-DC;1981;p99.99p100;6853706.5;;;0.0168286245;0.0168286245
;US-DC;1981;p90p100;;;;0.4336264431;0.4336264431
;US-DC;1981;p90p91;176600.78125;;;;
;US-DC;1981;p95p96;238707.984375;;;;
;US-DC;1981;p95p100;;;;0.2930623889;0.2930623889
;US-DC;1981;p99.5p100;810849.3125;;;0.0995481685;0.0995481685
;US-DC;1980;p0p100;41096.6328125;;14384462848.0;;
;US-DC;1980;p99p100;577968.625;;;0.1406364888;0.1406364888
;US-DC;1980;p99.9p100;2102867.5;;;0.0511688478;0.0511688478
;US-DC;1980;p99.99p100;8184521.0;;;0.0199153088;0.0199153088
;US-DC;1980;p90p100;;;;0.4120475352;0.4120475352
;US-DC;1980;p90p91;169337.65625;;;;
;US-DC;1980;p95p96;240708.484375;;;;
;US-DC;1980;p95p100;;;;0.2928566933;0.2928566933
;US-DC;1980;p99.5p100;870529.3125;;;0.1059124768;0.1059124768
;US-DC;1979;p0p100;42164.4257812;;15037462528.0;;
;US-DC;1979;p99p100;543501.125;;;0.1289003938;0.1289003938
;US-DC;1979;p99.9p100;1906317.25;;;0.0452115051;0.0452115051
;US-DC;1979;p99.99p100;7548095.5;;;0.0179015733;0.0179015733
;US-DC;1979;p90p100;;;;0.3994266093;0.3994266093
;US-DC;1979;p90p91;168415.9375;;;;
;US-DC;1979;p95p96;236373.171875;;;;
;US-DC;1979;p95p100;;;;0.2802992761;0.2802992761
;US-DC;1979;p99.5p100;798578.8125;;;0.0946981683;0.0946981683
;US-DC;1978;p0p100;44045.8984375;;15291005952.0;;
;US-DC;1978;p99p100;471443.375;;;0.1070345789;0.1070345789
;US-DC;1978;p99.9p100;1554874.25;;;0.0353012271;0.0353012271
;US-DC;1978;p99.99p100;5414736.0;;;0.0122933947;0.0122933947
;US-DC;1978;p90p100;;;;0.3601596355;0.3601596355
;US-DC;1978;p90p91;158635.53125;;;;
;US-DC;1978;p95p96;218788.09375;;;;
;US-DC;1978;p95p100;;;;0.2483637631;0.2483637631
;US-DC;1978;p99.5p100;671917.1875;;;0.0762746632;0.0762746632
;US-DC;1977;p0p100;45136.125;;15565248512.0;;
;US-DC;1977;p99p100;431130.875;;;0.0955179259;0.0955179259
;US-DC;1977;p99.9p100;1383563.625;;;0.0306531359;0.0306531359
;US-DC;1977;p99.99p100;4324735.5;;;0.0095815388;0.0095815388
;US-DC;1977;p90p100;;;;0.3371205032;0.3371205032
;US-DC;1977;p90p91;152163.125;;;;
;US-DC;1977;p95p96;209205.84375;;;;
;US-DC;1977;p95p100;;;;0.2317498922;0.2317498922
;US-DC;1977;p99.5p100;607385.125;;;0.0672837049;0.0672837049
;US-DC;1976;p0p100;44815.1445312;;15361195008.0;;
;US-DC;1976;p99p100;419281.1875;;;0.0935579091;0.0935579091
;US-DC;1976;p99.9p100;1244811.0;;;0.0277765673;0.0277765673
;US-DC;1976;p99.99p100;3278004.5;;;0.0073145004;0.0073145004
;US-DC;1976;p90p100;;;;0.3543547392;0.3543547392
;US-DC;1976;p90p91;158804.609375;;;;
;US-DC;1976;p95p96;209948.859375;;;;
;US-DC;1976;p95p100;;;;0.234238714;0.234238714
;US-DC;1976;p99.5p100;586174.75;;;0.0653991774;0.0653991774
;US-DC;1975;p0p100;44295.8945312;;15101087744.0;;
;US-DC;1975;p99p100;400684.59375;;;0.090456374;0.090456374
;US-DC;1975;p99.9p100;1191099.875;;;0.0268896241;0.0268896241
;US-DC;1975;p99.99p100;3096358.75;;;0.006990171;0.006990171
;US-DC;1975;p90p100;;;;0.3326221406;0.3326221406
;US-DC;1975;p90p91;147337.953125;;;;
;US-DC;1975;p95p96;197201.15625;;;;
;US-DC;1975;p95p100;;;;0.2225953192;0.2225953192
;US-DC;1975;p99.5p100;570135.625;;;0.0643553585;0.0643553585
;US-DC;1974;p0p100;46009.453125;;15596014592.0;;
;US-DC;1974;p99p100;502389.25;;;0.1091926172;0.1091926172
;US-DC;1974;p99.9p100;1767172.625;;;0.0384089053;0.0384089053
;US-DC;1974;p99.99p100;6651933.5;;;0.0144577539;0.0144577539
;US-DC;1974;p90p100;;;;0.3385600448;0.3385600448
;US-DC;1974;p90p91;155769.609375;;;;
;US-DC;1974;p95p96;217278.5;;;;
;US-DC;1974;p95p100;;;;0.2361237556;0.2361237556
;US-DC;1974;p99.5p100;729428.9375;;;0.0792694762;0.0792694762
;US-DC;1973;p0p100;46218.890625;;15590288384.0;;
;US-DC;1973;p99p100;447150.9375;;;0.0967463627;0.0967463627
;US-DC;1973;p99.9p100;1507906.125;;;0.032625325;0.032625325
;US-DC;1973;p99.99p100;5275941.5;;;0.0114151202;0.0114151202
;US-DC;1973;p90p100;;;;0.3448548019;0.3448548019
;US-DC;1973;p90p91;159388.03125;;;;
;US-DC;1973;p95p96;216337.0;;;;
;US-DC;1973;p95p100;;;;0.2340352684;0.2340352684
;US-DC;1973;p99.5p100;612172.625;;;0.0662253723;0.0662253723
;US-DC;1972;p0p100;47301.4375;;15871991808.0;;
;US-DC;1972;p99p100;494219.125;;;0.1044829041;0.1044829041
;US-DC;1972;p99.9p100;1680270.375;;;0.0355226025;0.0355226025
;US-DC;1972;p99.99p100;5204432.5;;;0.0110026933;0.0110026933
;US-DC;1972;p90p100;;;;0.3272992671;0.3272992671
;US-DC;1972;p90p91;154817.265625;;;;
;US-DC;1972;p95p96;215433.5625;;;;
;US-DC;1972;p95p100;;;;0.2277241051;0.2277241051
;US-DC;1972;p99.5p100;724867.5;;;0.0766221434;0.0766221434
;US-DC;1971;p0p100;45836.0585938;;15283092480.0;;
;US-DC;1971;p99p100;476160.25;;;0.1038833261;0.1038833261
;US-DC;1971;p99.9p100;1599146.75;;;0.0348883979;0.0348883979
;US-DC;1971;p99.99p100;5532275.5;;;0.0120697003;0.0120697003
;US-DC;1971;p90p100;;;;0.3459304869;0.3459304869
;US-DC;1971;p90p91;158560.90625;;;;
;US-DC;1971;p95p96;216516.15625;;;;
;US-DC;1971;p95p100;;;;0.2361853719;0.2361853719
;US-DC;1971;p99.5p100;694601.625;;;0.0757702067;0.0757702067
;US-DC;1970;p0p100;44338.9140625;;14663057408.0;;
;US-DC;1970;p99p100;457515.6875;;;0.1031860411;0.1031860411
;US-DC;1970;p99.9p100;1426867.375;;;0.0321809277;0.0321809277
;US-DC;1970;p99.99p100;4740649.0;;;0.0106918467;0.0106918467
;US-DC;1970;p90p100;;;;0.3437758386;0.3437758386
;US-DC;1970;p90p91;152426.46875;;;;
;US-DC;1970;p95p96;207435.5;;;;
;US-DC;1970;p95p100;;;;0.2339203656;0.2339203656
;US-DC;1970;p99.5p100;651520.375;;;0.0734704882;0.0734704882
;US-DC;1969;p0p100;43483.375;;14378706944.0;;
;US-DC;1969;p99p100;488472.71875;;;0.1123355031;0.1123355031
;US-DC;1969;p99.9p100;1763855.5;;;0.0405639;0.0405639
;US-DC;1969;p99.99p100;6687191.5;;;0.0153787304;0.0153787304
;US-DC;1969;p90p100;;;;0.3405935466;0.3405935466
;US-DC;1969;p90p91;148101.578125;;;;
;US-DC;1969;p95p96;206547.546875;;;;
;US-DC;1969;p95p100;;;;0.2375017256;0.2375017256
;US-DC;1969;p99.5p100;720902.5625;;;0.0828940421;0.0828940421
;US-DC;1968;p0p100;48380.9257812;;16026067968.0;;
;US-DC;1968;p99p100;533070.1875;;;0.1101818904;0.1101818904
;US-DC;1968;p99.9p100;1945995.75;;;0.0402223729;0.0402223729
;US-DC;1968;p99.99p100;7080805.5;;;0.0146355312;0.0146355312
;US-DC;1968;p90p100;;;;0.3035249412;0.3035249412
;US-DC;1968;p90p91;146848.171875;;;;
;US-DC;1968;p95p96;214563.140625;;;;
;US-DC;1968;p95p100;;;;0.2217435241;0.2217435241
;US-DC;1968;p99.5p100;793038.3125;;;0.08195775;0.08195775
;US-DC;1967;p0p100;47844.9609375;;15872157696.0;;
;US-DC;1967;p99p100;512242.5625;;;0.1070630178;0.1070630178
;US-DC;1967;p99.9p100;1825909.75;;;0.0381630547;0.0381630547
;US-DC;1967;p99.99p100;6345011.5;;;0.0132616097;0.0132616097
;US-DC;1967;p90p100;;;;0.3234072924;0.3234072924
;US-DC;1967;p90p91;154734.078125;;;;
;US-DC;1967;p95p96;220101.1875;;;;
;US-DC;1967;p95p100;;;;0.2300150245;0.2300150245
;US-DC;1967;p99.5p100;750759.0625;;;0.0784574896;0.0784574896
;US-DC;1966;p0p100;45377.5703125;;15061875712.0;;
;US-DC;1966;p99p100;507039.90625;;;0.1117380112;0.1117380112
;US-DC;1966;p99.9p100;2006983.625;;;0.0442285426;0.0442285426
;US-DC;1966;p99.99p100;8819604.0;;;0.0194360428;0.0194360428
;US-DC;1966;p90p100;;;;0.3335928917;0.3335928917
;US-DC;1966;p90p91;151376.34375;;;;
;US-DC;1966;p95p96;212727.234375;;;;
;US-DC;1966;p95p100;;;;0.2343969047;0.2343969047
;US-DC;1966;p99.5p100;761151.5;;;0.0838686973;0.0838686973
;US-DC;1965;p0p100;44767.1289062;;14856970240.0;;
;US-DC;1965;p99p100;510379.21875;;;0.1140075698;0.1140075698
;US-DC;1965;p99.9p100;1763646.5;;;0.0393960141;0.0393960141
;US-DC;1965;p99.99p100;6176603.5;;;0.0137971835;0.0137971835
;US-DC;1965;p90p100;;;;0.3277281821;0.3277281821
;US-DC;1965;p90p91;146714.5;;;;
;US-DC;1965;p95p96;208661.921875;;;;
;US-DC;1965;p95p100;;;;0.2330525964;0.2330525964
;US-DC;1965;p99.5p100;733608.5;;;0.0819360688;0.0819360688
;US-DC;1964;p0p100;42033.6171875;;13933841408.0;;
;US-DC;1964;p99p100;520280.78125;;;0.123777315;0.123777315
;US-DC;1964;p99.9p100;1866787.5;;;0.0444117785;0.0444117785
;US-DC;1964;p99.99p100;7421648.5;;;0.0176564623;0.0176564623
;US-DC;1964;p90p100;;;;0.3443242311;0.3443242311
;US-DC;1964;p90p91;144731.921875;;;;
;US-DC;1964;p95p96;208888.078125;;;;
;US-DC;1964;p95p100;;;;0.2484774143;0.2484774143
;US-DC;1964;p99.5p100;756883.3125;;;0.0900330991;0.0900330991
;US-DC;1963;p0p100;39792.8554688;;13157183488.0;;
;US-DC;1963;p99p100;459612.1875;;;0.1155011877;0.1155011877
;US-DC;1963;p99.9p100;1731316.625;;;0.0435082316;0.0435082316
;US-DC;1963;p99.99p100;7708167.5;;;0.0193707328;0.0193707328
;US-DC;1963;p90p100;;;;0.3367762268;0.3367762268
;US-DC;1963;p90p91;134012.875;;;;
;US-DC;1963;p95p96;189814.015625;;;;
;US-DC;1963;p95p100;;;;0.2385026515;0.2385026515
;US-DC;1963;p99.5p100;676436.0;;;0.0849946588;0.0849946588
;US-DC;1962;p0p100;37640.9257812;;12407020544.0;;
;US-DC;1962;p99p100;448893.15625;;;0.1192566901;0.1192566901
;US-DC;1962;p99.9p100;1620051.875;;;0.043039646;0.043039646
;US-DC;1962;p99.99p100;6209916.0;;;0.0164977796;0.0164977796
;US-DC;1962;p90p100;;;;0.3496601582;0.3496601582
;US-DC;1962;p90p91;131615.3125;;;;
;US-DC;1962;p95p96;187160.875;;;;
;US-DC;1962;p95p100;;;;0.2486135662;0.2486135662
;US-DC;1962;p99.5p100;654936.625;;;0.0869979486;0.0869979486
;US-DC;1961;p0p100;35832.4453125;;11762217984.0;;
;US-DC;1961;p99p100;466921.0;;;0.1303067505;0.1303067505
;US-DC;1961;p99.9p100;1630663.125;;;0.0455080047;0.0455080047
;US-DC;1961;p99.99p100;6112754.5;;;0.0170592722;0.0170592722
;US-DC;1961;p90p100;;;;0.3881354332;0.3881354332
;US-DC;1961;p90p91;139078.421875;;;;
;US-DC;1961;p95p96;197864.984375;;;;
;US-DC;1961;p95p100;;;;0.2760975063;0.2760975063
;US-DC;1961;p99.5p100;680766.75;;;0.0949930623;0.0949930623
;US-DC;1960;p0p100;34012.203125;;11104887808.0;;
;US-DC;1960;p99p100;403660.53125;;;0.1186810881;0.1186810881
;US-DC;1960;p99.9p100;1311025.5;;;0.0385457389;0.0385457389
;US-DC;1960;p99.99p100;4441467.0;;;0.013058451;0.013058451
;US-DC;1960;p90p100;;;;0.371448487;0.371448487
;US-DC;1960;p90p91;126337.820312;;;;
;US-DC;1960;p95p96;177637.546875;;;;
;US-DC;1960;p95p100;;;;0.2611379623;0.2611379623
;US-DC;1960;p99.5p100;567251.125;;;0.0833893567;0.0833893567
;US-DC;1959;p0p100;34509.328125;;11290101760.0;;
;US-DC;1959;p99p100;481282.90625;;;0.1394645721;0.1394645721
;US-DC;1959;p99.9p100;1505479.625;;;0.0436252952;0.0436252952
;US-DC;1959;p99.99p100;5194901.5;;;0.015053615;0.015053615
;US-DC;1959;p90p100;;;;0.3844517171;0.3844517171
;US-DC;1959;p90p91;132671.703125;;;;
;US-DC;1959;p95p96;192943.640625;;;;
;US-DC;1959;p95p100;;;;0.2795528769;0.2795528769
;US-DC;1959;p99.5p100;700351.4375;;;0.1014727652;0.1014727652
;US-DC;1958;p0p100;33204.171875;;10873226240.0;;
;US-DC;1958;p99p100;350608.78125;;;0.1055917814;0.1055917814
;US-DC;1958;p99.9p100;1131422.875;;;0.0340747237;0.0340747237
;US-DC;1958;p99.99p100;3593956.0;;;0.0108238086;0.0108238086
;US-DC;1958;p90p100;;;;0.3469762206;0.3469762206
;US-DC;1958;p90p91;115210.578125;;;;
;US-DC;1958;p95p96;159248.15625;;;;
;US-DC;1958;p95p100;;;;0.2398014367;0.2398014367
;US-DC;1958;p99.5p100;510303.0625;;;0.076843217;0.076843217
;US-DC;1957;p0p100;33237.0351562;;10891668480.0;;
;US-DC;1957;p99p100;352651.78125;;;0.1061020643;0.1061020643
;US-DC;1957;p99.9p100;1117675.5;;;0.0336274132;0.0336274132
;US-DC;1957;p99.99p100;3362749.5;;;0.0101174777;0.0101174777
;US-DC;1957;p90p100;;;;0.3321187794;0.3321187794
;US-DC;1957;p90p91;110386.421875;;;;
;US-DC;1957;p95p96;153527.015625;;;;
;US-DC;1957;p95p100;;;;0.2309577614;0.2309577614
;US-DC;1957;p99.5p100;509568.8125;;;0.0766567811;0.0766567811
;US-DC;1956;p0p100;33927.8046875;;11108127744.0;;
;US-DC;1956;p99p100;385003.15625;;;0.1134771854;0.1134771854
;US-DC;1956;p99.9p100;1248355.875;;;0.0367944799;0.0367944799
;US-DC;1956;p99.99p100;4546230.5;;;0.0133997193;0.0133997193
;US-DC;1956;p90p100;;;;0.3430919647;0.3430919647
;US-DC;1956;p90p91;116403.5625;;;;
;US-DC;1956;p95p96;162473.515625;;;;
;US-DC;1956;p95p100;;;;0.2394400686;0.2394400686
;US-DC;1956;p99.5p100;546005.5625;;;0.0804657936;0.0804657936
;US-DC;1955;p0p100;33629.7421875;;11001858048.0;;
;US-DC;1955;p99p100;385053.8125;;;0.1144979969;0.1144979969
;US-DC;1955;p99.9p100;1304405.0;;;0.0387872458;0.0387872458
;US-DC;1955;p99.99p100;4321080.5;;;0.0128489845;0.0128489845
;US-DC;1955;p90p100;;;;0.3554471135;0.3554471135
;US-DC;1955;p90p91;119535.945312;;;;
;US-DC;1955;p95p96;164131.84375;;;;
;US-DC;1955;p95p100;;;;0.2440278232;0.2440278232
;US-DC;1955;p99.5p100;555115.625;;;0.0825334415;0.0825334415
;US-DC;1954;p0p100;34013.78125;;11117251584.0;;
;US-DC;1954;p99p100;367912.125;;;0.1081656143;0.1081656143
;US-DC;1954;p99.9p100;1206839.375;;;0.0354808979;0.0354808979
;US-DC;1954;p99.99p100;3959207.0;;;0.0116400085;0.0116400085
;US-DC;1954;p90p100;;;;0.3336413801;0.3336413801
;US-DC;1954;p90p91;113484.046875;;;;
;US-DC;1954;p95p96;156908.34375;;;;
;US-DC;1954;p95p100;;;;0.2306540906;0.2306540906
;US-DC;1954;p99.5p100;527681.5625;;;0.0775687918;0.0775687918
;US-DC;1953;p0p100;34992.9648438;;11425221632.0;;
;US-DC;1953;p99p100;327989.90625;;;0.0937302411;0.0937302411
;US-DC;1953;p99.9p100;1042737.75;;;0.0297984984;0.0297984984
;US-DC;1953;p99.99p100;3299626.75;;;0.0094294008;0.0094294008
;US-DC;1953;p90p100;;;;0.3055453598;0.3055453598
;US-DC;1953;p90p91;106919.375;;;;
;US-DC;1953;p95p96;144076.8125;;;;
;US-DC;1953;p95p100;;;;0.205865398;0.205865398
;US-DC;1953;p99.5p100;468472.9375;;;0.0669381618;0.0669381618
;US-DC;1952;p0p100;36819.7421875;;12018697216.0;;
;US-DC;1952;p99p100;349822.78125;;;0.0950095654;0.0950095654
;US-DC;1952;p99.9p100;1047641.125;;;0.028453242;0.028453242
;US-DC;1952;p99.99p100;2936296.5;;;0.0079747885;0.0079747885
;US-DC;1952;p90p100;;;;0.3184154034;0.3184154034
;US-DC;1952;p90p91;117239.734375;;;;
;US-DC;1952;p95p96;157635.296875;;;;
;US-DC;1952;p95p100;;;;0.2140635401;0.2140635401
;US-DC;1952;p99.5p100;495940.0625;;;0.0673470348;0.0673470348
;US-DC;1951;p0p100;36245.5664062;;11819291648.0;;
;US-DC;1951;p99p100;376840.75;;;0.1039687693;0.1039687693
;US-DC;1951;p99.9p100;1177067.25;;;0.0324747898;0.0324747898
;US-DC;1951;p99.99p100;3635907.5;;;0.0100313155;0.0100313155
;US-DC;1951;p90p100;;;;0.2985606194;0.2985606194
;US-DC;1951;p90p91;108215.0;;;;
;US-DC;1951;p95p96;156896.765625;;;;
;US-DC;1951;p95p100;;;;0.2164357901;0.2164357901
;US-DC;1951;p99.5p100;538213.5625;;;0.0742454305;0.0742454305
;US-DC;1950;p0p100;37020.6328125;;12059171840.0;;
;US-DC;1950;p99p100;404197.96875;;;0.1091818064;0.1091818064
;US-DC;1950;p99.9p100;1358712.5;;;0.036701493;0.036701493
;US-DC;1950;p99.99p100;3687772.25;;;0.0099613974;0.0099613974
;US-DC;1950;p90p100;;;;0.2998423576;0.2998423576
;US-DC;1950;p90p91;111003.539062;;;;
;US-DC;1950;p95p96;163832.328125;;;;
;US-DC;1950;p95p100;;;;0.2212716341;0.2212716341
;US-DC;1950;p99.5p100;583380.75;;;0.078791298;0.078791298
;US-DC;1949;p0p100;35827.46875;;11447801856.0;;
;US-DC;1949;p99p100;331137.375;;;0.0924255475;0.0924255475
;US-DC;1949;p99.9p100;996012.875;;;0.0278002582;0.0278002582
;US-DC;1949;p99.99p100;2719521.75;;;0.0075906045;0.0075906045
;US-DC;1949;p90p100;;;;0.280662179;0.280662179
;US-DC;1949;p90p91;100554.164062;;;;
;US-DC;1949;p95p96;144992.421875;;;;
;US-DC;1949;p95p100;;;;0.2023481131;0.2023481131
;US-DC;1949;p99.5p100;470152.4375;;;0.0656133965;0.0656133965
;US-DC;1948;p0p100;35138.7109375;;11045965824.0;;
;US-DC;1948;p99p100;344251.46875;;;0.0979692936;0.0979692936
;US-DC;1948;p99.9p100;1072856.0;;;0.0305320285;0.0305320285
;US-DC;1948;p99.99p100;3245991.5;;;0.0092376508;0.0092376508
;US-DC;1948;p90p100;;;;0.2882567346;0.2882567346
;US-DC;1948;p90p91;101289.695312;;;;
;US-DC;1948;p95p96;145067.34375;;;;
;US-DC;1948;p95p100;;;;0.2064209729;0.2064209729
;US-DC;1948;p99.5p100;490928.71875;;;0.0698558241;0.0698558241
;US-DC;1947;p0p100;34806.6445312;;10762691584.0;;
;US-DC;1947;p99p100;333030.65625;;;0.0956801921;0.0956801921
;US-DC;1947;p99.9p100;1008331.0625;;;0.0289694984;0.0289694984
;US-DC;1947;p99.99p100;2779399.25;;;0.0079852547;0.0079852547
;US-DC;1947;p90p100;;;;0.2877119184;0.2877119184
;US-DC;1947;p90p91;100142.867188;;;;
;US-DC;1947;p95p96;141729.90625;;;;
;US-DC;1947;p95p100;;;;0.2035960406;0.2035960406
;US-DC;1947;p99.5p100;472520.0;;;0.0678778365;0.0678778365
;US-DC;1946;p0p100;38490.7617188;;11682063360.0;;
;US-DC;1946;p99p100;395300.34375;;;0.1027000546;0.1027000546
;US-DC;1946;p99.9p100;1201650.625;;;0.0312191956;0.0312191956
;US-DC;1946;p99.99p100;3317147.75;;;0.0086180363;0.0086180363
;US-DC;1946;p90p100;;;;0.2913174927;0.2913174927
;US-DC;1946;p90p91;112130.328125;;;;
;US-DC;1946;p95p96;165362.21875;;;;
;US-DC;1946;p95p100;;;;0.2148076743;0.2148076743
;US-DC;1946;p99.5p100;562408.9375;;;0.073057659;0.073057659
;US-DC;1945;p0p100;39314.7382812;;11812763648.0;;
;US-DC;1945;p99p100;394305.53125;;;0.1002945825;0.1002945825
;US-DC;1945;p99.9p100;1229006.75;;;0.0312607102;0.0312607102
;US-DC;1945;p99.99p100;3296282.75;;;0.0083843432;0.0083843432
;US-DC;1945;p90p100;;;;0.2694782019;0.2694782019
;US-DC;1945;p90p91;105944.648438;;;;
;US-DC;1945;p95p96;154773.21875;;;;
;US-DC;1945;p95p100;;;;0.196838662;0.196838662
;US-DC;1945;p99.5p100;569207.1875;;;0.0723910704;0.0723910704
;US-DC;1944;p0p100;38596.4335938;;11471490048.0;;
;US-DC;1944;p99p100;330295.78125;;;0.0855767727;0.0855767727
;US-DC;1944;p99.9p100;1018478.375;;;0.0263878927;0.0263878927
;US-DC;1944;p99.99p100;2683942.5;;;0.006953863;0.006953863
;US-DC;1944;p90p100;;;;0.2407441139;0.2407441139
;US-DC;1944;p90p91;92918.625;;;;
;US-DC;1944;p95p96;133508.390625;;;;
;US-DC;1944;p95p100;;;;0.1729543507;0.1729543507
;US-DC;1944;p99.5p100;472258.15625;;;0.0611790009;0.0611790009
;US-DC;1943;p0p100;42455.2695312;;12466305024.0;;
;US-DC;1943;p99p100;421404.59375;;;0.0992584899;0.0992584899
;US-DC;1943;p99.9p100;1310501.625;;;0.0308678206;0.0308678206
;US-DC;1943;p99.99p100;3352228.75;;;0.0078959074;0.0078959074
;US-DC;1943;p90p100;;;;0.2628430128;0.2628430128
;US-DC;1943;p90p91;111590.71875;;;;
;US-DC;1943;p95p96;165687.0625;;;;
;US-DC;1943;p95p100;;;;0.1951313317;0.1951313317
;US-DC;1943;p99.5p100;607085.1875;;;0.071497038;0.071497038
;US-DC;1942;p0p100;38116.40625;;11035438080.0;;
;US-DC;1942;p99p100;406487.625;;;0.1066437587;0.1066437587
;US-DC;1942;p99.9p100;1249680.75;;;0.0327859074;0.0327859074
;US-DC;1942;p99.99p100;3174563.75;;;0.0083286026;0.0083286026
;US-DC;1942;p90p100;;;;0.2833659649;0.2833659649
;US-DC;1942;p90p91;108008.90625;;;;
;US-DC;1942;p95p96;158431.0625;;;;
;US-DC;1942;p95p100;;;;0.2078253031;0.2078253031
;US-DC;1942;p99.5p100;586128.0;;;0.0768865868;0.0768865868
;US-DC;1941;p0p100;33048.1835938;;9460371456.0;;
;US-DC;1941;p99p100;417942.125;;;0.1264644712;0.1264644712
;US-DC;1941;p99.9p100;1329676.25;;;0.0402344726;0.0402344726
;US-DC;1941;p99.99p100;3425140.75;;;0.0103640817;0.0103640817
;US-DC;1941;p90p100;;;;0.3301681578;0.3301681578
;US-DC;1941;p90p91;109114.585938;;;;
;US-DC;1941;p95p96;161150.71875;;;;
;US-DC;1941;p95p100;;;;0.2438117713;0.2438117713
;US-DC;1941;p99.5p100;609242.25;;;0.092174843;0.092174843
;US-DC;1940;p0p100;31030.0039062;;8791746560.0;;
;US-DC;1940;p99p100;373172.75;;;0.1202619001;0.1202619001
;US-DC;1940;p99.9p100;1157287.5;;;0.037295755;0.037295755
;US-DC;1940;p99.99p100;2930508.75;;;0.009444112;0.009444112
;US-DC;1940;p90p100;;;;0.3359145522;0.3359145522
;US-DC;1940;p90p91;104234.3125;;;;
;US-DC;1940;p95p96;151130.6875;;;;
;US-DC;1940;p95p100;;;;0.2435234636;0.2435234636
;US-DC;1940;p99.5p100;541100.875;;;0.0871899426;0.0871899426
;US-DC;1939;p0p100;29649.8359375;;8125232128.0;;
;US-DC;1939;p99p100;360788.53125;;;0.1216831431;0.1216831431
;US-DC;1939;p99.9p100;1161579.75;;;0.0391765982;0.0391765982
;US-DC;1939;p99.99p100;3409655.5;;;0.0114997448;0.0114997448
;US-DC;1939;p90p100;;;;0.3642284572;0.3642284572
;US-DC;1939;p90p91;107993.140625;;;;
;US-DC;1939;p95p96;146930.75;;;;
;US-DC;1939;p95p100;;;;0.2477766573;0.2477766573
;US-DC;1939;p99.5p100;524648.9375;;;0.0884741768;0.0884741768
;US-DC;1938;p0p100;28848.8984375;;7657213952.0;;
;US-DC;1938;p99p100;350691.21875;;;0.1215614006;0.1215614006
;US-DC;1938;p99.9p100;1201990.125;;;0.0416650288;0.0416650288
;US-DC;1938;p99.99p100;3845907.0;;;0.0133312093;0.0133312093
;US-DC;1938;p90p100;;;;0.3713116646;0.3713116646
;US-DC;1938;p90p91;107119.320312;;;;
;US-DC;1938;p95p96;141625.90625;;;;
;US-DC;1938;p95p100;;;;0.2454615533;0.2454615533
;US-DC;1938;p99.5p100;513996.53125;;;0.0890842602;0.0890842602
;US-DC;1937;p0p100;29802.8613281;;7664799744.0;;
;US-DC;1937;p99p100;392482.0625;;;0.1316927373;0.1316927373
;US-DC;1937;p99.9p100;1289617.0;;;0.0432715826;0.0432715826
;US-DC;1937;p99.99p100;3586279.0;;;0.0120333377;0.0120333377
;US-DC;1937;p90p100;;;;0.3773583174;0.3773583174
;US-DC;1937;p90p91;112463.585938;;;;
;US-DC;1937;p95p96;153514.8125;;;;
;US-DC;1937;p95p100;;;;0.2575504482;0.2575504482
;US-DC;1937;p99.5p100;577254.9375;;;0.0968455598;0.0968455598
;US-DC;1936;p0p100;30949.921875;;7726272512.0;;
;US-DC;1936;p99p100;440987.0;;;0.1424840391;0.1424840391
;US-DC;1936;p99.9p100;1519230.375;;;0.0490867272;0.0490867272
;US-DC;1936;p99.99p100;4549713.0;;;0.0147002414;0.0147002414
;US-DC;1936;p90p100;;;;0.4037024975;0.4037024975
;US-DC;1936;p90p91;124945.617188;;;;
;US-DC;1936;p95p96;168783.671875;;;;
;US-DC;1936;p95p100;;;;0.2726722062;0.2726722062
;US-DC;1936;p99.5p100;657589.9375;;;0.1062345058;0.1062345058
;US-DC;1935;p0p100;27759.8222656;;6724944384.0;;
;US-DC;1935;p99p100;352950.65625;;;0.1271444261;0.1271444261
;US-DC;1935;p99.9p100;1134534.5;;;0.0408696644;0.0408696644
;US-DC;1935;p99.99p100;3096852.75;;;0.011155881;0.011155881
;US-DC;1935;p90p100;;;;0.4097903073;0.4097903073
;US-DC;1935;p90p91;113757.054688;;;;
;US-DC;1935;p95p96;146743.734375;;;;
;US-DC;1935;p95p100;;;;0.2643095851;0.2643095851
;US-DC;1935;p99.5p100;513404.9375;;;0.0924726576;0.0924726576
;US-DC;1934;p0p100;25227.2851562;;5927209984.0;;
;US-DC;1934;p99p100;310180.40625;;;0.1229543388;0.1229543388
;US-DC;1934;p99.9p100;963245.5625;;;0.038182687;0.038182687
;US-DC;1934;p99.99p100;2167261.5;;;0.0085909422;0.0085909422
;US-DC;1934;p90p100;;;;0.4321966469;0.4321966469
;US-DC;1934;p90p91;109031.476562;;;;
;US-DC;1934;p95p96;138671.34375;;;;
;US-DC;1934;p95p100;;;;0.274843961;0.274843961
;US-DC;1934;p99.5p100;448133.125;;;0.0888191313;0.0888191313
;US-DC;1933;p0p100;25023.328125;;5705702912.0;;
;US-DC;1933;p99p100;292433.90625;;;0.1168645024;0.1168645024
;US-DC;1933;p99.9p100;961597.125;;;0.0384280272;0.0384280272
;US-DC;1933;p99.99p100;2360826.25;;;0.0094345007;0.0094345007
;US-DC;1933;p90p100;;;;0.4102025032;0.4102025032
;US-DC;1933;p90p91;102646.320312;;;;
;US-DC;1933;p95p96;127839.234375;;;;
;US-DC;1933;p95p100;;;;0.2554401159;0.2554401159
;US-DC;1933;p99.5p100;428344.375;;;0.0855890065;0.0855890065
;US-DC;1932;p0p100;28091.2871094;;6218921984.0;;
;US-DC;1932;p99p100;312525.8125;;;0.1112536564;0.1112536564
;US-DC;1932;p99.9p100;1006741.375;;;0.0358382091;0.0358382091
;US-DC;1932;p99.99p100;2536479.5;;;0.0090294173;0.0090294173
;US-DC;1932;p90p100;;;;0.4006079733;0.4006079733
;US-DC;1932;p90p91;112535.9375;;;;
;US-DC;1932;p95p96;137899.796875;;;;
;US-DC;1932;p95p100;;;;0.2454494089;0.2454494089
;US-DC;1932;p99.5p100;453672.5625;;;0.0807496905;0.0807496905
;US-DC;1931;p0p100;28574.8789062;;6138863616.0;;
;US-DC;1931;p99p100;363008.125;;;0.1270375103;0.1270375103
;US-DC;1931;p99.9p100;1218845.0;;;0.0426544286;0.0426544286
;US-DC;1931;p99.99p100;3283076.5;;;0.0114893802;0.0114893802
;US-DC;1931;p90p100;;;;0.4516328573;0.4516328573
;US-DC;1931;p90p91;129053.53125;;;;
;US-DC;1931;p95p96;154749.578125;;;;
;US-DC;1931;p95p100;;;;0.2707790434;0.2707790434
;US-DC;1931;p99.5p100;530804.5;;;0.092879571;0.092879571
;US-DC;1930;p0p100;27878.484375;;5804403712.0;;
;US-DC;1930;p99p100;391632.8125;;;0.1404785216;0.1404785216
;US-DC;1930;p99.9p100;1376777.625;;;0.0493849479;0.0493849479
;US-DC;1930;p99.99p100;3645139.25;;;0.0130750965;0.0130750965
;US-DC;1930;p90p100;;;;0.435441494;0.435441494
;US-DC;1930;p90p91;121394.5;;;;
;US-DC;1930;p95p96;153961.875;;;;
;US-DC;1930;p95p100;;;;0.276130259;0.276130259
;US-DC;1930;p99.5p100;583046.625;;;0.1045692787;0.1045692787
;US-DC;1929;p0p100;28645.2929688;;5851909632.0;;
;US-DC;1929;p99p100;527043.25;;;0.1839894801;0.1839894801
;US-DC;1929;p99.9p100;2128405.0;;;0.0743020922;0.0743020922
;US-DC;1929;p99.99p100;6584281.0;;;0.0229855608;0.0229855608
;US-DC;1929;p90p100;;;;0.4580306709;0.4580306709
;US-DC;1929;p90p91;131204.21875;;;;
;US-DC;1929;p95p96;183231.875;;;;
;US-DC;1929;p95p100;;;;0.3198289275;0.3198289275
;US-DC;1929;p99.5p100;818417.9375;;;0.1428538263;0.1428538263
;US-DC;1928;p0p100;21928.84375;;4396473344.0;;
;US-DC;1928;p99p100;541424.9375;;;0.2469008118;0.2469008118
;US-DC;1928;p99.9p100;2059328.5;;;0.0939095765;0.0939095765
;US-DC;1928;p99.99p100;6360493.0;;;0.0290051475;0.0290051475
;US-DC;1928;p90p100;;;;0.6028181911;0.6028181911
;US-DC;1928;p90p91;132191.0625;;;;
;US-DC;1928;p95p96;187651.015625;;;;
;US-DC;1928;p95p100;;;;0.4278634489;0.4278634489
;US-DC;1928;p99.5p100;830935.625;;;0.1894617975;0.1894617975
;US-DC;1927;p0p100;20413.25;;4008331520.0;;
;US-DC;1927;p99p100;479551.84375;;;0.2349218428;0.2349218428
;US-DC;1927;p99.9p100;1874576.5;;;0.0918313637;0.0918313637
;US-DC;1927;p99.99p100;6625622.0;;;0.0324574597;0.0324574597
;US-DC;1927;p90p100;;;;0.5920775533;0.5920775533
;US-DC;1927;p90p91;120862.257812;;;;
;US-DC;1927;p95p96;169614.59375;;;;
;US-DC;1927;p95p100;;;;0.4154522121;0.4154522121
;US-DC;1927;p99.5p100;736049.25;;;0.1802871376;0.1802871376
;US-DC;1926;p0p100;20522.7148438;;3940308736.0;;
;US-DC;1926;p99p100;454319.40625;;;0.2213739157;0.2213739157
;US-DC;1926;p99.9p100;1617638.375;;;0.0788218528;0.0788218528
;US-DC;1926;p99.99p100;4926279.5;;;0.0240040347;0.0240040347
;US-DC;1926;p90p100;;;;0.5766281486;0.5766281486
;US-DC;1926;p90p91;118339.75;;;;
;US-DC;1926;p95p96;163832.171875;;;;
;US-DC;1926;p95p100;;;;0.3991483748;0.3991483748
;US-DC;1926;p99.5p100;680456.5;;;0.1657813042;0.1657813042
;US-DC;1925;p0p100;20746.0683594;;3895901440.0;;
;US-DC;1925;p99p100;462850.5625;;;0.2231027931;0.2231027931
;US-DC;1925;p99.9p100;1662080.375;;;0.0801154375;0.0801154375
;US-DC;1925;p99.99p100;4939030.0;;;0.0238070656;0.0238070656
;US-DC;1925;p90p100;;;;0.5644018054;0.5644018054
;US-DC;1925;p90p91;117091.179688;;;;
;US-DC;1925;p95p96;164293.765625;;;;
;US-DC;1925;p95p100;;;;0.3959636092;0.3959636092
;US-DC;1925;p99.5p100;697464.9375;;;0.168095693;0.168095693
;US-DC;1924;p0p100;21321.8964844;;3909963264.0;;
;US-DC;1924;p99p100;386945.625;;;0.1814780235;0.1814780235
;US-DC;1924;p99.9p100;1225739.75;;;0.0574873649;0.0574873649
;US-DC;1924;p99.99p100;3375592.75;;;0.0158315767;0.0158315767
;US-DC;1924;p90p100;;;;0.4604011476;0.4604011476
;US-DC;1924;p90p91;98166.265625;;;;
;US-DC;1924;p95p96;143263.28125;;;;
;US-DC;1924;p95p100;;;;0.3359534144;0.3359534144
;US-DC;1924;p99.5p100;567865.8125;;;0.1331649423;0.1331649423
;US-DC;1923;p0p100;24750.0527344;;4413103104.0;;
;US-DC;1923;p99p100;370200.1875;;;0.1495755166;0.1495755166
;US-DC;1923;p99.9p100;1187064.75;;;0.0479621142;0.0479621142
;US-DC;1923;p99.99p100;2801338.0;;;0.0113185141;0.0113185141
;US-DC;1923;p90p100;;;;0.4955905676;0.4955905676
;US-DC;1923;p90p91;122658.929688;;;;
;US-DC;1923;p95p96;167182.359375;;;;
;US-DC;1923;p95p100;;;;0.3377414346;0.3377414346
;US-DC;1923;p99.5p100;537270.25;;;0.1085392162;0.1085392162
;US-DC;1922;p0p100;21429.359375;;3722515968.0;;
;US-DC;1922;p99p100;373380.96875;;;0.1742380559;0.1742380559
;US-DC;1922;p99.9p100;1261328.625;;;0.0588598438;0.0588598438
;US-DC;1922;p99.99p100;3759074.75;;;0.0175417047;0.0175417047
;US-DC;1922;p90p100;;;;0.442689687;0.442689687
;US-DC;1922;p90p91;94865.546875;;;;
;US-DC;1922;p95p96;139289.46875;;;;
;US-DC;1922;p95p100;;;;0.324996829;0.324996829
;US-DC;1922;p99.5p100;553807.8125;;;0.1292170882;0.1292170882
;US-DC;1921;p0p100;21865.7363281;;3712197888.0;;
;US-DC;1921;p99p100;299656.03125;;;0.1370436549;0.1370436549
;US-DC;1921;p99.9p100;955182.125;;;0.0436839685;0.0436839685
;US-DC;1921;p99.99p100;2202187.0;;;0.0100714061;0.0100714061
;US-DC;1921;p90p100;;;;0.3938623965;0.3938623965
;US-DC;1921;p90p91;86120.9140625;;;;
;US-DC;1921;p95p96;119979.195312;;;;
;US-DC;1921;p95p100;;;;0.2743543684;0.2743543684
;US-DC;1921;p99.5p100;436545.6875;;;0.0998241529;0.0998241529
;US-DC;1920;p0p100;16586.1953125;;2736687104.0;;
;US-DC;1920;p99p100;278270.9375;;;0.1677726358;0.1677726358
;US-DC;1920;p99.9p100;951196.0625;;;0.0573486648;0.0573486648
;US-DC;1920;p99.99p100;2524428.5;;;0.0152200591;0.0152200591
;US-DC;1920;p90p100;;;;0.436178118;0.436178118
;US-DC;1920;p90p91;72345.3515625;;;;
;US-DC;1920;p95p96;105225.695312;;;;
;US-DC;1920;p95p100;;;;0.3172087073;0.3172087073
;US-DC;1920;p99.5p100;411968.53125;;;0.1241901964;0.1241901964
;US-DC;1919;p0p100;17734.3320312;;2834518272.0;;
;US-DC;1919;p99p100;329343.125;;;0.1857093424;0.1857093424
;US-DC;1919;p99.9p100;1185139.375;;;0.0668274015;0.0668274015
;US-DC;1919;p99.99p100;3311894.0;;;0.0186750423;0.0186750423
;US-DC;1919;p90p100;;;;0.4557381868;0.4557381868
;US-DC;1919;p90p91;80822.125;;;;
;US-DC;1919;p95p96;120650.210938;;;;
;US-DC;1919;p95p100;;;;0.3401600122;0.3401600122
;US-DC;1919;p99.5p100;492790.71875;;;0.138936922;0.138936922
;US-DC;1918;p0p100;18821.1523438;;2931067648.0;;
;US-DC;1918;p99p100;362304.0625;;;0.1924983412;0.1924983412
;US-DC;1918;p99.9p100;1335472.625;;;0.0709559396;0.0709559396
;US-DC;1918;p99.99p100;3539055.75;;;0.0188036077;0.0188036077
;US-DC;1918;p90p100;;;;0.4644778371;0.4644778371
;US-DC;1918;p90p91;87420.0859375;;;;
;US-DC;1918;p95p96;128704.625;;;;
;US-DC;1918;p95p100;;;;0.3419148624;0.3419148624
;US-DC;1918;p99.5p100;548920.375;;;0.145825386;0.145825386
;US-DC;1917;p0p100;17804.1582031;;2737186816.0;;
