Variable Name;.;.;.;Fiscal income  | tax unit | Average | Adults | constant 2015 local currency;Fiscal income  | tax unit | Threshold | Adults | constant 2015 local currency;Fiscal income  | tax unit | Total | Adults | constant 2015 local currency;Fiscal income  | tax unit | Share | Adults | share of total (ratio);Pre-tax national income  | tax unit | Share | Adults | share of total (ratio)
Variable Category;.;.;.;Income inequality;Income inequality;Income inequality;Income inequality;Income inequality
Variable Description;.;.;.;Average Fiscal income within a given percentile group. Fiscal income is defined as the sum of all income items reported on income tax returns, before any deduction. It includes labour income, capital income and mixed income. The concept of fiscal income varies with national tax legislations, so in order to make international comparisons it is preferable to use the concept of national income. The population is comprised of individuals over age 20. The base unit is the tax unit defined by national fiscal administrations to measure personal income taxes.;Fiscal income threshold value at a given percentile.  Fiscal income is defined as the sum of all income items reported on income tax returns, before any deduction. It includes labour income, capital income and mixed income. The concept of fiscal income varies with national tax legislations, so in order to make international comparisons it is preferable to use the concept of national income. The population is comprised of individuals over age 20. The base unit is the tax unit defined by national fiscal administrations to measure personal income taxes.;Total Fiscal income  within a given percentile group. Fiscal income is defined as the sum of all income items reported on income tax returns, before any deduction. It includes labour income, capital income and mixed income. The concept of fiscal income varies with national tax legislations, so in order to make international comparisons it is preferable to use the concept of national income. The population is comprised of individuals over age 20.;Fiscal income share held by a given percentile group. Fiscal income is defined as the sum of all income items reported on income tax returns, before any deduction. It includes labour income, capital income and mixed income. The concept of fiscal income varies with national tax legislations, so in order to make international comparisons it is preferable to use the concept of national income. The population is comprised of individuals over age 20. The base unit is the tax unit defined by national fiscal administrations to measure personal income taxes.;Pre-tax national income share held by a given percentile group. Pre-tax national income  is the sum of all pre-tax personal income flows accruing to the owners of the production factors, labor and capital, before taking into account the operation of the tax/transfer system, but after taking into account the operation of pension system. The central difference between personal factor income and pre-tax income is the treatment of pensions, which are counted on a contribution basis by factor income and on a distribution basis by pre-tax income. The population is comprised of individuals over age 20. The base unit is the tax unit defined by national fiscal administrations to measure personal income taxes.
Variable Decomposition;.;.;.;[Fiscal income ]=[Fiscal labour income ]+[Fiscal capital income ];[Fiscal income ]=[Fiscal labour income ]+[Fiscal capital income ];[Fiscal income ]=[Fiscal labour income ]+[Fiscal capital income ];[Fiscal income ]=[Fiscal labour income ]+[Fiscal capital income ];Pre-tax national income =Pre-tax labor income [total pre-tax income ranking]+Pre-tax capital income [total pre-tax income ranking]
Variable Unit;.;.;.;"USD; United States dollar | local currency | market";"USD; United States dollar | local currency | market";"USD; United States dollar | local currency | market";share;share
Methodological Notes;.;.;.;;;;;Assuming the same distribution as fiscal income.
Sources;.;.;.;Frank, Sommeiller, Price & Saez (2015);Frank, Sommeiller, Price & Saez (2015);Frank, Sommeiller, Price & Saez (2015);Frank, Sommeiller, Price & Saez (2015);WID.world computations using: Frank, Sommeiller, Price & Saez (2015)
Variable Code;country;year;perc;afiinc992t;tfiinc992t;mfiinc992t;sfiinc992t;sptinc992t
;US-UT;2014;p0p100;60204.5976562;;77895819264.0;;
;US-UT;2014;p99p100;;356202.71875;;0.1720098108;0.1720098108
;US-UT;2014;p99.9p100;;1588922.625;;0.0802623034;0.0802623034
;US-UT;2014;p99.99p100;;7540947.5;;0.0367694162;0.0367694162
;US-UT;2014;p90p100;;123458.039062;;0.4315926135;0.4315926135
;US-UT;2014;p90p91;263220.75;;;;
;US-UT;2014;p95p96;386602.15625;;;;
;US-UT;2014;p90p95;139839.359375;123458.039062;;0.1134245172;0.1134245172
;US-UT;2014;p95p99;221466.625;151588.625;;0.1460531354;0.1460531354
;US-UT;2014;p99.5p99.9;840735.5625;562765.0;;0.0556777045;0.0556777045
;US-UT;2014;p99.9p99.99;2865779.75;1588922.625;;0.0436202437;0.0436202437
;US-UT;2014;p99p99.5;439904.28125;356202.71875;;0.0361013748;0.0361013748
;US-UT;2014;p95p100;;151588.625;;0.3180345595;0.3180345595
;US-UT;2014;p0p90;37647.25;;;0.5683535933;0.5683535933
;US-UT;2014;p0p99;50235.5117188;;;0.8279901743;0.8279901743
;US-UT;2014;p99.5p100;;562765.0;;0.1359065622;0.1359065622
;US-UT;2014;p99.5p99.6;1654384.125;;;;
;US-UT;2014;p99.99p99.991;23297766.0;;;;
;US-UT;2014;p99.9p99.91;4908978.5;;;;
;US-UT;2014;p99p99.1;1047144.1875;;;;
;US-UT;2013;p0p100;61375.5507812;;73499090944.0;;
;US-UT;2013;p99p100;;348326.3125;;0.157720983;0.157720983
;US-UT;2013;p99.9p100;;1499538.0;;0.0713480264;0.0713480264
;US-UT;2013;p99.99p100;;6894872.5;;0.0323750451;0.0323750451
;US-UT;2013;p90p100;;125309.53125;;0.4120906591;0.4120906591
;US-UT;2013;p90p91;258326.59375;;;;
;US-UT;2013;p95p96;374163.15625;;;;
;US-UT;2013;p90p95;142490.015625;125309.53125;;0.1118560955;0.1118560955
;US-UT;2013;p95p99;222285.765625;152710.671875;;0.1423024833;0.1423024833
;US-UT;2013;p99.5p99.9;808082.125;544756.0;;0.0517919958;0.0517919958
;US-UT;2013;p99.9p99.99;2667377.25;1499538.0;;0.0390090868;0.0390090868
;US-UT;2013;p99p99.5;428083.6875;348326.3125;;0.0345874988;0.0345874988
;US-UT;2013;p95p100;;152710.671875;;0.3000505567;0.3000505567
;US-UT;2013;p0p90;39492.1015625;;;0.5880777836;0.5880777836
;US-UT;2013;p0p99;52079.6210938;;;0.842279017;0.842279017
;US-UT;2013;p99.5p100;;544756.0;;0.1231442392;0.1231442392
;US-UT;2013;p99.5p99.6;1535261.875;;;;
;US-UT;2013;p99.99p99.991;20433414.0;;;;
;US-UT;2013;p99.9p99.91;4443981.0;;;;
;US-UT;2013;p99p99.1;981672.75;;;;
;US-UT;2012;p0p100;60710.734375;;73440239616.0;;
;US-UT;2012;p99p100;1148670.125;;;0.1892037541;0.1892037541
;US-UT;2012;p99.9p100;5642258.0;;;0.0929367319;0.0929367319
;US-UT;2012;p99.99p100;26435158.0;;;0.0435428023;0.0435428023
;US-UT;2012;p90p100;;;;0.4402776361;0.4402776361
;US-UT;2012;p90p91;267295.8125;;;;
;US-UT;2012;p95p96;399033.96875;;;;
;US-UT;2012;p95p100;;;;0.3286353946;0.3286353946
;US-UT;2012;p99.5p100;1851997.875;;;0.1525263786;0.1525263786
;US-UT;2011;p0p100;54117.890625;;68282449920.0;;
;US-UT;2011;p99p100;817841.8125;;;0.1511222571;0.1511222571
;US-UT;2011;p99.9p100;3444962.25;;;0.0636566281;0.0636566281
;US-UT;2011;p99.99p100;14411816.0;;;0.0266304109;0.0266304109
;US-UT;2011;p90p100;;;;0.4146627784;0.4146627784
;US-UT;2011;p90p91;224406.734375;;;;
;US-UT;2011;p95p96;318711.625;;;;
;US-UT;2011;p95p100;;;;0.2944605052;0.2944605052
;US-UT;2011;p99.5p100;1253173.875;;;0.1157818511;0.1157818511
;US-UT;2010;p0p100;54112.0429688;;66975858688.0;;
;US-UT;2010;p99p100;832483.6875;;;0.153844431;0.153844431
;US-UT;2010;p99.9p100;3727282.75;;;0.0688808337;0.0688808337
;US-UT;2010;p99.99p100;16873352.0;;;0.0311822481;0.0311822481
;US-UT;2010;p90p100;;;;0.4147573709;0.4147573709
;US-UT;2010;p90p91;224433.703125;;;;
;US-UT;2010;p95p96;318475.78125;;;;
;US-UT;2010;p95p100;;;;0.2942743599;0.2942743599
;US-UT;2010;p99.5p100;1298652.75;;;0.1199966446;0.1199966446
;US-UT;2009;p0p100;53623.1054688;;64855732224.0;;
;US-UT;2009;p99p100;826384.75;;;0.1541098356;0.1541098356
;US-UT;2009;p99.9p100;3770848.25;;;0.0703213289;0.0703213289
;US-UT;2009;p99.99p100;17643842.0;;;0.0329034291;0.0329034291
;US-UT;2009;p90p100;;;;0.4123987556;0.4123987556
;US-UT;2009;p90p91;221141.03125;;;;
;US-UT;2009;p95p96;311884.90625;;;;
;US-UT;2009;p95p100;;;;0.2908120453;0.2908120453
;US-UT;2009;p99.5p100;1289635.0;;;0.1202499345;0.1202499345
;US-UT;2008;p0p100;60912.4140625;;71216693248.0;;
;US-UT;2008;p99p100;1040456.125;;;0.170811832;0.170811832
;US-UT;2008;p99.9p100;5048860.5;;;0.0828872249;0.0828872249
;US-UT;2008;p99.99p100;23884198.0;;;0.0392107219;0.0392107219
;US-UT;2008;p90p100;;;;0.4138980806;0.4138980806
;US-UT;2008;p90p91;252115.3125;;;;
;US-UT;2008;p95p96;368677.8125;;;;
;US-UT;2008;p95p100;;;;0.302629441;0.302629441
;US-UT;2008;p99.5p100;1664146.125;;;0.1366015524;0.1366015524
;US-UT;2007;p0p100;67202.921875;;75507916800.0;;
;US-UT;2007;p99p100;1363493.75;;;0.2028920352;0.2028920352
;US-UT;2007;p99.9p100;7013519.0;;;0.1043633074;0.1043633074
;US-UT;2007;p99.99p100;33966308.0;;;0.0505429059;0.0505429059
;US-UT;2007;p90p100;;;;0.4411683381;0.4411683381
;US-UT;2007;p90p91;296478.0;;;;
;US-UT;2007;p95p96;453456.375;;;;
;US-UT;2007;p95p100;;;;0.3373784721;0.3373784721
;US-UT;2007;p99.5p100;2230697.5;;;0.1659673005;0.1659673005
;US-UT;2006;p0p100;64849.140625;;69495685120.0;;
;US-UT;2006;p99p100;1274731.125;;;0.1965686828;0.1965686828
;US-UT;2006;p99.9p100;6316115.5;;;0.0973970518;0.0973970518
;US-UT;2006;p99.99p100;29042230.0;;;0.0447842926;0.0447842926
;US-UT;2006;p90p100;;;;0.4392350018;0.4392350018
;US-UT;2006;p90p91;284840.125;;;;
;US-UT;2006;p95p96;432732.03125;;;;
;US-UT;2006;p95p100;;;;0.3336451352;0.3336451352
;US-UT;2006;p99.5p100;2064175.75;;;0.1591521204;0.1591521204
;US-UT;2005;p0p100;62272.203125;;64171958272.0;;
;US-UT;2005;p99p100;1150162.875;;;0.1846992224;0.1846992224
;US-UT;2005;p99.9p100;5639462.0;;;0.090561457;0.090561457
;US-UT;2005;p99.99p100;25757532.0;;;0.0413628034;0.0413628034
;US-UT;2005;p90p100;;;;0.4232257605;0.4232257605
;US-UT;2005;p90p91;263552.03125;;;;
;US-UT;2005;p95p96;396047.125;;;;
;US-UT;2005;p95p100;;;;0.3179966807;0.3179966807
;US-UT;2005;p99.5p100;1852993.125;;;0.1487817168;0.1487817168
;US-UT;2004;p0p100;57020.1289062;;58376450048.0;;
;US-UT;2004;p99p100;899857.8125;;;0.1578140706;0.1578140706
;US-UT;2004;p99.9p100;4087658.0;;;0.0716879815;0.0716879815
;US-UT;2004;p99.99p100;17776932.0;;;0.0311765913;0.0311765913
;US-UT;2004;p90p100;;;;0.4014779627;0.4014779627
;US-UT;2004;p90p91;228923.234375;;;;
;US-UT;2004;p95p96;338821.6875;;;;
;US-UT;2004;p95p100;;;;0.2971071005;0.2971071005
;US-UT;2004;p99.5p100;1411402.25;;;0.1237635091;0.1237635091
;US-UT;2003;p0p100;54354.3164062;;54411354112.0;;
;US-UT;2003;p99p100;772499.4375;;;0.1421229243;0.1421229243
;US-UT;2003;p99.9p100;3312751.0;;;0.06094734;0.06094734
;US-UT;2003;p99.99p100;14049721.0;;;0.0258483998;0.0258483998
;US-UT;2003;p90p100;;;;0.3891054392;0.3891054392
;US-UT;2003;p90p91;211495.609375;;;;
;US-UT;2003;p95p96;303263.84375;;;;
;US-UT;2003;p95p100;;;;0.2789694071;0.2789694071
;US-UT;2003;p99.5p100;1188611.25;;;0.1093391776;0.1093391776
;US-UT;2002;p0p100;56452.6445312;;54253281280.0;;
;US-UT;2002;p99p100;741102.875;;;0.1312786788;0.1312786788
;US-UT;2002;p99.9p100;3039452.75;;;0.0538407564;0.0538407564
;US-UT;2002;p99.99p100;12257289.0;;;0.0217125155;0.0217125155
;US-UT;2002;p90p100;;;;0.3728405833;0.3728405833
;US-UT;2002;p90p91;210478.34375;;;;
;US-UT;2002;p95p96;298703.5;;;;
;US-UT;2002;p95p100;;;;0.2645611465;0.2645611465
;US-UT;2002;p99.5p100;1125514.0;;;0.099686563;0.099686563
;US-UT;2001;p0p100;58583.2382812;;55493062656.0;;
;US-UT;2001;p99p100;769994.4375;;;0.1314359754;0.1314359754
;US-UT;2001;p99.9p100;3197812.75;;;0.0545858033;0.0545858033
;US-UT;2001;p99.99p100;12732070.0;;;0.0217332989;0.0217332989
;US-UT;2001;p90p100;;;;0.370580703;0.370580703
;US-UT;2001;p90p91;217098.171875;;;;
;US-UT;2001;p95p96;309836.40625;;;;
;US-UT;2001;p95p100;;;;0.2644411922;0.2644411922
;US-UT;2001;p99.5p100;1163790.5;;;0.0993279517;0.0993279517
;US-UT;2000;p0p100;61038.953125;;57112682496.0;;
;US-UT;2000;p99p100;1008442.3125;;;0.1652129143;0.1652129143
;US-UT;2000;p99.9p100;4884447.0;;;0.0800218061;0.0800218061
;US-UT;2000;p99.99p100;22054842.0;;;0.0361324102;0.0361324102
;US-UT;2000;p90p100;;;;0.4030088782;0.4030088782
;US-UT;2000;p90p91;245992.390625;;;;
;US-UT;2000;p95p96;365784.46875;;;;
;US-UT;2000;p95p100;;;;0.2996320128;0.2996320128
;US-UT;2000;p99.5p100;1602327.25;;;0.1312544793;0.1312544793
;US-UT;1999;p0p100;60815.7070312;;53981429760.0;;
;US-UT;1999;p99p100;967037.25;;;0.1590111107;0.1590111107
;US-UT;1999;p99.9p100;4486455.5;;;0.0737713277;0.0737713277
;US-UT;1999;p99.99p100;19136560.0;;;0.0314664766;0.0314664766
;US-UT;1999;p90p100;;;;0.4006977975;0.4006977975
;US-UT;1999;p90p91;243687.1875;;;;
;US-UT;1999;p95p96;359686.375;;;;
;US-UT;1999;p95p100;;;;0.2957183421;0.2957183421
;US-UT;1999;p99.5p100;1517502.0;;;0.1247623414;0.1247623414
;US-UT;1998;p0p100;58637.125;;50753527808.0;;
;US-UT;1998;p99p100;884772.625;;;0.1508895159;0.1508895159
;US-UT;1998;p99.9p100;3916661.0;;;0.0667949021;0.0667949021
;US-UT;1998;p99.99p100;15886065.0;;;0.0270921625;0.0270921625
;US-UT;1998;p90p100;;;;0.391844511;0.391844511
;US-UT;1998;p90p91;229766.34375;;;;
;US-UT;1998;p95p96;335596.09375;;;;
;US-UT;1998;p95p100;;;;0.2861635089;0.2861635089
;US-UT;1998;p99.5p100;1370844.0;;;0.1168921664;0.1168921664
;US-UT;1997;p0p100;56327.7265625;;47031209984.0;;
;US-UT;1997;p99p100;883848.0;;;0.1569117159;0.1569117159
;US-UT;1997;p99.9p100;4136980.5;;;0.0734448358;0.0734448358
;US-UT;1997;p99.99p100;19035852.0;;;0.0337948166;0.0337948166
;US-UT;1997;p90p100;;;;0.3991710544;0.3991710544
;US-UT;1997;p90p91;224843.96875;;;;
;US-UT;1997;p95p96;329605.75;;;;
;US-UT;1997;p95p100;;;;0.2925786078;0.2925786078
;US-UT;1997;p99.5p100;1384897.5;;;0.1229321361;0.1229321361
;US-UT;1996;p0p100;54008.6367188;;42930827264.0;;
;US-UT;1996;p99p100;830421.5;;;0.1537571698;0.1537571698
;US-UT;1996;p99.9p100;3650463.5;;;0.0675903633;0.0675903633
;US-UT;1996;p99.99p100;15621979.0;;;0.0289249644;0.0289249644
;US-UT;1996;p90p100;;;;0.3995252252;0.3995252252
;US-UT;1996;p90p91;215778.140625;;;;
;US-UT;1996;p95p96;314017.875;;;;
;US-UT;1996;p95p100;;;;0.2907108068;0.2907108068
;US-UT;1996;p99.5p100;1289698.625;;;0.1193974391;0.1193974391
;US-UT;1995;p0p100;50786.21875;;39420547072.0;;
;US-UT;1995;p99p100;726575.0625;;;0.1430654079;0.1430654079
;US-UT;1995;p99.9p100;3055524.25;;;0.060164433;0.060164433
;US-UT;1995;p99.99p100;12518311.0;;;0.0246490333;0.0246490333
;US-UT;1995;p90p100;;;;0.3906497359;0.3906497359
;US-UT;1995;p90p91;198396.21875;;;;
;US-UT;1995;p95p96;284065.4375;;;;
;US-UT;1995;p95p100;;;;0.2796678543;0.2796678543
;US-UT;1995;p99.5p100;1114259.5;;;0.1097009704;0.1097009704
;US-UT;1994;p0p100;47920.7265625;;36578488320.0;;
;US-UT;1994;p99p100;631084.5625;;;0.1316934526;0.1316934526
;US-UT;1994;p99.9p100;2569685.25;;;0.0536236651;0.0536236651
;US-UT;1994;p99.99p100;10502958.0;;;0.021917358;0.021917358
;US-UT;1994;p90p100;;;;0.3781214356;0.3781214356
;US-UT;1994;p90p91;181198.546875;;;;
;US-UT;1994;p95p96;256218.578125;;;;
;US-UT;1994;p95p100;;;;0.2673358619;0.2673358619
;US-UT;1994;p99.5p100;956522.25;;;0.0998025537;0.0998025537
;US-UT;1993;p0p100;47074.140625;;34318624768.0;;
;US-UT;1993;p99p100;582892.8125;;;0.1238244101;0.1238244101
;US-UT;1993;p99.9p100;2307287.5;;;0.0490139015;0.0490139015
;US-UT;1993;p99.99p100;9177713.0;;;0.0194962937;0.0194962937
;US-UT;1993;p90p100;;;;0.3665850759;0.3665850759
;US-UT;1993;p90p91;172566.78125;;;;
;US-UT;1993;p95p96;243303.34375;;;;
;US-UT;1993;p95p100;;;;0.2584256828;0.2584256828
;US-UT;1993;p99.5p100;878007.875;;;0.0932579711;0.0932579711
;US-UT;1992;p0p100;46447.515625;;32940171264.0;;
;US-UT;1992;p99p100;582823.875;;;0.1254801005;0.1254801005
;US-UT;1992;p99.9p100;2350328.0;;;0.050601799;0.050601799
;US-UT;1992;p99.99p100;9414608.0;;;0.0202693455;0.0202693455
;US-UT;1992;p90p100;;;;0.3653675914;0.3653675914
;US-UT;1992;p90p91;169704.1875;;;;
;US-UT;1992;p95p96;239729.828125;;;;
;US-UT;1992;p95p100;;;;0.2580652535;0.2580652535
;US-UT;1992;p99.5p100;884649.5625;;;0.0952310935;0.0952310935
;US-UT;1991;p0p100;46316.1328125;;31623720960.0;;
;US-UT;1991;p99p100;538149.25;;;0.1161904559;0.1161904559
;US-UT;1991;p99.9p100;2144492.5;;;0.046301201;0.046301201
;US-UT;1991;p99.99p100;8514399.0;;;0.0183832273;0.0183832273
;US-UT;1991;p90p100;;;;0.356399864;0.356399864
;US-UT;1991;p90p91;165070.640625;;;;
;US-UT;1991;p95p96;226362.328125;;;;
;US-UT;1991;p95p100;;;;0.244366616;0.244366616
;US-UT;1991;p99.5p100;813803.9375;;;0.0878531858;0.0878531858
;US-UT;1990;p0p100;46666.5;;31006382080.0;;
;US-UT;1990;p99p100;561439.5;;;0.1203088909;0.1203088909
;US-UT;1990;p99.9p100;2361342.0;;;0.0506003648;0.0506003648
;US-UT;1990;p99.99p100;9789113.0;;;0.0209767446;0.0209767446
;US-UT;1990;p90p100;;;;0.3544648588;0.3544648588
;US-UT;1990;p90p91;165416.34375;;;;
;US-UT;1990;p95p96;228954.46875;;;;
;US-UT;1990;p95p100;;;;0.2453092486;0.2453092486
;US-UT;1990;p99.5p100;866461.4375;;;0.0928354859;0.0928354859
;US-UT;1989;p0p100;47045.6054688;;30049026048.0;;
;US-UT;1989;p99p100;493829.8125;;;0.1049683094;0.1049683094
;US-UT;1989;p99.9p100;1762194.625;;;0.0374571532;0.0374571532
;US-UT;1989;p99.99p100;6212596.5;;;0.0132054752;0.0132054752
;US-UT;1989;p90p100;;;;0.3370869756;0.3370869756
;US-UT;1989;p90p91;158584.625;;;;
;US-UT;1989;p95p96;215983.4375;;;;
;US-UT;1989;p95p100;;;;0.2295468599;0.2295468599
;US-UT;1989;p99.5p100;722230.125;;;0.0767585039;0.0767585039
;US-UT;1988;p0p100;48250.3164062;;29908611072.0;;
;US-UT;1988;p99p100;529135.125;;;0.1096645892;0.1096645892
;US-UT;1988;p99.9p100;2004149.25;;;0.0415364988;0.0415364988
;US-UT;1988;p99.99p100;7282838.0;;;0.0150938658;0.0150938658
;US-UT;1988;p90p100;;;;0.3331909776;0.3331909776
;US-UT;1988;p90p91;160765.71875;;;;
;US-UT;1988;p95p96;221744.5625;;;;
;US-UT;1988;p95p100;;;;0.2297855914;0.2297855914
;US-UT;1988;p99.5p100;790101.5625;;;0.0818752721;0.0818752721
;US-UT;1987;p0p100;45989.9570312;;28794826752.0;;
;US-UT;1987;p99p100;414722.90625;;;0.0901768431;0.0901768431
;US-UT;1987;p99.9p100;1387241.875;;;0.0301640183;0.0301640183
;US-UT;1987;p99.99p100;4670537.5;;;0.0101555586;0.0101555586
;US-UT;1987;p90p100;;;;0.3150497675;0.3150497675
;US-UT;1987;p90p91;144891.25;;;;
;US-UT;1987;p95p96;192461.5625;;;;
;US-UT;1987;p95p100;;;;0.2092430145;0.2092430145
;US-UT;1987;p99.5p100;592395.25;;;0.0644048527;0.0644048527
;US-UT;1986;p0p100;49234.9765625;;30367698944.0;;
;US-UT;1986;p99p100;557989.75;;;0.1133319885;0.1133319885
;US-UT;1986;p99.9p100;2301264.5;;;0.0467404388;0.0467404388
;US-UT;1986;p99.99p100;9217079.0;;;0.0187205914;0.0187205914
;US-UT;1986;p90p100;;;;0.3285083473;0.3285083473
;US-UT;1986;p90p91;161741.03125;;;;
;US-UT;1986;p95p96;225783.96875;;;;
;US-UT;1986;p95p100;;;;0.2292922288;0.2292922288
;US-UT;1986;p99.5p100;852892.8125;;;0.0866145194;0.0866145194
;US-UT;1985;p0p100;46045.046875;;27900446720.0;;
;US-UT;1985;p99p100;372259.28125;;;0.0808467641;0.0808467641
;US-UT;1985;p99.9p100;1194489.875;;;0.0259417687;0.0259417687
;US-UT;1985;p99.99p100;3516795.0;;;0.0076377271;0.0076377271
;US-UT;1985;p90p100;;;;0.2982626855;0.2982626855
;US-UT;1985;p90p91;137335.1875;;;;
;US-UT;1985;p95p96;180116.34375;;;;
;US-UT;1985;p95p100;;;;0.1955871135;0.1955871135
;US-UT;1985;p99.5p100;521650.75;;;0.0566457063;0.0566457063
;US-UT;1984;p0p100;44704.2109375;;26623401984.0;;
;US-UT;1984;p99p100;391800.71875;;;0.0876429006;0.0876429006
;US-UT;1984;p99.9p100;1414145.5;;;0.0316333808;0.0316333808
;US-UT;1984;p99.99p100;5489980.0;;;0.0122806765;0.0122806765
;US-UT;1984;p90p100;;;;0.2969699204;0.2969699204
;US-UT;1984;p90p91;132758.078125;;;;
;US-UT;1984;p95p96;178898.890625;;;;
;US-UT;1984;p95p100;;;;0.2000917494;0.2000917494
;US-UT;1984;p99.5p100;553383.375;;;0.0618938692;0.0618938692
;US-UT;1983;p0p100;42969.484375;;25158283264.0;;
;US-UT;1983;p99p100;417200.90625;;;0.0970923677;0.0970923677
;US-UT;1983;p99.9p100;1593821.625;;;0.0370919369;0.0370919369
;US-UT;1983;p99.99p100;6469636.0;;;0.0150563493;0.0150563493
;US-UT;1983;p90p100;;;;0.300332576;0.300332576
;US-UT;1983;p90p91;129051.359375;;;;
;US-UT;1983;p95p96;179227.921875;;;;
;US-UT;1983;p95p100;;;;0.2085525393;0.2085525393
;US-UT;1983;p99.5p100;592254.0625;;;0.0689156577;0.0689156577
;US-UT;1982;p0p100;43032.3789062;;24969506816.0;;
;US-UT;1982;p99p100;363141.4375;;;0.084387958;0.084387958
;US-UT;1982;p99.9p100;1404616.125;;;0.0326409116;0.0326409116
;US-UT;1982;p99.99p100;5832011.0;;;0.0135526108;0.0135526108
;US-UT;1982;p90p100;;;;0.2976605892;0.2976605892
;US-UT;1982;p90p91;128090.4375;;;;
;US-UT;1982;p95p96;170705.25;;;;
;US-UT;1982;p95p100;;;;0.1983451247;0.1983451247
;US-UT;1982;p99.5p100;535844.6875;;;0.0622606389;0.0622606389
;US-UT;1981;p0p100;45246.03125;;24455014400.0;;
;US-UT;1981;p99p100;347636.25;;;0.0768324137;0.0768324137
;US-UT;1981;p99.9p100;1164371.5;;;0.0257342216;0.0257342216
;US-UT;1981;p99.99p100;4110953.75;;;0.0090857763;0.0090857763
;US-UT;1981;p90p100;;;;0.2900934815;0.2900934815
;US-UT;1981;p90p91;131255.796875;;;;
;US-UT;1981;p95p96;171355.734375;;;;
;US-UT;1981;p95p100;;;;0.1893599331;0.1893599331
;US-UT;1981;p99.5p100;499465.28125;;;0.0551943704;0.0551943704
;US-UT;1980;p0p100;45796.2578125;;24062304256.0;;
;US-UT;1980;p99p100;356639.59375;;;0.0778752565;0.0778752565
;US-UT;1980;p99.9p100;1112090.875;;;0.0242834426;0.0242834426
;US-UT;1980;p99.99p100;3615609.25;;;0.0078949882;0.0078949882
;US-UT;1980;p90p100;;;;0.2946297228;0.2946297228
;US-UT;1980;p90p91;134929.40625;;;;
;US-UT;1980;p95p96;173242.1875;;;;
;US-UT;1980;p95p100;;;;0.1891444474;0.1891444474
;US-UT;1980;p99.5p100;499267.875;;;0.054509677;0.054509677
;US-UT;1979;p0p100;45990.3359375;;23379935232.0;;
;US-UT;1979;p99p100;361066.15625;;;0.078509137;0.078509137
;US-UT;1979;p99.9p100;1166476.375;;;0.0253635123;0.0253635123
;US-UT;1979;p99.99p100;4260658.0;;;0.0092642466;0.0092642466
;US-UT;1979;p90p100;;;;0.2953616679;0.2953616679
;US-UT;1979;p90p91;135837.8125;;;;
;US-UT;1979;p95p96;174645.953125;;;;
;US-UT;1979;p95p100;;;;0.1898724586;0.1898724586
;US-UT;1979;p99.5p100;505534.4375;;;0.0549609438;0.0549609438
;US-UT;1978;p0p100;44238.1328125;;21799612416.0;;
;US-UT;1978;p99p100;337409.9375;;;0.0762712881;0.0762712881
;US-UT;1978;p99.9p100;984875.8125;;;0.0222630519;0.0222630519
;US-UT;1978;p99.99p100;3242369.25;;;0.0073293536;0.0073293536
;US-UT;1978;p90p100;;;;0.2978847623;0.2978847623
;US-UT;1978;p90p91;131778.65625;;;;
;US-UT;1978;p95p96;171617.265625;;;;
;US-UT;1978;p95p100;;;;0.1939698458;0.1939698458
;US-UT;1978;p99.5p100;458980.125;;;0.0518760718;0.0518760718
;US-UT;1977;p0p100;42761.9375;;20354543616.0;;
;US-UT;1977;p99p100;334024.5625;;;0.0781125948;0.0781125948
;US-UT;1977;p99.9p100;962253.625;;;0.0225025751;0.0225025751
;US-UT;1977;p99.99p100;3134159.5;;;0.0073293205;0.0073293205
;US-UT;1977;p90p100;;;;0.3047238588;0.3047238588
;US-UT;1977;p90p91;130305.828125;;;;
;US-UT;1977;p95p96;168193.640625;;;;
;US-UT;1977;p95p100;;;;0.1966627985;0.1966627985
;US-UT;1977;p99.5p100;446248.375;;;0.0521782227;0.0521782227
;US-UT;1976;p0p100;41454.6992188;;19072032768.0;;
;US-UT;1976;p99p100;299878.71875;;;0.0723388866;0.0723388866
;US-UT;1976;p99.9p100;823877.625;;;0.0198741667;0.0198741667
;US-UT;1976;p99.99p100;2456862.25;;;0.0059266188;0.0059266188
;US-UT;1976;p90p100;;;;0.2962214947;0.2962214947
;US-UT;1976;p90p91;122797.742188;;;;
;US-UT;1976;p95p96;158432.765625;;;;
;US-UT;1976;p95p100;;;;0.1910914183;0.1910914183
;US-UT;1976;p99.5p100;403898.4375;;;0.0487156361;0.0487156361
;US-UT;1975;p0p100;39025.5703125;;17364721664.0;;
;US-UT;1975;p99p100;305392.53125;;;0.0782544687;0.0782544687
;US-UT;1975;p99.9p100;930131.25;;;0.0238338951;0.0238338951
;US-UT;1975;p99.99p100;3267048.75;;;0.0083715599;0.0083715599
;US-UT;1975;p90p100;;;;0.3040652871;0.3040652871
;US-UT;1975;p90p91;118663.203125;;;;
;US-UT;1975;p95p96;152332.921875;;;;
;US-UT;1975;p95p100;;;;0.1951706707;0.1951706707
;US-UT;1975;p99.5p100;419932.09375;;;0.0538021773;0.0538021773
;US-UT;1974;p0p100;40246.3984375;;17314830336.0;;
;US-UT;1974;p99p100;302432.53125;;;0.0751452371;0.0751452371
;US-UT;1974;p99.9p100;816353.75;;;0.0202838965;0.0202838965
;US-UT;1974;p99.99p100;2383140.0;;;0.0059213745;0.0059213745
;US-UT;1974;p90p100;;;;0.3042336106;0.3042336106
;US-UT;1974;p90p91;122443.070312;;;;
;US-UT;1974;p95p96;157643.953125;;;;
;US-UT;1974;p95p100;;;;0.1958485097;0.1958485097
;US-UT;1974;p99.5p100;405477.0625;;;0.0503743328;0.0503743328
;US-UT;1973;p0p100;40438.3007812;;16834608128.0;;
;US-UT;1973;p99p100;312781.375;;;0.0773478076;0.0773478076
;US-UT;1973;p99.9p100;814127.6875;;;0.0201325901;0.0201325901
;US-UT;1973;p99.99p100;2247688.25;;;0.0055583157;0.0055583157
;US-UT;1973;p90p100;;;;0.3049792349;0.3049792349
;US-UT;1973;p90p91;123328.414062;;;;
;US-UT;1973;p95p96;158135.21875;;;;
;US-UT;1973;p95p100;;;;0.1955265254;0.1955265254
;US-UT;1973;p99.5p100;420541.6875;;;0.051997941;0.051997941
;US-UT;1972;p0p100;40081.4179688;;16140850176.0;;
;US-UT;1972;p99p100;297645.9375;;;0.0742603242;0.0742603242
;US-UT;1972;p99.9p100;838527.3125;;;0.0209205989;0.0209205989
;US-UT;1972;p99.99p100;2399463.0;;;0.0059864721;0.0059864721
;US-UT;1972;p90p100;;;;0.2976698279;0.2976698279
;US-UT;1972;p90p91;119310.289062;;;;
;US-UT;1972;p95p96;153053.703125;;;;
;US-UT;1972;p95p100;;;;0.1909285188;0.1909285188
;US-UT;1972;p99.5p100;404183.8125;;;0.0504203513;0.0504203513
;US-UT;1971;p0p100;38356.4804688;;14925187072.0;;
;US-UT;1971;p99p100;292355.40625;;;0.0762206092;0.0762206092
;US-UT;1971;p99.9p100;762781.125;;;0.0198866315;0.0198866315
;US-UT;1971;p99.99p100;2091146.875;;;0.0054518739;0.0054518739
;US-UT;1971;p90p100;;;;0.3058094978;0.3058094978
;US-UT;1971;p90p91;117297.757812;;;;
;US-UT;1971;p95p96;153003.875;;;;
;US-UT;1971;p95p100;;;;0.1994498372;0.1994498372
;US-UT;1971;p99.5p100;387136.125;;;0.0504655428;0.0504655428
;US-UT;1970;p0p100;37505.125;;14075312128.0;;
;US-UT;1970;p99p100;267947.875;;;0.0714429989;0.0714429989
;US-UT;1970;p99.9p100;706938.9375;;;0.0188491289;0.0188491289
;US-UT;1970;p99.99p100;1934355.75;;;0.0051575769;0.0051575769
;US-UT;1970;p90p100;;;;0.3001806438;0.3001806438
;US-UT;1970;p90p91;112583.132812;;;;
;US-UT;1970;p95p96;142146.203125;;;;
;US-UT;1970;p95p100;;;;0.1895023584;0.1895023584
;US-UT;1970;p99.5p100;366012.3125;;;0.0487949699;0.0487949699
;US-UT;1969;p0p100;36783.921875;;13571745792.0;;
;US-UT;1969;p99p100;291309.09375;;;0.0791946799;0.0791946799
;US-UT;1969;p99.9p100;829566.375;;;0.0225524176;0.0225524176
;US-UT;1969;p99.99p100;2249449.25;;;0.0061153057;0.0061153057
;US-UT;1969;p90p100;;;;0.3112478554;0.3112478554
;US-UT;1969;p90p91;114489.164062;;;;
;US-UT;1969;p95p96;145866.125;;;;
;US-UT;1969;p95p100;;;;0.1982742846;0.1982742846
;US-UT;1969;p99.5p100;402802.90625;;;0.0547525734;0.0547525734
;US-UT;1968;p0p100;36880.0664062;;13402286080.0;;
;US-UT;1968;p99p100;308589.5;;;0.0836737975;0.0836737975
;US-UT;1968;p99.9p100;935460.5625;;;0.0253649391;0.0253649391
;US-UT;1968;p99.99p100;2739472.75;;;0.0074280584;0.0074280584
;US-UT;1968;p90p100;;;;0.3190698922;0.3190698922
;US-UT;1968;p90p91;117673.1875;;;;
;US-UT;1968;p95p96;153885.1875;;;;
;US-UT;1968;p95p100;;;;0.2086292207;0.2086292207
;US-UT;1968;p99.5p100;436745.875;;;0.0592116527;0.0592116527
;US-UT;1967;p0p100;36158.34375;;12938858496.0;;
;US-UT;1967;p99p100;291364.6875;;;0.0805802122;0.0805802122
;US-UT;1967;p99.9p100;824728.25;;;0.0228087977;0.0228087977
;US-UT;1967;p99.99p100;2256005.25;;;0.0062392382;0.0062392382
;US-UT;1967;p90p100;;;;0.3049061298;0.3049061298
;US-UT;1967;p90p91;110248.992188;;;;
;US-UT;1967;p95p96;144995.46875;;;;
;US-UT;1967;p95p100;;;;0.2005007267;0.2005007267
;US-UT;1967;p99.5p100;395002.84375;;;0.0546212643;0.0546212643
;US-UT;1966;p0p100;35434.3632812;;12473932800.0;;
;US-UT;1966;p99p100;266634.1875;;;0.0752473474;0.0752473474
;US-UT;1966;p99.9p100;721331.8125;;;0.0203568432;0.0203568432
;US-UT;1966;p99.99p100;1800571.125;;;0.0050814264;0.0050814264
;US-UT;1966;p90p100;;;;0.2935896814;0.2935896814
;US-UT;1966;p90p91;104031.640625;;;;
;US-UT;1966;p95p96;135617.421875;;;;
;US-UT;1966;p95p100;;;;0.1913642734;0.1913642734
;US-UT;1966;p99.5p100;362994.375;;;0.0512206703;0.0512206703
;US-UT;1965;p0p100;34908.9648438;;12080977920.0;;
;US-UT;1965;p99p100;303642.65625;;;0.0869812965;0.0869812965
;US-UT;1965;p99.9p100;854765.5625;;;0.024485562;0.024485562
;US-UT;1965;p99.99p100;3340794.0;;;0.0095700175;0.0095700175
;US-UT;1965;p90p100;;;;0.3142525852;0.3142525852
;US-UT;1965;p90p91;109702.320312;;;;
;US-UT;1965;p95p96;142740.109375;;;;
;US-UT;1965;p95p100;;;;0.2044462115;0.2044462115
;US-UT;1965;p99.5p100;397188.53125;;;0.056889195;0.056889195
;US-UT;1964;p0p100;34180.5429688;;11617172480.0;;
;US-UT;1964;p99p100;290454.8125;;;0.0849766582;0.0849766582
;US-UT;1964;p99.9p100;653754.875;;;0.0191265233;0.0191265233
;US-UT;1964;p99.99p100;1764975.75;;;0.0051636859;0.0051636859
;US-UT;1964;p90p100;;;;0.3114736378;0.3114736378
;US-UT;1964;p90p91;106463.382812;;;;
;US-UT;1964;p95p96;140683.765625;;;;
;US-UT;1964;p95p100;;;;0.2057951242;0.2057951242
;US-UT;1964;p99.5p100;386867.625;;;0.0565917939;0.0565917939
;US-UT;1963;p0p100;33398.6796875;;11132374016.0;;
;US-UT;1963;p99p100;248562.984375;;;0.0744229928;0.0744229928
;US-UT;1963;p99.9p100;606706.375;;;0.0181655791;0.0181655791
;US-UT;1963;p99.99p100;1396529.25;;;0.0041813902;0.0041813902
;US-UT;1963;p90p100;;;;0.2969309986;0.2969309986
;US-UT;1963;p90p91;99171.0390625;;;;
;US-UT;1963;p95p96;127952.546875;;;;
;US-UT;1963;p95p100;;;;0.1915532947;0.1915532947
;US-UT;1963;p99.5p100;330511.53125;;;0.0494797267;0.0494797267
;US-UT;1962;p0p100;32960.4335938;;10768471040.0;;
;US-UT;1962;p99p100;241326.671875;;;0.073217079;0.073217079
;US-UT;1962;p99.9p100;649004.6875;;;0.0196904149;0.0196904149
;US-UT;1962;p99.99p100;1574368.25;;;0.0047765397;0.0047765397
;US-UT;1962;p90p100;;;;0.2888904512;0.2888904512
;US-UT;1962;p90p91;95219.546875;;;;
;US-UT;1962;p95p96;122690.039062;;;;
;US-UT;1962;p95p100;;;;0.1861171424;0.1861171424
;US-UT;1962;p99.5p100;333114.53125;;;0.0505324863;0.0505324863
;US-UT;1961;p0p100;31556.0019531;;10094897152.0;;
;US-UT;1961;p99p100;251081.171875;;;0.0795668587;0.0795668587
;US-UT;1961;p99.9p100;692379.8125;;;0.0219413061;0.0219413061
;US-UT;1961;p99.99p100;1696399.875;;;0.0053758393;0.0053758393
;US-UT;1961;p90p100;;;;0.3030591309;0.3030591309
;US-UT;1961;p90p91;95633.3359375;;;;
;US-UT;1961;p95p96;124363.429688;;;;
;US-UT;1961;p95p100;;;;0.1970519572;0.1970519572
;US-UT;1961;p99.5p100;347901.375;;;0.0551244467;0.0551244467
;US-UT;1960;p0p100;30091.4101562;;9414177792.0;;
;US-UT;1960;p99p100;239115.359375;;;0.0794629902;0.0794629902
;US-UT;1960;p99.9p100;638989.25;;;0.021234937;0.021234937
;US-UT;1960;p99.99p100;1663890.875;;;0.005529454;0.005529454
;US-UT;1960;p90p100;;;;0.3007486165;0.3007486165
;US-UT;1960;p90p91;90499.5078125;;;;
;US-UT;1960;p95p96;117647.085938;;;;
;US-UT;1960;p95p100;;;;0.1954828203;0.1954828203
;US-UT;1960;p99.5p100;325878.6875;;;0.0541481189;0.0541481189
;US-UT;1959;p0p100;29224.1816406;;9039430656.0;;
;US-UT;1959;p99p100;266879.9375;;;0.0913216099;0.0913216099
;US-UT;1959;p99.9p100;866859.375;;;0.0296623986;0.0296623986
;US-UT;1959;p99.99p100;1775984.375;;;0.0060771052;0.0060771052
;US-UT;1959;p90p100;;;;0.3199444711;0.3199444711
;US-UT;1959;p90p91;93501.15625;;;;
;US-UT;1959;p95p96;124741.5625;;;;
;US-UT;1959;p95p100;;;;0.2134218067;0.2134218067
;US-UT;1959;p99.5p100;377049.65625;;;0.0645098686;0.0645098686
;US-UT;1958;p0p100;27360.3417969;;8357986816.0;;
;US-UT;1958;p99p100;210065.4375;;;0.0767773539;0.0767773539
;US-UT;1958;p99.9p100;630951.0625;;;0.0230607931;0.0230607931
;US-UT;1958;p99.99p100;1814231.75;;;0.0066308817;0.0066308817
;US-UT;1958;p90p100;;;;0.3037072122;0.3037072122
;US-UT;1958;p90p91;83095.3203125;;;;
;US-UT;1958;p95p96;107070.390625;;;;
;US-UT;1958;p95p100;;;;0.1956671476;0.1956671476
;US-UT;1958;p99.5p100;291654.6875;;;0.0532988049;0.0532988049
;US-UT;1957;p0p100;27717.3632812;;8360175104.0;;
;US-UT;1957;p99p100;230636.609375;;;0.0832101554;0.0832101554
;US-UT;1957;p99.9p100;602632.3125;;;0.0217420533;0.0217420533
;US-UT;1957;p99.99p100;1599088.75;;;0.0057692677;0.0057692677
;US-UT;1957;p90p100;;;;0.3170175552;0.3170175552
;US-UT;1957;p90p91;87868.8984375;;;;
;US-UT;1957;p95p96;121274.109375;;;;
;US-UT;1957;p95p100;;;;0.2187692225;0.2187692225
;US-UT;1957;p99.5p100;307727.0625;;;0.0555116087;0.0555116087
;US-UT;1956;p0p100;27180.6308594;;8081889792.0;;
;US-UT;1956;p99p100;234364.15625;;;0.0862246975;0.0862246975
;US-UT;1956;p99.9p100;724366.8125;;;0.026650114;0.026650114
;US-UT;1956;p99.99p100;2502079.0;;;0.0092053758;0.0092053758
;US-UT;1956;p90p100;;;;0.3020705581;0.3020705581
;US-UT;1956;p90p91;82104.6796875;;;;
;US-UT;1956;p95p96;110550.234375;;;;
;US-UT;1956;p95p100;;;;0.2033621669;0.2033621669
;US-UT;1956;p99.5p100;326524.75;;;0.0600657128;0.0600657128
;US-UT;1955;p0p100;26123.5976562;;7658095616.0;;
;US-UT;1955;p99p100;216382.578125;;;0.0828303173;0.0828303173
;US-UT;1955;p99.9p100;577268.1875;;;0.0220975764;0.0220975764
;US-UT;1955;p99.99p100;1739681.5;;;0.0066594258;0.0066594258
;US-UT;1955;p90p100;;;;0.3001478314;0.3001478314
;US-UT;1955;p90p91;78409.40625;;;;
;US-UT;1955;p95p96;104356.648438;;;;
;US-UT;1955;p95p100;;;;0.1997363716;0.1997363716
;US-UT;1955;p99.5p100;290465.1875;;;0.0555944145;0.0555944145
;US-UT;1954;p0p100;24016.1894531;;6940150272.0;;
;US-UT;1954;p99p100;208313.421875;;;0.0867387578;0.0867387578
;US-UT;1954;p99.9p100;545402.8125;;;0.0227097981;0.0227097981
;US-UT;1954;p99.99p100;1177665.875;;;0.0049036336;0.0049036336
;US-UT;1954;p90p100;;;;0.3089311719;0.3089311719
;US-UT;1954;p90p91;74193.484375;;;;
;US-UT;1954;p95p96;99209.890625;;;;
;US-UT;1954;p95p100;;;;0.2065479755;0.2065479755
;US-UT;1954;p99.5p100;280521.3125;;;0.0584025458;0.0584025458
;US-UT;1953;p0p100;24649.4863281;;7020870656.0;;
;US-UT;1953;p99p100;189105.375;;;0.076717779;0.076717779
;US-UT;1953;p99.9p100;507143.5;;;0.0205742028;0.0205742028
;US-UT;1953;p99.99p100;1213048.75;;;0.0049211928;0.0049211928
;US-UT;1953;p90p100;;;;0.291107744;0.291107744
;US-UT;1953;p90p91;71756.5625;;;;
;US-UT;1953;p95p96;93588.15625;;;;
;US-UT;1953;p95p100;;;;0.1898379624;0.1898379624
;US-UT;1953;p99.5p100;257678.78125;;;0.0522685908;0.0522685908
;US-UT;1952;p0p100;24828.6269531;;6975985664.0;;
;US-UT;1952;p99p100;216660.65625;;;0.0872624367;0.0872624367
;US-UT;1952;p99.9p100;596767.0;;;0.0240354408;0.0240354408
;US-UT;1952;p99.99p100;1424021.25;;;0.0057354006;0.0057354006
;US-UT;1952;p90p100;;;;0.3024007976;0.3024007976
;US-UT;1952;p90p91;75081.96875;;;;
;US-UT;1952;p95p96;100066.835938;;;;
;US-UT;1952;p95p100;;;;0.2015150338;0.2015150338
;US-UT;1952;p99.5p100;307794.59375;;;0.0619838051;0.0619838051
;US-UT;1951;p0p100;24437.7949219;;6767865856.0;;
;US-UT;1951;p99p100;215254.921875;;;0.0880827904;0.0880827904
;US-UT;1951;p99.9p100;559377.6875;;;0.02288986;0.02288986
;US-UT;1951;p99.99p100;1429547.875;;;0.0058497414;0.0058497414
;US-UT;1951;p90p100;;;;0.3008100092;0.3008100092
;US-UT;1951;p90p91;73511.3359375;;;;
;US-UT;1951;p95p96;99185.703125;;;;
;US-UT;1951;p95p100;;;;0.2029350549;0.2029350549
;US-UT;1951;p99.5p100;292907.09375;;;0.0599291176;0.0599291176
;US-UT;1950;p0p100;22784.5117188;;6219329024.0;;
;US-UT;1950;p99p100;212898.34375;;;0.0934399441;0.0934399441
;US-UT;1950;p99.9p100;583768.5625;;;0.0256212894;0.0256212894
;US-UT;1950;p99.99p100;1108083.875;;;0.0048633208;0.0048633208
;US-UT;1950;p90p100;;;;0.3074061573;0.3074061573
;US-UT;1950;p90p91;70041.0;;;;
;US-UT;1950;p95p96;96908.3671875;;;;
;US-UT;1950;p95p100;;;;0.212662816;0.212662816
;US-UT;1950;p99.5p100;301683.40625;;;0.0662036091;0.0662036091
;US-UT;1949;p0p100;20909.390625;;5575600640.0;;
;US-UT;1949;p99p100;183800.046875;;;0.0879031122;0.0879031122
;US-UT;1949;p99.9p100;495606.5625;;;0.0237025842;0.0237025842
;US-UT;1949;p99.99p100;1267908.625;;;0.0060638245;0.0060638245
;US-UT;1949;p90p100;;;;0.3006203771;0.3006203771
;US-UT;1949;p90p91;62857.8828125;;;;
;US-UT;1949;p95p96;85196.96875;;;;
;US-UT;1949;p95p100;;;;0.2037289739;0.2037289739
;US-UT;1949;p99.5p100;251511.0;;;0.0601430759;0.0601430759
;US-UT;1948;p0p100;20631.0859375;;5390120960.0;;
;US-UT;1948;p99p100;189583.828125;;;0.0918923244;0.0918923244
;US-UT;1948;p99.9p100;496960.0625;;;0.0240879264;0.0240879264
;US-UT;1948;p99.99p100;1205558.875;;;0.0058434098;0.0058434098
;US-UT;1948;p90p100;;;;0.311767906;0.311767906
;US-UT;1948;p90p91;64321.1015625;;;;
;US-UT;1948;p95p96;87306.234375;;;;
;US-UT;1948;p95p100;;;;0.2115890533;0.2115890533
;US-UT;1948;p99.5p100;255896.984375;;;0.0620173365;0.0620173365
;US-UT;1947;p0p100;20127.8359375;;5151438336.0;;
;US-UT;1947;p99p100;191636.5;;;0.0952096954;0.0952096954
;US-UT;1947;p99.9p100;517852.53125;;;0.0257281773;0.0257281773
;US-UT;1947;p99.99p100;1264524.125;;;0.0062824646;0.0062824646
;US-UT;1947;p90p100;;;;0.3160400689;0.3160400689
;US-UT;1947;p90p91;63612.03125;;;;
;US-UT;1947;p95p96;86606.28125;;;;
;US-UT;1947;p95p100;;;;0.2151405662;0.2151405662
;US-UT;1947;p99.5p100;264470.75;;;0.0656977594;0.0656977594
;US-UT;1946;p0p100;20766.1386719;;5195239936.0;;
;US-UT;1946;p99p100;213219.59375;;;0.1026765704;0.1026765704
;US-UT;1946;p99.9p100;584967.25;;;0.0281692836;0.0281692836
;US-UT;1946;p99.99p100;1521700.25;;;0.007327796;0.007327796
;US-UT;1946;p90p100;;;;0.32983917;0.32983917
;US-UT;1946;p90p91;68494.859375;;;;
;US-UT;1946;p95p96;94798.65625;;;;
;US-UT;1946;p95p100;;;;0.2282529622;0.2282529622
;US-UT;1946;p99.5p100;294054.5625;;;0.0708014518;0.0708014518
;US-UT;1945;p0p100;22180.0488281;;5470910464.0;;
;US-UT;1945;p99p100;197507.484375;;;0.0890473723;0.0890473723
;US-UT;1945;p99.9p100;581071.75;;;0.0261979494;0.0261979494
;US-UT;1945;p99.99p100;1549231.375;;;0.0069847973;0.0069847973
;US-UT;1945;p90p100;;;;0.2920519114;0.2920519114
;US-UT;1945;p90p91;64777.2539062;;;;
;US-UT;1945;p95p96;86749.71875;;;;
;US-UT;1945;p95p100;;;;0.1955580115;0.1955580115
;US-UT;1945;p99.5p100;280913.84375;;;0.0633257926;0.0633257926
;US-UT;1944;p0p100;22377.9296875;;5437607424.0;;
;US-UT;1944;p99p100;259576.953125;;;0.1159968525;0.1159968525
;US-UT;1944;p99.9p100;844771.75;;;0.0377502181;0.0377502181
;US-UT;1944;p99.99p100;2413647.5;;;0.0107858395;0.0107858395
;US-UT;1944;p90p100;;;;0.3367920816;0.3367920816
;US-UT;1944;p90p91;75367.09375;;;;
;US-UT;1944;p95p96;105362.914062;;;;
;US-UT;1944;p95p100;;;;0.2354170233;0.2354170233
;US-UT;1944;p99.5p100;378348.15625;;;0.0845360011;0.0845360011
;US-UT;1943;p0p100;27135.0136719;;6487324160.0;;
;US-UT;1943;p99p100;224591.84375;;;0.0827682912;0.0827682912
;US-UT;1943;p99.9p100;691836.0;;;0.0254960656;0.0254960656
;US-UT;1943;p99.99p100;1613121.125;;;0.0059447964;0.0059447964
;US-UT;1943;p90p100;;;;0.2584904134;0.2584904134
;US-UT;1943;p90p91;70141.40625;;;;
;US-UT;1943;p95p96;95338.0703125;;;;
;US-UT;1943;p95p100;;;;0.1756735444;0.1756735444
;US-UT;1943;p99.5p100;325390.125;;;0.059957616;0.059957616
;US-UT;1942;p0p100;20457.1289062;;4802484224.0;;
;US-UT;1942;p99p100;203977.46875;;;0.0997097269;0.0997097269
;US-UT;1942;p99.9p100;643875.625;;;0.0314743891;0.0314743891
;US-UT;1942;p99.99p100;1586123.0;;;0.0077533997;0.0077533997
;US-UT;1942;p90p100;;;;0.2979314327;0.2979314327
;US-UT;1942;p90p91;60948.2148438;;;;
;US-UT;1942;p95p96;83327.953125;;;;
;US-UT;1942;p95p100;;;;0.2036648393;0.2036648393
;US-UT;1942;p99.5p100;296762.625;;;0.0725328177;0.0725328177
;US-UT;1941;p0p100;14077.3740234;;3254168320.0;;
;US-UT;1941;p99p100;182575.6875;;;0.129694432;0.129694432
;US-UT;1941;p99.9p100;596431.75;;;0.042368114;0.042368114
;US-UT;1941;p99.99p100;1789885.875;;;0.0127146291;0.0127146291
;US-UT;1941;p90p100;;;;0.3925649822;0.3925649822
;US-UT;1941;p90p91;55262.8398438;;;;
;US-UT;1941;p95p96;76765.390625;;;;
;US-UT;1941;p95p100;;;;0.2726552188;0.2726552188
;US-UT;1941;p99.5p100;265101.71875;;;0.0941588059;0.0941588059
;US-UT;1940;p0p100;12247.4287109;;2790681344.0;;
;US-UT;1940;p99p100;157110.578125;;;0.1282804459;0.1282804459
;US-UT;1940;p99.9p100;467306.90625;;;0.0381555036;0.0381555036
;US-UT;1940;p99.99p100;1076872.625;;;0.0087926416;0.0087926416
;US-UT;1940;p90p100;;;;0.4247281849;0.4247281849
;US-UT;1940;p90p91;52018.2851562;;;;
;US-UT;1940;p95p96;69996.8046875;;;;
;US-UT;1940;p95p100;;;;0.2857611775;0.2857611775
;US-UT;1940;p99.5p100;221806.53125;;;0.0905522704;0.0905522704
;US-UT;1939;p0p100;11845.4667969;;2646909696.0;;
;US-UT;1939;p99p100;151491.453125;;;0.127889812;0.127889812
;US-UT;1939;p99.9p100;452451.5;;;0.0381961763;0.0381961763
;US-UT;1939;p99.99p100;1026997.125;;;0.0086699594;0.0086699594
;US-UT;1939;p90p100;;;;0.397976011;0.397976011
;US-UT;1939;p90p91;47142.1171875;;;;
;US-UT;1939;p95p96;68061.046875;;;;
;US-UT;1939;p95p100;;;;0.2872873247;0.2872873247
;US-UT;1939;p99.5p100;214904.359375;;;0.0907116532;0.0907116532
;US-UT;1938;p0p100;11406.5654297;;2503061760.0;;
;US-UT;1938;p99p100;143906.484375;;;0.1261610985;0.1261610985
;US-UT;1938;p99.9p100;447573.28125;;;0.0392382182;0.0392382182
;US-UT;1938;p99.99p100;1200386.25;;;0.0105236424;0.0105236424
;US-UT;1938;p90p100;;;;0.3942967355;0.3942967355
;US-UT;1938;p90p91;44975.7109375;;;;
;US-UT;1938;p95p96;64549.8515625;;;;
;US-UT;1938;p95p100;;;;0.2829504311;0.2829504311
;US-UT;1938;p99.5p100;205738.296875;;;0.0901841596;0.0901841596
;US-UT;1937;p0p100;11393.7666016;;2456330752.0;;
;US-UT;1937;p99p100;164356.671875;;;0.1442514062;0.1442514062
;US-UT;1937;p99.9p100;529197.625;;;0.0464462452;0.0464462452
;US-UT;1937;p99.99p100;1361471.75;;;0.0119492682;0.0119492682
;US-UT;1937;p90p100;;;;0.4231625497;0.4231625497
;US-UT;1937;p90p91;48214.1523438;;;;
;US-UT;1937;p95p96;70105.15625;;;;
;US-UT;1937;p95p100;;;;0.30764696;0.30764696
;US-UT;1937;p99.5p100;237319.96875;;;0.1041446477;0.1041446477
;US-UT;1936;p0p100;12472.5146484;;2646322432.0;;
;US-UT;1936;p99p100;172351.765625;;;0.1381852329;0.1381852329
;US-UT;1936;p99.9p100;560715.6875;;;0.0449561067;0.0449561067
;US-UT;1936;p99.99p100;1227428.375;;;0.0098410649;0.0098410649
;US-UT;1936;p90p100;;;;0.3807182312;0.3807182312
;US-UT;1936;p90p91;47485.140625;;;;
;US-UT;1936;p95p96;70439.5;;;;
;US-UT;1936;p95p100;;;;0.2823788822;0.2823788822
;US-UT;1936;p99.5p100;253098.828125;;;0.1014626175;0.1014626175
;US-UT;1935;p0p100;10765.2910156;;2247385856.0;;
;US-UT;1935;p99p100;133419.390625;;;0.1239347756;0.1239347756
;US-UT;1935;p99.9p100;403455.09375;;;0.0374773964;0.0374773964
;US-UT;1935;p99.99p100;975493.6875;;;0.0090614706;0.0090614706
;US-UT;1935;p90p100;;;;0.3861397803;0.3861397803
;US-UT;1935;p90p91;41569.0703125;;;;
;US-UT;1935;p95p96;59496.078125;;;;
;US-UT;1935;p95p100;;;;0.276332885;0.276332885
;US-UT;1935;p99.5p100;189327.484375;;;0.0879342183;0.0879342183
;US-UT;1934;p0p100;8777.23828125;;1801852032.0;;
;US-UT;1934;p99p100;119080.109375;;;0.1356692314;0.1356692314
;US-UT;1934;p99.9p100;349062.15625;;;0.0397690162;0.0397690162
;US-UT;1934;p99.99p100;839883.5;;;0.0095688812;0.0095688812
;US-UT;1934;p90p100;;;;0.4303688705;0.4303688705
;US-UT;1934;p90p91;37774.5;;;;
;US-UT;1934;p95p96;55142.6914062;;;;
;US-UT;1934;p95p100;;;;0.3141232431;0.3141232431
;US-UT;1934;p99.5p100;166261.25;;;0.0947115943;0.0947115943
;US-UT;1933;p0p100;8882.9453125;;1794337280.0;;
;US-UT;1933;p99p100;106360.3125;;;0.1197354198;0.1197354198
;US-UT;1933;p99.9p100;325393.625;;;0.0366312787;0.0366312787
;US-UT;1933;p99.99p100;1066025.75;;;0.0120008131;0.0120008131
;US-UT;1933;p90p100;;;;0.389644593;0.389644593
;US-UT;1933;p90p91;34611.9179688;;;;
;US-UT;1933;p95p96;48791.8203125;;;;
;US-UT;1933;p95p100;;;;0.2746376395;0.2746376395
;US-UT;1933;p99.5p100;148177.4375;;;0.0834055766;0.0834055766
;US-UT;1932;p0p100;8860.16308594;;1761853440.0;;
;US-UT;1932;p99p100;104642.109375;;;0.1181040704;0.1181040704
;US-UT;1932;p99.9p100;333496.09375;;;0.0376399569;0.0376399569
;US-UT;1932;p99.99p100;1092340.375;;;0.0123286722;0.0123286722
;US-UT;1932;p90p100;;;;0.3994939327;0.3994939327
;US-UT;1932;p90p91;35395.8085938;;;;
;US-UT;1932;p95p96;48857.5351562;;;;
;US-UT;1932;p95p100;;;;0.2757146955;0.2757146955
;US-UT;1932;p99.5p100;144479.15625;;;0.0815330297;0.0815330297
;US-UT;1931;p0p100;9748.24511719;;1907287808.0;;
;US-UT;1931;p99p100;121788.203125;;;0.1249334663;0.1249334663
;US-UT;1931;p99.9p100;341194.40625;;;0.0350005962;0.0350005962
;US-UT;1931;p99.99p100;965531.6875;;;0.0099046715;0.0099046715
;US-UT;1931;p90p100;;;;0.3986040652;0.3986040652
;US-UT;1931;p90p91;38856.9023438;;;;
;US-UT;1931;p95p96;53319.5039062;;;;
;US-UT;1931;p95p100;;;;0.2734825611;0.2734825611
;US-UT;1931;p99.5p100;167702.265625;;;0.0860166401;0.0860166401
;US-UT;1930;p0p100;12347.8896484;;2373935872.0;;
;US-UT;1930;p99p100;151595.703125;;;0.1227705106;0.1227705106
;US-UT;1930;p99.9p100;456039.03125;;;0.0369325466;0.0369325466
;US-UT;1930;p99.99p100;1204081.0;;;0.0097513087;0.0097513087
;US-UT;1930;p90p100;;;;0.3560921252;0.3560921252
;US-UT;1930;p90p91;43969.8671875;;;;
;US-UT;1930;p95p96;64287.6679688;;;;
;US-UT;1930;p95p100;;;;0.2603184283;0.2603184283
;US-UT;1930;p99.5p100;213689.0625;;;0.0865285695;0.0865285695
;US-UT;1929;p0p100;13937.7626953;;2656117248.0;;
;US-UT;1929;p99p100;197723.6875;;;0.1418618709;0.1418618709
;US-UT;1929;p99.9p100;686002.5625;;;0.0492189899;0.0492189899
;US-UT;1929;p99.99p100;2071742.125;;;0.0148642389;0.0148642389
;US-UT;1929;p90p100;;;;0.3590672612;0.3590672612
;US-UT;1929;p90p91;50045.9453125;;;;
;US-UT;1929;p95p96;76284.7421875;;;;
;US-UT;1929;p95p100;;;;0.2736620903;0.2736620903
;US-UT;1929;p99.5p100;289579.125;;;0.1038829461;0.1038829461
;US-UT;1928;p0p100;12239.3964844;;2312494080.0;;
;US-UT;1928;p99p100;200430.828125;;;0.1637587547;0.1637587547
;US-UT;1928;p99.9p100;719360.5625;;;0.0587741919;0.0587741919
;US-UT;1928;p99.99p100;2118248.0;;;0.0173068009;0.0173068009
;US-UT;1928;p90p100;;;;0.4067343175;0.4067343175
;US-UT;1928;p90p91;49781.8242188;;;;
;US-UT;1928;p95p96;76295.421875;;;;
;US-UT;1928;p95p100;;;;0.3116796613;0.3116796613
;US-UT;1928;p99.5p100;296817.53125;;;0.1212549731;0.1212549731
;US-UT;1927;p0p100;11767.4111328;;2199816704.0;;
;US-UT;1927;p99p100;180304.0;;;0.1532231718;0.1532231718
;US-UT;1927;p99.9p100;641784.0625;;;0.0545391068;0.0545391068
;US-UT;1927;p99.99p100;2119838.5;;;0.018014485;0.018014485
;US-UT;1927;p90p100;;;;0.3925072253;0.3925072253
;US-UT;1927;p90p91;46187.9375;;;;
;US-UT;1927;p95p96;69816.21875;;;;
;US-UT;1927;p95p100;;;;0.2966507375;0.2966507375
;US-UT;1927;p99.5p100;265828.625;;;0.1129512042;0.1129512042
;US-UT;1926;p0p100;11807.4160156;;2180350976.0;;
;US-UT;1926;p99p100;163457.765625;;;0.1384365261;0.1384365261
;US-UT;1926;p99.9p100;517404.09375;;;0.043820262;0.043820262
;US-UT;1926;p99.99p100;1297365.625;;;0.0109877186;0.0109877186
;US-UT;1926;p90p100;;;;0.3845679164;0.3845679164
;US-UT;1926;p90p91;45407.5351562;;;;
;US-UT;1926;p95p96;67476.7109375;;;;
;US-UT;1926;p95p100;;;;0.2857387066;0.2857387066
;US-UT;1926;p99.5p100;234407.4375;;;0.0992628038;0.0992628038
;US-UT;1925;p0p100;13372.390625;;2439941632.0;;
;US-UT;1925;p99p100;164367.9375;;;0.1229158938;0.1229158938
;US-UT;1925;p99.9p100;534406.4375;;;0.0399634168;0.0399634168
;US-UT;1925;p99.99p100;1370150.125;;;0.010246112;0.010246112
;US-UT;1925;p90p100;;;;0.3762150109;0.3762150109
;US-UT;1925;p90p91;50308.9414062;;;;
;US-UT;1925;p95p96;72095.90625;;;;
;US-UT;1925;p95p100;;;;0.2695700228;0.2695700228
;US-UT;1925;p99.5p100;236633.953125;;;0.0884785578;0.0884785578
;US-UT;1924;p0p100;14330.8955078;;2579529472.0;;
;US-UT;1924;p99p100;142076.5;;;0.0991400033;0.0991400033
;US-UT;1924;p99.9p100;397323.84375;;;0.0277249832;0.0277249832
;US-UT;1924;p99.99p100;792185.25;;;0.0055278139;0.0055278139
;US-UT;1924;p90p100;;;;0.3496369421;0.3496369421
;US-UT;1924;p90p91;50106.1054688;;;;
;US-UT;1924;p95p96;67319.1875;;;;
;US-UT;1924;p95p100;;;;0.2348743081;0.2348743081
;US-UT;1924;p99.5p100;198816.59375;;;0.0693664253;0.0693664253
;US-UT;1923;p0p100;14272.1308594;;2523475968.0;;
;US-UT;1923;p99p100;128801.414062;;;0.0902468041;0.0902468041
;US-UT;1923;p99.9p100;378187.03125;;;0.0264982898;0.0264982898
;US-UT;1923;p99.99p100;878266.1875;;;0.0061537144;0.0061537144
;US-UT;1923;p90p100;;;;0.3292834759;0.3292834759
;US-UT;1923;p90p91;46995.765625;;;;
;US-UT;1923;p95p96;62633.3046875;;;;
;US-UT;1923;p95p100;;;;0.2194252163;0.2194252163
;US-UT;1923;p99.5p100;182799.375;;;0.0640406758;0.0640406758
;US-UT;1922;p0p100;12753.5742188;;2219340032.0;;
;US-UT;1922;p99p100;126827.773438;;;0.0994448885;0.0994448885
;US-UT;1922;p99.9p100;393449.96875;;;0.0308501739;0.0308501739
;US-UT;1922;p99.99p100;995843.3125;;;0.0078083477;0.0078083477
;US-UT;1922;p90p100;;;;0.340490669;0.340490669
;US-UT;1922;p90p91;43424.7265625;;;;
;US-UT;1922;p95p96;57784.5117188;;;;
;US-UT;1922;p95p100;;;;0.2265424281;0.2265424281
;US-UT;1922;p99.5p100;180997.625;;;0.0709595755;0.0709595755
;US-UT;1921;p0p100;11107.6767578;;1908432512.0;;
;US-UT;1921;p99p100;106309.742188;;;0.0957083479;0.0957083479
;US-UT;1921;p99.9p100;283017.3125;;;0.0254794341;0.0254794341
;US-UT;1921;p99.99p100;591057.4375;;;0.0053211623;0.0053211623
;US-UT;1921;p90p100;;;;0.3492410481;0.3492410481
;US-UT;1921;p90p91;38792.5664062;;;;
;US-UT;1921;p95p96;50967.8320312;;;;
;US-UT;1921;p95p100;;;;0.2294261605;0.2294261605
;US-UT;1921;p99.5p100;146190.734375;;;0.0658061728;0.0658061728
;US-UT;1920;p0p100;13040.4501953;;2199782144.0;;
;US-UT;1920;p99p100;110866.117188;;;0.0850170925;0.0850170925
;US-UT;1920;p99.9p100;310639.375;;;0.0238212161;0.0238212161
;US-UT;1920;p99.99p100;630123.75;;;0.0048320708;0.0048320708
;US-UT;1920;p90p100;;;;0.298668623;0.298668623
;US-UT;1920;p90p91;38947.7304688;;;;
;US-UT;1920;p95p96;51264.6953125;;;;
;US-UT;1920;p95p100;;;;0.1965602934;0.1965602934
;US-UT;1920;p99.5p100;154575.359375;;;0.059267655;0.059267655
;US-UT;1919;p0p100;13062.7783203;;2147113344.0;;
;US-UT;1919;p99p100;126182.554688;;;0.0965970308;0.0965970308
;US-UT;1919;p99.9p100;350033.0;;;0.0267962143;0.0267962143
;US-UT;1919;p99.99p100;802999.8125;;;0.0061472366;0.0061472366
;US-UT;1919;p90p100;;;;0.3345918357;0.3345918357
;US-UT;1919;p90p91;43706.9882812;;;;
;US-UT;1919;p95p96;59568.3710938;;;;
;US-UT;1919;p95p100;;;;0.2280080467;0.2280080467
;US-UT;1919;p99.5p100;172653.21875;;;0.0660859495;0.0660859495
;US-UT;1918;p0p100;13981.6738281;;2252371712.0;;
;US-UT;1918;p99p100;136403.015625;;;0.0975584313;0.0975584313
;US-UT;1918;p99.9p100;390821.625;;;0.0279524196;0.0279524196
;US-UT;1918;p99.99p100;937755.4375;;;0.0067070327;0.0067070327
;US-UT;1918;p90p100;;;;0.3289685249;0.3289685249
;US-UT;1918;p90p91;45995.3046875;;;;
;US-UT;1918;p95p96;62511.5898438;;;;
;US-UT;1918;p95p100;;;;0.223548308;0.223548308
;US-UT;1918;p99.5p100;189565.015625;;;0.0677905306;0.0677905306
;US-UT;1917;p0p100;15036.1445312;;2405287680.0;;
