Variable Name;.;.;.;Fiscal income  | tax unit | Average | Adults | constant 2015 local currency;Fiscal income  | tax unit | Threshold | Adults | constant 2015 local currency;Fiscal income  | tax unit | Total | Adults | constant 2015 local currency;Fiscal income  | tax unit | Share | Adults | share of total (ratio);Pre-tax national income  | tax unit | Share | Adults | share of total (ratio)
Variable Category;.;.;.;Income inequality;Income inequality;Income inequality;Income inequality;Income inequality
Variable Description;.;.;.;Average Fiscal income within a given percentile group. Fiscal income is defined as the sum of all income items reported on income tax returns, before any deduction. It includes labour income, capital income and mixed income. The concept of fiscal income varies with national tax legislations, so in order to make international comparisons it is preferable to use the concept of national income. The population is comprised of individuals over age 20. The base unit is the tax unit defined by national fiscal administrations to measure personal income taxes.;Fiscal income threshold value at a given percentile.  Fiscal income is defined as the sum of all income items reported on income tax returns, before any deduction. It includes labour income, capital income and mixed income. The concept of fiscal income varies with national tax legislations, so in order to make international comparisons it is preferable to use the concept of national income. The population is comprised of individuals over age 20. The base unit is the tax unit defined by national fiscal administrations to measure personal income taxes.;Total Fiscal income  within a given percentile group. Fiscal income is defined as the sum of all income items reported on income tax returns, before any deduction. It includes labour income, capital income and mixed income. The concept of fiscal income varies with national tax legislations, so in order to make international comparisons it is preferable to use the concept of national income. The population is comprised of individuals over age 20.;Fiscal income share held by a given percentile group. Fiscal income is defined as the sum of all income items reported on income tax returns, before any deduction. It includes labour income, capital income and mixed income. The concept of fiscal income varies with national tax legislations, so in order to make international comparisons it is preferable to use the concept of national income. The population is comprised of individuals over age 20. The base unit is the tax unit defined by national fiscal administrations to measure personal income taxes.;Pre-tax national income share held by a given percentile group. Pre-tax national income  is the sum of all pre-tax personal income flows accruing to the owners of the production factors, labor and capital, before taking into account the operation of the tax/transfer system, but after taking into account the operation of pension system. The central difference between personal factor income and pre-tax income is the treatment of pensions, which are counted on a contribution basis by factor income and on a distribution basis by pre-tax income. The population is comprised of individuals over age 20. The base unit is the tax unit defined by national fiscal administrations to measure personal income taxes.
Variable Decomposition;.;.;.;[Fiscal income ]=[Fiscal labour income ]+[Fiscal capital income ];[Fiscal income ]=[Fiscal labour income ]+[Fiscal capital income ];[Fiscal income ]=[Fiscal labour income ]+[Fiscal capital income ];[Fiscal income ]=[Fiscal labour income ]+[Fiscal capital income ];Pre-tax national income =Pre-tax labor income [total pre-tax income ranking]+Pre-tax capital income [total pre-tax income ranking]
Variable Unit;.;.;.;"USD; United States dollar | local currency | market";"USD; United States dollar | local currency | market";"USD; United States dollar | local currency | market";share;share
Methodological Notes;.;.;.;;;;;Assuming the same distribution as fiscal income.
Sources;.;.;.;Frank, Sommeiller, Price & Saez (2015);Frank, Sommeiller, Price & Saez (2015);Frank, Sommeiller, Price & Saez (2015);Frank, Sommeiller, Price & Saez (2015);WID.world computations using: Frank, Sommeiller, Price & Saez (2015)
Variable Code;country;year;perc;afiinc992t;tfiinc992t;mfiinc992t;sfiinc992t;sptinc992t
;US-CT;2014;p0p100;90314.703125;;1.70295394304e+11;;
;US-CT;2014;p99p100;;693372.4375;;0.2865154445;0.2865154445
;US-CT;2014;p99.9p100;;3766797.75;;0.1549271494;0.1549271494
;US-CT;2014;p99.99p100;;20463412.0;;0.0812428668;0.0812428668
;US-CT;2014;p90p100;;152218.421875;;0.5497111082;0.5497111082
;US-CT;2014;p90p91;502932.1875;;;;
;US-CT;2014;p95p96;815509.6875;;;;
;US-CT;2014;p90p95;190354.71875;152218.421875;;0.102922976;0.102922976
;US-CT;2014;p95p99;365248.0;246823.71875;;0.1605689824;0.1605689824
;US-CT;2014;p99.5p99.9;1890099.25;1154051.875;;0.083440654;0.083440654
;US-CT;2014;p99.9p99.99;7213811.0;3766797.75;;0.0731949657;0.0731949657
;US-CT;2014;p99p99.5;878105.625;693372.4375;;0.0480378456;0.0480378456
;US-CT;2014;p95p100;;246823.71875;;0.4472088516;0.4472088516
;US-CT;2014;p0p90;44468.3164062;;;0.4505917132;0.4505917132
;US-CT;2014;p0p99;64797.109375;;;0.7134845853;0.7134845853
;US-CT;2014;p99.5p100;;1154051.875;;0.2384866774;0.2384866774
;US-CT;2014;p99.5p99.6;4355007.0;;;;
;US-CT;2014;p99.99p99.991;77222096.0;;;;
;US-CT;2014;p99.9p99.91;14214639.0;;;;
;US-CT;2014;p99p99.1;2616556.5;;;;
;US-CT;2013;p0p100;89906.1875;;1.63898523648e+11;;
;US-CT;2013;p99p100;;688752.375;;0.2749766111;0.2749766111
;US-CT;2013;p99.9p100;;3632886.75;;0.1478635818;0.1478635818
;US-CT;2013;p99.99p100;;19542068.0;;0.0784945562;0.0784945562
;US-CT;2013;p90p100;;151390.046875;;0.5334855318;0.5334855318
;US-CT;2013;p90p91;489883.875;;;;
;US-CT;2013;p95p96;790851.75;;;;
;US-CT;2013;p90p95;188916.0;151390.046875;;0.1012394503;0.1012394503
;US-CT;2013;p95p99;361796.1875;244398.90625;;0.1581141204;0.1581141204
;US-CT;2013;p99.5p99.9;1829656.0;1120731.125;;0.0800538957;0.0800538957
;US-CT;2013;p99.9p99.99;6926584.5;3632886.75;;0.0691522509;0.0691522509
;US-CT;2013;p99p99.5;852214.4375;688752.375;;0.0470051244;0.0470051244
;US-CT;2013;p95p100;;244398.90625;;0.4329466224;0.4329466224
;US-CT;2013;p0p90;45464.21875;;;0.4659405947;0.4659405947
;US-CT;2013;p0p99;65490.3476562;;;0.7250233889;0.7250233889
;US-CT;2013;p99.5p100;;1120731.125;;0.227893874;0.227893874
;US-CT;2013;p99.5p99.6;4161933.75;;;;
;US-CT;2013;p99.99p99.991;72571192.0;;;;
;US-CT;2013;p99.9p99.91;13491045.0;;;;
;US-CT;2013;p99p99.1;2507074.0;;;;
;US-CT;2012;p0p100;83582.296875;;1.55395178496e+11;;
;US-CT;2012;p99p100;2758872.25;;;0.3300785422;0.3300785422
;US-CT;2012;p99.9p100;15125178.0;;;0.1809615046;0.1809615046
;US-CT;2012;p99.99p100;78795072.0;;;0.0942724422;0.0942724422
;US-CT;2012;p90p100;;;;0.6092135906;0.6092135906
;US-CT;2012;p90p91;509194.71875;;;;
;US-CT;2012;p95p96;842516.4375;;;;
;US-CT;2012;p95p100;;;;0.5040041208;0.5040041208
;US-CT;2012;p99.5p100;4610696.5;;;0.2758177519;0.2758177519
;US-CT;2011;p0p100;80843.0546875;;1.4770208768e+11;;
;US-CT;2011;p99p100;2337513.25;;;0.2891421318;0.2891421318
;US-CT;2011;p99.9p100;12006185.0;;;0.1485122591;0.1485122591
;US-CT;2011;p99.99p100;60031344.0;;;0.0742566511;0.0742566511
;US-CT;2011;p90p100;;;;0.5699875951;0.5699875951
;US-CT;2011;p90p91;460795.375;;;;
;US-CT;2011;p95p96;749272.0;;;;
;US-CT;2011;p95p100;;;;0.4634114802;0.4634114802
;US-CT;2011;p99.5p100;3820707.75;;;0.2363040149;0.2363040149
;US-CT;2010;p0p100;81584.734375;;1.47767918592e+11;;
;US-CT;2010;p99p100;2568094.75;;;0.314776361;0.314776361
;US-CT;2010;p99.9p100;14234178.0;;;0.1744710803;0.1744710803
;US-CT;2010;p99.99p100;78875832.0;;;0.0966796353;0.0966796353
;US-CT;2010;p90p100;;;;0.5860075951;0.5860075951
;US-CT;2010;p90p91;478092.75;;;;
;US-CT;2010;p95p96;791670.0;;;;
;US-CT;2010;p95p100;;;;0.4851826429;0.4851826429
;US-CT;2010;p99.5p100;4283807.5;;;0.2625373006;0.2625373006
;US-CT;2009;p0p100;78058.890625;;1.40265259008e+11;;
;US-CT;2009;p99p100;2086913.5;;;0.2673511505;0.2673511505
;US-CT;2009;p99.9p100;11461538.0;;;0.1468319446;0.1468319446
;US-CT;2009;p99.99p100;64547396.0;;;0.0826906487;0.0826906487
;US-CT;2009;p90p100;;;;0.5461421013;0.5461421013
;US-CT;2009;p90p91;426312.46875;;;;
;US-CT;2009;p95p96;691929.9375;;;;
;US-CT;2009;p95p100;;;;0.4432102442;0.4432102442
;US-CT;2009;p99.5p100;3443628.75;;;0.2205789089;0.2205789089
;US-CT;2008;p0p100;86475.8671875;;1.54693861376e+11;;
;US-CT;2008;p99p100;2546822.5;;;0.2945124805;0.2945124805
;US-CT;2008;p99.9p100;14574228.0;;;0.1685352027;0.1685352027
;US-CT;2008;p99.99p100;81305536.0;;;0.0940210596;0.0940210596
;US-CT;2008;p90p100;;;;0.5667850375;0.5667850375
;US-CT;2008;p90p91;490132.3125;;;;
;US-CT;2008;p95p96;804199.0625;;;;
;US-CT;2008;p95p100;;;;0.4649846554;0.4649846554
;US-CT;2008;p99.5p100;4280803.5;;;0.2475143373;0.2475143373
;US-CT;2007;p0p100;95098.5625;;1.69778888704e+11;;
;US-CT;2007;p99p100;3427329.5;;;0.3603976369;0.3603976369
;US-CT;2007;p99.9p100;21219208.0;;;0.223128587;0.223128587
;US-CT;2007;p99.99p100;123689256.0;;;0.1300642788;0.1300642788
;US-CT;2007;p90p100;;;;0.6225898266;0.6225898266
;US-CT;2007;p90p91;592074.0;;;;
;US-CT;2007;p95p96;1001331.3125;;;;
;US-CT;2007;p95p100;;;;0.5264703035;0.5264703035
;US-CT;2007;p99.5p100;5928890.5;;;0.3117234409;0.3117234409
;US-CT;2006;p0p100;90044.015625;;1.60164069376e+11;;
;US-CT;2006;p99p100;2858975.25;;;0.3175086081;0.3175086081
;US-CT;2006;p99.9p100;16449358.0;;;0.1826812923;0.1826812923
;US-CT;2006;p99.99p100;87828600.0;;;0.0975396261;0.0975396261
;US-CT;2006;p90p100;;;;0.5822016597;0.5822016597
;US-CT;2006;p90p91;524237.75;;;;
;US-CT;2006;p95p96;874264.375;;;;
;US-CT;2006;p95p100;;;;0.4854649603;0.4854649603
;US-CT;2006;p99.5p100;4842587.5;;;0.2689011097;0.2689011097
;US-CT;2005;p0p100;85905.890625;;1.5232196608e+11;;
;US-CT;2005;p99p100;2662452.25;;;0.3099265993;0.3099265993
;US-CT;2005;p99.9p100;15104553.0;;;0.1758267432;0.1758267432
;US-CT;2005;p99.99p100;79821920.0;;;0.092917867;0.092917867
;US-CT;2005;p90p100;;;;0.5767034292;0.5767034292
;US-CT;2005;p90p91;495422.21875;;;;
;US-CT;2005;p95p96;827925.375;;;;
;US-CT;2005;p95p100;;;;0.4818792641;0.4818792641
;US-CT;2005;p99.5p100;4481938.5;;;0.2608632743;0.2608632743
;US-CT;2004;p0p100;83170.96875;;1.43984361472e+11;;
;US-CT;2004;p99p100;2375247.0;;;0.2855860591;0.2855860591
;US-CT;2004;p99.9p100;13010096.0;;;0.156425938;0.156425938
;US-CT;2004;p99.99p100;68223488.0;;;0.082028009;0.082028009
;US-CT;2004;p90p100;;;;0.5596715212;0.5596715212
;US-CT;2004;p90p91;465484.1875;;;;
;US-CT;2004;p95p96;765515.0625;;;;
;US-CT;2004;p95p100;;;;0.460205704;0.460205704
;US-CT;2004;p99.5p100;3941401.5;;;0.2369457483;0.2369457483
;US-CT;2003;p0p100;78130.5546875;;1.33750431744e+11;;
;US-CT;2003;p99p100;1991185.75;;;0.254853636;0.254853636
;US-CT;2003;p99.9p100;10306373.0;;;0.1319121867;0.1319121867
;US-CT;2003;p99.99p100;52757984.0;;;0.0675254166;0.0675254166
;US-CT;2003;p90p100;;;;0.5341829062;0.5341829062
;US-CT;2003;p90p91;417360.0625;;;;
;US-CT;2003;p95p96;662574.9375;;;;
;US-CT;2003;p95p100;;;;0.424017787;0.424017787
;US-CT;2003;p99.5p100;3242266.0;;;0.2074902654;0.2074902654
;US-CT;2002;p0p100;77059.265625;;1.34037266432e+11;;
;US-CT;2002;p99p100;1835450.5;;;0.238186866;0.238186866
;US-CT;2002;p99.9p100;9046438.0;;;0.117395848;0.117395848
;US-CT;2002;p99.99p100;43842432.0;;;0.056894429;0.056894429
;US-CT;2002;p90p100;;;;0.5200189948;0.5200189948
;US-CT;2002;p90p91;400722.84375;;;;
;US-CT;2002;p95p96;628353.25;;;;
;US-CT;2002;p95p100;;;;0.4077077508;0.4077077508
;US-CT;2002;p99.5p100;2946067.5;;;0.1911559552;0.1911559552
;US-CT;2001;p0p100;83595.3515625;;1.41446381568e+11;;
;US-CT;2001;p99p100;2346395.75;;;0.2806849778;0.2806849778
;US-CT;2001;p99.9p100;11810778.0;;;0.1412851065;0.1412851065
;US-CT;2001;p99.99p100;56984660.0;;;0.0681672618;0.0681672618
;US-CT;2001;p90p100;;;;0.5548083186;0.5548083186
;US-CT;2001;p90p91;463793.9375;;;;
;US-CT;2001;p95p96;749300.875;;;;
;US-CT;2001;p95p100;;;;0.448171407;0.448171407
;US-CT;2001;p99.5p100;3814399.75;;;0.2281466573;0.2281466573
;US-CT;2000;p0p100;87708.8125;;1.47656835072e+11;;
;US-CT;2000;p99p100;2747667.5;;;0.3132715523;0.3132715523
;US-CT;2000;p99.9p100;14529803.0;;;0.1656595767;0.1656595767
;US-CT;2000;p99.99p100;70923128.0;;;0.0808620378;0.0808620378
;US-CT;2000;p90p100;;;;0.5859651566;0.5859651566
;US-CT;2000;p90p91;513943.03125;;;;
;US-CT;2000;p95p96;845894.4375;;;;
;US-CT;2000;p95p100;;;;0.4822174907;0.4822174907
;US-CT;2000;p99.5p100;4538462.5;;;0.2587232888;0.2587232888
;US-CT;1999;p0p100;85517.171875;;1.3887709184e+11;;
;US-CT;1999;p99p100;2407555.75;;;0.2815289199;0.2815289199
;US-CT;1999;p99.9p100;11870992.0;;;0.1388141215;0.1388141215
;US-CT;1999;p99.99p100;53246288.0;;;0.0622638501;0.0622638501
;US-CT;1999;p90p100;;;;0.5604797006;0.5604797006
;US-CT;1999;p90p91;479306.40625;;;;
;US-CT;1999;p95p96;774535.875;;;;
;US-CT;1999;p95p100;;;;0.4528540075;0.4528540075
;US-CT;1999;p99.5p100;3911347.5;;;0.2286878377;0.2286878377
;US-CT;1998;p0p100;81064.28125;;1.3082710016e+11;;
;US-CT;1998;p99p100;2207815.25;;;0.2723536193;0.2723536193
;US-CT;1998;p99.9p100;10785577.0;;;0.1330496669;0.1330496669
;US-CT;1998;p99.99p100;48660792.0;;;0.0600274093;0.0600274093
;US-CT;1998;p90p100;;;;0.5482857823;0.5482857823
;US-CT;1998;p90p91;444463.9375;;;;
;US-CT;1998;p95p96;713816.0625;;;;
;US-CT;1998;p95p100;;;;0.4402777851;0.4402777851
;US-CT;1998;p99.5p100;3574926.25;;;0.2204994559;0.2204994559
;US-CT;1997;p0p100;75665.8359375;;1.21597730816e+11;;
;US-CT;1997;p99p100;1951434.875;;;0.2579017282;0.2579017282
;US-CT;1997;p99.9p100;9349853.0;;;0.1235677078;0.1235677078
;US-CT;1997;p99.99p100;42264456.0;;;0.0558567233;0.0558567233
;US-CT;1997;p90p100;;;;0.5358150601;0.5358150601
;US-CT;1997;p90p91;405428.9375;;;;
;US-CT;1997;p95p96;643725.5;;;;
;US-CT;1997;p95p100;;;;0.4253739715;0.4253739715
;US-CT;1997;p99.5p100;3146338.0;;;0.2079100907;0.2079100907
;US-CT;1996;p0p100;71169.4375;;1.12595746816e+11;;
;US-CT;1996;p99p100;1582765.5;;;0.2223939747;0.2223939747
;US-CT;1996;p99.9p100;7434523.0;;;0.1044622883;0.1044622883
;US-CT;1996;p99.99p100;33996032.0;;;0.047767736;0.047767736
;US-CT;1996;p90p100;;;;0.4993653595;0.4993653595
;US-CT;1996;p90p91;355395.53125;;;;
;US-CT;1996;p95p96;549518.9375;;;;
;US-CT;1996;p95p100;;;;0.3860638142;0.3860638142
;US-CT;1996;p99.5p100;2507679.25;;;0.1761766821;0.1761766821
;US-CT;1995;p0p100;66886.8671875;;1.0715430912e+11;;
;US-CT;1995;p99p100;1321966.5;;;0.1976421475;0.1976421475
;US-CT;1995;p99.9p100;5791215.0;;;0.0865822434;0.0865822434
;US-CT;1995;p99.99p100;24715750.0;;;0.0369515717;0.0369515717
;US-CT;1995;p90p100;;;;0.472833246;0.472833246
;US-CT;1995;p90p91;316263.34375;;;;
;US-CT;1995;p95p96;479475.34375;;;;
;US-CT;1995;p95p100;;;;0.358422637;0.358422637
;US-CT;1995;p99.5p100;2052427.125;;;0.1534252614;0.1534252614
;US-CT;1994;p0p100;63769.8671875;;1.02788481024e+11;;
;US-CT;1994;p99p100;1087182.75;;;0.1704853326;0.1704853326
;US-CT;1994;p99.9p100;4480089.0;;;0.0702540129;0.0702540129
;US-CT;1994;p99.99p100;18531480.0;;;0.0290599335;0.0290599335
;US-CT;1994;p90p100;;;;0.4397389889;0.4397389889
;US-CT;1994;p90p91;280420.96875;;;;
;US-CT;1994;p95p96;415633.34375;;;;
;US-CT;1994;p95p100;;;;0.3258853853;0.3258853853
;US-CT;1994;p99.5p100;1653761.75;;;0.129666388;0.129666388
;US-CT;1993;p0p100;64108.9375;;1.02725541888e+11;;
;US-CT;1993;p99p100;1151691.875;;;0.1796460599;0.1796460599
;US-CT;1993;p99.9p100;4995659.0;;;0.0779245272;0.0779245272
;US-CT;1993;p99.99p100;21775546.0;;;0.0339664742;0.0339664742
;US-CT;1993;p90p100;;;;0.4446660578;0.4446660578
;US-CT;1993;p90p91;285070.6875;;;;
;US-CT;1993;p95p96;426940.4375;;;;
;US-CT;1993;p95p100;;;;0.3329804242;0.3329804242
;US-CT;1993;p99.5p100;1783240.75;;;0.13907893;0.13907893
;US-CT;1992;p0p100;64303.5351562;;1.03448715264e+11;;
;US-CT;1992;p99p100;1200921.375;;;0.1867582202;0.1867582202
;US-CT;1992;p99.9p100;5327403.5;;;0.0828477591;0.0828477591
;US-CT;1992;p99.99p100;23474658.0;;;0.0365060158;0.0365060158
;US-CT;1992;p90p100;;;;0.4495494962;0.4495494962
;US-CT;1992;p90p91;289076.1875;;;;
;US-CT;1992;p95p96;433458.65625;;;;
;US-CT;1992;p95p100;;;;0.3370411098;0.3370411098
;US-CT;1992;p99.5p100;1875919.125;;;0.1458643973;0.1458643973
;US-CT;1991;p0p100;62072.359375;;1.00719689728e+11;;
;US-CT;1991;p99p100;972435.875;;;0.1566616446;0.1566616446
;US-CT;1991;p99.9p100;3821789.25;;;0.0615699068;0.0615699068
;US-CT;1991;p99.99p100;14965120.0;;;0.0241091531;0.0241091531
;US-CT;1991;p90p100;;;;0.4231812358;0.4231812358
;US-CT;1991;p90p91;262678.59375;;;;
;US-CT;1991;p95p96;381030.71875;;;;
;US-CT;1991;p95p100;;;;0.3069246411;0.3069246411
;US-CT;1991;p99.5p100;1464424.625;;;0.1179610863;0.1179610863
;US-CT;1990;p0p100;64720.2460938;;1.05380102144e+11;;
;US-CT;1990;p99p100;1063898.5;;;0.1643842012;0.1643842012
;US-CT;1990;p99.9p100;4378308.0;;;0.0676497519;0.0676497519
;US-CT;1990;p99.99p100;17759918.0;;;0.0274410546;0.0274410546
;US-CT;1990;p90p100;;;;0.418317169;0.418317169
;US-CT;1990;p90p91;270735.875;;;;
;US-CT;1990;p95p96;400514.90625;;;;
;US-CT;1990;p95p100;;;;0.3094201088;0.3094201088
;US-CT;1990;p99.5p100;1631179.75;;;0.1260177344;0.1260177344
;US-CT;1989;p0p100;66004.875;;1.07397685248e+11;;
;US-CT;1989;p99p100;1108374.25;;;0.1679230928;0.1679230928
;US-CT;1989;p99.9p100;5071836.5;;;0.0768403262;0.0768403262
;US-CT;1989;p99.99p100;22929080.0;;;0.0347384661;0.0347384661
;US-CT;1989;p90p100;;;;0.420525223;0.420525223
;US-CT;1989;p90p91;277567.125;;;;
;US-CT;1989;p95p96;407417.1875;;;;
;US-CT;1989;p95p100;;;;0.3086265624;0.3086265624
;US-CT;1989;p99.5p100;1747015.0;;;0.1323398501;0.1323398501
;US-CT;1988;p0p100;65610.4140625;;1.05653960704e+11;;
;US-CT;1988;p99p100;1271447.5;;;0.1937874556;0.1937874556
;US-CT;1988;p99.9p100;6307168.5;;;0.0961306021;0.0961306021
;US-CT;1988;p99.99p100;30017712.0;;;0.0457514413;0.0457514413
;US-CT;1988;p90p100;;;;0.4495520294;0.4495520294
;US-CT;1988;p90p91;294952.9375;;;;
;US-CT;1988;p95p96;441250.03125;;;;
;US-CT;1988;p95p100;;;;0.3362652361;0.3362652361
;US-CT;1988;p99.5p100;2059146.25;;;0.1569222212;0.1569222212
;US-CT;1987;p0p100;60530.9296875;;96699326464.0;;
;US-CT;1987;p99p100;942574.375;;;0.1557178199;0.1557178199
;US-CT;1987;p99.9p100;4104872.0;;;0.0678144544;0.0678144544
;US-CT;1987;p99.99p100;17993018.0;;;0.02972533;0.02972533
;US-CT;1987;p90p100;;;;0.4178618193;0.4178618193
;US-CT;1987;p90p91;252935.640625;;;;
;US-CT;1987;p95p96;363753.15625;;;;
;US-CT;1987;p95p100;;;;0.3004688621;0.3004688621
;US-CT;1987;p99.5p100;1457686.625;;;0.1204084232;0.1204084232
;US-CT;1986;p0p100;60774.6132812;;95829491712.0;;
;US-CT;1986;p99p100;1209652.375;;;0.1990390867;0.1990390867
;US-CT;1986;p99.9p100;6267053.5;;;0.1031195894;0.1031195894
;US-CT;1986;p99.99p100;31648402.0;;;0.0520750321;0.0520750321
;US-CT;1986;p90p100;;;;0.4526050687;0.4526050687
;US-CT;1986;p90p91;275068.96875;;;;
;US-CT;1986;p95p96;413739.75;;;;
;US-CT;1986;p95p100;;;;0.3403886259;0.3403886259
;US-CT;1986;p99.5p100;1983859.375;;;0.1632144749;0.1632144749
;US-CT;1985;p0p100;56837.03125;;88043732992.0;;
;US-CT;1985;p99p100;959055.125;;;0.1687377244;0.1687377244
;US-CT;1985;p99.9p100;4678876.5;;;0.0823209137;0.0823209137
;US-CT;1985;p99.99p100;23298732.0;;;0.0409921706;0.0409921706
;US-CT;1985;p90p100;;;;0.4307540059;0.4307540059
;US-CT;1985;p90p91;244827.796875;;;;
;US-CT;1985;p95p96;348619.625;;;;
;US-CT;1985;p95p100;;;;0.3066835105;0.3066835105
;US-CT;1985;p99.5p100;1514657.5;;;0.1332456619;0.1332456619
;US-CT;1984;p0p100;55181.9335938;;84013850624.0;;
;US-CT;1984;p99p100;805376.0;;;0.1459491998;0.1459491998
;US-CT;1984;p99.9p100;3723763.5;;;0.0674815699;0.0674815699
;US-CT;1984;p99.99p100;17734248.0;;;0.0321377777;0.0321377777
;US-CT;1984;p90p100;;;;0.4023930132;0.4023930132
;US-CT;1984;p90p91;222048.265625;;;;
;US-CT;1984;p95p96;313635.6875;;;;
;US-CT;1984;p95p100;;;;0.2841832638;0.2841832638
;US-CT;1984;p99.5p100;1267001.625;;;0.1148022041;0.1148022041
;US-CT;1983;p0p100;53040.6210938;;79390449664.0;;
;US-CT;1983;p99p100;664060.5625;;;0.1251984835;0.1251984835
;US-CT;1983;p99.9p100;2779814.5;;;0.0524091646;0.0524091646
;US-CT;1983;p99.99p100;11359238.0;;;0.0214161109;0.0214161109
;US-CT;1983;p90p100;;;;0.3771779537;0.3771779537
;US-CT;1983;p90p91;200057.53125;;;;
;US-CT;1983;p95p96;281793.34375;;;;
;US-CT;1983;p95p100;;;;0.2656391859;0.2656391859
;US-CT;1983;p99.5p100;1041000.375;;;0.0981323719;0.0981323719
;US-CT;1982;p0p100;50934.65625;;74975485952.0;;
;US-CT;1982;p99p100;631529.8125;;;0.123988241;0.123988241
;US-CT;1982;p99.9p100;2442731.25;;;0.0479581356;0.0479581356
;US-CT;1982;p99.99p100;10142298.0;;;0.0199123714;0.0199123714
;US-CT;1982;p90p100;;;;0.3713531792;0.3713531792
;US-CT;1982;p90p91;189147.46875;;;;
;US-CT;1982;p95p96;260206.578125;;;;
;US-CT;1982;p95p100;;;;0.2554317713;0.2554317713
;US-CT;1982;p99.5p100;931873.5;;;0.0914773569;0.0914773569
;US-CT;1981;p0p100;50416.8867188;;74207330304.0;;
;US-CT;1981;p99p100;580189.375;;;0.1150783747;0.1150783747
;US-CT;1981;p99.9p100;2154114.0;;;0.0427260399;0.0427260399
;US-CT;1981;p99.99p100;7837284.5;;;0.0155449575;0.0155449575
;US-CT;1981;p90p100;;;;0.3683662713;0.3683662713
;US-CT;1981;p90p91;185718.8125;;;;
;US-CT;1981;p95p96;254832.078125;;;;
;US-CT;1981;p95p100;;;;0.2527249157;0.2527249157
;US-CT;1981;p99.5p100;851992.125;;;0.0844947174;0.0844947174
;US-CT;1980;p0p100;50710.3515625;;73524404224.0;;
;US-CT;1980;p99p100;585807.4375;;;0.115520291;0.115520291
;US-CT;1980;p99.9p100;2048630.625;;;0.0403986685;0.0403986685
;US-CT;1980;p99.99p100;7497132.5;;;0.0147842253;0.0147842253
;US-CT;1980;p90p100;;;;0.3622357249;0.3622357249
;US-CT;1980;p90p91;183691.015625;;;;
;US-CT;1980;p95p96;260697.25;;;;
;US-CT;1980;p95p100;;;;0.2570453882;0.2570453882
;US-CT;1980;p99.5p100;848131.25;;;0.0836250558;0.0836250558
;US-CT;1979;p0p100;49393.7890625;;70821830656.0;;
;US-CT;1979;p99p100;555456.5;;;0.1124547198;0.1124547198
;US-CT;1979;p99.9p100;1906007.125;;;0.0385879911;0.0385879911
;US-CT;1979;p99.99p100;6772903.5;;;0.0137120532;0.0137120532
;US-CT;1979;p90p100;;;;0.3587044179;0.3587044179
;US-CT;1979;p90p91;177177.71875;;;;
;US-CT;1979;p95p96;247469.90625;;;;
;US-CT;1979;p95p100;;;;0.2505070865;0.2505070865
;US-CT;1979;p99.5p100;795343.125;;;0.08051043;0.08051043
;US-CT;1978;p0p100;48173.078125;;67188649984.0;;
;US-CT;1978;p99p100;483318.125;;;0.1003295109;0.1003295109
;US-CT;1978;p99.9p100;1442884.25;;;0.0299520884;0.0299520884
;US-CT;1978;p99.99p100;4265057.5;;;0.0088536125;0.0088536125
;US-CT;1978;p90p100;;;;0.3497856259;0.3497856259
;US-CT;1978;p90p91;168502.5;;;;
;US-CT;1978;p95p96;231244.203125;;;;
;US-CT;1978;p95p100;;;;0.2400139272;0.2400139272
;US-CT;1978;p99.5p100;667553.5625;;;0.0692869946;0.0692869946
;US-CT;1977;p0p100;47316.6015625;;64559919104.0;;
;US-CT;1977;p99p100;479103.46875;;;0.1012548357;0.1012548357
;US-CT;1977;p99.9p100;1460189.875;;;0.03085999;0.03085999
;US-CT;1977;p99.99p100;4766498.0;;;0.0100736283;0.0100736283
;US-CT;1977;p90p100;;;;0.354699105;0.354699105
;US-CT;1977;p90p91;167831.546875;;;;
;US-CT;1977;p95p96;228056.703125;;;;
;US-CT;1977;p95p100;;;;0.2409901619;0.2409901619
;US-CT;1977;p99.5p100;663407.6875;;;0.0701030567;0.0701030567
;US-CT;1976;p0p100;46797.1328125;;62501978112.0;;
;US-CT;1976;p99p100;456671.15625;;;0.0975852832;0.0975852832
;US-CT;1976;p99.9p100;1384387.375;;;0.0295827407;0.0295827407
;US-CT;1976;p99.99p100;4230276.5;;;0.009039606;0.009039606
;US-CT;1976;p90p100;;;;0.3595137;0.3595137
;US-CT;1976;p90p91;168242.09375;;;;
;US-CT;1976;p95p96;220906.328125;;;;
;US-CT;1976;p95p100;;;;0.2360255122;0.2360255122
;US-CT;1976;p99.5p100;633888.375;;;0.0677272677;0.0677272677
;US-CT;1975;p0p100;46083.8710938;;60287156224.0;;
;US-CT;1975;p99p100;439778.09375;;;0.0954299346;0.0954299346
;US-CT;1975;p99.9p100;1311428.75;;;0.0284574348;0.0284574348
;US-CT;1975;p99.99p100;4299646.0;;;0.0093300454;0.0093300454
;US-CT;1975;p90p100;;;;0.3429527283;0.3429527283
;US-CT;1975;p90p91;158045.890625;;;;
;US-CT;1975;p95p96;212651.90625;;;;
;US-CT;1975;p95p100;;;;0.2307227105;0.2307227105
;US-CT;1975;p99.5p100;609652.375;;;0.066145964;0.066145964
;US-CT;1974;p0p100;49880.3046875;;63897436160.0;;
;US-CT;1974;p99p100;490364.78125;;;0.098308295;0.098308295
;US-CT;1974;p99.9p100;1566105.75;;;0.0313972756;0.0313972756
;US-CT;1974;p99.99p100;5373276.5;;;0.0107723409;0.0107723409
;US-CT;1974;p90p100;;;;0.3359593749;0.3359593749
;US-CT;1974;p90p91;167577.546875;;;;
;US-CT;1974;p95p96;227019.875;;;;
;US-CT;1974;p95p100;;;;0.2275646478;0.2275646478
;US-CT;1974;p99.5p100;691573.6875;;;0.0693233237;0.0693233237
;US-CT;1973;p0p100;51253.6054688;;64343339008.0;;
;US-CT;1973;p99p100;500739.84375;;;0.097698465;0.097698465
;US-CT;1973;p99.9p100;1530261.125;;;0.0298566557;0.0298566557
;US-CT;1973;p99.99p100;5228128.0;;;0.0102005089;0.0102005089
;US-CT;1973;p90p100;;;;0.3366155326;0.3366155326
;US-CT;1973;p90p91;172527.59375;;;;
;US-CT;1973;p95p96;236647.8125;;;;
;US-CT;1973;p95p100;;;;0.230859682;0.230859682
;US-CT;1973;p99.5p100;700751.875;;;0.0683612302;0.0683612302
;US-CT;1972;p0p100;51073.0039062;;62813020160.0;;
;US-CT;1972;p99p100;555511.0625;;;0.1087680385;0.1087680385
;US-CT;1972;p99.9p100;1896269.125;;;0.0371286012;0.0371286012
;US-CT;1972;p99.99p100;7793123.5;;;0.0152587928;0.0152587928
;US-CT;1972;p90p100;;;;0.3443337083;0.3443337083
;US-CT;1972;p90p91;175861.5625;;;;
;US-CT;1972;p95p96;245267.21875;;;;
;US-CT;1972;p95p100;;;;0.2401143461;0.2401143461
;US-CT;1972;p99.5p100;787004.3125;;;0.0770469978;0.0770469978
;US-CT;1971;p0p100;50053.1367188;;60241141760.0;;
;US-CT;1971;p99p100;519345.84375;;;0.1037589088;0.1037589088
;US-CT;1971;p99.9p100;1700627.125;;;0.0339764394;0.0339764394
;US-CT;1971;p99.99p100;6461878.5;;;0.0129100382;0.0129100382
;US-CT;1971;p90p100;;;;0.3377044797;0.3377044797
;US-CT;1971;p90p91;169031.6875;;;;
;US-CT;1971;p95p96;233727.9375;;;;
;US-CT;1971;p95p100;;;;0.2334798127;0.2334798127
;US-CT;1971;p99.5p100;729142.5;;;0.0728368461;0.0728368461
;US-CT;1970;p0p100;51555.015625;;60607320064.0;;
;US-CT;1970;p99p100;495268.875;;;0.0960660949;0.0960660949
;US-CT;1970;p99.9p100;1552684.125;;;0.0301170349;0.0301170349
;US-CT;1970;p99.99p100;5532176.5;;;0.010730627;0.010730627
;US-CT;1970;p90p100;;;;0.3252790272;0.3252790272
;US-CT;1970;p90p91;167697.640625;;;;
;US-CT;1970;p95p96;230981.84375;;;;
;US-CT;1970;p95p100;;;;0.2240149081;0.2240149081
;US-CT;1970;p99.5p100;690137.8125;;;0.066932179;0.066932179
;US-CT;1969;p0p100;52878.1054688;;61082738688.0;;
;US-CT;1969;p99p100;636766.5625;;;0.1204215959;0.1204215959
;US-CT;1969;p99.9p100;2429234.5;;;0.0459402725;0.0459402725
;US-CT;1969;p99.99p100;9881005.0;;;0.018686384;0.018686384
;US-CT;1969;p90p100;;;;0.3519536555;0.3519536555
;US-CT;1969;p90p91;186106.421875;;;;
;US-CT;1969;p95p96;266541.8125;;;;
;US-CT;1969;p95p100;;;;0.2520341873;0.2520341873
;US-CT;1969;p99.5p100;935309.3125;;;0.0884401351;0.0884401351
;US-CT;1968;p0p100;50140.2539062;;57018621952.0;;
;US-CT;1968;p99p100;719428.25;;;0.1434831768;0.1434831768
;US-CT;1968;p99.9p100;2562176.0;;;0.0511001833;0.0511001833
;US-CT;1968;p99.99p100;10753730.0;;;0.021447299;0.021447299
;US-CT;1968;p90p100;;;;0.3873883486;0.3873883486
;US-CT;1968;p90p91;194237.484375;;;;
;US-CT;1968;p95p96;285989.5;;;;
;US-CT;1968;p95p100;;;;0.2851895392;0.2851895392
;US-CT;1968;p99.5p100;1067627.125;;;0.106464088;0.106464088
;US-CT;1967;p0p100;49828.0078125;;55767617536.0;;
;US-CT;1967;p99p100;585179.75;;;0.1174399257;0.1174399257
;US-CT;1967;p99.9p100;2069999.625;;;0.0415428951;0.0415428951
;US-CT;1967;p99.99p100;7400884.5;;;0.0148528609;0.0148528609
;US-CT;1967;p90p100;;;;0.3566665947;0.3566665947
;US-CT;1967;p90p91;177719.859375;;;;
;US-CT;1967;p95p96;253574.328125;;;;
;US-CT;1967;p95p100;;;;0.2544495761;0.2544495761
;US-CT;1967;p99.5p100;836500.75;;;0.0839388147;0.0839388147
;US-CT;1966;p0p100;47050.7929688;;51777961984.0;;
;US-CT;1966;p99p100;513111.71875;;;0.109054856;0.109054856
;US-CT;1966;p99.9p100;1721915.625;;;0.0365969539;0.0365969539
;US-CT;1966;p99.99p100;6426228.5;;;0.0136580672;0.0136580672
;US-CT;1966;p90p100;;;;0.3418261111;0.3418261111
;US-CT;1966;p90p91;160831.875;;;;
;US-CT;1966;p95p96;224031.484375;;;;
;US-CT;1966;p95p100;;;;0.2380740792;0.2380740792
;US-CT;1966;p99.5p100;726288.5;;;0.0771813244;0.0771813244
;US-CT;1965;p0p100;44806.5;;48448856064.0;;
;US-CT;1965;p99p100;538035.3125;;;0.1200797483;0.1200797483
;US-CT;1965;p99.9p100;1881383.625;;;0.0419890806;0.0419890806
;US-CT;1965;p99.99p100;7918276.5;;;0.0176721606;0.0176721606
;US-CT;1965;p90p100;;;;0.358581394;0.358581394
;US-CT;1965;p90p91;160667.765625;;;;
;US-CT;1965;p95p96;230046.140625;;;;
;US-CT;1965;p95p100;;;;0.2567106783;0.2567106783
;US-CT;1965;p99.5p100;767240.5625;;;0.0856171101;0.0856171101
;US-CT;1964;p0p100;43146.75;;45795741696.0;;
;US-CT;1964;p99p100;492086.0;;;0.1140493676;0.1140493676
;US-CT;1964;p99.9p100;1611564.0;;;0.0373507626;0.0373507626
;US-CT;1964;p99.99p100;6178859.5;;;0.0143205663;0.0143205663
;US-CT;1964;p90p100;;;;0.3455726504;0.3455726504
;US-CT;1964;p90p91;149103.375;;;;
;US-CT;1964;p95p96;212557.0625;;;;
;US-CT;1964;p95p100;;;;0.2463187277;0.2463187277
;US-CT;1964;p99.5p100;687453.25;;;0.0796645433;0.0796645433
;US-CT;1963;p0p100;41184.3671875;;42847408128.0;;
;US-CT;1963;p99p100;422929.46875;;;0.1026917398;0.1026917398
;US-CT;1963;p99.9p100;1394646.375;;;0.0338634886;0.0338634886
;US-CT;1963;p99.99p100;4891413.5;;;0.011876869;0.011876869
;US-CT;1963;p90p100;;;;0.3343507349;0.3343507349
;US-CT;1963;p90p91;137700.234375;;;;
;US-CT;1963;p95p96;192140.328125;;;;
;US-CT;1963;p95p100;;;;0.2332685143;0.2332685143
;US-CT;1963;p99.5p100;601717.1875;;;0.0730516538;0.0730516538
;US-CT;1962;p0p100;39980.03125;;40748908544.0;;
;US-CT;1962;p99p100;413867.75;;;0.1035186201;0.1035186201
;US-CT;1962;p99.9p100;1411698.125;;;0.0353100821;0.0353100821
;US-CT;1962;p99.99p100;4989777.0;;;0.0124806734;0.0124806734
;US-CT;1962;p90p100;;;;0.3310758173;0.3310758173
;US-CT;1962;p90p91;132364.21875;;;;
;US-CT;1962;p95p96;185521.0;;;;
;US-CT;1962;p95p100;;;;0.232017085;0.232017085
;US-CT;1962;p99.5p100;594210.75;;;0.0743134394;0.0743134394
;US-CT;1961;p0p100;39052.6523438;;38954741760.0;;
;US-CT;1961;p99p100;444891.8125;;;0.1139210314;0.1139210314
;US-CT;1961;p99.9p100;1550838.125;;;0.0397114679;0.0397114679
;US-CT;1961;p99.99p100;5561888.5;;;0.014242026;0.014242026
;US-CT;1961;p90p100;;;;0.3427196741;0.3427196741
;US-CT;1961;p90p91;133841.109375;;;;
;US-CT;1961;p95p96;190794.640625;;;;
;US-CT;1961;p95p100;;;;0.244278729;0.244278729
;US-CT;1961;p99.5p100;646838.8125;;;0.0828162506;0.0828162506
;US-CT;1960;p0p100;37747.0273438;;36803624960.0;;
;US-CT;1960;p99p100;409970.0625;;;0.108609885;0.108609885
;US-CT;1960;p99.9p100;1474036.875;;;0.0390504077;0.0390504077
;US-CT;1960;p99.99p100;5739317.5;;;0.0152046867;0.0152046867
;US-CT;1960;p90p100;;;;0.3346667588;0.3346667588
;US-CT;1960;p90p91;126326.757812;;;;
;US-CT;1960;p95p96;178323.28125;;;;
;US-CT;1960;p95p100;;;;0.2362083644;0.2362083644
;US-CT;1960;p99.5p100;593609.0625;;;0.0786299035;0.0786299035
;US-CT;1959;p0p100;37768.796875;;36309282816.0;;
;US-CT;1959;p99p100;411619.5;;;0.1089840084;0.1089840084
;US-CT;1959;p99.9p100;1378886.5;;;0.0365086123;0.0365086123
;US-CT;1959;p99.99p100;4686668.0;;;0.0124088349;0.0124088349
;US-CT;1959;p90p100;;;;0.333507508;0.333507508
;US-CT;1959;p90p91;125961.773438;;;;
;US-CT;1959;p95p96;178961.8125;;;;
;US-CT;1959;p95p100;;;;0.2369175255;0.2369175255
;US-CT;1959;p99.5p100;590348.0;;;0.0781528726;0.0781528726
;US-CT;1958;p0p100;35432.6445312;;33549592576.0;;
;US-CT;1958;p99p100;387819.59375;;;0.109452635;0.109452635
;US-CT;1958;p99.9p100;1230710.25;;;0.0347338021;0.0347338021
;US-CT;1958;p99.99p100;4117140.75;;;0.0116196265;0.0116196265
;US-CT;1958;p90p100;;;;0.3352616727;0.3352616727
;US-CT;1958;p90p91;118792.078125;;;;
;US-CT;1958;p95p96;168934.46875;;;;
;US-CT;1958;p95p100;;;;0.2383881807;0.2383881807
;US-CT;1958;p99.5p100;545216.625;;;0.0769370496;0.0769370496
;US-CT;1957;p0p100;39022.0546875;;36382699520.0;;
;US-CT;1957;p99p100;387787.53125;;;0.0993764997;0.0993764997
;US-CT;1957;p99.9p100;1254318.875;;;0.0321438462;0.0321438462
;US-CT;1957;p99.99p100;3984115.0;;;0.0102099059;0.0102099059
;US-CT;1957;p90p100;;;;0.307736367;0.307736367
;US-CT;1957;p90p91;120085.054688;;;;
;US-CT;1957;p95p96;170907.078125;;;;
;US-CT;1957;p95p100;;;;0.2189877927;0.2189877927
;US-CT;1957;p99.5p100;555622.875;;;0.0711934417;0.0711934417
;US-CT;1956;p0p100;39010.4492188;;35758014464.0;;
;US-CT;1956;p99p100;440032.75;;;0.1127986833;0.1127986833
;US-CT;1956;p99.9p100;1429131.75;;;0.0366345905;0.0366345905
;US-CT;1956;p99.99p100;4778922.5;;;0.0122503648;0.0122503648
;US-CT;1956;p90p100;;;;0.322651118;0.322651118
;US-CT;1956;p90p91;125867.640625;;;;
;US-CT;1956;p95p96;178975.3125;;;;
;US-CT;1956;p95p100;;;;0.2293940783;0.2293940783
;US-CT;1956;p99.5p100;637987.4375;;;0.0817713588;0.0817713588
;US-CT;1955;p0p100;37536.7734375;;33829963776.0;;
;US-CT;1955;p99p100;421937.8125;;;0.112406522;0.112406522
;US-CT;1955;p99.9p100;1425279.375;;;0.0379702188;0.0379702188
;US-CT;1955;p99.99p100;5286345.0;;;0.0140831107;0.0140831107
;US-CT;1955;p90p100;;;;0.3224200308;0.3224200308
;US-CT;1955;p90p91;121026.078125;;;;
;US-CT;1955;p95p96;171473.28125;;;;
;US-CT;1955;p95p100;;;;0.2284070849;0.2284070849
;US-CT;1955;p99.5p100;616984.4375;;;0.0821840018;0.0821840018
;US-CT;1954;p0p100;35646.09375;;31582849024.0;;
;US-CT;1954;p99p100;393631.1875;;;0.1104275808;0.1104275808
;US-CT;1954;p99.9p100;1332124.75;;;0.0373708494;0.0373708494
;US-CT;1954;p99.99p100;4636030.0;;;0.0130057158;0.0130057158
;US-CT;1954;p90p100;;;;0.3227468729;0.3227468729
;US-CT;1954;p90p91;115046.648438;;;;
;US-CT;1954;p95p96;162901.921875;;;;
;US-CT;1954;p95p100;;;;0.2284989953;0.2284989953
;US-CT;1954;p99.5p100;568429.4375;;;0.0797323659;0.0797323659
;US-CT;1953;p0p100;35879.8984375;;31248314368.0;;
;US-CT;1953;p99p100;351101.15625;;;0.0978545621;0.0978545621
;US-CT;1953;p99.9p100;1067337.125;;;0.0297474954;0.0297474954
;US-CT;1953;p99.99p100;3431954.75;;;0.0095651187;0.0095651187
;US-CT;1953;p90p100;;;;0.3048173487;0.3048173487
;US-CT;1953;p90p91;109368.15625;;;;
;US-CT;1953;p95p96;151821.140625;;;;
;US-CT;1953;p95p100;;;;0.2115685046;0.2115685046
;US-CT;1953;p99.5p100;497022.5625;;;0.069261983;0.069261983
;US-CT;1952;p0p100;34155.890625;;29263650816.0;;
;US-CT;1952;p99p100;418178.84375;;;0.1224324107;0.1224324107
;US-CT;1952;p99.9p100;1334502.375;;;0.0390709266;0.0390709266
;US-CT;1952;p99.99p100;4027663.25;;;0.0117920004;0.0117920004
;US-CT;1952;p90p100;;;;0.3258239031;0.3258239031
;US-CT;1952;p90p91;111288.0625;;;;
;US-CT;1952;p95p96;162383.8125;;;;
;US-CT;1952;p95p100;;;;0.2377097905;0.2377097905
;US-CT;1952;p99.5p100;594220.0;;;0.0869864598;0.0869864598
;US-CT;1951;p0p100;32706.7949219;;27545808896.0;;
;US-CT;1951;p99p100;383305.40625;;;0.1171944216;0.1171944216
;US-CT;1951;p99.9p100;1258683.625;;;0.0384838581;0.0384838581
;US-CT;1951;p99.99p100;3858809.25;;;0.0117981881;0.0117981881
;US-CT;1951;p90p100;;;;0.3165332973;0.3165332973
;US-CT;1951;p90p91;103527.898438;;;;
;US-CT;1951;p95p96;155138.0;;;;
;US-CT;1951;p95p100;;;;0.2371647656;0.2371647656
;US-CT;1951;p99.5p100;557548.625;;;0.0852343664;0.0852343664
;US-CT;1950;p0p100;31213.2207031;;25839726592.0;;
;US-CT;1950;p99p100;422716.0625;;;0.135428533;0.135428533
;US-CT;1950;p99.9p100;1439260.75;;;0.0461106114;0.0461106114
;US-CT;1950;p99.99p100;4052392.0;;;0.0129829347;0.0129829347
;US-CT;1950;p90p100;;;;0.3533424437;0.3533424437
;US-CT;1950;p90p91;110289.554688;;;;
;US-CT;1950;p95p96;168212.3125;;;;
;US-CT;1950;p95p100;;;;0.2694568336;0.2694568336
;US-CT;1950;p99.5p100;614462.9375;;;0.0984299183;0.0984299183
;US-CT;1949;p0p100;27785.2929688;;22603034624.0;;
;US-CT;1949;p99p100;336355.59375;;;0.1210552603;0.1210552603
;US-CT;1949;p99.9p100;1115554.75;;;0.0401491076;0.0401491076
;US-CT;1949;p99.99p100;3469305.25;;;0.0124861198;0.0124861198
;US-CT;1949;p90p100;;;;0.3309085071;0.3309085071
;US-CT;1949;p90p91;91943.90625;;;;
;US-CT;1949;p95p96;135036.0;;;;
;US-CT;1949;p95p100;;;;0.242999047;0.242999047
;US-CT;1949;p99.5p100;488973.375;;;0.0879914016;0.0879914016
;US-CT;1948;p0p100;29218.7910156;;23425890304.0;;
;US-CT;1948;p99p100;358502.6875;;;0.1226959378;0.1226959378
;US-CT;1948;p99.9p100;1226817.0;;;0.0419872589;0.0419872589
;US-CT;1948;p99.99p100;3783534.75;;;0.0129489768;0.0129489768
;US-CT;1948;p90p100;;;;0.3288536966;0.3288536966
;US-CT;1948;p90p91;96087.078125;;;;
;US-CT;1948;p95p96;142150.40625;;;;
;US-CT;1948;p95p100;;;;0.2432516664;0.2432516664
;US-CT;1948;p99.5p100;526736.8125;;;0.0901366472;0.0901366472
;US-CT;1947;p0p100;29886.9355469;;23611641856.0;;
;US-CT;1947;p99p100;345853.625;;;0.1157206669;0.1157206669
;US-CT;1947;p99.9p100;1181007.875;;;0.0395158604;0.0395158604
;US-CT;1947;p99.99p100;3881445.75;;;0.0129870987;0.0129870987
;US-CT;1947;p90p100;;;;0.3121809065;0.3121809065
;US-CT;1947;p90p91;93301.3046875;;;;
;US-CT;1947;p95p96;138300.015625;;;;
;US-CT;1947;p95p100;;;;0.2313720137;0.2313720137
;US-CT;1947;p99.5p100;505406.34375;;;0.0845530555;0.0845530555
;US-CT;1946;p0p100;29926.9121094;;23247757312.0;;
;US-CT;1946;p99p100;390416.59375;;;0.1304567009;0.1304567009
;US-CT;1946;p99.9p100;1329149.0;;;0.044413168;0.044413168
;US-CT;1946;p99.99p100;4404722.0;;;0.0147182653;0.0147182653
;US-CT;1946;p90p100;;;;0.3396907151;0.3396907151
;US-CT;1946;p90p91;101658.945312;;;;
;US-CT;1946;p95p96;152996.28125;;;;
;US-CT;1946;p95p100;;;;0.2556165755;0.2556165755
;US-CT;1946;p99.5p100;569708.125;;;0.0951832458;0.0951832458
;US-CT;1945;p0p100;30037.5253906;;23141234688.0;;
;US-CT;1945;p99p100;383682.15625;;;0.1277342737;0.1277342737
;US-CT;1945;p99.9p100;1300492.875;;;0.0432956032;0.0432956032
;US-CT;1945;p99.99p100;4045138.75;;;0.0134669505;0.0134669505
;US-CT;1945;p90p100;;;;0.3285216093;0.3285216093
;US-CT;1945;p90p91;98679.7578125;;;;
;US-CT;1945;p95p96;147491.765625;;;;
;US-CT;1945;p95p100;;;;0.2455125153;0.2455125153
;US-CT;1945;p99.5p100;563523.4375;;;0.0938032344;0.0938032344
;US-CT;1944;p0p100;32204.078125;;24585555968.0;;
;US-CT;1944;p99p100;308787.21875;;;0.0958845019;0.0958845019
;US-CT;1944;p99.9p100;999362.625;;;0.031032173;0.031032173
;US-CT;1944;p99.99p100;3009497.25;;;0.0093450807;0.0093450807
;US-CT;1944;p90p100;;;;0.2686905861;0.2686905861
;US-CT;1944;p90p91;86529.3359375;;;;
;US-CT;1944;p95p96;124053.773438;;;;
;US-CT;1944;p95p100;;;;0.1926056743;0.1926056743
;US-CT;1944;p99.5p100;446148.9375;;;0.0692690089;0.0692690089
;US-CT;1943;p0p100;35172.375;;26575067136.0;;
;US-CT;1943;p99p100;418097.28125;;;0.1188709214;0.1188709214
;US-CT;1943;p99.9p100;1450343.5;;;0.0412353016;0.0412353016
;US-CT;1943;p99.99p100;4493143.0;;;0.012774636;0.012774636
;US-CT;1943;p90p100;;;;0.3075350225;0.3075350225
;US-CT;1943;p90p91;108167.367188;;;;
;US-CT;1943;p95p96;159302.359375;;;;
;US-CT;1943;p95p100;;;;0.2264594883;0.2264594883
;US-CT;1943;p99.5p100;619816.5;;;0.088111259;0.088111259
;US-CT;1942;p0p100;32581.9765625;;24315979776.0;;
;US-CT;1942;p99p100;422294.46875;;;0.1296098381;0.1296098381
;US-CT;1942;p99.9p100;1511191.0;;;0.0463811941;0.0463811941
;US-CT;1942;p99.99p100;5187829.0;;;0.0159223899;0.0159223899
;US-CT;1942;p90p100;;;;0.3231315017;0.3231315017
;US-CT;1942;p90p91;105282.625;;;;
;US-CT;1942;p95p96;154277.640625;;;;
;US-CT;1942;p95p100;;;;0.2367530465;0.2367530465
;US-CT;1942;p99.5p100;634237.3125;;;0.097329475;0.097329475
;US-CT;1941;p0p100;27892.8691406;;20618665984.0;;
;US-CT;1941;p99p100;438412.375;;;0.1571772099;0.1571772099
;US-CT;1941;p99.9p100;1611734.625;;;0.0577830337;0.0577830337
;US-CT;1941;p99.99p100;5480637.5;;;0.0196488816;0.0196488816
;US-CT;1941;p90p100;;;;0.3709729314;0.3709729314
;US-CT;1941;p90p91;103475.007812;;;;
;US-CT;1941;p95p96;155191.28125;;;;
;US-CT;1941;p95p100;;;;0.2781916857;0.2781916857
;US-CT;1941;p99.5p100;663010.125;;;0.1188493893;0.1188493893
;US-CT;1940;p0p100;23300.6933594;;17078080512.0;;
;US-CT;1940;p99p100;408474.625;;;0.1753057837;0.1753057837
;US-CT;1940;p99.9p100;1454679.625;;;0.0624307469;0.0624307469
;US-CT;1940;p99.99p100;4391871.0;;;0.0188486725;0.0188486725
;US-CT;1940;p90p100;;;;0.4108698368;0.4108698368
;US-CT;1940;p90p91;95735.515625;;;;
;US-CT;1940;p95p96;144962.375;;;;
;US-CT;1940;p95p100;;;;0.3110688031;0.3110688031
;US-CT;1940;p99.5p100;616120.125;;;0.1322106868;0.1322106868
;US-CT;1939;p0p100;21609.65625;;15596699648.0;;
;US-CT;1939;p99p100;378987.6875;;;0.1753788739;0.1753788739
;US-CT;1939;p99.9p100;1358232.625;;;0.0628530458;0.0628530458
;US-CT;1939;p99.99p100;4261778.0;;;0.0197216384;0.0197216384
;US-CT;1939;p90p100;;;;0.4281843007;0.4281843007
;US-CT;1939;p90p91;92529.1484375;;;;
;US-CT;1939;p95p96;135887.40625;;;;
;US-CT;1939;p95p100;;;;0.3144136369;0.3144136369
;US-CT;1939;p99.5p100;572025.125;;;0.1323540658;0.1323540658
;US-CT;1938;p0p100;19694.3164062;;14016787456.0;;
;US-CT;1938;p99p100;326563.125;;;0.1658159196;0.1658159196
;US-CT;1938;p99.9p100;1238215.5;;;0.0628717169;0.0628717169
;US-CT;1938;p99.99p100;4369455.5;;;0.0221863799;0.0221863799
;US-CT;1938;p90p100;;;;0.4266009629;0.4266009629
;US-CT;1938;p90p91;84016.1484375;;;;
;US-CT;1938;p95p96;118674.742188;;;;
;US-CT;1938;p95p100;;;;0.3012918532;0.3012918532
;US-CT;1938;p99.5p100;495010.75;;;0.1256735027;0.1256735027
;US-CT;1937;p0p100;21976.3847656;;15429776384.0;;
;US-CT;1937;p99p100;422332.46875;;;0.192175597;0.192175597
;US-CT;1937;p99.9p100;1595954.875;;;0.0726213604;0.0726213604
;US-CT;1937;p99.99p100;5049651.5;;;0.022977626;0.022977626
;US-CT;1937;p90p100;;;;0.4369023442;0.4369023442
;US-CT;1937;p90p91;96015.328125;;;;
;US-CT;1937;p95p96;142832.1875;;;;
;US-CT;1937;p95p100;;;;0.3249674737;0.3249674737
;US-CT;1937;p99.5p100;648571.8125;;;0.1475610882;0.1475610882
;US-CT;1936;p0p100;21757.6621094;;15096553472.0;;
;US-CT;1936;p99p100;456562.625;;;0.2098399401;0.2098399401
;US-CT;1936;p99.9p100;1768950.125;;;0.081302397;0.081302397
;US-CT;1936;p99.99p100;5628369.5;;;0.0258684494;0.0258684494
;US-CT;1936;p90p100;;;;0.462810874;0.462810874
;US-CT;1936;p90p91;100696.820312;;;;
;US-CT;1936;p95p96;150123.15625;;;;
;US-CT;1936;p95p100;;;;0.3449891806;0.3449891806
;US-CT;1936;p99.5p100;708898.375;;;0.1629077643;0.1629077643
;US-CT;1935;p0p100;19394.6210938;;13295449088.0;;
;US-CT;1935;p99p100;339918.96875;;;0.1752645522;0.1752645522
;US-CT;1935;p99.9p100;1254914.25;;;0.0647042468;0.0647042468
;US-CT;1935;p99.99p100;3865578.25;;;0.0199311879;0.0199311879
;US-CT;1935;p90p100;;;;0.442204833;0.442204833
;US-CT;1935;p90p91;85763.9453125;;;;
;US-CT;1935;p95p96;121816.765625;;;;
;US-CT;1935;p95p100;;;;0.3140478134;0.3140478134
;US-CT;1935;p99.5p100;518646.34375;;;0.1337088197;0.1337088197
;US-CT;1934;p0p100;18144.2714844;;12281844736.0;;
;US-CT;1934;p99p100;290925.84375;;;0.1603403389;0.1603403389
;US-CT;1934;p99.9p100;1032601.4375;;;0.0569106042;0.0569106042
;US-CT;1934;p99.99p100;3250637.75;;;0.0179155059;0.0179155059
;US-CT;1934;p90p100;;;;0.4339912832;0.4339912832
;US-CT;1934;p90p91;78744.5546875;;;;
;US-CT;1934;p95p96;112783.703125;;;;
;US-CT;1934;p95p100;;;;0.3107969761;0.3107969761
;US-CT;1934;p99.5p100;436967.03125;;;0.1204145998;0.1204145998
;US-CT;1933;p0p100;17150.7011719;;11470564352.0;;
;US-CT;1933;p99p100;276994.25;;;0.1615060717;0.1615060717
;US-CT;1933;p99.9p100;1093001.375;;;0.0637292564;0.0637292564
;US-CT;1933;p99.99p100;4029513.0;;;0.0234947428;0.0234947428
;US-CT;1933;p90p100;;;;0.4380280674;0.4380280674
;US-CT;1933;p90p91;75124.8828125;;;;
;US-CT;1933;p95p96;106184.734375;;;;
;US-CT;1933;p95p100;;;;0.3095638454;0.3095638454
;US-CT;1933;p99.5p100;422696.0;;;0.1232299507;0.1232299507
;US-CT;1932;p0p100;17710.9921875;;11708999680.0;;
;US-CT;1932;p99p100;278310.5625;;;0.1571400315;0.1571400315
;US-CT;1932;p99.9p100;1025594.375;;;0.0579072237;0.0579072237
;US-CT;1932;p99.99p100;2932386.0;;;0.0165568683;0.0165568683
;US-CT;1932;p90p100;;;;0.450261116;0.450261116
;US-CT;1932;p90p91;79745.71875;;;;
;US-CT;1932;p95p96;107737.523438;;;;
;US-CT;1932;p95p100;;;;0.3041543961;0.3041543961
;US-CT;1932;p99.5p100;419299.78125;;;0.1183727458;0.1183727458
;US-CT;1931;p0p100;20519.5859375;;13402942464.0;;
;US-CT;1931;p99p100;314581.34375;;;0.1533078551;0.1533078551
;US-CT;1931;p99.9p100;1158412.375;;;0.056453988;0.056453988
;US-CT;1931;p99.99p100;3774868.25;;;0.0183964167;0.0183964167
;US-CT;1931;p90p100;;;;0.4525409639;0.4525409639
;US-CT;1931;p90p91;92859.53125;;;;
;US-CT;1931;p95p96;124379.632812;;;;
;US-CT;1931;p95p100;;;;0.3030754328;0.3030754328
;US-CT;1931;p99.5p100;470430.1875;;;0.1146295518;0.1146295518
;US-CT;1930;p0p100;21979.6796875;;14165513216.0;;
;US-CT;1930;p99p100;384970.90625;;;0.1751485467;0.1751485467
;US-CT;1930;p99.9p100;1495644.125;;;0.0680466741;0.0680466741
;US-CT;1930;p99.99p100;5062120.5;;;0.0230309125;0.0230309125
;US-CT;1930;p90p100;;;;0.4546293318;0.4546293318
;US-CT;1930;p90p91;99926.0625;;;;
;US-CT;1930;p95p96;138917.59375;;;;
;US-CT;1930;p95p100;;;;0.3160136938;0.3160136938
;US-CT;1930;p99.5p100;589630.0;;;0.1341307014;0.1341307014
;US-CT;1929;p0p100;24749.6425781;;15722075136.0;;
;US-CT;1929;p99p100;597483.25;;;0.2414108813;0.2414108813
;US-CT;1929;p99.9p100;2639572.5;;;0.1066509411;0.1066509411
;US-CT;1929;p99.99p100;11134954.0;;;0.0449903682;0.0449903682
;US-CT;1929;p90p100;;;;0.5051655769;0.5051655769
;US-CT;1929;p90p91;125026.679688;;;;
;US-CT;1929;p95p96;189704.640625;;;;
;US-CT;1929;p95p100;;;;0.3832472861;0.3832472861
;US-CT;1929;p99.5p100;952346.5;;;0.1923960298;0.1923960298
;US-CT;1928;p0p100;22918.9648438;;14353388544.0;;
;US-CT;1928;p99p100;555399.1875;;;0.2423316985;0.2423316985
;US-CT;1928;p99.9p100;2322258.5;;;0.101324752;0.101324752
;US-CT;1928;p99.99p100;8308037.5;;;0.0362496227;0.0362496227
;US-CT;1928;p90p100;;;;0.5120707154;0.5120707154
;US-CT;1928;p90p91;117361.3125;;;;
;US-CT;1928;p95p96;177762.046875;;;;
;US-CT;1928;p95p100;;;;0.3878055811;0.3878055811
;US-CT;1928;p99.5p100;877211.125;;;0.1913723201;0.1913723201
;US-CT;1927;p0p100;20975.1835938;;12924152832.0;;
;US-CT;1927;p99p100;455157.125;;;0.2169979364;0.2169979364
;US-CT;1927;p99.9p100;1699978.125;;;0.0810471252;0.0810471252
;US-CT;1927;p99.99p100;4833392.0;;;0.0230433848;0.0230433848
;US-CT;1927;p90p100;;;;0.4911341667;0.4911341667
;US-CT;1927;p90p91;103016.289062;;;;
;US-CT;1927;p95p96;152879.46875;;;;
;US-CT;1927;p95p100;;;;0.3644294143;0.3644294143
;US-CT;1927;p99.5p100;701831.5625;;;0.1673004627;0.1673004627
;US-CT;1926;p0p100;20280.234375;;12274031616.0;;
;US-CT;1926;p99p100;415544.25;;;0.204901129;0.204901129
;US-CT;1926;p99.9p100;1547651.0;;;0.0763132721;0.0763132721
;US-CT;1926;p99.99p100;4706661.5;;;0.0232081246;0.0232081246
;US-CT;1926;p90p100;;;;0.4749200344;0.4749200344
;US-CT;1926;p90p91;96314.890625;;;;
;US-CT;1926;p95p96;141121.0625;;;;
;US-CT;1926;p95p100;;;;0.3479276299;0.3479276299
;US-CT;1926;p99.5p100;639748.1875;;;0.1577270329;0.1577270329
;US-CT;1925;p0p100;18812.234375;;11186789376.0;;
;US-CT;1925;p99p100;410624.46875;;;0.2182752192;0.2182752192
;US-CT;1925;p99.9p100;1549242.375;;;0.0823529139;0.0823529139
;US-CT;1925;p99.99p100;4599914.0;;;0.0244517159;0.0244517159
;US-CT;1925;p90p100;;;;0.4971717596;0.4971717596
;US-CT;1925;p90p91;93529.1171875;;;;
;US-CT;1925;p95p96;137843.0625;;;;
;US-CT;1925;p95p100;;;;0.3663654625;0.3663654625
;US-CT;1925;p99.5p100;633053.875;;;0.1682558954;0.1682558954
;US-CT;1924;p0p100;17995.625;;10497377280.0;;
;US-CT;1924;p99p100;342001.03125;;;0.1900467575;0.1900467575
;US-CT;1924;p99.9p100;1195723.0;;;0.0664452091;0.0664452091
;US-CT;1924;p99.99p100;3237380.0;;;0.017989818;0.017989818
;US-CT;1924;p90p100;;;;0.4453859329;0.4453859329
;US-CT;1924;p90p91;80149.9765625;;;;
;US-CT;1924;p95p96;118873.773438;;;;
;US-CT;1924;p95p100;;;;0.3302852213;0.3302852213
;US-CT;1924;p99.5p100;519131.5625;;;0.1442382783;0.1442382783
;US-CT;1923;p0p100;18337.6503906;;10448473088.0;;
;US-CT;1923;p99p100;304020.4375;;;0.1657902747;0.1657902747
;US-CT;1923;p99.9p100;1066103.625;;;0.0581374168;0.0581374168
;US-CT;1923;p99.99p100;3295564.75;;;0.0179715753;0.0179715753
;US-CT;1923;p90p100;;;;0.4086144865;0.4086144865
;US-CT;1923;p90p91;74930.296875;;;;
;US-CT;1923;p95p96;109438.492188;;;;
;US-CT;1923;p95p100;;;;0.2983983457;0.2983983457
;US-CT;1923;p99.5p100;458315.90625;;;0.1249658242;0.1249658242
;US-CT;1922;p0p100;16487.9296875;;9194090496.0;;
;US-CT;1922;p99p100;281264.3125;;;0.1705880314;0.1705880314
;US-CT;1922;p99.9p100;935862.25;;;0.056760449;0.056760449
;US-CT;1922;p99.99p100;2374699.5;;;0.014402655;0.014402655
;US-CT;1922;p90p100;;;;0.4321802557;0.4321802557
;US-CT;1922;p90p91;71257.5703125;;;;
;US-CT;1922;p95p96;104525.148438;;;;
;US-CT;1922;p95p100;;;;0.3169747591;0.3169747591
;US-CT;1922;p99.5p100;421342.0625;;;0.1277728826;0.1277728826
;US-CT;1921;p0p100;13320.2373047;;7292362752.0;;
;US-CT;1921;p99p100;224404.78125;;;0.1684690565;0.1684690565
;US-CT;1921;p99.9p100;710501.875;;;0.0533400327;0.0533400327
;US-CT;1921;p99.99p100;1628466.75;;;0.0122255078;0.0122255078
;US-CT;1921;p90p100;;;;0.4386106431;0.4386106431
;US-CT;1921;p90p91;58423.9765625;;;;
;US-CT;1921;p95p96;85342.0546875;;;;
;US-CT;1921;p95p100;;;;0.3203473687;0.3203473687
;US-CT;1921;p99.5p100;329951.8125;;;0.1238535866;0.1238535866
;US-CT;1920;p0p100;15786.0976562;;8437554176.0;;
;US-CT;1920;p99p100;228191.1875;;;0.1445519924;0.1445519924
;US-CT;1920;p99.9p100;732385.375;;;0.0463943332;0.0463943332
;US-CT;1920;p99.99p100;1786335.5;;;0.0113158785;0.0113158785
;US-CT;1920;p90p100;;;;0.3758535087;0.3758535087
;US-CT;1920;p90p91;59332.5976562;;;;
;US-CT;1920;p95p96;85609.0390625;;;;
;US-CT;1920;p95p100;;;;0.2711532712;0.2711532712
;US-CT;1920;p99.5p100;337414.375;;;0.1068707481;0.1068707481
;US-CT;1919;p0p100;16174.8173828;;8429423104.0;;
;US-CT;1919;p99p100;274455.3125;;;0.1696806103;0.1696806103
;US-CT;1919;p99.9p100;989540.3125;;;0.0611778311;0.0611778311
;US-CT;1919;p99.99p100;2615151.0;;;0.0161680412;0.0161680412
;US-CT;1919;p90p100;;;;0.4018308818;0.4018308818
;US-CT;1919;p90p91;64995.4179688;;;;
;US-CT;1919;p95p96;97542.515625;;;;
;US-CT;1919;p95p100;;;;0.301525861;0.301525861
;US-CT;1919;p99.5p100;415987.0625;;;0.1285909414;0.1285909414
;US-CT;1918;p0p100;17350.8496094;;8867987456.0;;
;US-CT;1918;p99p100;300906.1875;;;0.1734244823;0.1734244823
;US-CT;1918;p99.9p100;1160511.5;;;0.066885002;0.066885002
;US-CT;1918;p99.99p100;3402592.75;;;0.0196105279;0.0196105279
;US-CT;1918;p90p100;;;;0.4132243097;0.4132243097
;US-CT;1918;p90p91;71697.921875;;;;
;US-CT;1918;p95p96;105621.609375;;;;
;US-CT;1918;p95p100;;;;0.3043701649;0.3043701649
;US-CT;1918;p99.5p100;466447.3125;;;0.1344162822;0.1344162822
;US-CT;1917;p0p100;18303.9082031;;9295702016.0;;
