Variable Name;.;.;.;Fiscal income  | tax unit | Average | Adults | constant 2015 local currency;Fiscal income  | tax unit | Threshold | Adults | constant 2015 local currency;Fiscal income  | tax unit | Total | Adults | constant 2015 local currency;Fiscal income  | tax unit | Share | Adults | share of total (ratio);Pre-tax national income  | tax unit | Share | Adults | share of total (ratio)
Variable Category;.;.;.;Income inequality;Income inequality;Income inequality;Income inequality;Income inequality
Variable Description;.;.;.;Average Fiscal income within a given percentile group. Fiscal income is defined as the sum of all income items reported on income tax returns, before any deduction. It includes labour income, capital income and mixed income. The concept of fiscal income varies with national tax legislations, so in order to make international comparisons it is preferable to use the concept of national income. The population is comprised of individuals over age 20. The base unit is the tax unit defined by national fiscal administrations to measure personal income taxes.;Fiscal income threshold value at a given percentile.  Fiscal income is defined as the sum of all income items reported on income tax returns, before any deduction. It includes labour income, capital income and mixed income. The concept of fiscal income varies with national tax legislations, so in order to make international comparisons it is preferable to use the concept of national income. The population is comprised of individuals over age 20. The base unit is the tax unit defined by national fiscal administrations to measure personal income taxes.;Total Fiscal income  within a given percentile group. Fiscal income is defined as the sum of all income items reported on income tax returns, before any deduction. It includes labour income, capital income and mixed income. The concept of fiscal income varies with national tax legislations, so in order to make international comparisons it is preferable to use the concept of national income. The population is comprised of individuals over age 20.;Fiscal income share held by a given percentile group. Fiscal income is defined as the sum of all income items reported on income tax returns, before any deduction. It includes labour income, capital income and mixed income. The concept of fiscal income varies with national tax legislations, so in order to make international comparisons it is preferable to use the concept of national income. The population is comprised of individuals over age 20. The base unit is the tax unit defined by national fiscal administrations to measure personal income taxes.;Pre-tax national income share held by a given percentile group. Pre-tax national income  is the sum of all pre-tax personal income flows accruing to the owners of the production factors, labor and capital, before taking into account the operation of the tax/transfer system, but after taking into account the operation of pension system. The central difference between personal factor income and pre-tax income is the treatment of pensions, which are counted on a contribution basis by factor income and on a distribution basis by pre-tax income. The population is comprised of individuals over age 20. The base unit is the tax unit defined by national fiscal administrations to measure personal income taxes.
Variable Decomposition;.;.;.;[Fiscal income ]=[Fiscal labour income ]+[Fiscal capital income ];[Fiscal income ]=[Fiscal labour income ]+[Fiscal capital income ];[Fiscal income ]=[Fiscal labour income ]+[Fiscal capital income ];[Fiscal income ]=[Fiscal labour income ]+[Fiscal capital income ];Pre-tax national income =Pre-tax labor income [total pre-tax income ranking]+Pre-tax capital income [total pre-tax income ranking]
Variable Unit;.;.;.;"USD; United States dollar | local currency | market";"USD; United States dollar | local currency | market";"USD; United States dollar | local currency | market";share;share
Methodological Notes;.;.;.;;;;;Assuming the same distribution as fiscal income.
Sources;.;.;.;Frank, Sommeiller, Price & Saez (2015);Frank, Sommeiller, Price & Saez (2015);Frank, Sommeiller, Price & Saez (2015);Frank, Sommeiller, Price & Saez (2015);WID.world computations using: Frank, Sommeiller, Price & Saez (2015)
Variable Code;country;year;perc;afiinc992t;tfiinc992t;mfiinc992t;sfiinc992t;sptinc992t
;US-MO;2014;p0p100;52477.9375;;1.628246016e+11;;
;US-MO;2014;p99p100;;316241.375;;0.1784525812;0.1784525812
;US-MO;2014;p99.9p100;;1361105.5;;0.0852424353;0.0852424353
;US-MO;2014;p99.99p100;;6829410.0;;0.0412856564;0.0412856564
;US-MO;2014;p90p100;;112964.445312;;0.4572851062;0.4572851062
;US-MO;2014;p90p91;243097.390625;;;;
;US-MO;2014;p95p96;352930.96875;;;;
;US-MO;2014;p90p95;133263.8125;112964.445312;;0.1240059957;0.1240059957
;US-MO;2014;p95p99;204428.28125;139305.5;;0.1546665728;0.1546665728
;US-MO;2014;p99.5p99.9;742037.6875;501783.625;;0.0563768446;0.0563768446
;US-MO;2014;p99.9p99.99;2515841.25;1361105.5;;0.043932043;0.043932043
;US-MO;2014;p99p99.5;391360.75;316241.375;;0.0368464552;0.0368464552
;US-MO;2014;p95p100;;139305.5;;0.3330831826;0.3330831826
;US-MO;2014;p0p90;31298.0;;;0.542886436;0.542886436
;US-MO;2014;p0p99;43442.953125;;;0.8215474486;0.8215474486
;US-MO;2014;p99.5p100;;501783.625;;0.1416047961;0.1416047961
;US-MO;2014;p99.5p99.6;1502522.5;;;;
;US-MO;2014;p99.99p99.991;22802046.0;;;;
;US-MO;2014;p99.9p99.91;4544462.0;;;;
;US-MO;2014;p99p99.1;946941.625;;;;
;US-MO;2013;p0p100;50967.2773438;;1.57449125888e+11;;
;US-MO;2013;p99p100;;318788.40625;;0.1683579981;0.1683579981
;US-MO;2013;p99.9p100;;1302486.0;;0.0742397159;0.0742397159
;US-MO;2013;p99.99p100;;5964543.5;;0.0335505866;0.0335505866
;US-MO;2013;p90p100;;112967.007812;;0.4509306848;0.4509306848
;US-MO;2013;p90p91;234737.34375;;;;
;US-MO;2013;p95p96;334998.21875;;;;
;US-MO;2013;p90p95;134476.484375;112967.007812;;0.1271234006;0.1271234006
;US-MO;2013;p95p99;201203.796875;137954.609375;;0.1551104188;0.1551104188
;US-MO;2013;p99.5p99.9;727601.3125;494595.71875;;0.0561570898;0.0561570898
;US-MO;2013;p99.9p99.99;2312763.0;1302486.0;;0.0407301895;0.0407301895
;US-MO;2013;p99p99.5;390286.125;318788.40625;;0.0379732288;0.0379732288
;US-MO;2013;p95p100;;137954.609375;;0.3235041797;0.3235041797
;US-MO;2013;p0p90;30548.3808594;;;0.5493550897;0.5493550897
;US-MO;2013;p0p99;42692.4453125;;;0.8316420317;0.8316420317
;US-MO;2013;p99.5p100;;494595.71875;;0.1304038763;0.1304038763
;US-MO;2013;p99.5p99.6;1350065.625;;;;
;US-MO;2013;p99.99p99.991;17584364.0;;;;
;US-MO;2013;p99.9p99.91;3839923.0;;;;
;US-MO;2013;p99p99.1;870175.875;;;;
;US-MO;2012;p0p100;51632.6445312;;1.59000772608e+11;;
;US-MO;2012;p99p100;963060.875;;;0.1865217239;0.1865217239
;US-MO;2012;p99.9p100;4488072.5;;;0.0869231597;0.0869231597
;US-MO;2012;p99.99p100;20287094.0;;;0.0392912179;0.0392912179
;US-MO;2012;p90p100;;;;0.4612291753;0.4612291753
;US-MO;2012;p90p91;238144.796875;;;;
;US-MO;2012;p95p96;347706.1875;;;;
;US-MO;2012;p95p100;;;;0.3367115855;0.3367115855
;US-MO;2012;p99.5p100;1525173.125;;;0.1476946622;0.1476946622
;US-MO;2011;p0p100;49611.546875;;1.51211524096e+11;;
;US-MO;2011;p99p100;815467.75;;;0.1643705517;0.1643705517
;US-MO;2011;p99.9p100;3591378.75;;;0.0723899826;0.0723899826
;US-MO;2011;p99.99p100;16043346.0;;;0.0323379301;0.0323379301
;US-MO;2011;p90p100;;;;0.4434176385;0.4434176385
;US-MO;2011;p90p91;219986.328125;;;;
;US-MO;2011;p95p96;313137.46875;;;;
;US-MO;2011;p95p100;;;;0.3155893087;0.3155893087
;US-MO;2011;p99.5p100;1264520.625;;;0.1274421662;0.1274421662
;US-MO;2010;p0p100;50452.1367188;;1.52420892672e+11;;
;US-MO;2010;p99p100;832212.1875;;;0.1649508178;0.1649508178
;US-MO;2010;p99.9p100;3830498.5;;;0.0759234056;0.0759234056
;US-MO;2010;p99.99p100;18331566.0;;;0.0363345668;0.0363345668
;US-MO;2010;p90p100;;;;0.4369785488;0.4369785488
;US-MO;2010;p90p91;220465.03125;;;;
;US-MO;2010;p95p96;313456.78125;;;;
;US-MO;2010;p95p100;;;;0.3106476367;0.3106476367
;US-MO;2010;p99.5p100;1304822.5;;;0.1293129027;0.1293129027
;US-MO;2009;p0p100;49741.0078125;;1.48486340608e+11;;
;US-MO;2009;p99p100;739030.1875;;;0.1485756487;0.1485756487
;US-MO;2009;p99.9p100;3161044.5;;;0.0635500774;0.0635500774
;US-MO;2009;p99.99p100;13864252.0;;;0.0278728828;0.0278728828
;US-MO;2009;p90p100;;;;0.4200727046;0.4200727046
;US-MO;2009;p90p91;208948.40625;;;;
;US-MO;2009;p95p96;291814.625;;;;
;US-MO;2009;p95p100;;;;0.2933340669;0.2933340669
;US-MO;2009;p99.5p100;1131074.625;;;0.1136963964;0.1136963964
;US-MO;2008;p0p100;54394.3476562;;1.61812791296e+11;;
;US-MO;2008;p99p100;1008741.5625;;;0.1854497045;0.1854497045
;US-MO;2008;p99.9p100;4966987.0;;;0.0913143903;0.0913143903
;US-MO;2008;p99.99p100;23842606.0;;;0.0438328758;0.0438328758
;US-MO;2008;p90p100;;;;0.4463337064;0.4463337064
;US-MO;2008;p90p91;242780.296875;;;;
;US-MO;2008;p95p96;353809.3125;;;;
;US-MO;2008;p95p100;;;;0.3252261877;0.3252261877
;US-MO;2008;p99.5p100;1620530.5;;;0.1489612907;0.1489612907
;US-MO;2007;p0p100;57663.3320312;;1.70600300544e+11;;
;US-MO;2007;p99p100;1094919.25;;;0.1898813546;0.1898813546
;US-MO;2007;p99.9p100;5375088.0;;;0.0932150036;0.0932150036
;US-MO;2007;p99.99p100;24843834.0;;;0.0430842824;0.0430842824
;US-MO;2007;p90p100;;;;0.4422110915;0.4422110915
;US-MO;2007;p90p91;254993.671875;;;;
;US-MO;2007;p95p96;376217.5625;;;;
;US-MO;2007;p95p100;;;;0.3262190521;0.3262190521
;US-MO;2007;p99.5p100;1766301.875;;;0.1531563997;0.1531563997
;US-MO;2006;p0p100;55831.3320312;;1.63519905792e+11;;
;US-MO;2006;p99p100;994615.5625;;;0.1781464964;0.1781464964
;US-MO;2006;p99.9p100;4665579.0;;;0.0835656151;0.0835656151
;US-MO;2006;p99.99p100;20309736.0;;;0.0363769531;0.0363769531
;US-MO;2006;p90p100;;;;0.4314934909;0.4314934909
;US-MO;2006;p90p91;240908.5625;;;;
;US-MO;2006;p95p96;350814.9375;;;;
;US-MO;2006;p95p100;;;;0.314173907;0.314173907
;US-MO;2006;p99.5p100;1584252.875;;;0.1418784857;0.1418784857
;US-MO;2005;p0p100;54456.6757812;;1.58224596992e+11;;
;US-MO;2005;p99p100;930701.9375;;;0.1709068567;0.1709068567
;US-MO;2005;p99.9p100;4323212.0;;;0.0793880969;0.0793880969
;US-MO;2005;p99.99p100;18706422.0;;;0.0343510136;0.0343510136
;US-MO;2005;p90p100;;;;0.4221068621;0.4221068621
;US-MO;2005;p90p91;229865.390625;;;;
;US-MO;2005;p95p96;341185.5;;;;
;US-MO;2005;p95p100;;;;0.3132632375;0.3132632375
;US-MO;2005;p99.5p100;1475218.0;;;0.1354487687;0.1354487687
;US-MO;2004;p0p100;53794.3945312;;1.52470831104e+11;;
;US-MO;2004;p99p100;832555.5;;;0.1547662467;0.1547662467
;US-MO;2004;p99.9p100;3683472.5;;;0.0684731752;0.0684731752
;US-MO;2004;p99.99p100;15602108.0;;;0.0290032271;0.0290032271
;US-MO;2004;p90p100;;;;0.4062083364;0.4062083364
;US-MO;2004;p90p91;218517.28125;;;;
;US-MO;2004;p95p96;321343.28125;;;;
;US-MO;2004;p95p100;;;;0.2986773252;0.2986773252
;US-MO;2004;p99.5p100;1295511.75;;;0.120413281;0.120413281
;US-MO;2003;p0p100;50944.6484375;;1.44141664256e+11;;
;US-MO;2003;p99p100;731752.4375;;;0.1436367631;0.1436367631
;US-MO;2003;p99.9p100;3072688.75;;;0.0603142604;0.0603142604
;US-MO;2003;p99.99p100;12760311.0;;;0.0250474028;0.0250474028
;US-MO;2003;p90p100;;;;0.4035061896;0.4035061896
;US-MO;2003;p90p91;205564.828125;;;;
;US-MO;2003;p95p96;293064.0625;;;;
;US-MO;2003;p95p100;;;;0.2876298726;0.2876298726
;US-MO;2003;p99.5p100;1118808.125;;;0.1098062396;0.1098062396
;US-MO;2002;p0p100;51514.6835938;;1.41646610432e+11;;
;US-MO;2002;p99p100;738724.6875;;;0.1434008032;0.1434008032
;US-MO;2002;p99.9p100;3056420.0;;;0.0593310408;0.0593310408
;US-MO;2002;p99.99p100;12434419.0;;;0.0241376217;0.0241376217
;US-MO;2002;p90p100;;;;0.4038761258;0.4038761258
;US-MO;2002;p90p91;208055.515625;;;;
;US-MO;2002;p95p96;296336.5625;;;;
;US-MO;2002;p95p100;;;;0.2876233757;0.2876233757
;US-MO;2002;p99.5p100;1124871.625;;;0.1091797128;0.1091797128
;US-MO;2001;p0p100;53132.7539062;;1.4516625408e+11;;
;US-MO;2001;p99p100;799660.75;;;0.1505024284;0.1505024284
;US-MO;2001;p99.9p100;3341291.75;;;0.0628857315;0.0628857315
;US-MO;2001;p99.99p100;13813720.0;;;0.0259985048;0.0259985048
;US-MO;2001;p90p100;;;;0.4089707434;0.4089707434
;US-MO;2001;p90p91;217297.40625;;;;
;US-MO;2001;p95p96;312972.5;;;;
;US-MO;2001;p95p100;;;;0.2945193946;0.2945193946
;US-MO;2001;p99.5p100;1217992.0;;;0.1146178171;0.1146178171
;US-MO;2000;p0p100;56790.5;;1.54582614016e+11;;
;US-MO;2000;p99p100;948375.6875;;;0.1669955105;0.1669955105
;US-MO;2000;p99.9p100;4375313.0;;;0.077043049;0.077043049
;US-MO;2000;p99.99p100;19117398.0;;;0.0336630233;0.0336630233
;US-MO;2000;p90p100;;;;0.417791903;0.417791903
;US-MO;2000;p90p91;237266.09375;;;;
;US-MO;2000;p95p96;350368.8125;;;;
;US-MO;2000;p95p100;;;;0.3084748685;0.3084748685
;US-MO;2000;p99.5p100;1488357.875;;;0.1310393512;0.1310393512
;US-MO;1999;p0p100;55573.2109375;;1.48451934208e+11;;
;US-MO;1999;p99p100;902602.5;;;0.1624168456;0.1624168456
;US-MO;1999;p99.9p100;4007273.75;;;0.0721080154;0.0721080154
;US-MO;1999;p99.99p100;16731019.0;;;0.030106267;0.030106267
;US-MO;1999;p90p100;;;;0.4176866114;0.4176866114
;US-MO;1999;p90p91;232121.859375;;;;
;US-MO;1999;p95p96;340348.3125;;;;
;US-MO;1999;p95p100;;;;0.3062161803;0.3062161803
;US-MO;1999;p99.5p100;1401229.5;;;0.1260705888;0.1260705888
;US-MO;1998;p0p100;54431.8476562;;1.41462274048e+11;;
;US-MO;1998;p99p100;873174.125;;;0.1604160368;0.1604160368
;US-MO;1998;p99.9p100;3903903.0;;;0.0717209354;0.0717209354
;US-MO;1998;p99.99p100;16302123.0;;;0.0299496055;0.0299496055
;US-MO;1998;p90p100;;;;0.4110235274;0.4110235274
;US-MO;1998;p90p91;223727.6875;;;;
;US-MO;1998;p95p96;327263.0625;;;;
;US-MO;1998;p95p100;;;;0.3006172776;0.3006172776
;US-MO;1998;p99.5p100;1356867.375;;;0.1246391088;0.1246391088
;US-MO;1997;p0p100;51528.828125;;1.33078892544e+11;;
;US-MO;1997;p99p100;770168.3125;;;0.1494635642;0.1494635642
;US-MO;1997;p99.9p100;3231430.0;;;0.0627110973;0.0627110973
;US-MO;1997;p99.99p100;12784151.0;;;0.0248097051;0.0248097051
;US-MO;1997;p90p100;;;;0.4024287164;0.4024287164
;US-MO;1997;p90p91;207366.828125;;;;
;US-MO;1997;p95p96;299162.25;;;;
;US-MO;1997;p95p100;;;;0.2902862728;0.2902862728
;US-MO;1997;p99.5p100;1178112.0;;;0.1143158078;0.1143158078
;US-MO;1996;p0p100;48491.5234375;;1.23813445632e+11;;
;US-MO;1996;p99p100;704212.0;;;0.1452237219;0.1452237219
;US-MO;1996;p99.9p100;2948285.25;;;0.0608000122;0.0608000122
;US-MO;1996;p99.99p100;12016396.0;;;0.0247804038;0.0247804038
;US-MO;1996;p90p100;;;;0.402345866;0.402345866
;US-MO;1996;p90p91;195103.640625;;;;
;US-MO;1996;p95p96;278123.4375;;;;
;US-MO;1996;p95p100;;;;0.2867753208;0.2867753208
;US-MO;1996;p99.5p100;1077745.5;;;0.1111272052;0.1111272052
;US-MO;1995;p0p100;45929.1367188;;1.16963827712e+11;;
;US-MO;1995;p99p100;626020.75;;;0.1363014281;0.1363014281
;US-MO;1995;p99.9p100;2465781.5;;;0.0536866523;0.0536866523
;US-MO;1995;p99.99p100;9461834.0;;;0.0206009392;0.0206009392
;US-MO;1995;p90p100;;;;0.3962371349;0.3962371349
;US-MO;1995;p90p91;181988.296875;;;;
;US-MO;1995;p95p96;256554.28125;;;;
;US-MO;1995;p95p100;;;;0.2792935967;0.2792935967
;US-MO;1995;p99.5p100;941311.6875;;;0.1024743542;0.1024743542
;US-MO;1994;p0p100;44073.9765625;;1.12604348416e+11;;
;US-MO;1994;p99p100;576771.75;;;0.1308644712;0.1308644712
;US-MO;1994;p99.9p100;2297893.75;;;0.0521371998;0.0521371998
;US-MO;1994;p99.99p100;9189571.0;;;0.0208503343;0.0208503343
;US-MO;1994;p90p100;;;;0.385843724;0.385843724
;US-MO;1994;p90p91;170056.671875;;;;
;US-MO;1994;p95p96;239341.921875;;;;
;US-MO;1994;p95p100;;;;0.2715229392;0.2715229392
;US-MO;1994;p99.5p100;868484.0;;;0.0985257179;0.0985257179
;US-MO;1993;p0p100;43308.6367188;;1.08583747584e+11;;
;US-MO;1993;p99p100;562853.125;;;0.129963249;0.129963249
;US-MO;1993;p99.9p100;2241196.5;;;0.051749412;0.051749412
;US-MO;1993;p99.99p100;8967773.0;;;0.0207066592;0.0207066592
;US-MO;1993;p90p100;;;;0.3876313567;0.3876313567
;US-MO;1993;p90p91;167877.859375;;;;
;US-MO;1993;p95p96;234625.609375;;;;
;US-MO;1993;p95p100;;;;0.2708762288;0.2708762288
;US-MO;1993;p99.5p100;849334.9375;;;0.0980560631;0.0980560631
;US-MO;1992;p0p100;44190.5039062;;1.08303056896e+11;;
;US-MO;1992;p99p100;588322.8125;;;0.133133322;0.133133322
;US-MO;1992;p99.9p100;2411849.5;;;0.054578457;0.054578457
;US-MO;1992;p99.99p100;9821263.0;;;0.0222248286;0.0222248286
;US-MO;1992;p90p100;;;;0.3867332041;0.3867332041
;US-MO;1992;p90p91;170899.34375;;;;
;US-MO;1992;p95p96;238783.265625;;;;
;US-MO;1992;p95p100;;;;0.270174861;0.270174861
;US-MO;1992;p99.5p100;897428.8125;;;0.1015409082;0.1015409082
;US-MO;1991;p0p100;43575.515625;;1.0472370176e+11;;
;US-MO;1991;p99p100;530669.5;;;0.1217815727;0.1217815727
;US-MO;1991;p99.9p100;2028679.625;;;0.046555493;0.046555493
;US-MO;1991;p99.99p100;7726992.5;;;0.0177324191;0.0177324191
;US-MO;1991;p90p100;;;;0.3772466183;0.3772466183
;US-MO;1991;p90p91;164387.15625;;;;
;US-MO;1991;p95p96;225136.296875;;;;
;US-MO;1991;p95p100;;;;0.2583288848;0.2583288848
;US-MO;1991;p99.5p100;792524.75;;;0.0909369364;0.0909369364
;US-MO;1990;p0p100;44003.3359375;;1.0616418304e+11;;
;US-MO;1990;p99p100;548554.4375;;;0.1246620119;0.1246620119
;US-MO;1990;p99.9p100;2129916.75;;;0.0484035313;0.0484035313
;US-MO;1990;p99.99p100;8151434.5;;;0.0185245834;0.0185245834
;US-MO;1990;p90p100;;;;0.3764605224;0.3764605224
;US-MO;1990;p90p91;165655.171875;;;;
;US-MO;1990;p95p96;228511.640625;;;;
;US-MO;1990;p95p100;;;;0.2596526444;0.2596526444
;US-MO;1990;p99.5p100;826449.5;;;0.0939076021;0.0939076021
;US-MO;1989;p0p100;42976.28125;;1.06741055488e+11;;
;US-MO;1989;p99p100;550289.0;;;0.128044799;0.128044799
;US-MO;1989;p99.9p100;2101692.0;;;0.0489035286;0.0489035286
;US-MO;1989;p99.99p100;7930306.0;;;0.0184527505;0.0184527505
;US-MO;1989;p90p100;;;;0.3841882646;0.3841882646
;US-MO;1989;p90p91;165109.84375;;;;
;US-MO;1989;p95p96;229516.125;;;;
;US-MO;1989;p95p100;;;;0.267026484;0.267026484
;US-MO;1989;p99.5p100;821428.9375;;;0.0955677032;0.0955677032
;US-MO;1988;p0p100;43710.0351562;;1.06461200384e+11;;
;US-MO;1988;p99p100;589675.3125;;;0.1349061579;0.1349061579
;US-MO;1988;p99.9p100;2380831.5;;;0.0544687621;0.0544687621
;US-MO;1988;p99.99p100;9222561.0;;;0.0210994128;0.0210994128
;US-MO;1988;p90p100;;;;0.3845088482;0.3845088482
;US-MO;1988;p90p91;168068.953125;;;;
;US-MO;1988;p95p96;236320.453125;;;;
;US-MO;1988;p95p100;;;;0.2703274488;0.2703274488
;US-MO;1988;p99.5p100;897601.375;;;0.1026768088;0.1026768088
;US-MO;1987;p0p100;43186.484375;;1.01578539008e+11;;
;US-MO;1987;p99p100;476048.25;;;0.1102308407;0.1102308407
;US-MO;1987;p99.9p100;1702726.75;;;0.0394273065;0.0394273065
;US-MO;1987;p99.99p100;6129984.5;;;0.0141942203;0.0141942203
;US-MO;1987;p90p100;;;;0.3601533473;0.3601533473
;US-MO;1987;p90p91;155537.5625;;;;
;US-MO;1987;p95p96;210812.828125;;;;
;US-MO;1987;p95p100;;;;0.2440726906;0.2440726906
;US-MO;1987;p99.5p100;693848.1875;;;0.0803316385;0.0803316385
;US-MO;1986;p0p100;44560.3710938;;1.04654962688e+11;;
;US-MO;1986;p99p100;659645.5;;;0.1480341256;0.1480341256
;US-MO;1986;p99.9p100;2956605.0;;;0.0663505495;0.0663505495
;US-MO;1986;p99.99p100;12882950.0;;;0.0289112274;0.0289112274
;US-MO;1986;p90p100;;;;0.3927490115;0.3927490115
;US-MO;1986;p90p91;175010.40625;;;;
;US-MO;1986;p95p96;251037.25;;;;
;US-MO;1986;p95p100;;;;0.2816821635;0.2816821635
;US-MO;1986;p99.5p100;1034521.8125;;;0.1160809249;0.1160809249
;US-MO;1985;p0p100;41673.3085938;;96152174592.0;;
;US-MO;1985;p99p100;483031.1875;;;0.1159090251;0.1159090251
;US-MO;1985;p99.9p100;1898297.125;;;0.0455518775;0.0455518775
;US-MO;1985;p99.99p100;7429668.0;;;0.0178283639;0.0178283639
;US-MO;1985;p90p100;;;;0.3638611734;0.3638611734
;US-MO;1985;p90p91;151632.96875;;;;
;US-MO;1985;p95p96;206680.46875;;;;
;US-MO;1985;p95p100;;;;0.2479770631;0.2479770631
;US-MO;1985;p99.5p100;717715.25;;;0.0861121118;0.0861121118
;US-MO;1984;p0p100;40459.7773438;;91751153664.0;;
;US-MO;1984;p99p100;466661.1875;;;0.1153395474;0.1153395474
;US-MO;1984;p99.9p100;1854574.625;;;0.0458374918;0.0458374918
;US-MO;1984;p99.99p100;7769287.0;;;0.0192024969;0.0192024969
;US-MO;1984;p90p100;;;;0.356531471;0.356531471
;US-MO;1984;p90p91;144251.828125;;;;
;US-MO;1984;p95p96;197950.15625;;;;
;US-MO;1984;p95p100;;;;0.2446258813;0.2446258813
;US-MO;1984;p99.5p100;687961.9375;;;0.0850180164;0.0850180164
;US-MO;1983;p0p100;38889.7539062;;86701973504.0;;
;US-MO;1983;p99p100;457259.1875;;;0.1175783277;0.1175783277
;US-MO;1983;p99.9p100;1784652.75;;;0.0458900481;0.0458900481
;US-MO;1983;p99.99p100;7276021.0;;;0.0187093541;0.0187093541
;US-MO;1983;p90p100;;;;0.3535721004;0.3535721004
;US-MO;1983;p90p91;137503.3125;;;;
;US-MO;1983;p95p96;190739.34375;;;;
;US-MO;1983;p95p100;;;;0.2452308685;0.2452308685
;US-MO;1983;p99.5p100;666551.3125;;;0.0856975466;0.0856975466
;US-MO;1982;p0p100;38256.578125;;84831944704.0;;
;US-MO;1982;p99p100;409858.375;;;0.1071340963;0.1071340963
;US-MO;1982;p99.9p100;1585315.125;;;0.0414390229;0.0414390229
;US-MO;1982;p99.99p100;6582279.5;;;0.0172056146;0.0172056146
;US-MO;1982;p90p100;;;;0.3474310637;0.3474310637
;US-MO;1982;p90p91;132915.234375;;;;
;US-MO;1982;p95p96;179823.84375;;;;
;US-MO;1982;p95p100;;;;0.2350234538;0.2350234538
;US-MO;1982;p99.5p100;604779.3125;;;0.0790425241;0.0790425241
;US-MO;1981;p0p100;37688.0976562;;84859912192.0;;
;US-MO;1981;p99p100;359032.8125;;;0.0952642485;0.0952642485
;US-MO;1981;p99.9p100;1192366.0;;;0.0316377319;0.0316377319
;US-MO;1981;p99.99p100;4188544.5;;;0.011113707;0.011113707
;US-MO;1981;p90p100;;;;0.3569581509;0.3569581509
;US-MO;1981;p90p91;134530.734375;;;;
;US-MO;1981;p95p96;172961.96875;;;;
;US-MO;1981;p95p100;;;;0.229464978;0.229464978
;US-MO;1981;p99.5p100;514321.5625;;;0.0682339519;0.0682339519
;US-MO;1980;p0p100;37838.2070312;;84353466368.0;;
;US-MO;1980;p99p100;378741.65625;;;0.1000950262;0.1000950262
;US-MO;1980;p99.9p100;1193348.5;;;0.0315381847;0.0315381847
;US-MO;1980;p99.99p100;4226974.0;;;0.0111711789;0.0111711789
;US-MO;1980;p90p100;;;;0.3526183069;0.3526183069
;US-MO;1980;p90p91;133424.453125;;;;
;US-MO;1980;p95p96;175965.421875;;;;
;US-MO;1980;p95p100;;;;0.2325234413;0.2325234413
;US-MO;1980;p99.5p100;534307.1875;;;0.0706041902;0.0706041902
;US-MO;1979;p0p100;39207.5625;;86668263424.0;;
;US-MO;1979;p99p100;379715.09375;;;0.096847415;0.096847415
;US-MO;1979;p99.9p100;1197856.75;;;0.0305516757;0.0305516757
;US-MO;1979;p99.99p100;4286023.5;;;0.0109316232;0.0109316232
;US-MO;1979;p90p100;;;;0.3447372019;0.3447372019
;US-MO;1979;p90p91;135163.046875;;;;
;US-MO;1979;p95p96;176825.671875;;;;
;US-MO;1979;p95p100;;;;0.2254994363;0.2254994363
;US-MO;1979;p99.5p100;530686.375;;;0.0676765293;0.0676765293
;US-MO;1978;p0p100;38299.0976562;;83090194432.0;;
;US-MO;1978;p99p100;354645.28125;;;0.0925988555;0.0925988555
;US-MO;1978;p99.9p100;1090842.125;;;0.0284821875;0.0284821875
;US-MO;1978;p99.99p100;4003738.25;;;0.0104538705;0.0104538705
;US-MO;1978;p90p100;;;;0.3429789841;0.3429789841
;US-MO;1978;p90p91;131357.859375;;;;
;US-MO;1978;p95p96;173802.1875;;;;
;US-MO;1978;p95p100;;;;0.2269011438;0.2269011438
;US-MO;1978;p99.5p100;493722.0;;;0.0644560903;0.0644560903
;US-MO;1977;p0p100;37542.2148438;;80141074432.0;;
;US-MO;1977;p99p100;341844.125;;;0.0910559371;0.0910559371
;US-MO;1977;p99.9p100;1014841.5625;;;0.0270320121;0.0270320121
;US-MO;1977;p99.99p100;3401914.25;;;0.0090615712;0.0090615712
;US-MO;1977;p90p100;;;;0.3425736427;0.3425736427
;US-MO;1977;p90p91;128609.726562;;;;
;US-MO;1977;p95p96;168056.546875;;;;
;US-MO;1977;p95p100;;;;0.223823458;0.223823458
;US-MO;1977;p99.5p100;472212.1875;;;0.0628908277;0.0628908277
;US-MO;1976;p0p100;36557.5625;;76834054144.0;;
;US-MO;1976;p99p100;330860.59375;;;0.0905040056;0.0905040056
;US-MO;1976;p99.9p100;924958.8125;;;0.0253014341;0.0253014341
;US-MO;1976;p99.99p100;2773543.0;;;0.0075867828;0.0075867828
;US-MO;1976;p90p100;;;;0.3458332121;0.3458332121
;US-MO;1976;p90p91;126428.203125;;;;
;US-MO;1976;p95p96;165281.875;;;;
;US-MO;1976;p95p100;;;;0.2260570079;0.2260570079
;US-MO;1976;p99.5p100;454546.75;;;0.0621686317;0.0621686317
;US-MO;1975;p0p100;35194.8867188;;72874147840.0;;
;US-MO;1975;p99p100;322682.71875;;;0.0916845426;0.0916845426
;US-MO;1975;p99.9p100;904506.6875;;;0.0256999452;0.0256999452
;US-MO;1975;p99.99p100;2857230.0;;;0.0081183091;0.0081183091
;US-MO;1975;p90p100;;;;0.3457656503;0.3457656503
;US-MO;1975;p90p91;121691.828125;;;;
;US-MO;1975;p95p96;159389.9375;;;;
;US-MO;1975;p95p100;;;;0.2264390588;0.2264390588
;US-MO;1975;p99.5p100;439791.3125;;;0.0624794289;0.0624794289
;US-MO;1974;p0p100;36940.6210938;;75334303744.0;;
;US-MO;1974;p99p100;335373.4375;;;0.0907871798;0.0907871798
;US-MO;1974;p99.9p100;970533.1875;;;0.0262727924;0.0262727924
;US-MO;1974;p99.99p100;3029195.5;;;0.0082001751;0.0082001751
;US-MO;1974;p90p100;;;;0.342666626;0.342666626
;US-MO;1974;p90p91;126583.171875;;;;
;US-MO;1974;p95p96;166443.328125;;;;
;US-MO;1974;p95p100;;;;0.2252849787;0.2252849787
;US-MO;1974;p99.5p100;459157.125;;;0.0621480048;0.0621480048
;US-MO;1973;p0p100;38667.8984375;;77728464896.0;;
;US-MO;1973;p99p100;350017.25;;;0.0905188099;0.0905188099
;US-MO;1973;p99.9p100;1005445.1875;;;0.0260020643;0.0260020643
;US-MO;1973;p99.99p100;3166220.75;;;0.0081882412;0.0081882412
;US-MO;1973;p90p100;;;;0.3327946663;0.3327946663
;US-MO;1973;p90p91;128684.703125;;;;
;US-MO;1973;p95p96;169903.046875;;;;
;US-MO;1973;p95p100;;;;0.2196952105;0.2196952105
;US-MO;1973;p99.5p100;481092.09375;;;0.0622082017;0.0622082017
;US-MO;1972;p0p100;37842.265625;;74955218944.0;;
;US-MO;1972;p99p100;366807.84375;;;0.0969307274;0.0969307274
;US-MO;1972;p99.9p100;1153891.75;;;0.0304921418;0.0304921418
;US-MO;1972;p99.99p100;4093098.0;;;0.0108162072;0.0108162072
;US-MO;1972;p90p100;;;;0.3380087614;0.3380087614
;US-MO;1972;p90p91;127910.179688;;;;
;US-MO;1972;p95p96;170702.53125;;;;
;US-MO;1972;p95p100;;;;0.2255448103;0.2255448103
;US-MO;1972;p99.5p100;513849.375;;;0.0678935796;0.0678935796
;US-MO;1971;p0p100;36562.5859375;;71282245632.0;;
;US-MO;1971;p99p100;349082.75;;;0.0954754129;0.0954754129
;US-MO;1971;p99.9p100;1084844.625;;;0.0296708941;0.0296708941
;US-MO;1971;p99.99p100;3804987.25;;;0.0104067791;0.0104067791
;US-MO;1971;p90p100;;;;0.3376186788;0.3376186788
;US-MO;1971;p90p91;123442.109375;;;;
;US-MO;1971;p95p96;164183.65625;;;;
;US-MO;1971;p95p100;;;;0.2245241553;0.2245241553
;US-MO;1971;p99.5p100;486520.65625;;;0.0665325895;0.0665325895
;US-MO;1970;p0p100;36305.5390625;;69538570240.0;;
;US-MO;1970;p99p100;331829.59375;;;0.0913991779;0.0913991779
;US-MO;1970;p99.9p100;996777.75;;;0.0274552535;0.0274552535
;US-MO;1970;p99.99p100;3379844.75;;;0.0093094474;0.0093094474
;US-MO;1970;p90p100;;;;0.3319359422;0.3319359422
;US-MO;1970;p90p91;120511.117188;;;;
;US-MO;1970;p95p96;158245.6875;;;;
;US-MO;1970;p95p100;;;;0.217936039;0.217936039
;US-MO;1970;p99.5p100;460609.59375;;;0.0634351745;0.0634351745
;US-MO;1969;p0p100;35960.484375;;68384600064.0;;
;US-MO;1969;p99p100;383515.3125;;;0.1066491008;0.1066491008
;US-MO;1969;p99.9p100;1326120.125;;;0.0368771479;0.0368771479
;US-MO;1969;p99.99p100;5560005.0;;;0.015461429;0.015461429
;US-MO;1969;p90p100;;;;0.3499865234;0.3499865234
;US-MO;1969;p90p91;125856.859375;;;;
;US-MO;1969;p95p96;169626.5;;;;
;US-MO;1969;p95p100;;;;0.2358512431;0.2358512431
;US-MO;1969;p99.5p100;547217.5;;;0.0760859475;0.0760859475
;US-MO;1968;p0p100;36961.7421875;;69914025984.0;;
;US-MO;1968;p99p100;421399.625;;;0.1140096784;0.1140096784
;US-MO;1968;p99.9p100;1538136.5;;;0.0416142866;0.0416142866
;US-MO;1968;p99.99p100;6697600.0;;;0.0181203559;0.0181203559
;US-MO;1968;p90p100;;;;0.3494199216;0.3494199216
;US-MO;1968;p90p91;129151.703125;;;;
;US-MO;1968;p95p96;178899.0625;;;;
;US-MO;1968;p95p100;;;;0.2420057356;0.2420057356
;US-MO;1968;p99.5p100;607823.875;;;0.0822233781;0.0822233781
;US-MO;1967;p0p100;34896.4882812;;65639223296.0;;
;US-MO;1967;p99p100;381680.96875;;;0.1093751788;0.1093751788
;US-MO;1967;p99.9p100;1253081.25;;;0.0359085202;0.0359085202
;US-MO;1967;p99.99p100;4606101.5;;;0.0131993275;0.0131993275
;US-MO;1967;p90p100;;;;0.3476733565;0.3476733565
;US-MO;1967;p90p91;121325.796875;;;;
;US-MO;1967;p95p96;167825.625;;;;
;US-MO;1967;p95p100;;;;0.2404620647;0.2404620647
;US-MO;1967;p99.5p100;540370.8125;;;0.0774248168;0.0774248168
;US-MO;1966;p0p100;33595.6484375;;62780633088.0;;
;US-MO;1966;p99p100;338561.21875;;;0.1007753089;0.1007753089
;US-MO;1966;p99.9p100;1090856.625;;;0.0324701704;0.0324701704
;US-MO;1966;p99.99p100;3919925.5;;;0.0116679538;0.0116679538
;US-MO;1966;p90p100;;;;0.3431691229;0.3431691229
;US-MO;1966;p90p91;115289.914062;;;;
;US-MO;1966;p95p96;153500.234375;;;;
;US-MO;1966;p95p100;;;;0.2284525186;0.2284525186
;US-MO;1966;p99.5p100;478981.46875;;;0.0712862313;0.0712862313
;US-MO;1965;p0p100;32567.7851562;;60420853760.0;;
;US-MO;1965;p99p100;370845.6875;;;0.1138688624;0.1138688624
;US-MO;1965;p99.9p100;1183118.25;;;0.0363278687;0.0363278687
;US-MO;1965;p99.99p100;4818579.0;;;0.014795538;0.014795538
;US-MO;1965;p90p100;;;;0.3582510054;0.3582510054
;US-MO;1965;p90p91;116674.421875;;;;
;US-MO;1965;p95p96;158897.4375;;;;
;US-MO;1965;p95p100;;;;0.2439487725;0.2439487725
;US-MO;1965;p99.5p100;520067.96875;;;0.0798439234;0.0798439234
;US-MO;1964;p0p100;30662.8574219;;56420536320.0;;
;US-MO;1964;p99p100;329978.6875;;;0.1076151207;0.1076151207
;US-MO;1964;p99.9p100;988400.625;;;0.0322344601;0.0322344601
;US-MO;1964;p99.99p100;3422006.0;;;0.0111601008;0.0111601008
;US-MO;1964;p90p100;;;;0.353621304;0.353621304
;US-MO;1964;p90p91;108430.398438;;;;
;US-MO;1964;p95p96;146780.25;;;;
;US-MO;1964;p95p100;;;;0.2393453568;0.2393453568
;US-MO;1964;p99.5p100;457267.96875;;;0.0745638236;0.0745638236
;US-MO;1963;p0p100;29409.5566406;;53594423296.0;;
;US-MO;1963;p99p100;307395.15625;;;0.1045222059;0.1045222059
;US-MO;1963;p99.9p100;924017.1875;;;0.0314189456;0.0314189456
;US-MO;1963;p99.99p100;3214822.0;;;0.0109312162;0.0109312162
;US-MO;1963;p90p100;;;;0.3488869667;0.3488869667
;US-MO;1963;p90p91;102606.09375;;;;
;US-MO;1963;p95p96;139095.90625;;;;
;US-MO;1963;p95p100;;;;0.2364808023;0.2364808023
;US-MO;1963;p99.5p100;436440.8125;;;0.074200511;0.074200511
;US-MO;1962;p0p100;28369.90625;;51175407616.0;;
;US-MO;1962;p99p100;290097.90625;;;0.1022554934;0.1022554934
;US-MO;1962;p99.9p100;871855.375;;;0.0307316948;0.0307316948
;US-MO;1962;p99.99p100;2621891.75;;;0.0092418054;0.0092418054
;US-MO;1962;p90p100;;;;0.3457541764;0.3457541764
;US-MO;1962;p90p91;98090.140625;;;;
;US-MO;1962;p95p96;132772.390625;;;;
;US-MO;1962;p95p100;;;;0.234002158;0.234002158
;US-MO;1962;p99.5p100;412047.375;;;0.0726205036;0.0726205036
;US-MO;1961;p0p100;27907.5859375;;49779904512.0;;
;US-MO;1961;p99p100;311576.34375;;;0.1116457507;0.1116457507
;US-MO;1961;p99.9p100;960227.9375;;;0.0344074182;0.0344074182
;US-MO;1961;p99.99p100;2989035.5;;;0.0107104769;0.0107104769
;US-MO;1961;p90p100;;;;0.3527802825;0.3527802825
;US-MO;1961;p90p91;98452.453125;;;;
;US-MO;1961;p95p96;134843.984375;;;;
;US-MO;1961;p95p100;;;;0.2415902168;0.2415902168
;US-MO;1961;p99.5p100;458640.59375;;;0.0821713135;0.0821713135
;US-MO;1960;p0p100;27322.9824219;;48133718016.0;;
;US-MO;1960;p99p100;283893.84375;;;0.1039029509;0.1039029509
;US-MO;1960;p99.9p100;833242.0625;;;0.0304960124;0.0304960124
;US-MO;1960;p99.99p100;2469931.75;;;0.0090397587;0.0090397587
;US-MO;1960;p90p100;;;;0.3457551003;0.3457551003
;US-MO;1960;p90p91;94470.609375;;;;
;US-MO;1960;p95p96;129067.195312;;;;
;US-MO;1960;p95p100;;;;0.2361879498;0.2361879498
;US-MO;1960;p99.5p100;399114.5;;;0.0730364025;0.0730364025
;US-MO;1959;p0p100;27272.5507812;;48095404032.0;;
;US-MO;1959;p99p100;291312.65625;;;0.1068153158;0.1068153158
;US-MO;1959;p99.9p100;878501.6875;;;0.032211937;0.032211937
;US-MO;1959;p99.99p100;2581967.25;;;0.009467274;0.009467274
;US-MO;1959;p90p100;;;;0.3452843726;0.3452843726
;US-MO;1959;p90p91;94167.8671875;;;;
;US-MO;1959;p95p96;129775.632812;;;;
;US-MO;1959;p95p100;;;;0.2379235029;0.2379235029
;US-MO;1959;p99.5p100;414551.59375;;;0.0760016143;0.0760016143
;US-MO;1958;p0p100;25593.3535156;;45131939840.0;;
;US-MO;1958;p99p100;268632.03125;;;0.1049616486;0.1049616486
;US-MO;1958;p99.9p100;816193.4375;;;0.0318908356;0.0318908356
;US-MO;1958;p99.99p100;2492943.0;;;0.0097405883;0.0097405883
;US-MO;1958;p90p100;;;;0.3429175317;0.3429175317
;US-MO;1958;p90p91;87764.09375;;;;
;US-MO;1958;p95p96;120124.203125;;;;
;US-MO;1958;p95p100;;;;0.2346785218;0.2346785218
;US-MO;1958;p99.5p100;377596.09375;;;0.0737683848;0.0737683848
;US-MO;1957;p0p100;24853.8613281;;43815882752.0;;
;US-MO;1957;p99p100;275546.75;;;0.1108667776;0.1108667776
;US-MO;1957;p99.9p100;826976.0625;;;0.0332735442;0.0332735442
;US-MO;1957;p99.99p100;2349270.0;;;0.0094523337;0.0094523337
;US-MO;1957;p90p100;;;;0.3508145213;0.3508145213
;US-MO;1957;p90p91;87190.953125;;;;
;US-MO;1957;p95p96;120207.820312;;;;
;US-MO;1957;p95p100;;;;0.2418292612;0.2418292612
;US-MO;1957;p99.5p100;392601.15625;;;0.0789819211;0.0789819211
;US-MO;1956;p0p100;25455.6621094;;44792946688.0;;
;US-MO;1956;p99p100;287211.90625;;;0.1128282994;0.1128282994
;US-MO;1956;p99.9p100;924351.6875;;;0.0363122225;0.0363122225
;US-MO;1956;p99.99p100;2859565.0;;;0.0112335123;0.0112335123
;US-MO;1956;p90p100;;;;0.344416976;0.344416976
;US-MO;1956;p90p91;87673.625;;;;
;US-MO;1956;p95p96;123134.828125;;;;
;US-MO;1956;p95p100;;;;0.2418613732;0.2418613732
;US-MO;1956;p99.5p100;413015.59375;;;0.0811245069;0.0811245069
;US-MO;1955;p0p100;25026.3925781;;43959775232.0;;
;US-MO;1955;p99p100;292403.4375;;;0.1168380305;0.1168380305
;US-MO;1955;p99.9p100;942260.625;;;0.0376506746;0.0376506746
;US-MO;1955;p99.99p100;3131595.75;;;0.0125131728;0.0125131728
;US-MO;1955;p90p100;;;;0.3504396677;0.3504396677
;US-MO;1955;p90p91;87702.40625;;;;
;US-MO;1955;p95p96;123426.6875;;;;
;US-MO;1955;p95p100;;;;0.2465930283;0.2465930283
;US-MO;1955;p99.5p100;418029.3125;;;0.083517693;0.083517693
;US-MO;1954;p0p100;23480.2363281;;41165582336.0;;
;US-MO;1954;p99p100;275925.3125;;;0.1175138429;0.1175138429
;US-MO;1954;p99.9p100;855971.0625;;;0.036454957;0.036454957
;US-MO;1954;p99.99p100;2560746.5;;;0.0109059643;0.0109059643
;US-MO;1954;p90p100;;;;0.3549492359;0.3549492359
;US-MO;1954;p90p91;83342.921875;;;;
;US-MO;1954;p95p96;117054.960938;;;;
;US-MO;1954;p95p100;;;;0.2492627203;0.2492627203
;US-MO;1954;p99.5p100;394187.4375;;;0.0839402601;0.0839402601
;US-MO;1953;p0p100;23531.4433594;;41171451904.0;;
;US-MO;1953;p99p100;267321.5;;;0.1136018261;0.1136018261
;US-MO;1953;p99.9p100;772548.0;;;0.0328304544;0.0328304544
;US-MO;1953;p99.99p100;2063954.375;;;0.0087710498;0.0087710498
;US-MO;1953;p90p100;;;;0.3590905964;0.3590905964
;US-MO;1953;p90p91;84499.1953125;;;;
;US-MO;1953;p95p96;116566.171875;;;;
;US-MO;1953;p95p100;;;;0.2476817369;0.2476817369
;US-MO;1953;p99.5p100;374388.375;;;0.0795506611;0.0795506611
;US-MO;1952;p0p100;22627.5859375;;39541506048.0;;
;US-MO;1952;p99p100;263955.4375;;;0.1166520491;0.1166520491
;US-MO;1952;p99.9p100;804844.5625;;;0.0355691724;0.0355691724
;US-MO;1952;p99.99p100;2279472.75;;;0.0100738658;0.0100738658
;US-MO;1952;p90p100;;;;0.3734680116;0.3734680116
;US-MO;1952;p90p91;84506.8046875;;;;
;US-MO;1952;p95p96;111248.015625;;;;
;US-MO;1952;p95p100;;;;0.2458238602;0.2458238602
;US-MO;1952;p99.5p100;376463.4375;;;0.0831868276;0.0831868276
;US-MO;1951;p0p100;22055.2539062;;38464626688.0;;
;US-MO;1951;p99p100;275955.21875;;;0.1251199394;0.1251199394
;US-MO;1951;p99.9p100;853769.875;;;0.0387104973;0.0387104973
;US-MO;1951;p99.99p100;2449066.25;;;0.0111042308;0.0111042308
;US-MO;1951;p90p100;;;;0.3693893552;0.3693893552
;US-MO;1951;p90p91;81469.7578125;;;;
;US-MO;1951;p95p96;114799.734375;;;;
;US-MO;1951;p95p100;;;;0.2602548599;0.2602548599
;US-MO;1951;p99.5p100;395047.1875;;;0.0895585194;0.0895585194
;US-MO;1950;p0p100;21545.2695312;;37498425344.0;;
;US-MO;1950;p99p100;287139.875;;;0.1332727969;0.1332727969
;US-MO;1950;p99.9p100;944018.875;;;0.0438155979;0.0438155979
;US-MO;1950;p99.99p100;2382472.75;;;0.011057985;0.011057985
;US-MO;1950;p90p100;;;;0.3717386425;0.3717386425
;US-MO;1950;p90p91;80092.09375;;;;
;US-MO;1950;p95p96;114464.796875;;;;
;US-MO;1950;p95p100;;;;0.2656378746;0.2656378746
;US-MO;1950;p99.5p100;418020.03125;;;0.0970096961;0.0970096961
;US-MO;1949;p0p100;19584.90625;;33915891712.0;;
;US-MO;1949;p99p100;240277.15625;;;0.1226848587;0.1226848587
;US-MO;1949;p99.9p100;742733.3125;;;0.0379237607;0.0379237607
;US-MO;1949;p99.99p100;2094179.125;;;0.0106928218;0.0106928218
;US-MO;1949;p90p100;;;;0.3715509772;0.3715509772
;US-MO;1949;p90p91;72767.9140625;;;;
;US-MO;1949;p95p96;100807.601562;;;;
;US-MO;1949;p95p100;;;;0.2573604286;0.2573604286
;US-MO;1949;p99.5p100;343543.40625;;;0.087706171;0.087706171
;US-MO;1948;p0p100;20142.1738281;;34808741888.0;;
;US-MO;1948;p99p100;252039.609375;;;0.1251302809;0.1251302809
;US-MO;1948;p99.9p100;785009.0625;;;0.0389733985;0.0389733985
;US-MO;1948;p99.99p100;2133484.75;;;0.0105921272;0.0105921272
;US-MO;1948;p90p100;;;;0.3566652238;0.3566652238
;US-MO;1948;p90p91;71840.140625;;;;
;US-MO;1948;p95p96;103255.820312;;;;
;US-MO;1948;p95p100;;;;0.2563174367;0.2563174367
;US-MO;1948;p99.5p100;362581.5;;;0.0900055468;0.0900055468
;US-MO;1947;p0p100;18855.2265625;;32511936512.0;;
;US-MO;1947;p99p100;248605.375;;;0.131849587;0.131849587
;US-MO;1947;p99.9p100;785509.3125;;;0.0416600332;0.0416600332
;US-MO;1947;p99.99p100;2456841.25;;;0.0130300289;0.0130300289
;US-MO;1947;p90p100;;;;0.3769969046;0.3769969046
;US-MO;1947;p90p91;71083.6171875;;;;
;US-MO;1947;p95p96;101691.71875;;;;
;US-MO;1947;p95p100;;;;0.2696645558;0.2696645558
;US-MO;1947;p99.5p100;357156.59375;;;0.0947102457;0.0947102457
;US-MO;1946;p0p100;19546.8730469;;33556834304.0;;
;US-MO;1946;p99p100;275314.75;;;0.1408484876;0.1408484876
;US-MO;1946;p99.9p100;861482.5625;;;0.0440726541;0.0440726541
;US-MO;1946;p99.99p100;2538594.5;;;0.0129872151;0.0129872151
;US-MO;1946;p90p100;;;;0.3840245306;0.3840245306
;US-MO;1946;p90p91;75064.7890625;;;;
;US-MO;1946;p95p96;109957.398438;;;;
;US-MO;1946;p95p100;;;;0.2812659442;0.2812659442
;US-MO;1946;p99.5p100;395044.9375;;;0.1010506749;0.1010506749
;US-MO;1945;p0p100;18890.59375;;32566466560.0;;
;US-MO;1945;p99p100;252610.234375;;;0.1337227672;0.1337227672
;US-MO;1945;p99.9p100;788265.4375;;;0.041727934;0.041727934
;US-MO;1945;p99.99p100;2119877.75;;;0.0112218698;0.0112218698
;US-MO;1945;p90p100;;;;0.3704559803;0.3704559803
;US-MO;1945;p90p91;69981.3359375;;;;
;US-MO;1945;p95p96;100959.09375;;;;
;US-MO;1945;p95p100;;;;0.2672205567;0.2672205567
;US-MO;1945;p99.5p100;365584.09375;;;0.0967635289;0.0967635289
;US-MO;1944;p0p100;18516.4199219;;32029267968.0;;
;US-MO;1944;p99p100;241382.9375;;;0.130361557;0.130361557
;US-MO;1944;p99.9p100;806513.8125;;;0.0435566828;0.0435566828
;US-MO;1944;p99.99p100;2441386.5;;;0.0131849814;0.0131849814
;US-MO;1944;p90p100;;;;0.3832008541;0.3832008541
;US-MO;1944;p90p91;70955.0859375;;;;
;US-MO;1944;p95p96;98562.5390625;;;;
;US-MO;1944;p95p100;;;;0.2661489844;0.2661489844
;US-MO;1944;p99.5p100;354169.375;;;0.095636569;0.095636569
;US-MO;1943;p0p100;18800.5703125;;32589879296.0;;
;US-MO;1943;p99p100;247435.28125;;;0.1316105127;0.1316105127
;US-MO;1943;p99.9p100;836186.375;;;0.0444766469;0.0444766469
;US-MO;1943;p99.99p100;2269554.5;;;0.0120717324;0.0120717324
;US-MO;1943;p90p100;;;;0.362858355;0.362858355
;US-MO;1943;p90p91;68219.4453125;;;;
;US-MO;1943;p95p96;96399.359375;;;;
;US-MO;1943;p95p100;;;;0.2563734651;0.2563734651
;US-MO;1943;p99.5p100;368267.53125;;;0.097940512;0.097940512
;US-MO;1942;p0p100;16700.3417969;;28953219072.0;;
;US-MO;1942;p99p100;233906.6875;;;0.1400610209;0.1400610209
;US-MO;1942;p99.9p100;796566.9375;;;0.047697641;0.047697641
;US-MO;1942;p99.99p100;2407019.75;;;0.0144129973;0.0144129973
;US-MO;1942;p90p100;;;;0.3812326193;0.3812326193
;US-MO;1942;p90p91;63667.1484375;;;;
;US-MO;1942;p95p96;91195.2734375;;;;
;US-MO;1942;p95p100;;;;0.2730341554;0.2730341554
;US-MO;1942;p99.5p100;347383.34375;;;0.1040048599;0.1040048599
;US-MO;1941;p0p100;14174.8515625;;24646840320.0;;
;US-MO;1941;p99p100;233219.71875;;;0.1645306349;0.1645306349
;US-MO;1941;p99.9p100;804235.75;;;0.0567368045;0.0567368045
;US-MO;1941;p99.99p100;2448838.0;;;0.017275935;0.017275935
;US-MO;1941;p90p100;;;;0.4424328804;0.4424328804
;US-MO;1941;p90p91;62714.1992188;;;;
;US-MO;1941;p95p96;89239.875;;;;
;US-MO;1941;p95p100;;;;0.3147824109;0.3147824109
;US-MO;1941;p99.5p100;347032.625;;;0.1224113926;0.1224113926
;US-MO;1940;p0p100;12034.9296875;;21009094656.0;;
;US-MO;1940;p99p100;211725.359375;;;0.1759257168;0.1759257168
;US-MO;1940;p99.9p100;734277.8125;;;0.0610122196;0.0610122196
;US-MO;1940;p99.99p100;2197172.75;;;0.0182566307;0.0182566307
;US-MO;1940;p90p100;;;;0.4807862043;0.4807862043
;US-MO;1940;p90p91;57862.2851562;;;;
;US-MO;1940;p95p96;82035.21875;;;;
;US-MO;1940;p95p100;;;;0.3408213258;0.3408213258
;US-MO;1940;p99.5p100;314404.3125;;;0.1306215823;0.1306215823
;US-MO;1939;p0p100;11980.1660156;;20624584704.0;;
;US-MO;1939;p99p100;204968.6875;;;0.1710900068;0.1710900068
;US-MO;1939;p99.9p100;707397.125;;;0.0590473525;0.0590473525
;US-MO;1939;p99.99p100;2036703.375;;;0.0170006268;0.0170006268
;US-MO;1939;p90p100;;;;0.4392347336;0.4392347336
;US-MO;1939;p90p91;52621.0546875;;;;
;US-MO;1939;p95p96;80293.2734375;;;;
;US-MO;1939;p95p100;;;;0.3351091743;0.3351091743
;US-MO;1939;p99.5p100;304124.84375;;;0.1269284785;0.1269284785
;US-MO;1938;p0p100;11362.5605469;;19318132736.0;;
;US-MO;1938;p99p100;189069.640625;;;0.16639705;0.16639705
;US-MO;1938;p99.9p100;688765.4375;;;0.0606171004;0.0606171004
;US-MO;1938;p99.99p100;2388606.0;;;0.0210217256;0.0210217256
;US-MO;1938;p90p100;;;;0.4343223274;0.4343223274
;US-MO;1938;p90p91;49350.1367188;;;;
;US-MO;1938;p95p96;73328.7421875;;;;
;US-MO;1938;p95p100;;;;0.3226770759;0.3226770759
;US-MO;1938;p99.5p100;282731.96875;;;0.1244138405;0.1244138405
;US-MO;1937;p0p100;12058.8681641;;20255141888.0;;
;US-MO;1937;p99p100;212117.6875;;;0.1759018153;0.1759018153
;US-MO;1937;p99.9p100;754730.4375;;;0.0625871718;0.0625871718
;US-MO;1937;p99.99p100;2086700.625;;;0.0173042808;0.0173042808
;US-MO;1937;p90p100;;;;0.4323956668;0.4323956668
;US-MO;1937;p90p91;52142.0273438;;;;
;US-MO;1937;p95p96;79494.25;;;;
;US-MO;1937;p95p100;;;;0.3296090662;0.3296090662
;US-MO;1937;p99.5p100;319517.1875;;;0.1324822456;0.1324822456
;US-MO;1936;p0p100;11651.3447266;;19369162752.0;;
;US-MO;1936;p99p100;230415.75;;;0.1977589279;0.1977589279
;US-MO;1936;p99.9p100;831672.625;;;0.071379967;0.071379967
;US-MO;1936;p99.99p100;2366665.75;;;0.0203123819;0.0203123819
;US-MO;1936;p90p100;;;;0.4685706198;0.4685706198
;US-MO;1936;p90p91;54594.7773438;;;;
;US-MO;1936;p95p96;83153.15625;;;;
;US-MO;1936;p95p100;;;;0.3568392992;0.3568392992
;US-MO;1936;p99.5p100;350190.4375;;;0.1502789706;0.1502789706
;US-MO;1935;p0p100;10738.6435547;;17663805440.0;;
;US-MO;1935;p99p100;179643.078125;;;0.167286545;0.167286545
;US-MO;1935;p99.9p100;631556.625;;;0.0588115752;0.0588115752
;US-MO;1935;p99.99p100;1763618.625;;;0.0164231025;0.0164231025
;US-MO;1935;p90p100;;;;0.4371330142;0.4371330142
;US-MO;1935;p90p91;46942.1601562;;;;
;US-MO;1935;p95p96;69224.609375;;;;
;US-MO;1935;p95p100;;;;0.3223153949;0.3223153949
;US-MO;1935;p99.5p100;268290.40625;;;0.1249181777;0.1249181777
;US-MO;1934;p0p100;9553.61816406;;15539926016.0;;
;US-MO;1934;p99p100;162301.984375;;;0.1698853672;0.1698853672
;US-MO;1934;p99.9p100;550423.25;;;0.0576141104;0.0576141104
;US-MO;1934;p99.99p100;1471824.75;;;0.0154059399;0.0154059399
;US-MO;1934;p90p100;;;;0.4596984088;0.4596984088
;US-MO;1934;p90p91;43917.8320312;;;;
;US-MO;1934;p95p96;65326.6445312;;;;
;US-MO;1934;p95p100;;;;0.3418947756;0.3418947756
;US-MO;1934;p99.5p100;239615.625;;;0.125405699;0.125405699
;US-MO;1933;p0p100;9194.32910156;;14798708736.0;;
;US-MO;1933;p99p100;148025.484375;;;0.1609965265;0.1609965265
;US-MO;1933;p99.9p100;530041.9375;;;0.0576487966;0.0576487966
;US-MO;1933;p99.99p100;1553378.0;;;0.0168949571;0.0168949571
;US-MO;1933;p90p100;;;;0.4524202943;0.4524202943
;US-MO;1933;p90p91;41597.0078125;;;;
;US-MO;1933;p95p96;59977.2851562;;;;
;US-MO;1933;p95p100;;;;0.3261645734;0.3261645734
;US-MO;1933;p99.5p100;219333.78125;;;0.1192766652;0.1192766652
;US-MO;1932;p0p100;9674.49511719;;15415230464.0;;
;US-MO;1932;p99p100;150167.0;;;0.1552194506;0.1552194506
;US-MO;1932;p99.9p100;528560.5625;;;0.0546344332;0.0546344332
;US-MO;1932;p99.99p100;1559611.875;;;0.0161208585;0.0161208585
;US-MO;1932;p90p100;;;;0.4578936398;0.4578936398
;US-MO;1932;p90p91;44298.9023438;;;;
;US-MO;1932;p95p96;62741.0859375;;;;
;US-MO;1932;p95p100;;;;0.3242602348;0.3242602348
;US-MO;1932;p99.5p100;220110.828125;;;0.1137582883;0.1137582883
;US-MO;1931;p0p100;11579.0117188;;18255417344.0;;
;US-MO;1931;p99p100;173921.09375;;;0.1502037495;0.1502037495
;US-MO;1931;p99.9p100;593678.5625;;;0.0512719564;0.0512719564
;US-MO;1931;p99.99p100;1814555.75;;;0.0156710763;0.0156710763
;US-MO;1931;p90p100;;;;0.4174138904;0.4174138904
;US-MO;1931;p90p91;48332.40625;;;;
;US-MO;1931;p95p96;68420.234375;;;;
;US-MO;1931;p95p100;;;;0.2954493761;0.2954493761
;US-MO;1931;p99.5p100;255518.78125;;;0.1103370339;0.1103370339
;US-MO;1930;p0p100;12334.2802734;;19215751168.0;;
;US-MO;1930;p99p100;206774.859375;;;0.1676424146;0.1676424146
;US-MO;1930;p99.9p100;746455.0;;;0.0605187304;0.0605187304
;US-MO;1930;p99.99p100;2374335.75;;;0.0192498919;0.0192498919
;US-MO;1930;p90p100;;;;0.4071007371;0.4071007371
;US-MO;1930;p90p91;50212.9492188;;;;
;US-MO;1930;p95p96;75976.59375;;;;
;US-MO;1930;p95p100;;;;0.3079895973;0.3079895973
;US-MO;1930;p99.5p100;309919.5;;;0.1256333888;0.1256333888
;US-MO;1929;p0p100;13746.2539062;;21311854592.0;;
;US-MO;1929;p99p100;272766.34375;;;0.1984295845;0.1984295845
;US-MO;1929;p99.9p100;1162087.125;;;0.0845384523;0.0845384523
;US-MO;1929;p99.99p100;4635780.0;;;0.0337239504;0.0337239504
;US-MO;1929;p90p100;;;;0.4217929542;0.4217929542
;US-MO;1929;p90p91;57980.734375;;;;
;US-MO;1929;p95p96;91988.5859375;;;;
;US-MO;1929;p95p100;;;;0.3345950842;0.3345950842
;US-MO;1929;p99.5p100;426889.875;;;0.1552749872;0.1552749872
;US-MO;1928;p0p100;12719.8642578;;19629133824.0;;
;US-MO;1928;p99p100;278995.34375;;;0.2193382978;0.2193382978
;US-MO;1928;p99.9p100;1184710.0;;;0.0931385681;0.0931385681
;US-MO;1928;p99.99p100;4629675.5;;;0.0363972075;0.0363972075
;US-MO;1928;p90p100;;;;0.4611860812;0.4611860812
;US-MO;1928;p90p91;58662.2460938;;;;
;US-MO;1928;p95p96;93214.375;;;;
;US-MO;1928;p95p100;;;;0.3664126396;0.3664126396
;US-MO;1928;p99.5p100;438646.0625;;;0.1724255979;0.1724255979
;US-MO;1927;p0p100;11878.4599609;;18208700416.0;;
;US-MO;1927;p99p100;239042.078125;;;0.2012399733;0.2012399733
;US-MO;1927;p99.9p100;924627.6875;;;0.0778407082;0.0778407082
;US-MO;1927;p99.99p100;3075027.25;;;0.0258874241;0.0258874241
;US-MO;1927;p90p100;;;;0.446115762;0.446115762
;US-MO;1927;p90p91;52991.6757812;;;;
;US-MO;1927;p95p96;83110.1171875;;;;
;US-MO;1927;p95p100;;;;0.3498354256;0.3498354256
;US-MO;1927;p99.5p100;366553.59375;;;0.154293403;0.154293403
;US-MO;1926;p0p100;12093.6679688;;18384769024.0;;
;US-MO;1926;p99p100;233326.953125;;;0.1929331422;0.1929331422
;US-MO;1926;p99.9p100;898451.1875;;;0.0742910355;0.0742910355
;US-MO;1926;p99.99p100;2902813.25;;;0.0240027532;0.0240027532
;US-MO;1926;p90p100;;;;0.4390405715;0.4390405715
;US-MO;1926;p90p91;53096.109375;;;;
;US-MO;1926;p95p96;82744.234375;;;;
;US-MO;1926;p95p100;;;;0.342097342;0.342097342
;US-MO;1926;p99.5p100;357015.3125;;;0.1476042271;0.1476042271
;US-MO;1925;p0p100;12404.2578125;;18706176000.0;;
;US-MO;1925;p99p100;238962.703125;;;0.1926457137;0.1926457137
;US-MO;1925;p99.9p100;964747.25;;;0.0777754933;0.0777754933
;US-MO;1925;p99.99p100;3634231.0;;;0.0292982534;0.0292982534
;US-MO;1925;p90p100;;;;0.4427808523;0.4427808523
;US-MO;1925;p90p91;54923.6796875;;;;
;US-MO;1925;p95p96;84598.359375;;;;
;US-MO;1925;p95p100;;;;0.3410053253;0.3410053253
;US-MO;1925;p99.5p100;370129.125;;;0.1491943896;0.1491943896
;US-MO;1924;p0p100;11779.8496094;;17594058752.0;;
;US-MO;1924;p99p100;198221.03125;;;0.1682712734;0.1682712734
;US-MO;1924;p99.9p100;699451.3125;;;0.0593769327;0.0593769327
;US-MO;1924;p99.99p100;1962457.125;;;0.0166594423;0.0166594423
;US-MO;1924;p90p100;;;;0.455189079;0.455189079
;US-MO;1924;p90p91;53620.5898438;;;;
;US-MO;1924;p95p96;77225.890625;;;;
;US-MO;1924;p95p100;;;;0.3277880847;0.3277880847
;US-MO;1924;p99.5p100;297897.625;;;0.1264437288;0.1264437288
;US-MO;1923;p0p100;11481.7998047;;16911993856.0;;
;US-MO;1923;p99p100;182022.15625;;;0.15853104;0.15853104
;US-MO;1923;p99.9p100;631342.375;;;0.0549863577;0.0549863577
;US-MO;1923;p99.99p100;1703820.375;;;0.0148393139;0.0148393139
;US-MO;1923;p90p100;;;;0.4379305542;0.4379305542
;US-MO;1923;p90p91;50282.3085938;;;;
;US-MO;1923;p95p96;72034.0625;;;;
;US-MO;1923;p95p100;;;;0.31368801;0.31368801
;US-MO;1923;p99.5p100;271787.5625;;;0.1183558181;0.1183558181
;US-MO;1922;p0p100;10488.1152344;;15264379904.0;;
;US-MO;1922;p99p100;177495.859375;;;0.1692352295;0.1692352295
;US-MO;1922;p99.9p100;611161.0;;;0.0582717657;0.0582717657
;US-MO;1922;p99.99p100;1547516.625;;;0.0147549547;0.0147549547
;US-MO;1922;p90p100;;;;0.4498335719;0.4498335719
;US-MO;1922;p90p91;47179.0664062;;;;
;US-MO;1922;p95p96;68977.4609375;;;;
;US-MO;1922;p95p100;;;;0.328836292;0.328836292
;US-MO;1922;p99.5p100;265218.21875;;;0.1264375001;0.1264375001
;US-MO;1921;p0p100;9334.1484375;;13465837568.0;;
;US-MO;1921;p99p100;147631.546875;;;0.1581628621;0.1581628621
;US-MO;1921;p99.9p100;485682.5;;;0.0520328656;0.0520328656
;US-MO;1921;p99.99p100;1240277.75;;;0.0132875312;0.0132875312
;US-MO;1921;p90p100;;;;0.4484095573;0.4484095573
;US-MO;1921;p90p91;41855.2109375;;;;
;US-MO;1921;p95p96;59695.4882812;;;;
;US-MO;1921;p95p100;;;;0.3197693527;0.3197693527
;US-MO;1921;p99.5p100;217219.609375;;;0.1163574904;0.1163574904
;US-MO;1920;p0p100;9122.09863281;;12971858944.0;;
;US-MO;1920;p99p100;157518.96875;;;0.1726784259;0.1726784259
;US-MO;1920;p99.9p100;523731.03125;;;0.0574134365;0.0574134365
;US-MO;1920;p99.99p100;1329519.125;;;0.0145747084;0.0145747084
;US-MO;1920;p90p100;;;;0.4506653547;0.4506653547
;US-MO;1920;p90p91;41110.1367188;;;;
;US-MO;1920;p95p96;60410.171875;;;;
;US-MO;1920;p95p100;;;;0.3311199248;0.3311199248
;US-MO;1920;p99.5p100;232762.078125;;;0.1275814325;0.1275814325
;US-MO;1919;p0p100;10277.5322266;;14441156608.0;;
;US-MO;1919;p99p100;179296.5;;;0.1744548082;0.1744548082
;US-MO;1919;p99.9p100;631521.3125;;;0.0614467822;0.0614467822
;US-MO;1919;p99.99p100;1671634.625;;;0.0162649397;0.0162649397
;US-MO;1919;p90p100;;;;0.4332009256;0.4332009256
;US-MO;1919;p90p91;44522.3710938;;;;
;US-MO;1919;p95p96;69376.4609375;;;;
;US-MO;1919;p95p100;;;;0.3375151455;0.3375151455
;US-MO;1919;p99.5p100;267335.71875;;;0.1300583184;0.1300583184
;US-MO;1918;p0p100;11131.9667969;;15546043392.0;;
;US-MO;1918;p99p100;182408.59375;;;0.1638601571;0.1638601571
;US-MO;1918;p99.9p100;653813.0;;;0.0587329306;0.0587329306
;US-MO;1918;p99.99p100;1787093.125;;;0.0160537045;0.0160537045
;US-MO;1918;p90p100;;;;0.4187934697;0.4187934697
;US-MO;1918;p90p91;46619.9492188;;;;
;US-MO;1918;p95p96;71708.6328125;;;;
;US-MO;1918;p95p100;;;;0.3220843077;0.3220843077
;US-MO;1918;p99.5p100;272969.5;;;0.1226061434;0.1226061434
;US-MO;1917;p0p100;12167.8886719;;17111425024.0;;
