Variable Name;.;.;.;Fiscal income  | tax unit | Average | Adults | constant 2015 local currency;Fiscal income  | tax unit | Threshold | Adults | constant 2015 local currency;Fiscal income  | tax unit | Total | Adults | constant 2015 local currency;Fiscal income  | tax unit | Share | Adults | share of total (ratio);Pre-tax national income  | tax unit | Share | Adults | share of total (ratio)
Variable Category;.;.;.;Income inequality;Income inequality;Income inequality;Income inequality;Income inequality
Variable Description;.;.;.;Average Fiscal income within a given percentile group. Fiscal income is defined as the sum of all income items reported on income tax returns, before any deduction. It includes labour income, capital income and mixed income. The concept of fiscal income varies with national tax legislations, so in order to make international comparisons it is preferable to use the concept of national income. The population is comprised of individuals over age 20. The base unit is the tax unit defined by national fiscal administrations to measure personal income taxes.;Fiscal income threshold value at a given percentile.  Fiscal income is defined as the sum of all income items reported on income tax returns, before any deduction. It includes labour income, capital income and mixed income. The concept of fiscal income varies with national tax legislations, so in order to make international comparisons it is preferable to use the concept of national income. The population is comprised of individuals over age 20. The base unit is the tax unit defined by national fiscal administrations to measure personal income taxes.;Total Fiscal income  within a given percentile group. Fiscal income is defined as the sum of all income items reported on income tax returns, before any deduction. It includes labour income, capital income and mixed income. The concept of fiscal income varies with national tax legislations, so in order to make international comparisons it is preferable to use the concept of national income. The population is comprised of individuals over age 20.;Fiscal income share held by a given percentile group. Fiscal income is defined as the sum of all income items reported on income tax returns, before any deduction. It includes labour income, capital income and mixed income. The concept of fiscal income varies with national tax legislations, so in order to make international comparisons it is preferable to use the concept of national income. The population is comprised of individuals over age 20. The base unit is the tax unit defined by national fiscal administrations to measure personal income taxes.;Pre-tax national income share held by a given percentile group. Pre-tax national income  is the sum of all pre-tax personal income flows accruing to the owners of the production factors, labor and capital, before taking into account the operation of the tax/transfer system, but after taking into account the operation of pension system. The central difference between personal factor income and pre-tax income is the treatment of pensions, which are counted on a contribution basis by factor income and on a distribution basis by pre-tax income. The population is comprised of individuals over age 20. The base unit is the tax unit defined by national fiscal administrations to measure personal income taxes.
Variable Decomposition;.;.;.;[Fiscal income ]=[Fiscal labour income ]+[Fiscal capital income ];[Fiscal income ]=[Fiscal labour income ]+[Fiscal capital income ];[Fiscal income ]=[Fiscal labour income ]+[Fiscal capital income ];[Fiscal income ]=[Fiscal labour income ]+[Fiscal capital income ];Pre-tax national income =Pre-tax labor income [total pre-tax income ranking]+Pre-tax capital income [total pre-tax income ranking]
Variable Unit;.;.;.;"USD; United States dollar | local currency | market";"USD; United States dollar | local currency | market";"USD; United States dollar | local currency | market";share;share
Methodological Notes;.;.;.;;;;;Assuming the same distribution as fiscal income.
Sources;.;.;.;Frank, Sommeiller, Price & Saez (2015);Frank, Sommeiller, Price & Saez (2015);Frank, Sommeiller, Price & Saez (2015);Frank, Sommeiller, Price & Saez (2015);WID.world computations using: Frank, Sommeiller, Price & Saez (2015)
Variable Code;country;year;perc;afiinc992t;tfiinc992t;mfiinc992t;sfiinc992t;sptinc992t
;US-NH;2014;p0p100;71068.6953125;;49814196224.0;;
;US-NH;2014;p99p100;;401698.25;;0.1581790894;0.1581790894
;US-NH;2014;p99.9p100;;1711347.0;;0.0725676492;0.0725676492
;US-NH;2014;p99.99p100;;8066775.5;;0.0330184624;0.0330184624
;US-NH;2014;p90p100;;132311.890625;;0.4144828618;0.4144828618
;US-NH;2014;p90p91;298401.75;;;;
;US-NH;2014;p95p96;438888.40625;;;;
;US-NH;2014;p90p95;157915.09375;132311.890625;;0.1085056886;0.1085056886
;US-NH;2014;p95p99;264432.15625;194603.9375;;0.147729829;0.147729829
;US-NH;2014;p99.5p99.9;914573.3125;628854.625;;0.0513087884;0.0513087884
;US-NH;2014;p99.9p99.99;3077376.0;1711347.0;;0.0396805033;0.0396805033
;US-NH;2014;p99p99.5;493913.3125;401698.25;;0.0343374163;0.0343374163
;US-NH;2014;p95p100;;194603.9375;;0.3058549464;0.3058549464
;US-NH;2014;p0p90;45809.4648438;;;0.5854192972;0.5854192972
;US-NH;2014;p0p99;60304.6054688;;;0.8418208957;0.8418208957
;US-NH;2014;p99.5p100;;628854.625;;0.1238387972;0.1238387972
;US-NH;2014;p99.5p99.6;1779513.625;;;;
;US-NH;2014;p99.99p99.991;24696368.0;;;;
;US-NH;2014;p99.9p99.91;5239275.0;;;;
;US-NH;2014;p99p99.1;1136713.5;;;;
;US-NH;2013;p0p100;70750.1171875;;48050421760.0;;
;US-NH;2013;p99p100;;375532.46875;;0.14707385;0.14707385
;US-NH;2013;p99.9p100;;1553369.5;;0.0676001757;0.0676001757
;US-NH;2013;p99.99p100;;7434200.0;;0.0319276489;0.0319276489
;US-NH;2013;p90p100;;129751.53125;;0.3964808285;0.3964808285
;US-NH;2013;p90p91;286503.75;;;;
;US-NH;2013;p95p96;418629.8125;;;;
;US-NH;2013;p90p95;154377.703125;129751.53125;;0.1051303223;0.1051303223
;US-NH;2013;p95p99;259481.359375;189588.640625;;0.1441037357;0.1441037357
;US-NH;2013;p99.5p99.9;847944.875;586877.0;;0.0471458025;0.0471458025
;US-NH;2013;p99.9p99.99;2811968.5;1553369.5;;0.0356746763;0.0356746763
;US-NH;2013;p99p99.5;461358.25;375532.46875;;0.0323367976;0.0323367976
;US-NH;2013;p95p100;;189588.640625;;0.2912271023;0.2912271023
;US-NH;2013;p0p90;46777.4921875;;;0.6036810279;0.6036810279
;US-NH;2013;p0p99;60805.9414062;;;0.8529261351;0.8529261351
;US-NH;2013;p99.5p100;;586877.0;;0.1147476882;0.1147476882
;US-NH;2013;p99.5p99.6;1649088.875;;;;
;US-NH;2013;p99.99p99.991;23228932.0;;;;
;US-NH;2013;p99.9p99.91;4853665.0;;;;
;US-NH;2013;p99p99.1;1055223.625;;;;
;US-NH;2012;p0p100;68096.671875;;46909288448.0;;
;US-NH;2012;p99p100;1215964.125;;;0.1785643995;0.1785643995
;US-NH;2012;p99.9p100;6104459.5;;;0.0896440223;0.0896440223
;US-NH;2012;p99.99p100;29806200.0;;;0.0437704213;0.0437704213
;US-NH;2012;p90p100;;;;0.4281150997;0.4281150997
;US-NH;2012;p90p91;291532.125;;;;
;US-NH;2012;p95p96;444131.9375;;;;
;US-NH;2012;p95p100;;;;0.3261040151;0.3261040151
;US-NH;2012;p99.5p100;1954440.75;;;0.1435048729;0.1435048729
;US-NH;2011;p0p100;64626.6210938;;44530970624.0;;
;US-NH;2011;p99p100;1084003.625;;;0.1677332968;0.1677332968
;US-NH;2011;p99.9p100;5435763.5;;;0.0841102824;0.0841102824
;US-NH;2011;p99.99p100;27640390.0;;;0.0427693576;0.0427693576
;US-NH;2011;p90p100;;;;0.4369359016;0.4369359016
;US-NH;2011;p90p91;282376.90625;;;;
;US-NH;2011;p95p96;411278.0625;;;;
;US-NH;2011;p95p100;;;;0.3181955516;0.3181955516
;US-NH;2011;p99.5p100;1735322.125;;;0.1342575401;0.1342575401
;US-NH;2010;p0p100;64284.2226562;;43889934336.0;;
;US-NH;2010;p99p100;1128384.375;;;0.1755305231;0.1755305231
;US-NH;2010;p99.9p100;6056180.0;;;0.0942094252;0.0942094252
;US-NH;2010;p99.99p100;34754064.0;;;0.0540631302;0.0540631302
;US-NH;2010;p90p100;;;;0.4429051578;0.4429051578
;US-NH;2010;p90p91;284718.15625;;;;
;US-NH;2010;p95p96;417701.375;;;;
;US-NH;2010;p95p100;;;;0.3248863816;0.3248863816
;US-NH;2010;p99.5p100;1836286.625;;;0.1428256035;0.1428256035
;US-NH;2009;p0p100;62132.390625;;41933688832.0;;
;US-NH;2009;p99p100;952312.75;;;0.1532715559;0.1532715559
;US-NH;2009;p99.9p100;4078719.75;;;0.0656456277;0.0656456277
;US-NH;2009;p99.99p100;17912884.0;;;0.0288301874;0.0288301874
;US-NH;2009;p90p100;;;;0.4232344925;0.4232344925
;US-NH;2009;p90p91;262965.71875;;;;
;US-NH;2009;p95p96;375683.40625;;;;
;US-NH;2009;p95p100;;;;0.3023249507;0.3023249507
;US-NH;2009;p99.5p100;1458082.25;;;0.1173367351;0.1173367351
;US-NH;2008;p0p100;66992.953125;;44871057408.0;;
;US-NH;2008;p99p100;1112588.25;;;0.1660754085;0.1660754085
;US-NH;2008;p99.9p100;4948773.0;;;0.0738700554;0.0738700554
;US-NH;2008;p99.99p100;21458938.0;;;0.0320316367;0.0320316367
;US-NH;2008;p90p100;;;;0.4287074506;0.4287074506
;US-NH;2008;p90p91;287203.78125;;;;
;US-NH;2008;p95p96;418970.375;;;;
;US-NH;2008;p95p100;;;;0.312697351;0.312697351
;US-NH;2008;p99.5p100;1733489.625;;;0.1293784976;0.1293784976
;US-NH;2007;p0p100;72573.328125;;48605200384.0;;
;US-NH;2007;p99p100;1415148.875;;;0.1949957311;0.1949957311
;US-NH;2007;p99.9p100;6708859.0;;;0.0924424827;0.0924424827
;US-NH;2007;p99.99p100;29945026.0;;;0.0412617512;0.0412617512
;US-NH;2007;p90p100;;;;0.4529184997;0.4529184997
;US-NH;2007;p90p91;328698.03125;;;;
;US-NH;2007;p95p96;498257.0;;;;
;US-NH;2007;p95p100;;;;0.3432783186;0.3432783186
;US-NH;2007;p99.5p100;2259031.25;;;0.1556378454;0.1556378454
;US-NH;2006;p0p100;70400.34375;;46852759552.0;;
;US-NH;2006;p99p100;1361066.5;;;0.1933323443;0.1933323443
;US-NH;2006;p99.9p100;6439192.5;;;0.091465354;0.091465354
;US-NH;2006;p99.99p100;28270398.0;;;0.0401566178;0.0401566178
;US-NH;2006;p90p100;;;;0.4497771263;0.4497771263
;US-NH;2006;p90p91;316644.625;;;;
;US-NH;2006;p95p96;477215.65625;;;;
;US-NH;2006;p95p100;;;;0.3389299214;0.3389299214
;US-NH;2006;p99.5p100;2173516.25;;;0.1543683112;0.1543683112
;US-NH;2005;p0p100;68108.265625;;45019648000.0;;
;US-NH;2005;p99p100;1225090.875;;;0.1798740476;0.1798740476
;US-NH;2005;p99.9p100;5546042.0;;;0.0814297944;0.0814297944
;US-NH;2005;p99.99p100;23387636.0;;;0.0343389064;0.0343389064
;US-NH;2005;p90p100;;;;0.4386326075;0.4386326075
;US-NH;2005;p90p91;298745.0625;;;;
;US-NH;2005;p95p96;446051.09375;;;;
;US-NH;2005;p95p100;;;;0.3274573684;0.3274573684
;US-NH;2005;p99.5p100;1926850.75;;;0.1414549798;0.1414549798
;US-NH;2004;p0p100;66782.6328125;;43372826624.0;;
;US-NH;2004;p99p100;1105082.75;;;0.1654745936;0.1654745936
;US-NH;2004;p99.9p100;4845105.5;;;0.0725503936;0.0725503936
;US-NH;2004;p99.99p100;20337300.0;;;0.0304529835;0.0304529835
;US-NH;2004;p90p100;;;;0.423736304;0.423736304
;US-NH;2004;p90p91;282982.21875;;;;
;US-NH;2004;p95p96;416106.53125;;;;
;US-NH;2004;p95p100;;;;0.3115380406;0.3115380406
;US-NH;2004;p99.5p100;1714897.5;;;0.1283939928;0.1283939928
;US-NH;2003;p0p100;64770.734375;;40549478400.0;;
;US-NH;2003;p99p100;936293.5625;;;0.1445550323;0.1445550323
;US-NH;2003;p99.9p100;3820709.25;;;0.0589882024;0.0589882024
;US-NH;2003;p99.99p100;15419285.0;;;0.0238059442;0.0238059442
;US-NH;2003;p90p100;;;;0.402824223;0.402824223
;US-NH;2003;p90p91;260912.203125;;;;
;US-NH;2003;p95p96;367885.25;;;;
;US-NH;2003;p95p100;;;;0.2839903533;0.2839903533
;US-NH;2003;p99.5p100;1419266.375;;;0.1095607728;0.1095607728
;US-NH;2002;p0p100;61506.9179688;;40301801472.0;;
;US-NH;2002;p99p100;867834.5;;;0.1410954297;0.1410954297
;US-NH;2002;p99.9p100;3419843.75;;;0.0556009598;0.0556009598
;US-NH;2002;p99.99p100;13251275.0;;;0.0215443652;0.0215443652
;US-NH;2002;p90p100;;;;0.4069465995;0.4069465995
;US-NH;2002;p90p91;250300.296875;;;;
;US-NH;2002;p95p96;347387.3125;;;;
;US-NH;2002;p95p100;;;;0.2823969126;0.2823969126
;US-NH;2002;p99.5p100;1302228.5;;;0.1058603227;0.1058603227
;US-NH;2001;p0p100;65583.84375;;41589633024.0;;
;US-NH;2001;p99p100;1031163.0;;;0.1572282165;0.1572282165
;US-NH;2001;p99.9p100;4459762.0;;;0.068000935;0.068000935
;US-NH;2001;p99.99p100;18334310.0;;;0.0279555321;0.0279555321
;US-NH;2001;p90p100;;;;0.420987308;0.420987308
;US-NH;2001;p90p91;276099.625;;;;
;US-NH;2001;p95p96;401183.34375;;;;
;US-NH;2001;p95p100;;;;0.305855304;0.305855304
;US-NH;2001;p99.5p100;1592564.0;;;0.1214143559;0.1214143559
;US-NH;2000;p0p100;73468.3515625;;43832721408.0;;
;US-NH;2000;p99p100;1629065.5;;;0.2217370272;0.2217370272
;US-NH;2000;p99.9p100;8441415.0;;;0.1148986593;0.1148986593
;US-NH;2000;p99.99p100;40591944.0;;;0.0552509278;0.0552509278
;US-NH;2000;p90p100;;;;0.4807239473;0.4807239473
;US-NH;2000;p90p91;353179.9375;;;;
;US-NH;2000;p95p96;546382.875;;;;
;US-NH;2000;p95p100;;;;0.3718491197;0.3718491197
;US-NH;2000;p99.5p100;2661867.75;;;0.1811574548;0.1811574548
;US-NH;1999;p0p100;70253.15625;;40347422720.0;;
;US-NH;1999;p99p100;1322658.375;;;0.1882703006;0.1882703006
;US-NH;1999;p99.9p100;6375847.0;;;0.0907553136;0.0907553136
;US-NH;1999;p99.99p100;28046908.0;;;0.0399226323;0.0399226323
;US-NH;1999;p90p100;;;;0.4464307427;0.4464307427
;US-NH;1999;p90p91;313631.65625;;;;
;US-NH;1999;p95p96;471564.15625;;;;
;US-NH;1999;p95p100;;;;0.3356177807;0.3356177807
;US-NH;1999;p99.5p100;2117613.25;;;0.1507130414;0.1507130414
;US-NH;1998;p0p100;64787.3984375;;37452206080.0;;
;US-NH;1998;p99p100;1158502.875;;;0.178816095;0.178816095
;US-NH;1998;p99.9p100;5636662.0;;;0.0870024487;0.0870024487
;US-NH;1998;p99.99p100;25667176.0;;;0.0396175422;0.0396175422
;US-NH;1998;p90p100;;;;0.4360947609;0.4360947609
;US-NH;1998;p90p91;282534.46875;;;;
;US-NH;1998;p95p96;418671.71875;;;;
;US-NH;1998;p95p100;;;;0.323112011;0.323112011
;US-NH;1998;p99.5p100;1860163.125;;;0.1435590237;0.1435590237
;US-NH;1997;p0p100;59774.1796875;;34224558080.0;;
;US-NH;1997;p99p100;1064328.75;;;0.1780582815;0.1780582815
;US-NH;1997;p99.9p100;5151469.0;;;0.0861821771;0.0861821771
;US-NH;1997;p99.99p100;23624346.0;;;0.039522659;0.039522659
;US-NH;1997;p90p100;;;;0.4389494359;0.4389494359
;US-NH;1997;p90p91;262378.40625;;;;
;US-NH;1997;p95p96;387462.375;;;;
;US-NH;1997;p95p100;;;;0.3241051137;0.3241051137
;US-NH;1997;p99.5p100;1704201.5;;;0.1425533146;0.1425533146
;US-NH;1996;p0p100;57881.46875;;32416456704.0;;
;US-NH;1996;p99p100;871281.875;;;0.1505286545;0.1505286545
;US-NH;1996;p99.9p100;3787879.25;;;0.0654420108;0.0654420108
;US-NH;1996;p99.99p100;16031428.0;;;0.0276969969;0.0276969969
;US-NH;1996;p90p100;;;;0.4034461081;0.4034461081
;US-NH;1996;p90p91;233520.515625;;;;
;US-NH;1996;p95p96;336598.59375;;;;
;US-NH;1996;p95p100;;;;0.2907654345;0.2907654345
;US-NH;1996;p99.5p100;1348651.625;;;0.1165011674;0.1165011674
;US-NH;1995;p0p100;53375.484375;;29484693504.0;;
;US-NH;1995;p99p100;739066.6875;;;0.1384655833;0.1384655833
;US-NH;1995;p99.9p100;2993510.0;;;0.0560839884;0.0560839884
;US-NH;1995;p99.99p100;11812249.0;;;0.0221304782;0.0221304782
;US-NH;1995;p90p100;;;;0.3983797431;0.3983797431
;US-NH;1995;p90p91;212637.125;;;;
;US-NH;1995;p95p96;300508.71875;;;;
;US-NH;1995;p95p100;;;;0.2815044522;0.2815044522
;US-NH;1995;p99.5p100;1120676.5;;;0.1049804538;0.1049804538
;US-NH;1994;p0p100;50968.671875;;27923064832.0;;
;US-NH;1994;p99p100;657412.0;;;0.1289835572;0.1289835572
;US-NH;1994;p99.9p100;2623043.0;;;0.0514638312;0.0514638312
;US-NH;1994;p99.99p100;10505399.0;;;0.0206114836;0.0206114836
;US-NH;1994;p90p100;;;;0.3855935931;0.3855935931
;US-NH;1994;p90p91;196531.921875;;;;
;US-NH;1994;p95p96;273876.6875;;;;
;US-NH;1994;p95p100;;;;0.268671602;0.268671602
;US-NH;1994;p99.5p100;990349.9375;;;0.0971528143;0.0971528143
;US-NH;1993;p0p100;49996.6757812;;27041845248.0;;
;US-NH;1993;p99p100;677243.3125;;;0.1354576647;0.1354576647
;US-NH;1993;p99.9p100;2887227.0;;;0.0577483736;0.0577483736
;US-NH;1993;p99.99p100;12369065.0;;;0.0247397739;0.0247397739
;US-NH;1993;p90p100;;;;0.391939193;0.391939193
;US-NH;1993;p90p91;195956.578125;;;;
;US-NH;1993;p95p96;274605.28125;;;;
;US-NH;1993;p95p100;;;;0.274623543;0.274623543
;US-NH;1993;p99.5p100;1043168.8125;;;0.1043238044;0.1043238044
;US-NH;1992;p0p100;50017.2070312;;26904860672.0;;
;US-NH;1992;p99p100;688275.5625;;;0.1376077533;0.1376077533
;US-NH;1992;p99.9p100;3043908.5;;;0.0608572215;0.0608572215
;US-NH;1992;p99.99p100;13371604.0;;;0.0267340057;0.0267340057
;US-NH;1992;p90p100;;;;0.3939676881;0.3939676881
;US-NH;1992;p90p91;197051.640625;;;;
;US-NH;1992;p95p96;274487.15625;;;;
;US-NH;1992;p95p100;;;;0.274392724;0.274392724
;US-NH;1992;p99.5p100;1074140.25;;;0.1073770672;0.1073770672
;US-NH;1991;p0p100;49697.7226562;;26537127936.0;;
;US-NH;1991;p99p100;606135.1875;;;0.1219643876;0.1219643876
;US-NH;1991;p99.9p100;2490698.0;;;0.0501169451;0.0501169451
;US-NH;1991;p99.99p100;10197185.0;;;0.0205184165;0.0205184165
;US-NH;1991;p90p100;;;;0.3754430413;0.3754430413
;US-NH;1991;p90p91;186586.640625;;;;
;US-NH;1991;p95p96;256330.46875;;;;
;US-NH;1991;p95p100;;;;0.257889539;0.257889539
;US-NH;1991;p99.5p100;925122.4375;;;0.0930749327;0.0930749327
;US-NH;1990;p0p100;51519.0820312;;27596498944.0;;
;US-NH;1990;p99p100;654016.5625;;;0.1269464791;0.1269464791
;US-NH;1990;p99.9p100;2789412.5;;;0.054143291;0.054143291
;US-NH;1990;p99.99p100;11726415.0;;;0.0227613039;0.0227613039
;US-NH;1990;p90p100;;;;0.3707254231;0.3707254231
;US-NH;1990;p90p91;190994.328125;;;;
;US-NH;1990;p95p96;267192.78125;;;;
;US-NH;1990;p95p100;;;;0.259314388;0.259314388
;US-NH;1990;p99.5p100;1013588.625;;;0.0983702168;0.0983702168
;US-NH;1989;p0p100;54128.4414062;;28951652352.0;;
;US-NH;1989;p99p100;684677.0625;;;0.1264911741;0.1264911741
;US-NH;1989;p99.9p100;2648712.75;;;0.048933845;0.048933845
;US-NH;1989;p99.99p100;10123404.0;;;0.0187025592;0.0187025592
;US-NH;1989;p90p100;;;;0.3746895194;0.3746895194
;US-NH;1989;p90p91;202813.59375;;;;
;US-NH;1989;p95p96;283018.15625;;;;
;US-NH;1989;p95p100;;;;0.2614320219;0.2614320219
;US-NH;1989;p99.5p100;1025987.1875;;;0.0947733894;0.0947733894
;US-NH;1988;p0p100;56819.171875;;28923039744.0;;
;US-NH;1988;p99p100;812581.4375;;;0.1430118382;0.1430118382
;US-NH;1988;p99.9p100;3443202.25;;;0.0605993047;0.0605993047
;US-NH;1988;p99.99p100;13997977.0;;;0.0246360097;0.0246360097
;US-NH;1988;p90p100;;;;0.3883887827;0.3883887827
;US-NH;1988;p90p91;220679.296875;;;;
;US-NH;1988;p95p96;314840.78125;;;;
;US-NH;1988;p95p100;;;;0.2770550549;0.2770550549
;US-NH;1988;p99.5p100;1255027.0;;;0.1104404479;0.1104404479
;US-NH;1987;p0p100;53591.40625;;26521016320.0;;
;US-NH;1987;p99p100;628323.0625;;;0.1172432527;0.1172432527
;US-NH;1987;p99.9p100;2363502.5;;;0.0441022664;0.0441022664
;US-NH;1987;p99.99p100;8948487.0;;;0.0166976154;0.0166976154
;US-NH;1987;p90p100;;;;0.3642446101;0.3642446101
;US-NH;1987;p90p91;195203.796875;;;;
;US-NH;1987;p95p96;268618.71875;;;;
;US-NH;1987;p95p100;;;;0.2506173253;0.2506173253
;US-NH;1987;p99.5p100;929785.4375;;;0.0867476314;0.0867476314
;US-NH;1986;p0p100;54714.546875;;25903177728.0;;
;US-NH;1986;p99p100;840844.875;;;0.1536784917;0.1536784917
;US-NH;1986;p99.9p100;3898540.25;;;0.0712523609;0.0712523609
;US-NH;1986;p99.99p100;17580830.0;;;0.032131914;0.032131914
;US-NH;1986;p90p100;;;;0.3932853937;0.3932853937
;US-NH;1986;p90p91;215184.328125;;;;
;US-NH;1986;p95p96;312104.15625;;;;
;US-NH;1986;p95p100;;;;0.2852112949;0.2852112949
;US-NH;1986;p99.5p100;1332557.375;;;0.1217735931;0.1217735931
;US-NH;1985;p0p100;51169.59375;;23798650880.0;;
;US-NH;1985;p99p100;631182.4375;;;0.1233510748;0.1233510748
;US-NH;1985;p99.9p100;2581694.75;;;0.0504536852;0.0504536852
;US-NH;1985;p99.99p100;10770713.0;;;0.0210490488;0.0210490488
;US-NH;1985;p90p100;;;;0.3642272651;0.3642272651
;US-NH;1985;p90p91;186373.59375;;;;
;US-NH;1985;p95p96;257389.40625;;;;
;US-NH;1985;p95p100;;;;0.2515061796;0.2515061796
;US-NH;1985;p99.5p100;939522.625;;;0.0918047801;0.0918047801
;US-NH;1984;p0p100;49679.5351562;;22709352448.0;;
;US-NH;1984;p99p100;566942.375;;;0.1141199172;0.1141199172
;US-NH;1984;p99.9p100;2284149.5;;;0.0459776781;0.0459776781
;US-NH;1984;p99.99p100;9863087.0;;;0.0198534224;0.0198534224
;US-NH;1984;p90p100;;;;0.3434420526;0.3434420526
;US-NH;1984;p90p91;170620.390625;;;;
;US-NH;1984;p95p96;235379.75;;;;
;US-NH;1984;p95p100;;;;0.2368981242;0.2368981242
;US-NH;1984;p99.5p100;829218.8125;;;0.0834567845;0.0834567845
;US-NH;1983;p0p100;47751.7382812;;21459628032.0;;
;US-NH;1983;p99p100;513792.59375;;;0.1075966209;0.1075966209
;US-NH;1983;p99.9p100;1970648.125;;;0.0412686132;0.0412686132
;US-NH;1983;p99.99p100;8017764.5;;;0.0167905185;0.0167905185
;US-NH;1983;p90p100;;;;0.3289384842;0.3289384842
;US-NH;1983;p90p91;157073.84375;;;;
;US-NH;1983;p95p96;216073.0;;;;
;US-NH;1983;p95p100;;;;0.226246208;0.226246208
;US-NH;1983;p99.5p100;734253.875;;;0.076882422;0.076882422
;US-NH;1982;p0p100;42353.28125;;18121132032.0;;
;US-NH;1982;p99p100;403144.3125;;;0.095186092;0.095186092
;US-NH;1982;p99.9p100;1559345.5;;;0.0368175842;0.0368175842
;US-NH;1982;p99.99p100;6474452.5;;;0.01528678;0.01528678
;US-NH;1982;p90p100;;;;0.3221119344;0.3221119344
;US-NH;1982;p90p91;136424.96875;;;;
;US-NH;1982;p95p96;182999.03125;;;;
;US-NH;1982;p95p100;;;;0.2160387933;0.2160387933
;US-NH;1982;p99.5p100;594872.125;;;0.0702273995;0.0702273995
;US-NH;1981;p0p100;41777.0507812;;17504468992.0;;
;US-NH;1981;p99p100;342725.0;;;0.0820366666;0.0820366666
;US-NH;1981;p99.9p100;1068918.5;;;0.0255862605;0.0255862605
;US-NH;1981;p99.99p100;3323717.25;;;0.0079558445;0.0079558445
;US-NH;1981;p90p100;;;;0.3257376254;0.3257376254
;US-NH;1981;p90p91;136083.5625;;;;
;US-NH;1981;p95p96;174145.34375;;;;
;US-NH;1981;p95p100;;;;0.2084222585;0.2084222585
;US-NH;1981;p99.5p100;473047.65625;;;0.0566157326;0.0566157326
;US-NH;1980;p0p100;42702.0234375;;17208098816.0;;
;US-NH;1980;p99p100;363089.40625;;;0.085028626;0.085028626
;US-NH;1980;p99.9p100;1212582.0;;;0.0283963569;0.0283963569
;US-NH;1980;p99.99p100;4314654.0;;;0.0101040965;0.0101040965
;US-NH;1980;p90p100;;;;0.3215274811;0.3215274811
;US-NH;1980;p90p91;137298.75;;;;
;US-NH;1980;p95p96;177650.421875;;;;
;US-NH;1980;p95p100;;;;0.2080117166;0.2080117166
;US-NH;1980;p99.5p100;511059.90625;;;0.0598402396;0.0598402396
;US-NH;1979;p0p100;42465.6171875;;16524537856.0;;
;US-NH;1979;p99p100;373550.9375;;;0.0879655033;0.0879655033
;US-NH;1979;p99.9p100;1341024.125;;;0.0315790549;0.0315790549
;US-NH;1979;p99.99p100;5429473.0;;;0.0127855744;0.0127855744
;US-NH;1979;p90p100;;;;0.3213703334;0.3213703334
;US-NH;1979;p90p91;136471.890625;;;;
;US-NH;1979;p95p96;179574.546875;;;;
;US-NH;1979;p95p100;;;;0.2114352435;0.2114352435
;US-NH;1979;p99.5p100;541736.625;;;0.063785322;0.063785322
;US-NH;1978;p0p100;40903.8515625;;15416871936.0;;
;US-NH;1978;p99p100;327147.5;;;0.0799796358;0.0799796358
;US-NH;1978;p99.9p100;917432.1875;;;0.0224289931;0.0224289931
;US-NH;1978;p99.99p100;2699189.75;;;0.0065988647;0.0065988647
;US-NH;1978;p90p100;;;;0.3223291636;0.3223291636
;US-NH;1978;p90p91;131845.03125;;;;
;US-NH;1978;p95p96;173228.828125;;;;
;US-NH;1978;p95p100;;;;0.2117512375;0.2117512375
;US-NH;1978;p99.5p100;439271.875;;;0.0536956638;0.0536956638
;US-NH;1977;p0p100;39418.5976562;;14331335680.0;;
;US-NH;1977;p99p100;312800.15625;;;0.0793534517;0.0793534517
;US-NH;1977;p99.9p100;843281.3125;;;0.0213929825;0.0213929825
;US-NH;1977;p99.99p100;2522019.0;;;0.0063980445;0.0063980445
;US-NH;1977;p90p100;;;;0.3206270337;0.3206270337
;US-NH;1977;p90p91;126386.671875;;;;
;US-NH;1977;p95p96;163563.828125;;;;
;US-NH;1977;p95p100;;;;0.2074704021;0.2074704021
;US-NH;1977;p99.5p100;417818.9375;;;0.0529976971;0.0529976971
;US-NH;1976;p0p100;38496.2382812;;13509038080.0;;
;US-NH;1976;p99p100;297236.6875;;;0.0772118792;0.0772118792
;US-NH;1976;p99.9p100;804705.9375;;;0.0209034942;0.0209034942
;US-NH;1976;p99.99p100;2280106.0;;;0.0059229322;0.0059229322
;US-NH;1976;p90p100;;;;0.310120374;0.310120374
;US-NH;1976;p90p91;119384.6875;;;;
;US-NH;1976;p95p96;152991.0625;;;;
;US-NH;1976;p95p100;;;;0.1987091005;0.1987091005
;US-NH;1976;p99.5p100;395914.40625;;;0.0514224768;0.0514224768
;US-NH;1975;p0p100;36459.171875;;12356905984.0;;
;US-NH;1975;p99p100;289692.1875;;;0.079456605;0.079456605
;US-NH;1975;p99.9p100;736238.0;;;0.020193493;0.020193493
;US-NH;1975;p99.99p100;2235808.0;;;0.006132361;0.006132361
;US-NH;1975;p90p100;;;;0.320727855;0.320727855
;US-NH;1975;p90p91;116934.710938;;;;
;US-NH;1975;p95p96;151688.734375;;;;
;US-NH;1975;p95p100;;;;0.2080254853;0.2080254853
;US-NH;1975;p99.5p100;381648.0625;;;0.0523391031;0.0523391031
;US-NH;1974;p0p100;39547.5859375;;12941868032.0;;
;US-NH;1974;p99p100;306220.375;;;0.0774308667;0.0774308667
;US-NH;1974;p99.9p100;834201.625;;;0.0210936163;0.0210936163
;US-NH;1974;p99.99p100;2456826.75;;;0.0062123304;0.0062123304
;US-NH;1974;p90p100;;;;0.3106013536;0.3106013536
;US-NH;1974;p90p91;122835.335938;;;;
;US-NH;1974;p95p96;158588.84375;;;;
;US-NH;1974;p95p100;;;;0.200503841;0.200503841
;US-NH;1974;p99.5p100;411690.8125;;;0.0520500578;0.0520500578
;US-NH;1973;p0p100;40963.859375;;12953830400.0;;
;US-NH;1973;p99p100;336407.4375;;;0.0821229815;0.0821229815
;US-NH;1973;p99.9p100;963073.4375;;;0.0235103182;0.0235103182
;US-NH;1973;p99.99p100;3562191.75;;;0.0086959368;0.0086959368
;US-NH;1973;p90p100;;;;0.3161389828;0.3161389828
;US-NH;1973;p90p91;129502.742188;;;;
;US-NH;1973;p95p96;168270.1875;;;;
;US-NH;1973;p95p100;;;;0.2053885758;0.2053885758
;US-NH;1973;p99.5p100;461839.53125;;;0.0563715808;0.0563715808
;US-NH;1972;p0p100;40249.6367188;;12295152640.0;;
;US-NH;1972;p99p100;345309.875;;;0.0857920423;0.0857920423
;US-NH;1972;p99.9p100;1034191.1875;;;0.0256944206;0.0256944206
;US-NH;1972;p99.99p100;3412916.5;;;0.0084793717;0.0084793717
;US-NH;1972;p90p100;;;;0.3199538589;0.3199538589
;US-NH;1972;p90p91;128780.273438;;;;
;US-NH;1972;p95p96;171279.734375;;;;
;US-NH;1972;p95p100;;;;0.2127717733;0.2127717733
;US-NH;1972;p99.5p100;474677.40625;;;0.0589666665;0.0589666665
;US-NH;1971;p0p100;39055.1992188;;11511975936.0;;
;US-NH;1971;p99p100;339343.09375;;;0.0868880823;0.0868880823
;US-NH;1971;p99.9p100;926567.875;;;0.0237245746;0.0237245746
;US-NH;1971;p99.99p100;3364662.0;;;0.0086151455;0.0086151455
;US-NH;1971;p90p100;;;;0.3116024733;0.3116024733
;US-NH;1971;p90p91;121696.953125;;;;
;US-NH;1971;p95p96;160544.265625;;;;
;US-NH;1971;p95p100;;;;0.2055350989;0.2055350989
;US-NH;1971;p99.5p100;432454.09375;;;0.0553644784;0.0553644784
;US-NH;1970;p0p100;39499.6523438;;11213782016.0;;
;US-NH;1970;p99p100;320107.5625;;;0.0810405985;0.0810405985
;US-NH;1970;p99.9p100;778543.25;;;0.0197101291;0.0197101291
;US-NH;1970;p99.99p100;2269487.5;;;0.0057455893;0.0057455893
;US-NH;1970;p90p100;;;;0.308858484;0.308858484
;US-NH;1970;p90p91;121998.023438;;;;
;US-NH;1970;p95p96;160270.03125;;;;
;US-NH;1970;p95p100;;;;0.2028752565;0.2028752565
;US-NH;1970;p99.5p100;422846.3125;;;0.0535253212;0.0535253212
;US-NH;1969;p0p100;40672.1484375;;11335004160.0;;
;US-NH;1969;p99p100;317880.3125;;;0.0781567618;0.0781567618
;US-NH;1969;p99.9p100;938059.375;;;0.023063926;0.023063926
;US-NH;1969;p99.99p100;3161266.25;;;0.0077725584;0.0077725584
;US-NH;1969;p90p100;;;;0.2898806036;0.2898806036
;US-NH;1969;p90p91;117900.664062;;;;
;US-NH;1969;p95p96;155309.984375;;;;
;US-NH;1969;p95p100;;;;0.1909291893;0.1909291893
;US-NH;1969;p99.5p100;439671.28125;;;0.0540506653;0.0540506653
;US-NH;1968;p0p100;39762.6914062;;10898465792.0;;
;US-NH;1968;p99p100;374228.75;;;0.0941155404;0.0941155404
;US-NH;1968;p99.9p100;1211786.25;;;0.0304754563;0.0304754563
;US-NH;1968;p99.99p100;4786278.5;;;0.0120371087;0.0120371087
;US-NH;1968;p90p100;;;;0.3085347712;0.3085347712
;US-NH;1968;p90p91;122681.742188;;;;
;US-NH;1968;p95p96;167190.859375;;;;
;US-NH;1968;p95p100;;;;0.2102358341;0.2102358341
;US-NH;1968;p99.5p100;516856.53125;;;0.0649926513;0.0649926513
;US-NH;1967;p0p100;37938.3125;;10224057344.0;;
;US-NH;1967;p99p100;340261.34375;;;0.0896880478;0.0896880478
;US-NH;1967;p99.9p100;958848.125;;;0.0252738707;0.0252738707
;US-NH;1967;p99.99p100;2806493.5;;;0.0073975176;0.0073975176
;US-NH;1967;p90p100;;;;0.3088874817;0.3088874817
;US-NH;1967;p90p91;117186.710938;;;;
;US-NH;1967;p95p96;157548.734375;;;;
;US-NH;1967;p95p100;;;;0.2076380104;0.2076380104
;US-NH;1967;p99.5p100;456592.125;;;0.0601755902;0.0601755902
;US-NH;1966;p0p100;35906.9257812;;9505396736.0;;
;US-NH;1966;p99p100;304257.65625;;;0.0847350955;0.0847350955
;US-NH;1966;p99.9p100;905152.8125;;;0.0252083093;0.0252083093
;US-NH;1966;p99.99p100;2807575.75;;;0.007819037;0.007819037
;US-NH;1966;p90p100;;;;0.3168479502;0.3168479502
;US-NH;1966;p90p91;113770.351562;;;;
;US-NH;1966;p95p96;152858.3125;;;;
;US-NH;1966;p95p100;;;;0.212853536;0.212853536
;US-NH;1966;p99.5p100;420280.625;;;0.0585236251;0.0585236251
;US-NH;1965;p0p100;34127.53125;;8868267008.0;;
;US-NH;1965;p99p100;315192.875;;;0.0923573673;0.0923573673
;US-NH;1965;p99.9p100;861869.375;;;0.0252543725;0.0252543725
;US-NH;1965;p99.99p100;2466460.5;;;0.0072271875;0.0072271875
;US-NH;1965;p90p100;;;;0.3166369498;0.3166369498
;US-NH;1965;p90p91;108060.367188;;;;
;US-NH;1965;p95p96;144848.046875;;;;
;US-NH;1965;p95p100;;;;0.2122158408;0.2122158408
;US-NH;1965;p99.5p100;400234.46875;;;0.0586380698;0.0586380698
;US-NH;1964;p0p100;32718.96875;;8337682432.0;;
;US-NH;1964;p99p100;278528.8125;;;0.0851276144;0.0851276144
;US-NH;1964;p99.9p100;764206.5625;;;0.0233566798;0.0233566798
;US-NH;1964;p99.99p100;2458489.25;;;0.0075139562;0.0075139562
;US-NH;1964;p90p100;;;;0.3048435748;0.3048435748
;US-NH;1964;p90p91;99741.6796875;;;;
;US-NH;1964;p95p96;131100.1875;;;;
;US-NH;1964;p95p100;;;;0.2003427595;0.2003427595
;US-NH;1964;p99.5p100;393424.21875;;;0.06012173;0.06012173
;US-NH;1963;p0p100;31185.6953125;;7782043136.0;;
;US-NH;1963;p99p100;258798.53125;;;0.0829862952;0.0829862952
;US-NH;1963;p99.9p100;702910.125;;;0.0225395057;0.0225395057
;US-NH;1963;p99.99p100;1885687.375;;;0.0060466421;0.0060466421
;US-NH;1963;p90p100;;;;0.3119492233;0.3119492233
;US-NH;1963;p90p91;97283.5390625;;;;
;US-NH;1963;p95p96;130054.414062;;;;
;US-NH;1963;p95p100;;;;0.2085161209;0.2085161209
;US-NH;1963;p99.5p100;347531.4375;;;0.0557196885;0.0557196885
;US-NH;1962;p0p100;30780.796875;;7517546496.0;;
;US-NH;1962;p99p100;233716.484375;;;0.0759293213;0.0759293213
;US-NH;1962;p99.9p100;623447.875;;;0.0202544443;0.0202544443
;US-NH;1962;p99.99p100;1468871.0;;;0.0047720373;0.0047720373
;US-NH;1962;p90p100;;;;0.2896635234;0.2896635234
;US-NH;1962;p90p91;89160.7421875;;;;
;US-NH;1962;p95p96;116301.039062;;;;
;US-NH;1962;p95p100;;;;0.1889181882;0.1889181882
;US-NH;1962;p99.5p100;320454.40625;;;0.0520542748;0.0520542748
;US-NH;1961;p0p100;30065.2109375;;7179179520.0;;
;US-NH;1961;p99p100;254477.9375;;;0.084641993;0.084641993
;US-NH;1961;p99.9p100;708813.5;;;0.0235758703;0.0235758703
;US-NH;1961;p99.99p100;2137204.75;;;0.007108564;0.007108564
;US-NH;1961;p90p100;;;;0.3027062118;0.3027062118
;US-NH;1961;p90p91;91009.2578125;;;;
;US-NH;1961;p95p96;120656.007812;;;;
;US-NH;1961;p95p100;;;;0.200657174;0.200657174
;US-NH;1961;p99.5p100;349491.28125;;;0.0581222065;0.0581222065
;US-NH;1960;p0p100;29204.8574219;;6809904128.0;;
;US-NH;1960;p99p100;223181.140625;;;0.0764191821;0.0764191821
;US-NH;1960;p99.9p100;604765.75;;;0.0207077116;0.0207077116
;US-NH;1960;p99.99p100;1761967.125;;;0.0060331305;0.0060331305
;US-NH;1960;p90p100;;;;0.2970394194;0.2970394194
;US-NH;1960;p90p91;86749.9453125;;;;
;US-NH;1960;p95p96;113181.164062;;;;
;US-NH;1960;p95p100;;;;0.1937711239;0.1937711239
;US-NH;1960;p99.5p100;304291.59375;;;0.0520960577;0.0520960577
;US-NH;1959;p0p100;28427.4238281;;6621591552.0;;
;US-NH;1959;p99p100;235577.46875;;;0.0828697905;0.0828697905
;US-NH;1959;p99.9p100;661993.375;;;0.023287138;0.023287138
;US-NH;1959;p99.99p100;1953772.75;;;0.0068728449;0.0068728449
;US-NH;1959;p90p100;;;;0.301515013;0.301515013
;US-NH;1959;p90p91;85712.9453125;;;;
;US-NH;1959;p95p96;115005.804688;;;;
;US-NH;1959;p95p100;;;;0.2022796869;0.2022796869
;US-NH;1959;p99.5p100;319035.09375;;;0.0561139584;0.0561139584
;US-NH;1958;p0p100;25966.9941406;;6035427840.0;;
;US-NH;1958;p99p100;212157.375;;;0.0817027092;0.0817027092
;US-NH;1958;p99.9p100;622461.5625;;;0.0239712577;0.0239712577
;US-NH;1958;p99.99p100;1688870.0;;;0.0065039098;0.0065039098
;US-NH;1958;p90p100;;;;0.3025298715;0.3025298715
;US-NH;1958;p90p91;78557.9140625;;;;
;US-NH;1958;p95p96;104716.226562;;;;
;US-NH;1958;p95p100;;;;0.2016333193;0.2016333193
;US-NH;1958;p99.5p100;293373.28125;;;0.0564896502;0.0564896502
;US-NH;1957;p0p100;26547.7636719;;6155703808.0;;
;US-NH;1957;p99p100;222360.125;;;0.0837585106;0.0837585106
;US-NH;1957;p99.9p100;568079.375;;;0.0213983878;0.0213983878
;US-NH;1957;p99.99p100;1345859.625;;;0.0050695781;0.0050695781
;US-NH;1957;p90p100;;;;0.2991178036;0.2991178036
;US-NH;1957;p90p91;79409.09375;;;;
;US-NH;1957;p95p96;107299.429688;;;;
;US-NH;1957;p95p100;;;;0.2020875067;0.2020875067
;US-NH;1957;p99.5p100;298762.9375;;;0.0562689379;0.0562689379
;US-NH;1956;p0p100;26163.4277344;;6042468352.0;;
;US-NH;1956;p99p100;212432.40625;;;0.0811944082;0.0811944082
;US-NH;1956;p99.9p100;669877.0;;;0.0256035626;0.0256035626
;US-NH;1956;p99.99p100;1793589.25;;;0.0068553295;0.0068553295
;US-NH;1956;p90p100;;;;0.293487817;0.293487817
;US-NH;1956;p90p91;76786.4765625;;;;
;US-NH;1956;p95p96;102142.5;;;;
;US-NH;1956;p95p100;;;;0.1952009201;0.1952009201
;US-NH;1956;p99.5p100;301817.875;;;0.0576793402;0.0576793402
;US-NH;1955;p0p100;25766.1660156;;5927669760.0;;
;US-NH;1955;p99p100;235867.59375;;;0.0915415883;0.0915415883
;US-NH;1955;p99.9p100;776226.1875;;;0.0301257912;0.0301257912
;US-NH;1955;p99.99p100;2260820.5;;;0.0087743765;0.0087743765
;US-NH;1955;p90p100;;;;0.3031172752;0.3031172752
;US-NH;1955;p90p91;78101.703125;;;;
;US-NH;1955;p95p96;106923.953125;;;;
;US-NH;1955;p95p100;;;;0.2074890584;0.2074890584
;US-NH;1955;p99.5p100;341920.6875;;;0.0663507059;0.0663507059
;US-NH;1954;p0p100;24038.2558594;;5508003328.0;;
;US-NH;1954;p99p100;220896.28125;;;0.0918936431;0.0918936431
;US-NH;1954;p99.9p100;589381.25;;;0.0245184712;0.0245184712
;US-NH;1954;p99.99p100;1646007.25;;;0.0068474486;0.0068474486
;US-NH;1954;p90p100;;;;0.2908097208;0.2908097208
;US-NH;1954;p90p91;69905.5859375;;;;
;US-NH;1954;p95p96;97389.6875;;;;
;US-NH;1954;p95p100;;;;0.202572301;0.202572301
;US-NH;1954;p99.5p100;304607.0625;;;0.063358821;0.063358821
;US-NH;1953;p0p100;23267.1132812;;5309237248.0;;
;US-NH;1953;p99p100;202819.78125;;;0.0871701539;0.0871701539
;US-NH;1953;p99.9p100;551669.25;;;0.0237102546;0.0237102546
;US-NH;1953;p99.99p100;1523001.5;;;0.0065457262;0.0065457262
;US-NH;1953;p90p100;;;;0.3204230964;0.3204230964
;US-NH;1953;p90p91;74553.2109375;;;;
;US-NH;1953;p95p96;92801.8203125;;;;
;US-NH;1953;p95p100;;;;0.1994270086;0.1994270086
;US-NH;1953;p99.5p100;277854.3125;;;0.0597096719;0.0597096719
;US-NH;1952;p0p100;22162.7929688;;5040387584.0;;
;US-NH;1952;p99p100;194342.296875;;;0.0876885355;0.0876885355
;US-NH;1952;p99.9p100;574124.0;;;0.0259048548;0.0259048548
;US-NH;1952;p99.99p100;1603612.875;;;0.0072356085;0.0072356085
;US-NH;1952;p90p100;;;;0.3105124831;0.3105124831
;US-NH;1952;p90p91;68818.2421875;;;;
;US-NH;1952;p95p96;86303.7578125;;;;
;US-NH;1952;p95p100;;;;0.1947041601;0.1947041601
;US-NH;1952;p99.5p100;272766.53125;;;0.0615370385;0.0615370385
;US-NH;1951;p0p100;21659.2617188;;4905689088.0;;
;US-NH;1951;p99p100;214349.1875;;;0.0989642143;0.0989642143
;US-NH;1951;p99.9p100;629698.6875;;;0.0290729515;0.0290729515
;US-NH;1951;p99.99p100;1765328.75;;;0.0081504565;0.0081504565
;US-NH;1951;p90p100;;;;0.319576472;0.319576472
;US-NH;1951;p90p91;69217.90625;;;;
;US-NH;1951;p95p96;95875.2421875;;;;
;US-NH;1951;p95p100;;;;0.2213262171;0.2213262171
;US-NH;1951;p99.5p100;303275.34375;;;0.0700105429;0.0700105429
;US-NH;1950;p0p100;20966.6191406;;4729104384.0;;
;US-NH;1950;p99p100;224707.015625;;;0.1071737036;0.1071737036
;US-NH;1950;p99.9p100;721649.25;;;0.0344189592;0.0344189592
;US-NH;1950;p99.99p100;1597083.125;;;0.0076172659;0.0076172659
;US-NH;1950;p90p100;;;;0.3247570693;0.3247570693
;US-NH;1950;p90p91;68090.578125;;;;
;US-NH;1950;p95p96;95905.9140625;;;;
;US-NH;1950;p95p100;;;;0.2287109941;0.2287109941
;US-NH;1950;p99.5p100;323503.1875;;;0.0771472007;0.0771472007
;US-NH;1949;p0p100;19898.5800781;;4447493120.0;;
;US-NH;1949;p99p100;192500.890625;;;0.0967410132;0.0967410132
;US-NH;1949;p99.9p100;598616.3125;;;0.0300833676;0.0300833676
;US-NH;1949;p99.99p100;1642979.75;;;0.0082567688;0.0082567688
;US-NH;1949;p90p100;;;;0.3105512857;0.3105512857
;US-NH;1949;p90p91;61795.2929688;;;;
;US-NH;1949;p95p96;85152.109375;;;;
;US-NH;1949;p95p100;;;;0.2139652967;0.2139652967
;US-NH;1949;p99.5p100;276911.8125;;;0.0695808008;0.0695808008
;US-NH;1948;p0p100;20097.2402344;;4464285696.0;;
;US-NH;1948;p99p100;187299.109375;;;0.0931964368;0.0931964368
;US-NH;1948;p99.9p100;544754.0625;;;0.0271059144;0.0271059144
;US-NH;1948;p99.99p100;1331698.5;;;0.0066262758;0.0066262758
;US-NH;1948;p90p100;;;;0.3130356967;0.3130356967
;US-NH;1948;p90p91;62911.53125;;;;
;US-NH;1948;p95p96;84582.5234375;;;;
;US-NH;1948;p95p100;;;;0.2104331851;0.2104331851
;US-NH;1948;p99.5p100;264008.625;;;0.0656828061;0.0656828061
;US-NH;1947;p0p100;19474.4511719;;4298649600.0;;
;US-NH;1947;p99p100;201798.375;;;0.1036221012;0.1036221012
;US-NH;1947;p99.9p100;659844.5625;;;0.0338825732;0.0338825732
;US-NH;1947;p99.99p100;2051723.5;;;0.0105354618;0.0105354618
;US-NH;1947;p90p100;;;;0.32958287;0.32958287
;US-NH;1947;p90p91;64184.4570312;;;;
;US-NH;1947;p95p96;87719.0703125;;;;
;US-NH;1947;p95p100;;;;0.2252157629;0.2252157629
;US-NH;1947;p99.5p100;292836.6875;;;0.075184837;0.075184837
;US-NH;1946;p0p100;19576.8203125;;4284731392.0;;
;US-NH;1946;p99p100;235393.15625;;;0.1202407479;0.1202407479
;US-NH;1946;p99.9p100;765603.8125;;;0.0391076691;0.0391076691
;US-NH;1946;p99.99p100;2220559.75;;;0.0113428002;0.0113428002
;US-NH;1946;p90p100;;;;0.356157124;0.356157124
;US-NH;1946;p90p91;69724.2421875;;;;
;US-NH;1946;p95p96;97929.1328125;;;;
;US-NH;1946;p95p100;;;;0.2501150072;0.2501150072
;US-NH;1946;p99.5p100;340920.65625;;;0.0870725363;0.0870725363
;US-NH;1945;p0p100;19255.2578125;;4214774016.0;;
;US-NH;1945;p99p100;209218.515625;;;0.1086552665;0.1086552665
;US-NH;1945;p99.9p100;636600.875;;;0.0330611467;0.0330611467
;US-NH;1945;p99.99p100;1462386.375;;;0.0075947386;0.0075947386
;US-NH;1945;p90p100;;;;0.3260883093;0.3260883093
;US-NH;1945;p90p91;62789.140625;;;;
;US-NH;1945;p95p96;88249.7421875;;;;
;US-NH;1945;p95p100;;;;0.2291575074;0.2291575074
;US-NH;1945;p99.5p100;299234.46875;;;0.0777020231;0.0777020231
;US-NH;1944;p0p100;18651.6816406;;4079715840.0;;
;US-NH;1944;p99p100;268193.03125;;;0.1437902749;0.1437902749
;US-NH;1944;p99.9p100;872841.9375;;;0.0467969589;0.0467969589
;US-NH;1944;p99.99p100;2522662.75;;;0.0135251218;0.0135251218
;US-NH;1944;p90p100;;;;0.4144769907;0.4144769907
;US-NH;1944;p90p91;77306.921875;;;;
;US-NH;1944;p95p96;108555.46875;;;;
;US-NH;1944;p95p100;;;;0.2910072207;0.2910072207
;US-NH;1944;p99.5p100;390887.3125;;;0.1047860831;0.1047860831
;US-NH;1943;p0p100;18878.25;;4121141504.0;;
;US-NH;1943;p99p100;205610.71875;;;0.1089140847;0.1089140847
;US-NH;1943;p99.9p100;677949.625;;;0.0359116793;0.0359116793
;US-NH;1943;p99.99p100;1565718.75;;;0.0082937712;0.0082937712
;US-NH;1943;p90p100;;;;0.3411947489;0.3411947489
;US-NH;1943;p90p91;64411.59375;;;;
;US-NH;1943;p95p96;86809.140625;;;;
;US-NH;1943;p95p100;;;;0.2299184054;0.2299184054
;US-NH;1943;p99.5p100;301455.71875;;;0.0798420683;0.0798420683
;US-NH;1942;p0p100;17745.8144531;;3858633984.0;;
;US-NH;1942;p99p100;204069.859375;;;0.1149960607;0.1149960607
;US-NH;1942;p99.9p100;680410.375;;;0.0383420214;0.0383420214
;US-NH;1942;p99.99p100;1723730.25;;;0.0097134477;0.0097134477
;US-NH;1942;p90p100;;;;0.3424500525;0.3424500525
;US-NH;1942;p90p91;60770.546875;;;;
;US-NH;1942;p95p96;84134.859375;;;;
;US-NH;1942;p95p100;;;;0.2370555252;0.2370555252
;US-NH;1942;p99.5p100;299792.96875;;;0.0844686478;0.0844686478
;US-NH;1941;p0p100;16206.6152344;;3519843328.0;;
;US-NH;1941;p99p100;220660.65625;;;0.1361546814;0.1361546814
;US-NH;1941;p99.9p100;787346.625;;;0.0485818051;0.0485818051
;US-NH;1941;p99.99p100;2462735.0;;;0.0151958624;0.0151958624
;US-NH;1941;p90p100;;;;0.3805816472;0.3805816472
;US-NH;1941;p90p91;61679.4023438;;;;
;US-NH;1941;p95p96;87491.0390625;;;;
;US-NH;1941;p95p100;;;;0.2699238658;0.2699238658
;US-NH;1941;p99.5p100;327224.78125;;;0.1009540781;0.1009540781
;US-NH;1940;p0p100;14006.2167969;;3041550336.0;;
;US-NH;1940;p99p100;204548.96875;;;0.1460415423;0.1460415423
;US-NH;1940;p99.9p100;691431.6875;;;0.0493660532;0.0493660532
;US-NH;1940;p99.99p100;1998890.25;;;0.0142714493;0.0142714493
;US-NH;1940;p90p100;;;;0.4229736328;0.4229736328
;US-NH;1940;p90p91;59242.6054688;;;;
;US-NH;1940;p95p96;82573.2734375;;;;
;US-NH;1940;p95p100;;;;0.2947736382;0.2947736382
;US-NH;1940;p99.5p100;299864.1875;;;0.1070468128;0.1070468128
;US-NH;1939;p0p100;13862.6806641;;2975005952.0;;
;US-NH;1939;p99p100;202090.609375;;;0.1457803249;0.1457803249
;US-NH;1939;p99.9p100;698195.6875;;;0.0503651313;0.0503651313
;US-NH;1939;p99.99p100;2001950.375;;;0.0144412937;0.0144412937
;US-NH;1939;p90p100;;;;0.3984344602;0.3984344602
;US-NH;1939;p90p91;55233.6992188;;;;
;US-NH;1939;p95p96;81853.7734375;;;;
;US-NH;1939;p95p100;;;;0.2952306867;0.2952306867
;US-NH;1939;p99.5p100;297042.3125;;;0.1071374044;0.1071374044
;US-NH;1938;p0p100;12967.3320312;;2754011648.0;;
;US-NH;1938;p99p100;177171.265625;;;0.1366289258;0.1366289258
;US-NH;1938;p99.9p100;607215.8125;;;0.0468265787;0.0468265787
;US-NH;1938;p99.99p100;1853131.0;;;0.014290764;0.014290764
;US-NH;1938;p90p100;;;;0.3874337077;0.3874337077
;US-NH;1938;p90p91;50239.8164062;;;;
;US-NH;1938;p95p96;72935.5546875;;;;
;US-NH;1938;p95p100;;;;0.2812280655;0.2812280655
;US-NH;1938;p99.5p100;258351.59375;;;0.0996163189;0.0996163189
;US-NH;1937;p0p100;13629.7236328;;2865826048.0;;
;US-NH;1937;p99p100;215986.46875;;;0.1584672481;0.1584672481
;US-NH;1937;p99.9p100;808715.9375;;;0.0593347289;0.0593347289
;US-NH;1937;p99.99p100;2197173.75;;;0.016120458;0.016120458
;US-NH;1937;p90p100;;;;0.4031537175;0.4031537175
;US-NH;1937;p90p91;54948.7382812;;;;
;US-NH;1937;p95p96;82447.234375;;;;
;US-NH;1937;p95p100;;;;0.3024538159;0.3024538159
;US-NH;1937;p99.5p100;324817.3125;;;0.1191577017;0.1191577017
;US-NH;1936;p0p100;13600.2558594;;2836115200.0;;
;US-NH;1936;p99p100;225031.34375;;;0.1654611081;0.1654611081
;US-NH;1936;p99.9p100;817235.75;;;0.0600897335;0.0600897335
;US-NH;1936;p99.99p100;2400254.25;;;0.0176485963;0.0176485963
;US-NH;1936;p90p100;;;;0.4139073789;0.4139073789
;US-NH;1936;p90p91;56292.4609375;;;;
;US-NH;1936;p95p96;83968.484375;;;;
;US-NH;1936;p95p100;;;;0.308701843;0.308701843
;US-NH;1936;p99.5p100;338985.25;;;0.1246245727;0.1246245727
;US-NH;1935;p0p100;12889.2802734;;2665099008.0;;
;US-NH;1935;p99p100;178303.5625;;;0.1383347809;0.1383347809
;US-NH;1935;p99.9p100;593458.75;;;0.0460428149;0.0460428149
;US-NH;1935;p99.99p100;1679660.125;;;0.0130314501;0.0130314501
;US-NH;1935;p90p100;;;;0.3903830647;0.3903830647
;US-NH;1935;p90p91;50317.5664062;;;;
;US-NH;1935;p95p96;72254.3203125;;;;
;US-NH;1935;p95p100;;;;0.2802884579;0.2802884579
;US-NH;1935;p99.5p100;260266.625;;;0.1009624451;0.1009624451
;US-NH;1934;p0p100;12530.3505859;;2567450624.0;;
;US-NH;1934;p99p100;172438.328125;;;0.1376165301;0.1376165301
;US-NH;1934;p99.9p100;584852.1875;;;0.0466748476;0.0466748476
;US-NH;1934;p99.99p100;1684186.375;;;0.0134408567;0.0134408567
;US-NH;1934;p90p100;;;;0.4016808867;0.4016808867
;US-NH;1934;p90p91;50332.0234375;;;;
;US-NH;1934;p95p96;73182.890625;;;;
;US-NH;1934;p95p100;;;;0.2920225263;0.2920225263
;US-NH;1934;p99.5p100;251400.40625;;;0.1003165916;0.1003165916
;US-NH;1933;p0p100;11550.0;;2346667264.0;;
;US-NH;1933;p99p100;157446.421875;;;0.1363172382;0.1363172382
;US-NH;1933;p99.9p100;539994.8125;;;0.0467527956;0.0467527956
;US-NH;1933;p99.99p100;1628335.0;;;0.0140981376;0.0140981376
;US-NH;1933;p90p100;;;;0.403059423;0.403059423
;US-NH;1933;p90p91;46553.3632812;;;;
;US-NH;1933;p95p96;67325.5546875;;;;
;US-NH;1933;p95p100;;;;0.2914526165;0.2914526165
;US-NH;1933;p99.5p100;227224.59375;;;0.0983656198;0.0983656198
;US-NH;1932;p0p100;11385.9697266;;2294908416.0;;
;US-NH;1932;p99p100;155124.5;;;0.1362417787;0.1362417787
;US-NH;1932;p99.9p100;504313.59375;;;0.0442925394;0.0442925394
;US-NH;1932;p99.99p100;1405121.625;;;0.0123408148;0.0123408148
;US-NH;1932;p90p100;;;;0.4309755266;0.4309755266
;US-NH;1932;p90p91;49070.7460938;;;;
;US-NH;1932;p95p96;68514.625;;;;
;US-NH;1932;p95p100;;;;0.3008729815;0.3008729815
;US-NH;1932;p99.5p100;221360.375;;;0.097207509;0.097207509
;US-NH;1931;p0p100;13287.6992188;;2655532288.0;;
;US-NH;1931;p99p100;179108.953125;;;0.134793058;0.134793058
;US-NH;1931;p99.9p100;568693.3125;;;0.0427984744;0.0427984744
;US-NH;1931;p99.99p100;1671531.375;;;0.0125795398;0.0125795398
;US-NH;1931;p90p100;;;;0.4077777863;0.4077777863
;US-NH;1931;p90p91;54184.2851562;;;;
;US-NH;1931;p95p96;76400.0859375;;;;
;US-NH;1931;p95p100;;;;0.2874842584;0.2874842584
;US-NH;1931;p99.5p100;255637.984375;;;0.0961934775;0.0961934775
;US-NH;1930;p0p100;14338.1396484;;2837434112.0;;
;US-NH;1930;p99p100;196881.40625;;;0.1373130828;0.1373130828
;US-NH;1930;p99.9p100;669100.0;;;0.0466657467;0.0466657467
;US-NH;1930;p99.99p100;1968983.375;;;0.0137324883;0.0137324883
;US-NH;1930;p90p100;;;;0.3775241971;0.3775241971
;US-NH;1930;p90p91;54129.9414062;;;;
;US-NH;1930;p95p96;78520.2578125;;;;
;US-NH;1930;p95p100;;;;0.2738160491;0.2738160491
;US-NH;1930;p99.5p100;286209.6875;;;0.0998071283;0.0998071283
;US-NH;1929;p0p100;15440.6416016;;3049449984.0;;
;US-NH;1929;p99p100;256218.4375;;;0.1659376919;0.1659376919
;US-NH;1929;p99.9p100;967228.3125;;;0.0626417175;0.0626417175
;US-NH;1929;p99.99p100;3047011.75;;;0.0197337102;0.0197337102
;US-NH;1929;p90p100;;;;0.3843273818;0.3843273818
;US-NH;1929;p90p91;59342.6132812;;;;
;US-NH;1929;p95p96;92149.359375;;;;
;US-NH;1929;p95p100;;;;0.2983987033;0.2983987033
;US-NH;1929;p99.5p100;385965.0;;;0.1249834672;0.1249834672
;US-NH;1928;p0p100;13306.7265625;;2623245568.0;;
;US-NH;1928;p99p100;257368.515625;;;0.1934123337;0.1934123337
;US-NH;1928;p99.9p100;1013486.5;;;0.0761634707;0.0761634707
;US-NH;1928;p99.99p100;3432663.75;;;0.0257964563;0.0257964563
;US-NH;1928;p90p100;;;;0.4377531111;0.4377531111
;US-NH;1928;p90p91;58250.609375;;;;
;US-NH;1928;p95p96;90819.5;;;;
;US-NH;1928;p95p100;;;;0.3412541151;0.3412541151
;US-NH;1928;p99.5p100;393504.0625;;;0.1478590965;0.1478590965
;US-NH;1927;p0p100;13541.3046875;;2659244544.0;;
;US-NH;1927;p99p100;242462.828125;;;0.1790542454;0.1790542454
;US-NH;1927;p99.9p100;960441.3125;;;0.0709267855;0.0709267855
;US-NH;1927;p99.99p100;3534903.75;;;0.0261046011;0.0261046011
;US-NH;1927;p90p100;;;;0.4180988371;0.4180988371
;US-NH;1927;p90p91;56616.0429688;;;;
;US-NH;1927;p95p96;86883.1953125;;;;
;US-NH;1927;p95p100;;;;0.320808053;0.320808053
;US-NH;1927;p99.5p100;370012.59375;;;0.1366236806;0.1366236806
;US-NH;1926;p0p100;12717.2421875;;2483715328.0;;
;US-NH;1926;p99p100;205661.5;;;0.1617186219;0.1617186219
;US-NH;1926;p99.9p100;730549.75;;;0.0574456081;0.0574456081
;US-NH;1926;p99.99p100;2025958.25;;;0.0159307979;0.0159307979
;US-NH;1926;p90p100;;;;0.4112335145;0.4112335145
;US-NH;1926;p90p91;52297.5664062;;;;
;US-NH;1926;p95p96;78387.3359375;;;;
;US-NH;1926;p95p100;;;;0.3081931472;0.3081931472
;US-NH;1926;p99.5p100;304214.15625;;;0.1196069568;0.1196069568
;US-NH;1925;p0p100;13126.0458984;;2550273280.0;;
;US-NH;1925;p99p100;205549.828125;;;0.1565969139;0.1565969139
;US-NH;1925;p99.9p100;715738.5;;;0.0545281097;0.0545281097
;US-NH;1925;p99.99p100;1951976.625;;;0.0148710189;0.0148710189
;US-NH;1925;p90p100;;;;0.4140791297;0.4140791297
;US-NH;1925;p90p91;54352.2148438;;;;
;US-NH;1925;p95p96;80285.078125;;;;
;US-NH;1925;p95p100;;;;0.3058235645;0.3058235645
;US-NH;1925;p99.5p100;305777.375;;;0.116477333;0.116477333
;US-NH;1924;p0p100;14083.5224609;;2717728256.0;;
;US-NH;1924;p99p100;190662.09375;;;0.1353795528;0.1353795528
;US-NH;1924;p99.9p100;658851.0;;;0.0467816889;0.0467816889
;US-NH;1924;p99.99p100;1911528.625;;;0.0135728009;0.0135728009
;US-NH;1924;p90p100;;;;0.3897547722;0.3897547722
;US-NH;1924;p90p91;54891.2070312;;;;
;US-NH;1924;p95p96;77162.1015625;;;;
;US-NH;1924;p95p100;;;;0.2739445865;0.2739445865
;US-NH;1924;p99.5p100;282029.28125;;;0.1001273841;0.1001273841
;US-NH;1923;p0p100;15933.7304688;;3040888832.0;;
;US-NH;1923;p99p100;178027.921875;;;0.1117302328;0.1117302328
;US-NH;1923;p99.9p100;592903.4375;;;0.0372105874;0.0372105874
;US-NH;1923;p99.99p100;1412098.375;;;0.0088623213;0.0088623213
;US-NH;1923;p90p100;;;;0.3415125012;0.3415125012
;US-NH;1923;p90p91;54415.6796875;;;;
;US-NH;1923;p95p96;74880.15625;;;;
;US-NH;1923;p95p100;;;;0.2349737287;0.2349737287
;US-NH;1923;p99.5p100;261187.890625;;;0.081960693;0.081960693
;US-NH;1922;p0p100;13620.8007812;;2575801600.0;;
;US-NH;1922;p99p100;176029.734375;;;0.129235968;0.129235968
;US-NH;1922;p99.9p100;610259.0;;;0.0448034592;0.0448034592
;US-NH;1922;p99.99p100;1643823.0;;;0.0120684747;0.0120684747
;US-NH;1922;p90p100;;;;0.3731553555;0.3731553555
;US-NH;1922;p90p91;50826.75;;;;
;US-NH;1922;p95p96;72224.3046875;;;;
;US-NH;1922;p95p100;;;;0.2651250362;0.2651250362
;US-NH;1922;p99.5p100;260499.234375;;;0.0956255198;0.0956255198
;US-NH;1921;p0p100;12248.4882812;;2302496768.0;;
;US-NH;1921;p99p100;142690.65625;;;0.1164965406;0.1164965406
;US-NH;1921;p99.9p100;449731.875;;;0.0367173366;0.0367173366
;US-NH;1921;p99.99p100;1149419.0;;;0.0093841702;0.0093841702
;US-NH;1921;p90p100;;;;0.362978518;0.362978518
;US-NH;1921;p90p91;44459.3828125;;;;
;US-NH;1921;p95p96;61796.8203125;;;;
;US-NH;1921;p95p100;;;;0.2522630394;0.2522630394
;US-NH;1921;p99.5p100;205367.875;;;0.0838339701;0.0838339701
;US-NH;1920;p0p100;13276.2392578;;2467006208.0;;
;US-NH;1920;p99p100;147685.109375;;;0.1112401709;0.1112401709
;US-NH;1920;p99.9p100;488173.34375;;;0.0367704555;0.0367704555
;US-NH;1920;p99.99p100;1169605.75;;;0.0088097677;0.0088097677
;US-NH;1920;p90p100;;;;0.3323098123;0.3323098123
;US-NH;1920;p90p91;44118.2460938;;;;
;US-NH;1920;p95p96;61493.2890625;;;;
;US-NH;1920;p95p100;;;;0.2315915227;0.2315915227
;US-NH;1920;p99.5p100;215998.921875;;;0.0813479349;0.0813479349
;US-NH;1919;p0p100;13563.4726562;;2503267072.0;;
;US-NH;1919;p99p100;169565.078125;;;0.125015974;0.125015974
;US-NH;1919;p99.9p100;604656.125;;;0.0445797443;0.0445797443
;US-NH;1919;p99.99p100;1680098.5;;;0.0123869358;0.0123869358
;US-NH;1919;p90p100;;;;0.3583126962;0.3583126962
;US-NH;1919;p90p91;48599.6445312;;;;
;US-NH;1919;p95p96;69583.0390625;;;;
;US-NH;1919;p95p100;;;;0.2565089464;0.2565089464
;US-NH;1919;p99.5p100;250929.34375;;;0.0925018862;0.0925018862
;US-NH;1918;p0p100;12172.7373047;;2244371968.0;;
;US-NH;1918;p99p100;181687.90625;;;0.1492580473;0.1492580473
;US-NH;1918;p99.9p100;700818.9375;;;0.0575728305;0.0575728305
;US-NH;1918;p99.99p100;1849710.75;;;0.0151955197;0.0151955197
;US-NH;1918;p90p100;;;;0.385827899;0.385827899
;US-NH;1918;p90p91;46965.8164062;;;;
;US-NH;1918;p95p96;69854.34375;;;;
;US-NH;1918;p95p100;;;;0.2869294584;0.2869294584
;US-NH;1918;p99.5p100;278607.125;;;0.1144389808;0.1144389808
;US-NH;1917;p0p100;11262.7666016;;2101890432.0;;
