Variable Name;.;.;.;Fiscal income  | tax unit | Average | Adults | constant 2015 local currency;Fiscal income  | tax unit | Threshold | Adults | constant 2015 local currency;Fiscal income  | tax unit | Total | Adults | constant 2015 local currency;Fiscal income  | tax unit | Share | Adults | share of total (ratio);Pre-tax national income  | tax unit | Share | Adults | share of total (ratio)
Variable Category;.;.;.;Income inequality;Income inequality;Income inequality;Income inequality;Income inequality
Variable Description;.;.;.;Average Fiscal income within a given percentile group. Fiscal income is defined as the sum of all income items reported on income tax returns, before any deduction. It includes labour income, capital income and mixed income. The concept of fiscal income varies with national tax legislations, so in order to make international comparisons it is preferable to use the concept of national income. The population is comprised of individuals over age 20. The base unit is the tax unit defined by national fiscal administrations to measure personal income taxes.;Fiscal income threshold value at a given percentile.  Fiscal income is defined as the sum of all income items reported on income tax returns, before any deduction. It includes labour income, capital income and mixed income. The concept of fiscal income varies with national tax legislations, so in order to make international comparisons it is preferable to use the concept of national income. The population is comprised of individuals over age 20. The base unit is the tax unit defined by national fiscal administrations to measure personal income taxes.;Total Fiscal income  within a given percentile group. Fiscal income is defined as the sum of all income items reported on income tax returns, before any deduction. It includes labour income, capital income and mixed income. The concept of fiscal income varies with national tax legislations, so in order to make international comparisons it is preferable to use the concept of national income. The population is comprised of individuals over age 20.;Fiscal income share held by a given percentile group. Fiscal income is defined as the sum of all income items reported on income tax returns, before any deduction. It includes labour income, capital income and mixed income. The concept of fiscal income varies with national tax legislations, so in order to make international comparisons it is preferable to use the concept of national income. The population is comprised of individuals over age 20. The base unit is the tax unit defined by national fiscal administrations to measure personal income taxes.;Pre-tax national income share held by a given percentile group. Pre-tax national income  is the sum of all pre-tax personal income flows accruing to the owners of the production factors, labor and capital, before taking into account the operation of the tax/transfer system, but after taking into account the operation of pension system. The central difference between personal factor income and pre-tax income is the treatment of pensions, which are counted on a contribution basis by factor income and on a distribution basis by pre-tax income. The population is comprised of individuals over age 20. The base unit is the tax unit defined by national fiscal administrations to measure personal income taxes.
Variable Decomposition;.;.;.;[Fiscal income ]=[Fiscal labour income ]+[Fiscal capital income ];[Fiscal income ]=[Fiscal labour income ]+[Fiscal capital income ];[Fiscal income ]=[Fiscal labour income ]+[Fiscal capital income ];[Fiscal income ]=[Fiscal labour income ]+[Fiscal capital income ];Pre-tax national income =Pre-tax labor income [total pre-tax income ranking]+Pre-tax capital income [total pre-tax income ranking]
Variable Unit;.;.;.;"USD; United States dollar | local currency | market";"USD; United States dollar | local currency | market";"USD; United States dollar | local currency | market";share;share
Methodological Notes;.;.;.;;;;;Assuming the same distribution as fiscal income.
Sources;.;.;.;Frank, Sommeiller, Price & Saez (2015);Frank, Sommeiller, Price & Saez (2015);Frank, Sommeiller, Price & Saez (2015);Frank, Sommeiller, Price & Saez (2015);WID.world computations using: Frank, Sommeiller, Price & Saez (2015)
Variable Code;country;year;perc;afiinc992t;tfiinc992t;mfiinc992t;sfiinc992t;sptinc992t
;US-IL;2014;p0p100;64110.4882812;;4.31559114752e+11;;
;US-IL;2014;p99p100;;453701.09375;;0.2115182132;0.2115182132
;US-IL;2014;p99.9p100;;2059060.0;;0.1012649611;0.1012649611
;US-IL;2014;p99.99p100;;10033916.0;;0.0476335175;0.0476335175
;US-IL;2014;p90p100;;121023.523438;;0.4889325798;0.4889325798
;US-IL;2014;p90p91;317537.15625;;;;
;US-IL;2014;p95p96;487632.25;;;;
;US-IL;2014;p90p95;147442.0625;121023.523438;;0.1123050973;0.1123050973
;US-IL;2014;p95p99;266740.5625;185852.1875;;0.165193215;0.165193215
;US-IL;2014;p99.5p99.9;1076343.625;680638.3125;;0.0669381097;0.0669381097
;US-IL;2014;p99.9p99.99;3757112.0;2059060.0;;0.0537031777;0.0537031777
;US-IL;2014;p99p99.5;562252.1875;453701.09375;;0.0433308557;0.0433308557
;US-IL;2014;p95p100;;185852.1875;;0.3767064512;0.3767064512
;US-IL;2014;p0p90;35951.9726562;;;0.5108960271;0.5108960271
;US-IL;2014;p0p99;50907.5742188;;;0.7884817719;0.7884817719
;US-IL;2014;p99.5p100;;680638.3125;;0.1681861281;0.1681861281
;US-IL;2014;p99.5p99.6;2180145.75;;;;
;US-IL;2014;p99.99p99.991;32139538.0;;;;
;US-IL;2014;p99.9p99.91;6595354.5;;;;
;US-IL;2014;p99p99.1;1371199.0;;;;
;US-IL;2013;p0p100;63002.8125;;4.14310334464e+11;;
;US-IL;2013;p99p100;;434469.84375;;0.1972400397;0.1972400397
;US-IL;2013;p99.9p100;;1911625.0;;0.0915299654;0.0915299654
;US-IL;2013;p99.99p100;;9010548.0;;0.0425766483;0.0425766483
;US-IL;2013;p90p100;;134734.015625;;0.4803036749;0.4803036749
;US-IL;2013;p90p91;309069.96875;;;;
;US-IL;2013;p95p96;460908.34375;;;;
;US-IL;2013;p90p95;157231.59375;134734.015625;;0.1202404201;0.1202404201
;US-IL;2013;p95p99;261087.296875;181966.421875;;0.1628253609;0.1628253609
;US-IL;2013;p99.5p99.9;1017757.4375;684234.75;;0.0635458082;0.0635458082
;US-IL;2013;p99.9p99.99;3437473.25;1911625.0;;0.0489729345;0.0489729345
;US-IL;2013;p99p99.5;535742.0625;434469.84375;;0.0421678722;0.0421678722
;US-IL;2013;p95p100;;181966.421875;;0.3600670993;0.3600670993
;US-IL;2013;p0p90;35662.0195312;;;0.5196709633;0.5196709633
;US-IL;2013;p0p99;50909.9882812;;;0.8027599454;0.8027599454
;US-IL;2013;p99.5p100;;684234.75;;0.1550777555;0.1550777555
;US-IL;2013;p99.5p99.6;1984642.875;;;;
;US-IL;2013;p99.99p99.991;27584590.0;;;;
;US-IL;2013;p99.9p99.91;5852185.0;;;;
;US-IL;2013;p99p99.1;1260192.5;;;;
;US-IL;2012;p0p100;62797.1523438;;4.21886066688e+11;;
;US-IL;2012;p99p100;1405300.0;;;0.2237840295;0.2237840295
;US-IL;2012;p99.9p100;6827101.0;;;0.1087167263;0.1087167263
;US-IL;2012;p99.99p100;31678692.0;;;0.050446067;0.050446067
;US-IL;2012;p90p100;;;;0.5051615834;0.5051615834
;US-IL;2012;p90p91;317227.09375;;;;
;US-IL;2012;p95p96;486275.09375;;;;
;US-IL;2012;p95p100;;;;0.3871792555;0.3871792555
;US-IL;2012;p99.5p100;2256513.25;;;0.1796668619;0.1796668619
;US-IL;2011;p0p100;58897.1601562;;3.97741686784e+11;;
;US-IL;2011;p99p100;1162112.75;;;0.1973122209;0.1973122209
;US-IL;2011;p99.9p100;5247086.5;;;0.0890889615;0.0890889615
;US-IL;2011;p99.99p100;23193720.0;;;0.0393800363;0.0393800363
;US-IL;2011;p90p100;;;;0.4847933948;0.4847933948
;US-IL;2011;p90p91;285529.53125;;;;
;US-IL;2011;p95p96;426808.65625;;;;
;US-IL;2011;p95p100;;;;0.362333864;0.362333864
;US-IL;2011;p99.5p100;1819824.25;;;0.1544916928;0.1544916928
;US-IL;2010;p0p100;58906.7890625;;3.91691370496e+11;;
;US-IL;2010;p99p100;1198749.0;;;0.2034992874;0.2034992874
;US-IL;2010;p99.9p100;5606520.0;;;0.0951761231;0.0951761231
;US-IL;2010;p99.99p100;26360406.0;;;0.0447493494;0.0447493494
;US-IL;2010;p90p100;;;;0.48657161;0.48657161
;US-IL;2010;p90p91;286623.71875;;;;
;US-IL;2010;p95p96;430787.8125;;;;
;US-IL;2010;p95p100;;;;0.3656520844;0.3656520844
;US-IL;2010;p99.5p100;1895396.875;;;0.1608809978;0.1608809978
;US-IL;2009;p0p100;57982.9375;;3.81246930944e+11;;
;US-IL;2009;p99p100;1066430.375;;;0.1839214116;0.1839214116
;US-IL;2009;p99.9p100;4892470.0;;;0.0843777508;0.0843777508
;US-IL;2009;p99.99p100;23015540.0;;;0.0396936424;0.0396936424
;US-IL;2009;p90p100;;;;0.4673561454;0.4673561454
;US-IL;2009;p90p91;270986.8125;;;;
;US-IL;2009;p95p96;400968.0;;;;
;US-IL;2009;p95p100;;;;0.3457638025;0.3457638025
;US-IL;2009;p99.5p100;1666944.375;;;0.1437443793;0.1437443793
;US-IL;2008;p0p100;64826.9648438;;4.2278682624e+11;;
;US-IL;2008;p99p100;1427644.375;;;0.2202238441;0.2202238441
;US-IL;2008;p99.9p100;7281553.5;;;0.1123229116;0.1123229116
;US-IL;2008;p99.99p100;36205596.0;;;0.0558495931;0.0558495931
;US-IL;2008;p90p100;;;;0.4909616709;0.4909616709
;US-IL;2008;p90p91;318275.53125;;;;
;US-IL;2008;p95p96;488564.0;;;;
;US-IL;2008;p95p100;;;;0.3768216074;0.3768216074
;US-IL;2008;p99.5p100;2317930.0;;;0.1787782311;0.1787782311
;US-IL;2007;p0p100;69640.7734375;;4.53638291456e+11;;
;US-IL;2007;p99p100;1717423.25;;;0.2466117144;0.2466117144
;US-IL;2007;p99.9p100;9153599.0;;;0.1314402074;0.1314402074
;US-IL;2007;p99.99p100;45934180.0;;;0.0659587383;0.0659587383
;US-IL;2007;p90p100;;;;0.5084796548;0.5084796548
;US-IL;2007;p90p91;354109.1875;;;;
;US-IL;2007;p95p96;557151.625;;;;
;US-IL;2007;p95p100;;;;0.4000182152;0.4000182152
;US-IL;2007;p99.5p100;2839947.0;;;0.2038997114;0.2038997114
;US-IL;2006;p0p100;68083.4609375;;4.33203216384e+11;;
;US-IL;2006;p99p100;1562604.75;;;0.2295131236;0.2295131236
;US-IL;2006;p99.9p100;7928748.5;;;0.1164563;0.1164563
;US-IL;2006;p99.99p100;37334344.0;;;0.0548361391;0.0548361391
;US-IL;2006;p90p100;;;;0.4924628437;0.4924628437
;US-IL;2006;p90p91;335285.75;;;;
;US-IL;2006;p95p96;521715.21875;;;;
;US-IL;2006;p95p100;;;;0.3831438422;0.3831438422
;US-IL;2006;p99.5p100;2548502.75;;;0.187160179;0.187160179
;US-IL;2005;p0p100;65802.78125;;4.13167583232e+11;;
;US-IL;2005;p99p100;1424883.625;;;0.2165384889;0.2165384889
;US-IL;2005;p99.9p100;7054600.5;;;0.1072082296;0.1072082296
;US-IL;2005;p99.99p100;32535216.0;;;0.0494435243;0.0494435243
;US-IL;2005;p90p100;;;;0.4793427885;0.4793427885
;US-IL;2005;p90p91;315420.90625;;;;
;US-IL;2005;p95p96;487327.5625;;;;
;US-IL;2005;p95p100;;;;0.3702940047;0.3702940047
;US-IL;2005;p99.5p100;2302303.75;;;0.174939692;0.174939692
;US-IL;2004;p0p100;63802.2304688;;3.96952961024e+11;;
;US-IL;2004;p99p100;1281742.0;;;0.20089297;0.20089297
;US-IL;2004;p99.9p100;6156251.5;;;0.0964895934;0.0964895934
;US-IL;2004;p99.99p100;28308298.0;;;0.0443688221;0.0443688221
;US-IL;2004;p90p100;;;;0.4655237496;0.4655237496
;US-IL;2004;p90p91;297014.53125;;;;
;US-IL;2004;p95p96;452820.4375;;;;
;US-IL;2004;p95p100;;;;0.3548625708;0.3548625708
;US-IL;2004;p99.5p100;2044405.125;;;0.1602142304;0.1602142304
;US-IL;2003;p0p100;59662.03125;;3.77239404544e+11;;
;US-IL;2003;p99p100;1071231.0;;;0.1795498729;0.1795498729
;US-IL;2003;p99.9p100;4810181.5;;;0.0806238279;0.0806238279
;US-IL;2003;p99.99p100;21361320.0;;;0.0358038768;0.0358038768
;US-IL;2003;p90p100;;;;0.4500976801;0.4500976801
;US-IL;2003;p90p91;268537.4375;;;;
;US-IL;2003;p95p96;393680.40625;;;;
;US-IL;2003;p95p100;;;;0.3299254179;0.3299254179
;US-IL;2003;p99.5p100;1671251.125;;;0.1400598586;0.1400598586
;US-IL;2002;p0p100;60503.5820312;;3.79284226048e+11;;
;US-IL;2002;p99p100;1055984.375;;;0.1745325327;0.1745325327
;US-IL;2002;p99.9p100;4663574.5;;;0.077079311;0.077079311
;US-IL;2002;p99.99p100;20251746.0;;;0.0334719792;0.0334719792
;US-IL;2002;p90p100;;;;0.442561686;0.442561686
;US-IL;2002;p90p91;267765.65625;;;;
;US-IL;2002;p95p96;390338.125;;;;
;US-IL;2002;p95p100;;;;0.3225743771;0.3225743771
;US-IL;2002;p99.5p100;1639858.375;;;0.1355174631;0.1355174631
;US-IL;2001;p0p100;63711.4296875;;3.93307062272e+11;;
;US-IL;2001;p99p100;1142759.5;;;0.1793649048;0.1793649048
;US-IL;2001;p99.9p100;4944633.5;;;0.0776098296;0.0776098296
;US-IL;2001;p99.99p100;20443592.0;;;0.0320877917;0.0320877917
;US-IL;2001;p90p100;;;;0.4431661963;0.4431661963
;US-IL;2001;p90p91;282347.53125;;;;
;US-IL;2001;p95p96;420812.3125;;;;
;US-IL;2001;p95p100;;;;0.3302486539;0.3302486539
;US-IL;2001;p99.5p100;1768426.125;;;0.1387840509;0.1387840509
;US-IL;2000;p0p100;68936.15625;;4.16235094016e+11;;
;US-IL;2000;p99p100;1460575.625;;;0.2118736655;0.2118736655
;US-IL;2000;p99.9p100;6919796.5;;;0.1003797799;0.1003797799
;US-IL;2000;p99.99p100;30041758.0;;;0.0435791016;0.0435791016
;US-IL;2000;p90p100;;;;0.4715552032;0.4715552032
;US-IL;2000;p90p91;325072.0625;;;;
;US-IL;2000;p95p96;501029.9375;;;;
;US-IL;2000;p95p100;;;;0.363401413;0.363401413
;US-IL;2000;p99.5p100;2331778.0;;;0.1691258997;0.1691258997
;US-IL;1999;p0p100;68046.6953125;;3.99366258688e+11;;
;US-IL;1999;p99p100;1383380.0;;;0.2032986134;0.2032986134
;US-IL;1999;p99.9p100;6350613.5;;;0.0933272839;0.0933272839
;US-IL;1999;p99.99p100;26325512.0;;;0.0386874229;0.0386874229
;US-IL;1999;p90p100;;;;0.4650701582;0.4650701582
;US-IL;1999;p90p91;316464.875;;;;
;US-IL;1999;p95p96;483284.53125;;;;
;US-IL;1999;p95p100;;;;0.3551124334;0.3551124334
;US-IL;1999;p99.5p100;2192083.75;;;0.1610720307;0.1610720307
;US-IL;1998;p0p100;65543.5546875;;3.79887714304e+11;;
;US-IL;1998;p99p100;1312293.5;;;0.2002170086;0.2002170086
;US-IL;1998;p99.9p100;6114251.5;;;0.0932853147;0.0932853147
;US-IL;1998;p99.99p100;26213174.0;;;0.0399935171;0.0399935171
;US-IL;1998;p90p100;;;;0.4552699924;0.4552699924
;US-IL;1998;p90p91;298400.15625;;;;
;US-IL;1998;p95p96;454166.65625;;;;
;US-IL;1998;p95p100;;;;0.3464617133;0.3464617133
;US-IL;1998;p99.5p100;2086062.5;;;0.159135595;0.159135595
;US-IL;1997;p0p100;61900.0703125;;3.56162469888e+11;;
;US-IL;1997;p99p100;1163158.0;;;0.1879090071;0.1879090071
;US-IL;1997;p99.9p100;5224642.5;;;0.0844044685;0.0844044685
;US-IL;1997;p99.99p100;21972710.0;;;0.0354970656;0.0354970656
;US-IL;1997;p90p100;;;;0.4447179437;0.4447179437
;US-IL;1997;p90p91;275280.71875;;;;
;US-IL;1997;p95p96;414156.03125;;;;
;US-IL;1997;p95p100;;;;0.3345359862;0.3345359862
;US-IL;1997;p99.5p100;1830792.0;;;0.1478828788;0.1478828788
;US-IL;1996;p0p100;57792.3945312;;3.32732235776e+11;;
;US-IL;1996;p99p100;1003045.125;;;0.1735600531;0.1735600531
;US-IL;1996;p99.9p100;4423104.0;;;0.0765343606;0.0765343606
;US-IL;1996;p99.99p100;18987704.0;;;0.032855019;0.032855019
;US-IL;1996;p90p100;;;;0.434930563;0.434930563
;US-IL;1996;p90p91;251356.78125;;;;
;US-IL;1996;p95p96;372110.4375;;;;
;US-IL;1996;p95p100;;;;0.3219372034;0.3219372034
;US-IL;1996;p99.5p100;1559260.5;;;0.1349018812;0.1349018812
;US-IL;1995;p0p100;54517.9453125;;3.13107808256e+11;;
;US-IL;1995;p99p100;885333.6875;;;0.1623930931;0.1623930931
;US-IL;1995;p99.9p100;3719988.5;;;0.0682342052;0.0682342052
;US-IL;1995;p99.99p100;15227585.0;;;0.027931327;0.027931327
;US-IL;1995;p90p100;;;;0.4268072248;0.4268072248
;US-IL;1995;p90p91;232686.515625;;;;
;US-IL;1995;p95p96;339586.8125;;;;
;US-IL;1995;p95p100;;;;0.3114450276;0.3114450276
;US-IL;1995;p99.5p100;1357379.5;;;0.1244892478;0.1244892478
;US-IL;1994;p0p100;52026.5507812;;2.98153639936e+11;;
;US-IL;1994;p99p100;808518.0625;;;0.1554048955;0.1554048955
;US-IL;1994;p99.9p100;3393556.0;;;0.0652273893;0.0652273893
;US-IL;1994;p99.99p100;14297485.0;;;0.0274811313;0.0274811313
;US-IL;1994;p90p100;;;;0.416796267;0.416796267
;US-IL;1994;p90p91;216844.71875;;;;
;US-IL;1994;p95p96;313706.28125;;;;
;US-IL;1994;p95p100;;;;0.3014867008;0.3014867008
;US-IL;1994;p99.5p100;1236695.125;;;0.1188523173;0.1188523173
;US-IL;1993;p0p100;50660.265625;;2.8954099712e+11;;
;US-IL;1993;p99p100;764953.1875;;;0.1509966701;0.1509966701
;US-IL;1993;p99.9p100;3137540.25;;;0.0619329549;0.0619329549
;US-IL;1993;p99.99p100;12931935.0;;;0.0255267788;0.0255267788
;US-IL;1993;p90p100;;;;0.4123473465;0.4123473465
;US-IL;1993;p90p91;208896.28125;;;;
;US-IL;1993;p95p96;300771.59375;;;;
;US-IL;1993;p95p100;;;;0.2968515456;0.2968515456
;US-IL;1993;p99.5p100;1164643.125;;;0.1149464101;0.1149464101
;US-IL;1992;p0p100;51342.796875;;2.907693056e+11;;
;US-IL;1992;p99p100;791112.4375;;;0.1540844142;0.1540844142
;US-IL;1992;p99.9p100;3318581.75;;;0.0646357834;0.0646357834
;US-IL;1992;p99.99p100;13827685.0;;;0.0269320849;0.0269320849
;US-IL;1992;p90p100;;;;0.4095558524;0.4095558524
;US-IL;1992;p90p91;210277.40625;;;;
;US-IL;1992;p95p96;302730.9375;;;;
;US-IL;1992;p95p100;;;;0.294813484;0.294813484
;US-IL;1992;p99.5p100;1215141.125;;;0.1183360964;0.1183360964
;US-IL;1991;p0p100;50086.7734375;;2.79745855488e+11;;
;US-IL;1991;p99p100;704339.125;;;0.1406237781;0.1406237781
;US-IL;1991;p99.9p100;2733912.75;;;0.0545835271;0.0545835271
;US-IL;1991;p99.99p100;10572925.0;;;0.0211092159;0.0211092159
;US-IL;1991;p90p100;;;;0.3999453783;0.3999453783
;US-IL;1991;p90p91;200319.734375;;;;
;US-IL;1991;p95p96;283664.15625;;;;
;US-IL;1991;p95p100;;;;0.2831727266;0.2831727266
;US-IL;1991;p99.5p100;1056723.625;;;0.1054892913;0.1054892913
;US-IL;1990;p0p100;52154.0820312;;2.8742156288e+11;;
;US-IL;1990;p99p100;773511.25;;;0.1483127028;0.1483127028
;US-IL;1990;p99.9p100;3136695.25;;;0.0601428598;0.0601428598
;US-IL;1990;p99.99p100;12537373.0;;;0.0240391046;0.0240391046
;US-IL;1990;p90p100;;;;0.3972961605;0.3972961605
;US-IL;1990;p90p91;207206.15625;;;;
;US-IL;1990;p95p96;299742.34375;;;;
;US-IL;1990;p95p100;;;;0.2873623073;0.2873623073
;US-IL;1990;p99.5p100;1180705.375;;;0.113193959;0.113193959
;US-IL;1989;p0p100;51905.2734375;;2.83546320896e+11;;
;US-IL;1989;p99p100;776605.25;;;0.1496197134;0.1496197134
;US-IL;1989;p99.9p100;3292551.5;;;0.0634338558;0.0634338558
;US-IL;1989;p99.99p100;13791374.0;;;0.0265702736;0.0265702736
;US-IL;1989;p90p100;;;;0.4044053853;0.4044053853
;US-IL;1989;p90p91;209907.71875;;;;
;US-IL;1989;p95p96;301107.53125;;;;
;US-IL;1989;p95p100;;;;0.2900548279;0.2900548279
;US-IL;1989;p99.5p100;1196278.875;;;0.1152367294;0.1152367294
;US-IL;1988;p0p100;51698.84375;;2.831147008e+11;;
;US-IL;1988;p99p100;835657.5;;;0.1616394967;0.1616394967
;US-IL;1988;p99.9p100;3771699.25;;;0.0729551986;0.0729551986
;US-IL;1988;p99.99p100;16332510.0;;;0.0315916352;0.0315916352
;US-IL;1988;p90p100;;;;0.4121250808;0.4121250808
;US-IL;1988;p90p91;213063.90625;;;;
;US-IL;1988;p95p96;309807.125;;;;
;US-IL;1988;p95p100;;;;0.2996267676;0.2996267676
;US-IL;1988;p99.5p100;1315426.625;;;0.127220124;0.127220124
;US-IL;1987;p0p100;48260.7773438;;2.64118239232e+11;;
;US-IL;1987;p99p100;637470.0;;;0.1320886314;0.1320886314
;US-IL;1987;p99.9p100;2537796.5;;;0.0525850728;0.0525850728
;US-IL;1987;p99.99p100;10168908.0;;;0.0210707504;0.0210707504
;US-IL;1987;p90p100;;;;0.3877454698;0.3877454698
;US-IL;1987;p90p91;187128.96875;;;;
;US-IL;1987;p95p96;261939.84375;;;;
;US-IL;1987;p95p100;;;;0.2713796496;0.2713796496
;US-IL;1987;p99.5p100;959559.8125;;;0.0994140506;0.0994140506
;US-IL;1986;p0p100;49953.6992188;;2.70611644416e+11;;
;US-IL;1986;p99p100;776627.0;;;0.1554693878;0.1554693878
;US-IL;1986;p99.9p100;3593399.25;;;0.0719346032;0.0719346032
;US-IL;1986;p99.99p100;16171098.0;;;0.0323721766;0.0323721766
;US-IL;1986;p90p100;;;;0.3987441361;0.3987441361
;US-IL;1986;p90p91;199187.421875;;;;
;US-IL;1986;p95p96;288706.59375;;;;
;US-IL;1986;p95p100;;;;0.2889742255;0.2889742255
;US-IL;1986;p99.5p100;1230003.5;;;0.1231143698;0.1231143698
;US-IL;1985;p0p100;46717.203125;;2.486255616e+11;;
;US-IL;1985;p99p100;574016.1875;;;0.122870408;0.122870408
;US-IL;1985;p99.9p100;2388927.75;;;0.0511359274;0.0511359274
;US-IL;1985;p99.99p100;9945772.0;;;0.0212893113;0.0212893113
;US-IL;1985;p90p100;;;;0.3667542934;0.3667542934
;US-IL;1985;p90p91;171337.359375;;;;
;US-IL;1985;p95p96;238509.1875;;;;
;US-IL;1985;p95p100;;;;0.2552691102;0.2552691102
;US-IL;1985;p99.5p100;870300.0;;;0.0931455567;0.0931455567
;US-IL;1984;p0p100;45356.7929688;;2.37245612032e+11;;
;US-IL;1984;p99p100;536747.1875;;;0.1183388829;0.1183388829
;US-IL;1984;p99.9p100;2218398.25;;;0.0489099436;0.0489099436
;US-IL;1984;p99.99p100;9547334.0;;;0.0210494045;0.0210494045
;US-IL;1984;p90p100;;;;0.3618475497;0.3618475497
;US-IL;1984;p90p91;164122.4375;;;;
;US-IL;1984;p95p96;226013.546875;;;;
;US-IL;1984;p95p100;;;;0.2491507232;0.2491507232
;US-IL;1984;p99.5p100;807982.5625;;;0.0890696347;0.0890696347
;US-IL;1983;p0p100;43596.7421875;;2.24189677568e+11;;
;US-IL;1983;p99p100;505681.96875;;;0.1159907654;0.1159907654
;US-IL;1983;p99.9p100;2025108.125;;;0.0464509018;0.0464509018
;US-IL;1983;p99.99p100;8258192.0;;;0.018942222;0.018942222
;US-IL;1983;p90p100;;;;0.3616966009;0.3616966009
;US-IL;1983;p90p91;157687.9375;;;;
;US-IL;1983;p95p96;215357.859375;;;;
;US-IL;1983;p95p100;;;;0.2469884753;0.2469884753
;US-IL;1983;p99.5p100;756554.6875;;;0.0867673382;0.0867673382
;US-IL;1982;p0p100;44271.7890625;;2.30578061312e+11;;
;US-IL;1982;p99p100;480721.21875;;;0.1085840911;0.1085840911
;US-IL;1982;p99.9p100;1859409.625;;;0.0419998765;0.0419998765
;US-IL;1982;p99.99p100;7720328.5;;;0.0174384825;0.0174384825
;US-IL;1982;p90p100;;;;0.350171268;0.350171268
;US-IL;1982;p90p91;155027.078125;;;;
;US-IL;1982;p95p96;209654.421875;;;;
;US-IL;1982;p95p100;;;;0.2367810607;0.2367810607
;US-IL;1982;p99.5p100;709343.125;;;0.0801123157;0.0801123157
;US-IL;1981;p0p100;45298.8125;;2.33848078336e+11;;
;US-IL;1981;p99p100;439362.09375;;;0.0969919711;0.0969919711
;US-IL;1981;p99.9p100;1497586.5;;;0.0330601744;0.0330601744
;US-IL;1981;p99.99p100;5265697.5;;;0.0116243605;0.0116243605
;US-IL;1981;p90p100;;;;0.3346009851;0.3346009851
;US-IL;1981;p90p91;151570.265625;;;;
;US-IL;1981;p95p96;201321.984375;;;;
;US-IL;1981;p95p100;;;;0.2222155184;0.2222155184
;US-IL;1981;p99.5p100;628358.3125;;;0.069357045;0.069357045
;US-IL;1980;p0p100;46192.234375;;2.35668488192e+11;;
;US-IL;1980;p99p100;441065.53125;;;0.0954847783;0.0954847783
;US-IL;1980;p99.9p100;1423667.625;;;0.0308204945;0.0308204945
;US-IL;1980;p99.99p100;5042180.0;;;0.0109156445;0.0109156445
;US-IL;1980;p90p100;;;;0.3313531578;0.3313531578
;US-IL;1980;p90p91;153059.421875;;;;
;US-IL;1980;p95p96;209321.765625;;;;
;US-IL;1980;p95p100;;;;0.2265768051;0.2265768051
;US-IL;1980;p99.5p100;617654.9375;;;0.0668570101;0.0668570101
;US-IL;1979;p0p100;47522.328125;;2.41828757504e+11;;
;US-IL;1979;p99p100;459705.71875;;;0.0967346728;0.0967346728
;US-IL;1979;p99.9p100;1531190.125;;;0.0322204307;0.0322204307
;US-IL;1979;p99.99p100;5914003.5;;;0.0124446824;0.0124446824
;US-IL;1979;p90p100;;;;0.3316119611;0.3316119611
;US-IL;1979;p90p91;157589.734375;;;;
;US-IL;1979;p95p96;212518.671875;;;;
;US-IL;1979;p95p100;;;;0.2235987335;0.2235987335
;US-IL;1979;p99.5p100;651580.625;;;0.0685551986;0.0685551986
;US-IL;1978;p0p100;47323.1367188;;2.35260182528e+11;;
;US-IL;1978;p99p100;411860.3125;;;0.0870314911;0.0870314911
;US-IL;1978;p99.9p100;1184817.375;;;0.0250367466;0.0250367466
;US-IL;1978;p99.99p100;3669853.25;;;0.0077548819;0.0077548819
;US-IL;1978;p90p100;;;;0.3244816959;0.3244816959
;US-IL;1978;p90p91;153554.921875;;;;
;US-IL;1978;p95p96;202772.40625;;;;
;US-IL;1978;p95p100;;;;0.214242354;0.214242354
;US-IL;1978;p99.5p100;564150.6875;;;0.0596062243;0.0596062243
;US-IL;1977;p0p100;46718.4453125;;2.28672602112e+11;;
;US-IL;1977;p99p100;414732.78125;;;0.0887728184;0.0887728184
;US-IL;1977;p99.9p100;1194620.625;;;0.0255706422;0.0255706422
;US-IL;1977;p99.99p100;3989154.5;;;0.0085387146;0.0085387146
;US-IL;1977;p90p100;;;;0.3242230415;0.3242230415
;US-IL;1977;p90p91;151471.953125;;;;
;US-IL;1977;p95p96;197806.21875;;;;
;US-IL;1977;p95p100;;;;0.2117003649;0.2117003649
;US-IL;1977;p99.5p100;566721.5625;;;0.0606528744;0.0606528744
;US-IL;1976;p0p100;45991.9375;;2.21781557248e+11;;
;US-IL;1976;p99p100;402073.8125;;;0.0874226689;0.0874226689
;US-IL;1976;p99.9p100;1141405.625;;;0.0248175133;0.0248175133
;US-IL;1976;p99.99p100;3576990.5;;;0.0077774297;0.0077774297
;US-IL;1976;p90p100;;;;0.3259723186;0.3259723186
;US-IL;1976;p90p91;149921.0;;;;
;US-IL;1976;p95p96;198346.875;;;;
;US-IL;1976;p95p100;;;;0.2156322002;0.2156322002
;US-IL;1976;p99.5p100;548052.6875;;;0.0595813841;0.0595813841
;US-IL;1975;p0p100;44938.7304688;;2.13628239872e+11;;
;US-IL;1975;p99p100;382318.21875;;;0.0850754455;0.0850754455
;US-IL;1975;p99.9p100;1051987.125;;;0.0234093647;0.0234093647
;US-IL;1975;p99.99p100;3305794.75;;;0.0073562264;0.0073562264
;US-IL;1975;p90p100;;;;0.3190617561;0.3190617561
;US-IL;1975;p90p91;143382.296875;;;;
;US-IL;1975;p95p96;188559.4375;;;;
;US-IL;1975;p95p100;;;;0.2097961605;0.2097961605
;US-IL;1975;p99.5p100;519763.65625;;;0.0578302555;0.0578302555
;US-IL;1974;p0p100;47235.4882812;;2.21298098176e+11;;
;US-IL;1974;p99p100;426920.25;;;0.0903812498;0.0903812498
;US-IL;1974;p99.9p100;1286204.625;;;0.0272296257;0.0272296257
;US-IL;1974;p99.99p100;4172616.5;;;0.0088336477;0.0088336477
;US-IL;1974;p90p100;;;;0.3275723755;0.3275723755
;US-IL;1974;p90p91;154730.40625;;;;
;US-IL;1974;p95p96;205947.796875;;;;
;US-IL;1974;p95p100;;;;0.2180011421;0.2180011421
;US-IL;1974;p99.5p100;591616.25;;;0.0626241341;0.0626241341
;US-IL;1973;p0p100;47954.6601562;;2.21593878528e+11;;
;US-IL;1973;p99p100;426930.03125;;;0.0890278667;0.0890278667
;US-IL;1973;p99.9p100;1267438.875;;;0.0264299456;0.0264299456
;US-IL;1973;p99.99p100;4641009.0;;;0.0096779121;0.0096779121
;US-IL;1973;p90p100;;;;0.3229677975;0.3229677975
;US-IL;1973;p90p91;154878.078125;;;;
;US-IL;1973;p95p96;206068.15625;;;;
;US-IL;1973;p95p100;;;;0.2148573101;0.2148573101
;US-IL;1973;p99.5p100;591969.875;;;0.0617218353;0.0617218353
;US-IL;1972;p0p100;46685.9804688;;2.12708786176e+11;;
;US-IL;1972;p99p100;437820.1875;;;0.0937797949;0.0937797949
;US-IL;1972;p99.9p100;1432758.5;;;0.0306892674;0.0306892674
;US-IL;1972;p99.99p100;5646750.5;;;0.0120951748;0.0120951748
;US-IL;1972;p90p100;;;;0.3256329;0.3256329
;US-IL;1972;p90p91;152024.90625;;;;
;US-IL;1972;p95p96;204295.5625;;;;
;US-IL;1972;p95p100;;;;0.2187975645;0.2187975645
;US-IL;1972;p99.5p100;606914.875;;;0.0649996921;0.0649996921
;US-IL;1971;p0p100;45350.2382812;;2.03504975872e+11;;
;US-IL;1971;p99p100;408767.9375;;;0.090135783;0.090135783
;US-IL;1971;p99.9p100;1272042.5;;;0.0280492976;0.0280492976
;US-IL;1971;p99.99p100;4631167.5;;;0.0102120014;0.0102120014
;US-IL;1971;p90p100;;;;0.3171439171;0.3171439171
;US-IL;1971;p90p91;143825.546875;;;;
;US-IL;1971;p95p96;191219.5;;;;
;US-IL;1971;p95p100;;;;0.2108252347;0.2108252347
;US-IL;1971;p99.5p100;570639.1875;;;0.062914677;0.062914677
;US-IL;1970;p0p100;45247.78125;;1.99607959552e+11;;
;US-IL;1970;p99p100;399875.53125;;;0.0883746147;0.0883746147
;US-IL;1970;p99.9p100;1240607.625;;;0.02741809;0.02741809
;US-IL;1970;p99.99p100;4644937.0;;;0.010265558;0.010265558
;US-IL;1970;p90p100;;;;0.3124703169;0.3124703169
;US-IL;1970;p90p91;141385.890625;;;;
;US-IL;1970;p95p96;189297.140625;;;;
;US-IL;1970;p95p100;;;;0.2091783583;0.2091783583
;US-IL;1970;p99.5p100;555121.5;;;0.0613423996;0.0613423996
;US-IL;1969;p0p100;46088.4765625;;2.01553133568e+11;;
;US-IL;1969;p99p100;472698.875;;;0.1025633588;0.1025633588
;US-IL;1969;p99.9p100;1690257.125;;;0.0366741829;0.0366741829
;US-IL;1969;p99.99p100;7087671.0;;;0.0153784025;0.0153784025
;US-IL;1969;p90p100;;;;0.3280116022;0.3280116022
;US-IL;1969;p90p91;151175.546875;;;;
;US-IL;1969;p95p96;207364.359375;;;;
;US-IL;1969;p95p100;;;;0.2249633521;0.2249633521
;US-IL;1969;p99.5p100;679790.4375;;;0.0737484172;0.0737484172
;US-IL;1968;p0p100;45744.6054688;;1.9867942912e+11;;
;US-IL;1968;p99p100;510196.25;;;0.1115314588;0.1115314588
;US-IL;1968;p99.9p100;1780828.625;;;0.0389298089;0.0389298089
;US-IL;1968;p99.99p100;6835579.5;;;0.0149429198;0.0149429198
;US-IL;1968;p90p100;;;;0.3383339345;0.3383339345
;US-IL;1968;p90p91;154769.53125;;;;
;US-IL;1968;p95p96;216301.109375;;;;
;US-IL;1968;p95p100;;;;0.2364225388;0.2364225388
;US-IL;1968;p99.5p100;737635.375;;;0.0806253999;0.0806253999
;US-IL;1967;p0p100;44723.28125;;1.92864927744e+11;;
;US-IL;1967;p99p100;475175.9375;;;0.1062479988;0.1062479988
;US-IL;1967;p99.9p100;1630009.25;;;0.036446549;0.036446549
;US-IL;1967;p99.99p100;6271714.0;;;0.0140233757;0.0140233757
;US-IL;1967;p90p100;;;;0.3315924406;0.3315924406
;US-IL;1967;p90p91;148299.015625;;;;
;US-IL;1967;p95p96;205475.359375;;;;
;US-IL;1967;p95p100;;;;0.229718551;0.229718551
;US-IL;1967;p99.5p100;679843.875;;;0.0760055929;0.0760055929
;US-IL;1966;p0p100;43137.515625;;1.84532271104e+11;;
;US-IL;1966;p99p100;444667.53125;;;0.1030814052;0.1030814052
;US-IL;1966;p99.9p100;1523258.0;;;0.0353116766;0.0353116766
;US-IL;1966;p99.99p100;6093940.0;;;0.0141267758;0.0141267758
;US-IL;1966;p90p100;;;;0.32686764;0.32686764
;US-IL;1966;p90p91;141002.5625;;;;
;US-IL;1966;p95p96;192898.25;;;;
;US-IL;1966;p95p100;;;;0.2235852629;0.2235852629
;US-IL;1966;p99.5p100;635250.6875;;;0.0736308917;0.0736308917
;US-IL;1965;p0p100;41328.5507812;;1.75250833408e+11;;
;US-IL;1965;p99p100;450681.4375;;;0.1090484336;0.1090484336
;US-IL;1965;p99.9p100;1533319.375;;;0.0371007249;0.0371007249
;US-IL;1965;p99.99p100;6128710.5;;;0.0148292398;0.0148292398
;US-IL;1965;p90p100;;;;0.3300645351;0.3300645351
;US-IL;1965;p90p91;136410.90625;;;;
;US-IL;1965;p95p96;190854.15625;;;;
;US-IL;1965;p95p100;;;;0.2308986634;0.2308986634
;US-IL;1965;p99.5p100;640125.4375;;;0.0774434805;0.0774434805
;US-IL;1964;p0p100;39113.7304688;;1.64248666112e+11;;
;US-IL;1964;p99p100;400490.28125;;;0.1023912355;0.1023912355
;US-IL;1964;p99.9p100;1238589.25;;;0.0316663608;0.0316663608
;US-IL;1964;p99.99p100;4459840.0;;;0.0114022382;0.0114022382
;US-IL;1964;p90p100;;;;0.3249381185;0.3249381185
;US-IL;1964;p90p91;127095.40625;;;;
;US-IL;1964;p95p96;177768.640625;;;;
;US-IL;1964;p95p100;;;;0.2272458524;0.2272458524
;US-IL;1964;p99.5p100;556960.625;;;0.0711975917;0.0711975917
;US-IL;1963;p0p100;37125.875;;1.54167427072e+11;;
;US-IL;1963;p99p100;362232.125;;;0.0975686386;0.0975686386
;US-IL;1963;p99.9p100;1130625.125;;;0.0304538291;0.0304538291
;US-IL;1963;p99.99p100;3813425.5;;;0.0102716107;0.0102716107
;US-IL;1963;p90p100;;;;0.3250034451;0.3250034451
;US-IL;1963;p90p91;120660.375;;;;
;US-IL;1963;p95p96;164470.25;;;;
;US-IL;1963;p95p100;;;;0.221503526;0.221503526
;US-IL;1963;p99.5p100;509201.1875;;;0.0685776696;0.0685776696
;US-IL;1962;p0p100;36230.34375;;1.48695334912e+11;;
;US-IL;1962;p99p100;364563.65625;;;0.1006238386;0.1006238386
;US-IL;1962;p99.9p100;1184940.25;;;0.0327057354;0.0327057354
;US-IL;1962;p99.99p100;4311259.5;;;0.0118995812;0.0118995812
;US-IL;1962;p90p100;;;;0.3266014755;0.3266014755
;US-IL;1962;p90p91;118328.851562;;;;
;US-IL;1962;p95p96;162104.765625;;;;
;US-IL;1962;p95p100;;;;0.2237140685;0.2237140685
;US-IL;1962;p99.5p100;521833.84375;;;0.07201612;0.07201612
;US-IL;1961;p0p100;35653.0664062;;1.44473063424e+11;;
;US-IL;1961;p99p100;378862.625;;;0.1062636971;0.1062636971
;US-IL;1961;p99.9p100;1334505.625;;;0.0374303199;0.0374303199
;US-IL;1961;p99.99p100;4961157.5;;;0.0139150945;0.0139150945
;US-IL;1961;p90p100;;;;0.3317835927;0.3317835927
;US-IL;1961;p90p91;118291.023438;;;;
;US-IL;1961;p95p96;163716.5625;;;;
;US-IL;1961;p95p100;;;;0.2295967489;0.2295967489
;US-IL;1961;p99.5p100;550174.75;;;0.07715673;0.07715673
;US-IL;1960;p0p100;34832.8945312;;1.3918928896e+11;;
;US-IL;1960;p99p100;349003.84375;;;0.1001937538;0.1001937538
;US-IL;1960;p99.9p100;1135153.125;;;0.0325885378;0.0325885378
;US-IL;1960;p99.99p100;3845641.25;;;0.0110402573;0.0110402573
;US-IL;1960;p90p100;;;;0.3255468309;0.3255468309
;US-IL;1960;p90p91;113397.375;;;;
;US-IL;1960;p95p96;154844.09375;;;;
;US-IL;1960;p95p100;;;;0.2222670615;0.2222670615
;US-IL;1960;p99.5p100;496933.71875;;;0.0713310987;0.0713310987
;US-IL;1959;p0p100;34847.1796875;;1.38686889984e+11;;
;US-IL;1959;p99p100;355193.59375;;;0.1019289345;0.1019289345
;US-IL;1959;p99.9p100;1118699.5;;;0.0321030095;0.0321030095
;US-IL;1959;p99.99p100;3569101.25;;;0.010242153;0.010242153
;US-IL;1959;p90p100;;;;0.3225995004;0.3225995004
;US-IL;1959;p90p91;112416.828125;;;;
;US-IL;1959;p95p96;154402.1875;;;;
;US-IL;1959;p95p100;;;;0.2215418667;0.2215418667
;US-IL;1959;p99.5p100;507595.0625;;;0.072831586;0.072831586
;US-IL;1958;p0p100;32758.0273438;;1.29705869312e+11;;
;US-IL;1958;p99p100;326741.59375;;;0.0997439772;0.0997439772
;US-IL;1958;p99.9p100;1031335.375;;;0.0314834379;0.0314834379
;US-IL;1958;p99.99p100;3068879.25;;;0.0093683274;0.0093683274
;US-IL;1958;p90p100;;;;0.3241544962;0.3241544962
;US-IL;1958;p90p91;106186.625;;;;
;US-IL;1958;p95p96;145345.046875;;;;
;US-IL;1958;p95p100;;;;0.2218464613;0.2218464613
;US-IL;1958;p99.5p100;455496.28125;;;0.0695243776;0.0695243776
;US-IL;1957;p0p100;33987.7226562;;1.33856632832e+11;;
;US-IL;1957;p99p100;336072.0625;;;0.0988804251;0.0988804251
;US-IL;1957;p99.9p100;1007278.5;;;0.0296365358;0.0296365358
;US-IL;1957;p99.99p100;3157959.75;;;0.0092914719;0.0092914719
;US-IL;1957;p90p100;;;;0.3170932829;0.3170932829
;US-IL;1957;p90p91;107772.789062;;;;
;US-IL;1957;p95p96;147896.578125;;;;
;US-IL;1957;p95p100;;;;0.2175735384;0.2175735384
;US-IL;1957;p99.5p100;475430.40625;;;0.0699414834;0.0699414834
;US-IL;1956;p0p100;34430.6171875;;1.34662037504e+11;;
;US-IL;1956;p99p100;359006.71875;;;0.1042696163;0.1042696163
;US-IL;1956;p99.9p100;1119233.125;;;0.0325069167;0.0325069167
;US-IL;1956;p99.99p100;3635603.5;;;0.010559218;0.010559218
;US-IL;1956;p90p100;;;;0.3234822452;0.3234822452
;US-IL;1956;p90p91;111376.929688;;;;
;US-IL;1956;p95p96;153656.453125;;;;
;US-IL;1956;p95p100;;;;0.223139286;0.223139286
;US-IL;1956;p99.5p100;508947.34375;;;0.0739091262;0.0739091262
;US-IL;1955;p0p100;32830.7109375;;1.2752863232e+11;;
;US-IL;1955;p99p100;330825.53125;;;0.1007670984;0.1007670984
;US-IL;1955;p99.9p100;1034807.4375;;;0.0315194987;0.0315194987
;US-IL;1955;p99.99p100;3533864.75;;;0.0107639004;0.0107639004
;US-IL;1955;p90p100;;;;0.3267439604;0.3267439604
;US-IL;1955;p90p91;107272.359375;;;;
;US-IL;1955;p95p96;145819.421875;;;;
;US-IL;1955;p95p100;;;;0.222077772;0.222077772
;US-IL;1955;p99.5p100;462167.25;;;0.0703864247;0.0703864247
;US-IL;1954;p0p100;31196.1816406;;1.20336809984e+11;;
;US-IL;1954;p99p100;334038.875;;;0.1070768535;0.1070768535
;US-IL;1954;p99.9p100;975912.0625;;;0.031283062;0.031283062
;US-IL;1954;p99.99p100;2744773.5;;;0.0087984279;0.0087984279
;US-IL;1954;p90p100;;;;0.3362663984;0.3362663984
;US-IL;1954;p90p91;104902.273438;;;;
;US-IL;1954;p95p96;144779.078125;;;;
;US-IL;1954;p95p100;;;;0.232046172;0.232046172
;US-IL;1954;p99.5p100;471063.125;;;0.0755001232;0.0755001232
;US-IL;1953;p0p100;31438.875;;1.20413446144e+11;;
;US-IL;1953;p99p100;311470.5625;;;0.0990717858;0.0990717858
;US-IL;1953;p99.9p100;930292.9375;;;0.0295905303;0.0295905303
;US-IL;1953;p99.99p100;2856583.5;;;0.0090861507;0.0090861507
;US-IL;1953;p90p100;;;;0.321562022;0.321562022
;US-IL;1953;p90p91;101095.476562;;;;
;US-IL;1953;p95p96;137601.59375;;;;
;US-IL;1953;p95p100;;;;0.2188398838;0.2188398838
;US-IL;1953;p99.5p100;440564.5;;;0.0700668395;0.0700668395
;US-IL;1952;p0p100;30062.6835938;;1.14418991104e+11;;
;US-IL;1952;p99p100;319949.71875;;;0.106427528;0.106427528
;US-IL;1952;p99.9p100;1003542.8125;;;0.0333816819;0.0333816819
;US-IL;1952;p99.99p100;3192664.0;;;0.0106200241;0.0106200241
;US-IL;1952;p90p100;;;;0.3319575787;0.3319575787
;US-IL;1952;p90p91;99795.34375;;;;
;US-IL;1952;p95p96;137882.265625;;;;
;US-IL;1952;p95p100;;;;0.2293246388;0.2293246388
;US-IL;1952;p99.5p100;456411.65625;;;0.075910002;0.075910002
;US-IL;1951;p0p100;29680.2402344;;1.12167575552e+11;;
;US-IL;1951;p99p100;346524.0625;;;0.1167524457;0.1167524457
;US-IL;1951;p99.9p100;1097547.875;;;0.0369790792;0.0369790792
;US-IL;1951;p99.99p100;3380689.5;;;0.0113903722;0.0113903722
;US-IL;1951;p90p100;;;;0.3306263983;0.3306263983
;US-IL;1951;p90p91;98130.7109375;;;;
;US-IL;1951;p95p96;144396.1875;;;;
;US-IL;1951;p95p100;;;;0.243253082;0.243253082
;US-IL;1951;p99.5p100;497645.96875;;;0.0838345587;0.0838345587
;US-IL;1950;p0p100;28931.296875;;1.08561170432e+11;;
;US-IL;1950;p99p100;365950.96875;;;0.1264896542;0.1264896542
;US-IL;1950;p99.9p100;1216717.5;;;0.0420554094;0.0420554094
;US-IL;1950;p99.99p100;3157710.5;;;0.0109145148;0.0109145148
;US-IL;1950;p90p100;;;;0.3382984698;0.3382984698
;US-IL;1950;p90p91;97874.1328125;;;;
;US-IL;1950;p95p96;146976.203125;;;;
;US-IL;1950;p95p100;;;;0.2540090084;0.2540090084
;US-IL;1950;p99.5p100;531063.3125;;;0.0917800739;0.0917800739
;US-IL;1949;p0p100;26465.890625;;98325086208.0;;
;US-IL;1949;p99p100;309773.5;;;0.1170463264;0.1170463264
;US-IL;1949;p99.9p100;960661.3125;;;0.0362980925;0.0362980925
;US-IL;1949;p99.99p100;2814015.75;;;0.0106326137;0.0106326137
;US-IL;1949;p90p100;;;;0.3441449702;0.3441449702
;US-IL;1949;p90p91;91081.03125;;;;
;US-IL;1949;p95p96;130633.414062;;;;
;US-IL;1949;p95p100;;;;0.2467958033;0.2467958033
;US-IL;1949;p99.5p100;442199.1875;;;0.0835413337;0.0835413337
;US-IL;1948;p0p100;28080.9335938;;1.03595360256e+11;;
;US-IL;1948;p99p100;333046.21875;;;0.1186022609;0.1186022609
;US-IL;1948;p99.9p100;1059012.25;;;0.0377128571;0.0377128571
;US-IL;1948;p99.99p100;3237918.25;;;0.0115306647;0.0115306647
;US-IL;1948;p90p100;;;;0.3388567567;0.3388567567
;US-IL;1948;p90p91;95154.140625;;;;
;US-IL;1948;p95p96;137657.796875;;;;
;US-IL;1948;p95p100;;;;0.2451089919;0.2451089919
;US-IL;1948;p99.5p100;480031.15625;;;0.0854727849;0.0854727849
;US-IL;1947;p0p100;26273.609375;;96233922560.0;;
;US-IL;1947;p99p100;321750.03125;;;0.1224612966;0.1224612966
;US-IL;1947;p99.9p100;1016510.1875;;;0.038689401;0.038689401
;US-IL;1947;p99.99p100;3229162.75;;;0.0122905178;0.0122905178
;US-IL;1947;p90p100;;;;0.354142487;0.354142487
;US-IL;1947;p90p91;93046.015625;;;;
;US-IL;1947;p95p96;135391.390625;;;;
;US-IL;1947;p95p100;;;;0.2576566041;0.2576566041
;US-IL;1947;p99.5p100;458780.8125;;;0.0873082951;0.0873082951
;US-IL;1946;p0p100;26405.6210938;;95818211328.0;;
;US-IL;1946;p99p100;356272.0;;;0.1349227875;0.1349227875
;US-IL;1946;p99.9p100;1146302.75;;;0.0434113145;0.0434113145
;US-IL;1946;p99.99p100;3781281.25;;;0.0143199852;0.0143199852
;US-IL;1946;p90p100;;;;0.3730244339;0.3730244339
;US-IL;1946;p90p91;98499.4140625;;;;
;US-IL;1946;p95p96;146493.703125;;;;
;US-IL;1946;p95p100;;;;0.2773911357;0.2773911357
;US-IL;1946;p99.5p100;513272.375;;;0.0971899852;0.0971899852
;US-IL;1945;p0p100;25402.2480469;;92107685888.0;;
;US-IL;1945;p99p100;337134.46875;;;0.1327183396;0.1327183396
;US-IL;1945;p99.9p100;1093683.875;;;0.043054603;0.043054603
;US-IL;1945;p99.99p100;3278915.5;;;0.0129079726;0.0129079726
;US-IL;1945;p90p100;;;;0.3604486585;0.3604486585
;US-IL;1945;p90p91;91562.078125;;;;
;US-IL;1945;p95p96;133868.734375;;;;
;US-IL;1945;p95p100;;;;0.2634977698;0.2634977698
;US-IL;1945;p99.5p100;490152.9375;;;0.0964782536;0.0964782536
;US-IL;1944;p0p100;25025.1308594;;90597359616.0;;
;US-IL;1944;p99p100;280538.0625;;;0.1121025234;0.1121025234
;US-IL;1944;p99.9p100;919170.75;;;0.0367299095;0.0367299095
;US-IL;1944;p99.99p100;2735589.25;;;0.010931368;0.010931368
;US-IL;1944;p90p100;;;;0.3198701441;0.3198701441
;US-IL;1944;p90p91;80047.9296875;;;;
;US-IL;1944;p95p96;113086.101562;;;;
;US-IL;1944;p95p100;;;;0.2259450555;0.2259450555
;US-IL;1944;p99.5p100;407349.625;;;0.0813881084;0.0813881084
;US-IL;1943;p0p100;24855.8339844;;89730473984.0;;
;US-IL;1943;p99p100;342543.65625;;;0.1378121674;0.1378121674
;US-IL;1943;p99.9p100;1153318.75;;;0.0464003235;0.0464003235
;US-IL;1943;p99.99p100;3356460.0;;;0.0135037107;0.0135037107
;US-IL;1943;p90p100;;;;0.3613880873;0.3613880873
;US-IL;1943;p90p91;89826.0234375;;;;
;US-IL;1943;p95p96;131419.625;;;;
;US-IL;1943;p95p100;;;;0.2643637359;0.2643637359
;US-IL;1943;p99.5p100;505726.3125;;;0.1017319113;0.1017319113
;US-IL;1942;p0p100;21817.8789062;;78385283072.0;;
;US-IL;1942;p99p100;318823.15625;;;0.1461293101;0.1461293101
;US-IL;1942;p99.9p100;1092981.875;;;0.0500956997;0.0500956997
;US-IL;1942;p99.99p100;3389174.5;;;0.0155339334;0.0155339334
;US-IL;1942;p90p100;;;;0.3777362108;0.3777362108
;US-IL;1942;p90p91;82414.0234375;;;;
;US-IL;1942;p95p96;120329.914062;;;;
;US-IL;1942;p95p100;;;;0.2757598758;0.2757598758
;US-IL;1942;p99.5p100;473400.78125;;;0.1084891856;0.1084891856
;US-IL;1941;p0p100;20201.0878906;;72430018560.0;;
;US-IL;1941;p99p100;332768.6875;;;0.16472812;0.16472812
;US-IL;1941;p99.9p100;1161421.5;;;0.0574930198;0.0574930198
;US-IL;1941;p99.99p100;3685871.0;;;0.0182459056;0.0182459056
;US-IL;1941;p90p100;;;;0.4215651751;0.4215651751
;US-IL;1941;p90p91;85160.7421875;;;;
;US-IL;1941;p95p96;124116.554688;;;;
;US-IL;1941;p95p100;;;;0.3072026968;0.3072026968
;US-IL;1941;p99.5p100;494045.28125;;;0.1222818568;0.1222818568
;US-IL;1940;p0p100;17821.0078125;;63833374720.0;;
;US-IL;1940;p99p100;306604.28125;;;0.1720465422;0.1720465422
;US-IL;1940;p99.9p100;1053763.0;;;0.0591303781;0.0591303781
;US-IL;1940;p99.99p100;3281063.5;;;0.0184112098;0.0184112098
;US-IL;1940;p90p100;;;;0.4536898732;0.4536898732
;US-IL;1940;p90p91;80852.109375;;;;
;US-IL;1940;p95p96;117210.828125;;;;
;US-IL;1940;p95p100;;;;0.3288557827;0.3288557827
;US-IL;1940;p99.5p100;453877.9375;;;0.1273435056;0.1273435056
;US-IL;1939;p0p100;17157.9433594;;60614664192.0;;
;US-IL;1939;p99p100;286153.40625;;;0.1667760611;0.1667760611
;US-IL;1939;p99.9p100;987982.8125;;;0.057581652;0.057581652
;US-IL;1939;p99.99p100;3019213.5;;;0.0175965913;0.0175965913
;US-IL;1939;p90p100;;;;0.455729574;0.455729574
;US-IL;1939;p90p91;78193.8203125;;;;
;US-IL;1939;p95p96;110699.539062;;;;
;US-IL;1939;p95p100;;;;0.3225897551;0.3225897551
;US-IL;1939;p99.5p100;423760.75;;;0.1234882027;0.1234882027
;US-IL;1938;p0p100;15795.8115234;;55113678848.0;;
;US-IL;1938;p99p100;262592.0625;;;0.1662415713;0.1662415713
;US-IL;1938;p99.9p100;950567.4375;;;0.0601784512;0.0601784512
;US-IL;1938;p99.99p100;3452693.5;;;0.0218582842;0.0218582842
;US-IL;1938;p90p100;;;;0.467764318;0.467764318
;US-IL;1938;p90p91;73887.171875;;;;
;US-IL;1938;p95p96;101534.601562;;;;
;US-IL;1938;p95p100;;;;0.3213972151;0.3213972151
;US-IL;1938;p99.5p100;391358.25;;;0.1238803789;0.1238803789
;US-IL;1937;p0p100;17621.0996094;;60747526144.0;;
;US-IL;1937;p99p100;310251.59375;;;0.1760682613;0.1760682613
;US-IL;1937;p99.9p100;1129480.125;;;0.0640981719;0.0640981719
;US-IL;1937;p99.99p100;3804205.25;;;0.0215889215;0.0215889215
;US-IL;1937;p90p100;;;;0.4517912865;0.4517912865
;US-IL;1937;p90p91;79610.5859375;;;;
;US-IL;1937;p95p96;114167.078125;;;;
;US-IL;1937;p95p100;;;;0.3239499331;0.3239499331
;US-IL;1937;p99.5p100;468121.15625;;;0.1328297406;0.1328297406
;US-IL;1936;p0p100;16499.4785156;;56300249088.0;;
;US-IL;1936;p99p100;335399.71875;;;0.2032789737;0.2032789737
;US-IL;1936;p99.9p100;1242981.375;;;0.0753345862;0.0753345862
;US-IL;1936;p99.99p100;3819360.75;;;0.0231483746;0.0231483746
;US-IL;1936;p90p100;;;;0.4946211874;0.4946211874
;US-IL;1936;p90p91;81609.9140625;;;;
;US-IL;1936;p95p96;118476.15625;;;;
;US-IL;1936;p95p100;;;;0.3590300381;0.3590300381
;US-IL;1936;p99.5p100;512069.9375;;;0.155177623;0.155177623
;US-IL;1935;p0p100;14713.6640625;;49682030592.0;;
;US-IL;1935;p99p100;246243.84375;;;0.167357251;0.167357251
;US-IL;1935;p99.9p100;895114.5;;;0.0608355962;0.0608355962
;US-IL;1935;p99.99p100;2825367.25;;;0.0192023367;0.0192023367
;US-IL;1935;p90p100;;;;0.4499681294;0.4499681294
;US-IL;1935;p90p91;66206.8046875;;;;
;US-IL;1935;p95p96;94394.5078125;;;;
;US-IL;1935;p95p100;;;;0.320771575;0.320771575
;US-IL;1935;p99.5p100;370169.40625;;;0.125791043;0.125791043
;US-IL;1934;p0p100;13178.7402344;;44008546304.0;;
;US-IL;1934;p99p100;213358.03125;;;0.1618956327;0.1618956327
;US-IL;1934;p99.9p100;761366.625;;;0.0577723421;0.0577723421
;US-IL;1934;p99.99p100;2458771.0;;;0.0186571032;0.0186571032
;US-IL;1934;p90p100;;;;0.4680461586;0.4680461586
;US-IL;1934;p90p91;61682.578125;;;;
;US-IL;1934;p95p96;88882.28125;;;;
;US-IL;1934;p95p100;;;;0.3372184634;0.3372184634
;US-IL;1934;p99.5p100;317389.1875;;;0.1204171255;0.1204171255
;US-IL;1933;p0p100;12112.6308594;;40027897856.0;;
;US-IL;1933;p99p100;201697.875;;;0.1665186286;0.1665186286
;US-IL;1933;p99.9p100;811740.0625;;;0.0670159981;0.0670159981
;US-IL;1933;p99.99p100;3119327.0;;;0.0257526785;0.0257526785
;US-IL;1933;p90p100;;;;0.4605951011;0.4605951011
;US-IL;1933;p90p91;55790.1835938;;;;
;US-IL;1933;p95p96;80248.0078125;;;;
;US-IL;1933;p95p100;;;;0.3312575221;0.3312575221
;US-IL;1933;p99.5p100;305658.59375;;;0.1261734813;0.1261734813
;US-IL;1932;p0p100;13080.3046875;;42795532288.0;;
;US-IL;1932;p99p100;190546.640625;;;0.1456744671;0.1456744671
;US-IL;1932;p99.9p100;707076.125;;;0.0540565513;0.0540565513
;US-IL;1932;p99.99p100;2254532.25;;;0.0172360837;0.0172360837
;US-IL;1932;p90p100;;;;0.440192163;0.440192163
;US-IL;1932;p90p91;57578.4726562;;;;
;US-IL;1932;p95p96;79742.03125;;;;
;US-IL;1932;p95p100;;;;0.3048172295;0.3048172295
;US-IL;1932;p99.5p100;283005.1875;;;0.1081798971;0.1081798971
;US-IL;1931;p0p100;16186.7802734;;52405641216.0;;
;US-IL;1931;p99p100;246101.484375;;;0.1520385593;0.1520385593
;US-IL;1931;p99.9p100;943557.125;;;0.0582918338;0.0582918338
;US-IL;1931;p99.99p100;3750509.0;;;0.0231701974;0.0231701974
;US-IL;1931;p90p100;;;;0.4596604705;0.4596604705
;US-IL;1931;p90p91;74404.234375;;;;
;US-IL;1931;p95p96;100585.554688;;;;
;US-IL;1931;p95p100;;;;0.3107028008;0.3107028008
;US-IL;1931;p99.5p100;367883.21875;;;0.1136369333;0.1136369333
;US-IL;1930;p0p100;18282.109375;;58493222912.0;;
;US-IL;1930;p99p100;311001.15625;;;0.1701122969;0.1701122969
;US-IL;1930;p99.9p100;1248714.5;;;0.068302542;0.068302542
;US-IL;1930;p99.99p100;4920913.0;;;0.0269165505;0.0269165505
;US-IL;1930;p90p100;;;;0.4575431049;0.4575431049
;US-IL;1930;p90p91;83648.5234375;;;;
;US-IL;1930;p95p96;116656.179688;;;;
;US-IL;1930;p95p100;;;;0.3190446496;0.3190446496
;US-IL;1930;p99.5p100;475001.375;;;0.1299088001;0.1299088001
;US-IL;1929;p0p100;21946.875;;69154217984.0;;
;US-IL;1929;p99p100;464473.84375;;;0.21163553;0.21163553
;US-IL;1929;p99.9p100;2172732.5;;;0.0989996344;0.0989996344
;US-IL;1929;p99.99p100;9282394.0;;;0.0422948301;0.0422948301
;US-IL;1929;p90p100;;;;0.468921721;0.468921721
;US-IL;1929;p90p91;102913.664062;;;;
;US-IL;1929;p95p96;152887.75;;;;
;US-IL;1929;p95p100;;;;0.3483132422;0.3483132422
;US-IL;1929;p99.5p100;744675.4375;;;0.1696541011;0.1696541011
;US-IL;1928;p0p100;22218.8789062;;68964147200.0;;
;US-IL;1928;p99p100;512557.9375;;;0.2306857854;0.2306857854
;US-IL;1928;p99.9p100;2444986.5;;;0.1100409403;0.1100409403
;US-IL;1928;p99.99p100;10417784.0;;;0.0468870848;0.0468870848
;US-IL;1928;p90p100;;;;0.4944967031;0.4944967031
;US-IL;1928;p90p91;109871.625;;;;
;US-IL;1928;p95p96;163517.796875;;;;
;US-IL;1928;p95p100;;;;0.3679704368;0.3679704368
;US-IL;1928;p99.5p100;830651.8125;;;0.1869247854;0.1869247854
;US-IL;1927;p0p100;20634.0;;62959063040.0;;
;US-IL;1927;p99p100;409267.59375;;;0.1983462274;0.1983462274
;US-IL;1927;p99.9p100;1750465.875;;;0.0848340467;0.0848340467
;US-IL;1927;p99.99p100;6825837.0;;;0.0330805331;0.0330805331
;US-IL;1927;p90p100;;;;0.4664791524;0.4664791524
;US-IL;1927;p90p91;96253.3046875;;;;
;US-IL;1927;p95p96;140066.796875;;;;
;US-IL;1927;p95p100;;;;0.3394077718;0.3394077718
;US-IL;1927;p99.5p100;641501.25;;;0.1554476321;0.1554476321
;US-IL;1926;p0p100;19779.4023438;;59230146560.0;;
;US-IL;1926;p99p100;375300.4375;;;0.1897430569;0.1897430569
;US-IL;1926;p99.9p100;1495169.375;;;0.0755922422;0.0755922422
;US-IL;1926;p99.99p100;5609132.5;;;0.0283584502;0.0283584502
;US-IL;1926;p90p100;;;;0.4605573118;0.4605573118
;US-IL;1926;p90p91;91095.484375;;;;
;US-IL;1926;p95p96;131478.796875;;;;
;US-IL;1926;p95p100;;;;0.33236292;0.33236292
;US-IL;1926;p99.5p100;576583.8125;;;0.1457535923;0.1457535923
;US-IL;1925;p0p100;19498.9472656;;57322926080.0;;
;US-IL;1925;p99p100;384885.0625;;;0.1973875761;0.1973875761
;US-IL;1925;p99.9p100;1537858.75;;;0.0788688064;0.0788688064
;US-IL;1925;p99.99p100;5754442.0;;;0.0295115504;0.0295115504
;US-IL;1925;p90p100;;;;0.4748910964;0.4748910964
;US-IL;1925;p90p91;92598.7734375;;;;
;US-IL;1925;p95p96;134113.609375;;;;
;US-IL;1925;p95p100;;;;0.3438995779;0.3438995779
;US-IL;1925;p99.5p100;593241.75;;;0.1521214843;0.1521214843
;US-IL;1924;p0p100;19294.5566406;;55595225088.0;;
;US-IL;1924;p99p100;323738.03125;;;0.1677872241;0.1677872241
;US-IL;1924;p99.9p100;1190798.625;;;0.0617168061;0.0617168061
;US-IL;1924;p99.99p100;3920592.5;;;0.0203196798;0.0203196798
;US-IL;1924;p90p100;;;;0.4240904152;0.4240904152
;US-IL;1924;p90p91;81826.375;;;;
;US-IL;1924;p95p96;118050.625;;;;
;US-IL;1924;p95p100;;;;0.3059168756;0.3059168756
;US-IL;1924;p99.5p100;489238.625;;;0.1267814934;0.1267814934
;US-IL;1923;p0p100;18701.9628906;;52592254976.0;;
;US-IL;1923;p99p100;292673.75;;;0.1564936191;0.1564936191
;US-IL;1923;p99.9p100;1074505.75;;;0.0574541725;0.0574541725
;US-IL;1923;p99.99p100;3774196.0;;;0.0201807506;0.0201807506
;US-IL;1923;p90p100;;;;0.3999106586;0.3999106586
;US-IL;1923;p90p91;74791.1328125;;;;
;US-IL;1923;p95p96;107951.023438;;;;
;US-IL;1923;p95p100;;;;0.2886088192;0.2886088192
;US-IL;1923;p99.5p100;441411.875;;;0.1180121899;0.1180121899
;US-IL;1922;p0p100;16833.8007812;;46289989632.0;;
;US-IL;1922;p99p100;281855.1875;;;0.1674340963;0.1674340963
;US-IL;1922;p99.9p100;1048082.25;;;0.0622605868;0.0622605868
;US-IL;1922;p99.99p100;3483328.25;;;0.0206924677;0.0206924677
;US-IL;1922;p90p100;;;;0.4216207564;0.4216207564
;US-IL;1922;p90p91;70974.796875;;;;
;US-IL;1922;p95p96;104224.117188;;;;
;US-IL;1922;p95p100;;;;0.3095680177;0.3095680177
;US-IL;1922;p99.5p100;427366.21875;;;0.1269369423;0.1269369423
;US-IL;1921;p0p100;15165.4091797;;40908115968.0;;
;US-IL;1921;p99p100;226164.796875;;;0.1491320133;0.1491320133
;US-IL;1921;p99.9p100;765274.125;;;0.0504618175;0.0504618175
;US-IL;1921;p99.99p100;2234592.75;;;0.014734799;0.014734799
;US-IL;1921;p90p100;;;;0.3953032494;0.3953032494
;US-IL;1921;p90p91;59949.359375;;;;
;US-IL;1921;p95p96;87980.4609375;;;;
;US-IL;1921;p95p100;;;;0.2900694907;0.2900694907
;US-IL;1921;p99.5p100;335055.28125;;;0.1104669347;0.1104669347
;US-IL;1920;p0p100;13681.3271484;;36000272384.0;;
;US-IL;1920;p99p100;223471.1875;;;0.1633402854;0.1633402854
;US-IL;1920;p99.9p100;762262.375;;;0.0557155274;0.0557155274
;US-IL;1920;p99.99p100;2234412.0;;;0.0163318366;0.0163318366
;US-IL;1920;p90p100;;;;0.4170296192;0.4170296192
;US-IL;1920;p90p91;57055.1914062;;;;
;US-IL;1920;p95p96;84637.09375;;;;
;US-IL;1920;p95p100;;;;0.3093160689;0.3093160689
;US-IL;1920;p99.5p100;330068.8125;;;0.1206274778;0.1206274778
;US-IL;1919;p0p100;16408.2304688;;42269007872.0;;
;US-IL;1919;p99p100;269387.9375;;;0.1641785502;0.1641785502
;US-IL;1919;p99.9p100;1033861.6875;;;0.0630087256;0.0630087256
;US-IL;1919;p99.99p100;3370024.0;;;0.0205386207;0.0205386207
;US-IL;1919;p90p100;;;;0.4263935983;0.4263935983
;US-IL;1919;p90p91;69963.640625;;;;
;US-IL;1919;p95p96;102540.703125;;;;
;US-IL;1919;p95p100;;;;0.3124672771;0.3124672771
;US-IL;1919;p99.5p100;409051.34375;;;0.1246482208;0.1246482208
;US-IL;1918;p0p100;15588.1806641;;39542820864.0;;
;US-IL;1918;p99p100;256287.140625;;;0.1644111872;0.1644111872
;US-IL;1918;p99.9p100;1015177.625;;;0.0651248321;0.0651248321
;US-IL;1918;p99.99p100;3493726.5;;;0.0224126633;0.0224126633
;US-IL;1918;p90p100;;;;0.4189569056;0.4189569056
;US-IL;1918;p90p91;65307.7578125;;;;
;US-IL;1918;p95p96;95074.1484375;;;;
;US-IL;1918;p95p100;;;;0.3049558699;0.3049558699
;US-IL;1918;p99.5p100;392249.3125;;;0.1258162558;0.1258162558
;US-IL;1917;p0p100;17320.6542969;;43836575744.0;;
