Variable Name;.;.;.;Fiscal income  | tax unit | Average | Adults | constant 2015 local currency;Fiscal income  | tax unit | Threshold | Adults | constant 2015 local currency;Fiscal income  | tax unit | Total | Adults | constant 2015 local currency;Fiscal income  | tax unit | Share | Adults | share of total (ratio);Pre-tax national income  | tax unit | Share | Adults | share of total (ratio)
Variable Category;.;.;.;Income inequality;Income inequality;Income inequality;Income inequality;Income inequality
Variable Description;.;.;.;Average Fiscal income within a given percentile group. Fiscal income is defined as the sum of all income items reported on income tax returns, before any deduction. It includes labour income, capital income and mixed income. The concept of fiscal income varies with national tax legislations, so in order to make international comparisons it is preferable to use the concept of national income. The population is comprised of individuals over age 20. The base unit is the tax unit defined by national fiscal administrations to measure personal income taxes.;Fiscal income threshold value at a given percentile.  Fiscal income is defined as the sum of all income items reported on income tax returns, before any deduction. It includes labour income, capital income and mixed income. The concept of fiscal income varies with national tax legislations, so in order to make international comparisons it is preferable to use the concept of national income. The population is comprised of individuals over age 20. The base unit is the tax unit defined by national fiscal administrations to measure personal income taxes.;Total Fiscal income  within a given percentile group. Fiscal income is defined as the sum of all income items reported on income tax returns, before any deduction. It includes labour income, capital income and mixed income. The concept of fiscal income varies with national tax legislations, so in order to make international comparisons it is preferable to use the concept of national income. The population is comprised of individuals over age 20.;Fiscal income share held by a given percentile group. Fiscal income is defined as the sum of all income items reported on income tax returns, before any deduction. It includes labour income, capital income and mixed income. The concept of fiscal income varies with national tax legislations, so in order to make international comparisons it is preferable to use the concept of national income. The population is comprised of individuals over age 20. The base unit is the tax unit defined by national fiscal administrations to measure personal income taxes.;Pre-tax national income share held by a given percentile group. Pre-tax national income  is the sum of all pre-tax personal income flows accruing to the owners of the production factors, labor and capital, before taking into account the operation of the tax/transfer system, but after taking into account the operation of pension system. The central difference between personal factor income and pre-tax income is the treatment of pensions, which are counted on a contribution basis by factor income and on a distribution basis by pre-tax income. The population is comprised of individuals over age 20. The base unit is the tax unit defined by national fiscal administrations to measure personal income taxes.
Variable Decomposition;.;.;.;[Fiscal income ]=[Fiscal labour income ]+[Fiscal capital income ];[Fiscal income ]=[Fiscal labour income ]+[Fiscal capital income ];[Fiscal income ]=[Fiscal labour income ]+[Fiscal capital income ];[Fiscal income ]=[Fiscal labour income ]+[Fiscal capital income ];Pre-tax national income =Pre-tax labor income [total pre-tax income ranking]+Pre-tax capital income [total pre-tax income ranking]
Variable Unit;.;.;.;"USD; United States dollar | local currency | market";"USD; United States dollar | local currency | market";"USD; United States dollar | local currency | market";share;share
Methodological Notes;.;.;.;;;;;Assuming the same distribution as fiscal income.
Sources;.;.;.;Frank, Sommeiller, Price & Saez (2015);Frank, Sommeiller, Price & Saez (2015);Frank, Sommeiller, Price & Saez (2015);Frank, Sommeiller, Price & Saez (2015);WID.world computations using: Frank, Sommeiller, Price & Saez (2015)
Variable Code;country;year;perc;afiinc992t;tfiinc992t;mfiinc992t;sfiinc992t;sptinc992t
;US-WA;2014;p0p100;67294.3359375;;2.44396408832e+11;;
;US-WA;2014;p99p100;;431418.46875;;0.1976666898;0.1976666898
;US-WA;2014;p99.9p100;;1953355.125;;0.0985170901;0.0985170901
;US-WA;2014;p99.99p100;;10017338.0;;0.0487679653;0.0487679653
;US-WA;2014;p90p100;;129392.492188;;0.4715583324;0.4715583324
;US-WA;2014;p90p91;321462.5625;;;;
;US-WA;2014;p95p96;486398.5625;;;;
;US-WA;2014;p90p95;156526.59375;129392.492188;;0.1135839;0.1135839
;US-WA;2014;p95p99;271737.84375;195781.171875;;0.1603259593;0.1603259593
;US-WA;2014;p99.5p99.9;1001594.3125;623064.0625;;0.0593423694;0.0593423694
;US-WA;2014;p99.9p99.99;3645695.75;1953355.125;;0.0496451482;0.0496451482
;US-WA;2014;p99p99.5;541800.0;431418.46875;;0.0397791676;0.0397791676
;US-WA;2014;p95p100;;195781.171875;;0.357975632;0.357975632
;US-WA;2014;p0p90;39053.4257812;;;0.5285555124;0.5285555124
;US-WA;2014;p0p99;54387.8046875;;;0.8023332953;0.8023332953
;US-WA;2014;p99.5p100;;623064.0625;;0.1578870863;0.1578870863
;US-WA;2014;p99.5p99.6;2148282.75;;;;
;US-WA;2014;p99.99p99.991;34539104.0;;;;
;US-WA;2014;p99.9p99.91;6735036.5;;;;
;US-WA;2014;p99p99.1;1345041.375;;;;
;US-WA;2013;p0p100;64406.3359375;;2.30424559616e+11;;
;US-WA;2013;p99p100;;404763.34375;;0.175787732;0.175787732
;US-WA;2013;p99.9p100;;1708187.0;;0.081262663;0.081262663
;US-WA;2013;p99.99p100;;8145763.0;;0.0382425673;0.0382425673
;US-WA;2013;p90p100;;127255.773438;;0.4500758648;0.4500758648
;US-WA;2013;p90p91;296070.59375;;;;
;US-WA;2013;p95p96;439579.96875;;;;
;US-WA;2013;p90p95;152561.25;127255.773438;;0.114126429;0.114126429
;US-WA;2013;p95p99;262437.1875;188938.34375;;0.160100624;0.160100624
;US-WA;2013;p99.5p99.9;920232.4375;634026.75;;0.0562045537;0.0562045537
;US-WA;2013;p99.9p99.99;3087343.0;1708187.0;;0.0430262052;0.0430262052
;US-WA;2013;p99p99.5;497822.84375;404763.34375;;0.0383294076;0.0383294076
;US-WA;2013;p95p100;;188938.34375;;0.3359217346;0.3359217346
;US-WA;2013;p0p90;38665.8632812;;;0.5499702096;0.5499702096
;US-WA;2013;p0p99;53459.421875;;;0.8242122531;0.8242122531
;US-WA;2013;p99.5p100;;634026.75;;0.1374687105;0.1374687105
;US-WA;2013;p99.5p99.6;1798479.25;;;;
;US-WA;2013;p99.99p99.991;25328576.0;;;;
;US-WA;2013;p99.9p99.91;5311466.5;;;;
;US-WA;2013;p99p99.1;1148151.0;;;;
;US-WA;2012;p0p100;63300.953125;;2.25248346112e+11;;
;US-WA;2012;p99p100;1308000.0;;;0.2066319585;0.2066319585
;US-WA;2012;p99.9p100;6653120.0;;;0.1051029935;0.1051029935
;US-WA;2012;p99.99p100;32766216.0;;;0.051762592;0.051762592
;US-WA;2012;p90p100;;;;0.4854047596;0.4854047596
;US-WA;2012;p90p91;307265.8125;;;;
;US-WA;2012;p95p96;462731.90625;;;;
;US-WA;2012;p95p100;;;;0.3655015528;0.3655015528
;US-WA;2012;p99.5p100;2118766.0;;;0.1673565507;0.1673565507
;US-WA;2011;p0p100;60190.421875;;2.10247073792e+11;;
;US-WA;2011;p99p100;1043145.625;;;0.1733075678;0.1733075678
;US-WA;2011;p99.9p100;4905834.5;;;0.0815052316;0.0815052316
;US-WA;2011;p99.99p100;23163354.0;;;0.0384834558;0.0384834558
;US-WA;2011;p90p100;;;;0.4554011822;0.4554011822
;US-WA;2011;p90p91;274107.90625;;;;
;US-WA;2011;p95p96;399334.53125;;;;
;US-WA;2011;p95p100;;;;0.331725955;0.331725955
;US-WA;2011;p99.5p100;1642932.125;;;0.1364778578;0.1364778578
;US-WA;2010;p0p100;60585.953125;;2.07373746176e+11;;
;US-WA;2010;p99p100;1004392.25;;;0.1657797247;0.1657797247
;US-WA;2010;p99.9p100;4604965.0;;;0.0760071427;0.0760071427
;US-WA;2010;p99.99p100;21595286.0;;;0.0356440507;0.0356440507
;US-WA;2010;p90p100;;;;0.440721184;0.440721184
;US-WA;2010;p90p91;267015.09375;;;;
;US-WA;2010;p95p96;387247.5625;;;;
;US-WA;2010;p95p100;;;;0.3195852637;0.3195852637
;US-WA;2010;p99.5p100;1571442.125;;;0.1296870112;0.1296870112
;US-WA;2009;p0p100;59887.25;;2.0124770304e+11;;
;US-WA;2009;p99p100;920752.3125;;;0.1537476331;0.1537476331
;US-WA;2009;p99.9p100;3888275.25;;;0.0649266019;0.0649266019
;US-WA;2009;p99.99p100;16837150.0;;;0.028114751;0.028114751
;US-WA;2009;p90p100;;;;0.4275929034;0.4275929034
;US-WA;2009;p90p91;256073.625;;;;
;US-WA;2009;p95p96;366834.28125;;;;
;US-WA;2009;p95p100;;;;0.306270808;0.306270808
;US-WA;2009;p99.5p100;1403782.75;;;0.1172021404;0.1172021404
;US-WA;2008;p0p100;67024.1484375;;2.21729128448e+11;;
;US-WA;2008;p99p100;1212713.25;;;0.1809367537;0.1809367537
;US-WA;2008;p99.9p100;5702695.0;;;0.085084185;0.085084185
;US-WA;2008;p99.99p100;26142664.0;;;0.03900484;0.03900484
;US-WA;2008;p90p100;;;;0.4406867623;0.4406867623
;US-WA;2008;p90p91;295366.5625;;;;
;US-WA;2008;p95p96;439258.9375;;;;
;US-WA;2008;p95p100;;;;0.3276870549;0.3276870549
;US-WA;2008;p99.5p100;1921398.625;;;0.1433362961;0.1433362961
;US-WA;2007;p0p100;72067.4296875;;2.34796531712e+11;;
;US-WA;2007;p99p100;1588174.375;;;0.2203733772;0.2203733772
;US-WA;2007;p99.9p100;8034613.0;;;0.1114874259;0.1114874259
;US-WA;2007;p99.99p100;38270248.0;;;0.0531033836;0.0531033836
;US-WA;2007;p90p100;;;;0.4788351953;0.4788351953
;US-WA;2007;p90p91;345084.25;;;;
;US-WA;2007;p95p96;534348.1875;;;;
;US-WA;2007;p95p100;;;;0.3707278967;0.3707278967
;US-WA;2007;p99.5p100;2585315.0;;;0.1793677509;0.1793677509
;US-WA;2006;p0p100;68534.1484375;;2.17312198656e+11;;
;US-WA;2006;p99p100;1428689.625;;;0.2084638774;0.2084638774
;US-WA;2006;p99.9p100;6926946.0;;;0.1010729074;0.1010729074
;US-WA;2006;p99.99p100;31166938.0;;;0.0454765037;0.0454765037
;US-WA;2006;p90p100;;;;0.4706926942;0.4706926942
;US-WA;2006;p90p91;322585.25;;;;
;US-WA;2006;p95p96;492411.21875;;;;
;US-WA;2006;p95p100;;;;0.3592451513;0.3592451513
;US-WA;2006;p99.5p100;2298412.75;;;0.1676837355;0.1676837355
;US-WA;2005;p0p100;66279.3984375;;2.0532699136e+11;;
;US-WA;2005;p99p100;1303522.875;;;0.1966709048;0.1966709048
;US-WA;2005;p99.9p100;6247979.0;;;0.0942672938;0.0942672938
;US-WA;2005;p99.99p100;27896434.0;;;0.0420891531;0.0420891531
;US-WA;2005;p90p100;;;;0.4543806016;0.4543806016
;US-WA;2005;p90p91;301160.71875;;;;
;US-WA;2005;p95p96;456032.96875;;;;
;US-WA;2005;p95p100;;;;0.3440231681;0.3440231681
;US-WA;2005;p99.5p100;2085766.75;;;0.1573465466;0.1573465466
;US-WA;2004;p0p100;64375.7460938;;1.9726573568e+11;;
;US-WA;2004;p99p100;1157157.75;;;0.1797505617;0.1797505617
;US-WA;2004;p99.9p100;5397704.5;;;0.0838468596;0.0838468596
;US-WA;2004;p99.99p100;24105010.0;;;0.0374442376;0.0374442376
;US-WA;2004;p90p100;;;;0.4343215525;0.4343215525
;US-WA;2004;p90p91;279597.78125;;;;
;US-WA;2004;p95p96;417248.125;;;;
;US-WA;2004;p95p100;;;;0.3240724206;0.3240724206
;US-WA;2004;p99.5p100;1829515.5;;;0.1420966387;0.1420966387
;US-WA;2003;p0p100;60343.8984375;;1.81197389824e+11;;
;US-WA;2003;p99p100;1006949.875;;;0.1668685377;0.1668685377
;US-WA;2003;p99.9p100;4534178.5;;;0.0751389712;0.0751389712
;US-WA;2003;p99.99p100;20191922.0;;;0.0334614143;0.0334614143
;US-WA;2003;p90p100;;;;0.4259299338;0.4259299338
;US-WA;2003;p90p91;257022.734375;;;;
;US-WA;2003;p95p96;369335.5;;;;
;US-WA;2003;p95p100;;;;0.3060255349;0.3060255349
;US-WA;2003;p99.5p100;1572285.5;;;0.1302770823;0.1302770823
;US-WA;2002;p0p100;59727.4609375;;1.78171363328e+11;;
;US-WA;2002;p99p100;977401.5;;;0.1636435688;0.1636435688
;US-WA;2002;p99.9p100;4373389.5;;;0.0732224211;0.0732224211
;US-WA;2002;p99.99p100;19241784.0;;;0.0322159752;0.0322159752
;US-WA;2002;p90p100;;;;0.422608465;0.422608465
;US-WA;2002;p90p91;252413.328125;;;;
;US-WA;2002;p95p96;358000.625;;;;
;US-WA;2002;p95p100;;;;0.2996951342;0.2996951342
;US-WA;2002;p99.5p100;1523817.125;;;0.1275641918;0.1275641918
;US-WA;2001;p0p100;62369.6523438;;1.83083794432e+11;;
;US-WA;2001;p99p100;1086803.875;;;0.1742520183;0.1742520183
;US-WA;2001;p99.9p100;5080900.5;;;0.0814642981;0.0814642981
;US-WA;2001;p99.99p100;22363458.0;;;0.0358563103;0.0358563103
;US-WA;2001;p90p100;;;;0.4298245311;0.4298245311
;US-WA;2001;p90p91;268080.09375;;;;
;US-WA;2001;p95p96;395365.90625;;;;
;US-WA;2001;p95p100;;;;0.3169537485;0.3169537485
;US-WA;2001;p99.5p100;1723741.875;;;0.1381875426;0.1381875426
;US-WA;2000;p0p100;68195.796875;;1.95008413696e+11;;
;US-WA;2000;p99p100;1665069.25;;;0.2441600859;0.2441600859
;US-WA;2000;p99.9p100;9144248.0;;;0.1340881437;0.1340881437
;US-WA;2000;p99.99p100;45657952.0;;;0.0669512674;0.0669512674
;US-WA;2000;p90p100;;;;0.4954231679;0.4954231679
;US-WA;2000;p90p91;337857.8125;;;;
;US-WA;2000;p95p96;530595.4375;;;;
;US-WA;2000;p95p100;;;;0.3890235424;0.3890235424
;US-WA;2000;p99.5p100;2783270.75;;;0.2040646672;0.2040646672
;US-WA;1999;p0p100;66999.1484375;;1.86883588096e+11;;
;US-WA;1999;p99p100;1793993.5;;;0.2677636445;0.2677636445
;US-WA;1999;p99.9p100;10280097.0;;;0.1534362286;0.1534362286
;US-WA;1999;p99.99p100;52876504.0;;;0.0789211616;0.0789211616
;US-WA;1999;p90p100;;;;0.5208448768;0.5208448768
;US-WA;1999;p90p91;348961.625;;;;
;US-WA;1999;p95p96;553468.875;;;;
;US-WA;1999;p95p100;;;;0.4130417407;0.4130417407
;US-WA;1999;p99.5p100;3043550.0;;;0.2271334976;0.2271334976
;US-WA;1998;p0p100;62588.0742188;;1.7202814976e+11;;
;US-WA;1998;p99p100;1366172.125;;;0.2182799429;0.2182799429
;US-WA;1998;p99.9p100;7204376.0;;;0.1151078194;0.1151078194
;US-WA;1998;p99.99p100;34397052.0;;;0.0549578369;0.0549578369
;US-WA;1998;p90p100;;;;0.4695771039;0.4695771039
;US-WA;1998;p90p91;293899.25;;;;
;US-WA;1998;p95p96;452625.71875;;;;
;US-WA;1998;p95p100;;;;0.3615910411;0.3615910411
;US-WA;1998;p99.5p100;2258577.0;;;0.1804319024;0.1804319024
;US-WA;1997;p0p100;57923.1953125;;1.56544303104e+11;;
;US-WA;1997;p99p100;1024777.4375;;;0.1769200414;0.1769200414
;US-WA;1997;p99.9p100;4757243.0;;;0.0821301937;0.0821301937
;US-WA;1997;p99.99p100;20138364.0;;;0.0347673558;0.0347673558
;US-WA;1997;p90p100;;;;0.4349176288;0.4349176288
;US-WA;1997;p90p91;251918.203125;;;;
;US-WA;1997;p95p96;372910.71875;;;;
;US-WA;1997;p95p100;;;;0.3219010234;0.3219010234
;US-WA;1997;p99.5p100;1629067.75;;;0.1406230927;0.1406230927
;US-WA;1996;p0p100;54099.0625;;1.43258697728e+11;;
;US-WA;1996;p99p100;862300.25;;;0.1593928337;0.1593928337
;US-WA;1996;p99.9p100;3777591.25;;;0.0698272958;0.0698272958
;US-WA;1996;p99.99p100;16110538.0;;;0.0297796987;0.0297796987
;US-WA;1996;p90p100;;;;0.4200338125;0.4200338125
;US-WA;1996;p90p91;227234.359375;;;;
;US-WA;1996;p95p96;328960.96875;;;;
;US-WA;1996;p95p100;;;;0.3040357232;0.3040357232
;US-WA;1996;p99.5p100;1337823.25;;;0.1236456931;0.1236456931
;US-WA;1995;p0p100;51000.4453125;;1.3241823232e+11;;
;US-WA;1995;p99p100;732941.75;;;0.1437128037;0.1437128037
;US-WA;1995;p99.9p100;2990592.75;;;0.0586385541;0.0586385541
;US-WA;1995;p99.99p100;11887756.0;;;0.0233091209;0.0233091209
;US-WA;1995;p90p100;;;;0.4063198566;0.4063198566
;US-WA;1995;p90p91;207224.9375;;;;
;US-WA;1995;p95p96;293829.65625;;;;
;US-WA;1995;p95p100;;;;0.2880657613;0.2880657613
;US-WA;1995;p99.5p100;1113849.625;;;0.1091999859;0.1091999859
;US-WA;1994;p0p100;49560.6171875;;1.2656459776e+11;;
;US-WA;1994;p99p100;657427.1875;;;0.1326511204;0.1326511204
;US-WA;1994;p99.9p100;2630274.75;;;0.0530718714;0.0530718714
;US-WA;1994;p99.99p100;10563163.0;;;0.0213136207;0.0213136207
;US-WA;1994;p90p100;;;;0.3905743361;0.3905743361
;US-WA;1994;p90p91;193571.046875;;;;
;US-WA;1994;p95p96;270838.875;;;;
;US-WA;1994;p95p100;;;;0.2732400298;0.2732400298
;US-WA;1994;p99.5p100;991187.0625;;;0.0999974459;0.0999974459
;US-WA;1993;p0p100;48879.2421875;;1.23236040704e+11;;
;US-WA;1993;p99p100;623009.25;;;0.1274588406;0.1274588406
;US-WA;1993;p99.9p100;2395781.25;;;0.0490142815;0.0490142815
;US-WA;1993;p99.99p100;9258052.0;;;0.0189406611;0.0189406611
;US-WA;1993;p90p100;;;;0.3860976696;0.3860976696
;US-WA;1993;p90p91;188721.625;;;;
;US-WA;1993;p95p96;262264.8125;;;;
;US-WA;1993;p95p100;;;;0.268278271;0.268278271
;US-WA;1993;p99.5p100;930300.25;;;0.0951631144;0.0951631144
;US-WA;1992;p0p100;49820.5117188;;1.21914753024e+11;;
;US-WA;1992;p99p100;708927.9375;;;0.1422963887;0.1422963887
;US-WA;1992;p99.9p100;2948421.5;;;0.0591808744;0.0591808744
;US-WA;1992;p99.99p100;12180350.0;;;0.0244484618;0.0244484618
;US-WA;1992;p90p100;;;;0.3998658359;0.3998658359
;US-WA;1992;p90p91;199215.21875;;;;
;US-WA;1992;p95p96;279949.9375;;;;
;US-WA;1992;p95p100;;;;0.2809584737;0.2809584737
;US-WA;1992;p99.5p100;1086097.25;;;0.1090010107;0.1090010107
;US-WA;1991;p0p100;48853.5078125;;1.16890411008e+11;;
;US-WA;1991;p99p100;626094.125;;;0.1281574667;0.1281574667
;US-WA;1991;p99.9p100;2445498.5;;;0.0500577874;0.0500577874
;US-WA;1991;p99.99p100;9517059.0;;;0.0194808114;0.0194808114
;US-WA;1991;p90p100;;;;0.3833835423;0.3833835423
;US-WA;1991;p90p91;187296.296875;;;;
;US-WA;1991;p95p96;260443.109375;;;;
;US-WA;1991;p95p100;;;;0.2665551901;0.2665551901
;US-WA;1991;p99.5p100;941108.0625;;;0.0963194072;0.0963194072
;US-WA;1990;p0p100;49859.328125;;1.14730254336e+11;;
;US-WA;1990;p99p100;682449.5;;;0.1368749887;0.1368749887
;US-WA;1990;p99.9p100;2792651.25;;;0.0560106076;0.0560106076
;US-WA;1990;p99.99p100;11263968.0;;;0.022591494;0.022591494
;US-WA;1990;p90p100;;;;0.3860168457;0.3860168457
;US-WA;1990;p90p91;192465.40625;;;;
;US-WA;1990;p95p96;273625.9375;;;;
;US-WA;1990;p95p100;;;;0.2743979394;0.2743979394
;US-WA;1990;p99.5p100;1044555.75;;;0.1047502756;0.1047502756
;US-WA;1989;p0p100;50748.7617188;;1.0878722048e+11;;
;US-WA;1989;p99p100;630739.4375;;;0.1242866591;0.1242866591
;US-WA;1989;p99.9p100;2402909.5;;;0.0473491251;0.0473491251
;US-WA;1989;p99.99p100;9044145.0;;;0.0178214107;0.0178214107
;US-WA;1989;p90p100;;;;0.3738500774;0.3738500774
;US-WA;1989;p90p91;189724.28125;;;;
;US-WA;1989;p95p96;263532.875;;;;
;US-WA;1989;p95p100;;;;0.2596446276;0.2596446276
;US-WA;1989;p99.5p100;940807.5625;;;0.0926926583;0.0926926583
;US-WA;1988;p0p100;49647.5585938;;1.04445812736e+11;;
;US-WA;1988;p99p100;629890.625;;;0.1268724203;0.1268724203
;US-WA;1988;p99.9p100;2485687.25;;;0.0500666574;0.0500666574
;US-WA;1988;p99.99p100;9410982.0;;;0.018955579;0.018955579
;US-WA;1988;p90p100;;;;0.3699782491;0.3699782491
;US-WA;1988;p90p91;183685.15625;;;;
;US-WA;1988;p95p96;256505.875;;;;
;US-WA;1988;p95p100;;;;0.2583267987;0.2583267987
;US-WA;1988;p99.5p100;952237.1875;;;0.0958997011;0.0958997011
;US-WA;1987;p0p100;48003.5507812;;97139269632.0;;
;US-WA;1987;p99p100;479328.1875;;;0.0998526514;0.0998526514
;US-WA;1987;p99.9p100;1641223.875;;;0.0341896378;0.0341896378
;US-WA;1987;p99.99p100;5656179.0;;;0.0117828352;0.0117828352
;US-WA;1987;p90p100;;;;0.3408027291;0.3408027291
;US-WA;1987;p90p91;163597.40625;;;;
;US-WA;1987;p95p96;218842.09375;;;;
;US-WA;1987;p95p100;;;;0.2279436588;0.2279436588
;US-WA;1987;p99.5p100;689507.8125;;;0.0718184188;0.0718184188
;US-WA;1986;p0p100;49517.796875;;99466723328.0;;
;US-WA;1986;p99p100;608815.75;;;0.1229488775;0.1229488775
;US-WA;1986;p99.9p100;2504219.75;;;0.0505721159;0.0505721159
;US-WA;1986;p99.99p100;10003034.0;;;0.0202008858;0.0202008858
;US-WA;1986;p90p100;;;;0.3573908806;0.3573908806
;US-WA;1986;p90p91;176972.109375;;;;
;US-WA;1986;p95p96;246832.46875;;;;
;US-WA;1986;p95p100;;;;0.2492361069;0.2492361069
;US-WA;1986;p99.5p100;929817.875;;;0.0938872397;0.0938872397
;US-WA;1985;p0p100;46309.5429688;;91385462784.0;;
;US-WA;1985;p99p100;421860.9375;;;0.0910958946;0.0910958946
;US-WA;1985;p99.9p100;1378794.5;;;0.0297734421;0.0297734421
;US-WA;1985;p99.99p100;4222514.0;;;0.0091180215;0.0091180215
;US-WA;1985;p90p100;;;;0.3293950558;0.3293950558
;US-WA;1985;p90p91;152541.34375;;;;
;US-WA;1985;p95p96;199622.84375;;;;
;US-WA;1985;p95p100;;;;0.2155310065;0.2155310065
;US-WA;1985;p99.5p100;592006.5625;;;0.0639184266;0.0639184266
;US-WA;1984;p0p100;44961.0078125;;87202619392.0;;
;US-WA;1984;p99p100;428100.53125;;;0.0952159613;0.0952159613
;US-WA;1984;p99.9p100;1555876.125;;;0.0346050113;0.0346050113
;US-WA;1984;p99.99p100;6051388.0;;;0.0134591917;0.0134591917
;US-WA;1984;p90p100;;;;0.330201745;0.330201745
;US-WA;1984;p90p91;148462.03125;;;;
;US-WA;1984;p95p96;197035.390625;;;;
;US-WA;1984;p95p100;;;;0.2191180885;0.2191180885
;US-WA;1984;p99.5p100;607370.0625;;;0.0675440952;0.0675440952
;US-WA;1983;p0p100;43216.3125;;82403737600.0;;
;US-WA;1983;p99p100;437214.96875;;;0.1011689827;0.1011689827
;US-WA;1983;p99.9p100;1694231.625;;;0.0392035246;0.0392035246
;US-WA;1983;p99.99p100;6885692.0;;;0.0159330871;0.0159330871
;US-WA;1983;p90p100;;;;0.3360527456;0.3360527456
;US-WA;1983;p90p91;145229.59375;;;;
;US-WA;1983;p95p96;195909.328125;;;;
;US-WA;1983;p95p100;;;;0.2266613394;0.2266613394
;US-WA;1983;p99.5p100;630468.75;;;0.072943382;0.072943382
;US-WA;1982;p0p100;45236.1757812;;83843022848.0;;
;US-WA;1982;p99p100;406434.125;;;0.0898471326;0.0898471326
;US-WA;1982;p99.9p100;1572070.25;;;0.0347524956;0.0347524956
;US-WA;1982;p99.99p100;6527285.5;;;0.0144293485;0.0144293485
;US-WA;1982;p90p100;;;;0.3274902403;0.3274902403
;US-WA;1982;p90p91;148144.0625;;;;
;US-WA;1982;p95p96;195830.96875;;;;
;US-WA;1982;p95p100;;;;0.2164539099;0.2164539099
;US-WA;1982;p99.5p100;599726.5;;;0.0662883669;0.0662883669
;US-WA;1981;p0p100;46315.9921875;;84955463680.0;;
;US-WA;1981;p99p100;366631.65625;;;0.0791587681;0.0791587681
;US-WA;1981;p99.9p100;1121299.625;;;0.0242097732;0.0242097732
;US-WA;1981;p99.99p100;3626946.75;;;0.0078308731;0.0078308731
;US-WA;1981;p90p100;;;;0.3165025115;0.3165025115
;US-WA;1981;p90p91;146591.28125;;;;
;US-WA;1981;p95p96;186806.46875;;;;
;US-WA;1981;p95p100;;;;0.2016651779;0.2016651779
;US-WA;1981;p99.5p100;512657.84375;;;0.055343505;0.055343505
;US-WA;1980;p0p100;47195.5664062;;84961787904.0;;
;US-WA;1980;p99p100;398639.53125;;;0.0844654664;0.0844654664
;US-WA;1980;p99.9p100;1222034.125;;;0.025892986;0.025892986
;US-WA;1980;p99.99p100;4249243.0;;;0.00900348;0.00900348
;US-WA;1980;p90p100;;;;0.3126266003;0.3126266003
;US-WA;1980;p90p91;147545.890625;;;;
;US-WA;1980;p95p96;196683.484375;;;;
;US-WA;1980;p95p100;;;;0.2083707154;0.2083707154
;US-WA;1980;p99.5p100;554953.625;;;0.058792986;0.058792986
;US-WA;1979;p0p100;49231.3671875;;82710142976.0;;
;US-WA;1979;p99p100;410921.6875;;;0.0834674537;0.0834674537
;US-WA;1979;p99.9p100;1358563.0;;;0.0275954735;0.0275954735
;US-WA;1979;p99.99p100;5609724.5;;;0.0113946144;0.0113946144
;US-WA;1979;p90p100;;;;0.3103806376;0.3103806376
;US-WA;1979;p90p91;152804.625;;;;
;US-WA;1979;p95p96;201973.234375;;;;
;US-WA;1979;p95p100;;;;0.2051265687;0.2051265687
;US-WA;1979;p99.5p100;577673.4375;;;0.0586692467;0.0586692467
;US-WA;1978;p0p100;44581.7929688;;76481486848.0;;
;US-WA;1978;p99p100;358111.375;;;0.0803268328;0.0803268328
;US-WA;1978;p99.9p100;1003899.0625;;;0.0225181412;0.0225181412
;US-WA;1978;p99.99p100;2980910.0;;;0.0066863843;0.0066863843
;US-WA;1978;p90p100;;;;0.3273612261;0.3273612261
;US-WA;1978;p90p91;145943.5;;;;
;US-WA;1978;p95p96;187911.390625;;;;
;US-WA;1978;p95p100;;;;0.210749045;0.210749045
;US-WA;1978;p99.5p100;481563.0625;;;0.0540089421;0.0540089421
;US-WA;1977;p0p100;42057.28125;;70251847680.0;;
;US-WA;1977;p99p100;339009.25;;;0.0806065574;0.0806065574
;US-WA;1977;p99.9p100;938702.5625;;;0.0223196205;0.0223196205
;US-WA;1977;p99.99p100;2670616.5;;;0.0063499506;0.0063499506
;US-WA;1977;p90p100;;;;0.3275954723;0.3275954723
;US-WA;1977;p90p91;137777.734375;;;;
;US-WA;1977;p95p96;177147.5625;;;;
;US-WA;1977;p95p100;;;;0.2106027305;0.2106027305
;US-WA;1977;p99.5p100;460275.3125;;;0.0547200553;0.0547200553
;US-WA;1976;p0p100;41396.8710938;;67370381312.0;;
;US-WA;1976;p99p100;327454.5625;;;0.0791012868;0.0791012868
;US-WA;1976;p99.9p100;850797.875;;;0.0205522273;0.0205522273
;US-WA;1976;p99.99p100;2389251.0;;;0.0057715741;0.0057715741
;US-WA;1976;p90p100;;;;0.3299452364;0.3299452364
;US-WA;1976;p90p91;136587.0;;;;
;US-WA;1976;p95p96;175094.484375;;;;
;US-WA;1976;p95p100;;;;0.2114827484;0.2114827484
;US-WA;1976;p99.5p100;430828.71875;;;0.0520363897;0.0520363897
;US-WA;1975;p0p100;39754.0742188;;63073116160.0;;
;US-WA;1975;p99p100;321378.09375;;;0.0808415487;0.0808415487
;US-WA;1975;p99.9p100;848558.5625;;;0.0213451963;0.0213451963
;US-WA;1975;p99.99p100;2441658.75;;;0.0061419085;0.0061419085
;US-WA;1975;p90p100;;;;0.3350583017;0.3350583017
;US-WA;1975;p90p91;133199.328125;;;;
;US-WA;1975;p95p96;170972.890625;;;;
;US-WA;1975;p95p100;;;;0.2150382102;0.2150382102
;US-WA;1975;p99.5p100;425292.46875;;;0.0534904227;0.0534904227
;US-WA;1974;p0p100;40397.5585938;;62467788800.0;;
;US-WA;1974;p99p100;352289.09375;;;0.0872055441;0.0872055441
;US-WA;1974;p99.9p100;1011346.1875;;;0.0250348356;0.0250348356
;US-WA;1974;p99.99p100;3132371.25;;;0.0077538625;0.0077538625
;US-WA;1974;p90p100;;;;0.3318168223;0.3318168223
;US-WA;1974;p90p91;134045.890625;;;;
;US-WA;1974;p95p96;175829.109375;;;;
;US-WA;1974;p95p100;;;;0.2176234424;0.2176234424
;US-WA;1974;p99.5p100;481154.46875;;;0.0595524199;0.0595524199
;US-WA;1973;p0p100;39936.828125;;60236435456.0;;
;US-WA;1973;p99p100;339642.78125;;;0.0850450024;0.0850450024
;US-WA;1973;p99.9p100;940876.25;;;0.023559114;0.023559114
;US-WA;1973;p99.99p100;3172145.25;;;0.0079429075;0.0079429075
;US-WA;1973;p90p100;;;;0.3346775174;0.3346775174
;US-WA;1973;p90p91;133659.578125;;;;
;US-WA;1973;p95p96;173978.703125;;;;
;US-WA;1973;p95p100;;;;0.2178173661;0.2178173661
;US-WA;1973;p99.5p100;461408.9375;;;0.0577673465;0.0577673465
;US-WA;1972;p0p100;38679.578125;;56886132736.0;;
;US-WA;1972;p99p100;320016.34375;;;0.0827352181;0.0827352181
;US-WA;1972;p99.9p100;947861.0625;;;0.0245054662;0.0245054662
;US-WA;1972;p99.99p100;3265889.75;;;0.0084434478;0.0084434478
;US-WA;1972;p90p100;;;;0.332046628;0.332046628
;US-WA;1972;p90p91;128434.242188;;;;
;US-WA;1972;p95p96;167721.890625;;;;
;US-WA;1972;p95p100;;;;0.2168093771;0.2168093771
;US-WA;1972;p99.5p100;436382.75;;;0.0564099699;0.0564099699
;US-WA;1971;p0p100;37995.8554688;;54428250112.0;;
;US-WA;1971;p99p100;305853.34375;;;0.0804964975;0.0804964975
;US-WA;1971;p99.9p100;865028.5;;;0.022766389;0.022766389
;US-WA;1971;p99.99p100;2729027.0;;;0.0071824333;0.0071824333
;US-WA;1971;p90p100;;;;0.3252732456;0.3252732456
;US-WA;1971;p90p91;123590.367188;;;;
;US-WA;1971;p95p96;158785.625;;;;
;US-WA;1971;p95p100;;;;0.2089512348;0.2089512348
;US-WA;1971;p99.5p100;413000.375;;;0.0543480776;0.0543480776
;US-WA;1970;p0p100;39297.7304688;;54727770112.0;;
;US-WA;1970;p99p100;294318.875;;;0.074894622;0.074894622
;US-WA;1970;p99.9p100;807135.0625;;;0.0205389727;0.0205389727
;US-WA;1970;p99.99p100;2432550.75;;;0.0061900537;0.0061900537
;US-WA;1970;p90p100;;;;0.3105703294;0.3105703294
;US-WA;1970;p90p91;122047.109375;;;;
;US-WA;1970;p95p96;155429.234375;;;;
;US-WA;1970;p95p100;;;;0.1977585256;0.1977585256
;US-WA;1970;p99.5p100;396738.3125;;;0.0504785217;0.0504785217
;US-WA;1969;p0p100;41532.4765625;;56850661376.0;;
;US-WA;1969;p99p100;344548.84375;;;0.0829588994;0.0829588994
;US-WA;1969;p99.9p100;1090555.75;;;0.0262579024;0.0262579024
;US-WA;1969;p99.99p100;4105222.5;;;0.0098843677;0.0098843677
;US-WA;1969;p90p100;;;;0.3165070713;0.3165070713
;US-WA;1969;p90p91;131453.21875;;;;
;US-WA;1969;p95p96;172686.265625;;;;
;US-WA;1969;p95p100;;;;0.2078930736;0.2078930736
;US-WA;1969;p99.5p100;470603.59375;;;0.0566548966;0.0566548966
;US-WA;1968;p0p100;41713.2773438;;56224899072.0;;
;US-WA;1968;p99p100;374427.90625;;;0.0897622854;0.0897622854
;US-WA;1968;p99.9p100;1171468.875;;;0.0280838367;0.0280838367
;US-WA;1968;p99.99p100;4023872.0;;;0.0096465023;0.0096465023
;US-WA;1968;p90p100;;;;0.3238611519;0.3238611519
;US-WA;1968;p90p91;135093.09375;;;;
;US-WA;1968;p95p96;179616.3125;;;;
;US-WA;1968;p95p100;;;;0.2152987272;0.2152987272
;US-WA;1968;p99.5p100;515215.59375;;;0.061756786;0.061756786
;US-WA;1967;p0p100;39498.4804688;;52412174336.0;;
;US-WA;1967;p99p100;346315.96875;;;0.0876782909;0.0876782909
;US-WA;1967;p99.9p100;1006786.3125;;;0.025489239;0.025489239
;US-WA;1967;p99.99p100;3144420.25;;;0.0079608625;0.0079608625
;US-WA;1967;p90p100;;;;0.3234987557;0.3234987557
;US-WA;1967;p90p91;127777.101562;;;;
;US-WA;1967;p95p96;167261.671875;;;;
;US-WA;1967;p95p100;;;;0.2117317617;0.2117317617
;US-WA;1967;p99.5p100;473319.8125;;;0.059916202;0.059916202
;US-WA;1966;p0p100;37299.8085938;;48679579648.0;;
;US-WA;1966;p99p100;314954.125;;;0.0844385475;0.0844385475
;US-WA;1966;p99.9p100;903020.5625;;;0.0242097937;0.0242097937
;US-WA;1966;p99.99p100;2799671.5;;;0.0075058606;0.0075058606
;US-WA;1966;p90p100;;;;0.3194955289;0.3194955289
;US-WA;1966;p90p91;119171.203125;;;;
;US-WA;1966;p95p96;155048.921875;;;;
;US-WA;1966;p95p100;;;;0.2078414708;0.2078414708
;US-WA;1966;p99.5p100;428515.8125;;;0.0574420951;0.0574420951
;US-WA;1965;p0p100;34230.4257812;;43907235840.0;;
;US-WA;1965;p99p100;305593.75;;;0.0892754793;0.0892754793
;US-WA;1965;p99.9p100;866329.4375;;;0.0253087543;0.0253087543
;US-WA;1965;p99.99p100;2765447.5;;;0.008078916;0.008078916
;US-WA;1965;p90p100;;;;0.3306394517;0.3306394517
;US-WA;1965;p90p91;113179.296875;;;;
;US-WA;1965;p95p96;148083.015625;;;;
;US-WA;1965;p95p100;;;;0.2163031995;0.2163031995
;US-WA;1965;p99.5p100;419165.3125;;;0.0612270124;0.0612270124
;US-WA;1964;p0p100;32793.9726562;;41302024192.0;;
;US-WA;1964;p99p100;294192.0;;;0.0897091702;0.0897091702
;US-WA;1964;p99.9p100;789321.8125;;;0.0240691155;0.0240691155
;US-WA;1964;p99.99p100;2585194.5;;;0.0078831399;0.0078831399
;US-WA;1964;p90p100;;;;0.3319337666;0.3319337666
;US-WA;1964;p90p91;108854.257812;;;;
;US-WA;1964;p95p96;142269.46875;;;;
;US-WA;1964;p95p100;;;;0.2169140577;0.2169140577
;US-WA;1964;p99.5p100;400058.15625;;;0.0609956868;0.0609956868
;US-WA;1963;p0p100;32133.9628906;;39680376832.0;;
;US-WA;1963;p99p100;263602.84375;;;0.082032457;0.082032457
;US-WA;1963;p99.9p100;744336.5;;;0.0231635422;0.0231635422
;US-WA;1963;p99.99p100;2232487.75;;;0.0069474387;0.0069474387
;US-WA;1963;p90p100;;;;0.3189996183;0.3189996183
;US-WA;1963;p90p91;102507.234375;;;;
;US-WA;1963;p95p96;133147.59375;;;;
;US-WA;1963;p95p100;;;;0.2071757764;0.2071757764
;US-WA;1963;p99.5p100;357329.09375;;;0.0555999018;0.0555999018
;US-WA;1962;p0p100;32165.8320312;;38922973184.0;;
;US-WA;1962;p99p100;257204.578125;;;0.079962045;0.079962045
;US-WA;1962;p99.9p100;712761.75;;;0.0221589711;0.0221589711
;US-WA;1962;p99.99p100;1923599.875;;;0.0059802588;0.0059802588
;US-WA;1962;p90p100;;;;0.3137875795;0.3137875795
;US-WA;1962;p90p91;100932.382812;;;;
;US-WA;1962;p95p96;130424.085938;;;;
;US-WA;1962;p95p100;;;;0.2027370036;0.2027370036
;US-WA;1962;p99.5p100;347246.75;;;0.0539775826;0.0539775826
;US-WA;1961;p0p100;31043.6953125;;36773982208.0;;
;US-WA;1961;p99p100;262932.34375;;;0.0846974924;0.0846974924
;US-WA;1961;p99.9p100;748349.0;;;0.024106307;0.024106307
;US-WA;1961;p99.99p100;2057415.25;;;0.006627481;0.006627481
;US-WA;1961;p90p100;;;;0.3232802153;0.3232802153
;US-WA;1961;p90p91;100358.132812;;;;
;US-WA;1961;p95p96;131440.203125;;;;
;US-WA;1961;p95p100;;;;0.2117018998;0.2117018998
;US-WA;1961;p99.5p100;357801.65625;;;0.0576287061;0.0576287061
;US-WA;1960;p0p100;30131.6679688;;34898554880.0;;
;US-WA;1960;p99p100;240109.484375;;;0.0796867535;0.0796867535
;US-WA;1960;p99.9p100;676917.4375;;;0.0224653166;0.0224653166
;US-WA;1960;p99.99p100;2097534.5;;;0.0069612297;0.0069612297
;US-WA;1960;p90p100;;;;0.3121621907;0.3121621907
;US-WA;1960;p90p91;94059.671875;;;;
;US-WA;1960;p95p96;120054.914062;;;;
;US-WA;1960;p95p100;;;;0.1992171705;0.1992171705
;US-WA;1960;p99.5p100;325690.78125;;;0.0540445969;0.0540445969
;US-WA;1959;p0p100;30134.2792969;;34702200832.0;;
;US-WA;1959;p99p100;264524.15625;;;0.0877818018;0.0877818018
;US-WA;1959;p99.9p100;781583.5;;;0.0259366892;0.0259366892
;US-WA;1959;p99.99p100;2325460.75;;;0.0077169947;0.0077169947
;US-WA;1959;p90p100;;;;0.3185800314;0.3185800314
;US-WA;1959;p90p91;96001.8046875;;;;
;US-WA;1959;p95p96;126434.90625;;;;
;US-WA;1959;p95p100;;;;0.209785834;0.209785834
;US-WA;1959;p99.5p100;369967.84375;;;0.0613865405;0.0613865405
;US-WA;1958;p0p100;28313.0664062;;32383037440.0;;
;US-WA;1958;p99p100;251111.796875;;;0.0886911228;0.0886911228
;US-WA;1958;p99.9p100;704145.125;;;0.0248699691;0.0248699691
;US-WA;1958;p99.99p100;1746413.25;;;0.006168223;0.006168223
;US-WA;1958;p90p100;;;;0.3244470954;0.3244470954
;US-WA;1958;p90p91;91860.9296875;;;;
;US-WA;1958;p95p96;121157.671875;;;;
;US-WA;1958;p95p100;;;;0.2139607072;0.2139607072
;US-WA;1958;p99.5p100;345438.0625;;;0.0610032901;0.0610032901
;US-WA;1957;p0p100;29071.6914062;;33016973312.0;;
;US-WA;1957;p99p100;243354.125;;;0.0837082863;0.0837082863
;US-WA;1957;p99.9p100;647813.125;;;0.022283297;0.022283297
;US-WA;1957;p99.99p100;1618731.875;;;0.0055680689;0.0055680689
;US-WA;1957;p90p100;;;;0.3085051775;0.3085051775
;US-WA;1957;p90p91;89687.6640625;;;;
;US-WA;1957;p95p96;118420.84375;;;;
;US-WA;1957;p95p100;;;;0.2036703974;0.2036703974
;US-WA;1957;p99.5p100;330469.0625;;;0.056836918;0.056836918
;US-WA;1956;p0p100;28876.6738281;;32513003520.0;;
;US-WA;1956;p99p100;247857.40625;;;0.0858330801;0.0858330801
;US-WA;1956;p99.9p100;771141.375;;;0.0267046448;0.0267046448
;US-WA;1956;p99.99p100;2438687.25;;;0.00844518;0.00844518
;US-WA;1956;p90p100;;;;0.3111682236;0.3111682236
;US-WA;1956;p90p91;89855.0390625;;;;
;US-WA;1956;p95p96;118918.0;;;;
;US-WA;1956;p95p100;;;;0.2059066743;0.2059066743
;US-WA;1956;p99.5p100;345972.40625;;;0.0599051639;0.0599051639
;US-WA;1955;p0p100;28709.8125;;32049973248.0;;
;US-WA;1955;p99p100;262812.3125;;;0.0915409178;0.0915409178
;US-WA;1955;p99.9p100;797331.1875;;;0.0277720746;0.0277720746
;US-WA;1955;p99.99p100;2531825.0;;;0.0088186739;0.0088186739
;US-WA;1955;p90p100;;;;0.3130795956;0.3130795956
;US-WA;1955;p90p91;89884.578125;;;;
;US-WA;1955;p95p96;120298.039062;;;;
;US-WA;1955;p95p100;;;;0.2095067948;0.2095067948
;US-WA;1955;p99.5p100;371663.375;;;0.064727582;0.064727582
;US-WA;1954;p0p100;27606.7773438;;30552236032.0;;
;US-WA;1954;p99p100;235277.703125;;;0.085224621;0.085224621
;US-WA;1954;p99.9p100;703770.0625;;;0.025492657;0.025492657
;US-WA;1954;p99.99p100;2645410.0;;;0.0095824655;0.0095824655
;US-WA;1954;p90p100;;;;0.2658398449;0.2658398449
;US-WA;1954;p90p91;73389.8125;;;;
;US-WA;1954;p95p96;102968.945312;;;;
;US-WA;1954;p95p100;;;;0.18649216;0.18649216
;US-WA;1954;p99.5p100;323399.4375;;;0.0585724711;0.0585724711
;US-WA;1953;p0p100;27260.0253906;;29903693824.0;;
;US-WA;1953;p99p100;227608.28125;;;0.0834952667;0.0834952667
;US-WA;1953;p99.9p100;619283.5;;;0.0227176435;0.0227176435
;US-WA;1953;p99.99p100;1768567.375;;;0.0064877691;0.0064877691
;US-WA;1953;p90p100;;;;0.2632083893;0.2632083893
;US-WA;1953;p90p91;71750.671875;;;;
;US-WA;1953;p95p96;99994.2890625;;;;
;US-WA;1953;p95p100;;;;0.1834082901;0.1834082901
;US-WA;1953;p99.5p100;310871.03125;;;0.0570195802;0.0570195802
;US-WA;1952;p0p100;26517.2636719;;28856924160.0;;
;US-WA;1952;p99p100;242350.46875;;;0.0913934708;0.0913934708
;US-WA;1952;p99.9p100;670009.125;;;0.0252669007;0.0252669007
;US-WA;1952;p99.99p100;1910490.75;;;0.0072047054;0.0072047054
;US-WA;1952;p90p100;;;;0.2955535948;0.2955535948
;US-WA;1952;p90p91;78372.734375;;;;
;US-WA;1952;p95p96;102958.1875;;;;
;US-WA;1952;p95p100;;;;0.1941342503;0.1941342503
;US-WA;1952;p99.5p100;332210.0625;;;0.0626403317;0.0626403317
;US-WA;1951;p0p100;25904.4785156;;27943839744.0;;
;US-WA;1951;p99p100;273250.0625;;;0.1054837257;0.1054837257
;US-WA;1951;p99.9p100;834812.5625;;;0.0322265774;0.0322265774
;US-WA;1951;p99.99p100;2662484.25;;;0.0102780852;0.0102780852
;US-WA;1951;p90p100;;;;0.3003807068;0.3003807068
;US-WA;1951;p90p91;77812.0546875;;;;
;US-WA;1951;p95p96;109439.328125;;;;
;US-WA;1951;p95p100;;;;0.2112363279;0.2112363279
;US-WA;1951;p99.5p100;388150.53125;;;0.0749195889;0.0749195889
;US-WA;1950;p0p100;24969.4609375;;26698536960.0;;
;US-WA;1950;p99p100;271264.4375;;;0.1086384803;0.1086384803
;US-WA;1950;p99.9p100;846175.625;;;0.0338884182;0.0338884182
;US-WA;1950;p99.99p100;2047127.5;;;0.0081985239;0.0081985239
;US-WA;1950;p90p100;;;;0.302025944;0.302025944
;US-WA;1950;p90p91;75414.25;;;;
;US-WA;1950;p95p96;105576.914062;;;;
;US-WA;1950;p95p100;;;;0.2114120871;0.2114120871
;US-WA;1950;p99.5p100;387857.375;;;0.0776663497;0.0776663497
;US-WA;1949;p0p100;22948.7402344;;23930814464.0;;
;US-WA;1949;p99p100;217758.234375;;;0.0948889777;0.0948889777
;US-WA;1949;p99.9p100;641805.25;;;0.0279669054;0.0279669054
;US-WA;1949;p99.99p100;1686593.375;;;0.0073493947;0.0073493947
;US-WA;1949;p90p100;;;;0.2901500463;0.2901500463
;US-WA;1949;p90p91;66585.7734375;;;;
;US-WA;1949;p95p96;91102.59375;;;;
;US-WA;1949;p95p100;;;;0.1984914988;0.1984914988
;US-WA;1949;p99.5p100;309147.5;;;0.0673561022;0.0673561022
;US-WA;1948;p0p100;23729.6757812;;24204183552.0;;
;US-WA;1948;p99p100;260146.625;;;0.1096292436;0.1096292436
;US-WA;1948;p99.9p100;798669.0;;;0.0336569734;0.0336569734
;US-WA;1948;p99.99p100;2214461.5;;;0.0093320338;0.0093320338
;US-WA;1948;p90p100;;;;0.3017270565;0.3017270565
;US-WA;1948;p90p91;71598.8515625;;;;
;US-WA;1948;p95p96;101639.828125;;;;
;US-WA;1948;p95p100;;;;0.214161858;0.214161858
;US-WA;1948;p99.5p100;370563.0;;;0.0780800804;0.0780800804
;US-WA;1947;p0p100;23151.6484375;;23094544384.0;;
;US-WA;1947;p99p100;219294.78125;;;0.0947210193;0.0947210193
;US-WA;1947;p99.9p100;674098.1875;;;0.0291166361;0.0291166361
;US-WA;1947;p99.99p100;2076356.25;;;0.0089685023;0.0089685023
;US-WA;1947;p90p100;;;;0.2718752623;0.2718752623
;US-WA;1947;p90p91;62943.6132812;;;;
;US-WA;1947;p95p96;86835.3359375;;;;
;US-WA;1947;p95p100;;;;0.1875359565;0.1875359565
;US-WA;1947;p99.5p100;312142.8125;;;0.0674126521;0.0674126521
;US-WA;1946;p0p100;24823.1308594;;24164417536.0;;
;US-WA;1946;p99p100;236860.53125;;;0.0954192877;0.0954192877
;US-WA;1946;p99.9p100;724947.4375;;;0.0292045157;0.0292045157
;US-WA;1946;p99.99p100;1992482.375;;;0.0080267172;0.0080267172
;US-WA;1946;p90p100;;;;0.2663710117;0.2663710117
;US-WA;1946;p90p91;66121.6171875;;;;
;US-WA;1946;p95p96;93039.4765625;;;;
;US-WA;1946;p95p100;;;;0.1874047965;0.1874047965
;US-WA;1946;p99.5p100;339359.0625;;;0.0683554113;0.0683554113
;US-WA;1945;p0p100;27264.5390625;;26123962368.0;;
;US-WA;1945;p99p100;226423.171875;;;0.0830467641;0.0830467641
;US-WA;1945;p99.9p100;687055.0625;;;0.0251995865;0.0251995865
;US-WA;1945;p99.99p100;1664853.375;;;0.0061062961;0.0061062961
;US-WA;1945;p90p100;;;;0.2405927628;0.2405927628
;US-WA;1945;p90p91;65596.5078125;;;;
;US-WA;1945;p95p96;90606.078125;;;;
;US-WA;1945;p95p100;;;;0.1661610156;0.1661610156
;US-WA;1945;p99.5p100;327058.46875;;;0.059978731;0.059978731
;US-WA;1944;p0p100;29312.6660156;;27622367232.0;;
;US-WA;1944;p99p100;279371.46875;;;0.0953074247;0.0953074247
;US-WA;1944;p99.9p100;914164.0625;;;0.0311866589;0.0311866589
;US-WA;1944;p99.99p100;2711447.5;;;0.0092500877;0.0092500877
;US-WA;1944;p90p100;;;;0.27226758;0.27226758
;US-WA;1944;p90p91;79808.890625;;;;
;US-WA;1944;p95p96;112684.320312;;;;
;US-WA;1944;p95p100;;;;0.1922109574;0.1922109574
;US-WA;1944;p99.5p100;405644.34375;;;0.0691926703;0.0691926703
;US-WA;1943;p0p100;29485.8769531;;27292358656.0;;
;US-WA;1943;p99p100;282287.21875;;;0.0957364216;0.0957364216
;US-WA;1943;p99.9p100;915738.75;;;0.0310568605;0.0310568605
;US-WA;1943;p99.99p100;2309387.5;;;0.0078321816;0.0078321816
;US-WA;1943;p90p100;;;;0.2662565112;0.2662565112
;US-WA;1943;p90p91;78508.0625;;;;
;US-WA;1943;p95p96;112862.195312;;;;
;US-WA;1943;p95p100;;;;0.191383481;0.191383481
;US-WA;1943;p99.5p100;408108.71875;;;0.0692040995;0.0692040995
;US-WA;1942;p0p100;23573.5117188;;21390004224.0;;
;US-WA;1942;p99p100;243876.796875;;;0.103453733;0.103453733
;US-WA;1942;p99.9p100;811041.8125;;;0.0344047956;0.0344047956
;US-WA;1942;p99.99p100;2433057.0;;;0.0103211477;0.0103211477
;US-WA;1942;p90p100;;;;0.298188597;0.298188597
;US-WA;1942;p90p91;70293.53125;;;;
;US-WA;1942;p95p96;97967.5546875;;;;
;US-WA;1942;p95p100;;;;0.2077915967;0.2077915967
;US-WA;1942;p99.5p100;356632.03125;;;0.0756425261;0.0756425261
;US-WA;1941;p0p100;17440.5136719;;15556676608.0;;
;US-WA;1941;p99p100;210836.984375;;;0.1208892092;0.1208892092
;US-WA;1941;p99.9p100;719777.0625;;;0.0412704051;0.0412704051
;US-WA;1941;p99.99p100;2267720.75;;;0.0130026033;0.0130026033
;US-WA;1941;p90p100;;;;0.3695682585;0.3695682585
;US-WA;1941;p90p91;64454.6015625;;;;
;US-WA;1941;p95p96;88119.328125;;;;
;US-WA;1941;p95p100;;;;0.252628237;0.252628237
;US-WA;1941;p99.5p100;308862.28125;;;0.0885473564;0.0885473564
;US-WA;1940;p0p100;13863.7197266;;12169088000.0;;
;US-WA;1940;p99p100;170378.703125;;;0.1228953823;0.1228953823
;US-WA;1940;p99.9p100;535922.0625;;;0.0386564434;0.0386564434
;US-WA;1940;p99.99p100;1548608.625;;;0.0111702252;0.0111702252
;US-WA;1940;p90p100;;;;0.419824928;0.419824928
;US-WA;1940;p90p91;58203.3515625;;;;
;US-WA;1940;p95p96;78028.6640625;;;;
;US-WA;1940;p95p100;;;;0.2814131677;0.2814131677
;US-WA;1940;p99.5p100;241241.203125;;;0.0870045051;0.0870045051
;US-WA;1939;p0p100;13249.6113281;;11345652736.0;;
;US-WA;1939;p99p100;151159.03125;;;0.1140856296;0.1140856296
;US-WA;1939;p99.9p100;456742.4375;;;0.0344721377;0.0344721377
;US-WA;1939;p99.99p100;1274260.75;;;0.0096173445;0.0096173445
;US-WA;1939;p90p100;;;;0.4170665443;0.4170665443
;US-WA;1939;p90p91;55259.6953125;;;;
;US-WA;1939;p95p96;73742.9296875;;;;
;US-WA;1939;p95p100;;;;0.2782833576;0.2782833576
;US-WA;1939;p99.5p100;206968.03125;;;0.0781034306;0.0781034306
;US-WA;1938;p0p100;12618.1474609;;10555479040.0;;
;US-WA;1938;p99p100;138781.4375;;;0.1099855974;0.1099855974
;US-WA;1938;p99.9p100;412465.75;;;0.0326883011;0.0326883011
;US-WA;1938;p99.99p100;1230014.375;;;0.0097479792;0.0097479792
;US-WA;1938;p90p100;;;;0.4093652964;0.4093652964
;US-WA;1938;p90p91;51654.3125;;;;
;US-WA;1938;p95p96;69049.0859375;;;;
;US-WA;1938;p95p100;;;;0.2736102641;0.2736102641
;US-WA;1938;p99.5p100;188439.375;;;0.074669987;0.074669987
;US-WA;1937;p0p100;12881.5908203;;10531277824.0;;
;US-WA;1937;p99p100;167777.203125;;;0.1302457303;0.1302457303
;US-WA;1937;p99.9p100;543468.0;;;0.0421895161;0.0421895161
;US-WA;1937;p99.99p100;1555843.375;;;0.0120780384;0.0120780384
;US-WA;1937;p90p100;;;;0.4243747592;0.4243747592
;US-WA;1937;p90p91;54666.2148438;;;;
;US-WA;1937;p95p96;76158.90625;;;;
;US-WA;1937;p95p100;;;;0.2956114411;0.2956114411
;US-WA;1937;p99.5p100;238044.796875;;;0.0923972875;0.0923972875
;US-WA;1936;p0p100;12788.7939453;;10236150784.0;;
;US-WA;1936;p99p100;176556.53125;;;0.1380556524;0.1380556524
;US-WA;1936;p99.9p100;579799.375;;;0.0453365184;0.0453365184
;US-WA;1936;p99.99p100;1602962.25;;;0.0125341173;0.0125341173
;US-WA;1936;p90p100;;;;0.4325799048;0.4325799048
;US-WA;1936;p90p91;55321.7460938;;;;
;US-WA;1936;p95p96;78345.859375;;;;
;US-WA;1936;p95p100;;;;0.30630669;0.30630669
;US-WA;1936;p99.5p100;252033.515625;;;0.0985368714;0.0985368714
;US-WA;1935;p0p100;11221.8574219;;8791468032.0;;
;US-WA;1935;p99p100;137360.015625;;;0.1224039868;0.1224039868
;US-WA;1935;p99.9p100;409505.6875;;;0.0364917889;0.0364917889
;US-WA;1935;p99.99p100;1113581.75;;;0.0099233277;0.0099233277
;US-WA;1935;p90p100;;;;0.4313441217;0.4313441217
;US-WA;1935;p90p91;48404.8242188;;;;
;US-WA;1935;p95p96;66948.6484375;;;;
;US-WA;1935;p95p100;;;;0.2982957363;0.2982957363
;US-WA;1935;p99.5p100;187888.03125;;;0.0837152004;0.0837152004
;US-WA;1934;p0p100;10343.8662109;;7927116288.0;;
;US-WA;1934;p99p100;121169.960938;;;0.1171418354;0.1171418354
;US-WA;1934;p99.9p100;347069.53125;;;0.0335531719;0.0335531719
;US-WA;1934;p99.99p100;921883.1875;;;0.008912365;0.008912365
;US-WA;1934;p90p100;;;;0.4102377594;0.4102377594
;US-WA;1934;p90p91;42434.4453125;;;;
;US-WA;1934;p95p96;60468.015625;;;;
;US-WA;1934;p95p100;;;;0.2922891974;0.2922891974
;US-WA;1934;p99.5p100;164015.828125;;;0.0792816803;0.0792816803
;US-WA;1933;p0p100;9294.5390625;;6972240896.0;;
;US-WA;1933;p99p100;103106.460938;;;0.110932298;0.110932298
;US-WA;1933;p99.9p100;284793.8125;;;0.0306409821;0.0306409821
;US-WA;1933;p99.99p100;840014.375;;;0.0090377191;0.0090377191
;US-WA;1933;p90p100;;;;0.429929018;0.429929018
;US-WA;1933;p90p91;39959.921875;;;;
;US-WA;1933;p95p96;55149.5546875;;;;
;US-WA;1933;p95p100;;;;0.296677202;0.296677202
;US-WA;1933;p99.5p100;137441.953125;;;0.0739369318;0.0739369318
;US-WA;1932;p0p100;9747.81835938;;7160763392.0;;
;US-WA;1932;p99p100;102212.460938;;;0.1048567444;0.1048567444
;US-WA;1932;p99.9p100;275745.6875;;;0.028287936;0.028287936
;US-WA;1932;p99.99p100;831776.875;;;0.0085329534;0.0085329534
;US-WA;1932;p90p100;;;;0.4197531044;0.4197531044
;US-WA;1932;p90p91;40916.7734375;;;;
;US-WA;1932;p95p96;55248.2226562;;;;
;US-WA;1932;p95p100;;;;0.2833876014;0.2833876014
;US-WA;1932;p99.5p100;133959.5;;;0.0687125474;0.0687125474
;US-WA;1931;p0p100;11780.2822266;;8470237696.0;;
;US-WA;1931;p99p100;131209.125;;;0.111380294;0.111380294
;US-WA;1931;p99.9p100;372752.75;;;0.0316420905;0.0316420905
;US-WA;1931;p99.99p100;1225735.125;;;0.0104049724;0.0104049724
;US-WA;1931;p90p100;;;;0.4321119785;0.4321119785
;US-WA;1931;p90p91;50904.0078125;;;;
;US-WA;1931;p95p96;67869.2734375;;;;
;US-WA;1931;p95p100;;;;0.2880630493;0.2880630493
;US-WA;1931;p99.5p100;176433.96875;;;0.0748852864;0.0748852864
;US-WA;1930;p0p100;13808.515625;;9705092096.0;;
;US-WA;1930;p99p100;163137.78125;;;0.118142873;0.118142873
;US-WA;1930;p99.9p100;555842.5;;;0.0402535982;0.0402535982
;US-WA;1930;p99.99p100;2132305.5;;;0.0154419597;0.0154419597
;US-WA;1930;p90p100;;;;0.4063070416;0.4063070416
;US-WA;1930;p90p91;56104.9804688;;;;
;US-WA;1930;p95p96;76528.7265625;;;;
;US-WA;1930;p95p100;;;;0.2771069705;0.2771069705
;US-WA;1930;p99.5p100;230184.125;;;0.0833486095;0.0833486095
;US-WA;1929;p0p100;15809.1591797;;10959674368.0;;
;US-WA;1929;p99p100;229269.046875;;;0.1450229436;0.1450229436
;US-WA;1929;p99.9p100;994891.25;;;0.0629313216;0.0629313216
;US-WA;1929;p99.99p100;4892538.0;;;0.0309474915;0.0309474915
;US-WA;1929;p90p100;;;;0.4052011371;0.4052011371
;US-WA;1929;p90p91;64058.8867188;;;;
;US-WA;1929;p95p96;92865.0703125;;;;
;US-WA;1929;p95p100;;;;0.2937065661;0.2937065661
;US-WA;1929;p99.5p100;347860.78125;;;0.11001876;0.11001876
;US-WA;1928;p0p100;12979.8271484;;8877332480.0;;
;US-WA;1928;p99p100;197766.921875;;;0.15236485;0.15236485
;US-WA;1928;p99.9p100;709376.0625;;;0.0546521991;0.0546521991
;US-WA;1928;p99.99p100;2401785.75;;;0.01850399;0.01850399
;US-WA;1928;p90p100;;;;0.4489332139;0.4489332139
;US-WA;1928;p90p91;58270.7578125;;;;
;US-WA;1928;p95p96;83762.6484375;;;;
;US-WA;1928;p95p100;;;;0.3226647377;0.3226647377
;US-WA;1928;p99.5p100;287881.90625;;;0.110895887;0.110895887
;US-WA;1927;p0p100;12693.7763672;;8547666432.0;;
;US-WA;1927;p99p100;167343.046875;;;0.1318307817;0.1318307817
;US-WA;1927;p99.9p100;538787.625;;;0.0424450189;0.0424450189
;US-WA;1927;p99.99p100;1675510.0;;;0.0131994607;0.0131994607
;US-WA;1927;p90p100;;;;0.4339102209;0.4339102209
;US-WA;1927;p90p91;55079.59375;;;;
;US-WA;1927;p95p96;77805.2578125;;;;
;US-WA;1927;p95p100;;;;0.3064700663;0.3064700663
;US-WA;1927;p99.5p100;235200.953125;;;0.0926441997;0.0926441997
;US-WA;1926;p0p100;12398.5322266;;8206372352.0;;
;US-WA;1926;p99p100;162017.46875;;;0.1306747198;0.1306747198
;US-WA;1926;p99.9p100;513772.46875;;;0.0414381735;0.0414381735
;US-WA;1926;p99.99p100;1581864.25;;;0.0127584813;0.0127584813
;US-WA;1926;p90p100;;;;0.4294564724;0.4294564724
;US-WA;1926;p90p91;53246.296875;;;;
;US-WA;1926;p95p96;74923.65625;;;;
;US-WA;1926;p95p100;;;;0.3021472991;0.3021472991
;US-WA;1926;p99.5p100;226948.671875;;;0.0915224031;0.0915224031
;US-WA;1925;p0p100;13580.4609375;;8837970944.0;;
;US-WA;1925;p99p100;162139.03125;;;0.1193913966;0.1193913966
;US-WA;1925;p99.9p100;509851.4375;;;0.0375430137;0.0375430137
;US-WA;1925;p99.99p100;1474532.375;;;0.0108577497;0.0108577497
;US-WA;1925;p90p100;;;;0.4126976728;0.4126976728
;US-WA;1925;p90p91;56046.2460938;;;;
;US-WA;1925;p95p96;75198.8984375;;;;
;US-WA;1925;p95p100;;;;0.27686432;0.27686432
;US-WA;1925;p99.5p100;227453.84375;;;0.0837430507;0.0837430507
;US-WA;1924;p0p100;15852.4150391;;10127178752.0;;
;US-WA;1924;p99p100;144822.203125;;;0.0913565457;0.0913565457
;US-WA;1924;p99.9p100;443541.65625;;;0.0279794391;0.0279794391
;US-WA;1924;p99.99p100;1156984.0;;;0.0072984714;0.0072984714
;US-WA;1924;p90p100;;;;0.3578021824;0.3578021824
;US-WA;1924;p90p91;56720.2851562;;;;
;US-WA;1924;p95p96;72299.75;;;;
;US-WA;1924;p95p100;;;;0.2280401886;0.2280401886
;US-WA;1924;p99.5p100;201892.46875;;;0.0636787713;0.0636787713
;US-WA;1923;p0p100;14515.2119141;;9063958528.0;;
;US-WA;1923;p99p100;131183.53125;;;0.0903765932;0.0903765932
;US-WA;1923;p99.9p100;424569.9375;;;0.0292499997;0.0292499997
;US-WA;1923;p99.99p100;1075767.75;;;0.0074113128;0.0074113128
;US-WA;1923;p90p100;;;;0.3462029099;0.3462029099
;US-WA;1923;p90p91;50252.0898438;;;;
;US-WA;1923;p95p96;65205.9960938;;;;
;US-WA;1923;p95p100;;;;0.2246126086;0.2246126086
;US-WA;1923;p99.5p100;187551.65625;;;0.0646052063;0.0646052063
;US-WA;1922;p0p100;13140.7568359;;8036272640.0;;
;US-WA;1922;p99p100;128338.460938;;;0.0976644382;0.0976644382
;US-WA;1922;p99.9p100;401714.15625;;;0.0305700954;0.0305700954
;US-WA;1922;p99.99p100;1134934.25;;;0.0086367512;0.0086367512
;US-WA;1922;p90p100;;;;0.3615266681;0.3615266681
;US-WA;1922;p90p91;47507.3359375;;;;
;US-WA;1922;p95p96;63308.328125;;;;
;US-WA;1922;p95p100;;;;0.2408854067;0.2408854067
;US-WA;1922;p99.5p100;179734.84375;;;0.0683883205;0.0683883205
;US-WA;1921;p0p100;10822.0488281;;6502249984.0;;
;US-WA;1921;p99p100;109974.734375;;;0.101621002;0.101621002
;US-WA;1921;p99.9p100;333822.15625;;;0.0308464877;0.0308464877
;US-WA;1921;p99.99p100;992027.9375;;;0.0091667306;0.0091667306
;US-WA;1921;p90p100;;;;0.3896624148;0.3896624148
;US-WA;1921;p90p91;42169.4492188;;;;
;US-WA;1921;p95p96;56281.25;;;;
;US-WA;1921;p95p100;;;;0.260030508;0.260030508
;US-WA;1921;p99.5p100;152254.265625;;;0.0703444779;0.0703444779
;US-WA;1920;p0p100;14513.8300781;;8519772160.0;;
;US-WA;1920;p99p100;125734.195312;;;0.0866306126;0.0866306126
;US-WA;1920;p99.9p100;385182.0625;;;0.0265389699;0.0265389699
;US-WA;1920;p99.99p100;1171382.75;;;0.0080708042;0.0080708042
;US-WA;1920;p90p100;;;;0.2973038256;0.2973038256
;US-WA;1920;p90p91;43150.1679688;;;;
;US-WA;1920;p95p96;58199.1015625;;;;
;US-WA;1920;p95p100;;;;0.2004953325;0.2004953325
;US-WA;1920;p99.5p100;176541.625;;;0.0608184189;0.0608184189
;US-WA;1919;p0p100;16840.984375;;9579691008.0;;
;US-WA;1919;p99p100;180436.640625;;;0.107141383;0.107141383
;US-WA;1919;p99.9p100;590914.875;;;0.0350879021;0.0350879021
;US-WA;1919;p99.99p100;1880253.625;;;0.011164749;0.011164749
;US-WA;1919;p90p100;;;;0.3217255175;0.3217255175
;US-WA;1919;p90p91;54181.7460938;;;;
;US-WA;1919;p95p96;76979.7421875;;;;
;US-WA;1919;p95p100;;;;0.2285488248;0.2285488248
;US-WA;1919;p99.5p100;257464.46875;;;0.07643985;0.07643985
;US-WA;1918;p0p100;17466.8984375;;9684275200.0;;
;US-WA;1918;p99p100;168697.140625;;;0.0965810567;0.0965810567
;US-WA;1918;p99.9p100;557115.1875;;;0.0318954848;0.0318954848
;US-WA;1918;p99.99p100;1796786.25;;;0.010286808;0.010286808
;US-WA;1918;p90p100;;;;0.3139804304;0.3139804304
;US-WA;1918;p90p91;54842.640625;;;;
;US-WA;1918;p95p96;73361.515625;;;;
;US-WA;1918;p95p100;;;;0.2100015581;0.2100015581
;US-WA;1918;p99.5p100;242874.828125;;;0.069524318;0.069524318
;US-WA;1917;p0p100;14029.3046875;;7681445376.0;;
